TIME,R_001_v000,R_004_v000,R_005_v000,R_006_v000,R_007_v000,R_008_v000,R_010_v000
2025-01-01 00:01:00,0.9068683,0.8953416,0.89777625,0.90015966,0.9024808,0.90473044,0.9069013
2025-01-01 00:02:00,0.90688086,0.8953533,0.8977868,0.9001687,0.9024881,0.90473586,0.90690464
2025-01-01 00:03:00,0.9068934,0.895365,0.8977973,0.9001778,0.90249544,0.90474117,0.90690786
2025-01-01 00:04:00,0.9069059,0.8953766,0.8978078,0.9001868,0.90250266,0.9047465,0.9069111
2025-01-01 00:05:00,0.90691835,0.8953883,0.8978182,0.9001957,0.90250987,0.9047517,0.90691423
2025-01-01 00:06:00,0.9069308,0.89539987,0.89782864,0.9002046,0.902517,0.90475696,0.90691733
2025-01-01 00:07:00,0.90694326,0.8954115,0.897839,0.9002135,0.9025241,0.9047621,0.9069203
2025-01-01 00:08:00,0.9069557,0.895423,0.8978494,0.9002223,0.9025312,0.90476716,0.9069233
2025-01-01 00:09:00,0.9069681,0.89543456,0.89785963,0.9002311,0.90253824,0.9047722,0.9069262
2025-01-01 00:10:00,0.9069805,0.89544606,0.89786994,0.9002398,0.90254515,0.90477717,0.9069291
2025-01-01 00:11:00,0.9069929,0.8954575,0.89788014,0.9002485,0.90255207,0.9047821,0.9069319
2025-01-01 00:12:00,0.90700525,0.89546895,0.8978903,0.9002572,0.902559,0.904787,0.9069346
2025-01-01 00:13:00,0.9070176,0.8954804,0.8979005,0.9002658,0.9025658,0.90479183,0.9069373
2025-01-01 00:14:00,0.9070299,0.8954918,0.89791065,0.9002744,0.9025725,0.9047966,0.90694
2025-01-01 00:15:00,0.9070422,0.8955031,0.8979207,0.9002829,0.90257925,0.9048013,0.90694255
2025-01-01 00:16:00,0.9070545,0.8955144,0.8979308,0.9002914,0.9025859,0.90480596,0.90694505
2025-01-01 00:17:00,0.90706676,0.89552575,0.8979408,0.90029985,0.90259254,0.9048106,0.90694755
2025-01-01 00:18:00,0.90707904,0.895537,0.89795077,0.9003082,0.9025991,0.90481514,0.90694994
2025-01-01 00:19:00,0.90709126,0.8955483,0.8979607,0.9003166,0.90260565,0.90481967,0.9069523
2025-01-01 00:20:00,0.9071034,0.8955595,0.8979706,0.9003249,0.9026121,0.9048241,0.9069546
2025-01-01 00:21:00,0.90711564,0.89557064,0.89798045,0.90033317,0.9026185,0.9048285,0.90695685
2025-01-01 00:22:00,0.9071278,0.8955818,0.8979903,0.90034133,0.9026249,0.90483284,0.90695906
2025-01-01 00:23:00,0.9071399,0.8955929,0.89800006,0.9003495,0.9026312,0.90483713,0.90696114
2025-01-01 00:24:00,0.907152,0.895604,0.89800984,0.90035766,0.9026375,0.90484136,0.9069632
2025-01-01 00:25:00,0.9071641,0.8956151,0.89801955,0.9003657,0.90264374,0.90484554,0.90696526
2025-01-01 00:26:00,0.9071762,0.8956261,0.8980292,0.90037376,0.9026499,0.90484965,0.9069672
2025-01-01 00:27:00,0.90718824,0.8956371,0.89803886,0.90038174,0.902656,0.90485376,0.90696913
2025-01-01 00:28:00,0.9072003,0.89564806,0.89804846,0.90038973,0.9026621,0.90485775,0.906971
2025-01-01 00:29:00,0.90721226,0.895659,0.898058,0.9003976,0.9026681,0.9048617,0.90697277
2025-01-01 00:30:00,0.90503275,0.893381,0.8956507,0.89861786,0.89900047,0.9012527,0.9029907
2025-01-01 00:31:00,0.90362024,0.89190406,0.8940892,0.89746374,0.89661855,0.89890814,0.9004029
2025-01-01 00:32:00,0.90270627,0.8909478,0.89307755,0.89671624,0.8950723,0.8973854,0.8987214
2025-01-01 00:33:00,0.90211636,0.8903301,0.8924233,0.896233,0.89406925,0.89639693,0.89762896
2025-01-01 00:34:00,0.90173703,0.8899322,0.8920012,0.8959216,0.89341927,0.8957557,0.8969193
2025-01-01 00:35:00,0.9014946,0.8896774,0.89173007,0.8957218,0.8929987,0.89534014,0.8964585
2025-01-01 00:36:00,0.90134114,0.88951546,0.8915571,0.89559454,0.8927273,0.8950712,0.8961594
2025-01-01 00:37:00,0.90124553,0.88941395,0.89144784,0.8955144,0.89255285,0.8948976,0.8959655
2025-01-01 00:38:00,0.9011875,0.88935167,0.89138,0.895465,0.8924414,0.89478594,0.8958398
2025-01-01 00:39:00,0.90115386,0.8893149,0.8913391,0.8954354,0.8923708,0.89471453,0.89575857
2025-01-01 00:40:00,0.90113604,0.8892947,0.8913157,0.8954187,0.8923268,0.8946693,0.89570606
2025-01-01 00:41:00,0.9011286,0.88928515,0.8913036,0.8954104,0.89230007,0.8946409,0.8956723
2025-01-01 00:42:00,0.9011278,0.8892827,0.89129895,0.89540756,0.8922845,0.89462364,0.89565074
2025-01-01 00:43:00,0.90113133,0.8892847,0.891299,0.8954082,0.8922762,0.89461344,0.895637
2025-01-01 00:44:00,0.90113777,0.8892897,0.89130217,0.8954111,0.89227265,0.8946079,0.89562833
2025-01-01 00:45:00,0.90114594,0.8892965,0.8913073,0.8954154,0.8922721,0.89460534,0.895623
2025-01-01 00:46:00,0.90115535,0.8893045,0.89131373,0.89542073,0.8922735,0.8946047,0.89561975
2025-01-01 00:47:00,0.90116537,0.88931334,0.89132094,0.89542663,0.8922761,0.8946053,0.8956179
2025-01-01 00:48:00,0.901176,0.88932264,0.89132863,0.89543283,0.8922796,0.89460665,0.8956169
2025-01-01 00:49:00,0.9011869,0.8893323,0.89133674,0.8954393,0.89228356,0.8946085,0.8956164
2025-01-01 00:50:00,0.9011979,0.88934207,0.891345,0.8954459,0.89228785,0.89461064,0.8956163
2025-01-01 00:51:00,0.9012091,0.88935196,0.89135337,0.89545256,0.89229226,0.89461297,0.89561635
2025-01-01 00:52:00,0.9012203,0.889362,0.8913618,0.89545923,0.8922968,0.89461535,0.89561653
2025-01-01 00:53:00,0.9012316,0.88937193,0.89137024,0.8954659,0.8923014,0.8946178,0.89561677
2025-01-01 00:54:00,0.9012429,0.889382,0.8913787,0.8954726,0.89230597,0.89462024,0.895617
2025-01-01 00:55:00,0.9012542,0.88939196,0.8913871,0.89547914,0.8923106,0.8946227,0.89561725
2025-01-01 00:56:00,0.9012655,0.889402,0.8913955,0.89548576,0.89231515,0.8946251,0.8956175
2025-01-01 00:57:00,0.90127677,0.889412,0.89140385,0.8954924,0.8923196,0.8946275,0.8956176
2025-01-01 00:58:00,0.901288,0.8894219,0.89141226,0.8954989,0.89232415,0.89462984,0.8956177
2025-01-01 00:59:00,0.9012992,0.8894318,0.89142054,0.8955053,0.89232856,0.89463216,0.8956178
2025-01-01 01:00:00,0.8985336,0.8865918,0.88870275,0.8934478,0.88820165,0.89063764,0.8912968
2025-01-01 01:01:00,0.8967398,0.8847492,0.88693905,0.8921126,0.88552064,0.888042,0.88848805
2025-01-01 01:02:00,0.89557767,0.8835549,0.8857955,0.8912469,0.88377947,0.8863555,0.8866623
2025-01-01 01:03:00,0.8948262,0.8827819,0.885055,0.8906864,0.88264906,0.8852599,0.8854755
2025-01-01 01:04:00,0.8943416,0.8822829,0.88457644,0.8903242,0.8819158,0.8845485,0.88470393
2025-01-01 01:05:00,0.8940304,0.8819619,0.88426816,0.8900909,0.88144064,0.8840867,0.8842023
2025-01-01 01:06:00,0.89383197,0.8817566,0.8840706,0.8899413,0.8811331,0.8837872,0.88387614
2025-01-01 01:07:00,0.8937068,0.8816265,0.88394487,0.8898462,0.88093454,0.88359314,0.8836639
2025-01-01 01:08:00,0.89362925,0.88154525,0.88386595,0.8897864,0.88080686,0.88346756,0.8835258
2025-01-01 01:09:00,0.89358264,0.8814958,0.8838173,0.88974965,0.8807252,0.8833865,0.8834358
2025-01-01 01:10:00,0.8935561,0.88146687,0.8837884,0.8897278,0.8806734,0.88333434,0.8833771
2025-01-01 01:11:00,0.89354265,0.88145137,0.8837723,0.8897156,0.88064104,0.88330096,0.88333863
2025-01-01 01:12:00,0.89353764,0.8814446,0.88376456,0.88970965,0.8806213,0.8832798,0.8833134
2025-01-01 01:13:00,0.8935382,0.8814434,0.8837622,0.8897078,0.88060975,0.8832665,0.8832967
2025-01-01 01:14:00,0.89354223,0.8814458,0.8837632,0.8897085,0.8806034,0.88325834,0.8832856
2025-01-01 01:15:00,0.8935486,0.88145065,0.8837665,0.88971096,0.8806005,0.8832535,0.883278
2025-01-01 01:16:00,0.8935565,0.881457,0.88377124,0.8897145,0.88059986,0.8832508,0.88327265
2025-01-01 01:17:00,0.8935653,0.8814643,0.8837769,0.88971865,0.8806006,0.8832494,0.8832689
2025-01-01 01:18:00,0.8935747,0.88147223,0.88378316,0.8897233,0.88060224,0.8832489,0.88326603
2025-01-01 01:19:00,0.8935845,0.8814806,0.8837898,0.8897281,0.88060445,0.8832489,0.88326377
2025-01-01 01:20:00,0.89359456,0.8814891,0.88379663,0.88973314,0.88060695,0.88324934,0.88326186
2025-01-01 01:21:00,0.8936047,0.8814978,0.8838036,0.88973826,0.88060975,0.8832499,0.88326013
2025-01-01 01:22:00,0.893615,0.88150656,0.8838107,0.8897434,0.8806126,0.8832506,0.8832585
2025-01-01 01:23:00,0.8936253,0.8815154,0.8838178,0.8897485,0.8806155,0.8832513,0.8832571
2025-01-01 01:24:00,0.8936356,0.8815242,0.88382477,0.88975364,0.88061845,0.8832521,0.8832556
2025-01-01 01:25:00,0.8936459,0.881533,0.88383186,0.8897587,0.88062143,0.88325286,0.88325405
2025-01-01 01:26:00,0.8936562,0.8815418,0.88383883,0.8897638,0.8806243,0.8832535,0.88325256
2025-01-01 01:27:00,0.89366645,0.88155055,0.8838458,0.8897688,0.88062716,0.8832542,0.88325095
2025-01-01 01:28:00,0.89367676,0.88155925,0.8838528,0.8897738,0.88063,0.8832548,0.8832494
2025-01-01 01:29:00,0.89368695,0.88156796,0.8838597,0.8897787,0.8806328,0.8832554,0.88324773
2025-01-01 01:30:00,0.89038444,0.87821656,0.8808799,0.8874802,0.87612015,0.8789468,0.87866473
2025-01-01 01:31:00,0.8882413,0.8760412,0.87894535,0.8859878,0.87318784,0.8761463,0.8756851
2025-01-01 01:32:00,0.8868518,0.8746301,0.87769026,0.8850194,0.8712827,0.8743261,0.8737477
2025-01-01 01:33:00,0.8859521,0.8737158,0.8768768,0.88439155,0.8700452,0.8731431,0.8724877
2025-01-01 01:34:00,0.88537085,0.8731245,0.8763503,0.88398504,0.86924165,0.8723741,0.871668
2025-01-01 01:35:00,0.8849965,0.87274307,0.87601036,0.88372236,0.8687202,0.8718744,0.8711344
2025-01-01 01:36:00,0.88475657,0.8724981,0.87579167,0.8835532,0.8683821,0.87154955,0.87078685
2025-01-01 01:37:00,0.88460416,0.8723417,0.8756518,0.8834448,0.86816305,0.8713384,0.87056017
2025-01-01 01:38:00,0.8845085,0.8722429,0.875563,0.8833758,0.8680214,0.87120116,0.87041205
2025-01-01 01:39:00,0.8844497,0.87218153,0.8755076,0.88333255,0.8679302,0.871112,0.87031496
2025-01-01 01:40:00,0.884415,0.8721445,0.8754738,0.88330585,0.8678715,0.87105393,0.870251
2025-01-01 01:41:00,0.8843957,0.8721233,0.87545395,0.88329,0.86783415,0.8710161,0.8702086
2025-01-01 01:42:00,0.8843866,0.8721123,0.8754432,0.8832811,0.86781055,0.87099147,0.8701802
2025-01-01 01:43:00,0.8843841,0.872108,0.8754384,0.88327676,0.8677958,0.8709753,0.8701608
2025-01-01 01:44:00,0.88438576,0.8721079,0.8754374,0.88327533,0.86778694,0.87096465,0.8701473
2025-01-01 01:45:00,0.88439023,0.87211066,0.87543887,0.88327575,0.8677818,0.8709576,0.87013763
2025-01-01 01:46:00,0.8843965,0.8721152,0.8754419,0.8832774,0.8677791,0.87095284,0.87013036
2025-01-01 01:47:00,0.8844038,0.8721209,0.8754459,0.88327986,0.8677778,0.87094957,0.8701247
2025-01-01 01:48:00,0.88441193,0.8721273,0.87545055,0.8832828,0.8677776,0.87094724,0.87012
2025-01-01 01:49:00,0.8844205,0.8721341,0.8754556,0.88328594,0.867778,0.87094545,0.870116
2025-01-01 01:50:00,0.88442934,0.8721413,0.875461,0.88328934,0.8677788,0.8709441,0.8701123
2025-01-01 01:51:00,0.8844383,0.8721486,0.8754664,0.8832928,0.8677798,0.8709429,0.8701089
2025-01-01 01:52:00,0.8844474,0.87215596,0.8754719,0.88329625,0.8677809,0.87094176,0.8701056
2025-01-01 01:53:00,0.8844565,0.8721634,0.8754775,0.88329977,0.86778224,0.8709408,0.8701024
2025-01-01 01:54:00,0.8844657,0.87217087,0.87548304,0.8833033,0.8677835,0.87093985,0.87009925
2025-01-01 01:55:00,0.8844749,0.8721783,0.8754886,0.88330674,0.8677847,0.87093884,0.870096
2025-01-01 01:56:00,0.884484,0.87218577,0.87549406,0.8833102,0.8677859,0.8709378,0.8700928
2025-01-01 01:57:00,0.8844932,0.87219316,0.87549955,0.8833136,0.86778706,0.87093675,0.87008953
2025-01-01 01:58:00,0.88450223,0.87220055,0.875505,0.88331693,0.8677882,0.8709357,0.87008625
2025-01-01 01:59:00,0.8845113,0.8722079,0.8755104,0.8833202,0.86778927,0.87093455,0.8700829
2025-01-01 02:00:00,0.8807309,0.8684049,0.8723218,0.88082165,0.86297137,0.86638856,0.8653198
2025-01-01 02:01:00,0.8782768,0.86593544,0.870251,0.8791986,0.85984004,0.8634332,0.8622225
2025-01-01 02:02:00,0.8766847,0.8643328,0.8689068,0.8781447,0.85780495,0.8615117,0.86020803
2025-01-01 02:03:00,0.87565297,0.8632935,0.86803484,0.8774607,0.8564824,0.8602623,0.8588973
2025-01-01 02:04:00,0.87498534,0.8626205,0.86746985,0.87701714,0.855623,0.85944957,0.8580441
2025-01-01 02:05:00,0.87455446,0.86218536,0.86710435,0.87672985,0.85506463,0.85892075,0.8574881
2025-01-01 02:06:00,0.8742775,0.861905,0.8668685,0.87654406,0.8547019,0.8585765,0.85712546
2025-01-01 02:07:00,0.87410045,0.86172515,0.8667169,0.8764242,0.8544663,0.85835207,0.85688835
2025-01-01 02:08:00,0.8739884,0.86161065,0.86662,0.8763473,0.8543134,0.8582056,0.8567329
2025-01-01 02:09:00,0.87391853,0.8615386,0.86655873,0.87629825,0.8542141,0.8581098,0.85663044
2025-01-01 02:10:00,0.8738761,0.86149406,0.8665205,0.87626725,0.85414964,0.8580468,0.85656244
2025-01-01 02:11:00,0.87385154,0.8614675,0.86649734,0.87624794,0.85410786,0.8580052,0.8565168
2025-01-01 02:12:00,0.8738384,0.86145246,0.86648387,0.87623626,0.8540808,0.8579775,0.8564857
2025-01-01 02:13:00,0.87383294,0.86144507,0.8664767,0.8762295,0.8540633,0.8579588,0.856464
2025-01-01 02:14:00,0.8738322,0.8614425,0.8664736,0.87622595,0.85405195,0.85794586,0.8564484
2025-01-01 02:15:00,0.8738347,0.8614431,0.86647314,0.87622446,0.8540446,0.85793674,0.8564368
2025-01-01 02:16:00,0.8738392,0.8614457,0.86647445,0.8762243,0.85403985,0.85793006,0.8564277
2025-01-01 02:17:00,0.87384504,0.86144966,0.8664768,0.8762249,0.8540367,0.85792494,0.8564202
2025-01-01 02:18:00,0.87385166,0.8614545,0.8664798,0.876226,0.85403466,0.85792077,0.85641384
2025-01-01 02:19:00,0.8738588,0.8614598,0.8664832,0.8762275,0.8540333,0.85791725,0.8564081
2025-01-01 02:20:00,0.87386626,0.86146533,0.8664869,0.87622917,0.8540323,0.8579141,0.85640275
2025-01-01 02:21:00,0.87387395,0.8614712,0.8664908,0.87623096,0.85403156,0.85791117,0.8563977
2025-01-01 02:22:00,0.8738817,0.86147714,0.86649466,0.87623274,0.854031,0.85790837,0.85639274
2025-01-01 02:23:00,0.87388957,0.8614831,0.8664986,0.8762346,0.8540305,0.8579056,0.8563879
2025-01-01 02:24:00,0.87389743,0.86148906,0.8665025,0.87623644,0.85402995,0.857903,0.856383
2025-01-01 02:25:00,0.8739053,0.8614951,0.8665065,0.87623817,0.8540295,0.85790026,0.8563782
2025-01-01 02:26:00,0.8739131,0.86150104,0.8665104,0.8762399,0.85402894,0.8578975,0.8563733
2025-01-01 02:27:00,0.8739209,0.86150694,0.86651427,0.8762416,0.8540284,0.8578948,0.8563684
2025-01-01 02:28:00,0.8739287,0.86151284,0.8665181,0.8762433,0.8540278,0.857892,0.85636353
2025-01-01 02:29:00,0.8739365,0.8615187,0.8665219,0.8762449,0.8540272,0.8578892,0.8563586
2025-01-01 02:30:00,0.8697457,0.85733193,0.8631814,0.8735909,0.84899014,0.853187,0.85150033
2025-01-01 02:31:00,0.8670243,0.8546125,0.8610114,0.8718663,0.8457157,0.85012954,0.84834063
2025-01-01 02:32:00,0.8652581,0.8528469,0.8596021,0.8707458,0.84358704,0.84814113,0.84628505
2025-01-01 02:33:00,0.8641127,0.8517012,0.8586872,0.8700179,0.8422031,0.84684753,0.8449471
2025-01-01 02:34:00,0.8633707,0.8509584,0.8580938,0.86954516,0.84130317,0.8460056,0.8440755
2025-01-01 02:35:00,0.862891,0.8504775,0.8577092,0.86923826,0.8407178,0.8454572,0.8435071
2025-01-01 02:36:00,0.8625818,0.8501668,0.85746044,0.8690392,0.840337,0.84509957,0.8431357
2025-01-01 02:37:00,0.86238337,0.8499667,0.8572998,0.8689102,0.840089,0.8448659,0.84289247
2025-01-01 02:38:00,0.8622569,0.8498385,0.8571965,0.8688266,0.8399274,0.84471285,0.84273237
2025-01-01 02:39:00,0.8621772,0.849757,0.8571305,0.8687726,0.8398219,0.8446121,0.8426264
2025-01-01 02:40:00,0.8621279,0.8497058,0.8570887,0.8687379,0.8397528,0.8445454,0.8425556
2025-01-01 02:41:00,0.8620984,0.84967434,0.8570625,0.8687155,0.83970743,0.8445008,0.8425075
2025-01-01 02:42:00,0.86208165,0.8496557,0.8570466,0.86870134,0.83967745,0.84447056,0.8424743
2025-01-01 02:43:00,0.86207324,0.8496453,0.8570372,0.86869234,0.8396574,0.8444495,0.8424506
2025-01-01 02:44:00,0.8620702,0.8496403,0.85703206,0.86868674,0.83964384,0.8444346,0.8424332
2025-01-01 02:45:00,0.8620706,0.84963876,0.8570298,0.8686832,0.8396344,0.84442353,0.84241986
2025-01-01 02:46:00,0.8620733,0.8496395,0.85702926,0.8686812,0.83962774,0.844415,0.8424091
2025-01-01 02:47:00,0.86207736,0.8496416,0.8570298,0.86868006,0.83962274,0.8444081,0.84239995
2025-01-01 02:48:00,0.8620824,0.84964466,0.8570311,0.8686794,0.83961886,0.8444022,0.8423919
2025-01-01 02:49:00,0.862088,0.8496483,0.85703284,0.8686791,0.83961576,0.84439695,0.84238464
2025-01-01 02:50:00,0.862094,0.84965223,0.85703486,0.86867905,0.839613,0.8443921,0.8423777
2025-01-01 02:51:00,0.86210024,0.84965646,0.857037,0.8686791,0.8396106,0.84438753,0.84237105
2025-01-01 02:52:00,0.86210656,0.8496608,0.8570393,0.86867917,0.8396082,0.8443831,0.84236455
2025-01-01 02:53:00,0.86211294,0.84966516,0.85704154,0.8686793,0.839606,0.8443787,0.8423581
2025-01-01 02:54:00,0.8621194,0.8496696,0.8570438,0.86867934,0.8396038,0.8443743,0.84235173
2025-01-01 02:55:00,0.8621258,0.84967405,0.85704607,0.8686794,0.8396016,0.84436995,0.8423453
2025-01-01 02:56:00,0.86213225,0.8496784,0.8570483,0.8686794,0.8395993,0.8443656,0.8423389
2025-01-01 02:57:00,0.86213857,0.8496827,0.85705054,0.86867946,0.83959705,0.8443611,0.8423324
2025-01-01 02:58:00,0.86214495,0.84968704,0.8570527,0.8686794,0.8395948,0.8443567,0.842326
2025-01-01 02:59:00,0.8621512,0.8496913,0.85705477,0.8686793,0.83959246,0.84435225,0.8423195
2025-01-01 03:00:00,0.85762477,0.8451956,0.853622,0.8659172,0.83442605,0.83957785,0.8374527
2025-01-01 03:01:00,0.8546847,0.84227484,0.8513914,0.86412174,0.831067,0.83647287,0.834287
2025-01-01 03:02:00,0.8527758,0.84037775,0.84994215,0.8629546,0.82888275,0.8344529,0.8322269
2025-01-01 03:03:00,0.85153717,0.839146,0.84900075,0.8621958,0.8274621,0.83313835,0.83088547
2025-01-01 03:04:00,0.85073406,0.8383468,0.8483894,0.8617023,0.82653767,0.8322821,0.8300111
2025-01-01 03:05:00,0.8502142,0.8378286,0.84799266,0.8613815,0.8259358,0.8317239,0.8294404
2025-01-01 03:06:00,0.8498783,0.83749306,0.84773535,0.8611726,0.82554364,0.8313593,0.829067
2025-01-01 03:07:00,0.849662,0.8372763,0.8475686,0.8610366,0.8252877,0.8311206,0.8288219
2025-01-01 03:08:00,0.8495234,0.8371367,0.84746075,0.860948,0.82512033,0.8309637,0.8286601
2025-01-01 03:09:00,0.8494353,0.8370472,0.8473911,0.86089015,0.8250105,0.83085984,0.8285524
2025-01-01 03:10:00,0.84938,0.83699036,0.84734637,0.8608522,0.824938,0.8307906,0.82847995
2025-01-01 03:11:00,0.84934604,0.83695453,0.84731776,0.86082727,0.8248898,0.83074373,0.8284303
2025-01-01 03:12:00,0.84932584,0.83693254,0.8472996,0.86081064,0.82485735,0.8307114,0.8283955
2025-01-01 03:13:00,0.8493147,0.8369194,0.8472882,0.86079955,0.8248352,0.8306886,0.8283704
2025-01-01 03:14:00,0.8493093,0.83691204,0.84728116,0.860792,0.8248196,0.8306718,0.8283515
2025-01-01 03:15:00,0.8493077,0.83690834,0.847277,0.8607867,0.82480836,0.83065903,0.82833666
2025-01-01 03:16:00,0.84930855,0.8369071,0.84727466,0.8607828,0.82479984,0.83064884,0.8283244
2025-01-01 03:17:00,0.849311,0.8369074,0.8472735,0.86077976,0.8247931,0.83064026,0.82831377
2025-01-01 03:18:00,0.84931433,0.83690876,0.84727305,0.8607774,0.8247875,0.83063275,0.8283043
2025-01-01 03:19:00,0.8493183,0.83691067,0.84727305,0.86077535,0.82478255,0.8306259,0.82829547
2025-01-01 03:20:00,0.84932274,0.83691293,0.84727335,0.86077356,0.82477814,0.8306194,0.82828707
2025-01-01 03:21:00,0.8493274,0.83691543,0.8472738,0.86077183,0.82477397,0.83061326,0.82827896
2025-01-01 03:22:00,0.84933215,0.8369181,0.8472743,0.86077017,0.8247699,0.8306072,0.828271
2025-01-01 03:23:00,0.84933704,0.83692086,0.8472749,0.8607686,0.82476604,0.8306012,0.8282631
2025-01-01 03:24:00,0.8493419,0.83692366,0.84727544,0.860767,0.82476217,0.83059525,0.82825524
2025-01-01 03:25:00,0.84934676,0.83692634,0.84727603,0.86076534,0.82475823,0.8305893,0.82824737
2025-01-01 03:26:00,0.8493516,0.8369291,0.8472765,0.8607636,0.82475436,0.83058333,0.8282395
2025-01-01 03:27:00,0.8493564,0.8369317,0.84727705,0.86076194,0.8247504,0.8305773,0.82823163
2025-01-01 03:28:00,0.8493612,0.8369344,0.8472775,0.86076015,0.8247465,0.83057135,0.8282237
2025-01-01 03:29:00,0.84936595,0.836937,0.8472779,0.8607583,0.8247425,0.8305653,0.8282158
2025-01-01 03:30:00,0.8445847,0.83221257,0.84381413,0.85793746,0.8195389,0.8258038,0.82342744
2025-01-01 03:31:00,0.8414784,0.8291425,0.84156275,0.8561031,0.8161551,0.8227067,0.82031214
2025-01-01 03:32:00,0.83946097,0.8271478,0.8400994,0.85491014,0.81395406,0.82069135,0.81828433
2025-01-01 03:33:00,0.83815116,0.82585204,0.8391482,0.85413396,0.81252193,0.81937915,0.81696343
2025-01-01 03:34:00,0.8373014,0.8250106,0.83853,0.85362864,0.8115895,0.81852394,0.8161019
2025-01-01 03:35:00,0.83675045,0.8244644,0.83812815,0.8532994,0.81098187,0.81796587,0.815539
2025-01-01 03:36:00,0.83639383,0.8241101,0.8378669,0.85308456,0.8105853,0.8176008,0.8151702
2025-01-01 03:37:00,0.8361635,0.8238805,0.837697,0.85294414,0.81032604,0.81736124,0.8149276
2025-01-01 03:38:00,0.83601534,0.823732,0.8375865,0.852852,0.81015587,0.8172032,0.81476694
2025-01-01 03:39:00,0.83592045,0.8236361,0.8375146,0.85279113,0.81004363,0.81709814,0.8146596
2025-01-01 03:40:00,0.83586013,0.8235744,0.8374677,0.8527507,0.80996907,0.8170275,0.8145868
2025-01-01 03:41:00,0.83582234,0.823535,0.83743703,0.8527236,0.80991894,0.8169793,0.8145365
2025-01-01 03:42:00,0.83579916,0.82351,0.837417,0.852705,0.80988467,0.8169455,0.8145008
2025-01-01 03:43:00,0.83578545,0.8234944,0.83740383,0.85269195,0.8098607,0.8169212,0.8144746
2025-01-01 03:44:00,0.8357779,0.82348484,0.837395,0.85268253,0.80984336,0.81690294,0.8144545
2025-01-01 03:45:00,0.8357743,0.8234791,0.83738905,0.8526754,0.8098304,0.81688863,0.8144384
2025-01-01 03:46:00,0.8357732,0.823476,0.837385,0.8526698,0.8098202,0.81687695,0.8144249
2025-01-01 03:47:00,0.8357739,0.8234745,0.8373821,0.85266507,0.80981183,0.8168668,0.81441295
2025-01-01 03:48:00,0.83577555,0.823474,0.8373799,0.852661,0.8098046,0.8168578,0.81440216
2025-01-01 03:49:00,0.8357779,0.82347417,0.8373782,0.85265726,0.80979806,0.81684947,0.81439203
2025-01-01 03:50:00,0.8357806,0.8234747,0.8373767,0.85265374,0.809792,0.81684154,0.8143823
2025-01-01 03:51:00,0.8357836,0.82347554,0.83737546,0.8526503,0.8097862,0.81683385,0.8143729
2025-01-01 03:52:00,0.83578676,0.8234765,0.8373743,0.852647,0.8097806,0.81682634,0.8143636
2025-01-01 03:53:00,0.83579,0.8234775,0.83737314,0.8526437,0.80977505,0.81681883,0.81435436
2025-01-01 03:54:00,0.8357932,0.8234785,0.837372,0.8526404,0.8097696,0.8168114,0.8143452
2025-01-01 03:55:00,0.8357964,0.82347953,0.8373709,0.85263705,0.809764,0.81680393,0.814336
2025-01-01 03:56:00,0.8357996,0.82348055,0.8373697,0.85263366,0.80975854,0.81679654,0.8143268
2025-01-01 03:57:00,0.83580273,0.8234815,0.8373684,0.85263026,0.809753,0.81678903,0.81431764
2025-01-01 03:58:00,0.83580595,0.8234825,0.8373672,0.8526268,0.80974746,0.8167816,0.81430846
2025-01-01 03:59:00,0.83580905,0.8234834,0.83736587,0.8526233,0.8097419,0.8167741,0.8142992
2025-01-01 04:00:00,0.83085823,0.8186145,0.8339329,0.84979403,0.80459404,0.8121105,0.8096748
2025-01-01 04:01:00,0.8276412,0.81544995,0.83170086,0.8479538,0.8012459,0.8090764,0.80666554
2025-01-01 04:02:00,0.8255512,0.81339324,0.8302495,0.8467563,0.7990676,0.8071016,0.80470634
2025-01-01 04:03:00,0.8241936,0.81205654,0.8293055,0.8459766,0.7976497,0.8058153,0.8034294
2025-01-01 04:04:00,0.8233121,0.8111879,0.82869136,0.84546834,0.7967259,0.8049764,0.80259615
2025-01-01 04:05:00,0.82274014,0.8106234,0.8282916,0.84513664,0.7961234,0.80442834,0.8020512
2025-01-01 04:06:00,0.8223693,0.81025666,0.82803106,0.8449197,0.79572964,0.80406934,0.8016936
2025-01-01 04:07:00,0.8221291,0.81001836,0.8278611,0.8447772,0.79547155,0.80383325,0.8014578
2025-01-01 04:08:00,0.82197386,0.8098636,0.8277499,0.8446832,0.7953017,0.80367696,0.8013012
2025-01-01 04:09:00,0.8218738,0.80976313,0.82767695,0.8446206,0.795189,0.80357254,0.801196
2025-01-01 04:10:00,0.8218096,0.8096978,0.8276288,0.84457844,0.7951136,0.80350184,0.80112416
2025-01-01 04:11:00,0.82176864,0.8096554,0.8275968,0.84454954,0.7950624,0.80345297,0.8010741
2025-01-01 04:12:00,0.82174283,0.8096279,0.82757515,0.8445292,0.7950269,0.8034184,0.8010381
2025-01-01 04:13:00,0.82172686,0.80961,0.82756037,0.84451455,0.79500157,0.803393,0.80101126
2025-01-01 04:14:00,0.8217172,0.8095984,0.82755,0.8445034,0.7949829,0.80337363,0.8009904
2025-01-01 04:15:00,0.8217117,0.8095907,0.82754236,0.84449464,0.7949684,0.8033581,0.8009733
2025-01-01 04:16:00,0.82170886,0.8095857,0.82753664,0.8444873,0.79495674,0.8033451,0.8009587
2025-01-01 04:17:00,0.82170767,0.80958235,0.82753205,0.844481,0.79494685,0.8033337,0.80094576
2025-01-01 04:18:00,0.82170755,0.8095801,0.8275282,0.84447527,0.7949381,0.8033233,0.80093384
2025-01-01 04:19:00,0.8217082,0.8095785,0.8275248,0.8444699,0.79493004,0.80331355,0.8009225
2025-01-01 04:20:00,0.8217092,0.80957735,0.8275216,0.8444647,0.7949225,0.80330426,0.80091166
2025-01-01 04:21:00,0.82171047,0.80957645,0.82751864,0.84445965,0.7949152,0.8032952,0.800901
2025-01-01 04:22:00,0.82171196,0.8095757,0.8275158,0.84445465,0.79490805,0.8032863,0.80089056
2025-01-01 04:23:00,0.82171345,0.80957496,0.8275129,0.84444976,0.794901,0.8032775,0.8008802
2025-01-01 04:24:00,0.821715,0.80957425,0.82751006,0.8444448,0.794894,0.80326873,0.8008699
2025-01-01 04:25:00,0.8217165,0.8095736,0.8275072,0.84443986,0.79488695,0.8032599,0.8008595
2025-01-01 04:26:00,0.82171804,0.8095729,0.82750434,0.8444348,0.7948799,0.80325115,0.8008492
2025-01-01 04:27:00,0.8217195,0.8095721,0.8275014,0.8444298,0.7948729,0.80324227,0.8008389
2025-01-01 04:28:00,0.82172096,0.8095714,0.82749844,0.8444247,0.79486585,0.8032335,0.8008285
2025-01-01 04:29:00,0.8217224,0.80957055,0.82749546,0.8444196,0.79485875,0.8032246,0.80081815
2025-01-01 04:30:00,0.8166904,0.80464417,0.8241545,0.84163237,0.78985846,0.79874223,0.79644
2025-01-01 04:31:00,0.81342006,0.8014416,0.8219817,0.83981884,0.7866058,0.7958255,0.7935905
2025-01-01 04:32:00,0.81129473,0.79935956,0.8205683,0.8386381,0.7844889,0.7939264,0.7917346
2025-01-01 04:33:00,0.80991364,0.7980058,0.81964844,0.83786875,0.7831104,0.7926889,0.7905246
2025-01-01 04:34:00,0.8090163,0.7971255,0.81904924,0.83736676,0.7822117,0.79188126,0.78973436
2025-01-01 04:35:00,0.80843335,0.79655284,0.8186586,0.8370385,0.781625,0.7913531,0.789217
2025-01-01 04:36:00,0.80805475,0.7961801,0.8184035,0.8368232,0.781241,0.79100657,0.78887695
2025-01-01 04:37:00,0.80780894,0.7959374,0.8182364,0.8366813,0.7809887,0.79077804,0.78865224
2025-01-01 04:38:00,0.80764943,0.79577917,0.81812656,0.8365871,0.7808221,0.7906263,0.7885024
2025-01-01 04:39:00,0.807546,0.79567575,0.81805384,0.8365238,0.7807111,0.79052436,0.7884012
2025-01-01 04:40:00,0.8074791,0.795608,0.81800526,0.83648056,0.78063625,0.79045486,0.7883317
2025-01-01 04:41:00,0.80743575,0.7955634,0.81797236,0.8364505,0.78058493,0.79040635,0.7882827
2025-01-01 04:42:00,0.8074078,0.79553384,0.8179497,0.8364289,0.7805489,0.79037154,0.78824705
2025-01-01 04:43:00,0.80738986,0.795514,0.81793356,0.83641267,0.78052264,0.7903455,0.78822005
2025-01-01 04:44:00,0.8073783,0.7955005,0.8179217,0.8364001,0.78050286,0.79032534,0.7881987
2025-01-01 04:45:00,0.80737096,0.7954911,0.8179126,0.83638984,0.7804872,0.79030883,0.788181
2025-01-01 04:46:00,0.80736625,0.7954843,0.8179052,0.836381,0.78047425,0.79029477,0.7881656
2025-01-01 04:47:00,0.80736333,0.79547924,0.817899,0.8363731,0.78046304,0.7902822,0.7881518
2025-01-01 04:48:00,0.8073615,0.79547524,0.8178935,0.8363658,0.7804529,0.7902706,0.788139
2025-01-01 04:49:00,0.8073604,0.7954719,0.8178885,0.83635885,0.7804435,0.7902597,0.7881267
2025-01-01 04:50:00,0.8073597,0.79546905,0.81788373,0.83635217,0.78043455,0.7902492,0.78811485
2025-01-01 04:51:00,0.8073593,0.79546636,0.81787914,0.83634555,0.7804258,0.7902389,0.7881032
2025-01-01 04:52:00,0.807359,0.7954639,0.8178746,0.83633906,0.7804172,0.7902288,0.7880918
2025-01-01 04:53:00,0.8073588,0.7954615,0.8178701,0.8363326,0.7804088,0.7902188,0.78808045
2025-01-01 04:54:00,0.80735856,0.7954591,0.8178656,0.83632606,0.78040034,0.7902088,0.7880691
2025-01-01 04:55:00,0.8073584,0.79545665,0.8178611,0.83631957,0.78039193,0.7901988,0.7880578
2025-01-01 04:56:00,0.8073582,0.79545426,0.81785655,0.836313,0.7803835,0.7901888,0.78804654
2025-01-01 04:57:00,0.80735797,0.7954518,0.817852,0.83630645,0.7803751,0.7901788,0.7880352
2025-01-01 04:58:00,0.8073577,0.7954494,0.81784743,0.83629984,0.78036666,0.79016876,0.7880239
2025-01-01 04:59:00,0.80735743,0.7954469,0.8178428,0.83629316,0.7803582,0.79015875,0.78801256
2025-01-01 05:00:00,0.8023341,0.79055077,0.81465346,0.8335977,0.7755948,0.78593737,0.78395885
2025-01-01 05:01:00,0.79906875,0.78736734,0.8125787,0.8318433,0.77249557,0.7831899,0.78132
2025-01-01 05:02:00,0.79694605,0.78529716,0.81122833,0.8307005,0.77047795,0.7814005,0.7796007
2025-01-01 05:03:00,0.7955661,0.7839505,0.81034887,0.8299553,0.7691635,0.7802338,0.7784791
2025-01-01 05:04:00,0.7946689,0.7830742,0.80977553,0.8294684,0.768306,0.7794718,0.777746
2025-01-01 05:05:00,0.79408544,0.78250355,0.8094011,0.82914954,0.7677456,0.7789729,0.77726555
2025-01-01 05:06:00,0.7937059,0.78213155,0.8091558,0.82893974,0.7673783,0.778645,0.7769491
2025-01-01 05:07:00,0.7934589,0.7818887,0.80899465,0.82880086,0.76713634,0.7784282,0.7767394
2025-01-01 05:08:00,0.79329807,0.78172976,0.8088881,0.8287081,0.76697594,0.77828366,0.776599
2025-01-01 05:09:00,0.79319316,0.7816254,0.8088169,0.8286453,0.7668686,0.7781861,0.7765037
2025-01-01 05:10:00,0.7931246,0.78155637,0.8087688,0.82860184,0.76679564,0.77811897,0.77643764
2025-01-01 05:11:00,0.7930797,0.78151035,0.80873567,0.8285711,0.76674503,0.77807164,0.7763906
2025-01-01 05:12:00,0.79305005,0.7814793,0.8087122,0.8285485,0.76670897,0.7780372,0.7763559
2025-01-01 05:13:00,0.7930303,0.7814579,0.8086951,0.82853115,0.7666823,0.7780111,0.7763293
2025-01-01 05:14:00,0.79301715,0.7814428,0.80868196,0.8285174,0.76666176,0.7779904,0.7763078
2025-01-01 05:15:00,0.7930081,0.7814318,0.8086715,0.82850575,0.76664513,0.7779732,0.77628976
2025-01-01 05:16:00,0.7930017,0.78142333,0.8086627,0.82849556,0.7666311,0.7779582,0.77627385
2025-01-01 05:17:00,0.79299706,0.7814166,0.808655,0.8284862,0.7666188,0.77794474,0.7762594
2025-01-01 05:18:00,0.79299355,0.78141093,0.808648,0.8284775,0.7666075,0.7779322,0.7762459
2025-01-01 05:19:00,0.79299074,0.7814059,0.80864143,0.8284691,0.76659685,0.7779203,0.7762329
2025-01-01 05:20:00,0.7929883,0.7814014,0.80863506,0.828461,0.7665866,0.7779088,0.77622026
2025-01-01 05:21:00,0.79298615,0.78139704,0.8086289,0.828453,0.7665767,0.7778975,0.7762079
2025-01-01 05:22:00,0.7929841,0.7813929,0.8086228,0.82844496,0.76656693,0.77788633,0.7761957
2025-01-01 05:23:00,0.7929822,0.7813888,0.8086167,0.82843703,0.7665572,0.77787524,0.7761835
2025-01-01 05:24:00,0.7929803,0.78138477,0.8086106,0.82842916,0.7665475,0.7778642,0.7761714
2025-01-01 05:25:00,0.79297847,0.78138065,0.80860454,0.8284212,0.76653785,0.77785325,0.77615935
2025-01-01 05:26:00,0.79297656,0.7813766,0.80859846,0.8284132,0.7665282,0.7778422,0.77614725
2025-01-01 05:27:00,0.7929746,0.7813725,0.8085923,0.8284052,0.7665185,0.77783114,0.77613515
2025-01-01 05:28:00,0.7929726,0.7813684,0.8085862,0.82839715,0.7665088,0.7778201,0.7761231
2025-01-01 05:29:00,0.79297066,0.7813642,0.8085799,0.8283891,0.7664991,0.7778091,0.776111
2025-01-01 05:30:00,0.7880456,0.77658576,0.8055992,0.82583356,0.7620575,0.7739242,0.7724541
2025-01-01 05:31:00,0.78484344,0.7734782,0.8036595,0.8241695,0.75916696,0.771395,0.7700728
2025-01-01 05:32:00,0.78276134,0.7714568,0.8023965,0.823085,0.75728464,0.7697472,0.7685207
2025-01-01 05:33:00,0.7814071,0.7701413,0.80157316,0.82237715,0.7560577,0.7686722,0.7675076
2025-01-01 05:34:00,0.78052604,0.7692846,0.80103576,0.82191414,0.75525665,0.76796955,0.76684475
2025-01-01 05:35:00,0.77995247,0.76872617,0.8006841,0.8216102,0.7547325,0.7675088,0.76640964
2025-01-01 05:36:00,0.7795788,0.76836157,0.8004532,0.8214097,0.7543883,0.76720536,0.7661225
2025-01-01 05:37:00,0.779335,0.7681229,0.8003007,0.8212764,0.754161,0.7670042,0.76593155
2025-01-01 05:38:00,0.77917564,0.76796615,0.80019933,0.8211868,0.7540097,0.7668694,0.76580316
2025-01-01 05:39:00,0.77907103,0.76786256,0.80013096,0.8211255,0.75390786,0.7667778,0.76571536
2025-01-01 05:40:00,0.77900213,0.76779354,0.8000842,0.8210826,0.75383806,0.7667143,0.76565397
2025-01-01 05:41:00,0.77895635,0.767747,0.80005133,0.8210517,0.7537891,0.766669,0.76560974
2025-01-01 05:42:00,0.7789256,0.7677149,0.80002755,0.8210286,0.7537537,0.7666355,0.76557666
2025-01-01 05:43:00,0.7789046,0.7676923,0.80000967,0.8210105,0.7537271,0.76660967,0.7655508
2025-01-01 05:44:00,0.77889,0.76767594,0.7999956,0.82099557,0.75370616,0.7665889,0.76552963
2025-01-01 05:45:00,0.7788794,0.7676634,0.7999839,0.8209828,0.75368893,0.7665713,0.7655115
2025-01-01 05:46:00,0.7788714,0.76765347,0.79997385,0.8209714,0.7536741,0.76655585,0.7654954
2025-01-01 05:47:00,0.7788651,0.7676452,0.7999648,0.8209609,0.7536608,0.76654166,0.7654806
2025-01-01 05:48:00,0.77886,0.76763797,0.7999564,0.82095087,0.75364846,0.7665284,0.7654666
2025-01-01 05:49:00,0.77885544,0.7676314,0.79994833,0.8209412,0.7536368,0.76651573,0.76545304
2025-01-01 05:50:00,0.7788514,0.7676252,0.7999405,0.82093173,0.7536256,0.76650333,0.76543987
2025-01-01 05:51:00,0.7788475,0.7676194,0.7999329,0.82092243,0.7536145,0.76649123,0.76542693
2025-01-01 05:52:00,0.7788439,0.7676136,0.7999253,0.82091314,0.7536036,0.76647925,0.7654141
2025-01-01 05:53:00,0.7788403,0.7676079,0.7999178,0.82090396,0.75359285,0.76646733,0.76540136
2025-01-01 05:54:00,0.7788367,0.7676022,0.79991025,0.8208947,0.7535821,0.7664555,0.7653887
2025-01-01 05:55:00,0.77883315,0.76759654,0.79990274,0.8208855,0.7535714,0.7664436,0.76537603
2025-01-01 05:56:00,0.7788296,0.7675909,0.79989517,0.8208762,0.7535606,0.76643175,0.7653634
2025-01-01 05:57:00,0.77882594,0.76758516,0.79988754,0.8208669,0.7535499,0.7664198,0.7653507
2025-01-01 05:58:00,0.7788223,0.7675795,0.79987997,0.8208576,0.75353914,0.76640797,0.76533806
2025-01-01 05:59:00,0.7788186,0.7675737,0.7998723,0.8208482,0.75352836,0.7663961,0.7653254
2025-01-01 06:00:00,0.7740796,0.76299834,0.7971533,0.8184781,0.7494877,0.7629169,0.7621306
2025-01-01 06:01:00,0.7709979,0.7600223,0.7953832,0.8169342,0.7468575,0.76065123,0.7600495
2025-01-01 06:02:00,0.76899344,0.7580857,0.7942299,0.8159274,0.745144,0.75917435,0.7586923
2025-01-01 06:03:00,0.7676891,0.75682485,0.79347754,0.81526953,0.7440264,0.7582102,0.7578057
2025-01-01 06:04:00,0.7668399,0.75600314,0.7929856,0.8148386,0.74329615,0.75757927,0.757225
2025-01-01 06:05:00,0.7662865,0.7554669,0.7926631,0.8145551,0.7428176,0.7571649,0.756843
2025-01-01 06:06:00,0.7659252,0.75511616,0.79245067,0.8143674,0.7425026,0.75689137,0.75659025
2025-01-01 06:07:00,0.765689,0.754886,0.7923097,0.81424206,0.7422941,0.75670934,0.7564215
2025-01-01 06:08:00,0.7655339,0.75473416,0.7922152,0.8141571,0.74215466,0.75658673,0.75630736
2025-01-01 06:09:00,0.76543164,0.75463325,0.792151,0.81409854,0.7420601,0.7565028,0.7562286
2025-01-01 06:10:00,0.7653636,0.7545654,0.7921063,0.81405693,0.74199474,0.756444,0.75617296
2025-01-01 06:11:00,0.76531786,0.75451905,0.7920743,0.8140265,0.7419483,0.7564015,0.75613236
2025-01-01 06:12:00,0.7652865,0.7544866,0.7920506,0.81400317,0.74191415,0.7563696,0.75610137
2025-01-01 06:13:00,0.7652645,0.75446326,0.7920323,0.8139845,0.74188805,0.75634456,0.7560768
2025-01-01 06:14:00,0.76524866,0.75444573,0.79201746,0.8139689,0.7418672,0.756324,0.75605637
2025-01-01 06:15:00,0.7652367,0.754432,0.7920048,0.81395525,0.7418496,0.75630635,0.7560385
2025-01-01 06:16:00,0.76522726,0.75442076,0.7919937,0.81394285,0.74183416,0.75629056,0.7560224
2025-01-01 06:17:00,0.7652195,0.7544111,0.7919834,0.8139312,0.7418202,0.756276,0.75600743
2025-01-01 06:18:00,0.7652128,0.7544024,0.7919737,0.81392014,0.7418071,0.75626224,0.7559932
2025-01-01 06:19:00,0.7652067,0.7543944,0.79196435,0.81390935,0.7417946,0.75624895,0.75597936
2025-01-01 06:20:00,0.76520103,0.7543868,0.79195523,0.8138988,0.7417825,0.75623596,0.7559659
2025-01-01 06:21:00,0.7651956,0.7543794,0.7919463,0.8138883,0.74177057,0.7562232,0.7559526
2025-01-01 06:22:00,0.76519036,0.7543721,0.7919374,0.8138779,0.7417588,0.75621057,0.7559394
2025-01-01 06:23:00,0.7651851,0.7543649,0.7919286,0.8138675,0.74174714,0.756198,0.7559263
2025-01-01 06:24:00,0.76517993,0.75435776,0.79191965,0.81385714,0.74173546,0.7561855,0.75591326
2025-01-01 06:25:00,0.7651747,0.7543506,0.79191077,0.81384677,0.74172384,0.75617296,0.7559002
2025-01-01 06:26:00,0.7651695,0.75434345,0.7919019,0.81383634,0.74171215,0.75616044,0.7558872
2025-01-01 06:27:00,0.76516426,0.75433624,0.79189295,0.8138259,0.74170053,0.756148,0.7558742
2025-01-01 06:28:00,0.765159,0.754329,0.791884,0.8138155,0.74168885,0.7561355,0.7558612
2025-01-01 06:29:00,0.7651537,0.75432175,0.791875,0.813805,0.7416772,0.756123,0.7558482
2025-01-01 06:30:00,0.7606855,0.750031,0.78946626,0.8116627,0.7381098,0.75311166,0.7531724
2025-01-01 06:31:00,0.7577793,0.7472394,0.7878974,0.81026644,0.73578686,0.75114983,0.7514286
2025-01-01 06:32:00,0.7558883,0.74542224,0.7868744,0.8093552,0.7342728,0.7498703,0.7502906
2025-01-01 06:33:00,0.7546572,0.74423844,0.7862063,0.8087591,0.73328453,0.74903417,0.74954623
2025-01-01 06:34:00,0.753855,0.7434663,0.7857687,0.8083679,0.732638,0.7484863,0.7490579
2025-01-01 06:35:00,0.7533315,0.7429618,0.78548104,0.8081099,0.7322136,0.7481257,0.7487359
2025-01-01 06:36:00,0.75298923,0.7426312,0.78529084,0.8079384,0.73193365,0.74788696,0.7485221
2025-01-01 06:37:00,0.7527648,0.7424136,0.7851638,0.8078232,0.7317475,0.74772733,0.7483785
2025-01-01 06:38:00,0.7526168,0.7422694,0.785078,0.80774444,0.7316223,0.7476191,0.7482806
2025-01-01 06:39:00,0.75251853,0.7421729,0.78501886,0.8076895,0.73153675,0.74754435,0.7482124
2025-01-01 06:40:00,0.7524526,0.7421075,0.78497714,0.8076499,0.7314769,0.74749124,0.74816346
2025-01-01 06:41:00,0.75240767,0.7420622,0.7849467,0.80762035,0.73143387,0.7474523,0.7481271
2025-01-01 06:42:00,0.7523763,0.74202996,0.7849235,0.80759734,0.7314017,0.7474226,0.74809885
2025-01-01 06:43:00,0.7523538,0.74200624,0.7849051,0.80757856,0.7313765,0.7473988,0.74807596
2025-01-01 06:44:00,0.752337,0.74198794,0.7848897,0.8075625,0.73135597,0.7473788,0.74805653
2025-01-01 06:45:00,0.75232387,0.7419733,0.7848763,0.8075481,0.7313383,0.74736136,0.74803925
2025-01-01 06:46:00,0.75231314,0.7419609,0.7848642,0.80753493,0.73132265,0.74734557,0.7480235
2025-01-01 06:47:00,0.752304,0.74195004,0.7848529,0.8075224,0.7313082,0.74733084,0.7480086
2025-01-01 06:48:00,0.75229585,0.74194,0.78484213,0.80751044,0.7312946,0.7473167,0.74799436
2025-01-01 06:49:00,0.7522883,0.74193066,0.7848317,0.80749875,0.73128146,0.74730307,0.74798054
2025-01-01 06:50:00,0.75228107,0.74192166,0.78482145,0.8074872,0.73126864,0.7472898,0.74796695
2025-01-01 06:51:00,0.7522741,0.74191296,0.7848113,0.80747575,0.73125607,0.74727654,0.74795353
2025-01-01 06:52:00,0.75226724,0.74190426,0.78480124,0.80746436,0.73124355,0.7472635,0.7479403
2025-01-01 06:53:00,0.7522605,0.74189574,0.7847912,0.807453,0.73123115,0.7472505,0.74792707
2025-01-01 06:54:00,0.75225383,0.7418872,0.7847811,0.80744165,0.7312188,0.74723756,0.74791384
2025-01-01 06:55:00,0.75224715,0.7418787,0.784771,0.80743027,0.7312065,0.7472246,0.74790066
2025-01-01 06:56:00,0.7522404,0.7418701,0.78476095,0.80741894,0.73119414,0.7472117,0.7478875
2025-01-01 06:57:00,0.7522336,0.7418615,0.7847508,0.8074076,0.73118186,0.7471988,0.7478744
2025-01-01 06:58:00,0.7522268,0.74185294,0.78474075,0.80739623,0.7311695,0.7471859,0.74786127
2025-01-01 06:59:00,0.75222003,0.74184436,0.78473055,0.8073848,0.7311572,0.74717295,0.74784815
2025-01-01 07:00:00,0.74810225,0.7379148,0.7826751,0.80550843,0.72812647,0.74468315,0.7457391
2025-01-01 07:01:00,0.74542326,0.7353575,0.7813354,0.8042848,0.72615224,0.7430602,0.7443637
2025-01-01 07:02:00,0.7436794,0.73369217,0.7804611,0.8034854,0.7248646,0.74200076,0.74346507
2025-01-01 07:03:00,0.7425434,0.7326066,0.7798891,0.8029617,0.7240232,0.74130756,0.74287635
2025-01-01 07:04:00,0.7418025,0.7318978,0.7795137,0.8026173,0.72347206,0.7408525,0.7424891
2025-01-01 07:05:00,0.7413184,0.73143405,0.779266,0.80238926,0.72310936,0.7405521,0.7422328
2025-01-01 07:06:00,0.7410012,0.7311294,0.7791013,0.802237,0.7228693,0.74035233,0.7420616
2025-01-01 07:07:00,0.74079245,0.73092824,0.7789906,0.8021339,0.72270876,0.7402179,0.74194574
2025-01-01 07:08:00,0.74065423,0.7307943,0.778915,0.80206287,0.72260004,0.740126,0.74186593
2025-01-01 07:09:00,0.7405618,0.730704,0.7788621,0.80201256,0.722525,0.7400617,0.7418094
2025-01-01 07:10:00,0.7404991,0.7306422,0.77882403,0.8019757,0.7224719,0.7400153,0.74176806
2025-01-01 07:11:00,0.74045575,0.73059875,0.77879554,0.80194765,0.7224329,0.73998064,0.7417366
2025-01-01 07:12:00,0.74042493,0.7305673,0.7787733,0.8019253,0.72240317,0.7399535,0.7417116
2025-01-01 07:13:00,0.7404022,0.7305436,0.77875507,0.8019066,0.72237945,0.73993134,0.74169075
2025-01-01 07:14:00,0.7403848,0.73052496,0.77873945,0.8018903,0.7223596,0.73991233,0.7416727
2025-01-01 07:15:00,0.7403708,0.7305095,0.7787255,0.80187553,0.72234225,0.7398954,0.7416563
2025-01-01 07:16:00,0.740359,0.7304962,0.7787127,0.80186176,0.7223266,0.73987985,0.7416411
2025-01-01 07:17:00,0.7403486,0.7304843,0.7787006,0.8018487,0.7223119,0.7398652,0.7416267
2025-01-01 07:18:00,0.7403391,0.7304732,0.7786889,0.801836,0.7222979,0.73985106,0.7416127
2025-01-01 07:19:00,0.7403302,0.7304626,0.7786775,0.80182356,0.7222844,0.7398373,0.741599
2025-01-01 07:20:00,0.74032164,0.7304524,0.77866626,0.8018112,0.72227114,0.7398238,0.7415856
2025-01-01 07:21:00,0.7403133,0.73044246,0.7786551,0.801799,0.7222581,0.73981047,0.7415723
2025-01-01 07:22:00,0.74030507,0.73043257,0.778644,0.8017869,0.72224516,0.73979723,0.7415591
2025-01-01 07:23:00,0.7402969,0.7304228,0.77863294,0.8017748,0.7222323,0.739784,0.741546
2025-01-01 07:24:00,0.7402888,0.730413,0.77862185,0.8017627,0.7222194,0.7397709,0.74153286
2025-01-01 07:25:00,0.7402807,0.7304033,0.77861077,0.80175054,0.7222066,0.7397577,0.74151975
2025-01-01 07:26:00,0.7402725,0.7303935,0.7785997,0.80173844,0.7221938,0.7397446,0.74150676
2025-01-01 07:27:00,0.74026436,0.7303837,0.7785886,0.80172634,0.72218096,0.7397315,0.7414937
2025-01-01 07:28:00,0.74025613,0.7303739,0.77857745,0.8017142,0.7221682,0.7397184,0.7414807
2025-01-01 07:29:00,0.7402479,0.7303641,0.7785663,0.801702,0.7221554,0.7397053,0.7414677
2025-01-01 07:30:00,0.7365541,0.72686577,0.77690077,0.8001251,0.71971554,0.73778147,0.7399631
2025-01-01 07:31:00,0.7341501,0.7245884,0.77581424,0.7990958,0.71812516,0.73652637,0.73898053
2025-01-01 07:32:00,0.7325846,0.7231046,0.77510405,0.7984225,0.7170869,0.735706,0.73833734
2025-01-01 07:33:00,0.73156404,0.7221367,0.7746384,0.7979806,0.7164076,0.7351681,0.73791474
2025-01-01 07:34:00,0.73089767,0.721504,0.7743318,0.797689,0.7159615,0.7348139,0.7376355
2025-01-01 07:35:00,0.73046154,0.7210891,0.77412856,0.7974952,0.715667,0.73457915,0.73744947
2025-01-01 07:36:00,0.7301751,0.72081596,0.7739924,0.79736483,0.715471,0.7344219,0.73732406
2025-01-01 07:37:00,0.72998583,0.7206348,0.7738999,0.79727584,0.7153392,0.73431516,0.737238
2025-01-01 07:38:00,0.72985977,0.72051346,0.7738358,0.7972137,0.71524894,0.7342411,0.73717755
2025-01-01 07:39:00,0.7297748,0.720431,0.77379006,0.79716885,0.71518576,0.73418844,0.73713374
2025-01-01 07:40:00,0.7297164,0.7203738,0.7737563,0.79713535,0.71514016,0.7341496,0.7371008
2025-01-01 07:41:00,0.7296754,0.72033304,0.77373034,0.79710925,0.715106,0.7341198,0.7370748
2025-01-01 07:42:00,0.72964567,0.7203029,0.77370936,0.79708797,0.7150792,0.7340958,0.73705345
2025-01-01 07:43:00,0.7296232,0.7202797,0.77369165,0.7970697,0.7150573,0.7340756,0.73703504
2025-01-01 07:44:00,0.7296055,0.72026086,0.77367616,0.7970535,0.7150385,0.73405796,0.7370186
2025-01-01 07:45:00,0.7295908,0.72024506,0.773662,0.7970386,0.7150217,0.73404187,0.73700345
2025-01-01 07:46:00,0.7295781,0.720231,0.7736487,0.79702455,0.7150063,0.7340268,0.736989
2025-01-01 07:47:00,0.72956663,0.7202183,0.77363586,0.797011,0.7149917,0.7340124,0.73697525
2025-01-01 07:48:00,0.729556,0.72020626,0.77362347,0.79699785,0.7149776,0.7339985,0.7369618
2025-01-01 07:49:00,0.72954595,0.72019476,0.7736113,0.79698485,0.714964,0.7339849,0.73694855
2025-01-01 07:50:00,0.7295362,0.7201835,0.77359927,0.79697204,0.7149505,0.7339714,0.73693544
2025-01-01 07:51:00,0.7295266,0.72017246,0.7735873,0.7969593,0.7149372,0.7339581,0.7369225
2025-01-01 07:52:00,0.7295171,0.72016156,0.7735754,0.7969465,0.714924,0.73394495,0.7369096
2025-01-01 07:53:00,0.7295076,0.72015065,0.7735635,0.7969339,0.71491086,0.7339317,0.73689675
2025-01-01 07:54:00,0.72949827,0.72013986,0.77355164,0.7969212,0.71489775,0.7339186,0.736884
2025-01-01 07:55:00,0.72948885,0.720129,0.7735397,0.7969085,0.71488464,0.7339055,0.73687124
2025-01-01 07:56:00,0.72947943,0.72011817,0.7735278,0.79689586,0.7148715,0.7338924,0.73685855
2025-01-01 07:57:00,0.72946995,0.7201074,0.7735159,0.79688317,0.7148585,0.7338793,0.73684585
2025-01-01 07:58:00,0.72946054,0.7200965,0.77350396,0.7968705,0.7148454,0.7338663,0.73683316
2025-01-01 07:59:00,0.729451,0.7200856,0.773492,0.79685783,0.71483237,0.7338532,0.73682046
2025-01-01 08:00:00,0.7262471,0.71708107,0.7722461,0.79560846,0.713027,0.7325297,0.73594713
2025-01-01 08:01:00,0.724161,0.7151243,0.7714321,0.794792,0.7118489,0.73166484,0.73537505
2025-01-01 08:02:00,0.72280174,0.7138485,0.77089876,0.7942568,0.71107864,0.7310981,0.73499876
2025-01-01 08:03:00,0.7219148,0.7130154,0.77054787,0.7939044,0.7105733,0.7307252,0.73474973
2025-01-01 08:04:00,0.72133493,0.71246994,0.77031547,0.79367095,0.7102403,0.7304782,0.73458356
2025-01-01 08:05:00,0.7209546,0.71211153,0.7701602,0.7935147,0.71001923,0.7303131,0.73447114
2025-01-01 08:06:00,0.7207039,0.71187466,0.77005506,0.79340863,0.709871,0.7302013,0.73439366
2025-01-01 08:07:00,0.72053754,0.7117168,0.7699824,0.79333526,0.70977,0.73012406,0.73433894
2025-01-01 08:08:00,0.7204259,0.7116102,0.7699309,0.79328305,0.7096998,0.73006934,0.73429894
2025-01-01 08:09:00,0.72034985,0.711537,0.76989317,0.79324454,0.70964956,0.7300292,0.7342686
2025-01-01 08:10:00,0.7202969,0.7114855,0.7698643,0.7932151,0.70961237,0.7299986,0.7342445
2025-01-01 08:11:00,0.720259,0.711448,0.7698413,0.7931914,0.7095836,0.7299741,0.7342245
2025-01-01 08:12:00,0.7202308,0.7114197,0.76982206,0.7931715,0.7095603,0.7299537,0.73420715
2025-01-01 08:13:00,0.720209,0.71139735,0.76980525,0.79315406,0.70954055,0.7299359,0.7341915
2025-01-01 08:14:00,0.72019124,0.7113788,0.76979,0.7931382,0.70952314,0.7299198,0.734177
2025-01-01 08:15:00,0.72017616,0.7113628,0.76977575,0.79312336,0.7095072,0.72990483,0.7341633
2025-01-01 08:16:00,0.7201628,0.71134835,0.76976216,0.79310924,0.7094923,0.7298906,0.73415
2025-01-01 08:17:00,0.72015053,0.71133494,0.769749,0.79309547,0.7094781,0.72987676,0.73413706
2025-01-01 08:18:00,0.72013897,0.7113222,0.7697361,0.793082,0.7094642,0.7298633,0.73412436
2025-01-01 08:19:00,0.7201278,0.7113099,0.76972336,0.7930687,0.7094506,0.72985,0.7341118
2025-01-01 08:20:00,0.720117,0.71129787,0.7697107,0.7930556,0.70943713,0.7298369,0.7340993
2025-01-01 08:21:00,0.7201063,0.71128595,0.7696982,0.79304254,0.7094238,0.7298238,0.7340869
2025-01-01 08:22:00,0.7200957,0.71127415,0.7696857,0.7930295,0.70941055,0.72981083,0.7340746
2025-01-01 08:23:00,0.72008514,0.71126246,0.76967317,0.79301643,0.7093974,0.7297979,0.73406225
2025-01-01 08:24:00,0.7200746,0.7112507,0.76966065,0.7930034,0.7093842,0.72978497,0.73405004
2025-01-01 08:25:00,0.7200641,0.71123904,0.76964813,0.79299045,0.70937103,0.72977215,0.7340378
2025-01-01 08:26:00,0.72005355,0.7112273,0.7696356,0.79297745,0.709358,0.72975934,0.7340256
2025-01-01 08:27:00,0.72004306,0.7112156,0.7696231,0.7929644,0.70934486,0.7297465,0.73401344
2025-01-01 08:28:00,0.7200325,0.71120393,0.7696106,0.7929514,0.70933175,0.7297337,0.7340013
2025-01-01 08:29:00,0.7200219,0.71119213,0.769598,0.7929384,0.7093187,0.7297209,0.7339892
2025-01-01 08:30:00,0.7173649,0.7087349,0.76879394,0.79203904,0.7081799,0.72902125,0.7337627
2025-01-01 08:31:00,0.7156341,0.7071336,0.7682669,0.79144984,0.7074351,0.728562,0.7336112
2025-01-01 08:32:00,0.7145053,0.7060886,0.76791984,0.7910623,0.70694643,0.728259,0.7335086
2025-01-01 08:33:00,0.7137678,0.7054052,0.7676899,0.7908059,0.70662427,0.7280576,0.73343766
2025-01-01 08:34:00,0.7132847,0.70495677,0.7675359,0.79063463,0.7064102,0.72792226,0.73338735
2025-01-01 08:35:00,0.7129668,0.7046612,0.76743144,0.7905187,0.7062666,0.7278299,0.7333505
2025-01-01 08:36:00,0.71275645,0.70446485,0.76735914,0.79043883,0.70616865,0.7277654,0.7333224
2025-01-01 08:37:00,0.71261585,0.704333,0.76730764,0.7903823,0.7061004,0.727719,0.7333
2025-01-01 08:38:00,0.7125206,0.7042431,0.76726973,0.79034096,0.70605147,0.72768444,0.7332812
2025-01-01 08:39:00,0.7124549,0.7041805,0.76724064,0.79030955,0.7060151,0.72765756,0.7332648
2025-01-01 08:40:00,0.7124083,0.70413554,0.7672172,0.7902846,0.7059869,0.7276357,0.7332501
2025-01-01 08:41:00,0.71237415,0.7041021,0.76719755,0.7902637,0.70596397,0.727617,0.7332363
2025-01-01 08:42:00,0.71234816,0.7040762,0.76718026,0.7902456,0.70594454,0.7276005,0.7332233
2025-01-01 08:43:00,0.7123273,0.704055,0.7671646,0.7902292,0.7059274,0.7275853,0.73321074
2025-01-01 08:44:00,0.7123099,0.704037,0.7671499,0.790214,0.7059116,0.72757107,0.7331984
2025-01-01 08:45:00,0.71229464,0.7040211,0.76713586,0.7901995,0.70589685,0.7275574,0.7331863
2025-01-01 08:46:00,0.71228087,0.70400643,0.7671223,0.7901856,0.7058827,0.7275442,0.7331744
2025-01-01 08:47:00,0.71226794,0.70399266,0.767109,0.79017186,0.7058689,0.72753125,0.7331625
2025-01-01 08:48:00,0.7122556,0.70397943,0.76709574,0.7901584,0.7058555,0.72751844,0.73315084
2025-01-01 08:49:00,0.7122436,0.70396656,0.76708275,0.79014504,0.7058422,0.72750574,0.7331391
2025-01-01 08:50:00,0.7122319,0.7039539,0.76706976,0.79013175,0.70582896,0.72749317,0.7331274
2025-01-01 08:51:00,0.7122203,0.70394135,0.7670568,0.7901186,0.70581585,0.72748065,0.73311585
2025-01-01 08:52:00,0.7122088,0.70392895,0.7670439,0.7901054,0.70580286,0.72746813,0.7331043
2025-01-01 08:53:00,0.71219736,0.7039165,0.7670309,0.79009223,0.70578986,0.7274557,0.7330927
2025-01-01 08:54:00,0.71218586,0.70390415,0.767018,0.7900791,0.7057768,0.7274432,0.7330812
2025-01-01 08:55:00,0.7121744,0.70389175,0.76700515,0.790066,0.7057639,0.7274309,0.7330697
2025-01-01 08:56:00,0.712163,0.70387936,0.7669922,0.7900529,0.705751,0.7274185,0.7330583
2025-01-01 08:57:00,0.7121515,0.703867,0.7669793,0.7900398,0.70573807,0.72740614,0.7330468
2025-01-01 08:58:00,0.71214,0.7038546,0.76696634,0.79002666,0.70572513,0.7273938,0.73303545
2025-01-01 08:59:00,0.7121285,0.7038422,0.7669534,0.79001355,0.70571226,0.72738147,0.73302406
2025-01-01 09:00:00,0.71006584,0.7019762,0.7666056,0.78948003,0.70526046,0.7273182,0.7334484
2025-01-01 09:01:00,0.70872104,0.70075893,0.76637495,0.7891287,0.70496225,0.7272728,0.73372024
2025-01-01 09:02:00,0.7078429,0.69996333,0.7662205,0.7888957,0.7047639,0.727239,0.73389304
2025-01-01 09:03:00,0.70726794,0.6994418,0.76611555,0.7887397,0.7046305,0.7272128,0.73400146
2025-01-01 09:04:00,0.70689017,0.69909847,0.76604277,0.7886337,0.7045393,0.72719145,0.73406804
2025-01-01 09:05:00,0.7066405,0.69887084,0.7659909,0.7885602,0.7044756,0.7271733,0.7341074
2025-01-01 09:06:00,0.7064741,0.69871855,0.76595265,0.78850794,0.7044297,0.72715735,0.734129
2025-01-01 09:07:00,0.70636183,0.6986151,0.76592326,0.7884693,0.70439535,0.7271427,0.73413926
2025-01-01 09:08:00,0.7062847,0.6985434,0.7658996,0.78843963,0.70436853,0.727129,0.734142
2025-01-01 09:09:00,0.70623046,0.69849247,0.76587963,0.7884158,0.70434666,0.7271158,0.73414
2025-01-01 09:10:00,0.70619106,0.6984549,0.7658621,0.78839564,0.704328,0.727103,0.7341348
2025-01-01 09:11:00,0.70616126,0.6984261,0.76584613,0.78837806,0.70431143,0.72709054,0.7341276
2025-01-01 09:12:00,0.7061378,0.69840294,0.7658312,0.78836197,0.7042962,0.7270782,0.7341191
2025-01-01 09:13:00,0.70611835,0.69838345,0.76581687,0.788347,0.7042818,0.72706604,0.73410976
2025-01-01 09:14:00,0.7061015,0.6983663,0.76580304,0.7883327,0.70426804,0.7270539,0.73409986
2025-01-01 09:15:00,0.70608634,0.6983508,0.76578945,0.78831875,0.7042546,0.7270419,0.7340897
2025-01-01 09:16:00,0.70607233,0.69833624,0.76577604,0.78830516,0.7042415,0.72702986,0.73407924
2025-01-01 09:17:00,0.70605904,0.6983223,0.76576275,0.78829175,0.7042286,0.7270179,0.73406875
2025-01-01 09:18:00,0.70604616,0.6983088,0.7657496,0.78827846,0.7042157,0.727006,0.73405814
2025-01-01 09:19:00,0.7060336,0.69829553,0.7657364,0.7882653,0.70420295,0.72699416,0.7340475
2025-01-01 09:20:00,0.7060212,0.6982825,0.7657233,0.78825223,0.70419025,0.7269823,0.7340368
2025-01-01 09:21:00,0.7060089,0.69826955,0.7657102,0.7882391,0.7041776,0.72697043,0.7340262
2025-01-01 09:22:00,0.7059967,0.6982566,0.76569706,0.788226,0.704165,0.7269587,0.7340156
2025-01-01 09:23:00,0.7059845,0.69824374,0.76568395,0.788213,0.7041524,0.7269469,0.734005
2025-01-01 09:24:00,0.70597225,0.69823086,0.7656709,0.7882,0.7041398,0.72693515,0.73399436
2025-01-01 09:25:00,0.70596004,0.69821805,0.7656578,0.78818697,0.70412725,0.7269234,0.7339838
2025-01-01 09:26:00,0.7059479,0.69820523,0.76564467,0.788174,0.70411474,0.7269117,0.73397326
2025-01-01 09:27:00,0.7059357,0.69819236,0.7656316,0.788161,0.7041022,0.72690004,0.7339628
2025-01-01 09:28:00,0.7059235,0.69817954,0.7656185,0.788148,0.70408976,0.7268884,0.73395234
2025-01-01 09:29:00,0.7059113,0.69816667,0.7656054,0.78813505,0.70407724,0.7268768,0.7339419
2025-01-01 09:30:00,0.7044799,0.69692516,0.76571995,0.7879769,0.7043204,0.727451,0.7350096
2025-01-01 09:31:00,0.70354515,0.69611365,0.7657898,0.78786963,0.7044741,0.7278202,0.7357
2025-01-01 09:32:00,0.7029333,0.6955816,0.76583064,0.7877953,0.70456964,0.72805613,0.7361452
2025-01-01 09:33:00,0.70253134,0.6952313,0.7658526,0.78774256,0.70462745,0.7282055,0.73643094
2025-01-01 09:34:00,0.7022657,0.6949991,0.76586235,0.7877037,0.70466065,0.7282986,0.73661315
2025-01-01 09:35:00,0.70208865,0.6948436,0.7658641,0.78767395,0.704678,0.7283551,0.7367281
2025-01-01 09:36:00,0.70196927,0.69473803,0.76586056,0.7876501,0.7046849,0.7283879,0.7367992
2025-01-01 09:37:00,0.7018873,0.6946649,0.7658537,0.7876301,0.7046851,0.7284052,0.7368419
2025-01-01 09:38:00,0.7018297,0.6946128,0.76584464,0.78761256,0.7046809,0.7284125,0.7368662
2025-01-01 09:39:00,0.7017879,0.6945744,0.76583415,0.7875967,0.70467395,0.7284133,0.7368784
2025-01-01 09:40:00,0.7017563,0.69454485,0.76582277,0.78758186,0.7046651,0.7284099,0.7368829
2025-01-01 09:41:00,0.70173144,0.6945212,0.7658108,0.78756773,0.7046551,0.7284037,0.7368823
2025-01-01 09:42:00,0.70171094,0.6945012,0.7657984,0.787554,0.7046444,0.72839576,0.7368785
2025-01-01 09:43:00,0.7016932,0.6944837,0.7657858,0.7875407,0.7046331,0.7283867,0.7368726
2025-01-01 09:44:00,0.70167726,0.6944677,0.765773,0.7875275,0.7046215,0.7283769,0.7368653
2025-01-01 09:45:00,0.70166254,0.6944528,0.76576006,0.78751445,0.70460975,0.7283667,0.7368571
2025-01-01 09:46:00,0.70164853,0.6944386,0.7657471,0.7875015,0.7045979,0.7283561,0.7368485
2025-01-01 09:47:00,0.701635,0.6944247,0.76573414,0.7874886,0.7045859,0.72834545,0.7368394
2025-01-01 09:48:00,0.70162183,0.69441116,0.7657211,0.78747576,0.7045739,0.7283346,0.7368301
2025-01-01 09:49:00,0.70160884,0.69439775,0.7657081,0.78746295,0.7045619,0.72832376,0.73682076
2025-01-01 09:50:00,0.70159596,0.6943845,0.765695,0.7874502,0.7045499,0.72831285,0.7368113
2025-01-01 09:51:00,0.70158315,0.69437134,0.7656819,0.78743744,0.70453787,0.72830194,0.7368018
2025-01-01 09:52:00,0.7015704,0.6943582,0.7656688,0.78742474,0.7045259,0.72829103,0.73679227
2025-01-01 09:53:00,0.7015577,0.6943451,0.76565576,0.787412,0.7045139,0.7282801,0.7367828
2025-01-01 09:54:00,0.70154494,0.694332,0.7656427,0.7873993,0.7045019,0.7282692,0.7367734
2025-01-01 09:55:00,0.70153224,0.69431895,0.76562965,0.78738666,0.70449,0.7282584,0.7367639
2025-01-01 09:56:00,0.70151955,0.6943059,0.7656166,0.78737396,0.7044781,0.7282476,0.73675454
2025-01-01 09:57:00,0.70150685,0.6942928,0.76560354,0.7873613,0.70446616,0.7282368,0.7367451
2025-01-01 09:58:00,0.7014941,0.69427973,0.7655905,0.7873487,0.7044543,0.728226,0.7367358
2025-01-01 09:59:00,0.7014814,0.6942667,0.76557744,0.78733605,0.70444244,0.7282153,0.7367265
2025-01-01 10:00:00,0.7007067,0.6936717,0.76615244,0.7875562,0.70537627,0.7294167,0.7384184
2025-01-01 10:01:00,0.70019865,0.69328046,0.7665216,0.7876949,0.7059791,0.730194,0.73951495
2025-01-01 10:02:00,0.699864,0.69302154,0.766757,0.78778064,0.7063669,0.7306955,0.74022454
2025-01-01 10:03:00,0.6996419,0.6928486,0.7669054,0.78783196,0.70661485,0.73101777,0.7406826
2025-01-01 10:04:00,0.6994931,0.6927317,0.7669974,0.787861,0.7067719,0.7312236,0.74097717
2025-01-01 10:05:00,0.6993919,0.69265103,0.76705265,0.7878755,0.70686996,0.73135376,0.7411655
2025-01-01 10:06:00,0.69932157,0.69259405,0.767084,0.78788054,0.7069296,0.7314347,0.7412847
2025-01-01 10:07:00,0.6992714,0.69255245,0.76709986,0.7878794,0.7069644,0.73148364,0.7413592
2025-01-01 10:08:00,0.69923425,0.69252086,0.7671056,0.7878744,0.70698285,0.7315119,0.7414045
2025-01-01 10:09:00,0.6992056,0.6924957,0.7671048,0.7878668,0.7069909,0.73152655,0.7414308
2025-01-01 10:10:00,0.69918245,0.6924747,0.76709974,0.7878574,0.70699203,0.7315326,0.7414449
2025-01-01 10:11:00,0.6991629,0.69245654,0.76709193,0.78784704,0.70698875,0.7315329,0.74145097
2025-01-01 10:12:00,0.69914573,0.6924401,0.76708233,0.78783596,0.7069826,0.7315295,0.7414519
2025-01-01 10:13:00,0.69913,0.69242483,0.7670716,0.78782445,0.7069747,0.73152375,0.74144953
2025-01-01 10:14:00,0.6991153,0.69241035,0.7670601,0.78781265,0.70696545,0.7315164,0.74144495
2025-01-01 10:15:00,0.69910115,0.69239634,0.7670481,0.7878006,0.70695555,0.7315082,0.7414389
2025-01-01 10:16:00,0.69908744,0.69238263,0.7670358,0.78778857,0.7069451,0.73149925,0.7414321
2025-01-01 10:17:00,0.69907403,0.6923691,0.7670233,0.7877764,0.7069344,0.7314899,0.7414247
2025-01-01 10:18:00,0.6990607,0.6923558,0.7670107,0.78776425,0.7069235,0.73148036,0.74141693
2025-01-01 10:19:00,0.69904757,0.6923425,0.766998,0.78775203,0.7069124,0.7314707,0.74140894
2025-01-01 10:20:00,0.69903445,0.6923293,0.76698524,0.7877399,0.7069013,0.731461,0.74140084
2025-01-01 10:21:00,0.6990214,0.6923161,0.7669724,0.78772765,0.70689017,0.73145115,0.7413927
2025-01-01 10:22:00,0.69900835,0.69230294,0.76695967,0.78771544,0.706879,0.73144126,0.7413845
2025-01-01 10:23:00,0.6989953,0.6922898,0.76694685,0.7877032,0.7068679,0.7314315,0.7413763
2025-01-01 10:24:00,0.6989823,0.6922768,0.76693404,0.78769106,0.7068567,0.7314217,0.7413681
2025-01-01 10:25:00,0.69896924,0.69226366,0.7669212,0.78767896,0.7068456,0.7314119,0.74136
2025-01-01 10:26:00,0.69895625,0.69225055,0.7669084,0.7876668,0.7068345,0.7314021,0.74135184
2025-01-01 10:27:00,0.69894326,0.6922375,0.76689565,0.7876547,0.7068234,0.7313924,0.74134374
2025-01-01 10:28:00,0.6989302,0.6922244,0.7668829,0.78764266,0.7068124,0.7313827,0.7413357
2025-01-01 10:29:00,0.69891715,0.69221133,0.76687014,0.78763056,0.70680135,0.7313731,0.7413277
2025-01-01 10:30:00,0.6988131,0.69227356,0.7678951,0.7882251,0.70840913,0.7331804,0.7436136
2025-01-01 10:31:00,0.6987408,0.69230944,0.76855695,0.78860736,0.70945036,0.7343518,0.74509674
2025-01-01 10:32:00,0.6986892,0.6923282,0.7689827,0.7888516,0.71012336,0.7351099,0.74605805
2025-01-01 10:33:00,0.69865113,0.69233584,0.769255,0.78900623,0.7105571,0.7355994,0.74668014
2025-01-01 10:34:00,0.6986218,0.6923362,0.76942754,0.78910255,0.7108352,0.7359143,0.7470819
2025-01-01 10:35:00,0.69859815,0.6923319,0.76953524,0.789161,0.7110122,0.7361157,0.74734026
2025-01-01 10:36:00,0.69857824,0.6923246,0.76960087,0.78919494,0.71112347,0.73624337,0.7475056
2025-01-01 10:37:00,0.6985607,0.6923152,0.7696391,0.7892128,0.7111921,0.7363231,0.7476104
2025-01-01 10:38:00,0.6985447,0.69230455,0.7696595,0.7892203,0.71123296,0.7363717,0.7476759
2025-01-01 10:39:00,0.6985298,0.69229305,0.7696684,0.78922105,0.7112558,0.73640007,0.74771583
2025-01-01 10:40:00,0.6985154,0.69228107,0.7696697,0.7892174,0.71126693,0.7364154,0.7477392
2025-01-01 10:41:00,0.6985016,0.69226867,0.76966625,0.7892109,0.7112705,0.7364221,0.74775183
2025-01-01 10:42:00,0.69848794,0.6922561,0.76965964,0.78920263,0.7112691,0.7364233,0.7477575
2025-01-01 10:43:00,0.69847447,0.6922434,0.7696509,0.78919315,0.7112645,0.7364209,0.7477586
2025-01-01 10:44:00,0.69846123,0.6922306,0.76964086,0.7891829,0.7112578,0.7364162,0.74775684
2025-01-01 10:45:00,0.698448,0.6922177,0.76962996,0.7891722,0.7112499,0.7364101,0.74775314
2025-01-01 10:46:00,0.69843477,0.6922048,0.7696186,0.78916115,0.7112411,0.736403,0.74774826
2025-01-01 10:47:00,0.6984216,0.69219184,0.7696068,0.78914994,0.71123177,0.73639524,0.74774265
2025-01-01 10:48:00,0.6984084,0.69217896,0.7695948,0.7891387,0.7112221,0.7363872,0.7477365
2025-01-01 10:49:00,0.6983953,0.692166,0.7695826,0.7891273,0.7112122,0.7363788,0.7477301
2025-01-01 10:50:00,0.6983822,0.69215304,0.76957035,0.78911585,0.7112022,0.7363704,0.74772346
2025-01-01 10:51:00,0.69836915,0.6921401,0.7695581,0.7891044,0.7111921,0.7363618,0.7477168
2025-01-01 10:52:00,0.69835603,0.69212717,0.7695458,0.789093,0.711182,0.7363532,0.74771005
2025-01-01 10:53:00,0.6983429,0.69211423,0.76953346,0.7890816,0.7111718,0.7363447,0.7477033
2025-01-01 10:54:00,0.6983298,0.6921013,0.7695212,0.7890701,0.71116173,0.7363361,0.7476965
2025-01-01 10:55:00,0.6983167,0.6920884,0.76950884,0.78905874,0.71115166,0.7363276,0.74768984
2025-01-01 10:56:00,0.6983036,0.69207555,0.76949656,0.78904736,0.7111416,0.73631907,0.7476831
2025-01-01 10:57:00,0.69829047,0.6920627,0.7694843,0.78903604,0.7111315,0.73631054,0.74767643
2025-01-01 10:58:00,0.69827735,0.6920498,0.769472,0.7890247,0.7111215,0.73630214,0.74766976
2025-01-01 10:59:00,0.69826424,0.6920369,0.7694598,0.78901345,0.7111115,0.73629373,0.7476632
2025-01-01 11:00:00,0.6988326,0.69275534,0.77091664,0.7899716,0.7133645,0.7386745,0.75050235
2025-01-01 11:01:00,0.6991974,0.6932179,0.7718593,0.79059047,0.7148255,0.7402192,0.7523456
2025-01-01 11:02:00,0.6994299,0.693514,0.77246773,0.7909889,0.71577173,0.7412203,0.7535415
2025-01-01 11:03:00,0.6995765,0.693702,0.77285904,0.7912439,0.7163834,0.7418682,0.7543167
2025-01-01 11:04:00,0.6996672,0.6938197,0.7731092,0.79140586,0.71677756,0.7422865,0.7548184
2025-01-01 11:05:00,0.6997216,0.69389176,0.7732675,0.7915072,0.71703035,0.74255556,0.7551422
2025-01-01 11:06:00,0.69975233,0.69393414,0.77336615,0.7915693,0.7171913,0.7427277,0.75535065
2025-01-01 11:07:00,0.69976777,0.69395727,0.7734261,0.7916058,0.71729255,0.7428368,0.7554839
2025-01-01 11:08:00,0.6997732,0.6939678,0.77346087,0.7916256,0.717355,0.74290484,0.75556844
2025-01-01 11:09:00,0.6997722,0.6939702,0.7734793,0.79163474,0.71739227,0.74294645,0.7556213
2025-01-01 11:10:00,0.69976693,0.69396734,0.77348703,0.7916368,0.7174131,0.7429707,0.7556536
2025-01-01 11:11:00,0.6997589,0.693961,0.7734879,0.7916344,0.7174235,0.74298376,0.7556726
2025-01-01 11:12:00,0.6997492,0.6939525,0.77348435,0.7916291,0.71742684,0.74298954,0.7556828
2025-01-01 11:13:00,0.69973826,0.6939425,0.77347785,0.7916218,0.71742576,0.7429906,0.7556875
2025-01-01 11:14:00,0.6997266,0.6939316,0.77346945,0.7916133,0.71742177,0.7429886,0.7556885
2025-01-01 11:15:00,0.6997144,0.6939201,0.7734598,0.79160404,0.7174159,0.74298465,0.7556872
2025-01-01 11:16:00,0.69970196,0.6939082,0.7734494,0.79159427,0.71740896,0.74297947,0.7556843
2025-01-01 11:17:00,0.6996894,0.69389606,0.7734385,0.7915842,0.71740115,0.74297345,0.7556805
2025-01-01 11:18:00,0.6996766,0.6938838,0.77342737,0.79157394,0.71739286,0.7429669,0.75567615
2025-01-01 11:19:00,0.6996637,0.6938714,0.773416,0.7915636,0.7173843,0.7429601,0.7556714
2025-01-01 11:20:00,0.6996508,0.6938589,0.77340454,0.79155314,0.7173756,0.74295306,0.7556664
2025-01-01 11:21:00,0.6996379,0.69384646,0.773393,0.79154265,0.7173667,0.74294597,0.75566125
2025-01-01 11:22:00,0.6996249,0.693834,0.7733814,0.79153216,0.7173578,0.74293876,0.75565606
2025-01-01 11:23:00,0.6996119,0.69382155,0.7733697,0.7915217,0.7173489,0.7429316,0.7556508
2025-01-01 11:24:00,0.6995989,0.69380903,0.77335817,0.79151124,0.71733993,0.7429244,0.75564563
2025-01-01 11:25:00,0.699586,0.6937965,0.77334654,0.7915008,0.71733105,0.74291724,0.75564045
2025-01-01 11:26:00,0.699573,0.69378406,0.7733349,0.7914904,0.7173222,0.74291015,0.75563526
2025-01-01 11:27:00,0.69956,0.6937716,0.77332336,0.79148,0.7173133,0.74290305,0.75563014
2025-01-01 11:28:00,0.69954705,0.69375914,0.7733118,0.7914697,0.71730447,0.74289596,0.75562507
2025-01-01 11:29:00,0.6995341,0.69374675,0.77330023,0.7914594,0.71729565,0.7428889,0.75562
2025-01-01 11:30:00,0.7007647,0.6951085,0.77516276,0.7927641,0.72015375,0.74580085,0.75896174
2025-01-01 11:31:00,0.7015601,0.69598925,0.7763694,0.7936087,0.72200847,0.74769115,0.76113224
2025-01-01 11:32:00,0.70207256,0.69655746,0.77714974,0.79415405,0.72321105,0.7489175,0.76254135
2025-01-01 11:33:00,0.70240116,0.6969225,0.7776529,0.79450506,0.7239898,0.7497123,0.7634556
2025-01-01 11:34:00,0.70261025,0.6971554,0.7779761,0.79472965,0.72449297,0.75022656,0.7640482
2025-01-01 11:35:00,0.7027417,0.6973026,0.7781822,0.79487216,0.7248171,0.7505585,0.76443183
2025-01-01 11:36:00,0.70282257,0.69739395,0.77831215,0.7949613,0.72502476,0.75077194,0.76467955
2025-01-01 11:37:00,0.70287067,0.697449,0.77839273,0.79501575,0.7251569,0.75090843,0.76483893
2025-01-01 11:38:00,0.7028974,0.6974806,0.7784412,0.7950477,0.7252399,0.75099486,0.76494104
2025-01-01 11:39:00,0.7029103,0.6974968,0.7784687,0.795065,0.72529083,0.75104874,0.7650058
2025-01-01 11:40:00,0.70291424,0.6975031,0.7784828,0.7950728,0.7253212,0.7510816,0.7650465
2025-01-01 11:41:00,0.7029123,0.6975029,0.778488,0.7950744,0.725338,0.7511007,0.76507133
2025-01-01 11:42:00,0.70290655,0.69749856,0.7784875,0.795072,0.725346,0.751111,0.76508605
2025-01-01 11:43:00,0.7028983,0.6974915,0.7784833,0.79506713,0.7253485,0.75111544,0.76509416
2025-01-01 11:44:00,0.70288855,0.6974827,0.7784767,0.7950605,0.7253473,0.75111616,0.765098
2025-01-01 11:45:00,0.7028777,0.6974728,0.77846855,0.7950528,0.72534364,0.7511145,0.7650989
2025-01-01 11:46:00,0.7028662,0.6974621,0.7784594,0.7950445,0.7253385,0.75111127,0.7650982
2025-01-01 11:47:00,0.7028543,0.69745094,0.7784497,0.7950357,0.72533244,0.7511071,0.76509637
2025-01-01 11:48:00,0.7028421,0.6974395,0.7784395,0.79502666,0.7253257,0.75110227,0.76509374
2025-01-01 11:49:00,0.7028297,0.6974279,0.7784291,0.7950175,0.72531855,0.7510971,0.76509076
2025-01-01 11:50:00,0.70281726,0.6974162,0.77841854,0.7950082,0.7253112,0.75109166,0.7650874
2025-01-01 11:51:00,0.7028047,0.6974044,0.77840793,0.7949989,0.72530377,0.75108606,0.76508397
2025-01-01 11:52:00,0.70279205,0.6973926,0.7783972,0.7949895,0.72529626,0.7510804,0.76508045
2025-01-01 11:53:00,0.7027795,0.6973807,0.7783864,0.7949802,0.7252886,0.7510747,0.7650769
2025-01-01 11:54:00,0.7027669,0.6973689,0.7783757,0.79497087,0.725281,0.751069,0.7650733
2025-01-01 11:55:00,0.70275426,0.69735706,0.778365,0.7949616,0.72527343,0.75106335,0.7650697
2025-01-01 11:56:00,0.7027416,0.6973452,0.7783543,0.7949523,0.7252659,0.75105774,0.7650662
2025-01-01 11:57:00,0.702729,0.6973334,0.7783436,0.79494303,0.7252584,0.75105214,0.7650627
2025-01-01 11:58:00,0.7027164,0.6973216,0.778333,0.79493386,0.7252509,0.7510466,0.7650592
2025-01-01 11:59:00,0.70270383,0.69730985,0.77832234,0.7949247,0.72524345,0.7510411,0.7650558
2025-01-01 12:00:00,0.70457476,0.6992905,0.78055745,0.7965527,0.7286556,0.754432,0.76884043
2025-01-01 12:01:00,0.7057864,0.70057386,0.78200656,0.79760784,0.7308709,0.7566343,0.7712993
2025-01-01 12:02:00,0.7065696,0.701404,0.78294486,0.7982905,0.7323083,0.758064,0.7728965
2025-01-01 12:03:00,0.70707434,0.7019395,0.7835511,0.7987311,0.7332402,0.7589914,0.7739336
2025-01-01 12:04:00,0.7073981,0.70228356,0.78394157,0.7990144,0.7338434,0.7595925,0.7746066
2025-01-01 12:05:00,0.70760417,0.7025031,0.78419167,0.79919547,0.734233,0.7599813,0.775043
2025-01-01 12:06:00,0.70773375,0.7026417,0.7843507,0.79931,0.73448384,0.7602323,0.7753257
2025-01-01 12:07:00,0.7078136,0.7027279,0.7844504,0.79938143,0.73464435,0.76039374,0.7755084
2025-01-01 12:08:00,0.70786124,0.7027798,0.78451174,0.79942477,0.7347463,0.7604969,0.7756262
2025-01-01 12:09:00,0.7078879,0.7028096,0.7845479,0.79945,0.7348102,0.7605623,0.77570176
2025-01-01 12:10:00,0.7079008,0.70282495,0.78456795,0.79946333,0.7348493,0.7606031,0.77575
2025-01-01 12:11:00,0.707905,0.702831,0.7845774,0.799469,0.7348723,0.7606279,0.7757804
2025-01-01 12:12:00,0.7079034,0.70283085,0.78458,0.79946965,0.734885,0.7606424,0.7757993
2025-01-01 12:13:00,0.707898,0.70282686,0.78457814,0.79946715,0.7348909,0.7606502,0.7758106
2025-01-01 12:14:00,0.7078903,0.7028203,0.7845735,0.79946256,0.73489237,0.7606537,0.77581716
2025-01-01 12:15:00,0.7078809,0.7028121,0.78456694,0.79945666,0.73489106,0.76065433,0.77582055
2025-01-01 12:16:00,0.70787054,0.7028028,0.7845592,0.79944986,0.7348879,0.76065314,0.77582186
2025-01-01 12:17:00,0.7078595,0.7027928,0.7845507,0.7994426,0.7348836,0.7606508,0.775822
2025-01-01 12:18:00,0.7078481,0.7027824,0.7845417,0.7994349,0.73487854,0.7606478,0.7758212
2025-01-01 12:19:00,0.70783645,0.7027717,0.7845325,0.7994271,0.73487306,0.7606443,0.77582
2025-01-01 12:20:00,0.7078246,0.70276093,0.78452307,0.79941916,0.7348672,0.7606405,0.77581847
2025-01-01 12:21:00,0.7078126,0.70275,0.7845135,0.7994111,0.73486125,0.76063657,0.7758167
2025-01-01 12:22:00,0.7078006,0.70273906,0.7845038,0.799403,0.7348552,0.7606325,0.7758149
2025-01-01 12:23:00,0.70778865,0.7027281,0.7844942,0.79939497,0.7348491,0.76062846,0.775813
2025-01-01 12:24:00,0.7077766,0.70271707,0.78448457,0.7993869,0.73484296,0.7606244,0.7758111
2025-01-01 12:25:00,0.70776457,0.7027061,0.78447497,0.799379,0.7348369,0.76062036,0.77580917
2025-01-01 12:26:00,0.7077525,0.70269513,0.7844653,0.799371,0.7348308,0.7606163,0.7758073
2025-01-01 12:27:00,0.7077405,0.70268416,0.7844557,0.799363,0.7348247,0.7606123,0.77580553
2025-01-01 12:28:00,0.7077285,0.7026732,0.7844462,0.79935515,0.7348187,0.7606084,0.77580374
2025-01-01 12:29:00,0.7077165,0.7026623,0.78443664,0.7993473,0.73481274,0.76060444,0.775802
2025-01-01 12:30:00,0.7101943,0.7052266,0.78700435,0.8012696,0.73871803,0.7644139,0.7799621
2025-01-01 12:31:00,0.7118007,0.70688957,0.7886701,0.8025164,0.74125445,0.7668888,0.78266567
2025-01-01 12:32:00,0.71284074,0.70796674,0.78974956,0.8033241,0.7429011,0.76849616,0.7844224
2025-01-01 12:33:00,0.71351254,0.7086632,0.79044795,0.8038465,0.7439694,0.7695397,0.7855638
2025-01-01 12:34:00,0.7139451,0.7091121,0.79089874,0.8041834,0.74466187,0.77021676,0.78630525
2025-01-01 12:35:00,0.7142222,0.70940024,0.7911885,0.8043998,0.74511003,0.7706557,0.78678674
2025-01-01 12:36:00,0.7143981,0.70958376,0.7913736,0.80453783,0.7453994,0.77093977,0.78709924
2025-01-01 12:37:00,0.7145084,0.70969933,0.7914908,0.804625,0.74558556,0.77112323,0.787302
2025-01-01 12:38:00,0.71457595,0.7097708,0.79156375,0.8046791,0.7457047,0.77124137,0.7874334
2025-01-01 12:39:00,0.7146158,0.70981354,0.791608,0.8047117,0.7457803,0.77131695,0.78751844
2025-01-01 12:40:00,0.7146376,0.7098377,0.7916336,0.8047303,0.7458275,0.771365,0.78757334
2025-01-01 12:41:00,0.7146477,0.70984966,0.7916471,0.8047399,0.74585634,0.7713951,0.7876087
2025-01-01 12:42:00,0.7146503,0.7098539,0.79165274,0.80474365,0.7458733,0.7714136,0.7876314
2025-01-01 12:43:00,0.71464777,0.70985293,0.79165334,0.8047436,0.7458825,0.7714246,0.7876458
2025-01-01 12:44:00,0.71464217,0.70984876,0.79165065,0.8047411,0.74588674,0.77143073,0.78765494
2025-01-01 12:45:00,0.7146344,0.7098424,0.7916458,0.804737,0.74588776,0.77143365,0.78766066
2025-01-01 12:46:00,0.7146255,0.70983464,0.7916396,0.80473185,0.7458866,0.77143455,0.7876641
2025-01-01 12:47:00,0.7146156,0.70982605,0.79163253,0.8047261,0.7458841,0.7714341,0.78766614
2025-01-01 12:48:00,0.71460515,0.7098169,0.7916249,0.80472,0.74588084,0.7714329,0.7876673
2025-01-01 12:49:00,0.7145944,0.7098074,0.7916169,0.8047136,0.745877,0.7714312,0.7876679
2025-01-01 12:50:00,0.7145834,0.7097977,0.79160875,0.8047071,0.74587286,0.7714291,0.7876681
2025-01-01 12:51:00,0.7145723,0.7097878,0.79160047,0.8047005,0.74586856,0.77142686,0.7876681
2025-01-01 12:52:00,0.7145611,0.70977783,0.79159206,0.8046939,0.7458641,0.77142453,0.787668
2025-01-01 12:53:00,0.71454984,0.7097679,0.79158366,0.80468726,0.74585956,0.77142215,0.7876678
2025-01-01 12:54:00,0.7145386,0.7097579,0.79157525,0.8046807,0.745855,0.77141976,0.78766763
2025-01-01 12:55:00,0.71452737,0.70974797,0.79156685,0.80467415,0.74585044,0.7714173,0.78766745
2025-01-01 12:56:00,0.7145161,0.709738,0.79155856,0.80466753,0.745846,0.771415,0.78766733
2025-01-01 12:57:00,0.7145049,0.7097281,0.79155016,0.80466104,0.7458415,0.77141273,0.7876673
2025-01-01 12:58:00,0.7144937,0.7097182,0.7915419,0.8046546,0.7458371,0.7714104,0.7876672
2025-01-01 12:59:00,0.7144825,0.70970833,0.79153365,0.80464816,0.7458327,0.7714082,0.78766716
2025-01-01 13:00:00,0.7175229,0.71281046,0.7943882,0.8068303,0.75016135,0.7755683,0.7921284
2025-01-01 13:01:00,0.71949536,0.7148234,0.7962408,0.80824655,0.75297356,0.7782716,0.79502827
2025-01-01 13:02:00,0.7207736,0.71612847,0.79744214,0.80916494,0.7548001,0.78002816,0.7969132
2025-01-01 13:03:00,0.72160053,0.71697336,0.7982203,0.80975974,0.7559858,0.78116924,0.79813856
2025-01-01 13:04:00,0.72213423,0.7175192,0.7987232,0.8101442,0.7567552,0.78191024,0.7989352
2025-01-01 13:05:00,0.7224773,0.71787065,0.7990474,0.8103921,0.7572539,0.78239125,0.7994531
2025-01-01 13:06:00,0.7226965,0.7180958,0.7992554,0.81055105,0.7575767,0.78270334,0.79978997
2025-01-01 13:07:00,0.7228351,0.7182388,0.79938775,0.8106523,0.7577852,0.7829056,0.8000091
2025-01-01 13:08:00,0.72292143,0.7183284,0.7994712,0.8107161,0.7579193,0.7830365,0.80015177
2025-01-01 13:09:00,0.7229738,0.7183834,0.7995227,0.81075555,0.75800526,0.78312105,0.8002447
2025-01-01 13:10:00,0.72300404,0.71841586,0.79955345,0.81077915,0.7580598,0.78317547,0.80030537
2025-01-01 13:11:00,0.72301996,0.7184337,0.79957074,0.81079245,0.75809395,0.78321034,0.80034506
2025-01-01 13:12:00,0.7230265,0.718442,0.7995793,0.8107991,0.7581149,0.7832325,0.80037117
2025-01-01 13:13:00,0.72302705,0.7184442,0.79958236,0.81080157,0.75812733,0.78324646,0.80038846
2025-01-01 13:14:00,0.72302365,0.7184424,0.7995817,0.81080115,0.7581342,0.78325504,0.8004
2025-01-01 13:15:00,0.72301775,0.7184381,0.7995786,0.81079894,0.7581374,0.7832602,0.80040795
2025-01-01 13:16:00,0.7230102,0.718432,0.7995741,0.8107956,0.75813836,0.7832632,0.80041337
2025-01-01 13:17:00,0.7230016,0.7184249,0.79956853,0.81079155,0.75813776,0.7832647,0.8004173
2025-01-01 13:18:00,0.72299236,0.7184171,0.79956234,0.8107871,0.7581363,0.78326535,0.8004203
2025-01-01 13:19:00,0.72298265,0.71840894,0.7995558,0.8107823,0.7581342,0.7832654,0.80042267
2025-01-01 13:20:00,0.7229727,0.7184004,0.79954904,0.81077737,0.75813174,0.7832652,0.80042464
2025-01-01 13:21:00,0.72296256,0.7183918,0.7995421,0.8107723,0.75812906,0.78326464,0.8004264
2025-01-01 13:22:00,0.72295237,0.7183831,0.7995352,0.81076723,0.7581263,0.78326404,0.80042803
2025-01-01 13:23:00,0.7229422,0.7183744,0.7995282,0.81076217,0.7581234,0.7832634,0.8004296
2025-01-01 13:24:00,0.7229319,0.7183656,0.7995211,0.8107571,0.7581205,0.78326267,0.80043113
2025-01-01 13:25:00,0.7229216,0.71835685,0.7995141,0.8107521,0.7581177,0.783262,0.8004327
2025-01-01 13:26:00,0.7229114,0.71834815,0.7995072,0.8107471,0.7581148,0.78326136,0.8004343
2025-01-01 13:27:00,0.7229011,0.71833944,0.7995002,0.8107421,0.758112,0.78326076,0.8004359
2025-01-01 13:28:00,0.7228909,0.71833074,0.7994933,0.8107372,0.7581092,0.78326017,0.80043757
2025-01-01 13:29:00,0.7228807,0.7183221,0.79948646,0.8107323,0.75810647,0.78325963,0.80043924
2025-01-01 13:30:00,0.7264295,0.72190666,0.80257684,0.8131355,0.76278144,0.78769606,0.805122
2025-01-01 13:31:00,0.7287328,0.72423375,0.8045833,0.81469595,0.76581925,0.7905796,0.80816644
2025-01-01 13:32:00,0.73022646,0.72574335,0.80588514,0.81570864,0.767793,0.7924539,0.81014603
2025-01-01 13:33:00,0.7311938,0.7267217,0.806729,0.8163653,0.7690751,0.7936721,0.81143343
2025-01-01 13:34:00,0.7318191,0.72735465,0.8072753,0.8167905,0.76990765,0.7944639,0.81227106
2025-01-01 13:35:00,0.7322221,0.7277632,0.8076281,0.8170654,0.77044797,0.7949785,0.8128162
2025-01-01 13:36:00,0.7324805,0.7280258,0.8078552,0.8172425,0.7707984,0.795313,0.8131713
2025-01-01 13:37:00,0.7326451,0.72819364,0.80800056,0.8173561,0.7710254,0.79553044,0.81340295
2025-01-01 13:38:00,0.7327487,0.7282999,0.80809283,0.8174284,0.7711722,0.79567176,0.81355435
2025-01-01 13:39:00,0.7328126,0.72836614,0.8081506,0.817474,0.77126694,0.79576373,0.8136535
2025-01-01 13:40:00,0.73285073,0.72840637,0.808186,0.81750214,0.7713278,0.7958236,0.8137188
2025-01-01 13:41:00,0.7328721,0.7284297,0.80820686,0.817519,0.77136666,0.7958625,0.8137621
2025-01-01 13:42:00,0.7328826,0.728442,0.80821824,0.81752855,0.7713913,0.795888,0.8137912
2025-01-01 13:43:00,0.73288614,0.7284473,0.80822355,0.8175333,0.7714066,0.7959047,0.81381106
2025-01-01 13:44:00,0.732885,0.728448,0.80822486,0.81753504,0.77141595,0.79591566,0.81382483
2025-01-01 13:45:00,0.73288095,0.72844565,0.80822366,0.8175348,0.7714214,0.795923,0.8138348
2025-01-01 13:46:00,0.73287505,0.72844136,0.8082208,0.81753325,0.7714244,0.79592794,0.8138421
2025-01-01 13:47:00,0.7328679,0.7284359,0.80821687,0.817531,0.7714258,0.79593134,0.81384796
2025-01-01 13:48:00,0.73285997,0.7284297,0.8082123,0.8175282,0.77142614,0.79593384,0.8138527
2025-01-01 13:49:00,0.7328515,0.7284229,0.8082073,0.817525,0.77142584,0.7959357,0.8138569
2025-01-01 13:50:00,0.7328428,0.72841585,0.808202,0.8175217,0.7714251,0.7959371,0.8138606
2025-01-01 13:51:00,0.73283386,0.72840863,0.80819666,0.81751835,0.7714242,0.79593843,0.81386405
2025-01-01 13:52:00,0.73282486,0.7284013,0.8081912,0.8175149,0.77142304,0.79593956,0.8138674
2025-01-01 13:53:00,0.73281574,0.7283939,0.8081857,0.81751144,0.7714219,0.79594064,0.81387067
2025-01-01 13:54:00,0.7328066,0.7283865,0.8081802,0.817508,0.7714207,0.79594165,0.8138739
2025-01-01 13:55:00,0.7327975,0.7283791,0.8081747,0.8175046,0.7714196,0.79594266,0.81387717
2025-01-01 13:56:00,0.73278844,0.72837174,0.8081693,0.81750125,0.7714184,0.79594374,0.81388044
2025-01-01 13:57:00,0.7327793,0.72836435,0.8081639,0.8174979,0.7714173,0.79594487,0.8138838
2025-01-01 13:58:00,0.73277026,0.728357,0.80815846,0.81749463,0.77141625,0.795946,0.8138871
2025-01-01 13:59:00,0.7327612,0.7283497,0.80815315,0.81749135,0.7714152,0.7959472,0.81389046
2025-01-01 14:00:00,0.73675513,0.73235285,0.8114242,0.82007265,0.7763529,0.80058086,0.8187112
2025-01-01 14:01:00,0.739348,0.7349524,0.81354856,0.82174945,0.77956206,0.8035932,0.8218459
2025-01-01 14:02:00,0.74103034,0.7366396,0.81492764,0.82283825,0.7816478,0.8055517,0.8238848
2025-01-01 14:03:00,0.7421208,0.73773384,0.8158223,0.82354504,0.7830033,0.8068253,0.8252113
2025-01-01 14:04:00,0.7428265,0.73844266,0.8164021,0.8240034,0.7838841,0.80765367,0.8260749
2025-01-01 14:05:00,0.7432822,0.738901,0.8167772,0.82430035,0.7844565,0.8081927,0.82663757
2025-01-01 14:06:00,0.74357533,0.7391965,0.81701934,0.82449245,0.7848283,0.8085436,0.8270046
2025-01-01 14:07:00,0.74376285,0.73938614,0.8171751,0.8246164,0.7850698,0.8087723,0.8272446
2025-01-01 14:08:00,0.74388176,0.7395071,0.8172746,0.82469594,0.78522664,0.8089217,0.82740194
2025-01-01 14:09:00,0.7439561,0.7395834,0.8173377,0.8247468,0.7853285,0.8090194,0.82750565
2025-01-01 14:10:00,0.7440014,0.73963064,0.81737703,0.824779,0.78539455,0.8090836,0.8275745
2025-01-01 14:11:00,0.744028,0.7396591,0.817401,0.824799,0.7854374,0.80912596,0.8276206
2025-01-01 14:12:00,0.7440422,0.7396752,0.817415,0.8248112,0.7854652,0.8091542,0.82765216
2025-01-01 14:13:00,0.7440486,0.73968345,0.8174225,0.8248183,0.78548324,0.80917335,0.82767415
2025-01-01 14:14:00,0.74404985,0.7396865,0.81742585,0.8248221,0.7854949,0.8091865,0.8276899
2025-01-01 14:15:00,0.7440478,0.73968625,0.81742644,0.8248238,0.78550255,0.8091958,0.8277016
2025-01-01 14:16:00,0.7440435,0.73968387,0.8174254,0.82482415,0.7855075,0.8092027,0.82771087
2025-01-01 14:17:00,0.7440379,0.73968005,0.8174231,0.8248237,0.7855107,0.8092079,0.82771844
2025-01-01 14:18:00,0.7440314,0.7396754,0.8174202,0.8248226,0.78551286,0.8092122,0.82772493
2025-01-01 14:19:00,0.7440244,0.7396703,0.8174168,0.82482123,0.78551435,0.80921584,0.8277307
2025-01-01 14:20:00,0.744017,0.73966473,0.81741315,0.8248196,0.7855154,0.80921906,0.82773614
2025-01-01 14:21:00,0.74400944,0.73965895,0.81740946,0.82481796,0.7855162,0.80922204,0.82774127
2025-01-01 14:22:00,0.7440017,0.7396531,0.8174056,0.82481617,0.78551686,0.8092249,0.8277462
2025-01-01 14:23:00,0.74399394,0.7396472,0.8174017,0.8248144,0.78551745,0.80922765,0.82775116
2025-01-01 14:24:00,0.7439861,0.73964125,0.8173978,0.82481265,0.785518,0.8092304,0.82775605
2025-01-01 14:25:00,0.7439783,0.73963535,0.8173939,0.8248109,0.7855186,0.8092332,0.827761
2025-01-01 14:26:00,0.7439705,0.73962945,0.8173901,0.82480925,0.7855191,0.80923593,0.8277659
2025-01-01 14:27:00,0.74396276,0.7396236,0.81738627,0.8248076,0.7855198,0.8092388,0.8277708
2025-01-01 14:28:00,0.743955,0.73961776,0.81738245,0.824806,0.7855204,0.8092416,0.8277758
2025-01-01 14:29:00,0.7439473,0.739612,0.81737876,0.8248044,0.78552103,0.80924445,0.8277808
2025-01-01 14:30:00,0.7483151,0.7439622,0.8207722,0.8275177,0.79063344,0.81399256,0.83265346
2025-01-01 14:31:00,0.75115144,0.74678785,0.82297665,0.82928085,0.79395676,0.81707984,0.8358225
2025-01-01 14:32:00,0.75299245,0.7486226,0.8244084,0.83042645,0.79611725,0.8190877,0.8378842
2025-01-01 14:33:00,0.7541865,0.74981326,0.8253378,0.8311707,0.79752195,0.8203939,0.8392262
2025-01-01 14:34:00,0.7549601,0.75058526,0.8259408,0.8316541,0.79843545,0.8212441,0.84010035
2025-01-01 14:35:00,0.7554603,0.75108516,0.82633156,0.8319679,0.7990296,0.8217979,0.8406705
2025-01-01 14:36:00,0.7557829,0.7514083,0.8265844,0.83217144,0.7994162,0.82215905,0.841043
2025-01-01 14:37:00,0.7559901,0.7516165,0.82674766,0.83230346,0.7996679,0.822395,0.841287
2025-01-01 14:38:00,0.75612223,0.75174993,0.8268526,0.83238894,0.7998319,0.82254964,0.8414476
2025-01-01 14:39:00,0.7562056,0.75183487,0.82691985,0.83244413,0.79993904,0.8226513,0.8415539
2025-01-01 14:40:00,0.7562573,0.7518883,0.8269625,0.8324798,0.8000092,0.82271874,0.84162503
2025-01-01 14:41:00,0.75628847,0.7519212,0.8269891,0.83250266,0.8000552,0.82276374,0.84167325
2025-01-01 14:42:00,0.7563063,0.75194085,0.82700545,0.8325173,0.8000857,0.8227944,0.84170663
2025-01-01 14:43:00,0.7563154,0.7519519,0.8270151,0.83252656,0.8001061,0.82281554,0.84173036
2025-01-01 14:44:00,0.7563189,0.75195736,0.82702035,0.83253247,0.80011994,0.8228307,0.8417478
2025-01-01 14:45:00,0.7563188,0.7519592,0.8270228,0.83253604,0.8001295,0.8228419,0.8417613
2025-01-01 14:46:00,0.7563164,0.75195867,0.8270235,0.8325382,0.8001363,0.8228505,0.84177214
2025-01-01 14:47:00,0.75631243,0.7519567,0.82702297,0.8325395,0.80014145,0.8228575,0.8417813
2025-01-01 14:48:00,0.75630754,0.7519538,0.8270218,0.8325402,0.8001454,0.82286346,0.84178936
2025-01-01 14:49:00,0.756302,0.75195026,0.8270201,0.8325406,0.80014867,0.82286876,0.84179676
2025-01-01 14:50:00,0.75629604,0.75194633,0.82701814,0.8325407,0.8001514,0.8228737,0.8418038
2025-01-01 14:51:00,0.75628996,0.7519422,0.82701606,0.8325407,0.800154,0.8228783,0.84181046
2025-01-01 14:52:00,0.7562837,0.751938,0.82701385,0.83254063,0.80015635,0.82288283,0.841817
2025-01-01 14:53:00,0.7562774,0.7519337,0.82701164,0.83254063,0.8001586,0.8228873,0.84182346
2025-01-01 14:54:00,0.756271,0.7519293,0.82700944,0.83254063,0.8001609,0.8228917,0.84182996
2025-01-01 14:55:00,0.75626457,0.75192493,0.82700723,0.83254063,0.8001632,0.8228961,0.8418364
2025-01-01 14:56:00,0.75625825,0.75192064,0.827005,0.83254063,0.8001655,0.8229006,0.8418429
2025-01-01 14:57:00,0.75625193,0.75191635,0.8270029,0.8325407,0.8001678,0.82290506,0.8418494
2025-01-01 14:58:00,0.7562457,0.7519121,0.8270008,0.8325408,0.8001701,0.82290953,0.8418559
2025-01-01 14:59:00,0.7562394,0.7519079,0.8269987,0.832541,0.8001725,0.82291406,0.84186244
2025-01-01 15:00:00,0.76090294,0.7565275,0.83045393,0.8353379,0.80536836,0.827692,0.8467001
2025-01-01 15:01:00,0.7639321,0.7595288,0.8326991,0.83715594,0.8087466,0.8307993,0.84984696
2025-01-01 15:02:00,0.76589894,0.7614783,0.83415794,0.8383379,0.8109433,0.83282065,0.8518948
2025-01-01 15:03:00,0.7671754,0.7627441,0.83510554,0.8391064,0.81237215,0.8341363,0.8532283
2025-01-01 15:04:00,0.7680029,0.76356554,0.8357209,0.83960605,0.81330186,0.8349931,0.8540974
2025-01-01 15:05:00,0.7685388,0.76409817,0.8361203,0.8399311,0.81390715,0.83555186,0.8546648
2025-01-01 15:06:00,0.7688851,0.7644431,0.8363794,0.84014255,0.8143016,0.83591676,0.855036
2025-01-01 15:07:00,0.7691082,0.76466596,0.83654726,0.84028023,0.814559,0.8361557,0.85527986
2025-01-01 15:08:00,0.76925117,0.7648096,0.83665586,0.84037,0.8147274,0.8363128,0.8554408
2025-01-01 15:09:00,0.7693422,0.7649017,0.836726,0.8404287,0.81483793,0.8364167,0.8555479
2025-01-01 15:10:00,0.76939934,0.76496035,0.83677113,0.84046715,0.8149109,0.8364861,0.85562
2025-01-01 15:11:00,0.7694346,0.76499724,0.83680004,0.84049255,0.81495935,0.83653307,0.85566944
2025-01-01 15:12:00,0.76945555,0.76502,0.8368184,0.84050936,0.814992,0.8365654,0.85570407
2025-01-01 15:13:00,0.76946723,0.7650337,0.8368299,0.8405206,0.81501436,0.8365883,0.85572916
2025-01-01 15:14:00,0.76947296,0.7650414,0.836837,0.84052837,0.81503004,0.83660513,0.85574806
2025-01-01 15:15:00,0.7694748,0.7650453,0.8368413,0.8405338,0.8150414,0.83661795,0.8557629
2025-01-01 15:16:00,0.76947415,0.7650467,0.83684367,0.84053785,0.81505007,0.8366282,0.8557752
2025-01-01 15:17:00,0.76947194,0.7650465,0.8368449,0.8405409,0.81505686,0.83663684,0.8557858
2025-01-01 15:18:00,0.7694687,0.7650453,0.83684546,0.8405433,0.8150625,0.8366444,0.8557953
2025-01-01 15:19:00,0.7694648,0.7650435,0.8368455,0.8405454,0.81506747,0.8366513,0.85580415
2025-01-01 15:20:00,0.76946044,0.7650413,0.8368452,0.84054726,0.815072,0.8366578,0.8558126
2025-01-01 15:21:00,0.76945585,0.7650388,0.83684486,0.84054905,0.81507623,0.8366641,0.8558208
2025-01-01 15:22:00,0.76945114,0.7650362,0.8368444,0.8405507,0.8150803,0.83667016,0.85582876
2025-01-01 15:23:00,0.7694464,0.76503354,0.8368439,0.8405524,0.8150842,0.8366762,0.8558367
2025-01-01 15:24:00,0.76944155,0.76503086,0.8368434,0.84055406,0.8150882,0.8366822,0.8558446
2025-01-01 15:25:00,0.7694368,0.7650282,0.8368429,0.8405558,0.81509215,0.8366882,0.85585254
2025-01-01 15:26:00,0.76943195,0.76502556,0.8368424,0.8405575,0.8150961,0.83669424,0.8558604
2025-01-01 15:27:00,0.76942724,0.76502293,0.83684194,0.8405593,0.8151001,0.83670026,0.8558684
2025-01-01 15:28:00,0.7694225,0.7650203,0.8368416,0.84056115,0.81510407,0.83670634,0.8558763
2025-01-01 15:29:00,0.76941776,0.76501775,0.8368412,0.840563,0.8151081,0.8367124,0.85588425
2025-01-01 15:30:00,0.774294,0.7698243,0.8402965,0.8433936,0.8202946,0.8414347,0.86060065
2025-01-01 15:31:00,0.77746195,0.7729478,0.8425424,0.8452342,0.82366735,0.84450644,0.86366916
2025-01-01 15:32:00,0.77951956,0.77497727,0.84400225,0.8464314,0.8258611,0.8465053,0.86566657
2025-01-01 15:33:00,0.7808554,0.77629566,0.8449511,0.84721035,0.8272886,0.8478068,0.86696774
2025-01-01 15:34:00,0.78172225,0.7771518,0.8455679,0.8477174,0.828218,0.848655,0.86781645
2025-01-01 15:35:00,0.7822842,0.77770764,0.84596884,0.84804785,0.8288237,0.84920865,0.86837095
2025-01-01 15:36:00,0.782648,0.7780682,0.84622955,0.84826344,0.829219,0.8495708,0.86873436
2025-01-01 15:37:00,0.78288305,0.7783018,0.84639907,0.8484044,0.8294775,0.8498085,0.8689735
2025-01-01 15:38:00,0.7830343,0.778453,0.84650934,0.848497,0.8296472,0.84996533,0.86913186
2025-01-01 15:39:00,0.7831313,0.7785506,0.84658116,0.848558,0.8297591,0.85006964,0.8692378
2025-01-01 15:40:00,0.78319293,0.7786134,0.846628,0.84859854,0.8298335,0.85013974,0.8693097
2025-01-01 15:41:00,0.78323156,0.7786536,0.8466586,0.84862584,0.8298836,0.8501877,0.8693594
2025-01-01 15:42:00,0.78325534,0.77867913,0.8466786,0.84864455,0.8299178,0.8502213,0.8693947
2025-01-01 15:43:00,0.78326946,0.77869517,0.84669185,0.8486577,0.82994175,0.85024554,0.8694207
2025-01-01 15:44:00,0.78327733,0.77870506,0.84670067,0.84866726,0.82995903,0.8502637,0.8694407
2025-01-01 15:45:00,0.78328115,0.7787109,0.8467066,0.8486744,0.8299721,0.85027796,0.8694567
2025-01-01 15:46:00,0.7832823,0.7787142,0.8467108,0.84868014,0.8299823,0.8502897,0.86947024
2025-01-01 15:47:00,0.7832818,0.77871585,0.8467138,0.84868485,0.8299907,0.8502998,0.8694821
2025-01-01 15:48:00,0.78328025,0.77871644,0.846716,0.8486891,0.82999796,0.85030884,0.86949295
2025-01-01 15:49:00,0.783278,0.7787163,0.8467178,0.84869283,0.8300045,0.85031724,0.8695031
2025-01-01 15:50:00,0.78327537,0.77871585,0.84671926,0.8486965,0.83001065,0.8503252,0.8695128
2025-01-01 15:51:00,0.7832724,0.7787151,0.8467206,0.8486999,0.83001643,0.8503329,0.8695223
2025-01-01 15:52:00,0.7832693,0.7787142,0.8467218,0.84870327,0.83002216,0.85034055,0.86953163
2025-01-01 15:53:00,0.7832661,0.7787132,0.846723,0.8487066,0.83002776,0.85034806,0.86954087
2025-01-01 15:54:00,0.78326297,0.7787123,0.8467242,0.84871,0.83003336,0.85035557,0.8695501
2025-01-01 15:55:00,0.78325987,0.7787113,0.8467254,0.8487134,0.8300389,0.850363,0.86955935
2025-01-01 15:56:00,0.7832567,0.77871037,0.8467267,0.84871686,0.83004445,0.8503705,0.8695685
2025-01-01 15:57:00,0.78325355,0.7787094,0.84672797,0.8487203,0.83005005,0.85037804,0.86957777
2025-01-01 15:58:00,0.78325045,0.7787085,0.8467293,0.8487238,0.8300556,0.85038555,0.869587
2025-01-01 15:59:00,0.7832474,0.7787077,0.84673065,0.8487274,0.83006126,0.8503931,0.86959624
2025-01-01 16:00:00,0.7882492,0.7836155,0.8501245,0.85154116,0.835146,0.85497576,0.8741072
2025-01-01 16:01:00,0.7914993,0.78680545,0.852331,0.85337144,0.8384531,0.8579572,0.8770425
2025-01-01 16:02:00,0.793611,0.7888787,0.8537658,0.85456246,0.8406048,0.85989785,0.8789538
2025-01-01 16:03:00,0.7949826,0.79022604,0.854699,0.85533804,0.8420055,0.861162,0.8801995
2025-01-01 16:04:00,0.7958732,0.79110175,0.8553062,0.8558435,0.84291804,0.86198646,0.8810125
2025-01-01 16:05:00,0.7964512,0.79167074,0.85570157,0.8561734,0.8435133,0.86252517,0.8815443
2025-01-01 16:06:00,0.79682606,0.7920405,0.8559592,0.8563893,0.8439024,0.8628781,0.88189334
2025-01-01 16:07:00,0.7970688,0.79228073,0.85612726,0.856531,0.8441574,0.8631103,0.8821236
2025-01-01 16:08:00,0.79722565,0.7924368,0.8562373,0.8566246,0.84432536,0.8632641,0.88227665
2025-01-01 16:09:00,0.7973268,0.7925382,0.85630953,0.85668695,0.8444367,0.86336684,0.8823796
2025-01-01 16:10:00,0.7973918,0.7926041,0.85635716,0.856729,0.8445113,0.8634365,0.88244987
2025-01-01 16:11:00,0.7974332,0.7926469,0.8563889,0.85675776,0.844562,0.8634847,0.88249904
2025-01-01 16:12:00,0.79745936,0.79267466,0.8564103,0.85677797,0.8445972,0.86351883,0.8825344
2025-01-01 16:13:00,0.7974756,0.7926928,0.856425,0.8567927,0.8446223,0.8635439,0.8825608
2025-01-01 16:14:00,0.79748535,0.79270464,0.8564354,0.8568038,0.844641,0.8635632,0.88258153
2025-01-01 16:15:00,0.797491,0.79271233,0.856443,0.85681266,0.84465533,0.8635786,0.88259846
2025-01-01 16:16:00,0.797494,0.79271746,0.85644877,0.85682,0.84466696,0.8635916,0.88261294
2025-01-01 16:17:00,0.7974953,0.79272085,0.85645336,0.85682636,0.84467685,0.863603,0.8826259
2025-01-01 16:18:00,0.7974955,0.7927232,0.8564573,0.85683215,0.8446857,0.8636134,0.8826378
2025-01-01 16:19:00,0.7974949,0.7927248,0.85646075,0.8568376,0.8446938,0.86362314,0.88264906
2025-01-01 16:20:00,0.79749393,0.79272604,0.8564639,0.8568428,0.84470135,0.8636325,0.88266003
2025-01-01 16:21:00,0.7974927,0.79272705,0.85646695,0.85684794,0.8447087,0.86364156,0.88267064
2025-01-01 16:22:00,0.7974914,0.7927279,0.85646987,0.8568529,0.8447159,0.8636505,0.88268113
2025-01-01 16:23:00,0.7974899,0.79272866,0.8564728,0.8568579,0.844723,0.8636594,0.8826915
2025-01-01 16:24:00,0.79748845,0.7927294,0.8564757,0.8568629,0.8447301,0.8636682,0.8827019
2025-01-01 16:25:00,0.79748696,0.79273015,0.8564786,0.85686797,0.8447372,0.863677,0.88271224
2025-01-01 16:26:00,0.7974855,0.7927309,0.85648155,0.85687304,0.8447442,0.8636859,0.88272256
2025-01-01 16:27:00,0.7974841,0.7927317,0.85648453,0.8568781,0.8447513,0.8636947,0.882733
2025-01-01 16:28:00,0.79748267,0.79273254,0.8564875,0.8568832,0.8447584,0.8637036,0.88274336
2025-01-01 16:29:00,0.7974813,0.7927334,0.8564906,0.8568884,0.84476554,0.8637125,0.88275373
2025-01-01 16:30:00,0.8025194,0.79765487,0.85976225,0.8596352,0.84965765,0.8680736,0.8869787
2025-01-01 16:31:00,0.8057937,0.8008542,0.86188996,0.8614224,0.8528401,0.8709115,0.8897286
2025-01-01 16:32:00,0.80792165,0.8029342,0.8632741,0.8625861,0.85491127,0.8727592,0.8915197
2025-01-01 16:33:00,0.8093045,0.8042866,0.864175,0.8633443,0.8562601,0.8739635,0.8926877
2025-01-01 16:34:00,0.81020296,0.80516607,0.8647618,0.8638391,0.8571395,0.8747495,0.89345056
2025-01-01 16:35:00,0.81078666,0.8057382,0.8651445,0.8641627,0.8577137,0.8752636,0.89395016
2025-01-01 16:36:00,0.81116575,0.80611056,0.8653945,0.864375,0.8580896,0.87560105,0.89427865
2025-01-01 16:37:00,0.8114119,0.8063531,0.86555815,0.864515,0.8583366,0.87582356,0.8944959
2025-01-01 16:38:00,0.81157166,0.8065113,0.86566585,0.864608,0.8584998,0.87597156,0.8946409
2025-01-01 16:39:00,0.8116752,0.80661464,0.8657372,0.8646705,0.8586086,0.876071,0.8947389
2025-01-01 16:40:00,0.8117423,0.80668235,0.8657849,0.86471313,0.85868204,0.8761389,0.89480644
2025-01-01 16:41:00,0.81178576,0.80672693,0.8658172,0.8647429,0.85873246,0.8761864,0.8948541
2025-01-01 16:42:00,0.8118138,0.80675656,0.8658396,0.8647644,0.858768,0.8762206,0.89488894
2025-01-01 16:43:00,0.8118319,0.8067764,0.8658555,0.8647804,0.85879385,0.8762461,0.89491534
2025-01-01 16:44:00,0.81184345,0.80678993,0.86586726,0.86479294,0.85881346,0.8762661,0.8949364
2025-01-01 16:45:00,0.8118509,0.8067994,0.8658763,0.86480325,0.85882896,0.87628245,0.8949539
2025-01-01 16:46:00,0.8118556,0.8068062,0.86588365,0.86481214,0.85884184,0.87629646,0.89496917
2025-01-01 16:47:00,0.81185865,0.8068114,0.86588985,0.86482,0.85885304,0.876309,0.89498293
2025-01-01 16:48:00,0.8118605,0.80681545,0.86589533,0.8648274,0.8588632,0.8763205,0.89499575
2025-01-01 16:49:00,0.8118617,0.8068188,0.8659004,0.86483437,0.8588726,0.8763314,0.895008
2025-01-01 16:50:00,0.8118624,0.80682176,0.86590517,0.8648411,0.85888165,0.87634194,0.8950199
2025-01-01 16:51:00,0.8118629,0.80682445,0.8659099,0.8648477,0.8588904,0.87635225,0.89503145
2025-01-01 16:52:00,0.81186324,0.806827,0.86591446,0.8648543,0.85889894,0.87636244,0.8950429
2025-01-01 16:53:00,0.81186354,0.80682945,0.865919,0.86486083,0.85890746,0.87637246,0.89505434
2025-01-01 16:54:00,0.8118638,0.80683196,0.8659236,0.8648673,0.8589159,0.87638247,0.89506567
2025-01-01 16:55:00,0.811864,0.8068344,0.8659281,0.8648739,0.8589244,0.87639254,0.89507693
2025-01-01 16:56:00,0.81186426,0.80683684,0.8659327,0.8648805,0.8589328,0.87640256,0.89508826
2025-01-01 16:57:00,0.81186455,0.80683935,0.8659373,0.8648871,0.8589413,0.87641263,0.89509964
2025-01-01 16:58:00,0.81186485,0.80684185,0.86594194,0.8648938,0.8589498,0.87642264,0.89511096
2025-01-01 16:59:00,0.8118652,0.8068444,0.86594665,0.8649005,0.8589583,0.8764327,0.8951223
2025-01-01 17:00:00,0.81684977,0.8116917,0.86903787,0.8675312,0.8635705,0.8804945,0.8989858
2025-01-01 17:01:00,0.82008994,0.8148434,0.87104887,0.86924356,0.86657155,0.8831381,0.90150106
2025-01-01 17:02:00,0.82219625,0.81689304,0.8723578,0.870359,0.86852527,0.8848601,0.90314007
2025-01-01 17:03:00,0.82356554,0.8182263,0.8732103,0.87108654,0.86979824,0.88598305,0.9042095
2025-01-01 17:04:00,0.8244559,0.81909394,0.8737662,0.8715618,0.8706287,0.88671654,0.90490854
2025-01-01 17:05:00,0.8250349,0.819659,0.87412935,0.8718733,0.87117165,0.88719696,0.9053671
2025-01-01 17:06:00,0.8254116,0.8200273,0.8743672,0.87207824,0.8715277,0.8875128,0.9056691
2025-01-01 17:07:00,0.8256567,0.8202678,0.87452364,0.87221396,0.8717622,0.8877218,0.90586954
2025-01-01 17:08:00,0.82581645,0.8204252,0.8746272,0.87230474,0.8719178,0.88786125,0.90600383
2025-01-01 17:09:00,0.8259206,0.8205287,0.8746963,0.8723663,0.8720221,0.8879556,0.90609527
2025-01-01 17:10:00,0.8259887,0.82059705,0.8747431,0.87240887,0.8720931,0.88802063,0.9061588
2025-01-01 17:11:00,0.82603335,0.8206427,0.87477547,0.8724391,0.8721424,0.8880666,0.9062042
2025-01-01 17:12:00,0.8260628,0.8206736,0.8747984,0.8724614,0.8721776,0.8881002,0.9062378
2025-01-01 17:13:00,0.82608235,0.82069486,0.8748153,0.8724784,0.87220377,0.8881257,0.90626377
2025-01-01 17:14:00,0.8260955,0.8207099,0.8748282,0.8724922,0.872224,0.88814604,0.90628475
2025-01-01 17:15:00,0.82610464,0.8207209,0.8748386,0.87250376,0.87224036,0.88816303,0.9063026
2025-01-01 17:16:00,0.826111,0.8207294,0.87484735,0.87251395,0.87225425,0.8881778,0.9063183
2025-01-01 17:17:00,0.82611567,0.82073617,0.87485504,0.87252325,0.87226653,0.8881912,0.9063327
2025-01-01 17:18:00,0.82611924,0.8207419,0.874862,0.872532,0.87227786,0.8882037,0.9063462
2025-01-01 17:19:00,0.82612216,0.82074684,0.87486863,0.87254035,0.8722885,0.88821554,0.9063592
2025-01-01 17:20:00,0.8261246,0.8207515,0.87487495,0.8725485,0.8722987,0.88822716,0.9063718
2025-01-01 17:21:00,0.8261268,0.82075584,0.8748812,0.8725566,0.8723087,0.88823843,0.9063841
2025-01-01 17:22:00,0.82612884,0.82076,0.87488735,0.8725646,0.8723185,0.88824964,0.9063964
2025-01-01 17:23:00,0.8261308,0.8207641,0.8748935,0.87257254,0.8723283,0.8882607,0.90640855
2025-01-01 17:24:00,0.8261327,0.8207683,0.8748996,0.8725806,0.87233794,0.88827175,0.90642065
2025-01-01 17:25:00,0.8261347,0.8207724,0.8749057,0.8725886,0.87234765,0.88828284,0.90643275
2025-01-01 17:26:00,0.82613665,0.8207765,0.8749119,0.8725966,0.87235737,0.8882939,0.90644485
2025-01-01 17:27:00,0.8261387,0.8207807,0.87491804,0.87260467,0.8723671,0.888305,0.90645695
2025-01-01 17:28:00,0.82614064,0.82078487,0.8749243,0.8726127,0.8723768,0.88831604,0.90646905
2025-01-01 17:29:00,0.8261427,0.8207891,0.87493056,0.8726208,0.8723865,0.8883271,0.90648115
2025-01-01 17:30:00,0.83098483,0.82547575,0.8777861,0.8750886,0.8766367,0.89201707,0.9099145
2025-01-01 17:31:00,0.83413297,0.82852364,0.8796444,0.8766955,0.87940276,0.89441943,0.91215044
2025-01-01 17:32:00,0.8361801,0.83050627,0.8808546,0.87774295,0.8812041,0.8959849,0.913608
2025-01-01 17:33:00,0.83751154,0.83179665,0.88164353,0.8784267,0.8823785,0.8970064,0.9145598
2025-01-01 17:34:00,0.8383779,0.83263695,0.8821587,0.87887406,0.8831454,0.8976743,0.9151827
2025-01-01 17:35:00,0.8389419,0.8331848,0.8824958,0.87916785,0.8836474,0.8981124,0.9155919
2025-01-01 17:36:00,0.83930933,0.8335425,0.8827173,0.87936175,0.88397723,0.89840114,0.9158622
2025-01-01 17:37:00,0.8395491,0.8337767,0.88286364,0.8794908,0.88419515,0.8985928,0.9160422
2025-01-01 17:38:00,0.83970594,0.8339306,0.88296115,0.8795777,0.88434035,0.89872146,0.9161635
2025-01-01 17:39:00,0.8398088,0.83403236,0.8830269,0.87963724,0.88443834,0.898809,0.9162467
2025-01-01 17:40:00,0.83987665,0.8341002,0.88307214,0.8796789,0.88450557,0.89886993,0.91630507
2025-01-01 17:41:00,0.8399217,0.834146,0.8831039,0.87970906,0.88455284,0.89891356,0.9163473
2025-01-01 17:42:00,0.83995205,0.8341776,0.88312703,0.8797318,0.8845872,0.8989459,0.9163792
2025-01-01 17:43:00,0.83997273,0.83419985,0.8831445,0.87974966,0.88461316,0.898971,0.91640425
2025-01-01 17:44:00,0.8399873,0.8342162,0.8831584,0.8797643,0.88463366,0.8989914,0.9164249
2025-01-01 17:45:00,0.8399978,0.8342286,0.8831699,0.87977695,0.8846506,0.8990087,0.91644263
2025-01-01 17:46:00,0.8400058,0.83423847,0.88317984,0.87978834,0.88466525,0.89902407,0.91645855
2025-01-01 17:47:00,0.8400121,0.83424675,0.88318884,0.8797988,0.8846785,0.8990381,0.91647327
2025-01-01 17:48:00,0.8400173,0.834254,0.8831973,0.87980884,0.8846907,0.89905125,0.9164872
2025-01-01 17:49:00,0.8400218,0.83426064,0.88320535,0.87981856,0.8847023,0.89906394,0.9165007
2025-01-01 17:50:00,0.84002596,0.8342668,0.88321316,0.879828,0.88471365,0.8990763,0.9165138
2025-01-01 17:51:00,0.8400298,0.83427274,0.88322085,0.8798374,0.8847247,0.8990884,0.91652673
2025-01-01 17:52:00,0.8400335,0.8342785,0.8832284,0.87984663,0.8847356,0.8991004,0.9165396
2025-01-01 17:53:00,0.8400371,0.8342843,0.883236,0.87985593,0.88474643,0.8991124,0.9165523
2025-01-01 17:54:00,0.84004074,0.83428997,0.88324356,0.87986517,0.88475716,0.89912426,0.91656506
2025-01-01 17:55:00,0.8400444,0.8342957,0.88325113,0.87987447,0.88476795,0.8991361,0.9165777
2025-01-01 17:56:00,0.840048,0.8343014,0.8832588,0.8798838,0.8847787,0.89914805,0.9165904
2025-01-01 17:57:00,0.8400517,0.83430713,0.8832664,0.8798931,0.8847895,0.89915997,0.916603
2025-01-01 17:58:00,0.8400554,0.8343129,0.8832741,0.8799025,0.88480026,0.8991718,0.91661566
2025-01-01 17:59:00,0.84005916,0.83431876,0.8832818,0.8799119,0.8848111,0.89918375,0.9166283
2025-01-01 18:00:00,0.8446722,0.83876103,0.8858508,0.8821726,0.8886231,0.9024359,0.91957
2025-01-01 18:01:00,0.8476721,0.8416506,0.88752335,0.8836454,0.8911048,0.90455407,0.9214866
2025-01-01 18:02:00,0.8496235,0.84353095,0.8886132,0.8846061,0.8927218,0.90593505,0.9227368
2025-01-01 18:03:00,0.85089326,0.8447553,0.88932455,0.88523394,0.8937766,0.90683687,0.92355394
2025-01-01 18:04:00,0.85172004,0.8455533,0.88978964,0.8856454,0.8944661,0.9074273,0.92408955
2025-01-01 18:05:00,0.852259,0.8460741,0.8900948,0.88591623,0.8949182,0.90781534,0.9244422
2025-01-01 18:06:00,0.8526107,0.8464149,0.89029604,0.8860957,0.8952159,0.90807176,0.9246758
2025-01-01 18:07:00,0.85284084,0.8466386,0.8904297,0.88621575,0.8954133,0.9082427,0.92483217
2025-01-01 18:08:00,0.85299194,0.84678626,0.8905194,0.8862972,0.8955455,0.90835804,0.9249383
2025-01-01 18:09:00,0.8530917,0.8468844,0.8905806,0.8863537,0.89563537,0.9084373,0.9250118
2025-01-01 18:10:00,0.85315806,0.84695053,0.89062333,0.8863938,0.8956977,0.9084931,0.92506397
2025-01-01 18:11:00,0.8532028,0.8469958,0.89065397,0.88642335,0.8957422,0.90853363,0.9251025
2025-01-01 18:12:00,0.8532335,0.8470275,0.89067686,0.88644606,0.895775,0.90856427,0.925132
2025-01-01 18:13:00,0.85325503,0.8470504,0.8906947,0.88646436,0.8958003,0.90858847,0.92515564
2025-01-01 18:14:00,0.85327065,0.84706765,0.8907092,0.88647974,0.8958207,0.9086085,0.92517555
2025-01-01 18:15:00,0.85328245,0.8470812,0.8907216,0.88649327,0.8958379,0.90862584,0.925193
2025-01-01 18:16:00,0.85329175,0.8470924,0.8907327,0.8865056,0.8958531,0.9086414,0.92520887
2025-01-01 18:17:00,0.8532995,0.84710205,0.8907429,0.88651717,0.895867,0.9086558,0.92522365
2025-01-01 18:18:00,0.85330623,0.8471107,0.8907526,0.88652825,0.89588,0.90866953,0.92523783
2025-01-01 18:19:00,0.8533124,0.84711874,0.890762,0.88653904,0.89589244,0.90868276,0.92525154
2025-01-01 18:20:00,0.8533181,0.8471264,0.8907711,0.88654965,0.8959046,0.9086957,0.925265
2025-01-01 18:21:00,0.8533235,0.8471338,0.8907801,0.88656014,0.89591646,0.90870845,0.9252783
2025-01-01 18:22:00,0.8533289,0.84714115,0.890789,0.8865706,0.89592826,0.9087211,0.9252914
2025-01-01 18:23:00,0.8533341,0.8471484,0.8907979,0.886581,0.89594,0.90873367,0.9253045
2025-01-01 18:24:00,0.8533394,0.8471556,0.8908068,0.8865914,0.8959516,0.90874624,0.9253176
2025-01-01 18:25:00,0.8533446,0.8471627,0.89081573,0.8866018,0.8959633,0.90875876,0.9253306
2025-01-01 18:26:00,0.85334986,0.84716994,0.8908247,0.88661224,0.89597493,0.9087713,0.92534363
2025-01-01 18:27:00,0.85335517,0.8471772,0.8908336,0.88662267,0.8959867,0.90878373,0.9253566
2025-01-01 18:28:00,0.8533605,0.8471845,0.8908426,0.88663316,0.8959983,0.90879625,0.9253696
2025-01-01 18:29:00,0.85336584,0.84719175,0.8908517,0.88664365,0.89601,0.90880877,0.9253826
2025-01-01 18:30:00,0.8576677,0.8513105,0.89308816,0.88865703,0.8993161,0.91156536,0.9277803
2025-01-01 18:31:00,0.8604659,0.85399026,0.8945451,0.8899694,0.9014692,0.9133615,0.9293433
2025-01-01 18:32:00,0.8622866,0.85573477,0.8954953,0.8908263,0.9028728,0.91453344,0.93036383
2025-01-01 18:33:00,0.8634721,0.85687137,0.89611626,0.8913869,0.9037893,0.9152996,0.9310317
2025-01-01 18:34:00,0.8642447,0.8576128,0.8965231,0.8917551,0.90438914,0.91580206,0.93147045
2025-01-01 18:35:00,0.8647489,0.8580974,0.8967908,0.89199823,0.9047832,0.91613305,0.93176013
2025-01-01 18:36:00,0.8650786,0.85841507,0.8969681,0.89216,0.90504354,0.9163526,0.931953
2025-01-01 18:37:00,0.86529505,0.85862434,0.8970867,0.89226896,0.90521693,0.91649985,0.93208295
2025-01-01 18:38:00,0.8654378,0.8587631,0.897167,0.8923436,0.90533376,0.9165999,0.932172
2025-01-01 18:39:00,0.86553264,0.858856,0.89722264,0.8923959,0.905414,0.9166694,0.93223447
2025-01-01 18:40:00,0.86559635,0.8589192,0.8972621,0.8924338,0.90547025,0.9167191,0.93227965
2025-01-01 18:41:00,0.86564,0.858963,0.8972911,0.89246225,0.9055111,0.9167558,0.9323136
2025-01-01 18:42:00,0.8656704,0.85899425,0.8973133,0.89248455,0.90554184,0.9167841,0.93234026
2025-01-01 18:43:00,0.8656923,0.85901743,0.8973311,0.8925029,0.905566,0.916807,0.93236214
2025-01-01 18:44:00,0.86570877,0.8590353,0.89734614,0.89251876,0.90558594,0.91682637,0.932381
2025-01-01 18:45:00,0.8657217,0.8590498,0.89735925,0.8925329,0.9056032,0.9168434,0.9323977
2025-01-01 18:46:00,0.86573225,0.859062,0.89737123,0.892546,0.9056186,0.916859,0.9324133
2025-01-01 18:47:00,0.8657414,0.8590729,0.8973825,0.8925584,0.9056329,0.9168736,0.93242794
2025-01-01 18:48:00,0.86574954,0.8590828,0.8973932,0.8925704,0.9056465,0.9168875,0.932442
2025-01-01 18:49:00,0.8657571,0.8590922,0.89740366,0.89258206,0.90565956,0.9169011,0.9324558
2025-01-01 18:50:00,0.8657643,0.8591012,0.8974139,0.8925936,0.9056723,0.91691446,0.9324693
2025-01-01 18:51:00,0.8657713,0.85911,0.8974241,0.89260507,0.90568495,0.9169276,0.93248266
2025-01-01 18:52:00,0.86577815,0.85911864,0.89743423,0.8926165,0.9056974,0.9169406,0.93249595
2025-01-01 18:53:00,0.86578494,0.8591273,0.89744437,0.8926279,0.9057098,0.91695356,0.9325092
2025-01-01 18:54:00,0.8657917,0.8591358,0.89745444,0.8926393,0.9057222,0.91696656,0.93252236
2025-01-01 18:55:00,0.8657984,0.8591444,0.8974645,0.89265066,0.90573454,0.9169795,0.9325355
2025-01-01 18:56:00,0.8658052,0.859153,0.89747465,0.892662,0.9057469,0.9169924,0.9325487
2025-01-01 18:57:00,0.86581206,0.8591616,0.8974847,0.8926734,0.9057592,0.91700536,0.9325618
2025-01-01 18:58:00,0.86581886,0.8591702,0.8974949,0.8926848,0.90577155,0.9170183,0.9325749
2025-01-01 18:59:00,0.8658257,0.85917884,0.8975051,0.89269626,0.90578395,0.91703117,0.93258804
2025-01-01 19:00:00,0.8697396,0.8629005,0.8993693,0.89442635,0.90852505,0.9192428,0.9343989
2025-01-01 19:01:00,0.87228614,0.86532265,0.90058464,0.895555,0.91031116,0.9206849,0.9355806
2025-01-01 19:02:00,0.87394387,0.86690015,0.9013782,0.8962927,0.9114765,0.9216268,0.93635327
2025-01-01 19:03:00,0.87502384,0.8679287,0.90189767,0.89677626,0.9122383,0.9222436,0.9368601
2025-01-01 19:04:00,0.87572837,0.8686003,0.90223897,0.8970946,0.91273785,0.9226491,0.9371941
2025-01-01 19:05:00,0.87618893,0.8690401,0.9024645,0.8973056,0.9130669,0.9229171,0.93741584
2025-01-01 19:06:00,0.8764907,0.86932904,0.9026148,0.89744693,0.91328526,0.92309594,0.93756455
2025-01-01 19:07:00,0.8766895,0.86952007,0.90271616,0.8975428,0.9134315,0.9232167,0.93766576
2025-01-01 19:08:00,0.87682134,0.86964744,0.9027858,0.89760923,0.913531,0.9232998,0.93773615
2025-01-01 19:09:00,0.8769096,0.8697334,0.90283465,0.89765656,0.9136,0.9233583,0.9377865
2025-01-01 19:10:00,0.8769696,0.8697925,0.90287024,0.8976914,0.9136493,0.92340094,0.93782383
2025-01-01 19:11:00,0.87701124,0.8698342,0.90289706,0.8977182,0.9136858,0.92343324,0.9378526
2025-01-01 19:12:00,0.877041,0.86986446,0.9029183,0.89773977,0.9137139,0.92345876,0.9378759
2025-01-01 19:13:00,0.8770629,0.8698874,0.9029358,0.89775795,0.9137365,0.9234799,0.93789566
2025-01-01 19:14:00,0.8770799,0.86990565,0.902951,0.8977739,0.9137557,0.9234983,0.93791306
2025-01-01 19:15:00,0.8770936,0.86992073,0.90296465,0.89778847,0.91377264,0.9235147,0.9379289
2025-01-01 19:16:00,0.87710524,0.86993384,0.90297735,0.89780205,0.9137881,0.92353,0.9379438
2025-01-01 19:17:00,0.87711555,0.8699457,0.9029893,0.8978151,0.91380256,0.9235445,0.9379581
2025-01-01 19:18:00,0.87712497,0.8699568,0.90300095,0.8978278,0.91381645,0.92355853,0.93797195
2025-01-01 19:19:00,0.8771339,0.8699673,0.9030124,0.89784026,0.9138299,0.9235722,0.9379855
2025-01-01 19:20:00,0.8771425,0.86997753,0.90302366,0.89785254,0.9138431,0.92358565,0.9379989
2025-01-01 19:21:00,0.8771509,0.8699875,0.9030348,0.8978647,0.9138561,0.92359895,0.9380121
2025-01-01 19:22:00,0.8771591,0.8699974,0.9030459,0.89787686,0.913869,0.92361224,0.93802524
2025-01-01 19:23:00,0.8771673,0.8700072,0.903057,0.897889,0.9138819,0.9236254,0.9380384
2025-01-01 19:24:00,0.87717545,0.870017,0.90306807,0.8979012,0.9138948,0.9236386,0.9380515
2025-01-01 19:25:00,0.8771836,0.87002677,0.9030792,0.89791334,0.9139076,0.9236517,0.9380646
2025-01-01 19:26:00,0.8771918,0.8700366,0.9030903,0.89792544,0.91392046,0.9236648,0.9380776
2025-01-01 19:27:00,0.87720007,0.87004644,0.90310144,0.8979376,0.9139333,0.9236779,0.9380906
2025-01-01 19:28:00,0.8772083,0.8700563,0.9031126,0.89794976,0.91394603,0.923691,0.9381036
2025-01-01 19:29:00,0.8772165,0.87006617,0.9031238,0.8979619,0.9139589,0.9237041,0.9381166
2025-01-01 19:30:00,0.8806726,0.8733243,0.9045824,0.8993779,0.9160861,0.9253314,0.9393084
2025-01-01 19:31:00,0.88292193,0.8754456,0.9055344,0.9003025,0.91747326,0.9263938,0.9400876
2025-01-01 19:32:00,0.884387,0.87682796,0.9061572,0.9009079,0.91837937,0.9270889,0.9405986
2025-01-01 19:33:00,0.8853423,0.87773,0.90656596,0.9013057,0.9189729,0.92754537,0.9409353
2025-01-01 19:34:00,0.88596624,0.8783199,0.9068356,0.90156853,0.9193632,0.92784655,0.94115865
2025-01-01 19:35:00,0.88637483,0.8787069,0.90701497,0.9017437,0.91962147,0.92804694,0.9413084
2025-01-01 19:36:00,0.8866434,0.878962,0.9071355,0.90186185,0.9197938,0.9281818,0.9414102
2025-01-01 19:37:00,0.8868211,0.87913144,0.90721786,0.901943,0.9199104,0.9282741,0.9414809
2025-01-01 19:38:00,0.8869396,0.8792451,0.90727544,0.9020001,0.91999066,0.92833865,0.94153136
2025-01-01 19:39:00,0.8870197,0.87932265,0.90731686,0.9020416,0.9200474,0.9283852,0.9415687
2025-01-01 19:40:00,0.8870749,0.87937665,0.90734786,0.9020729,0.9200888,0.92842,0.94159746
2025-01-01 19:41:00,0.8871138,0.8794154,0.90737206,0.9020976,0.92012024,0.92844725,0.94162065
2025-01-01 19:42:00,0.88714224,0.87944424,0.90739185,0.902118,0.9201452,0.92846954,0.94164026
2025-01-01 19:43:00,0.8871639,0.8794666,0.9074088,0.90213567,0.920166,0.9284886,0.9416575
2025-01-01 19:44:00,0.8871811,0.8794848,0.90742385,0.9021515,0.920184,0.92850554,0.9416732
2025-01-01 19:45:00,0.8871954,0.8795003,0.90743774,0.9021662,0.92020035,0.92852116,0.9416879
2025-01-01 19:46:00,0.8872079,0.87951404,0.9074509,0.90218014,0.9202155,0.92853594,0.9417019
2025-01-01 19:47:00,0.88721925,0.87952673,0.90746355,0.90219355,0.92022985,0.9285501,0.9417155
2025-01-01 19:48:00,0.8872298,0.87953866,0.9074758,0.9022067,0.92024374,0.9285639,0.9417288
2025-01-01 19:49:00,0.8872399,0.8795501,0.907488,0.90221965,0.9202574,0.9285774,0.94174194
2025-01-01 19:50:00,0.88724965,0.87956136,0.9075001,0.90223247,0.9202708,0.92859083,0.9417549
2025-01-01 19:51:00,0.88725924,0.8795724,0.907512,0.9022453,0.9202841,0.92860407,0.94176775
2025-01-01 19:52:00,0.88726884,0.87958336,0.907524,0.902258,0.92029727,0.9286173,0.9417807
2025-01-01 19:53:00,0.88727826,0.8795942,0.90753585,0.9022707,0.92031044,0.9286304,0.94179344
2025-01-01 19:54:00,0.88728774,0.8796051,0.9075478,0.9022834,0.92032355,0.9286435,0.94180626
2025-01-01 19:55:00,0.88729715,0.87961596,0.9075597,0.902296,0.92033666,0.9286567,0.94181895
2025-01-01 19:56:00,0.88730663,0.8796268,0.9075716,0.9023087,0.9203497,0.92866975,0.94183165
2025-01-01 19:57:00,0.88731605,0.87963766,0.90758353,0.90232134,0.9203628,0.9286828,0.94184434
2025-01-01 19:58:00,0.8873256,0.87964857,0.9075955,0.90233403,0.9203758,0.92869586,0.94185704
2025-01-01 19:59:00,0.88733506,0.8796595,0.9076075,0.9023468,0.9203889,0.9287089,0.9418697
2025-01-01 20:00:00,0.8902716,0.8823961,0.9086344,0.90342337,0.9218643,0.92972296,0.9424211
2025-01-01 20:01:00,0.8921837,0.8841787,0.90930617,0.90412766,0.9228278,0.93038666,0.9427839
2025-01-01 20:02:00,0.89343005,0.8853412,0.909747,0.9045899,0.9234587,0.93082255,0.94302416
2025-01-01 20:03:00,0.89424354,0.88610077,0.9100378,0.9048948,0.92387336,0.9311105,0.9431847
2025-01-01 20:04:00,0.89477575,0.8865984,0.9102311,0.9050975,0.9241475,0.93130225,0.9432934
2025-01-01 20:05:00,0.89512515,0.88692576,0.910361,0.90523374,0.92433023,0.93143135,0.9433685
2025-01-01 20:06:00,0.89535564,0.8871425,0.9104497,0.9053267,0.9244536,0.93151987,0.9434217
2025-01-01 20:07:00,0.89550894,0.88728726,0.9105116,0.9053917,0.92453843,0.9315819,0.94346064
2025-01-01 20:08:00,0.8956121,0.8873853,0.9105561,0.9054385,0.92459816,0.9316268,0.9434903
2025-01-01 20:09:00,0.89568263,0.88745296,0.91058934,0.90547335,0.9246415,0.93166053,0.94351393
2025-01-01 20:10:00,0.895732,0.88750094,0.9106152,0.90550053,0.9246743,0.931687,0.9435337
2025-01-01 20:11:00,0.8957676,0.88753605,0.9106363,0.90552264,0.9247002,0.9317087,0.9435509
2025-01-01 20:12:00,0.8957943,0.8875629,0.91065437,0.90554154,0.9247216,0.9317274,0.9435664
2025-01-01 20:13:00,0.8958152,0.88758427,0.9106704,0.90555835,0.92474014,0.93174404,0.9435808
2025-01-01 20:14:00,0.8958323,0.8876022,0.9106852,0.90557384,0.92475677,0.93175936,0.9435945
2025-01-01 20:15:00,0.895847,0.8876178,0.9106991,0.9055884,0.92477214,0.93177384,0.94360775
2025-01-01 20:16:00,0.8958602,0.8876321,0.9107125,0.9056024,0.92478675,0.9317878,0.9436207
2025-01-01 20:17:00,0.8958723,0.8876453,0.9107255,0.90561604,0.92480075,0.9318014,0.9436334
2025-01-01 20:18:00,0.8958838,0.88765794,0.9107383,0.90562946,0.92481446,0.9318147,0.94364595
2025-01-01 20:19:00,0.8958949,0.8876702,0.910751,0.9056427,0.924828,0.9318279,0.94365835
2025-01-01 20:20:00,0.89590573,0.88768226,0.91076356,0.9056558,0.9248414,0.93184096,0.9436708
2025-01-01 20:21:00,0.89591646,0.8876941,0.91077614,0.90566885,0.9248547,0.93185395,0.9436831
2025-01-01 20:22:00,0.895927,0.8877059,0.91078866,0.9056819,0.9248679,0.9318669,0.9436954
2025-01-01 20:23:00,0.89593756,0.88771766,0.9108012,0.90569496,0.9248811,0.93187976,0.94370764
2025-01-01 20:24:00,0.8959481,0.88772935,0.91081375,0.90570796,0.9248943,0.9318927,0.94371986
2025-01-01 20:25:00,0.89595866,0.8877411,0.91082627,0.90572095,0.9249073,0.9319055,0.9437321
2025-01-01 20:26:00,0.8959692,0.88775283,0.9108388,0.905734,0.92492044,0.9319183,0.94374424
2025-01-01 20:27:00,0.89597976,0.8877646,0.9108513,0.905747,0.92493355,0.93193114,0.9437564
2025-01-01 20:28:00,0.8959904,0.88777626,0.9108639,0.90576,0.9249466,0.93194395,0.9437685
2025-01-01 20:29:00,0.896001,0.88778806,0.91087645,0.905773,0.9249597,0.9319567,0.9437806
2025-01-01 20:30:00,0.89836574,0.8899542,0.9114535,0.90649104,0.92575693,0.9323392,0.94368184
2025-01-01 20:31:00,0.8999065,0.8913663,0.91183305,0.90696234,0.9262796,0.9325923,0.9436218
2025-01-01 20:32:00,0.90091187,0.8922884,0.91208416,0.9072732,0.92662394,0.93276125,0.943587
2025-01-01 20:33:00,0.9015691,0.8928919,0.91225183,0.9074798,0.9268524,0.9328755,0.9435686
2025-01-01 20:34:00,0.9020001,0.8932883,0.91236526,0.90761876,0.9270054,0.9329542,0.9435608
2025-01-01 20:35:00,0.9022841,0.8935502,0.9124434,0.9077136,0.9271094,0.9330098,0.9435599
2025-01-01 20:36:00,0.90247244,0.8937247,0.91249865,0.9077798,0.9271816,0.9330504,0.94356346
2025-01-01 20:37:00,0.90259874,0.8938422,0.912539,0.9078275,0.92723316,0.9330812,0.94356996
2025-01-01 20:38:00,0.9026847,0.8939228,0.9125697,0.907863,0.9272711,0.93310565,0.94357836
2025-01-01 20:39:00,0.9027444,0.8939795,0.91259414,0.9078907,0.92730045,0.9331259,0.94358796
2025-01-01 20:40:00,0.9027871,0.89402056,0.91261446,0.90791327,0.92732406,0.93314356,0.94359833
2025-01-01 20:41:00,0.9028186,0.89405143,0.91263217,0.9079325,0.92734396,0.93315935,0.9436092
2025-01-01 20:42:00,0.9028431,0.89407575,0.91264814,0.9079496,0.9273614,0.9331741,0.9436203
2025-01-01 20:43:00,0.90286285,0.89409584,0.912663,0.9079653,0.9273774,0.933188,0.9436317
2025-01-01 20:44:00,0.90287966,0.8941131,0.91267717,0.9079801,0.9273923,0.9332015,0.94364315
2025-01-01 20:45:00,0.9028945,0.8941286,0.9126909,0.9079943,0.9274065,0.9332146,0.94365466
2025-01-01 20:46:00,0.902908,0.894143,0.91270417,0.9080081,0.9274203,0.9332275,0.9436663
2025-01-01 20:47:00,0.9029208,0.8941566,0.9127174,0.9080217,0.92743385,0.93324023,0.94367784
2025-01-01 20:48:00,0.902933,0.8941697,0.91273046,0.9080351,0.92744714,0.93325293,0.94368947
2025-01-01 20:49:00,0.9029449,0.8941825,0.9127435,0.9080484,0.9274604,0.9332655,0.9437011
2025-01-01 20:50:00,0.9029566,0.8941952,0.91275644,0.90806156,0.9274735,0.933278,0.94371265
2025-01-01 20:51:00,0.9029682,0.89420766,0.9127694,0.90807474,0.9274865,0.93329054,0.9437242
2025-01-01 20:52:00,0.90297973,0.8942202,0.9127824,0.9080879,0.9274995,0.93330294,0.9437358
2025-01-01 20:53:00,0.90299124,0.8942326,0.91279525,0.9081011,0.9275125,0.9333154,0.9437473
2025-01-01 20:54:00,0.9030027,0.89424497,0.9128081,0.9081142,0.92752546,0.93332773,0.9437588
2025-01-01 20:55:00,0.9030141,0.89425737,0.91282105,0.9081273,0.92753834,0.93334013,0.94377023
2025-01-01 20:56:00,0.90302557,0.89426976,0.912834,0.9081404,0.92755127,0.9333525,0.9437817
2025-01-01 20:57:00,0.9030371,0.8942821,0.9128469,0.90815353,0.9275642,0.9333648,0.94379306
2025-01-01 20:58:00,0.9030486,0.8942945,0.91285986,0.90816665,0.9275771,0.93337715,0.94380444
2025-01-01 20:59:00,0.90306014,0.89430696,0.9128728,0.90817976,0.92758995,0.9333894,0.94381577
2025-01-01 21:00:00,0.90481067,0.89586395,0.9129896,0.90852636,0.9276947,0.9331337,0.94306844
2025-01-01 21:01:00,0.9059526,0.8968804,0.91307,0.90875614,0.9277673,0.9329717,0.9425866
2025-01-01 21:02:00,0.9066989,0.8975455,0.9131269,0.90891016,0.92781895,0.9328707,0.9422774
2025-01-01 21:03:00,0.90718806,0.8979822,0.9131684,0.9090148,0.927857,0.9328093,0.94208026
2025-01-01 21:04:00,0.90751016,0.8982704,0.9131999,0.9090875,0.9278862,0.93277365,0.94195604
2025-01-01 21:05:00,0.9077236,0.8984621,0.91322494,0.9091392,0.9279097,0.93275476,0.9418792
2025-01-01 21:06:00,0.9078665,0.89859116,0.91324574,0.9091775,0.9279294,0.9327467,0.9418331
2025-01-01 21:07:00,0.90796345,0.89867944,0.9132638,0.9092069,0.92794675,0.93274564,0.94180703
2025-01-01 21:08:00,0.9080306,0.89874125,0.9132802,0.9092306,0.9279624,0.9327492,0.9417939
2025-01-01 21:09:00,0.90807843,0.8987858,0.9132953,0.9092506,0.9279771,0.93275577,0.9417892
2025-01-01 21:10:00,0.9081137,0.8988192,0.91330975,0.9092682,0.9279911,0.9327642,0.94179004
2025-01-01 21:11:00,0.9081408,0.8988454,0.9133237,0.90928423,0.9280046,0.9327739,0.9417944
2025-01-01 21:12:00,0.90816253,0.8988668,0.91333735,0.9092992,0.9280179,0.9327843,0.9418011
2025-01-01 21:13:00,0.9081809,0.8988852,0.9133508,0.9093135,0.92803097,0.9327954,0.9418092
2025-01-01 21:14:00,0.908197,0.8989015,0.9133641,0.9093274,0.9280439,0.9328067,0.94181824
2025-01-01 21:15:00,0.90821165,0.89891666,0.91337734,0.909341,0.9280567,0.93281823,0.9418279
2025-01-01 21:16:00,0.90822536,0.8989309,0.9133905,0.9093544,0.9280694,0.93282986,0.9418379
2025-01-01 21:17:00,0.9082385,0.8989446,0.91340363,0.9093677,0.92808217,0.93284154,0.9418482
2025-01-01 21:18:00,0.9082513,0.898958,0.9134168,0.90938085,0.92809486,0.9328533,0.94185865
2025-01-01 21:19:00,0.90826374,0.89897114,0.91342986,0.9093939,0.92810744,0.9328651,0.94186914
2025-01-01 21:20:00,0.90827614,0.8989842,0.9134429,0.909407,0.9281201,0.9328769,0.9418797
2025-01-01 21:21:00,0.9082884,0.8989972,0.913456,0.90942013,0.92813265,0.9328886,0.9418903
2025-01-01 21:22:00,0.90830064,0.89901006,0.91346914,0.9094331,0.92814523,0.9329004,0.94190085
2025-01-01 21:23:00,0.90831286,0.89902294,0.9134822,0.9094462,0.9281578,0.9329122,0.9419114
2025-01-01 21:24:00,0.9083251,0.89903575,0.9134953,0.9094592,0.9281704,0.9329239,0.94192195
2025-01-01 21:25:00,0.9083373,0.8990486,0.9135084,0.90947217,0.9281829,0.9329356,0.9419325
2025-01-01 21:26:00,0.90834945,0.8990615,0.91352147,0.90948516,0.9281954,0.9329473,0.941943
2025-01-01 21:27:00,0.9083617,0.8990743,0.9135346,0.90949816,0.9282079,0.9329589,0.9419534
2025-01-01 21:28:00,0.9083739,0.8990872,0.9135477,0.9095111,0.9282204,0.9329705,0.94196385
2025-01-01 21:29:00,0.9083862,0.8991,0.9135608,0.9095241,0.92823285,0.9329821,0.9419742
2025-01-01 21:30:00,0.9094914,0.9000201,0.9132153,0.9094931,0.9276433,0.93209267,0.9405919
2025-01-01 21:31:00,0.9102141,0.9006228,0.9129953,0.90947753,0.9272645,0.9315186,0.9396969
2025-01-01 21:32:00,0.9106882,0.901019,0.9128569,0.9094719,0.92702264,0.9311495,0.9391188
2025-01-01 21:33:00,0.9110007,0.901281,0.9127715,0.9094728,0.92686975,0.93091357,0.9387466
2025-01-01 21:34:00,0.91120815,0.9014559,0.91272056,0.9094779,0.9267746,0.9307642,0.93850815
2025-01-01 21:35:00,0.9113474,0.9015741,0.91269207,0.9094857,0.9267171,0.9306711,0.93835676
2025-01-01 21:36:00,0.9114422,0.90165544,0.9126781,0.9094953,0.926684,0.93061453,0.93826187
2025-01-01 21:37:00,0.9115082,0.9017129,0.91267365,0.909506,0.92666686,0.9305817,0.93820363
2025-01-01 21:38:00,0.9115554,0.90175474,0.9126754,0.9095175,0.92665994,0.93056434,0.93816936
2025-01-01 21:39:00,0.9115905,0.9017865,0.91268104,0.9095295,0.92665976,0.93055695,0.9381505
2025-01-01 21:40:00,0.9116177,0.90181166,0.9126893,0.9095418,0.9266639,0.9305561,0.93814176
2025-01-01 21:41:00,0.9116397,0.9018326,0.9126993,0.90955424,0.92667085,0.9305595,0.93813956
2025-01-01 21:42:00,0.9116584,0.90185076,0.9127103,0.9095668,0.9266797,0.9305656,0.9381415
2025-01-01 21:43:00,0.911675,0.9018671,0.9127221,0.90957946,0.9266897,0.93057346,0.9381463
2025-01-01 21:44:00,0.9116901,0.9018823,0.9127344,0.90959215,0.9267004,0.93058246,0.9381528
2025-01-01 21:45:00,0.91170436,0.9018967,0.91274697,0.9096049,0.92671156,0.9305922,0.93816036
2025-01-01 21:46:00,0.9117181,0.90191066,0.91275966,0.90961766,0.9267231,0.9306024,0.9381687
2025-01-01 21:47:00,0.91173136,0.90192425,0.91277254,0.9096304,0.9267348,0.93061286,0.9381776
2025-01-01 21:48:00,0.9117445,0.9019377,0.9127854,0.9096432,0.9267466,0.9306235,0.93818665
2025-01-01 21:49:00,0.91175735,0.90195096,0.9127984,0.9096559,0.92675847,0.93063426,0.9381959
2025-01-01 21:50:00,0.91177016,0.9019642,0.9128114,0.9096687,0.9267704,0.93064505,0.93820524
2025-01-01 21:51:00,0.9117829,0.90197736,0.91282445,0.9096814,0.9267823,0.9306559,0.93821466
2025-01-01 21:52:00,0.9117956,0.9019905,0.9128375,0.90969414,0.92679423,0.93066674,0.9382241
2025-01-01 21:53:00,0.9118084,0.9020036,0.91285056,0.90970683,0.9268062,0.9306776,0.9382335
2025-01-01 21:54:00,0.9118211,0.90201664,0.9128636,0.9097195,0.92681813,0.93068844,0.9382429
2025-01-01 21:55:00,0.9118338,0.9020297,0.91287667,0.90973216,0.92683005,0.9306992,0.93825233
2025-01-01 21:56:00,0.9118465,0.9020428,0.9128897,0.9097448,0.926842,0.93071,0.9382617
2025-01-01 21:57:00,0.9118593,0.90205586,0.9129028,0.90975744,0.92685384,0.9307208,0.938271
2025-01-01 21:58:00,0.91187197,0.9020689,0.9129158,0.9097701,0.9268657,0.93073153,0.9382803
2025-01-01 21:59:00,0.9118847,0.902082,0.9129288,0.9097827,0.9268775,0.9307422,0.9382896
2025-01-01 22:00:00,0.91232497,0.9023489,0.9121272,0.9093747,0.9256042,0.9292349,0.93629676
2025-01-01 22:01:00,0.91261554,0.902527,0.91161066,0.9091139,0.92478067,0.92825884,0.93500465
2025-01-01 22:02:00,0.91280895,0.9026473,0.9112795,0.9089488,0.9242495,0.9276281,0.9341679
2025-01-01 22:03:00,0.9129391,0.9027301,0.9110688,0.9088458,0.9239083,0.9272218,0.93362725
2025-01-01 22:04:00,0.9130282,0.9027885,0.91093636,0.9087832,0.92369056,0.9269613,0.9332789
2025-01-01 22:05:00,0.91309065,0.9028311,0.9108548,0.9087469,0.92355317,0.92679566,0.9330557
2025-01-01 22:06:00,0.9131357,0.9028633,0.91080636,0.9087277,0.9234679,0.92669165,0.93291366
2025-01-01 22:07:00,0.91316956,0.9028889,0.9107794,0.90871954,0.9234165,0.92662764,0.93282443
2025-01-01 22:08:00,0.9131961,0.90291005,0.9107664,0.9087186,0.9233871,0.92658967,0.93276954
2025-01-01 22:09:00,0.9132178,0.9029284,0.91076255,0.90872234,0.92337203,0.92656857,0.9327369
2025-01-01 22:10:00,0.91323644,0.9029449,0.9107645,0.9087291,0.9233663,0.92655843,0.93271875
2025-01-01 22:11:00,0.91325307,0.90296024,0.9107703,0.9087378,0.92336655,0.92655545,0.93270993
2025-01-01 22:12:00,0.91326845,0.90297484,0.9107786,0.9087478,0.9233707,0.92655706,0.9327073
2025-01-01 22:13:00,0.9132829,0.9029889,0.91078854,0.9087586,0.92337745,0.92656165,0.93270856
2025-01-01 22:14:00,0.9132968,0.9030026,0.91079944,0.90876997,0.92338574,0.92656815,0.9327124
2025-01-01 22:15:00,0.9133104,0.90301615,0.9108111,0.9087816,0.9233951,0.9265759,0.9327178
2025-01-01 22:16:00,0.91332376,0.9030295,0.91082317,0.9087935,0.9234052,0.9265845,0.9327243
2025-01-01 22:17:00,0.91333705,0.9030428,0.9108355,0.9088055,0.92341566,0.92659354,0.93273145
2025-01-01 22:18:00,0.91335016,0.90305597,0.910848,0.9088176,0.92342645,0.9266029,0.9327391
2025-01-01 22:19:00,0.9133633,0.90306914,0.91086066,0.9088297,0.92343736,0.92661244,0.93274695
2025-01-01 22:20:00,0.9133763,0.9030823,0.9108734,0.90884185,0.9234484,0.9266221,0.932755
2025-01-01 22:21:00,0.9133893,0.9030954,0.9108861,0.908854,0.9234595,0.92663187,0.93276304
2025-01-01 22:22:00,0.9134024,0.90310854,0.91089886,0.9088662,0.92347056,0.9266416,0.93277115
2025-01-01 22:23:00,0.9134154,0.9031216,0.9109116,0.9088784,0.92348164,0.92665136,0.93277925
2025-01-01 22:24:00,0.9134284,0.9031347,0.91092443,0.9088905,0.9234927,0.92666113,0.93278736
2025-01-01 22:25:00,0.9134414,0.9031478,0.91093725,0.90890265,0.9235038,0.9266709,0.93279546
2025-01-01 22:26:00,0.9134544,0.90316087,0.91095,0.90891474,0.9235149,0.9266806,0.9328036
2025-01-01 22:27:00,0.91346747,0.903174,0.91096276,0.9089268,0.9235259,0.9266903,0.9328116
2025-01-01 22:28:00,0.9134805,0.90318704,0.9109755,0.9089389,0.92353696,0.92669994,0.9328196
2025-01-01 22:29:00,0.9134935,0.90320015,0.9109883,0.90895087,0.9235479,0.92670953,0.9328276
2025-01-01 22:30:00,0.9132609,0.902809,0.90974474,0.90817314,0.9216137,0.9246114,0.9302599
2025-01-01 22:31:00,0.91311425,0.90255934,0.9089409,0.90767175,0.9203602,0.9232509,0.92859364
2025-01-01 22:32:00,0.9130235,0.9024016,0.9084229,0.90735006,0.91954917,0.9223699,0.9275133
2025-01-01 22:33:00,0.9129691,0.90230376,0.9080906,0.9071451,0.9190259,0.9218005,0.9268137
2025-01-01 22:34:00,0.9129383,0.9022446,0.90787905,0.90701604,0.9186894,0.9214337,0.92636174
2025-01-01 22:35:00,0.91292286,0.9022107,0.90774596,0.9069362,0.9184745,0.9211985,0.9260706
2025-01-01 22:36:00,0.9129174,0.9021933,0.9076638,0.90688854,0.91833854,0.9210489,0.92588395
2025-01-01 22:37:00,0.91291845,0.9021865,0.9076149,0.90686166,0.9182539,0.9209548,0.9257653
2025-01-01 22:38:00,0.9129237,0.9021867,0.9075874,0.9068483,0.91820264,0.9208969,0.92569077
2025-01-01 22:39:00,0.91293174,0.90219134,0.90757406,0.9068438,0.91817296,0.92086244,0.92564493
2025-01-01 22:40:00,0.91294146,0.902199,0.9075697,0.9068449,0.9181574,0.92084324,0.9256177
2025-01-01 22:41:00,0.9129524,0.90220845,0.90757126,0.90684974,0.91815096,0.92083395,0.92560256
2025-01-01 22:42:00,0.91296417,0.9022191,0.9075767,0.90685695,0.9181504,0.9208311,0.9255952
2025-01-01 22:43:00,0.9129764,0.9022306,0.90758455,0.9068657,0.9181538,0.92083234,0.925593
2025-01-01 22:44:00,0.91298884,0.90224266,0.907594,0.9068755,0.91815966,0.92083627,0.9255941
2025-01-01 22:45:00,0.91300154,0.902255,0.9076045,0.90688586,0.91816705,0.92084193,0.9255973
2025-01-01 22:46:00,0.9130144,0.9022676,0.9076157,0.9068967,0.9181755,0.9208487,0.92560184
2025-01-01 22:47:00,0.91302735,0.9022802,0.9076274,0.90690774,0.9181846,0.9208562,0.92560726
2025-01-01 22:48:00,0.91304034,0.902293,0.90763927,0.90691894,0.91819406,0.92086416,0.9256132
2025-01-01 22:49:00,0.9130534,0.90230584,0.90765136,0.9069303,0.91820383,0.92087233,0.92561954
2025-01-01 22:50:00,0.9130664,0.9023187,0.9076635,0.9069417,0.9182138,0.9208807,0.92562604
2025-01-01 22:51:00,0.9130795,0.9023316,0.90767574,0.90695304,0.91822374,0.92088914,0.92563266
2025-01-01 22:52:00,0.9130926,0.9023445,0.907688,0.9069644,0.9182339,0.9208976,0.92563933
2025-01-01 22:53:00,0.9131057,0.9023574,0.9077003,0.9069758,0.9182439,0.9209061,0.92564607
2025-01-01 22:54:00,0.91311884,0.90237033,0.9077126,0.9069872,0.91825396,0.92091465,0.92565274
2025-01-01 22:55:00,0.91313195,0.9023832,0.90772486,0.9069986,0.91826403,0.9209231,0.9256594
2025-01-01 22:56:00,0.91314507,0.9023961,0.90773714,0.9070099,0.91827404,0.92093164,0.92566603
2025-01-01 22:57:00,0.9131582,0.90240896,0.9077494,0.9070212,0.91828406,0.92094004,0.9256727
2025-01-01 22:58:00,0.9131713,0.90242183,0.90776163,0.9070325,0.9182941,0.92094845,0.92567927
2025-01-01 22:59:00,0.91318434,0.9024347,0.90777385,0.90704376,0.918304,0.92095685,0.9256858
2025-01-01 23:00:00,0.9122829,0.90139246,0.9061108,0.9059102,0.9157433,0.91830516,0.92258906
2025-01-01 23:01:00,0.91170156,0.9007195,0.9050341,0.9051773,0.9140823,0.9165845,0.9205785
2025-01-01 23:02:00,0.91132826,0.9002866,0.9043385,0.90470475,0.913006,0.9154689,0.9192738
2025-01-01 23:03:00,0.91109014,0.9000097,0.9038905,0.9044014,0.9123098,0.9147465,0.9184279
2025-01-01 23:04:00,0.91094,0.8998341,0.9036036,0.90420824,0.9118607,0.9142799,0.91788024
2025-01-01 23:05:00,0.910847,0.8997245,0.90342134,0.9040865,0.91157216,0.9139793,0.91752636
2025-01-01 23:06:00,0.9107911,0.89965767,0.903307,0.90401113,0.9113879,0.9137867,0.91729856
2025-01-01 23:07:00,0.9107594,0.8996187,0.9032369,0.90396607,0.9112716,0.9136644,0.9171526
2025-01-01 23:08:00,0.9107433,0.8995978,0.9031956,0.90394056,0.9111993,0.91358757,0.9170598
2025-01-01 23:09:00,0.9107374,0.8995887,0.90317297,0.9039278,0.91115564,0.9135404,0.91700155
2025-01-01 23:10:00,0.91073817,0.8995872,0.9031624,0.9039233,0.9111305,0.91351247,0.9169657
2025-01-01 23:11:00,0.91074324,0.8995907,0.9031597,0.9039241,0.91111755,0.913497,0.9169445
2025-01-01 23:12:00,0.9107511,0.89959735,0.9031621,0.90392846,0.91111237,0.9134896,0.9169327
2025-01-01 23:13:00,0.91076076,0.89960617,0.9031678,0.9039351,0.91111225,0.9134875,0.91692704
2025-01-01 23:14:00,0.9107716,0.89961624,0.90317565,0.9039431,0.9111154,0.9134888,0.9169254
2025-01-01 23:15:00,0.91078323,0.8996272,0.9031849,0.90395206,0.9111207,0.91349226,0.91692626
2025-01-01 23:16:00,0.91079533,0.8996388,0.9031951,0.9039616,0.9111274,0.91349715,0.91692877
2025-01-01 23:17:00,0.9108078,0.89965063,0.90320575,0.9039715,0.91113496,0.913503,0.91693234
2025-01-01 23:18:00,0.9108204,0.8996628,0.90321684,0.9039817,0.91114306,0.9135093,0.9169366
2025-01-01 23:19:00,0.9108332,0.8996751,0.9032281,0.903992,0.9111515,0.913516,0.9169412
2025-01-01 23:20:00,0.910846,0.89968747,0.90323955,0.9040024,0.9111602,0.9135229,0.9169462
2025-01-01 23:21:00,0.9108589,0.89969987,0.90325105,0.90401286,0.91116893,0.91353,0.9169512
2025-01-01 23:22:00,0.91087186,0.8997123,0.9032627,0.90402323,0.9111778,0.9135371,0.9169563
2025-01-01 23:23:00,0.9108848,0.8997248,0.90327424,0.90403366,0.9111867,0.91354424,0.91696143
2025-01-01 23:24:00,0.91089773,0.89973724,0.9032858,0.90404403,0.9111956,0.91355133,0.91696656
2025-01-01 23:25:00,0.9109107,0.8997497,0.90329736,0.90405446,0.9112044,0.9135584,0.91697174
2025-01-01 23:26:00,0.9109237,0.89976215,0.9033089,0.90406483,0.9112132,0.91356546,0.9169768
2025-01-01 23:27:00,0.91093665,0.8997746,0.9033205,0.90407515,0.91122204,0.91357255,0.9169819
2025-01-01 23:28:00,0.9109496,0.899787,0.90333205,0.90408546,0.91123086,0.9135796,0.91698694
2025-01-01 23:29:00,0.9109625,0.8997994,0.90334356,0.90409577,0.9112396,0.91358656,0.91699195
2025-01-01 23:30:00,0.9094085,0.8981248,0.90129054,0.9026266,0.9080981,0.91042876,0.9134215
2025-01-01 23:31:00,0.9084029,0.8970406,0.89996004,0.90167516,0.9060591,0.90837854,0.9111024
2025-01-01 23:32:00,0.9077538,0.8963402,0.89909923,0.90106034,0.9047367,0.9070482,0.9095967
2025-01-01 23:33:00,0.90733635,0.8958892,0.89854366,0.9006642,0.9038802,0.9061859,0.90861964
2025-01-01 23:34:00,0.9070695,0.8956003,0.8981865,0.9004102,0.9033264,0.9056277,0.9079861
2025-01-01 23:35:00,0.90690064,0.89541686,0.8979583,0.9002486,0.9029694,0.90526724,0.9075759
2025-01-01 23:36:00,0.90679526,0.8953019,0.89781386,0.900147,0.90274024,0.9050352,0.9073109
2025-01-01 23:37:00,0.9067313,0.8952315,0.8977239,0.9000845,0.9025942,0.9048866,0.9071402
2025-01-01 23:38:00,0.90669423,0.89518994,0.8976694,0.90004724,0.90250224,0.9047923,0.9070308
2025-01-01 23:39:00,0.9066746,0.8951672,0.89763784,0.9000265,0.90244526,0.9047332,0.90696114
2025-01-01 23:40:00,0.90666634,0.8951567,0.8976213,0.9000165,0.9024111,0.904697,0.90691745
2025-01-01 23:41:00,0.90666544,0.89515406,0.89761436,0.9000134,0.9023918,0.9046757,0.9068905
2025-01-01 23:42:00,0.9066694,0.89515656,0.89761376,0.90001476,0.902382,0.90466404,0.9068745
2025-01-01 23:43:00,0.90667635,0.8951624,0.8976172,0.90001905,0.9023785,0.9046587,0.9068655
2025-01-01 23:44:00,0.9066854,0.89517045,0.89762336,0.9000252,0.90237904,0.90465724,0.9068611
2025-01-01 23:45:00,0.9066957,0.8951799,0.89763117,0.9000326,0.90238214,0.9046585,0.90685964
2025-01-01 23:46:00,0.90670687,0.89519024,0.89764005,0.90004075,0.9023869,0.90466136,0.90686005
2025-01-01 23:47:00,0.9067185,0.89520115,0.89764965,0.9000494,0.90239275,0.90466535,0.9068617
2025-01-01 23:48:00,0.9067306,0.8952124,0.8976597,0.90005827,0.90239936,0.90467,0.9068641
2025-01-01 23:49:00,0.9067429,0.8952239,0.89767003,0.9000674,0.90240633,0.90467507,0.9068671
2025-01-01 23:50:00,0.90675527,0.8952356,0.8976805,0.90007657,0.9024136,0.9046805,0.9068703
2025-01-01 23:51:00,0.9067678,0.89524734,0.89769113,0.90008587,0.902421,0.904686,0.90687364
2025-01-01 23:52:00,0.9067803,0.89525914,0.8977018,0.9000951,0.9024285,0.9046916,0.9068771
2025-01-01 23:53:00,0.90679294,0.89527094,0.89771247,0.90010446,0.902436,0.9046972,0.9068806
2025-01-01 23:54:00,0.90680546,0.89528275,0.89772314,0.9001137,0.9024435,0.9047028,0.90688413
2025-01-01 23:55:00,0.90681803,0.89529455,0.8977338,0.900123,0.90245104,0.9047084,0.90688765
2025-01-01 23:56:00,0.90683067,0.89530635,0.8977445,0.90013224,0.9024585,0.9047139,0.9068911
2025-01-01 23:57:00,0.90684325,0.89531815,0.8977551,0.9001414,0.902466,0.9047195,0.9068946
2025-01-01 23:58:00,0.9068558,0.8953299,0.89776576,0.9001506,0.90247345,0.90472496,0.906898
2025-01-01 23:59:00,0.90686834,0.89534163,0.8977763,0.9001597,0.90248084,0.90473044,0.90690136
