TIME,R_001_v000,R_004_v000,R_005_v000,R_006_v000,R_007_v000,R_008_v000,R_010_v000
2025-01-01 00:01:00,0.89542854,0.89785427,0.9002265,0.90253454,0.9047696,0.9069247,0.90899557
2025-01-01 00:02:00,0.89544004,0.8978646,0.9002353,0.9025415,0.9047746,0.9069276,0.9089962
2025-01-01 00:03:00,0.8954515,0.8978748,0.900244,0.9025485,0.90477955,0.90693045,0.9089969
2025-01-01 00:04:00,0.895463,0.897885,0.90025264,0.90255535,0.90478444,0.9069332,0.9089975
2025-01-01 00:05:00,0.8954744,0.8978952,0.9002613,0.9025622,0.9047893,0.90693593,0.90899795
2025-01-01 00:06:00,0.8954858,0.89790535,0.90026987,0.902569,0.9047941,0.9069386,0.9089984
2025-01-01 00:07:00,0.89549714,0.8979154,0.90027845,0.90257573,0.90479887,0.9069412,0.90899885
2025-01-01 00:08:00,0.8955085,0.8979255,0.900287,0.90258247,0.9048036,0.90694374,0.90899915
2025-01-01 00:09:00,0.89551985,0.89793557,0.90029544,0.9025891,0.90480816,0.90694624,0.90899944
2025-01-01 00:10:00,0.8955311,0.8979455,0.90030384,0.9025957,0.90481275,0.9069487,0.9089997
2025-01-01 00:11:00,0.8955424,0.8979555,0.9003122,0.90260226,0.9048173,0.90695107,0.90899986
2025-01-01 00:12:00,0.8955536,0.89796543,0.90032053,0.90260875,0.90482175,0.9069534,0.909
2025-01-01 00:13:00,0.8955648,0.8979753,0.9003288,0.9026152,0.9048262,0.90695566,0.90900004
2025-01-01 00:14:00,0.895576,0.89798516,0.90033704,0.90262157,0.9048306,0.9069579,0.90900004
2025-01-01 00:15:00,0.89558715,0.897995,0.90034527,0.90262794,0.90483487,0.90696007,0.909
2025-01-01 00:16:00,0.89559823,0.8980048,0.90035343,0.9026342,0.90483916,0.90696216,0.90899986
2025-01-01 00:17:00,0.8956093,0.8980145,0.90036154,0.90264046,0.90484333,0.9069642,0.9089997
2025-01-01 00:18:00,0.89562035,0.89802414,0.9003696,0.90264666,0.9048475,0.9069662,0.90899944
2025-01-01 00:19:00,0.8956314,0.8980338,0.90037763,0.9026528,0.9048516,0.9069681,0.90899915
2025-01-01 00:20:00,0.89564234,0.89804345,0.90038556,0.9026589,0.90485567,0.90697,0.9089988
2025-01-01 00:21:00,0.8956533,0.898053,0.9003935,0.90266496,0.90485966,0.9069718,0.90899837
2025-01-01 00:22:00,0.8956642,0.8980626,0.90040135,0.902671,0.9048636,0.9069736,0.90899795
2025-01-01 00:23:00,0.8956751,0.89807206,0.9004092,0.9026769,0.9048675,0.9069753,0.9089974
2025-01-01 00:24:00,0.895686,0.8980815,0.900417,0.9026828,0.9048713,0.90697694,0.9089968
2025-01-01 00:25:00,0.8956968,0.89809096,0.9004247,0.9026886,0.90487504,0.90697855,0.9089962
2025-01-01 00:26:00,0.8957076,0.8981003,0.9004324,0.9026944,0.9048788,0.9069801,0.9089955
2025-01-01 00:27:00,0.89571834,0.8981097,0.90044004,0.9027001,0.90488243,0.9069815,0.9089948
2025-01-01 00:28:00,0.89572906,0.898119,0.90044767,0.90270585,0.90488607,0.90698296,0.90899396
2025-01-01 00:29:00,0.8957398,0.8981282,0.90045524,0.90271145,0.9048896,0.9069843,0.9089931
2025-01-01 00:30:00,0.89761674,0.89980805,0.9006603,0.9031265,0.9051257,0.90684676,0.90836406
2025-01-01 00:31:00,0.89884055,0.9009031,0.9007961,0.90339816,0.90528023,0.9067578,0.9079548
2025-01-01 00:32:00,0.8996397,0.90161806,0.90088695,0.9035766,0.9053819,0.9067003,0.90768844
2025-01-01 00:33:00,0.9001628,0.90208596,0.9009486,0.90369445,0.90544915,0.9066633,0.90751487
2025-01-01 00:34:00,0.90050644,0.90239316,0.9009912,0.9037729,0.9054939,0.9066396,0.90740156
2025-01-01 00:35:00,0.90073353,0.90259606,0.90102136,0.9038257,0.90552413,0.90662456,0.9073275
2025-01-01 00:36:00,0.90088475,0.902731,0.9010435,0.9038619,0.9055448,0.906615,0.9072789
2025-01-01 00:37:00,0.9009867,0.90282184,0.90106034,0.90388715,0.9055593,0.9066091,0.90724677
2025-01-01 00:38:00,0.9010565,0.90288395,0.90107375,0.9039054,0.90556985,0.90660554,0.9072254
2025-01-01 00:39:00,0.9011056,0.9029274,0.90108496,0.903919,0.90557766,0.9066035,0.90721095
2025-01-01 00:40:00,0.901141,0.9029587,0.9010946,0.9039295,0.9055837,0.9066024,0.907201
2025-01-01 00:41:00,0.90116763,0.90298206,0.9011033,0.9039381,0.9055886,0.9066018,0.90719396
2025-01-01 00:42:00,0.9011885,0.9030003,0.9011114,0.9039454,0.90559274,0.90660167,0.9071888
2025-01-01 00:43:00,0.9012056,0.9030152,0.901119,0.9039518,0.90559644,0.90660167,0.9071848
2025-01-01 00:44:00,0.9012202,0.90302783,0.9011263,0.9039576,0.90559965,0.90660185,0.9071816
2025-01-01 00:45:00,0.9012333,0.90303904,0.9011334,0.9039631,0.9056027,0.9066021,0.9071789
2025-01-01 00:46:00,0.9012453,0.90304923,0.9011404,0.9039682,0.90560555,0.9066024,0.9071764
2025-01-01 00:47:00,0.9012566,0.9030589,0.9011472,0.9039732,0.90560824,0.9066026,0.9071741
2025-01-01 00:48:00,0.9012674,0.90306807,0.9011539,0.90397805,0.90561086,0.9066028,0.90717185
2025-01-01 00:49:00,0.90127796,0.90307695,0.90116054,0.9039827,0.90561336,0.906603,0.90716964
2025-01-01 00:50:00,0.9012883,0.9030856,0.90116715,0.9039873,0.9056158,0.90660316,0.9071675
2025-01-01 00:51:00,0.90129834,0.9030941,0.90117365,0.9039918,0.90561813,0.9066033,0.90716535
2025-01-01 00:52:00,0.90130836,0.9031025,0.9011801,0.9039963,0.9056204,0.90660334,0.9071631
2025-01-01 00:53:00,0.9013183,0.9031108,0.90118647,0.90400064,0.9056226,0.9066033,0.9071609
2025-01-01 00:54:00,0.9013282,0.903119,0.90119284,0.90400493,0.90562475,0.9066032,0.9071586
2025-01-01 00:55:00,0.90133804,0.90312725,0.9011991,0.90400916,0.90562683,0.9066031,0.9071562
2025-01-01 00:56:00,0.90134776,0.90313536,0.90120536,0.9040134,0.9056289,0.9066029,0.90715384
2025-01-01 00:57:00,0.9013574,0.9031434,0.90121156,0.90401757,0.9056309,0.9066027,0.9071514
2025-01-01 00:58:00,0.90136707,0.90315145,0.9012177,0.9040216,0.9056328,0.9066024,0.9071489
2025-01-01 00:59:00,0.9013767,0.9031594,0.9012238,0.9040257,0.9056347,0.9066021,0.90714633
2025-01-01 01:00:00,0.90261215,0.9042053,0.9009647,0.90406233,0.9051747,0.9058279,0.9058778
2025-01-01 01:01:00,0.9034184,0.9048879,0.9007984,0.9040875,0.9048763,0.90532446,0.9050523
2025-01-01 01:02:00,0.90394586,0.90533435,0.9006922,0.9041052,0.9046828,0.904997,0.9045148
2025-01-01 01:03:00,0.9042919,0.9056272,0.9006253,0.90411794,0.90455765,0.9047839,0.9041643
2025-01-01 01:04:00,0.90452015,0.90582025,0.9005838,0.90412754,0.90447676,0.9046452,0.9039355
2025-01-01 01:05:00,0.9046718,0.9059484,0.9005588,0.90413505,0.9044247,0.9045547,0.9037857
2025-01-01 01:06:00,0.90477353,0.90603435,0.9005446,0.9041412,0.9043914,0.90449566,0.9036873
2025-01-01 01:07:00,0.9048429,0.9060928,0.9005373,0.9041464,0.9043702,0.90445685,0.9036222
2025-01-01 01:08:00,0.90489125,0.9061335,0.90053445,0.904151,0.9043568,0.9044313,0.9035788
2025-01-01 01:09:00,0.9049259,0.9061625,0.9005346,0.90415514,0.90434855,0.90441436,0.90354943
2025-01-01 01:10:00,0.9049516,0.9061839,0.90053654,0.904159,0.9043436,0.904403,0.9035292
2025-01-01 01:11:00,0.9049714,0.90620035,0.90053964,0.9041627,0.90434074,0.90439516,0.9035149
2025-01-01 01:12:00,0.9049875,0.90621364,0.9005436,0.90416616,0.90433925,0.9043897,0.90350443
2025-01-01 01:13:00,0.9050011,0.9062247,0.900548,0.90416956,0.9043386,0.9043857,0.90349644
2025-01-01 01:14:00,0.905013,0.9062345,0.90055263,0.90417284,0.9043385,0.9043826,0.90349
2025-01-01 01:15:00,0.9050239,0.9062433,0.9005575,0.90417606,0.9043387,0.90438014,0.9034846
2025-01-01 01:16:00,0.90503407,0.9062516,0.9005624,0.9041792,0.90433913,0.90437806,0.90347975
2025-01-01 01:17:00,0.9050438,0.9062594,0.9005674,0.90418226,0.90433973,0.90437615,0.90347534
2025-01-01 01:18:00,0.90505314,0.9062669,0.90057236,0.90418524,0.9043403,0.90437436,0.9034712
2025-01-01 01:19:00,0.9050623,0.90627426,0.90057737,0.9041882,0.9043409,0.9043727,0.9034672
2025-01-01 01:20:00,0.9050713,0.9062814,0.9005823,0.9041911,0.9043415,0.904371,0.9034632
2025-01-01 01:21:00,0.90508014,0.90628844,0.90058726,0.9041939,0.9043421,0.9043693,0.9034593
2025-01-01 01:22:00,0.90508884,0.9062954,0.90059215,0.9041967,0.9043426,0.90436757,0.9034553
2025-01-01 01:23:00,0.90509754,0.9063023,0.90059704,0.90419936,0.9043431,0.9043658,0.9034514
2025-01-01 01:24:00,0.9051062,0.9063091,0.9006018,0.90420204,0.90434355,0.904364,0.9034474
2025-01-01 01:25:00,0.9051147,0.90631586,0.9006066,0.90420467,0.90434396,0.90436214,0.9034434
2025-01-01 01:26:00,0.90512323,0.90632254,0.9006112,0.90420717,0.90434426,0.9043603,0.9034393
2025-01-01 01:27:00,0.9051317,0.9063292,0.9006159,0.9042097,0.90434456,0.9043583,0.9034352
2025-01-01 01:28:00,0.9051401,0.9063358,0.9006204,0.9042121,0.90434474,0.9043563,0.90343106
2025-01-01 01:29:00,0.90514845,0.9063423,0.90062493,0.9042145,0.9043449,0.9043543,0.9034268
2025-01-01 01:30:00,0.90572006,0.9067357,0.89990616,0.9038721,0.90319693,0.9029574,0.9015415
2025-01-01 01:31:00,0.90609443,0.9069936,0.89944047,0.9036503,0.9024507,0.90204865,0.90031445
2025-01-01 01:32:00,0.9063406,0.90716344,0.8991393,0.9035069,0.90196556,0.9014571,0.8995153
2025-01-01 01:33:00,0.90650344,0.90727603,0.89894503,0.90341437,0.9016502,0.9010718,0.8989942
2025-01-01 01:34:00,0.90661216,0.90735143,0.89882016,0.903355,0.90144515,0.9008205,0.898654
2025-01-01 01:35:00,0.90668565,0.9074025,0.8987404,0.90331703,0.90131176,0.9006562,0.8984312
2025-01-01 01:36:00,0.9067362,0.90743786,0.89869004,0.903293,0.9012249,0.9005486,0.89828473
2025-01-01 01:37:00,0.9067718,0.90746295,0.8986587,0.90327805,0.90116835,0.9004777,0.8981879
2025-01-01 01:38:00,0.9067977,0.9074814,0.8986396,0.90326893,0.9011314,0.9004307,0.8981232
2025-01-01 01:39:00,0.9068173,0.90749544,0.89862865,0.9032636,0.9011072,0.90039915,0.8980795
2025-01-01 01:40:00,0.90683275,0.9075066,0.8986229,0.9032607,0.9010913,0.9003777,0.89804935
2025-01-01 01:41:00,0.9068455,0.9075159,0.8986204,0.9032594,0.90108067,0.90036273,0.8980281
2025-01-01 01:42:00,0.90685654,0.907524,0.8986201,0.90325904,0.9010736,0.900352,0.8980124
2025-01-01 01:43:00,0.9068663,0.90753126,0.8986212,0.9032594,0.9010687,0.9003441,0.8980005
2025-01-01 01:44:00,0.9068753,0.907538,0.89862317,0.90326005,0.90106523,0.9003378,0.8979909
2025-01-01 01:45:00,0.90688384,0.9075443,0.8986257,0.903261,0.90106267,0.9003326,0.8979829
2025-01-01 01:46:00,0.906892,0.9075504,0.89862853,0.9032621,0.9010607,0.9003282,0.89797586
2025-01-01 01:47:00,0.9068999,0.9075563,0.8986316,0.90326315,0.90105903,0.9003242,0.8979694
2025-01-01 01:48:00,0.9069076,0.907562,0.8986348,0.90326434,0.90105766,0.90032053,0.8979634
2025-01-01 01:49:00,0.90691525,0.9075677,0.898638,0.9032655,0.90105635,0.9003169,0.8979576
2025-01-01 01:50:00,0.9069228,0.9075732,0.8986413,0.9032666,0.90105504,0.90031344,0.8979519
2025-01-01 01:51:00,0.9069302,0.9075787,0.89864445,0.9032677,0.90105385,0.90031,0.89794624
2025-01-01 01:52:00,0.9069376,0.9075841,0.89864767,0.90326875,0.90105265,0.9003065,0.8979407
2025-01-01 01:53:00,0.9069449,0.9075894,0.8986508,0.90326977,0.90105134,0.900303,0.89793515
2025-01-01 01:54:00,0.9069521,0.9075946,0.898654,0.9032707,0.90105003,0.9002995,0.89792955
2025-01-01 01:55:00,0.90695924,0.9075998,0.8986571,0.9032716,0.9010487,0.900296,0.8979239
2025-01-01 01:56:00,0.9069663,0.907605,0.8986601,0.90327245,0.90104735,0.90029246,0.8979182
2025-01-01 01:57:00,0.9069734,0.90761006,0.8986631,0.9032732,0.90104586,0.9002888,0.8979125
2025-01-01 01:58:00,0.90698045,0.9076151,0.898666,0.90327394,0.90104437,0.9002851,0.8979068
2025-01-01 01:59:00,0.9069874,0.90762013,0.8986689,0.9032746,0.9010428,0.90028137,0.897901
2025-01-01 02:00:00,0.906885,0.90735394,0.8975033,0.9025593,0.8992271,0.8982864,0.89543205
2025-01-01 02:01:00,0.9068209,0.9071826,0.8967466,0.9020944,0.89804626,0.8969883,0.8938252
2025-01-01 02:02:00,0.9067815,0.90707284,0.8962557,0.9017924,0.8972781,0.89614314,0.8927786
2025-01-01 02:03:00,0.90675825,0.9070031,0.8959374,0.90159625,0.8967781,0.8955923,0.89209616
2025-01-01 02:04:00,0.90674543,0.9069595,0.89573145,0.9014688,0.8964524,0.89523286,0.8916505
2025-01-01 02:05:00,0.9067394,0.90693265,0.89559835,0.9013861,0.89624006,0.8949978,0.89135855
2025-01-01 02:06:00,0.9067378,0.90691686,0.89551276,0.9013323,0.8961013,0.89484346,0.8911666
2025-01-01 02:07:00,0.90673906,0.90690815,0.89545786,0.90129745,0.89601034,0.89474165,0.89103967
2025-01-01 02:08:00,0.9067421,0.906904,0.895423,0.90127474,0.89595044,0.894674,0.8909549
2025-01-01 02:09:00,0.9067463,0.90690285,0.8954011,0.9012601,0.8959108,0.89462847,0.8908976
2025-01-01 02:10:00,0.9067513,0.9069036,0.89538765,0.9012505,0.89588416,0.89459735,0.8908581
2025-01-01 02:11:00,0.9067567,0.9069056,0.89537966,0.90124416,0.8958661,0.89457554,0.8908301
2025-01-01 02:12:00,0.9067624,0.90690833,0.89537513,0.90124005,0.89585346,0.8945598,0.8908096
2025-01-01 02:13:00,0.9067683,0.9069116,0.8953729,0.9012373,0.8958444,0.8945479,0.890794
2025-01-01 02:14:00,0.9067742,0.9069151,0.89537215,0.9012354,0.89583766,0.8945386,0.8907815
2025-01-01 02:15:00,0.90678024,0.9069188,0.8953723,0.90123403,0.8958323,0.8945309,0.8907711
2025-01-01 02:16:00,0.90678626,0.90692264,0.895373,0.90123296,0.89582795,0.89452416,0.8907619
2025-01-01 02:17:00,0.9067923,0.90692645,0.89537406,0.9012321,0.8958242,0.89451814,0.8907536
2025-01-01 02:18:00,0.90679824,0.9069303,0.89537543,0.9012314,0.8958208,0.89451253,0.89074576
2025-01-01 02:19:00,0.9068042,0.9069342,0.8953768,0.9012307,0.89581764,0.8945072,0.89073825
2025-01-01 02:20:00,0.90681016,0.906938,0.8953783,0.90123004,0.89581454,0.894502,0.890731
2025-01-01 02:21:00,0.906816,0.90694183,0.89537984,0.90122944,0.8958115,0.8944968,0.89072376
2025-01-01 02:22:00,0.90682185,0.9069456,0.8953813,0.9012287,0.8958085,0.8944917,0.8907166
2025-01-01 02:23:00,0.9068276,0.9069493,0.89538276,0.90122795,0.89580554,0.8944865,0.8907095
2025-01-01 02:24:00,0.90683335,0.9069529,0.89538413,0.9012272,0.8958025,0.89448136,0.8907024
2025-01-01 02:25:00,0.906839,0.9069565,0.89538556,0.90122634,0.89579946,0.8944762,0.8906952
2025-01-01 02:26:00,0.9068446,0.90696007,0.8953869,0.9012255,0.89579636,0.894471,0.890688
2025-01-01 02:27:00,0.9068502,0.9069635,0.8953882,0.90122455,0.89579326,0.89446574,0.89068085
2025-01-01 02:28:00,0.90685576,0.9069669,0.89538944,0.90122354,0.89579004,0.89446044,0.8906736
2025-01-01 02:29:00,0.9068612,0.9069703,0.8953906,0.9012225,0.8957868,0.89445513,0.8906663
2025-01-01 02:30:00,0.9060866,0.90604925,0.8937991,0.9001471,0.8933362,0.8918981,0.8876586
2025-01-01 02:31:00,0.905585,0.90545166,0.89276505,0.8994476,0.8917421,0.8902341,0.8857009
2025-01-01 02:32:00,0.90526074,0.90506434,0.8920932,0.8989925,0.89070475,0.8891505,0.8844258
2025-01-01 02:33:00,0.9050518,0.90481365,0.8916568,0.8986962,0.8900292,0.88844424,0.88359433
2025-01-01 02:34:00,0.9049178,0.9046517,0.89137346,0.8985031,0.88958883,0.88798314,0.8830512
2025-01-01 02:35:00,0.9048325,0.9045475,0.8911895,0.89837706,0.8893013,0.8876814,0.8826955
2025-01-01 02:36:00,0.9047787,0.90448076,0.8910702,0.8982946,0.8891131,0.8874833,0.8824616
2025-01-01 02:37:00,0.9047455,0.9044384,0.8909928,0.89824045,0.88898945,0.8873524,0.8823068
2025-01-01 02:38:00,0.9047257,0.9044118,0.8909427,0.8982047,0.88890773,0.88726526,0.8822035
2025-01-01 02:39:00,0.90471447,0.90439546,0.8909104,0.89818084,0.88885325,0.88720655,0.8821336
2025-01-01 02:40:00,0.90470886,0.90438575,0.89088947,0.89816463,0.8888164,0.8871663,0.8820854
2025-01-01 02:41:00,0.9047069,0.9043804,0.890876,0.8981535,0.88879114,0.88713807,0.8820513
2025-01-01 02:42:00,0.9047072,0.90437776,0.89086735,0.89814556,0.88877326,0.8871175,0.8820264
2025-01-01 02:43:00,0.90470904,0.9043769,0.89086187,0.8981398,0.8887602,0.887102,0.8820073
2025-01-01 02:44:00,0.9047119,0.9043773,0.89085835,0.89813536,0.88875026,0.8870897,0.8819921
2025-01-01 02:45:00,0.90471524,0.9043783,0.89085615,0.8981317,0.88874227,0.8870796,0.88197935
2025-01-01 02:46:00,0.90471905,0.9043797,0.8908547,0.89812857,0.8887356,0.88707083,0.88196826
2025-01-01 02:47:00,0.904723,0.9043815,0.8908539,0.89812577,0.88872975,0.88706285,0.8819581
2025-01-01 02:48:00,0.9047271,0.9043834,0.8908532,0.89812315,0.8887245,0.8870554,0.88194865
2025-01-01 02:49:00,0.90473133,0.9043854,0.89085287,0.8981207,0.88871944,0.88704836,0.8819396
2025-01-01 02:50:00,0.90473557,0.9043874,0.8908525,0.89811826,0.8887146,0.88704145,0.8819308
2025-01-01 02:51:00,0.90473974,0.90438944,0.8908523,0.8981159,0.88870984,0.88703465,0.8819221
2025-01-01 02:52:00,0.9047439,0.90439147,0.89085203,0.8981134,0.8887052,0.887028,0.88191354
2025-01-01 02:53:00,0.904748,0.90439343,0.89085174,0.898111,0.88870054,0.8870213,0.8819051
2025-01-01 02:54:00,0.9047522,0.9043954,0.89085144,0.8981084,0.88869584,0.8870146,0.8818965
2025-01-01 02:55:00,0.90475625,0.9043973,0.8908511,0.8981059,0.8886911,0.8870079,0.881888
2025-01-01 02:56:00,0.9047603,0.90439916,0.8908507,0.89810336,0.88868636,0.8870011,0.8818794
2025-01-01 02:57:00,0.90476424,0.90440094,0.8908503,0.89810073,0.8886816,0.88699436,0.8818708
2025-01-01 02:58:00,0.90476817,0.90440273,0.8908498,0.89809805,0.88867676,0.8869875,0.8818622
2025-01-01 02:59:00,0.90477204,0.9044044,0.8908493,0.8980953,0.8886719,0.88698065,0.8818536
2025-01-01 03:00:00,0.90333915,0.9028449,0.88886034,0.89667886,0.88563,0.883907,0.8783603
2025-01-01 03:01:00,0.9024091,0.9018318,0.8875672,0.89575726,0.88365096,0.8819067,0.8760866
2025-01-01 03:02:00,0.90180576,0.9011737,0.88672644,0.8951571,0.8823628,0.880604,0.87460554
2025-01-01 03:03:00,0.9014148,0.9007464,0.8861796,0.8947659,0.88152367,0.8797548,0.87363976
2025-01-01 03:04:00,0.9011619,0.9004692,0.88582385,0.89451057,0.88097644,0.8792002,0.8730089
2025-01-01 03:05:00,0.9009988,0.9002894,0.8855922,0.89434344,0.8806189,0.8788372,0.87259567
2025-01-01 03:06:00,0.90089387,0.90017295,0.88544136,0.89423376,0.88038456,0.87859875,0.87232393
2025-01-01 03:07:00,0.9008269,0.90009767,0.8853429,0.8941612,0.88023037,0.8784412,0.8721441
2025-01-01 03:08:00,0.90078443,0.90004903,0.88527846,0.89411294,0.8801282,0.87833613,0.87202406
2025-01-01 03:09:00,0.900758,0.90001786,0.88523614,0.89408034,0.88005996,0.87826526,0.87194276
2025-01-01 03:10:00,0.90074193,0.8999979,0.88520825,0.894058,0.8800136,0.87821656,0.8718868
2025-01-01 03:11:00,0.9007326,0.89998525,0.8851896,0.8940422,0.8799815,0.8781823,0.87184715
2025-01-01 03:12:00,0.90072757,0.8999773,0.885177,0.89403063,0.8799586,0.8781574,0.8718182
2025-01-01 03:13:00,0.9007253,0.8999724,0.8851683,0.89402187,0.8799418,0.8781385,0.8717961
2025-01-01 03:14:00,0.9007249,0.89996946,0.8851622,0.8940149,0.8799289,0.8781235,0.87177837
2025-01-01 03:15:00,0.9007256,0.8999678,0.88515764,0.89400905,0.8799184,0.8781111,0.8717636
2025-01-01 03:16:00,0.9007271,0.8999669,0.88515407,0.8940039,0.8799096,0.8781004,0.8717507
2025-01-01 03:17:00,0.900729,0.89996654,0.8851512,0.89399934,0.8799017,0.8780906,0.87173903
2025-01-01 03:18:00,0.9007312,0.89996654,0.88514876,0.8939949,0.87989455,0.87808156,0.87172806
2025-01-01 03:19:00,0.9007336,0.89996666,0.88514656,0.89399064,0.87988776,0.87807286,0.87171763
2025-01-01 03:20:00,0.900736,0.89996684,0.8851445,0.8939865,0.87988126,0.8780645,0.87170744
2025-01-01 03:21:00,0.9007384,0.8999671,0.88514245,0.89398235,0.8798749,0.8780562,0.8716975
2025-01-01 03:22:00,0.9007409,0.8999673,0.8851404,0.89397824,0.87986857,0.87804806,0.8716876
2025-01-01 03:23:00,0.90074337,0.8999676,0.8851384,0.89397407,0.87986237,0.8780399,0.87167776
2025-01-01 03:24:00,0.90074575,0.8999678,0.88513637,0.8939699,0.87985605,0.87803173,0.871668
2025-01-01 03:25:00,0.9007482,0.8999679,0.8851343,0.8939657,0.8798498,0.87802356,0.8716582
2025-01-01 03:26:00,0.9007506,0.8999681,0.8851322,0.8939615,0.8798434,0.8780154,0.8716484
2025-01-01 03:27:00,0.90075284,0.89996815,0.88513005,0.8939572,0.8798371,0.87800723,0.8716386
2025-01-01 03:28:00,0.9007551,0.8999682,0.88512784,0.89395285,0.8798307,0.877999,0.87162876
2025-01-01 03:29:00,0.9007573,0.89996815,0.88512564,0.89394844,0.87982434,0.8779907,0.8716189
2025-01-01 03:30:00,0.89869165,0.8977981,0.88277465,0.89221644,0.8762454,0.8744554,0.86770254
2025-01-01 03:31:00,0.8973497,0.89638746,0.8812457,0.89108896,0.87391675,0.8721544,0.8651534
2025-01-01 03:32:00,0.8964781,0.8954705,0.88025093,0.89035445,0.87240076,0.8706559,0.8634929
2025-01-01 03:33:00,0.89591223,0.89487433,0.87960345,0.8898754,0.87141305,0.8696788,0.86241007
2025-01-01 03:34:00,0.89554507,0.8944866,0.8791816,0.88956237,0.87076867,0.8690407,0.8617027
2025-01-01 03:35:00,0.895307,0.8942345,0.87890655,0.88935715,0.8703475,0.86862296,0.8612394
2025-01-01 03:36:00,0.89515287,0.8940704,0.8787268,0.8892221,0.8700713,0.86834836,0.86093456
2025-01-01 03:37:00,0.8950532,0.8939635,0.8786089,0.88913256,0.8698894,0.86816686,0.8607329
2025-01-01 03:38:00,0.894989,0.89389384,0.87853134,0.8890727,0.8697686,0.86804587,0.86059827
2025-01-01 03:39:00,0.8949478,0.8938483,0.8784799,0.889032,0.86968774,0.8679641,0.8605071
2025-01-01 03:40:00,0.89492154,0.89381844,0.8784454,0.88900375,0.8696327,0.8679078,0.86044425
2025-01-01 03:41:00,0.894905,0.89379877,0.8784219,0.8889836,0.8695944,0.8678682,0.8603997
2025-01-01 03:42:00,0.8948947,0.89378566,0.8784056,0.88896865,0.869567,0.86783934,0.8603671
2025-01-01 03:43:00,0.89488846,0.8937768,0.8783938,0.88895714,0.86954665,0.8678174,0.8603424
2025-01-01 03:44:00,0.8948848,0.89377064,0.87838507,0.8889478,0.8695309,0.8678,0.86032254
2025-01-01 03:45:00,0.89488286,0.8937663,0.87837833,0.88893986,0.86951816,0.8677856,0.86030596
2025-01-01 03:46:00,0.894882,0.89376307,0.8783727,0.8889328,0.86950725,0.867773,0.8602916
2025-01-01 03:47:00,0.8948818,0.89376056,0.87836796,0.8889263,0.8694976,0.8677617,0.86027855
2025-01-01 03:48:00,0.894882,0.8937586,0.8783636,0.8889201,0.8694887,0.867751,0.86026627
2025-01-01 03:49:00,0.8948825,0.8937568,0.8783596,0.88891417,0.8694803,0.8677409,0.8602546
2025-01-01 03:50:00,0.8948831,0.89375514,0.87835574,0.8889084,0.86947227,0.86773115,0.86024326
2025-01-01 03:51:00,0.8948838,0.89375365,0.878352,0.88890266,0.86946434,0.8677215,0.8602321
2025-01-01 03:52:00,0.8948845,0.8937521,0.8783483,0.8888969,0.86945647,0.86771196,0.86022115
2025-01-01 03:53:00,0.89488524,0.8937506,0.8783446,0.8888911,0.8694487,0.8677025,0.86021024
2025-01-01 03:54:00,0.89488596,0.89374906,0.8783409,0.8888854,0.869441,0.86769307,0.8601994
2025-01-01 03:55:00,0.89488655,0.8937475,0.8783371,0.88887954,0.8694332,0.86768365,0.86018854
2025-01-01 03:56:00,0.8948872,0.89374596,0.8783334,0.8888737,0.8694255,0.8676742,0.86017764
2025-01-01 03:57:00,0.8948878,0.8937443,0.8783296,0.88886786,0.8694177,0.8676647,0.8601668
2025-01-01 03:58:00,0.89488834,0.8937426,0.8783257,0.8888619,0.86940986,0.8676552,0.8601559
2025-01-01 03:59:00,0.8948889,0.8937409,0.87832177,0.88885593,0.869402,0.8676457,0.860145
2025-01-01 04:00:00,0.89222735,0.89099914,0.87565064,0.8868392,0.8653499,0.8637116,0.85587525
2025-01-01 04:01:00,0.89049745,0.8892163,0.87391293,0.8855261,0.86271316,0.86115104,0.8530962
2025-01-01 04:02:00,0.88937306,0.88805676,0.872782,0.88467044,0.8609965,0.8594833,0.8512859
2025-01-01 04:03:00,0.8886423,0.8873023,0.8720454,0.88411206,0.85987777,0.8583959,0.8501053
2025-01-01 04:04:00,0.8881674,0.8868112,0.8715651,0.8837469,0.8591477,0.8576856,0.849334
2025-01-01 04:05:00,0.8878586,0.8864912,0.8712514,0.8835074,0.85867035,0.8572205,0.8488288
2025-01-01 04:06:00,0.88765794,0.8862824,0.87104595,0.88334936,0.8583572,0.8569147,0.84849644
2025-01-01 04:07:00,0.8875275,0.88614583,0.8709109,0.88324445,0.8581507,0.85671246,0.8482765
2025-01-01 04:08:00,0.88744265,0.88605624,0.8708215,0.88317394,0.8580136,0.8565775,0.8481296
2025-01-01 04:09:00,0.88738745,0.8859972,0.87076175,0.8831258,0.85792154,0.8564863,0.84803015
2025-01-01 04:10:00,0.88735145,0.88595796,0.8707214,0.88309216,0.85785866,0.85642356,0.84796154
2025-01-01 04:11:00,0.88732797,0.88593155,0.87069345,0.883068,0.85781485,0.8563793,0.847913
2025-01-01 04:12:00,0.88731253,0.88591355,0.8706737,0.88304996,0.85778344,0.85634696,0.84787756
2025-01-01 04:13:00,0.8873024,0.88590086,0.8706591,0.88303584,0.85775995,0.85632235,0.84785044
2025-01-01 04:14:00,0.88729566,0.8858917,0.870648,0.8830243,0.8577417,0.85630286,0.84782887
2025-01-01 04:15:00,0.887291,0.8858847,0.8706391,0.8830144,0.8577268,0.8562866,0.8478108
2025-01-01 04:16:00,0.88728786,0.8858792,0.8706315,0.88300556,0.8577141,0.8562724,0.84779507
2025-01-01 04:17:00,0.88728553,0.8858747,0.8706249,0.8829974,0.8577028,0.85625964,0.8477808
2025-01-01 04:18:00,0.8872838,0.8858707,0.8706188,0.8829896,0.85769236,0.8562477,0.84776753
2025-01-01 04:19:00,0.8872823,0.88586706,0.87061304,0.8829821,0.8576825,0.85623634,0.8477548
2025-01-01 04:20:00,0.8872811,0.8858636,0.87060755,0.8829747,0.857673,0.8562253,0.8477425
2025-01-01 04:21:00,0.88728005,0.8858604,0.87060213,0.88296735,0.8576637,0.8562145,0.84773046
2025-01-01 04:22:00,0.88727903,0.8858571,0.87059677,0.8829601,0.8576545,0.8562038,0.84771854
2025-01-01 04:23:00,0.887278,0.8858539,0.8705914,0.8829528,0.85764533,0.85619324,0.84770674
2025-01-01 04:24:00,0.88727695,0.88585067,0.8705861,0.88294554,0.8576363,0.8561827,0.847695
2025-01-01 04:25:00,0.88727593,0.8858474,0.87058073,0.8829382,0.8576272,0.8561721,0.8476832
2025-01-01 04:26:00,0.8872748,0.88584405,0.8705753,0.8829309,0.8576181,0.85616153,0.84767145
2025-01-01 04:27:00,0.88727367,0.8858408,0.87056994,0.88292354,0.857609,0.8561509,0.84765965
2025-01-01 04:28:00,0.8872725,0.8858374,0.87056446,0.88291615,0.85759985,0.8561403,0.8476479
2025-01-01 04:29:00,0.8872712,0.885834,0.8705589,0.8829087,0.8575907,0.8561297,0.84763616
2025-01-01 04:30:00,0.88406104,0.8825688,0.8676151,0.88064283,0.8531371,0.85186666,0.84308887
2025-01-01 04:31:00,0.88197386,0.8804452,0.8656996,0.8791674,0.850239,0.84909195,0.84012896
2025-01-01 04:32:00,0.8806167,0.87906355,0.8644525,0.8782056,0.84835196,0.8472847,0.8382009
2025-01-01 04:33:00,0.879734,0.8781642,0.86363983,0.8775778,0.8471221,0.84610605,0.83694345
2025-01-01 04:34:00,0.8791597,0.87757826,0.8631095,0.877167,0.8463194,0.8453362,0.836122
2025-01-01 04:35:00,0.8787857,0.877196,0.86276275,0.8768973,0.84579426,0.844832,0.8355838
2025-01-01 04:36:00,0.8785421,0.8769462,0.86253524,0.8767191,0.8454496,0.84450036,0.83522975
2025-01-01 04:37:00,0.8783831,0.8767824,0.86238533,0.8766006,0.8452223,0.8442811,0.8349955
2025-01-01 04:38:00,0.8782791,0.87667453,0.86228573,0.8765208,0.8450712,0.8441347,0.834839
2025-01-01 04:39:00,0.87821084,0.87660307,0.86221886,0.8764661,0.8449696,0.8440356,0.834733
2025-01-01 04:40:00,0.8781658,0.8765551,0.86217314,0.87642777,0.8449001,0.84396744,0.83466
2025-01-01 04:41:00,0.8781358,0.8765225,0.8621414,0.8764,0.84485155,0.8439193,0.83460826
2025-01-01 04:42:00,0.87811553,0.8764998,0.8621185,0.8763791,0.8448166,0.843884,0.83457035
2025-01-01 04:43:00,0.87810165,0.87648356,0.8621014,0.8763626,0.84479046,0.8438572,0.8345415
2025-01-01 04:44:00,0.8780918,0.87647146,0.862088,0.87634903,0.84477,0.8438359,0.8345185
2025-01-01 04:45:00,0.87808466,0.87646204,0.8620771,0.87633735,0.84475327,0.8438181,0.83449924
2025-01-01 04:46:00,0.8780792,0.87645435,0.8620677,0.8763268,0.8447389,0.8438027,0.8344825
2025-01-01 04:47:00,0.8780749,0.8764478,0.86205935,0.876317,0.8447261,0.8437886,0.8344673
2025-01-01 04:48:00,0.8780712,0.876442,0.8620516,0.8763078,0.8447142,0.8437756,0.83445317
2025-01-01 04:49:00,0.8780679,0.8764366,0.8620442,0.8762987,0.8447031,0.8437632,0.8344397
2025-01-01 04:50:00,0.8780649,0.8764314,0.8620371,0.8762899,0.8446923,0.8437511,0.8344266
2025-01-01 04:51:00,0.87806207,0.8764264,0.86203015,0.87628126,0.8446818,0.84373933,0.83441377
2025-01-01 04:52:00,0.87805927,0.87642145,0.8620232,0.87627256,0.8446713,0.84372765,0.83440113
2025-01-01 04:53:00,0.8780565,0.87641656,0.8620164,0.8762639,0.844661,0.843716,0.8343886
2025-01-01 04:54:00,0.8780537,0.8764116,0.8620095,0.8762553,0.84465075,0.8437045,0.83437616
2025-01-01 04:55:00,0.878051,0.8764067,0.8620026,0.8762466,0.8446405,0.843693,0.8343637
2025-01-01 04:56:00,0.8780481,0.8764018,0.8619957,0.8762379,0.84463024,0.8436815,0.83435124
2025-01-01 04:57:00,0.8780453,0.87639683,0.8619888,0.8762292,0.8446199,0.84367,0.83433884
2025-01-01 04:58:00,0.87804246,0.8763919,0.8619818,0.87622046,0.8446097,0.8436585,0.83432645
2025-01-01 04:59:00,0.87803954,0.8763868,0.8619748,0.87621164,0.84459937,0.84364694,0.834314
2025-01-01 05:00:00,0.8743385,0.8726574,0.8588113,0.87373775,0.83982486,0.8391319,0.82957125
2025-01-01 05:01:00,0.87193173,0.8702315,0.8567526,0.8721266,0.8367178,0.8361931,0.8264841
2025-01-01 05:02:00,0.8703662,0.86865276,0.8554119,0.87107617,0.83469456,0.83427876,0.824473
2025-01-01 05:03:00,0.8693475,0.86762476,0.8545378,0.87039024,0.8333757,0.83303034,0.8231615
2025-01-01 05:04:00,0.8686842,0.8669546,0.85396713,0.8699412,0.83251476,0.8322148,0.8223045
2025-01-01 05:05:00,0.8682518,0.8665171,0.8535936,0.8696461,0.83195144,0.83168054,0.8217432
2025-01-01 05:06:00,0.86796963,0.86623085,0.85334814,0.8694511,0.8315816,0.83132917,0.8213739
2025-01-01 05:07:00,0.8677849,0.8660428,0.853186,0.86932117,0.83133745,0.83109665,0.8211294
2025-01-01 05:08:00,0.8676637,0.86591864,0.853078,0.8692334,0.831175,0.8309414,0.8209661
2025-01-01 05:09:00,0.8675836,0.8658359,0.8530051,0.86917317,0.8310657,0.8308363,0.82085556
2025-01-01 05:10:00,0.8675303,0.8657802,0.8529551,0.86913073,0.83099085,0.8307638,0.82077926
2025-01-01 05:11:00,0.8674943,0.8657419,0.8529199,0.86909986,0.83093846,0.8307126,0.82072526
2025-01-01 05:12:00,0.8674696,0.86571497,0.8528943,0.86907655,0.83090055,0.8306751,0.8206857
2025-01-01 05:13:00,0.86745226,0.8656954,0.85287493,0.8690581,0.83087224,0.8306466,0.8206555
2025-01-01 05:14:00,0.8674396,0.86568063,0.8528596,0.8690427,0.83084995,0.8306238,0.8206315
2025-01-01 05:15:00,0.86743003,0.8656689,0.8528469,0.8690294,0.83083165,0.83060485,0.8206115
2025-01-01 05:16:00,0.8674224,0.86565924,0.8528359,0.8690174,0.8308159,0.8305883,0.82059395
2025-01-01 05:17:00,0.867416,0.8656508,0.85282594,0.8690063,0.83080184,0.8305733,0.82057816
2025-01-01 05:18:00,0.8674104,0.86564314,0.85281664,0.8689956,0.83078885,0.83055943,0.82056344
2025-01-01 05:19:00,0.8674054,0.865636,0.8528078,0.8689853,0.8307766,0.83054614,0.82054937
2025-01-01 05:20:00,0.86740065,0.8656292,0.85279924,0.8689752,0.83076465,0.83053327,0.8205357
2025-01-01 05:21:00,0.8673961,0.8656226,0.85279083,0.86896527,0.8307531,0.83052063,0.82052237
2025-01-01 05:22:00,0.8673916,0.8656161,0.8527825,0.8689554,0.83074164,0.8305082,0.82050925
2025-01-01 05:23:00,0.8673872,0.8656096,0.85277414,0.8689455,0.8307303,0.8304959,0.82049626
2025-01-01 05:24:00,0.86738276,0.86560315,0.85276586,0.8689356,0.83071905,0.8304836,0.82048327
2025-01-01 05:25:00,0.86737835,0.8655967,0.8527576,0.86892575,0.8307078,0.83047134,0.82047033
2025-01-01 05:26:00,0.8673738,0.8655902,0.8527492,0.86891574,0.83069646,0.8304591,0.82045746
2025-01-01 05:27:00,0.8673693,0.86558366,0.85274094,0.86890584,0.8306852,0.8304468,0.8204445
2025-01-01 05:28:00,0.8673648,0.8655771,0.85273254,0.86889595,0.83067393,0.83043456,0.8204317
2025-01-01 05:29:00,0.86736023,0.86557055,0.85272413,0.86888593,0.83066267,0.83042234,0.82041883
2025-01-01 05:30:00,0.8632342,0.861443,0.84939724,0.86624783,0.825652,0.8257355,0.81556475
2025-01-01 05:31:00,0.86055064,0.85875773,0.84723175,0.86452943,0.82239103,0.82268476,0.81240505
2025-01-01 05:32:00,0.8588046,0.85700995,0.84582114,0.863409,0.82026744,0.8206975,0.8103468
2025-01-01 05:33:00,0.857668,0.85587144,0.84490126,0.8626771,0.81888306,0.8194013,0.8090043
2025-01-01 05:34:00,0.85692745,0.85512906,0.84430027,0.86219776,0.8179792,0.8185546,0.8081272
2025-01-01 05:35:00,0.85644436,0.854644,0.8439065,0.8618826,0.8173877,0.8179998,0.8075526
2025-01-01 05:36:00,0.8561286,0.8543263,0.84364754,0.86167425,0.8169992,0.8176348,0.8071745
2025-01-01 05:37:00,0.85592157,0.85411733,0.8434761,0.8615351,0.8167426,0.8173933,0.8069242
2025-01-01 05:38:00,0.8557852,0.853979,0.8433616,0.861441,0.8165717,0.8172319,0.806757
2025-01-01 05:39:00,0.8556947,0.85388654,0.843284,0.8613762,0.8164566,0.8171227,0.8066438
2025-01-01 05:40:00,0.8556341,0.85382396,0.8432304,0.86133045,0.81637776,0.8170473,0.80656564
2025-01-01 05:41:00,0.8555928,0.8537807,0.8431925,0.861297,0.8163224,0.8169939,0.80651027
2025-01-01 05:42:00,0.8555641,0.85375005,0.8431646,0.8612716,0.81628233,0.81695485,0.8064698
2025-01-01 05:43:00,0.85554355,0.8537275,0.84314334,0.8612514,0.8162522,0.81692505,0.8064389
2025-01-01 05:44:00,0.8555283,0.85371035,0.8431263,0.86123455,0.8162284,0.81690127,0.80641425
2025-01-01 05:45:00,0.85551643,0.8536965,0.84311205,0.8612199,0.8162089,0.8168814,0.8063937
2025-01-01 05:46:00,0.8555068,0.85368496,0.84309953,0.86120665,0.8161921,0.81686413,0.80637574
2025-01-01 05:47:00,0.8554985,0.85367477,0.8430882,0.8611943,0.81617707,0.81684846,0.80635947
2025-01-01 05:48:00,0.8554911,0.8536655,0.84307754,0.8611825,0.81616306,0.81683385,0.8063444
2025-01-01 05:49:00,0.85548437,0.85365677,0.8430674,0.8611711,0.8161499,0.8168199,0.8063301
2025-01-01 05:50:00,0.8554779,0.8536484,0.8430575,0.8611599,0.81613714,0.81680644,0.8063161
2025-01-01 05:51:00,0.85547173,0.85364026,0.84304774,0.86114883,0.8161247,0.81679326,0.80630255
2025-01-01 05:52:00,0.85546565,0.8536323,0.84303814,0.8611378,0.8161124,0.81678027,0.80628914
2025-01-01 05:53:00,0.85545963,0.8536244,0.84302855,0.8611269,0.81610024,0.81676733,0.80627584
2025-01-01 05:54:00,0.8554536,0.8536165,0.84301895,0.861116,0.8160881,0.8167546,0.8062626
2025-01-01 05:55:00,0.85544753,0.85360855,0.8430094,0.861105,0.816076,0.8167417,0.8062494
2025-01-01 05:56:00,0.8554415,0.8536006,0.8429998,0.86109406,0.81606394,0.81672895,0.80623627
2025-01-01 05:57:00,0.85543543,0.85359263,0.8429902,0.8610831,0.8160519,0.8167162,0.80622315
2025-01-01 05:58:00,0.8554293,0.85358465,0.8429806,0.8610721,0.81603986,0.81670344,0.80621004
2025-01-01 05:59:00,0.85542315,0.85357666,0.84297097,0.86106116,0.8160278,0.8166907,0.806197
2025-01-01 06:00:00,0.85094565,0.8491246,0.83953995,0.8583058,0.81087023,0.8119156,0.8013182
2025-01-01 06:01:00,0.84803313,0.84622794,0.8373064,0.856511,0.8075136,0.80880725,0.79814243
2025-01-01 06:02:00,0.8461377,0.8443423,0.83585113,0.8553405,0.80532753,0.8067824,0.79607356
2025-01-01 06:03:00,0.84490347,0.84311366,0.8349017,0.8545757,0.80390227,0.8054617,0.7947242
2025-01-01 06:04:00,0.8440989,0.84231216,0.83428115,0.85407466,0.8029716,0.80459875,0.79384255
2025-01-01 06:05:00,0.84357363,0.84178823,0.8338743,0.85374504,0.8023624,0.8040334,0.79326487
2025-01-01 06:06:00,0.84322995,0.8414448,0.83360636,0.85352683,0.80196214,0.8036614,0.7928848
2025-01-01 06:07:00,0.8430042,0.84121853,0.8334287,0.8533811,0.8016976,0.803415,0.7926331
2025-01-01 06:08:00,0.8428551,0.84106857,0.83330965,0.85328233,0.8015214,0.80325043,0.79246503
2025-01-01 06:09:00,0.84275585,0.8409681,0.83322877,0.8532142,0.80140257,0.8031389,0.7923511
2025-01-01 06:10:00,0.842689,0.84089977,0.8331726,0.8531659,0.801321,0.8030619,0.7922725
2025-01-01 06:11:00,0.8426431,0.8408523,0.83313257,0.85313046,0.8012637,0.80300736,0.79221684
2025-01-01 06:12:00,0.84261084,0.84081846,0.83310294,0.85310346,0.8012221,0.80296737,0.79217607
2025-01-01 06:13:00,0.84258753,0.8407934,0.8330802,0.85308194,0.80119073,0.80293685,0.79214495
2025-01-01 06:14:00,0.8425699,0.84077406,0.8330617,0.8530638,0.801166,0.80291253,0.79212016
2025-01-01 06:15:00,0.842556,0.8407583,0.8330461,0.8530481,0.80114555,0.8028921,0.7920995
2025-01-01 06:16:00,0.8425445,0.8407451,0.83303237,0.8530338,0.8011279,0.8028743,0.7920814
2025-01-01 06:17:00,0.8425345,0.84073335,0.8330198,0.8530204,0.80111206,0.80285823,0.79206514
2025-01-01 06:18:00,0.8425255,0.84072256,0.833008,0.8530077,0.8010974,0.8028432,0.7920499
2025-01-01 06:19:00,0.84251714,0.8407125,0.83299667,0.85299534,0.8010835,0.80282897,0.79203546
2025-01-01 06:20:00,0.8425091,0.8407028,0.83298564,0.85298324,0.80107015,0.8028151,0.79202145
2025-01-01 06:21:00,0.84250134,0.84069324,0.83297473,0.8529713,0.8010571,0.80280155,0.7920078
2025-01-01 06:22:00,0.8424937,0.8406839,0.83296394,0.85295933,0.80104417,0.8027882,0.79199433
2025-01-01 06:23:00,0.8424862,0.84067464,0.8329533,0.85294753,0.8010314,0.802775,0.79198104
2025-01-01 06:24:00,0.84247875,0.8406654,0.8329426,0.8529358,0.80101866,0.8027618,0.79196775
2025-01-01 06:25:00,0.8424712,0.84065616,0.83293194,0.8529239,0.80100596,0.8027487,0.7919545
2025-01-01 06:26:00,0.8424637,0.8406469,0.8329212,0.8529121,0.8009933,0.8027356,0.7919414
2025-01-01 06:27:00,0.8424561,0.8406377,0.8329106,0.8529003,0.8009807,0.8027225,0.79192823
2025-01-01 06:28:00,0.84244853,0.8406284,0.83289987,0.8528885,0.80096805,0.80270946,0.7919152
2025-01-01 06:29:00,0.84244096,0.8406191,0.83288914,0.85287666,0.8009554,0.8026964,0.79190207
2025-01-01 06:30:00,0.83769196,0.8359222,0.8294153,0.8500534,0.79574305,0.79791826,0.7870856
2025-01-01 06:31:00,0.8346024,0.8328658,0.82715344,0.8482141,0.79235053,0.794808,0.7839503
2025-01-01 06:32:00,0.8325915,0.8308758,0.8256795,0.84701437,0.790141,0.7927816,0.78190774
2025-01-01 06:33:00,0.83128166,0.82957906,0.8247176,0.8462304,0.78870034,0.7914599,0.7805755
2025-01-01 06:34:00,0.8304274,0.8287327,0.82408845,0.84571654,0.7877594,0.79059625,0.77970505
2025-01-01 06:35:00,0.8298694,0.8281793,0.82367575,0.84537834,0.78714335,0.79003024,0.77913463
2025-01-01 06:36:00,0.8295039,0.82781625,0.8234036,0.84515435,0.7867385,0.78965783,0.7787593
2025-01-01 06:37:00,0.82926357,0.8275768,0.8232229,0.84500444,0.78647083,0.7894112,0.77851087
2025-01-01 06:38:00,0.8291044,0.8274178,0.8231015,0.8449028,0.7862924,0.78924626,0.77834475
2025-01-01 06:39:00,0.8289982,0.827311,0.82301867,0.8448325,0.7861719,0.7891345,0.7782322
2025-01-01 06:40:00,0.82892627,0.82723814,0.82296103,0.84478253,0.7860892,0.7890573,0.77815455
2025-01-01 06:41:00,0.8288766,0.82718736,0.8229196,0.8447458,0.7860309,0.7890024,0.7780995
2025-01-01 06:42:00,0.8288414,0.8271509,0.82288873,0.8447177,0.7859885,0.78896224,0.77805924
2025-01-01 06:43:00,0.82881564,0.8271237,0.8228648,0.84469515,0.78595644,0.7889316,0.7780285
2025-01-01 06:44:00,0.82879597,0.8271026,0.8228452,0.84467626,0.7859311,0.788907,0.7780039
2025-01-01 06:45:00,0.82878023,0.8270853,0.8228286,0.84465957,0.7859101,0.7888865,0.7779834
2025-01-01 06:46:00,0.82876706,0.8270706,0.8228138,0.8446445,0.785892,0.78886855,0.77796555
2025-01-01 06:47:00,0.82875556,0.82705754,0.8228003,0.8446304,0.78587574,0.7888523,0.7779494
2025-01-01 06:48:00,0.82874507,0.82704544,0.82278746,0.84461695,0.78586066,0.78883713,0.7779344
2025-01-01 06:49:00,0.82873523,0.82703406,0.8227752,0.8446039,0.7858463,0.7888227,0.77792007
2025-01-01 06:50:00,0.8287258,0.82702315,0.82276314,0.8445911,0.78583246,0.7888087,0.77790624
2025-01-01 06:51:00,0.8287167,0.8270124,0.8227513,0.8445783,0.78581893,0.7887951,0.7778928
2025-01-01 06:52:00,0.8287077,0.8270019,0.82273966,0.84456575,0.7858056,0.7887816,0.7778795
2025-01-01 06:53:00,0.82869875,0.82699144,0.82272804,0.8445533,0.7857924,0.7887683,0.77786636
2025-01-01 06:54:00,0.8286899,0.82698107,0.8227164,0.84454083,0.7857793,0.788755,0.7778533
2025-01-01 06:55:00,0.828681,0.8269707,0.82270485,0.8445284,0.78576624,0.7887417,0.77784026
2025-01-01 06:56:00,0.8286721,0.82696027,0.8226932,0.84451586,0.78575325,0.7887286,0.7778273
2025-01-01 06:57:00,0.82866323,0.8269499,0.82268167,0.8445034,0.7857402,0.7887154,0.7778144
2025-01-01 06:58:00,0.8286543,0.82693946,0.8226701,0.84449095,0.7857272,0.7887023,0.7778015
2025-01-01 06:59:00,0.8286454,0.82692903,0.8226584,0.8444785,0.78571427,0.7886892,0.7777887
2025-01-01 07:00:00,0.8237096,0.8220709,0.8192037,0.84163755,0.7805401,0.7839933,0.77312046
2025-01-01 07:01:00,0.82049817,0.8189094,0.81695396,0.83978665,0.7771724,0.78093636,0.7700816
2025-01-01 07:02:00,0.81840754,0.8168507,0.81548756,0.83857906,0.77497876,0.77894473,0.7681019
2025-01-01 07:03:00,0.81704545,0.81550884,0.81453025,0.8377898,0.77354836,0.77764565,0.76681066
2025-01-01 07:04:00,0.8161568,0.8146329,0.81390387,0.83727235,0.772614,0.77679664,0.76596683
2025-01-01 07:05:00,0.81557596,0.8140598,0.8134926,0.8369316,0.77200216,0.77624017,0.7654139
2025-01-01 07:06:00,0.81519514,0.8136835,0.81322116,0.8367056,0.77159995,0.7758739,0.76504993
2025-01-01 07:07:00,0.8149444,0.8134352,0.8130405,0.8365544,0.7713339,0.7756313,0.76480895
2025-01-01 07:08:00,0.8147781,0.81327,0.8129189,0.83645165,0.7711564,0.775469,0.7646479
2025-01-01 07:09:00,0.8146667,0.8131588,0.81283575,0.8363804,0.77103645,0.7753589,0.76453876
2025-01-01 07:10:00,0.814591,0.81308275,0.8127775,0.8363297,0.7709539,0.7752828,0.7644634
2025-01-01 07:11:00,0.8145384,0.81302947,0.81273544,0.83629227,0.77089566,0.7752288,0.76440996
2025-01-01 07:12:00,0.814501,0.8129911,0.8127039,0.8362635,0.7708533,0.7751891,0.7643708
2025-01-01 07:13:00,0.8144732,0.81296223,0.8126792,0.83624035,0.77082115,0.77515876,0.76434094
2025-01-01 07:14:00,0.8144518,0.8129397,0.8126589,0.83622086,0.7707957,0.77513444,0.7643171
2025-01-01 07:15:00,0.8144345,0.81292117,0.81264156,0.8362037,0.77077454,0.77511406,0.7642971
2025-01-01 07:16:00,0.8144199,0.8129052,0.812626,0.8361881,0.7707562,0.77509624,0.76427984
2025-01-01 07:17:00,0.814407,0.812891,0.8126117,0.8361734,0.77073973,0.77508014,0.76426417
2025-01-01 07:18:00,0.8143952,0.81287783,0.81259817,0.83615947,0.7707245,0.77506506,0.76424956
2025-01-01 07:19:00,0.8143841,0.81286544,0.81258506,0.8361459,0.77070993,0.77505076,0.7642357
2025-01-01 07:20:00,0.81437343,0.81285346,0.81257236,0.8361326,0.7706959,0.77503693,0.7642223
2025-01-01 07:21:00,0.814363,0.8128418,0.8125598,0.8361194,0.77068216,0.77502334,0.7642092
2025-01-01 07:22:00,0.8143528,0.8128302,0.8125473,0.83610636,0.7706687,0.77501,0.76419634
2025-01-01 07:23:00,0.8143427,0.8128188,0.8125349,0.8360934,0.7706553,0.77499676,0.7641836
2025-01-01 07:24:00,0.8143326,0.81280744,0.81252265,0.83608055,0.77064204,0.77498364,0.76417094
2025-01-01 07:25:00,0.81432253,0.812796,0.8125103,0.8360676,0.77062875,0.7749706,0.76415837
2025-01-01 07:26:00,0.81431246,0.8127847,0.81249803,0.8360547,0.7706156,0.77495754,0.76414585
2025-01-01 07:27:00,0.8143024,0.8127733,0.81248575,0.8360418,0.77060246,0.77494454,0.76413333
2025-01-01 07:28:00,0.81429225,0.81276196,0.8124734,0.83602893,0.77058935,0.7749316,0.76412094
2025-01-01 07:29:00,0.8142822,0.8127506,0.81246114,0.836016,0.77057624,0.7749186,0.76410854
2025-01-01 07:30:00,0.8092477,0.8078179,0.80908716,0.8332082,0.7655326,0.77038866,0.75967187
2025-01-01 07:31:00,0.8059717,0.80460757,0.8068897,0.8313786,0.7622496,0.7674397,0.7567837
2025-01-01 07:32:00,0.8038386,0.8025169,0.805457,0.8301848,0.7601111,0.76551837,0.7549021
2025-01-01 07:33:00,0.8024486,0.80115384,0.8045214,0.82940435,0.75871646,0.76426494,0.75367475
2025-01-01 07:34:00,0.8015414,0.8002639,0.80390894,0.8288925,0.7578054,0.7634458,0.7528727
2025-01-01 07:35:00,0.8009481,0.7996813,0.8035065,0.8285553,0.7572086,0.7629088,0.75234705
2025-01-01 07:36:00,0.80055887,0.7992986,0.8032405,0.82833153,0.7568161,0.7625553,0.75200117
2025-01-01 07:37:00,0.8003022,0.79904574,0.8030632,0.82818156,0.7565564,0.76232105,0.75177205
2025-01-01 07:38:00,0.8001316,0.7988773,0.80294365,0.8280795,0.756383,0.76216424,0.7516188
2025-01-01 07:39:00,0.80001706,0.79876375,0.80286145,0.82800865,0.7562657,0.7620578,0.751515
2025-01-01 07:40:00,0.7999389,0.7986858,0.80280375,0.82795805,0.75618494,0.76198417,0.7514432
2025-01-01 07:41:00,0.79988444,0.7986311,0.8027618,0.82792056,0.7561278,0.76193184,0.7513923
2025-01-01 07:42:00,0.79984534,0.7985913,0.8027301,0.8278916,0.75608605,0.7618934,0.751355
2025-01-01 07:43:00,0.79981613,0.7985614,0.8027051,0.8278683,0.75605434,0.7618639,0.75132656
2025-01-01 07:44:00,0.79979336,0.7985378,0.8026845,0.82784855,0.7560292,0.7618402,0.75130385
2025-01-01 07:45:00,0.7997748,0.7985183,0.80266666,0.82783115,0.7560082,0.76182044,0.7512849
2025-01-01 07:46:00,0.7997591,0.7985015,0.80265063,0.8278153,0.75599,0.76180303,0.75126827
2025-01-01 07:47:00,0.799745,0.79848635,0.80263585,0.8278004,0.75597364,0.76178735,0.7512533
2025-01-01 07:48:00,0.7997321,0.79847234,0.8026217,0.82778615,0.7559584,0.7617727,0.7512394
2025-01-01 07:49:00,0.7997199,0.7984591,0.80260813,0.8277723,0.7559439,0.7617587,0.7512262
2025-01-01 07:50:00,0.7997082,0.7984463,0.80259484,0.8277587,0.75592995,0.76174515,0.75121343
2025-01-01 07:51:00,0.79969674,0.7984337,0.8025817,0.8277454,0.75591636,0.761732,0.751201
2025-01-01 07:52:00,0.7996854,0.79842144,0.80256873,0.8277321,0.7559029,0.7617189,0.7511887
2025-01-01 07:53:00,0.7996743,0.79840916,0.8025558,0.82771885,0.75588953,0.7617061,0.7511766
2025-01-01 07:54:00,0.7996631,0.798397,0.802543,0.82770574,0.75587636,0.76169336,0.7511646
2025-01-01 07:55:00,0.799652,0.79838485,0.8025302,0.8276926,0.7558632,0.7616806,0.7511527
2025-01-01 07:56:00,0.7996409,0.7983727,0.80251735,0.82767946,0.7558501,0.76166797,0.75114083
2025-01-01 07:57:00,0.7996298,0.7983606,0.8025046,0.82766634,0.755837,0.7616553,0.751129
2025-01-01 07:58:00,0.7996187,0.7983485,0.80249184,0.8276533,0.755824,0.7616427,0.7511172
2025-01-01 07:59:00,0.79960763,0.7983363,0.802479,0.8276402,0.755811,0.7616302,0.7511055
2025-01-01 08:00:00,0.79456365,0.7934166,0.79924554,0.82491523,0.7509873,0.7573466,0.74697906
2025-01-01 08:01:00,0.7912811,0.79021454,0.7971393,0.8231395,0.74784744,0.75455785,0.7442928
2025-01-01 08:02:00,0.7891435,0.78812885,0.79576576,0.82198066,0.7458019,0.7527408,0.7425427
2025-01-01 08:03:00,0.7877501,0.7867689,0.7948684,0.82122284,0.7444678,0.7515554,0.741401
2025-01-01 08:04:00,0.7868405,0.7858806,0.7942807,0.82072574,0.74359614,0.7507806,0.74065495
2025-01-01 08:05:00,0.7862453,0.78529894,0.7938941,0.8203979,0.74302495,0.7502726,0.7401659
2025-01-01 08:06:00,0.78585434,0.7849166,0.79363835,0.82018036,0.74264914,0.749938,0.739844
2025-01-01 08:07:00,0.7855963,0.7846637,0.7934675,0.8200342,0.7424004,0.7497162,0.7396308
2025-01-01 08:08:00,0.78542453,0.784495,0.793352,0.8199347,0.7422342,0.74956775,0.7394882
2025-01-01 08:09:00,0.7853089,0.78438103,0.79327244,0.81986547,0.74212164,0.7494669,0.73939145
2025-01-01 08:10:00,0.7852297,0.7843026,0.79321617,0.81981575,0.7420439,0.74939704,0.7393247
2025-01-01 08:11:00,0.7851742,0.7842473,0.79317504,0.819779,0.74198896,0.7493473,0.73927724
2025-01-01 08:12:00,0.7851341,0.784207,0.7931438,0.8197504,0.74194866,0.7493107,0.73924243
2025-01-01 08:13:00,0.7851039,0.7841764,0.79311895,0.8197273,0.74191797,0.74928254,0.73921585
2025-01-01 08:14:00,0.7850803,0.7841522,0.7930982,0.8197077,0.74189353,0.74926,0.73919463
2025-01-01 08:15:00,0.7850609,0.7841321,0.7930803,0.8196904,0.7418732,0.74924105,0.73917687
2025-01-01 08:16:00,0.7850442,0.7841146,0.793064,0.8196745,0.7418554,0.7492245,0.73916143
2025-01-01 08:17:00,0.7850292,0.7840989,0.7930489,0.81965965,0.74183935,0.74920946,0.7391475
2025-01-01 08:18:00,0.7850154,0.7840843,0.79303455,0.81964535,0.74182445,0.7491954,0.7391345
2025-01-01 08:19:00,0.7850023,0.78407043,0.7930206,0.81963146,0.7418103,0.74918205,0.7391222
2025-01-01 08:20:00,0.7849897,0.784057,0.7930071,0.81961787,0.7417967,0.7491691,0.73911023
2025-01-01 08:21:00,0.78497744,0.7840439,0.7929937,0.8196045,0.7417833,0.7491565,0.73909867
2025-01-01 08:22:00,0.7849653,0.7840309,0.79298043,0.8195912,0.74177015,0.749144,0.7390873
2025-01-01 08:23:00,0.78495324,0.7840181,0.79296726,0.81957805,0.7417571,0.7491317,0.739076
2025-01-01 08:24:00,0.7849412,0.78400534,0.792954,0.8195648,0.74174416,0.7491195,0.7390649
2025-01-01 08:25:00,0.7849293,0.7839926,0.792941,0.81955165,0.74173135,0.7491074,0.7390538
2025-01-01 08:26:00,0.78491735,0.78397995,0.79292786,0.81953853,0.74171853,0.74909526,0.7390427
2025-01-01 08:27:00,0.78490543,0.7839672,0.7929148,0.8195254,0.7417057,0.7490832,0.73903173
2025-01-01 08:28:00,0.7848936,0.78395456,0.79290175,0.81951237,0.7416931,0.7490713,0.7390208
2025-01-01 08:29:00,0.7848816,0.78394186,0.79288876,0.8194994,0.7416803,0.7490593,0.7390099
2025-01-01 08:30:00,0.77991927,0.77912396,0.7898543,0.81690645,0.73716384,0.74509954,0.7352684
2025-01-01 08:31:00,0.7766896,0.77598786,0.7878773,0.81521654,0.7342236,0.74252146,0.7328326
2025-01-01 08:32:00,0.7745861,0.773945,0.7865877,0.8141136,0.7323081,0.7408416,0.7312456
2025-01-01 08:33:00,0.7732146,0.7726126,0.78574485,0.81339204,0.7310586,0.7397456,0.7302103
2025-01-01 08:34:00,0.77231884,0.77174205,0.7851925,0.81291854,0.730242,0.73902905,0.7295336
2025-01-01 08:35:00,0.7717324,0.7711718,0.7848289,0.81260616,0.7297068,0.7385592,0.7290901
2025-01-01 08:36:00,0.77134687,0.7707966,0.7845879,0.81239855,0.72935456,0.73824966,0.7287981
2025-01-01 08:37:00,0.7710921,0.7705483,0.7844267,0.8122591,0.7291212,0.7380443,0.72860456
2025-01-01 08:38:00,0.7709223,0.77038234,0.7843174,0.8121639,0.72896516,0.73790675,0.7284751
2025-01-01 08:39:00,0.7708077,0.77027,0.7842417,0.81209743,0.7288593,0.7378133,0.7283873
2025-01-01 08:40:00,0.7707288,0.7701925,0.78418785,0.8120497,0.7287861,0.7377485,0.7283265
2025-01-01 08:41:00,0.7706733,0.77013755,0.78414834,0.81201404,0.72873425,0.73770225,0.7282834
2025-01-01 08:42:00,0.77063286,0.7700974,0.78411806,0.81198645,0.7286961,0.73766816,0.72825176
2025-01-01 08:43:00,0.77060235,0.7700668,0.7840938,0.8119639,0.7286671,0.73764193,0.72822756
2025-01-01 08:44:00,0.77057827,0.7700423,0.78407335,0.8119447,0.7286437,0.7376209,0.72820824
2025-01-01 08:45:00,0.77055824,0.7700219,0.7840556,0.81192774,0.7286243,0.73760325,0.7281921
2025-01-01 08:46:00,0.7705409,0.7700042,0.78403944,0.8119122,0.72860724,0.7375877,0.7281779
2025-01-01 08:47:00,0.7705253,0.7699881,0.7840243,0.8118976,0.72859186,0.73757356,0.7281652
2025-01-01 08:48:00,0.7705108,0.76997316,0.7840099,0.8118835,0.7285776,0.7375604,0.72815335
2025-01-01 08:49:00,0.7704971,0.769959,0.7839959,0.8118699,0.728564,0.7375478,0.72814214
2025-01-01 08:50:00,0.77048385,0.7699451,0.7839823,0.8118565,0.7285508,0.7375357,0.7281313
2025-01-01 08:51:00,0.77047086,0.7699317,0.7839688,0.8118433,0.7285379,0.73752385,0.72812074
2025-01-01 08:52:00,0.7704581,0.7699184,0.7839555,0.8118302,0.7285253,0.7375122,0.7281104
2025-01-01 08:53:00,0.77044535,0.76990515,0.7839422,0.8118172,0.72851276,0.7375007,0.7281002
2025-01-01 08:54:00,0.7704328,0.76989204,0.78392905,0.8118043,0.7285004,0.7374893,0.72809
2025-01-01 08:55:00,0.7704202,0.7698789,0.7839159,0.8117914,0.72848815,0.73747796,0.72808
2025-01-01 08:56:00,0.7704077,0.7698659,0.7839027,0.8117785,0.7284758,0.73746663,0.72806996
2025-01-01 08:57:00,0.7703951,0.7698528,0.7838896,0.8117657,0.72846353,0.73745537,0.72806
2025-01-01 08:58:00,0.7703825,0.7698398,0.7838765,0.8117528,0.7284514,0.73744416,0.7280502
2025-01-01 08:59:00,0.77037,0.7698268,0.7838634,0.81174,0.7284392,0.7374331,0.72804034
2025-01-01 09:00:00,0.76557744,0.7651962,0.7810817,0.8093252,0.72430986,0.73386705,0.7247498
2025-01-01 09:01:00,0.7624578,0.7621817,0.779269,0.8077511,0.7216215,0.7315454,0.7226076
2025-01-01 09:02:00,0.7604256,0.7602177,0.7780862,0.80672354,0.7198699,0.7300324,0.7212118
2025-01-01 09:03:00,0.75910026,0.75893664,0.7773128,0.80605114,0.7187272,0.72904515,0.7203012
2025-01-01 09:04:00,0.7582344,0.75809926,0.7768055,0.8056096,0.7179802,0.7283996,0.71970594
2025-01-01 09:05:00,0.7576672,0.7575505,0.7764712,0.8053181,0.71749043,0.7279762,0.7193157
2025-01-01 09:06:00,0.75729406,0.75718915,0.77624935,0.8051243,0.7171679,0.72769713,0.71905875
2025-01-01 09:07:00,0.75704706,0.7569497,0.7761005,0.80499375,0.7169541,0.72751194,0.71888834
2025-01-01 09:08:00,0.756882,0.7567895,0.77599925,0.8049046,0.71681094,0.7273878,0.7187743
2025-01-01 09:09:00,0.7567704,0.75668085,0.77592885,0.8048421,0.7167137,0.7273034,0.71869695
2025-01-01 09:10:00,0.75669324,0.75660557,0.77587855,0.80479705,0.7166464,0.7272447,0.71864337
2025-01-01 09:11:00,0.7566387,0.7565521,0.77584124,0.80476344,0.7165985,0.7272028,0.7186053
2025-01-01 09:12:00,0.75659883,0.75651276,0.77581245,0.8047372,0.7165632,0.72717184,0.7185773
2025-01-01 09:13:00,0.75656843,0.7564826,0.77578914,0.8047157,0.7165361,0.727148,0.7185559
2025-01-01 09:14:00,0.7565441,0.75645846,0.7757695,0.8046973,0.7165144,0.72712874,0.7185388
2025-01-01 09:15:00,0.7565239,0.75643814,0.7757521,0.80468094,0.71649617,0.7271126,0.7185245
2025-01-01 09:16:00,0.7565062,0.7564204,0.77573633,0.8046659,0.71648026,0.72709835,0.718512
2025-01-01 09:17:00,0.7564903,0.7564042,0.7757215,0.8046518,0.71646583,0.7270854,0.71850073
2025-01-01 09:18:00,0.75647545,0.75638914,0.77570724,0.8046382,0.71645236,0.7270733,0.71849024
2025-01-01 09:19:00,0.7564614,0.7563747,0.7756935,0.80462503,0.71643955,0.72706187,0.71848035
2025-01-01 09:20:00,0.7564476,0.7563608,0.77568007,0.80461216,0.7164271,0.7270507,0.71847075
2025-01-01 09:21:00,0.7564342,0.7563472,0.77566665,0.80459934,0.716415,0.7270399,0.7184614
2025-01-01 09:22:00,0.75642097,0.7563337,0.77565354,0.8045867,0.7164031,0.7270292,0.7184522
2025-01-01 09:23:00,0.7564079,0.75632036,0.7756405,0.80457413,0.7163913,0.72701865,0.71844316
2025-01-01 09:24:00,0.75639486,0.7563071,0.7756274,0.8045616,0.7163796,0.72700816,0.7184342
2025-01-01 09:25:00,0.7563818,0.7562939,0.7756144,0.80454916,0.716368,0.7269978,0.7184254
2025-01-01 09:26:00,0.7563689,0.7562808,0.7756014,0.8045367,0.71635646,0.7269875,0.7184166
2025-01-01 09:27:00,0.7563559,0.75626755,0.77558845,0.8045243,0.71634495,0.7269773,0.7184079
2025-01-01 09:28:00,0.75634295,0.7562545,0.7755755,0.80451196,0.7163335,0.72696704,0.7183992
2025-01-01 09:29:00,0.7563301,0.7562414,0.77556264,0.8044996,0.7163221,0.7269569,0.71839064
2025-01-01 09:30:00,0.7517926,0.7518806,0.7730833,0.80230594,0.7126535,0.7238485,0.7156099
2025-01-01 09:31:00,0.74883866,0.7490415,0.7714673,0.8008758,0.710265,0.7218245,0.7137995
2025-01-01 09:32:00,0.7469141,0.7471915,0.7704124,0.7999419,0.7087086,0.7205055,0.7126198
2025-01-01 09:33:00,0.7456586,0.7459844,0.76972216,0.79933053,0.7076929,0.7196446,0.7118501
2025-01-01 09:34:00,0.744838,0.7451952,0.76926905,0.7989289,0.70702887,0.7190815,0.71134686
2025-01-01 09:35:00,0.7443,0.7446776,0.76897,0.7986636,0.7065933,0.71871215,0.7110169
2025-01-01 09:36:00,0.74394584,0.74433666,0.7687712,0.7984869,0.7063062,0.7184686,0.7107995
2025-01-01 09:37:00,0.743711,0.7441104,0.7686374,0.7983678,0.7061157,0.71830684,0.71065533
2025-01-01 09:38:00,0.74355376,0.7439588,0.76854604,0.79828614,0.70598805,0.7181983,0.7105588
2025-01-01 09:39:00,0.74344707,0.74385566,0.7684822,0.79822886,0.7059012,0.71812433,0.7104932
2025-01-01 09:40:00,0.74337316,0.743784,0.7684362,0.7981874,0.7058409,0.71807283,0.7104478
2025-01-01 09:41:00,0.7433206,0.74373287,0.76840186,0.79815614,0.7057978,0.718036,0.7104154
2025-01-01 09:42:00,0.7432818,0.7436951,0.76837504,0.7981317,0.7057659,0.7180087,0.7103916
2025-01-01 09:43:00,0.74325204,0.74366593,0.76835316,0.7981116,0.7057414,0.71798766,0.7103734
2025-01-01 09:44:00,0.7432281,0.7436424,0.7683345,0.79809433,0.7057217,0.7179706,0.71035874
2025-01-01 09:45:00,0.743208,0.74362254,0.76831794,0.79807895,0.70570505,0.71795624,0.7103466
2025-01-01 09:46:00,0.74319035,0.7436051,0.76830274,0.79806477,0.70569044,0.71794355,0.7103359
2025-01-01 09:47:00,0.7431743,0.7435891,0.76828843,0.7980513,0.70567715,0.71793205,0.71032625
2025-01-01 09:48:00,0.74315923,0.7435742,0.76827466,0.7980385,0.7056647,0.7179213,0.7103173
2025-01-01 09:49:00,0.7431449,0.74355996,0.7682613,0.79802597,0.7056529,0.717911,0.71030885
2025-01-01 09:50:00,0.74313104,0.74354607,0.7682482,0.7980136,0.7056415,0.7179012,0.7103007
2025-01-01 09:51:00,0.7431174,0.74353254,0.7682353,0.7980016,0.70563036,0.71789145,0.7102927
2025-01-01 09:52:00,0.743104,0.7435191,0.7682225,0.79798955,0.70561934,0.717882,0.7102849
2025-01-01 09:53:00,0.7430907,0.7435059,0.7682098,0.7979776,0.7056085,0.71787256,0.71027726
2025-01-01 09:54:00,0.74307746,0.7434928,0.7681972,0.79796576,0.7055977,0.7178632,0.7102697
2025-01-01 09:55:00,0.7430643,0.7434796,0.7681845,0.79795396,0.705587,0.717854,0.71026224
2025-01-01 09:56:00,0.7430511,0.74346656,0.7681719,0.7979422,0.7055764,0.71784484,0.7102548
2025-01-01 09:57:00,0.743038,0.7434535,0.7681594,0.79793054,0.7055658,0.7178358,0.71024746
2025-01-01 09:58:00,0.74302495,0.7434405,0.7681468,0.7979188,0.7055553,0.7178267,0.7102401
2025-01-01 09:59:00,0.7430118,0.7434275,0.76813436,0.7979072,0.7055448,0.7178177,0.7102329
2025-01-01 10:00:00,0.7388104,0.7394144,0.7660017,0.7959738,0.70240265,0.71522236,0.7080117
2025-01-01 10:01:00,0.7360748,0.7368012,0.76461107,0.794713,0.7003566,0.7135323,0.7065654
2025-01-01 10:02:00,0.7342922,0.7350982,0.7637029,0.7938895,0.69902307,0.71243066,0.70562285
2025-01-01 10:03:00,0.73312885,0.73398674,0.7631082,0.7933502,0.6981527,0.7117116,0.7050078
2025-01-01 10:04:00,0.7323681,0.7332597,0.7627173,0.79299563,0.6975834,0.71124107,0.7046055
2025-01-01 10:05:00,0.73186904,0.73278266,0.762459,0.79276115,0.69720966,0.71093225,0.7043417
2025-01-01 10:06:00,0.73154,0.73246807,0.76228666,0.79260474,0.69696325,0.71072847,0.70416784
2025-01-01 10:07:00,0.7313216,0.73225904,0.7621704,0.79249907,0.6967995,0.71059304,0.70405245
2025-01-01 10:08:00,0.731175,0.73211867,0.7620905,0.79242647,0.6966896,0.71050197,0.703975
2025-01-01 10:09:00,0.7310752,0.73202294,0.76203424,0.7923752,0.6966146,0.7104399,0.70392245
2025-01-01 10:10:00,0.7310057,0.7319562,0.7619934,0.792338,0.6965624,0.7103966,0.703886
2025-01-01 10:11:00,0.73095596,0.7319083,0.7619626,0.7923099,0.6965249,0.7103655,0.7038599
2025-01-01 10:12:00,0.73091894,0.7318726,0.7619383,0.7922877,0.6964971,0.71034235,0.70384073
2025-01-01 10:13:00,0.7308904,0.731845,0.7619182,0.79226935,0.69647557,0.7103244,0.70382595
2025-01-01 10:14:00,0.7308672,0.7318226,0.7619009,0.79225343,0.69645816,0.71030986,0.70381415
2025-01-01 10:15:00,0.7308476,0.7318035,0.76188534,0.79223925,0.6964433,0.7102975,0.7038042
2025-01-01 10:16:00,0.73083025,0.7317866,0.76187104,0.79222614,0.69643027,0.7102866,0.70379555
2025-01-01 10:17:00,0.7308144,0.73177123,0.7618575,0.79221374,0.69641834,0.71027666,0.7037877
2025-01-01 10:18:00,0.7307995,0.7317566,0.76184446,0.79220176,0.69640726,0.7102674,0.7037804
2025-01-01 10:19:00,0.73078525,0.73174274,0.7618318,0.79219013,0.69639665,0.71025854,0.70377356
2025-01-01 10:20:00,0.73077136,0.73172927,0.7618193,0.79217875,0.6963864,0.71025,0.70376694
2025-01-01 10:21:00,0.73075783,0.73171604,0.76180696,0.7921675,0.6963764,0.7102417,0.70376056
2025-01-01 10:22:00,0.7307444,0.731703,0.76179475,0.79215634,0.6963665,0.7102335,0.70375425
2025-01-01 10:23:00,0.7307311,0.73169005,0.76178265,0.7921453,0.6963567,0.71022546,0.70374805
2025-01-01 10:24:00,0.7307179,0.7316772,0.76177055,0.7921343,0.69634706,0.71021754,0.703742
2025-01-01 10:25:00,0.7307048,0.7316644,0.7617585,0.7921233,0.6963375,0.7102096,0.70373595
2025-01-01 10:26:00,0.7306917,0.73165166,0.7617466,0.7921124,0.6963279,0.71020174,0.70373005
2025-01-01 10:27:00,0.7306786,0.7316389,0.76173466,0.7921016,0.6963185,0.710194,0.7037242
2025-01-01 10:28:00,0.7306655,0.7316263,0.76172274,0.79209083,0.69630915,0.71018624,0.7037184
2025-01-01 10:29:00,0.73065245,0.7316136,0.7617108,0.79208004,0.6962998,0.7101786,0.70371264
2025-01-01 10:30:00,0.7268618,0.7280194,0.75996274,0.7904413,0.69373965,0.70814234,0.7020903
2025-01-01 10:31:00,0.7243933,0.72567874,0.7588223,0.7893724,0.69207233,0.70681614,0.70103383
2025-01-01 10:32:00,0.7227842,0.7241529,0.7580769,0.78867376,0.6909854,0.7059515,0.7003452
2025-01-01 10:33:00,0.7217337,0.72315675,0.7575883,0.78821605,0.69027567,0.7053869,0.6998957
2025-01-01 10:34:00,0.7210464,0.72250485,0.75726664,0.7879148,0.68981117,0.7050173,0.6996016
2025-01-01 10:35:00,0.72059506,0.7220767,0.7570534,0.7877153,0.6895061,0.70477456,0.6994086
2025-01-01 10:36:00,0.72029716,0.72179407,0.75691074,0.78758204,0.68930465,0.7046142,0.6992813
2025-01-01 10:37:00,0.720099,0.72160596,0.756814,0.78749174,0.6891706,0.7045075,0.6991967
2025-01-01 10:38:00,0.7199656,0.72147936,0.756747,0.7874294,0.6890803,0.70443565,0.6991399
2025-01-01 10:39:00,0.7198744,0.7213927,0.75669944,0.7873852,0.6890185,0.7043864,0.69910115
2025-01-01 10:40:00,0.7198106,0.721332,0.7566645,0.7873529,0.6889753,0.70435196,0.6990742
2025-01-01 10:41:00,0.71976453,0.7212882,0.7566377,0.78732824,0.68894416,0.7043271,0.69905496
2025-01-01 10:42:00,0.71973014,0.7212554,0.7566163,0.7873087,0.6889208,0.7043085,0.6990407
2025-01-01 10:43:00,0.71970326,0.72122973,0.7565983,0.78729236,0.6889026,0.70429397,0.69902974
2025-01-01 10:44:00,0.7196812,0.72120875,0.7565826,0.7872782,0.6888877,0.70428216,0.6990209
2025-01-01 10:45:00,0.71966237,0.7211908,0.7565685,0.7872654,0.688875,0.7042721,0.6990134
2025-01-01 10:46:00,0.71964556,0.7211748,0.75655526,0.78725356,0.6888638,0.7042632,0.69900686
2025-01-01 10:47:00,0.7196302,0.72116005,0.75654274,0.78724235,0.68885356,0.7042551,0.699001
2025-01-01 10:48:00,0.7196157,0.7211462,0.7565306,0.7872315,0.6888439,0.7042475,0.69899553
2025-01-01 10:49:00,0.71960175,0.72113293,0.7565187,0.787221,0.68883467,0.7042402,0.6989904
2025-01-01 10:50:00,0.7195881,0.72112006,0.75650716,0.7872107,0.68882567,0.70423317,0.69898546
2025-01-01 10:51:00,0.71957487,0.72110736,0.75649565,0.7872005,0.68881696,0.7042264,0.6989807
2025-01-01 10:52:00,0.7195617,0.72109485,0.75648427,0.7871904,0.68880844,0.70421964,0.69897604
2025-01-01 10:53:00,0.7195487,0.72108245,0.75647295,0.7871804,0.6888,0.70421296,0.69897145
2025-01-01 10:54:00,0.71953577,0.7210702,0.7564617,0.78717047,0.68879163,0.70420647,0.698967
2025-01-01 10:55:00,0.7195229,0.7210579,0.7564504,0.7871606,0.6887833,0.7042,0.69896257
2025-01-01 10:56:00,0.71950996,0.7210457,0.75643927,0.78715074,0.688775,0.70419365,0.6989582
2025-01-01 10:57:00,0.71949714,0.7210336,0.7564282,0.78714097,0.6887669,0.70418733,0.6989539
2025-01-01 10:58:00,0.7194843,0.7210214,0.7564171,0.7871312,0.6887588,0.7041811,0.69894975
2025-01-01 10:59:00,0.7194716,0.7210094,0.75640607,0.78712153,0.6887507,0.7041749,0.6989456
2025-01-01 11:00:00,0.71616,0.7178989,0.75507396,0.7858068,0.6868189,0.7027345,0.69795144
2025-01-01 11:01:00,0.7140031,0.7158729,0.75420433,0.78494895,0.6855605,0.7017961,0.69730383
2025-01-01 11:02:00,0.7125966,0.71455187,0.7536352,0.784388,0.68473977,0.70118403,0.69688153
2025-01-01 11:03:00,0.7116779,0.7136889,0.7532615,0.78402,0.6842036,0.70078415,0.6966057
2025-01-01 11:04:00,0.7110764,0.7131239,0.7530148,0.7837776,0.68385243,0.7005221,0.696425
2025-01-01 11:05:00,0.7106809,0.7127524,0.75285065,0.7836167,0.6836214,0.7003498,0.69630635
2025-01-01 11:06:00,0.7104195,0.71250683,0.75274014,0.7835089,0.6834686,0.7002358,0.69622785
2025-01-01 11:07:00,0.71024513,0.71234304,0.7526646,0.7834355,0.6833666,0.7001597,0.69617563
2025-01-01 11:08:00,0.7101273,0.7122324,0.75261176,0.7833846,0.6832976,0.70010823,0.6961404
2025-01-01 11:09:00,0.71004635,0.71215636,0.75257367,0.7833482,0.68325007,0.7000729,0.6961163
2025-01-01 11:10:00,0.70998937,0.71210283,0.7525452,0.7833214,0.6832167,0.7000479,0.6960994
2025-01-01 11:11:00,0.7099479,0.7120639,0.75252295,0.78330076,0.6831924,0.70002973,0.69608724
2025-01-01 11:12:00,0.7099166,0.7120345,0.75250477,0.7832841,0.6831739,0.700016,0.6960781
2025-01-01 11:13:00,0.70989174,0.71201134,0.75248927,0.7832702,0.68315935,0.70000523,0.6960711
2025-01-01 11:14:00,0.7098713,0.7119922,0.75247556,0.7832579,0.6831474,0.69999635,0.69606537
2025-01-01 11:15:00,0.7098536,0.71197563,0.7524629,0.7832468,0.68313706,0.6999888,0.69606054
2025-01-01 11:16:00,0.7098378,0.7119608,0.7524511,0.7832365,0.6831278,0.6999819,0.6960563
2025-01-01 11:17:00,0.7098231,0.7119471,0.75243974,0.78322667,0.6831193,0.6999757,0.6960525
2025-01-01 11:18:00,0.7098092,0.7119342,0.75242877,0.7832172,0.6831113,0.6999699,0.6960489
2025-01-01 11:19:00,0.7097958,0.7119217,0.75241804,0.78320795,0.6831036,0.6999643,0.6960456
2025-01-01 11:20:00,0.7097827,0.7119096,0.75240743,0.78319883,0.6830962,0.6999589,0.69604236
2025-01-01 11:21:00,0.7097699,0.7118977,0.75239694,0.78318983,0.6830889,0.6999537,0.6960393
2025-01-01 11:22:00,0.70975727,0.7118859,0.75238657,0.78318095,0.6830818,0.69994855,0.69603634
2025-01-01 11:23:00,0.7097447,0.71187425,0.7523762,0.7831722,0.6830747,0.69994354,0.6960335
2025-01-01 11:24:00,0.70973223,0.7118627,0.75236595,0.7831634,0.68306774,0.69993854,0.6960307
2025-01-01 11:25:00,0.7097198,0.71185124,0.75235575,0.7831548,0.6830608,0.6999337,0.69602793
2025-01-01 11:26:00,0.7097074,0.71183974,0.7523456,0.7831462,0.68305403,0.6999289,0.69602525
2025-01-01 11:27:00,0.7096951,0.71182835,0.7523355,0.7831376,0.6830473,0.6999241,0.6960226
2025-01-01 11:28:00,0.7096828,0.711817,0.7523255,0.78312916,0.6830406,0.69991946,0.6960201
2025-01-01 11:29:00,0.70967054,0.7118057,0.7523154,0.7831207,0.68303394,0.6999148,0.6960176
2025-01-01 11:30:00,0.7068968,0.7092342,0.75142294,0.7821535,0.68176466,0.6990958,0.69566923
2025-01-01 11:31:00,0.7050896,0.7075589,0.7508394,0.781522,0.68093735,0.69856185,0.69544196
2025-01-01 11:32:00,0.7039107,0.70646596,0.75045663,0.78110856,0.68039733,0.6982133,0.6952935
2025-01-01 11:33:00,0.70314014,0.70575166,0.75020444,0.780837,0.6800441,0.6979851,0.6951962
2025-01-01 11:34:00,0.70263505,0.7052835,0.75003713,0.78065765,0.6798124,0.6978354,0.69513226
2025-01-01 11:35:00,0.7023025,0.7049753,0.7499249,0.78053814,0.6796595,0.69773656,0.69509
2025-01-01 11:36:00,0.7020821,0.7047711,0.7498486,0.7804577,0.6795579,0.6976709,0.69506174
2025-01-01 11:37:00,0.7019346,0.7046344,0.74979556,0.78040254,0.67948985,0.6976267,0.6950427
2025-01-01 11:38:00,0.70183456,0.7045418,0.74975777,0.780364,0.6794434,0.6975966,0.6950297
2025-01-01 11:39:00,0.7017653,0.7044778,0.7497298,0.7803361,0.6794111,0.6975756,0.6950206
2025-01-01 11:40:00,0.70171607,0.70443237,0.7497083,0.78031516,0.679388,0.69756067,0.69501406
2025-01-01 11:41:00,0.70167994,0.704399,0.74969095,0.7802988,0.67937094,0.6975495,0.69500923
2025-01-01 11:42:00,0.70165217,0.70437354,0.74967647,0.78028554,0.6793577,0.6975409,0.6950055
2025-01-01 11:43:00,0.70163,0.70435315,0.74966365,0.78027415,0.6793471,0.697534,0.6950025
2025-01-01 11:44:00,0.7016114,0.70433617,0.7496521,0.7802641,0.67933816,0.69752824,0.695
2025-01-01 11:45:00,0.70159525,0.7043213,0.7496413,0.78025484,0.67933035,0.69752324,0.6949979
2025-01-01 11:46:00,0.7015805,0.7043079,0.749631,0.7802462,0.67932326,0.69751865,0.694996
2025-01-01 11:47:00,0.7015668,0.70429546,0.7496211,0.78023785,0.67931664,0.6975145,0.6949943
2025-01-01 11:48:00,0.70155376,0.70428365,0.74961144,0.78022987,0.67931044,0.6975105,0.6949927
2025-01-01 11:49:00,0.7015411,0.7042722,0.7496019,0.780222,0.6793044,0.69750667,0.69499123
2025-01-01 11:50:00,0.70152885,0.70426106,0.74959254,0.7802143,0.67929864,0.6975031,0.69498986
2025-01-01 11:51:00,0.70151675,0.70425016,0.74958324,0.78020674,0.679293,0.6974995,0.69498855
2025-01-01 11:52:00,0.70150477,0.70423937,0.749574,0.7801992,0.6792874,0.69749606,0.69498736
2025-01-01 11:53:00,0.7014929,0.7042287,0.7495649,0.7801918,0.67928183,0.69749266,0.69498616
2025-01-01 11:54:00,0.7014811,0.7042181,0.74955577,0.78018445,0.6792764,0.6974894,0.6949851
2025-01-01 11:55:00,0.7014694,0.70420754,0.74954677,0.7801772,0.6792711,0.69748616,0.6949841
2025-01-01 11:56:00,0.70145774,0.704197,0.7495378,0.78016996,0.67926586,0.697483,0.6949831
2025-01-01 11:57:00,0.7014461,0.70418656,0.7495289,0.78016275,0.6792606,0.69747984,0.6949822
2025-01-01 11:58:00,0.70143455,0.7041762,0.74952,0.78015566,0.6792554,0.6974768,0.69498134
2025-01-01 11:59:00,0.7014229,0.7041658,0.7495111,0.78014857,0.6792503,0.6974738,0.69498056
2025-01-01 12:00:00,0.6992364,0.7021791,0.74907416,0.779546,0.6786662,0.69729066,0.695284
2025-01-01 12:01:00,0.6978112,0.7008841,0.7487871,0.779152,0.67828476,0.6971707,0.6954811
2025-01-01 12:02:00,0.6968808,0.70003885,0.7485975,0.7788934,0.6780352,0.69709164,0.69560903
2025-01-01 12:03:00,0.6962721,0.69948584,0.7484712,0.778723,0.6778713,0.6970394,0.695692
2025-01-01 12:04:00,0.6958723,0.69912285,0.7483862,0.7786099,0.67776304,0.6970045,0.6957458
2025-01-01 12:05:00,0.69560856,0.69888335,0.748328,0.778534,0.6776911,0.6969809,0.69578063
2025-01-01 12:06:00,0.69543314,0.69872415,0.7482871,0.7784823,0.67764264,0.69696474,0.69580317
2025-01-01 12:07:00,0.6953152,0.6986173,0.7482576,0.7784464,0.6776096,0.69695336,0.69581777
2025-01-01 12:08:00,0.69523454,0.6985442,0.7482355,0.7784208,0.6775865,0.69694513,0.6958272
2025-01-01 12:09:00,0.6951782,0.69849324,0.7482182,0.77840185,0.6775699,0.69693893,0.69583327
2025-01-01 12:10:00,0.6951377,0.6984567,0.74820405,0.7783873,0.6775576,0.6969341,0.6958372
2025-01-01 12:11:00,0.6951074,0.6984295,0.74819195,0.7783756,0.67754805,0.6969302,0.6958397
2025-01-01 12:12:00,0.69508386,0.69840837,0.7481812,0.7783658,0.6775403,0.69692695,0.6958414
2025-01-01 12:13:00,0.6950646,0.69839126,0.74817145,0.7783572,0.6775338,0.69692403,0.6958425
2025-01-01 12:14:00,0.6950483,0.69837666,0.7481622,0.7783494,0.67752814,0.69692147,0.6958433
2025-01-01 12:15:00,0.6950338,0.6983638,0.7481534,0.7783422,0.67752296,0.6969191,0.6958439
2025-01-01 12:16:00,0.69502044,0.69835204,0.7481449,0.77833533,0.6775181,0.6969169,0.69584435
2025-01-01 12:17:00,0.695008,0.698341,0.7481365,0.7783287,0.6775136,0.69691473,0.69584477
2025-01-01 12:18:00,0.69499606,0.6983305,0.74812835,0.77832234,0.67750925,0.69691277,0.6958452
2025-01-01 12:19:00,0.6949845,0.6983204,0.74812025,0.7783161,0.677505,0.6969108,0.69584566
2025-01-01 12:20:00,0.6949731,0.69831043,0.74811226,0.7783099,0.6775009,0.69690895,0.69584614
2025-01-01 12:21:00,0.69496197,0.69830066,0.74810433,0.77830386,0.6774969,0.69690716,0.6958466
2025-01-01 12:22:00,0.6949509,0.69829106,0.74809647,0.77829784,0.677493,0.69690543,0.69584715
2025-01-01 12:23:00,0.6949399,0.69828147,0.74808866,0.77829194,0.67748916,0.6969038,0.69584775
2025-01-01 12:24:00,0.694929,0.698272,0.7480809,0.7782861,0.6774854,0.6969022,0.69584835
2025-01-01 12:25:00,0.69491816,0.6982626,0.7480732,0.7782803,0.6774817,0.69690067,0.69584906
2025-01-01 12:26:00,0.6949074,0.6982532,0.74806553,0.7782746,0.677478,0.69689924,0.6958498
2025-01-01 12:27:00,0.6948967,0.6982439,0.74805796,0.7782689,0.6774744,0.6968978,0.6958506
2025-01-01 12:28:00,0.69488597,0.6982347,0.7480504,0.7782633,0.67747086,0.69689643,0.69585145
2025-01-01 12:29:00,0.6948753,0.69822544,0.7480429,0.77825767,0.67746735,0.6968951,0.6958524
2025-01-01 12:30:00,0.69331515,0.6968589,0.74806935,0.7780306,0.6775788,0.69735116,0.6968025
2025-01-01 12:31:00,0.6922974,0.6959675,0.74808395,0.7778811,0.6776501,0.6976472,0.6974205
2025-01-01 12:32:00,0.69163215,0.69538486,0.7480909,0.7777821,0.6776953,0.69783926,0.6978226
2025-01-01 12:33:00,0.6911961,0.6950031,0.7480929,0.77771586,0.6777236,0.6979638,0.6980844
2025-01-01 12:34:00,0.6909089,0.69475174,0.7480917,0.77767104,0.6777409,0.69804436,0.69825506
2025-01-01 12:35:00,0.6907187,0.6945853,0.7480884,0.77764004,0.67775106,0.69809645,0.69836646
2025-01-01 12:36:00,0.6905914,0.69447404,0.74808383,0.77761817,0.6777566,0.6981301,0.69843936
2025-01-01 12:37:00,0.6905051,0.69439864,0.74807835,0.77760214,0.6777592,0.69815165,0.6984872
2025-01-01 12:38:00,0.69044536,0.6943465,0.7480723,0.7775899,0.6777598,0.69816536,0.69851893
2025-01-01 12:39:00,0.6904029,0.6943096,0.748066,0.7775803,0.6777593,0.6981741,0.6985401
2025-01-01 12:40:00,0.69037175,0.69428253,0.74805945,0.7775723,0.6777579,0.6981796,0.6985544
2025-01-01 12:41:00,0.6903479,0.69426197,0.74805284,0.77756536,0.67775613,0.69818294,0.6985643
2025-01-01 12:42:00,0.6903289,0.6942455,0.7480461,0.7775592,0.67775404,0.698185,0.6985714
2025-01-01 12:43:00,0.69031304,0.69423187,0.74803936,0.77755356,0.6777517,0.69818616,0.69857657
2025-01-01 12:44:00,0.69029915,0.69422,0.7480326,0.7775482,0.67774934,0.6981869,0.6985806
2025-01-01 12:45:00,0.6902866,0.6942094,0.74802595,0.7775431,0.6777469,0.6981872,0.69858396
2025-01-01 12:46:00,0.690275,0.6941995,0.74801934,0.77753824,0.6777445,0.6981873,0.69858676
2025-01-01 12:47:00,0.690264,0.69419014,0.7480127,0.77753353,0.67774206,0.69818735,0.6985893
2025-01-01 12:48:00,0.6902533,0.69418114,0.7480061,0.7775288,0.6777397,0.6981873,0.69859177
2025-01-01 12:49:00,0.69024295,0.69417244,0.74799955,0.77752423,0.6777373,0.69818723,0.6985941
2025-01-01 12:50:00,0.69023275,0.69416386,0.74799305,0.7775197,0.677735,0.6981872,0.69859636
2025-01-01 12:51:00,0.6902226,0.6941554,0.7479866,0.77751523,0.6777327,0.6981872,0.6985987
2025-01-01 12:52:00,0.69021267,0.69414705,0.74798024,0.7775109,0.6777305,0.6981873,0.69860095
2025-01-01 12:53:00,0.69020283,0.6941388,0.7479739,0.7775066,0.67772835,0.69818735,0.6986033
2025-01-01 12:54:00,0.69019306,0.6941306,0.7479676,0.77750236,0.67772627,0.6981875,0.69860566
2025-01-01 12:55:00,0.6901832,0.6941225,0.74796134,0.7774981,0.6777242,0.69818765,0.69860804
2025-01-01 12:56:00,0.69017357,0.69411445,0.74795514,0.777494,0.6777222,0.6981879,0.6986105
2025-01-01 12:57:00,0.69016385,0.6941064,0.747949,0.7774899,0.6777203,0.6981882,0.698613
2025-01-01 12:58:00,0.69015425,0.6940985,0.7479429,0.77748585,0.6777184,0.6981885,0.69861555
2025-01-01 12:59:00,0.6901447,0.69409055,0.7479369,0.77748185,0.6777166,0.6981889,0.6986182
2025-01-01 13:00:00,0.68923867,0.6933686,0.7484262,0.77763426,0.67852163,0.6992761,0.7001979
2025-01-01 13:01:00,0.6886464,0.69289666,0.7487423,0.777732,0.6790444,0.699983,0.70122564
2025-01-01 13:02:00,0.6882581,0.6925872,0.74894565,0.77779424,0.67938364,0.70044273,0.70189464
2025-01-01 13:03:00,0.68800247,0.6923834,0.74907583,0.77783346,0.67960364,0.70074177,0.7023306
2025-01-01 13:04:00,0.6878331,0.6922483,0.74915844,0.77785766,0.6797461,0.70093644,0.702615
2025-01-01 13:05:00,0.68771976,0.69215775,0.7492102,0.77787215,0.67983824,0.7010632,0.7028009
2025-01-01 13:06:00,0.6876429,0.6920963,0.7492418,0.7778804,0.67989767,0.701146,0.7029229
2025-01-01 13:07:00,0.6875897,0.69205374,0.7492605,0.7778844,0.67993593,0.7012002,0.7030032
2025-01-01 13:08:00,0.68755186,0.69202346,0.7492707,0.777886,0.6799603,0.7012357,0.7030566
2025-01-01 13:09:00,0.6875241,0.6920012,0.74927545,0.77788574,0.67997575,0.7012592,0.70309246
2025-01-01 13:10:00,0.6875029,0.69198424,0.74927664,0.7778845,0.6799854,0.7012749,0.7031169
2025-01-01 13:11:00,0.687486,0.6919706,0.74927557,0.7778825,0.67999136,0.7012855,0.703134
2025-01-01 13:12:00,0.6874718,0.69195926,0.749273,0.77788013,0.6799949,0.7012929,0.7031463
2025-01-01 13:13:00,0.68745947,0.69194937,0.74926955,0.7778775,0.67999685,0.70129806,0.7031555
2025-01-01 13:14:00,0.6874484,0.69194037,0.74926543,0.7778747,0.67999786,0.70130193,0.7031628
2025-01-01 13:15:00,0.6874381,0.6919321,0.749261,0.77787185,0.6799982,0.7013049,0.70316875
2025-01-01 13:16:00,0.6874283,0.6919243,0.7492563,0.777869,0.67999816,0.7013074,0.70317394
2025-01-01 13:17:00,0.6874189,0.6919167,0.74925154,0.7778661,0.6799979,0.70130956,0.70317864
2025-01-01 13:18:00,0.68740964,0.6919094,0.7492468,0.7778632,0.67999756,0.7013115,0.70318294
2025-01-01 13:19:00,0.68740064,0.69190216,0.7492419,0.7778604,0.6799971,0.7013134,0.7031871
2025-01-01 13:20:00,0.68739176,0.6918951,0.749237,0.7778576,0.67999655,0.70131516,0.70319116
2025-01-01 13:21:00,0.687383,0.69188815,0.7492322,0.7778548,0.67999613,0.70131695,0.7031952
2025-01-01 13:22:00,0.6873743,0.69188124,0.74922734,0.7778521,0.67999566,0.70131874,0.7031992
2025-01-01 13:23:00,0.68736565,0.69187444,0.7492226,0.77784944,0.6799953,0.7013206,0.7032032
2025-01-01 13:24:00,0.6873571,0.6918677,0.74921787,0.7778469,0.6799949,0.7013225,0.7032073
2025-01-01 13:25:00,0.6873486,0.691861,0.74921316,0.7778443,0.6799946,0.70132434,0.7032114
2025-01-01 13:26:00,0.68734014,0.69185436,0.7492085,0.7778418,0.6799943,0.7013263,0.7032155
2025-01-01 13:27:00,0.68733174,0.6918478,0.749204,0.77783936,0.6799941,0.70132834,0.70321965
2025-01-01 13:28:00,0.6873234,0.69184124,0.74919945,0.777837,0.6799939,0.70133036,0.7032239
2025-01-01 13:29:00,0.68731505,0.69183475,0.749195,0.7778347,0.6799938,0.7013325,0.7032282
2025-01-01 13:30:00,0.6870793,0.69177026,0.7501384,0.77836394,0.681478,0.70303136,0.7054093
2025-01-01 13:31:00,0.68692327,0.69172615,0.7507501,0.7787072,0.68244284,0.70413643,0.70682853
2025-01-01 13:32:00,0.686819,0.69169533,0.7511463,0.7789296,0.68307,0.70485556,0.7077527
2025-01-01 13:33:00,0.6867484,0.6916731,0.7514024,0.7790735,0.68347776,0.7053238,0.708355
2025-01-01 13:34:00,0.6866997,0.6916565,0.7515673,0.7791662,0.6837429,0.7056291,0.7087481
2025-01-01 13:35:00,0.68666524,0.6916436,0.75167316,0.77922595,0.6839153,0.7058284,0.70900524
2025-01-01 13:36:00,0.6866401,0.6916331,0.7517406,0.7792641,0.68402755,0.7059589,0.7091741
2025-01-01 13:37:00,0.68662095,0.69162416,0.751783,0.77928823,0.6841007,0.7060446,0.7092855
2025-01-01 13:38:00,0.68660575,0.69161624,0.75180924,0.7793034,0.6841484,0.7061013,0.70935965
2025-01-01 13:39:00,0.6865932,0.6916091,0.7518249,0.7793127,0.6841796,0.70613915,0.70940953
2025-01-01 13:40:00,0.6865823,0.69160235,0.7518338,0.7793181,0.6842001,0.7061647,0.7094437
2025-01-01 13:41:00,0.6865725,0.691596,0.75183827,0.77932113,0.68421364,0.70618236,0.7094677
2025-01-01 13:42:00,0.68656343,0.6915898,0.75183994,0.77932256,0.68422276,0.7061948,0.70948505
2025-01-01 13:43:00,0.68655497,0.6915838,0.75183976,0.77932304,0.68422896,0.706204,0.70949817
2025-01-01 13:44:00,0.6865468,0.691578,0.7518384,0.7793228,0.6842333,0.7062111,0.7095084
2025-01-01 13:45:00,0.6865388,0.6915721,0.75183624,0.7793222,0.6842364,0.7062167,0.70951694
2025-01-01 13:46:00,0.686531,0.69156647,0.7518337,0.77932143,0.6842388,0.7062215,0.70952433
2025-01-01 13:47:00,0.68652344,0.69156086,0.75183076,0.7793205,0.6842407,0.70622575,0.709531
2025-01-01 13:48:00,0.6865158,0.6915553,0.7518278,0.77931947,0.6842423,0.7062297,0.7095372
2025-01-01 13:49:00,0.68650836,0.69154984,0.7518247,0.7793184,0.68424374,0.7062334,0.70954317
2025-01-01 13:50:00,0.68650097,0.6915445,0.7518216,0.7793174,0.68424517,0.70623696,0.709549
2025-01-01 13:51:00,0.6864937,0.69153905,0.7518184,0.77931637,0.6842465,0.70624053,0.7095547
2025-01-01 13:52:00,0.68648636,0.69153374,0.75181526,0.7793154,0.68424785,0.7062441,0.70956033
2025-01-01 13:53:00,0.68647915,0.6915285,0.75181216,0.77931446,0.68424916,0.7062476,0.709566
2025-01-01 13:54:00,0.686472,0.6915233,0.75180906,0.77931356,0.68425053,0.7062512,0.70957166
2025-01-01 13:55:00,0.6864649,0.6915181,0.751806,0.77931273,0.6842519,0.70625484,0.7095774
2025-01-01 13:56:00,0.6864578,0.691513,0.75180304,0.77931195,0.6842534,0.7062584,0.7095831
2025-01-01 13:57:00,0.6864508,0.691508,0.7518001,0.77931124,0.6842549,0.7062621,0.7095888
2025-01-01 13:58:00,0.6864438,0.691503,0.75179726,0.7793106,0.68425643,0.70626587,0.70959467
2025-01-01 13:59:00,0.6864369,0.69149804,0.7517944,0.7793099,0.68425804,0.7062696,0.7096005
2025-01-01 14:00:00,0.68687564,0.6920923,0.7531753,0.78020656,0.6863953,0.7085501,0.71234435
2025-01-01 14:01:00,0.6871585,0.69247687,0.75407207,0.78078926,0.68778515,0.7100338,0.71413
2025-01-01 14:02:00,0.68734,0.6927252,0.754654,0.78116786,0.68868923,0.7109996,0.71529275
2025-01-01 14:03:00,0.6874557,0.692885,0.75503135,0.7814139,0.6892776,0.71162885,0.71605074
2025-01-01 14:04:00,0.6875286,0.69298726,0.75527585,0.7815737,0.68966067,0.7120393,0.7165456
2025-01-01 14:05:00,0.68757373,0.6930522,0.7554339,0.78167754,0.6899104,0.7123076,0.7168694
2025-01-01 14:06:00,0.68760073,0.69309276,0.7555359,0.78174496,0.6900735,0.7124834,0.71708214
2025-01-01 14:07:00,0.68761605,0.6931177,0.75560135,0.7817888,0.6901802,0.7125992,0.71722263
2025-01-01 14:08:00,0.68762374,0.6931323,0.7556431,0.7818173,0.6902504,0.71267605,0.7173162
2025-01-01 14:09:00,0.68762654,0.69314027,0.75566953,0.78183585,0.6902968,0.71272755,0.7173793
2025-01-01 14:10:00,0.6876262,0.69314396,0.7556859,0.781848,0.69032776,0.71276253,0.7174225
2025-01-01 14:11:00,0.68762374,0.6931449,0.7556959,0.78185594,0.6903488,0.7127869,0.7174529
2025-01-01 14:12:00,0.68762,0.693144,0.75570166,0.7818611,0.6903633,0.7128044,0.717475
2025-01-01 14:13:00,0.68761545,0.69314206,0.75570476,0.78186464,0.69037354,0.7128173,0.7174917
2025-01-01 14:14:00,0.6876103,0.69313943,0.75570613,0.781867,0.69038117,0.7128274,0.7175049
2025-01-01 14:15:00,0.6876049,0.6931363,0.75570637,0.78186876,0.690387,0.71283567,0.7175159
2025-01-01 14:16:00,0.68759924,0.6931328,0.7557059,0.78187,0.6903917,0.7128427,0.71752536
2025-01-01 14:17:00,0.6875935,0.6931293,0.75570494,0.781871,0.6903958,0.71284896,0.71753395
2025-01-01 14:18:00,0.68758774,0.6931256,0.7557038,0.7818719,0.69039935,0.71285474,0.71754193
2025-01-01 14:19:00,0.6875819,0.6931219,0.75570256,0.7818727,0.6904027,0.7128602,0.71754956
2025-01-01 14:20:00,0.68757606,0.6931182,0.7557011,0.7818734,0.6904059,0.7128656,0.71755695
2025-01-01 14:21:00,0.68757033,0.6931145,0.75569975,0.7818742,0.690409,0.71287084,0.7175642
2025-01-01 14:22:00,0.6875646,0.6931109,0.7556983,0.78187495,0.6904121,0.7128761,0.7175714
2025-01-01 14:23:00,0.6875589,0.69310725,0.75569695,0.7818758,0.69041514,0.71288127,0.7175786
2025-01-01 14:24:00,0.6875532,0.6931037,0.7556956,0.7818766,0.69041824,0.71288645,0.7175858
2025-01-01 14:25:00,0.6875476,0.6931001,0.75569427,0.78187746,0.6904214,0.7128917,0.717593
2025-01-01 14:26:00,0.687542,0.69309664,0.75569296,0.7818784,0.6904245,0.71289694,0.7176003
2025-01-01 14:27:00,0.68753654,0.69309324,0.7556917,0.7818794,0.6904277,0.71290225,0.7176075
2025-01-01 14:28:00,0.68753105,0.69308984,0.7556905,0.78188044,0.69043094,0.71290755,0.71761477
2025-01-01 14:29:00,0.68752563,0.6930865,0.75568944,0.7818816,0.6904342,0.712913,0.71762216
2025-01-01 14:30:00,0.68863106,0.69432884,0.7574828,0.78312945,0.69318587,0.7157339,0.72087926
2025-01-01 14:31:00,0.6893478,0.69513524,0.7586482,0.7839411,0.6949757,0.7175695,0.7229991
2025-01-01 14:32:00,0.6898119,0.6956583,0.75940543,0.7844691,0.6961403,0.71876454,0.72437966
2025-01-01 14:33:00,0.6901117,0.6959973,0.75989735,0.78481287,0.6968985,0.71954334,0.7252796
2025-01-01 14:34:00,0.6903048,0.6962166,0.76021683,0.78503686,0.6973927,0.7200516,0.7258673
2025-01-01 14:35:00,0.6904286,0.69635814,0.76042426,0.78518295,0.6977152,0.720384,0.72625196
2025-01-01 14:36:00,0.69050735,0.69644916,0.7605589,0.78527844,0.69792616,0.7206021,0.72650474
2025-01-01 14:37:00,0.6905568,0.69650733,0.7606462,0.7853411,0.6980646,0.720746,0.72667176
2025-01-01 14:38:00,0.6905873,0.69654423,0.7607027,0.78538245,0.69815594,0.7208415,0.72678304
2025-01-01 14:39:00,0.6906054,0.6965673,0.7607394,0.78541,0.69821674,0.7209057,0.72685814
2025-01-01 14:40:00,0.69061553,0.6965813,0.76076305,0.7854285,0.6982576,0.72094965,0.72690976
2025-01-01 14:41:00,0.6906205,0.6965896,0.76077837,0.7854412,0.6982857,0.7209802,0.7269461
2025-01-01 14:42:00,0.6906221,0.69659406,0.76078814,0.78545016,0.6983053,0.72100234,0.7269725
2025-01-01 14:43:00,0.6906215,0.69659615,0.76079446,0.7854566,0.6983195,0.7210189,0.72699255
2025-01-01 14:44:00,0.6906195,0.6965966,0.76079845,0.78546154,0.6983303,0.7210318,0.7270084
2025-01-01 14:45:00,0.69061667,0.6965962,0.7608011,0.78546554,0.69833875,0.7210424,0.7270215
2025-01-01 14:46:00,0.6906133,0.6965951,0.76080275,0.7854689,0.6983457,0.7210516,0.727033
2025-01-01 14:47:00,0.6906096,0.6965936,0.7608039,0.78547186,0.6983518,0.72105974,0.72704333
2025-01-01 14:48:00,0.69060564,0.6965919,0.7608046,0.78547454,0.69835734,0.72106725,0.72705287
2025-01-01 14:49:00,0.6906016,0.69659007,0.76080513,0.78547716,0.6983625,0.72107446,0.72706205
2025-01-01 14:50:00,0.69059753,0.69658816,0.76080555,0.78547966,0.6983675,0.7210815,0.7270709
2025-01-01 14:51:00,0.6905934,0.6965862,0.76080585,0.78548217,0.6983723,0.72108835,0.7270797
2025-01-01 14:52:00,0.6905893,0.6965843,0.7608062,0.7854847,0.698377,0.7210951,0.72708833
2025-01-01 14:53:00,0.6905852,0.6965824,0.76080656,0.78548723,0.6983818,0.7211018,0.727097
2025-01-01 14:54:00,0.6905812,0.6965805,0.7608069,0.7854898,0.69838655,0.7211086,0.72710556
2025-01-01 14:55:00,0.69057715,0.6965787,0.76080734,0.78549236,0.6983913,0.7211154,0.72711414
2025-01-01 14:56:00,0.6905732,0.6965769,0.76080775,0.785495,0.69839615,0.7211222,0.7271228
2025-01-01 14:57:00,0.6905693,0.6965751,0.7608082,0.78549767,0.698401,0.72112906,0.7271314
2025-01-01 14:58:00,0.6905654,0.69657344,0.76080877,0.7855004,0.69840586,0.7211359,0.72714007
2025-01-01 14:59:00,0.6905616,0.6965718,0.76080936,0.78550327,0.69841075,0.7211428,0.7271487
2025-01-01 15:00:00,0.69231397,0.6984399,0.76298344,0.78708017,0.7017279,0.72445405,0.7308613
2025-01-01 15:01:00,0.69345176,0.69965374,0.76439685,0.7881062,0.7038859,0.7266088,0.73327756
2025-01-01 15:02:00,0.6941901,0.7004422,0.7653159,0.78877425,0.7052904,0.72801197,0.73485124
2025-01-01 15:03:00,0.6946688,0.7009543,0.7659136,0.78920954,0.70620507,0.7289265,0.7358773
2025-01-01 15:04:00,0.6949788,0.7012867,0.76630247,0.7894936,0.7068015,0.7295235,0.7365474
2025-01-01 15:05:00,0.6951791,0.7015024,0.7665556,0.78967935,0.70719105,0.72991407,0.7369861
2025-01-01 15:06:00,0.6953081,0.70164216,0.7667205,0.7898013,0.70744616,0.7301705,0.7372744
2025-01-01 15:07:00,0.6953908,0.7017327,0.76682806,0.7898817,0.7076139,0.73033977,0.73746496
2025-01-01 15:08:00,0.69544345,0.7017911,0.7668984,0.7899352,0.7077248,0.73045236,0.73759204
2025-01-01 15:09:00,0.6954766,0.7018288,0.7669446,0.7899711,0.7077989,0.7305282,0.73767793
2025-01-01 15:10:00,0.69549704,0.7018529,0.7669751,0.78999573,0.70784897,0.73058015,0.73773694
2025-01-01 15:11:00,0.69550925,0.7018683,0.7669954,0.790013,0.7078835,0.7306165,0.73777854
2025-01-01 15:12:00,0.6955162,0.70187813,0.7670091,0.7900255,0.707908,0.73064286,0.73780894
2025-01-01 15:13:00,0.6955197,0.7018842,0.76701856,0.7900349,0.70792586,0.73066264,0.7378319
2025-01-01 15:14:00,0.69552094,0.7018879,0.76702523,0.7900423,0.7079395,0.7306782,0.7378501
2025-01-01 15:15:00,0.69552076,0.7018901,0.7670302,0.7900484,0.7079505,0.7306911,0.73786527
2025-01-01 15:16:00,0.6955197,0.70189136,0.76703393,0.7900537,0.70795965,0.7307021,0.7378784
2025-01-01 15:17:00,0.695518,0.70189196,0.767037,0.79005855,0.7079677,0.7307121,0.7378903
2025-01-01 15:18:00,0.695516,0.7018922,0.76703954,0.79006314,0.7079751,0.73072135,0.7379014
2025-01-01 15:19:00,0.6955138,0.70189226,0.76704186,0.79006743,0.70798194,0.73073006,0.7379119
2025-01-01 15:20:00,0.69551146,0.7018922,0.76704407,0.7900717,0.70798856,0.7307386,0.73792213
2025-01-01 15:21:00,0.69550914,0.701892,0.76704615,0.7900759,0.707995,0.7307469,0.73793215
2025-01-01 15:22:00,0.6955067,0.7018918,0.76704824,0.79008013,0.7080014,0.73075515,0.73794204
2025-01-01 15:23:00,0.6955043,0.70189166,0.7670503,0.7900843,0.70800775,0.7307634,0.73795193
2025-01-01 15:24:00,0.6955019,0.70189154,0.7670524,0.79008853,0.7080141,0.7307716,0.73796177
2025-01-01 15:25:00,0.6954996,0.7018914,0.76705456,0.7900928,0.7080204,0.73077977,0.73797154
2025-01-01 15:26:00,0.69549733,0.70189136,0.7670567,0.7900971,0.70802677,0.73078805,0.73798144
2025-01-01 15:27:00,0.69549507,0.7018913,0.7670589,0.79010147,0.7080332,0.7307962,0.73799133
2025-01-01 15:28:00,0.6954929,0.70189136,0.7670611,0.7901059,0.7080396,0.7308045,0.73800117
2025-01-01 15:29:00,0.6954908,0.7018914,0.76706344,0.7901103,0.7080461,0.73081285,0.73801106
2025-01-01 15:30:00,0.69785875,0.7043521,0.7695793,0.7919882,0.7118695,0.7345553,0.74211276
2025-01-01 15:31:00,0.69939727,0.7059516,0.77121556,0.79321045,0.714357,0.73699087,0.7447824
2025-01-01 15:32:00,0.70039666,0.7069913,0.77228,0.7940065,0.71597624,0.73857695,0.7465212
2025-01-01 15:33:00,0.70104563,0.70766735,0.7729728,0.7945256,0.7170312,0.7396109,0.74765486
2025-01-01 15:34:00,0.70146686,0.70810694,0.773424,0.7948648,0.71771926,0.74028605,0.7483954
2025-01-01 15:35:00,0.7017401,0.70839286,0.7737183,0.7950869,0.71816885,0.74072784,0.7488802
2025-01-01 15:36:00,0.7019171,0.7085789,0.7739106,0.7952331,0.71846354,0.7410181,0.74919903
2025-01-01 15:37:00,0.7020316,0.70870006,0.7740365,0.79532975,0.7186575,0.7412098,0.7494098
2025-01-01 15:38:00,0.70210546,0.70877904,0.77411944,0.79539436,0.71878606,0.7413375,0.74955046
2025-01-01 15:39:00,0.702153,0.70883065,0.7741744,0.7954382,0.7188721,0.7414236,0.7496455
2025-01-01 15:40:00,0.7021834,0.7088645,0.77421117,0.7954684,0.7189305,0.7414826,0.74971086
2025-01-01 15:41:00,0.7022027,0.7088868,0.77423614,0.7954899,0.71897095,0.7415241,0.749757
2025-01-01 15:42:00,0.7022148,0.70890164,0.7742535,0.7955057,0.71899974,0.74155426,0.7497906
2025-01-01 15:43:00,0.70222217,0.70891166,0.7742658,0.7955178,0.719021,0.741577,0.7498162
2025-01-01 15:44:00,0.70222664,0.7089185,0.774275,0.7955276,0.7190374,0.741595,0.74983644
2025-01-01 15:45:00,0.7022291,0.70892334,0.77428216,0.7955358,0.71905065,0.7416098,0.7498533
2025-01-01 15:46:00,0.7022304,0.7089269,0.77428794,0.7955431,0.7190618,0.7416226,0.74986804
2025-01-01 15:47:00,0.7022308,0.7089296,0.77429295,0.79554975,0.7190716,0.74163413,0.7498812
2025-01-01 15:48:00,0.70223075,0.70893186,0.77429736,0.79555595,0.7190807,0.74164486,0.74989355
2025-01-01 15:49:00,0.70223045,0.70893383,0.7743015,0.795562,0.7190892,0.74165505,0.7499053
2025-01-01 15:50:00,0.7022299,0.7089355,0.7743054,0.7955679,0.71909744,0.74166495,0.74991673
2025-01-01 15:51:00,0.7022293,0.70893717,0.7743092,0.7955737,0.7191054,0.7416746,0.7499279
2025-01-01 15:52:00,0.70222867,0.7089387,0.774313,0.7955795,0.7191133,0.7416842,0.7499389
2025-01-01 15:53:00,0.702228,0.7089403,0.7743168,0.79558533,0.7191211,0.7416937,0.7499499
2025-01-01 15:54:00,0.7022274,0.7089419,0.7743205,0.7955912,0.71912885,0.7417032,0.7499608
2025-01-01 15:55:00,0.7022268,0.7089435,0.7743243,0.7955971,0.71913666,0.7417126,0.7499716
2025-01-01 15:56:00,0.7022263,0.7089452,0.7743282,0.7956029,0.7191445,0.7417221,0.74998254
2025-01-01 15:57:00,0.70222574,0.7089469,0.77433205,0.7956089,0.7191524,0.7417317,0.7499935
2025-01-01 15:58:00,0.7022252,0.7089486,0.774336,0.79561484,0.71916026,0.7417412,0.7500044
2025-01-01 15:59:00,0.7022248,0.7089504,0.7743399,0.79562086,0.7191681,0.7417508,0.7500153
2025-01-01 16:00:00,0.7051663,0.71195966,0.7771527,0.79776615,0.72342956,0.7458577,0.75443304
2025-01-01 16:01:00,0.70707816,0.7139164,0.77898246,0.79916275,0.7262024,0.7485306,0.7573083
2025-01-01 16:02:00,0.70832086,0.715189,0.7801733,0.80007267,0.72800756,0.75027144,0.75918114
2025-01-01 16:03:00,0.7091285,0.7160168,0.7809489,0.8006664,0.7291838,0.7514064,0.76040244
2025-01-01 16:04:00,0.70965356,0.7165558,0.7814545,0.80105454,0.7299512,0.75214756,0.76120013
2025-01-01 16:05:00,0.70999485,0.71690685,0.7817847,0.80130905,0.7304529,0.75263274,0.76172256
2025-01-01 16:06:00,0.71021664,0.7171359,0.7820009,0.8014768,0.7307819,0.7529516,0.76206607
2025-01-01 16:07:00,0.71036094,0.7172856,0.782143,0.80158806,0.7309987,0.7531624,0.7622933
2025-01-01 16:08:00,0.71045476,0.71738374,0.78223693,0.80166274,0.7311426,0.7533028,0.7624449
2025-01-01 16:09:00,0.71051586,0.71744835,0.78229964,0.8017135,0.731239,0.75339764,0.76254743
2025-01-01 16:10:00,0.7105556,0.71749127,0.782342,0.80174893,0.7313047,0.75346273,0.762618
2025-01-01 16:11:00,0.71058166,0.71752006,0.78237116,0.80177426,0.7313503,0.7535087,0.7626679
2025-01-01 16:12:00,0.7105987,0.7175397,0.7823918,0.8017931,0.73138297,0.753542,0.7627043
2025-01-01 16:13:00,0.7106099,0.71755344,0.7824069,0.80180776,0.7314073,0.7535672,0.7627319
2025-01-01 16:14:00,0.7106175,0.71756333,0.78241843,0.8018196,0.7314261,0.7535872,0.76275396
2025-01-01 16:15:00,0.71062255,0.7175707,0.78242767,0.8018298,0.7314413,0.75360376,0.76277226
2025-01-01 16:16:00,0.71062607,0.7175765,0.7824354,0.8018389,0.7314543,0.7536181,0.7627882
2025-01-01 16:17:00,0.7106286,0.7175813,0.7824422,0.8018472,0.73146576,0.7536311,0.7628026
2025-01-01 16:18:00,0.71063054,0.7175855,0.7824484,0.80185515,0.7314764,0.7536431,0.76281595
2025-01-01 16:19:00,0.71063215,0.71758926,0.7824542,0.8018627,0.7314864,0.75365454,0.7628287
2025-01-01 16:20:00,0.71063346,0.7175927,0.78245986,0.8018702,0.731496,0.7536657,0.76284105
2025-01-01 16:21:00,0.71063465,0.7175962,0.78246534,0.80187756,0.73150533,0.75367653,0.76285315
2025-01-01 16:22:00,0.7106357,0.71759945,0.78247076,0.8018849,0.7315146,0.75368726,0.7628651
2025-01-01 16:23:00,0.7106368,0.7176027,0.7824762,0.8018922,0.7315238,0.75369793,0.762877
2025-01-01 16:24:00,0.71063787,0.71760607,0.78248155,0.80189955,0.73153293,0.7537085,0.7628888
2025-01-01 16:25:00,0.710639,0.7176094,0.782487,0.8019069,0.73154205,0.7537191,0.76290053
2025-01-01 16:26:00,0.7106402,0.71761274,0.7824924,0.8019143,0.7315512,0.7537297,0.76291233
2025-01-01 16:27:00,0.7106414,0.71761614,0.7824979,0.80192167,0.73156035,0.7537404,0.7629241
2025-01-01 16:28:00,0.71064264,0.71761954,0.7825034,0.8019291,0.7315695,0.753751,0.7629359
2025-01-01 16:29:00,0.7106439,0.717623,0.78250897,0.8019366,0.7315787,0.75376165,0.7629477
2025-01-01 16:30:00,0.7141066,0.72112757,0.7855689,0.8043113,0.7362028,0.7581603,0.76760304
2025-01-01 16:31:00,0.7163579,0.7234068,0.78755987,0.80585754,0.7392118,0.7610232,0.7706332
2025-01-01 16:32:00,0.71782184,0.7248896,0.78885615,0.8068653,0.7411709,0.76288784,0.77260697
2025-01-01 16:33:00,0.7187739,0.72585475,0.7897007,0.807523,0.7424476,0.76410365,0.7738941
2025-01-01 16:34:00,0.7193934,0.72648346,0.79025173,0.80795324,0.7432807,0.76489776,0.7747349
2025-01-01 16:35:00,0.7197966,0.7268935,0.79061204,0.8082357,0.7438256,0.7654177,0.7752856
2025-01-01 16:36:00,0.7200594,0.7271614,0.7908483,0.808422,0.7441831,0.7657595,0.7756478
2025-01-01 16:37:00,0.7202308,0.72733694,0.791004,0.80854595,0.744419,0.76598555,0.7758874
2025-01-01 16:38:00,0.7203429,0.7274525,0.7911074,0.80862933,0.74457556,0.76613635,0.7760474
2025-01-01 16:39:00,0.7204164,0.72752905,0.79117674,0.8086863,0.74468076,0.7662382,0.7761557
2025-01-01 16:40:00,0.72046494,0.72758025,0.79122394,0.80872613,0.74475247,0.7663083,0.7762303
2025-01-01 16:41:00,0.72049725,0.72761506,0.79125684,0.808755,0.7448026,0.7663577,0.7762829
2025-01-01 16:42:00,0.72051895,0.72763914,0.7912805,0.8087765,0.7448386,0.7663938,0.7763214
2025-01-01 16:43:00,0.72053385,0.7276563,0.79129803,0.8087934,0.74486536,0.7664211,0.7763507
2025-01-01 16:44:00,0.72054434,0.72766906,0.7913117,0.80880725,0.7448862,0.7664427,0.776374
2025-01-01 16:45:00,0.72055197,0.7276789,0.7913228,0.8088192,0.74490327,0.7664608,0.7763934
2025-01-01 16:46:00,0.7205577,0.7276868,0.79133236,0.80882984,0.74491787,0.7664764,0.77641034
2025-01-01 16:47:00,0.7205623,0.7276936,0.7913409,0.8088397,0.7449308,0.7664905,0.77642554
2025-01-01 16:48:00,0.72056615,0.7276996,0.79134876,0.8088491,0.7449428,0.76650375,0.77643985
2025-01-01 16:49:00,0.72056955,0.7277051,0.79135615,0.80885816,0.74495405,0.76651615,0.7764534
2025-01-01 16:50:00,0.72057265,0.7277104,0.7913633,0.808867,0.7449649,0.76652825,0.7764664
2025-01-01 16:51:00,0.72057563,0.7277155,0.79137033,0.8088758,0.74497545,0.76654017,0.7764793
2025-01-01 16:52:00,0.72057843,0.7277205,0.79137737,0.8088845,0.74498594,0.76655185,0.77649194
2025-01-01 16:53:00,0.7205813,0.7277255,0.7913843,0.8088932,0.7449963,0.7665635,0.7765045
2025-01-01 16:54:00,0.7205841,0.72773045,0.79139125,0.8089019,0.7450066,0.76657504,0.776517
2025-01-01 16:55:00,0.72058696,0.7277354,0.79139817,0.8089106,0.74501693,0.76658654,0.77652943
2025-01-01 16:56:00,0.7205898,0.7277404,0.79140514,0.80891937,0.74502724,0.7665981,0.77654195
2025-01-01 16:57:00,0.7205927,0.72774535,0.7914121,0.80892813,0.74503756,0.76660967,0.7765544
2025-01-01 16:58:00,0.7205956,0.7277504,0.79141915,0.80893695,0.74504787,0.7666212,0.7765668
2025-01-01 16:59:00,0.7205986,0.72775555,0.79142624,0.8089458,0.74505824,0.76663274,0.77657926
2025-01-01 17:00:00,0.72452,0.7316921,0.79467803,0.8115069,0.7499614,0.7712436,0.78138816
2025-01-01 17:01:00,0.72707015,0.73425275,0.7967943,0.81317484,0.7531521,0.7742447,0.7845183
2025-01-01 17:02:00,0.72872883,0.735919,0.79817235,0.81426215,0.75522965,0.7761996,0.7865573
2025-01-01 17:03:00,0.72980815,0.737004,0.7990707,0.8149721,0.75658375,0.7774743,0.78788704
2025-01-01 17:04:00,0.7305109,0.73771113,0.7996572,0.8154368,0.7574677,0.77830696,0.7887558
2025-01-01 17:05:00,0.73096883,0.7381727,0.800041,0.81574196,0.75804603,0.77885234,0.7893249
2025-01-01 17:06:00,0.73126775,0.73847467,0.8002932,0.8159436,0.7584256,0.779211,0.78969914
2025-01-01 17:07:00,0.7314633,0.73867285,0.8004597,0.8160778,0.75867605,0.7794482,0.78994685
2025-01-01 17:08:00,0.73159164,0.73880374,0.80057055,0.81616837,0.75884265,0.7796066,0.7901123
2025-01-01 17:09:00,0.73167634,0.73889077,0.8006453,0.81623054,0.7589547,0.77971363,0.79022425
2025-01-01 17:10:00,0.7317327,0.73894936,0.8006966,0.81627417,0.75903124,0.7797874,0.79030144
2025-01-01 17:11:00,0.73177063,0.7389895,0.8007326,0.8163058,0.7590848,0.7798395,0.79035604
2025-01-01 17:12:00,0.7317966,0.73901767,0.8007588,0.8163298,0.75912344,0.7798776,0.790396
2025-01-01 17:13:00,0.73181486,0.739038,0.80077845,0.81634855,0.7591523,0.7799065,0.7904264
2025-01-01 17:14:00,0.7318281,0.73905337,0.80079406,0.81636417,0.7591749,0.77992946,0.79045063
2025-01-01 17:15:00,0.7318381,0.73906547,0.80080694,0.81637764,0.7591934,0.77994865,0.7904708
2025-01-01 17:16:00,0.731846,0.7390754,0.8008181,0.81638974,0.7592094,0.7799653,0.7904884
2025-01-01 17:17:00,0.73185253,0.739084,0.80082816,0.81640095,0.7592235,0.7799803,0.7905043
2025-01-01 17:18:00,0.7318582,0.73909175,0.8008375,0.81641173,0.7592366,0.7799943,0.79051906
2025-01-01 17:19:00,0.73186344,0.739099,0.8008464,0.8164221,0.7592489,0.7800077,0.7905331
2025-01-01 17:20:00,0.73186827,0.73910594,0.80085504,0.81643224,0.75926083,0.7800206,0.7905468
2025-01-01 17:21:00,0.731873,0.7391127,0.80086356,0.81644225,0.7592726,0.78003323,0.79056007
2025-01-01 17:22:00,0.7318775,0.73911923,0.8008719,0.8164522,0.759284,0.78004575,0.79057324
2025-01-01 17:23:00,0.731882,0.7391257,0.8008803,0.8164621,0.7592954,0.7800581,0.7905863
2025-01-01 17:24:00,0.7318865,0.7391323,0.80088866,0.81647205,0.7593067,0.78007036,0.7905993
2025-01-01 17:25:00,0.731891,0.7391387,0.800897,0.81648195,0.759318,0.7800827,0.7906122
2025-01-01 17:26:00,0.73189545,0.73914534,0.8009054,0.81649196,0.7593293,0.7800949,0.79062515
2025-01-01 17:27:00,0.73190004,0.7391519,0.80091375,0.8165019,0.75934064,0.7801072,0.790638
2025-01-01 17:28:00,0.7319046,0.73915845,0.80092216,0.81651187,0.7593519,0.7801195,0.7906509
2025-01-01 17:29:00,0.7319093,0.7391651,0.8009306,0.81652194,0.75936323,0.78013176,0.7906638
2025-01-01 17:30:00,0.7362199,0.74346375,0.8043165,0.8192241,0.76445836,0.78487307,0.795541
2025-01-01 17:31:00,0.7390235,0.7462602,0.8065204,0.8209842,0.76777416,0.7879593,0.7987157
2025-01-01 17:32:00,0.7408475,0.7480804,0.807956,0.82213175,0.7699335,0.78996956,0.80078375
2025-01-01 17:33:00,0.7420349,0.74926585,0.8088921,0.8228812,0.7713411,0.7912807,0.80213255
2025-01-01 17:34:00,0.74280846,0.7500389,0.8095037,0.82337207,0.77226,0.7921372,0.80301374
2025-01-01 17:35:00,0.7433131,0.75054383,0.8099043,0.8236947,0.7728613,0.7926983,0.8035911
2025-01-01 17:36:00,0.74364275,0.7508745,0.8101678,0.82390803,0.77325624,0.7930674,0.80397093
2025-01-01 17:37:00,0.74385893,0.75109196,0.81034213,0.8240503,0.77351695,0.7933116,0.80422235
2025-01-01 17:38:00,0.74400127,0.7512358,0.8104586,0.82414645,0.7736906,0.79347473,0.8043903
2025-01-01 17:39:00,0.74409556,0.75133175,0.81053746,0.8242126,0.77380747,0.7935851,0.80450404
2025-01-01 17:40:00,0.7441588,0.7513968,0.8105918,0.8242593,0.77388746,0.79366124,0.8045825
2025-01-01 17:41:00,0.7442017,0.75144154,0.8106304,0.82429326,0.7739436,0.7937151,0.804638
2025-01-01 17:42:00,0.7442315,0.75147325,0.8106586,0.82431906,0.7739842,0.7937546,0.8046787
2025-01-01 17:43:00,0.7442528,0.75149643,0.8106801,0.82433957,0.7740147,0.79378456,0.8047097
2025-01-01 17:44:00,0.7442686,0.7515141,0.81069726,0.8243566,0.7740386,0.79380846,0.80473435
2025-01-01 17:45:00,0.7442808,0.75152814,0.8107117,0.82437134,0.77405834,0.7938284,0.804755
2025-01-01 17:46:00,0.7442907,0.75154,0.8107243,0.82438475,0.77407527,0.7938458,0.8047729
2025-01-01 17:47:00,0.7442992,0.7515503,0.8107357,0.8243972,0.77409035,0.79386145,0.8047892
2025-01-01 17:48:00,0.7443066,0.75155973,0.8107464,0.824409,0.77410436,0.7938761,0.8048043
2025-01-01 17:49:00,0.7443135,0.75156856,0.8107566,0.8244205,0.7741177,0.79389006,0.8048187
2025-01-01 17:50:00,0.74432,0.75157696,0.8107666,0.8244317,0.77413046,0.7939036,0.8048327
2025-01-01 17:51:00,0.74432623,0.7515851,0.81077635,0.8244428,0.774143,0.79391676,0.8048462
2025-01-01 17:52:00,0.74433243,0.75159323,0.81078607,0.82445383,0.77415526,0.7939298,0.80485964
2025-01-01 17:53:00,0.7443385,0.7516012,0.8107957,0.8244648,0.7741674,0.79394275,0.804873
2025-01-01 17:54:00,0.7443446,0.75160915,0.8108053,0.8244758,0.7741796,0.7939556,0.8048862
2025-01-01 17:55:00,0.7443507,0.75161713,0.8108149,0.8244868,0.7741917,0.79396844,0.8048994
2025-01-01 17:56:00,0.74435675,0.75162506,0.8108246,0.8244978,0.7742038,0.79398125,0.8049125
2025-01-01 17:57:00,0.74436295,0.7516331,0.81083417,0.8245088,0.7742159,0.793994,0.8049257
2025-01-01 17:58:00,0.7443691,0.75164115,0.8108438,0.8245198,0.7742279,0.79400676,0.80493873
2025-01-01 17:59:00,0.7443753,0.7516492,0.8108535,0.82453084,0.77423996,0.7940195,0.80495185
2025-01-01 18:00:00,0.7489981,0.75623333,0.8143131,0.82732594,0.7794363,0.7988067,0.8098103
2025-01-01 18:01:00,0.7520052,0.75921583,0.81656533,0.8291466,0.7828181,0.80192286,0.8129729
2025-01-01 18:02:00,0.7539621,0.76115745,0.8180327,0.830334,0.7850206,0.8039529,0.8150332
2025-01-01 18:03:00,0.7552364,0.7624224,0.81898993,0.8311098,0.78645647,0.8052768,0.8163769
2025-01-01 18:04:00,0.7560669,0.7632475,0.81961566,0.83161795,0.78739405,0.8061419,0.81725496
2025-01-01 18:05:00,0.756609,0.76378673,0.82002586,0.83195215,0.7880078,0.80670875,0.81783026
2025-01-01 18:06:00,0.7569638,0.76414025,0.82029605,0.8321734,0.788411,0.80708164,0.8182088
2025-01-01 18:07:00,0.7571967,0.764373,0.8204751,0.8323212,0.78867745,0.8073286,0.81845945
2025-01-01 18:08:00,0.75735044,0.76452726,0.8205951,0.8324212,0.78885484,0.80749357,0.8186269
2025-01-01 18:09:00,0.7574528,0.76463056,0.8206766,0.8324902,0.78897446,0.8076053,0.81874037
2025-01-01 18:10:00,0.7575217,0.7647007,0.8207332,0.832539,0.78905654,0.8076825,0.8188187
2025-01-01 18:11:00,0.75756884,0.76474935,0.8207734,0.8325748,0.78911424,0.8077372,0.81887424
2025-01-01 18:12:00,0.7576019,0.764784,0.8208033,0.83260214,0.78915614,0.8077773,0.8189149
2025-01-01 18:13:00,0.7576259,0.76480955,0.82082623,0.83262384,0.7891877,0.80780786,0.81894594
2025-01-01 18:14:00,0.7576439,0.7648292,0.8208447,0.832642,0.7892125,0.8078323,0.8189707
2025-01-01 18:15:00,0.75765806,0.7648452,0.82086045,0.8326579,0.789233,0.8078526,0.8189913
2025-01-01 18:16:00,0.7576698,0.7648586,0.8208743,0.83267224,0.7892507,0.80787045,0.8190094
2025-01-01 18:17:00,0.75767994,0.7648705,0.8208869,0.83268565,0.7892665,0.80788654,0.8190257
2025-01-01 18:18:00,0.757689,0.7648814,0.8208988,0.8326984,0.7892812,0.80790156,0.8190409
2025-01-01 18:19:00,0.7576975,0.7648915,0.82091016,0.8327108,0.7892952,0.80791587,0.8190553
2025-01-01 18:20:00,0.75770557,0.76490134,0.8209213,0.83272296,0.7893086,0.80792975,0.8190693
2025-01-01 18:21:00,0.7577134,0.7649109,0.8209322,0.83273494,0.7893217,0.8079432,0.8190829
2025-01-01 18:22:00,0.75772107,0.7649203,0.82094294,0.83274686,0.78933465,0.80795664,0.81909645
2025-01-01 18:23:00,0.75772864,0.76492965,0.8209537,0.8327588,0.78934747,0.80796987,0.81910974
2025-01-01 18:24:00,0.7577362,0.7649389,0.8209644,0.8327705,0.7893602,0.8079831,0.819123
2025-01-01 18:25:00,0.7577438,0.7649482,0.82097507,0.8327824,0.7893729,0.8079962,0.8191362
2025-01-01 18:26:00,0.75775135,0.7649575,0.82098585,0.83279425,0.78938556,0.80800927,0.8191494
2025-01-01 18:27:00,0.757759,0.7649668,0.8209965,0.83280605,0.7893982,0.8080224,0.81916255
2025-01-01 18:28:00,0.75776654,0.7649761,0.82100725,0.8328179,0.7894108,0.80803543,0.8191756
2025-01-01 18:29:00,0.7577742,0.76498544,0.82101804,0.8328298,0.78942347,0.8080484,0.81918865
2025-01-01 18:30:00,0.7626268,0.7697731,0.82448965,0.83566785,0.7946282,0.81279606,0.82394177
2025-01-01 18:31:00,0.76578367,0.7728884,0.82675004,0.8375167,0.7980157,0.81588656,0.82703584
2025-01-01 18:32:00,0.7678384,0.77491677,0.8282231,0.83872277,0.800222,0.81789994,0.8290515
2025-01-01 18:33:00,0.76917684,0.7762385,0.8291845,0.83951086,0.80166054,0.8192132,0.8303663
2025-01-01 18:34:00,0.7700496,0.777101,0.8298132,0.84002733,0.8026001,0.8200714,0.8312255
2025-01-01 18:35:00,0.77061963,0.777665,0.8302257,0.8403673,0.8032152,0.8206338,0.8317885
2025-01-01 18:36:00,0.770993,0.778035,0.8304977,0.84059244,0.80361956,0.82100403,0.8321591
2025-01-01 18:37:00,0.7712385,0.7782789,0.83067834,0.84074306,0.80388683,0.8212492,0.83240443
2025-01-01 18:38:00,0.7714009,0.77844083,0.83079964,0.8408452,0.80406505,0.82141316,0.83256847
2025-01-01 18:39:00,0.7715094,0.7785495,0.83088243,0.8409158,0.80418533,0.8215243,0.8326797
2025-01-01 18:40:00,0.7715828,0.7786236,0.8309402,0.840966,0.80426806,0.8216011,0.8327565
2025-01-01 18:41:00,0.7716334,0.7786752,0.83098155,0.8410029,0.8043263,0.82165563,0.83281106
2025-01-01 18:42:00,0.77166915,0.7787122,0.8310124,0.84103113,0.8043687,0.8216957,0.832851
2025-01-01 18:43:00,0.7716954,0.7787398,0.83103645,0.8410538,0.8044007,0.82172626,0.83288145
2025-01-01 18:44:00,0.77171534,0.7787612,0.83105594,0.84107274,0.80442595,0.8217508,0.8329059
2025-01-01 18:45:00,0.77173126,0.7787786,0.8310726,0.84108937,0.80444694,0.82177126,0.8329262
2025-01-01 18:46:00,0.7717446,0.7787935,0.8310874,0.8411045,0.8044651,0.8217892,0.832944
2025-01-01 18:47:00,0.7717563,0.7788067,0.831101,0.84111863,0.80448145,0.8218054,0.83296007
2025-01-01 18:48:00,0.7717669,0.7788188,0.8311138,0.84113216,0.80449647,0.82182056,0.83297503
2025-01-01 18:49:00,0.77177674,0.77883023,0.83112615,0.8411453,0.80451083,0.8218349,0.8329893
2025-01-01 18:50:00,0.7717862,0.77884126,0.83113813,0.84115815,0.80452466,0.8218489,0.83300316
2025-01-01 18:51:00,0.7717954,0.778852,0.83115005,0.84117085,0.8045382,0.8218626,0.8330166
2025-01-01 18:52:00,0.77180445,0.77886254,0.8311618,0.84118336,0.80455154,0.821876,0.83302987
2025-01-01 18:53:00,0.7718134,0.778873,0.8311734,0.8411959,0.8045648,0.8218894,0.83304304
2025-01-01 18:54:00,0.7718224,0.7788835,0.8311851,0.84120846,0.8045779,0.82190263,0.8330561
2025-01-01 18:55:00,0.7718313,0.77889395,0.83119667,0.8412209,0.80459094,0.82191586,0.8330691
2025-01-01 18:56:00,0.77184016,0.7789043,0.8312083,0.8412334,0.80460393,0.82192904,0.833082
2025-01-01 18:57:00,0.7718491,0.7789148,0.8312199,0.8412459,0.804617,0.8219422,0.8330949
2025-01-01 18:58:00,0.7718581,0.77892524,0.8312315,0.84125835,0.80463004,0.8219553,0.8331078
2025-01-01 18:59:00,0.77186704,0.7789357,0.83124316,0.8412708,0.804643,0.82196844,0.83312064
2025-01-01 19:00:00,0.77686274,0.78384155,0.8346649,0.8441013,0.80976325,0.82659173,0.83768344
2025-01-01 19:01:00,0.78011316,0.7870341,0.8368931,0.8459455,0.813096,0.82960147,0.8406538
2025-01-01 19:02:00,0.7822292,0.789113,0.8383455,0.8471486,0.8152668,0.8315624,0.84258896
2025-01-01 19:03:00,0.7836078,0.790468,0.8392938,0.847935,0.81668246,0.8328415,0.84385127
2025-01-01 19:04:00,0.7845071,0.79135245,0.83991426,0.8484506,0.8176071,0.8336776,0.8446763
2025-01-01 19:05:00,0.7850949,0.79193115,0.8403217,0.84879017,0.81821275,0.8342256,0.845217
2025-01-01 19:06:00,0.7854803,0.7923111,0.8405908,0.8490153,0.8186109,0.8345864,0.8455728
2025-01-01 19:07:00,0.785734,0.79256177,0.84076977,0.8491661,0.81887436,0.8348255,0.8458087
2025-01-01 19:08:00,0.78590226,0.79272854,0.84089035,0.8492685,0.81905013,0.8349855,0.8459664
2025-01-01 19:09:00,0.7860149,0.79284066,0.8409729,0.84933954,0.819169,0.83509403,0.8460733
2025-01-01 19:10:00,0.7860915,0.79291743,0.84103066,0.84939015,0.8192508,0.83516914,0.8461473
2025-01-01 19:11:00,0.7861446,0.7929712,0.8410725,0.8494275,0.8193086,0.83522254,0.8461998
2025-01-01 19:12:00,0.78618246,0.7930099,0.84110385,0.84945625,0.81935066,0.8352618,0.8462383
2025-01-01 19:13:00,0.7862104,0.7930389,0.8411284,0.8494794,0.8193826,0.8352919,0.8462678
2025-01-01 19:14:00,0.78623194,0.7930616,0.8411487,0.84949887,0.819408,0.83531606,0.8462913
2025-01-01 19:15:00,0.7862494,0.7930802,0.84116596,0.84951603,0.8194291,0.8353363,0.8463111
2025-01-01 19:16:00,0.7862641,0.79309624,0.8411815,0.8495316,0.81944734,0.83535403,0.8463283
2025-01-01 19:17:00,0.7862771,0.79311055,0.8411959,0.84954625,0.81946373,0.83537006,0.8463439
2025-01-01 19:18:00,0.786289,0.7931237,0.8412095,0.8495602,0.81947905,0.8353851,0.8463584
2025-01-01 19:19:00,0.7863001,0.7931362,0.8412225,0.8495738,0.81949353,0.8353994,0.84637225
2025-01-01 19:20:00,0.7863108,0.7931482,0.8412353,0.84958714,0.81950754,0.8354132,0.8463856
2025-01-01 19:21:00,0.7863213,0.79315996,0.84124786,0.8496003,0.8195213,0.83542675,0.8463987
2025-01-01 19:22:00,0.7863316,0.7931715,0.84126025,0.8496133,0.8195348,0.8354401,0.8464115
2025-01-01 19:23:00,0.7863418,0.793183,0.8412727,0.8496263,0.81954813,0.83545333,0.8464242
2025-01-01 19:24:00,0.7863519,0.7931944,0.84128505,0.84963924,0.81956136,0.83546644,0.84643686
2025-01-01 19:25:00,0.786362,0.79320586,0.8412973,0.8496522,0.8195746,0.8354795,0.84644943
2025-01-01 19:26:00,0.78637207,0.79321724,0.84130967,0.8496651,0.81958777,0.8354925,0.8464619
2025-01-01 19:27:00,0.78638226,0.7932286,0.84132195,0.849678,0.819601,0.83550555,0.8464744
2025-01-01 19:28:00,0.7863924,0.79324,0.8413343,0.8496909,0.81961405,0.8355185,0.8464868
2025-01-01 19:29:00,0.7864025,0.7932514,0.8413466,0.8497038,0.81962717,0.83553135,0.84649915
2025-01-01 19:30:00,0.7914522,0.79818803,0.8446573,0.8524761,0.82457155,0.8399479,0.8507904
2025-01-01 19:31:00,0.7947382,0.8014009,0.8468136,0.8542827,0.8277901,0.8428231,0.853584
2025-01-01 19:32:00,0.7968776,0.80349326,0.8482196,0.8554614,0.8298867,0.84469646,0.85540414
2025-01-01 19:33:00,0.79827195,0.8048574,0.8491378,0.85623217,0.83125407,0.8459187,0.8565915
2025-01-01 19:34:00,0.79918194,0.8057481,0.849739,0.85673773,0.8321475,0.84671766,0.8573676
2025-01-01 19:35:00,0.79977703,0.80633116,0.85013413,0.8570708,0.8327327,0.84724146,0.85787636
2025-01-01 19:36:00,0.8001675,0.8067142,0.8503953,0.8572919,0.8331177,0.84758645,0.8582113
2025-01-01 19:37:00,0.80042493,0.8069673,0.85056955,0.8574401,0.8333726,0.84781516,0.85843325
2025-01-01 19:38:00,0.800596,0.8071359,0.8506871,0.857541,0.8335428,0.84796834,0.85858184
2025-01-01 19:39:00,0.80071086,0.80724955,0.8507679,0.8576112,0.8336581,0.84807235,0.85868263
2025-01-01 19:40:00,0.80078924,0.80732757,0.8508249,0.8576613,0.83373755,0.8481445,0.85875237
2025-01-01 19:41:00,0.80084395,0.80738235,0.85086626,0.85769844,0.8337938,0.8481958,0.85880196
2025-01-01 19:42:00,0.8008832,0.8074221,0.8508976,0.85772717,0.8338349,0.8482336,0.8588384
2025-01-01 19:43:00,0.80091244,0.80745214,0.8509224,0.8577504,0.83386624,0.8482626,0.85886633
2025-01-01 19:44:00,0.80093527,0.80747575,0.8509429,0.8577701,0.8338912,0.84828603,0.85888875
2025-01-01 19:45:00,0.80095387,0.8074953,0.8509607,0.85778743,0.83391196,0.84830564,0.85890746
2025-01-01 19:46:00,0.8009697,0.8075121,0.85097665,0.8578032,0.83393,0.84832287,0.8589238
2025-01-01 19:47:00,0.8009838,0.80752724,0.8509915,0.8578181,0.8339464,0.84833854,0.85893863
2025-01-01 19:48:00,0.8009967,0.80754125,0.8510056,0.8578324,0.83396155,0.84835315,0.85895246
2025-01-01 19:49:00,0.8010089,0.80755454,0.85101914,0.8578462,0.833976,0.84836704,0.8589656
2025-01-01 19:50:00,0.8010207,0.80756736,0.85103244,0.85785973,0.83399,0.8483805,0.85897833
2025-01-01 19:51:00,0.8010322,0.80758,0.85104555,0.8578732,0.8340036,0.8483937,0.8589907
2025-01-01 19:52:00,0.8010435,0.80759233,0.8510585,0.85788643,0.834017,0.84840673,0.859003
2025-01-01 19:53:00,0.8010547,0.80760455,0.8510714,0.8578996,0.8340303,0.84841955,0.85901505
2025-01-01 19:54:00,0.80106586,0.80761683,0.8510843,0.85791284,0.8340435,0.8484323,0.859027
2025-01-01 19:55:00,0.80107707,0.807629,0.8510971,0.85792595,0.8340567,0.848445,0.8590389
2025-01-01 19:56:00,0.80108815,0.8076411,0.8511099,0.85793906,0.8340697,0.84845763,0.85905075
2025-01-01 19:57:00,0.8010993,0.8076533,0.85112274,0.8579522,0.83408284,0.8484703,0.85906255
2025-01-01 19:58:00,0.8011104,0.8076654,0.8511355,0.8579653,0.83409584,0.84848285,0.8590743
2025-01-01 19:59:00,0.80112153,0.80767757,0.8511483,0.85797834,0.8341088,0.84849536,0.85908604
2025-01-01 20:00:00,0.8061357,0.8125572,0.85428935,0.8606434,0.83878976,0.8526268,0.8630294
2025-01-01 20:01:00,0.80939895,0.8157333,0.85633546,0.86238015,0.841837,0.85531664,0.8655967
2025-01-01 20:02:00,0.81152403,0.8178021,0.85767,0.8635137,0.8438221,0.8570693,0.86726946
2025-01-01 20:03:00,0.8129092,0.81915104,0.8585419,0.8642551,0.845117,0.85821295,0.86836076
2025-01-01 20:04:00,0.81381357,0.8200322,0.85911316,0.86474156,0.84596324,0.8589607,0.8690742
2025-01-01 20:05:00,0.8144053,0.8206093,0.8594891,0.86506236,0.84651786,0.859451,0.86954194
2025-01-01 20:06:00,0.814794,0.82098866,0.8597379,0.8652755,0.8468829,0.85977405,0.86985
2025-01-01 20:07:00,0.8150507,0.82123953,0.8599041,0.86541855,0.84712464,0.85998845,0.87005424
2025-01-01 20:08:00,0.8152216,0.821407,0.8600167,0.86551625,0.8472863,0.86013204,0.870191
2025-01-01 20:09:00,0.8153366,0.8215202,0.86009437,0.86558425,0.84739584,0.86022973,0.8702839
2025-01-01 20:10:00,0.8154154,0.82159805,0.86014944,0.8656331,0.84747165,0.8602975,0.8703482
2025-01-01 20:11:00,0.8154707,0.82165307,0.86018974,0.86566937,0.8475254,0.86034584,0.870394
2025-01-01 20:12:00,0.81551063,0.8216931,0.8602205,0.86569756,0.8475649,0.8603816,0.8704277
2025-01-01 20:13:00,0.8155407,0.8217236,0.860245,0.86572045,0.847595,0.8604091,0.8704536
2025-01-01 20:14:00,0.8155643,0.8217477,0.8602655,0.86573994,0.84761906,0.8604312,0.87047434
2025-01-01 20:15:00,0.8155837,0.8217678,0.8602834,0.86575717,0.8476392,0.8604499,0.8704918
2025-01-01 20:16:00,0.8156004,0.8217852,0.86029947,0.86577296,0.8476568,0.8604663,0.870507
2025-01-01 20:17:00,0.81561536,0.82180095,0.86031455,0.8657878,0.84767276,0.8604812,0.8705208
2025-01-01 20:18:00,0.8156292,0.82181555,0.86032885,0.86580205,0.8476876,0.8604952,0.87053365
2025-01-01 20:19:00,0.8156423,0.8218295,0.8603428,0.86581594,0.8477017,0.8605085,0.8705459
2025-01-01 20:20:00,0.81565493,0.8218429,0.86035633,0.86582947,0.8477153,0.8605214,0.8705578
2025-01-01 20:21:00,0.8156673,0.82185596,0.8603697,0.8658429,0.84772867,0.860534,0.87056935
2025-01-01 20:22:00,0.81567943,0.82186896,0.860383,0.86585623,0.8477418,0.8605464,0.87058073
2025-01-01 20:23:00,0.8156915,0.8218818,0.86039615,0.8658694,0.8477548,0.8605586,0.87059194
2025-01-01 20:24:00,0.8157035,0.8218945,0.8604093,0.8658825,0.8477677,0.86057085,0.8706031
2025-01-01 20:25:00,0.8157155,0.82190734,0.86042243,0.8658957,0.8477805,0.86058295,0.87061405
2025-01-01 20:26:00,0.8157274,0.82192004,0.86043555,0.8659088,0.8477933,0.86059505,0.8706251
2025-01-01 20:27:00,0.8157394,0.82193273,0.86044854,0.86592185,0.84780604,0.8606071,0.87063605
2025-01-01 20:28:00,0.81575125,0.8219454,0.86046165,0.86593497,0.8478188,0.860619,0.8706469
2025-01-01 20:29:00,0.81576324,0.8219581,0.8604747,0.865948,0.8478315,0.860631,0.8706578
2025-01-01 20:30:00,0.82065135,0.8266928,0.8633892,0.86845744,0.8521643,0.8644026,0.87418216
2025-01-01 20:31:00,0.82383287,0.8297748,0.86528826,0.8700932,0.85498506,0.86685836,0.87647676
2025-01-01 20:32:00,0.825905,0.8317826,0.86652714,0.871161,0.85682297,0.86845875,0.877972
2025-01-01 20:33:00,0.82725614,0.83309203,0.867337,0.8718596,0.858022,0.8695031,0.8789477
2025-01-01 20:34:00,0.8281386,0.8339478,0.867868,0.87231827,0.8588058,0.87018603,0.8795855
2025-01-01 20:35:00,0.82871646,0.8345084,0.8682177,0.87262094,0.8593197,0.87063414,0.88000387
2025-01-01 20:36:00,0.8290964,0.8348774,0.8684497,0.8728223,0.85965806,0.8709294,0.8802795
2025-01-01 20:37:00,0.8293475,0.83512163,0.868605,0.87295765,0.8598824,0.8711254,0.8804623
2025-01-01 20:38:00,0.82951504,0.8352849,0.8687105,0.8730502,0.8600326,0.87125695,0.8805848
2025-01-01 20:39:00,0.82962817,0.8353955,0.8687837,0.87311494,0.8601346,0.87134653,0.88066804
2025-01-01 20:40:00,0.82970595,0.83547187,0.8688359,0.8731615,0.8602053,0.87140876,0.8807258
2025-01-01 20:41:00,0.8297609,0.83552605,0.8688744,0.8731963,0.8602556,0.87145334,0.88076705
2025-01-01 20:42:00,0.8298009,0.8355658,0.86890405,0.8732235,0.8602926,0.87148637,0.8807974
2025-01-01 20:43:00,0.8298312,0.8355961,0.86892784,0.87324566,0.86032104,0.8715118,0.88082075
2025-01-01 20:44:00,0.8298552,0.8356203,0.8689479,0.8732646,0.8603438,0.87153244,0.8808396
2025-01-01 20:45:00,0.8298751,0.8356406,0.86896557,0.8732815,0.860363,0.8715498,0.8808553
2025-01-01 20:46:00,0.8298924,0.8356583,0.8689816,0.873297,0.8603798,0.8715651,0.8808692
2025-01-01 20:47:00,0.8299079,0.8356743,0.8689966,0.8733116,0.8603951,0.8715791,0.8808817
2025-01-01 20:48:00,0.8299224,0.8356893,0.869011,0.8733256,0.86040926,0.8715921,0.8808934
2025-01-01 20:49:00,0.82993615,0.8357035,0.86902493,0.8733392,0.86042273,0.8716046,0.88090456
2025-01-01 20:50:00,0.8299494,0.83571726,0.8690385,0.87335247,0.86043584,0.87161666,0.88091534
2025-01-01 20:51:00,0.8299623,0.8357308,0.86905205,0.8733657,0.8604487,0.8716284,0.88092583
2025-01-01 20:52:00,0.8299751,0.8357441,0.86906534,0.87337875,0.86046135,0.8716401,0.8809362
2025-01-01 20:53:00,0.8299879,0.8357573,0.86907864,0.87339175,0.8604739,0.87165153,0.8809464
2025-01-01 20:54:00,0.83000046,0.8357704,0.86909175,0.8734047,0.8604862,0.8716629,0.8809565
2025-01-01 20:55:00,0.8300131,0.83578354,0.8691049,0.87341756,0.8604985,0.87167424,0.8809665
2025-01-01 20:56:00,0.8300256,0.8357966,0.8691181,0.8734305,0.86051077,0.8716855,0.88097644
2025-01-01 20:57:00,0.8300382,0.83580965,0.8691312,0.8734433,0.860523,0.8716967,0.8809863
2025-01-01 20:58:00,0.83005077,0.83582264,0.86914426,0.87345606,0.86053514,0.8717079,0.8809961
2025-01-01 20:59:00,0.83006334,0.83583564,0.8691574,0.87346894,0.8605473,0.871719,0.8810059
2025-01-01 21:00:00,0.83473855,0.8403414,0.87179375,0.8757785,0.8644553,0.8750641,0.8840488
2025-01-01 21:01:00,0.8377819,0.84327465,0.873512,0.87728417,0.8669996,0.87724215,0.8860301
2025-01-01 21:02:00,0.8397645,0.8451859,0.8746335,0.87826735,0.8686577,0.87866175,0.88732123
2025-01-01 21:03:00,0.8410576,0.8464327,0.875367,0.87891084,0.8697397,0.87958837,0.88816386
2025-01-01 21:04:00,0.84190255,0.8472477,0.8758483,0.87933356,0.87044716,0.8801945,0.8887149
2025-01-01 21:05:00,0.8424563,0.847782,0.8761658,0.8796128,0.8709112,0.8805922,0.8890764
2025-01-01 21:06:00,0.8428206,0.8481339,0.8763767,0.8797987,0.87121695,0.8808546,0.8893147
2025-01-01 21:07:00,0.8430618,0.8483672,0.87651837,0.879924,0.87141985,0.88102895,0.88947284
2025-01-01 21:08:00,0.8432231,0.84852344,0.876615,0.8800099,0.871556,0.88114595,0.88957894
2025-01-01 21:09:00,0.8433324,0.84862953,0.8766824,0.8800701,0.8716486,0.8812259,0.8896512
2025-01-01 21:10:00,0.84340787,0.84870315,0.8767308,0.8801137,0.8717129,0.88128155,0.88970137
2025-01-01 21:11:00,0.84346145,0.8487555,0.8767668,0.88014644,0.8717589,0.88132143,0.8897372
2025-01-01 21:12:00,0.8435007,0.8487941,0.8767947,0.8801721,0.87179285,0.8813511,0.8897637
2025-01-01 21:13:00,0.84353065,0.8488239,0.8768175,0.8801932,0.8718191,0.8813741,0.88978416
2025-01-01 21:14:00,0.8435546,0.84884775,0.87683684,0.8802113,0.8718402,0.8813927,0.88980067
2025-01-01 21:15:00,0.8435747,0.84886783,0.87685394,0.88022745,0.87185806,0.8814085,0.88981456
2025-01-01 21:16:00,0.8435922,0.8488855,0.8768696,0.88024235,0.8718738,0.8814225,0.8898268
2025-01-01 21:17:00,0.84360814,0.84890157,0.87688434,0.8802564,0.87188804,0.8814352,0.88983786
2025-01-01 21:18:00,0.843623,0.84891653,0.8768984,0.8802698,0.8719014,0.8814472,0.88984823
2025-01-01 21:19:00,0.8436371,0.8489309,0.8769122,0.88028306,0.87191415,0.8814586,0.889858
2025-01-01 21:20:00,0.8436508,0.84894484,0.8769256,0.88029593,0.8719265,0.88146967,0.88986754
2025-01-01 21:21:00,0.84366417,0.8489585,0.8769389,0.8803087,0.8719386,0.88148046,0.8898768
2025-01-01 21:22:00,0.84367746,0.84897196,0.8769521,0.8803213,0.87195045,0.88149107,0.88988584
2025-01-01 21:23:00,0.8436906,0.84898525,0.87696517,0.8803339,0.87196213,0.8815016,0.88989484
2025-01-01 21:24:00,0.84370357,0.8489984,0.87697816,0.88034636,0.87197375,0.88151205,0.8899037
2025-01-01 21:25:00,0.84371656,0.8490117,0.87699115,0.8803588,0.8719854,0.88152236,0.8899125
2025-01-01 21:26:00,0.84372956,0.84902483,0.87700415,0.88037115,0.87199694,0.88153267,0.8899213
2025-01-01 21:27:00,0.8437425,0.849038,0.877017,0.8803835,0.8720084,0.8815428,0.88992995
2025-01-01 21:28:00,0.8437555,0.8490511,0.87703,0.8803959,0.8720198,0.881553,0.88993853
2025-01-01 21:29:00,0.84376836,0.84906423,0.8770429,0.88040817,0.87203115,0.8815631,0.8899471
2025-01-01 21:30:00,0.8481475,0.85326064,0.8793542,0.8824766,0.8754446,0.8844219,0.8924543
2025-01-01 21:31:00,0.85099846,0.85599285,0.88086104,0.8838254,0.87766725,0.8862836,0.89408696
2025-01-01 21:32:00,0.85285616,0.8577734,0.881845,0.8847064,0.87911594,0.8874972,0.8951511
2025-01-01 21:33:00,0.8540683,0.85893536,0.8824891,0.8852833,0.8800615,0.88828945,0.8958457
2025-01-01 21:34:00,0.8548606,0.85969514,0.88291216,0.88566256,0.88068,0.8888079,0.8963001
2025-01-01 21:35:00,0.8553802,0.8601936,0.88319165,0.8859133,0.881086,0.8891483,0.89659834
2025-01-01 21:36:00,0.8557225,0.8605222,0.88337785,0.8860806,0.8813538,0.88937306,0.89679503
2025-01-01 21:37:00,0.8559495,0.8607404,0.8835033,0.8861936,0.8815317,0.88952255,0.89692575
2025-01-01 21:38:00,0.85610163,0.8608868,0.8835893,0.8862712,0.8816513,0.8896231,0.89701355
2025-01-01 21:39:00,0.8562051,0.8609866,0.88364977,0.8863259,0.8817328,0.8896918,0.8970734
2025-01-01 21:40:00,0.85627687,0.86105597,0.88369346,0.8863656,0.8817896,0.8897399,0.8971151
2025-01-01 21:41:00,0.8563281,0.8611057,0.8837263,0.8863957,0.8818304,0.88977444,0.897145
2025-01-01 21:42:00,0.856366,0.8611426,0.8837521,0.8864194,0.8818608,0.8898003,0.89716715
2025-01-01 21:43:00,0.8563952,0.86117107,0.8837734,0.8864391,0.88188434,0.88982046,0.8971844
2025-01-01 21:44:00,0.8564187,0.8611942,0.8837916,0.886456,0.8819034,0.88983685,0.89719826
2025-01-01 21:45:00,0.85643864,0.86121386,0.8838079,0.8864712,0.8819196,0.88985085,0.89721
2025-01-01 21:46:00,0.8564561,0.8612311,0.8838229,0.8864852,0.8819339,0.8898632,0.8972204
2025-01-01 21:47:00,0.856472,0.86124694,0.88383716,0.8864986,0.88194704,0.8898745,0.8972298
2025-01-01 21:48:00,0.856487,0.8612618,0.88385075,0.8865113,0.88195926,0.88988507,0.89723855
2025-01-01 21:49:00,0.8565013,0.861276,0.88386405,0.8865237,0.88197106,0.88989526,0.89724696
2025-01-01 21:50:00,0.85651517,0.86128986,0.88387716,0.886536,0.8819824,0.8899051,0.897255
2025-01-01 21:51:00,0.85652876,0.8613033,0.88389003,0.88654804,0.8819935,0.8899147,0.8972629
2025-01-01 21:52:00,0.85654217,0.8613166,0.8839028,0.88656,0.88200444,0.88992417,0.89727056
2025-01-01 21:53:00,0.8565555,0.86132985,0.88391554,0.88657194,0.8820153,0.88993347,0.8972782
2025-01-01 21:54:00,0.85656875,0.861343,0.8839281,0.88658375,0.882026,0.8899427,0.8972857
2025-01-01 21:55:00,0.85658187,0.86135614,0.88394076,0.88659555,0.8820366,0.8899519,0.8972931
2025-01-01 21:56:00,0.85659504,0.8613692,0.88395333,0.8866073,0.88204724,0.889961,0.8973005
2025-01-01 21:57:00,0.8566082,0.86138225,0.8839658,0.8866189,0.8820577,0.88997006,0.8973078
2025-01-01 21:58:00,0.85662127,0.86139524,0.8839783,0.8866306,0.88206816,0.889979,0.897315
2025-01-01 21:59:00,0.8566344,0.86140823,0.8839908,0.8866422,0.88207865,0.88998795,0.89732224
2025-01-01 22:00:00,0.86063915,0.8652203,0.8859357,0.8884327,0.88493663,0.8923095,0.89924896
2025-01-01 22:01:00,0.86324686,0.8677027,0.88720423,0.8896004,0.8867979,0.89382154,0.90050375
2025-01-01 22:02:00,0.8649464,0.86932087,0.88803315,0.8903636,0.8880113,0.89480746,0.90132177
2025-01-01 22:03:00,0.8660557,0.8703771,0.88857627,0.8908636,0.88880354,0.89545137,0.90185595
2025-01-01 22:04:00,0.86678135,0.8710683,0.88893366,0.8911926,0.88932216,0.8958729,0.9022055
2025-01-01 22:05:00,0.86725754,0.871522,0.8891702,0.89141047,0.88966274,0.89614993,0.9024352
2025-01-01 22:06:00,0.8675718,0.87182146,0.8893283,0.8915561,0.8898877,0.896333,0.9025868
2025-01-01 22:07:00,0.86778057,0.8720206,0.88943535,0.89165473,0.8900375,0.89645493,0.9026877
2025-01-01 22:08:00,0.8679209,0.87215453,0.88950926,0.89172274,0.89013827,0.8965372,0.9027557
2025-01-01 22:09:00,0.8680166,0.8722461,0.8895616,0.89177096,0.8902073,0.89659363,0.9028021
2025-01-01 22:10:00,0.8680835,0.87231016,0.88959986,0.89180624,0.8902557,0.8966332,0.9028346
2025-01-01 22:11:00,0.8681315,0.87235624,0.88962907,0.89183307,0.8902906,0.89666194,0.902858
2025-01-01 22:12:00,0.86816734,0.87239075,0.88965225,0.89185447,0.8903168,0.8966834,0.9028755
2025-01-01 22:13:00,0.8681952,0.8724177,0.8896716,0.8918723,0.8903373,0.8967003,0.9028891
2025-01-01 22:14:00,0.8682179,0.8724396,0.8896885,0.8918878,0.890354,0.8967142,0.90290016
2025-01-01 22:15:00,0.8682372,0.8724583,0.8897037,0.89190173,0.89036834,0.8967261,0.9029095
2025-01-01 22:16:00,0.86825436,0.872475,0.8897178,0.89191467,0.89038104,0.89673656,0.90291786
2025-01-01 22:17:00,0.8682701,0.8724903,0.88973117,0.891927,0.89039266,0.89674634,0.90292543
2025-01-01 22:18:00,0.8682849,0.8725047,0.8897441,0.89193887,0.8904037,0.8967554,0.9029325
2025-01-01 22:19:00,0.8682991,0.87251854,0.88975674,0.89195037,0.8904141,0.8967641,0.90293926
2025-01-01 22:20:00,0.8683129,0.872532,0.8897692,0.8919617,0.8904243,0.89677256,0.9029458
2025-01-01 22:21:00,0.8683265,0.8725452,0.8897815,0.89197296,0.8904343,0.89678085,0.90295213
2025-01-01 22:22:00,0.86833984,0.87255824,0.88979363,0.89198405,0.8904441,0.89678895,0.90295833
2025-01-01 22:23:00,0.86835307,0.8725711,0.88980573,0.891995,0.89045376,0.896797,0.9029645
2025-01-01 22:24:00,0.8683663,0.8725839,0.8898178,0.892006,0.8904634,0.89680487,0.90297043
2025-01-01 22:25:00,0.8683794,0.8725967,0.88982975,0.8920169,0.8904729,0.89681274,0.9029764
2025-01-01 22:26:00,0.8683925,0.8726094,0.8898417,0.89202774,0.89048237,0.8968205,0.9029823
2025-01-01 22:27:00,0.86840564,0.87262213,0.8898536,0.8920385,0.8904918,0.8968282,0.9029881
2025-01-01 22:28:00,0.8684187,0.87263477,0.88986546,0.8920493,0.89050114,0.89683586,0.90299386
2025-01-01 22:29:00,0.86843175,0.8726474,0.8898773,0.89206004,0.89051044,0.8968435,0.9029995
2025-01-01 22:30:00,0.87199116,0.8760077,0.8914214,0.8935407,0.8927622,0.8985865,0.90431154
2025-01-01 22:31:00,0.8743093,0.87819624,0.8924291,0.89450675,0.89422894,0.89972204,0.90516627
2025-01-01 22:32:00,0.87582064,0.8796232,0.8930882,0.8951384,0.89518553,0.9004627,0.90572375
2025-01-01 22:33:00,0.8768075,0.8805551,0.89352083,0.89555264,0.89581054,0.90094674,0.906088
2025-01-01 22:34:00,0.8774536,0.88116527,0.89380604,0.89582556,0.8962199,0.9012639,0.90632665
2025-01-01 22:35:00,0.87787807,0.8815662,0.8939955,0.8960067,0.89648914,0.9014726,0.9064836
2025-01-01 22:36:00,0.87815857,0.8818312,0.89412284,0.8961281,0.8966673,0.9016108,0.9065874
2025-01-01 22:37:00,0.8783454,0.88200784,0.89420956,0.8962106,0.89678615,0.9017031,0.90665674
2025-01-01 22:38:00,0.8784714,0.882127,0.89427,0.8962679,0.89686656,0.9017656,0.9067036
2025-01-01 22:39:00,0.87855774,0.88220876,0.89431334,0.8963088,0.89692193,0.9018087,0.90673584
2025-01-01 22:40:00,0.8786185,0.8822663,0.8943455,0.8963389,0.896961,0.90183914,0.90675855
2025-01-01 22:41:00,0.8786625,0.882308,0.8943705,0.8963621,0.8969894,0.90186137,0.90677506
2025-01-01 22:42:00,0.8786956,0.8823395,0.8943907,0.8963807,0.8970109,0.90187824,0.9067875
2025-01-01 22:43:00,0.87872165,0.8823642,0.8944078,0.8963964,0.8970279,0.9018916,0.90679735
2025-01-01 22:44:00,0.87874305,0.8823847,0.894423,0.89641017,0.89704204,0.9019027,0.9068054
2025-01-01 22:45:00,0.87876153,0.8824023,0.89443684,0.8964226,0.89705426,0.9019122,0.9068123
2025-01-01 22:46:00,0.8787781,0.882418,0.8944498,0.89643425,0.8970651,0.9019208,0.9068184
2025-01-01 22:47:00,0.8787933,0.8824325,0.89446217,0.89644533,0.8970751,0.90192866,0.906824
2025-01-01 22:48:00,0.8788077,0.8824462,0.89447415,0.89645606,0.8970846,0.9019362,0.90682924
2025-01-01 22:49:00,0.87882155,0.8824594,0.8944859,0.8964665,0.89709365,0.9019433,0.90683424
2025-01-01 22:50:00,0.8788351,0.8824723,0.8944975,0.8964768,0.89710253,0.9019502,0.9068391
2025-01-01 22:51:00,0.8788484,0.8824849,0.89450896,0.89648694,0.89711124,0.9019569,0.9068438
2025-01-01 22:52:00,0.8788615,0.8824974,0.8945203,0.896497,0.8971197,0.90196353,0.90684843
2025-01-01 22:53:00,0.87887454,0.88250977,0.89453155,0.89650697,0.8971281,0.90197015,0.9068529
2025-01-01 22:54:00,0.8788875,0.88252205,0.8945428,0.89651686,0.8971364,0.9019766,0.9068573
2025-01-01 22:55:00,0.8789003,0.88253427,0.894554,0.8965267,0.8971447,0.901983,0.90686166
2025-01-01 22:56:00,0.87891316,0.8825464,0.8945651,0.89653647,0.89715284,0.90198934,0.90686595
2025-01-01 22:57:00,0.878926,0.8825585,0.8945762,0.8965462,0.897161,0.9019956,0.9068701
2025-01-01 22:58:00,0.87893873,0.8825707,0.8945873,0.8965559,0.89716905,0.9020018,0.9068743
2025-01-01 22:59:00,0.8789515,0.8825827,0.8945983,0.89656556,0.89717704,0.90200794,0.9068784
2025-01-01 23:00:00,0.88200116,0.88543034,0.8957134,0.8977096,0.8987818,0.90314096,0.907552
2025-01-01 23:01:00,0.88398784,0.8872856,0.89644206,0.8984566,0.8998276,0.90387946,0.9079912
2025-01-01 23:02:00,0.8852837,0.8884956,0.8969195,0.8989454,0.90051013,0.9043616,0.90827805
2025-01-01 23:03:00,0.8861304,0.8892863,0.8972336,0.8992664,0.90095645,0.90467703,0.9084658
2025-01-01 23:04:00,0.8866852,0.8898044,0.89744157,0.8994784,0.9012493,0.9048841,0.9085891
2025-01-01 23:05:00,0.8870502,0.89014536,0.8975805,0.89961946,0.9014423,0.90502065,0.9086706
2025-01-01 23:06:00,0.88729197,0.8903711,0.89767456,0.8997144,0.90157044,0.90511143,0.9087248
2025-01-01 23:07:00,0.88745344,0.890522,0.89773947,0.8997794,0.9016564,0.90517247,0.9087613
2025-01-01 23:08:00,0.8875629,0.8906242,0.89778537,0.89982486,0.9017149,0.905214,0.90878624
2025-01-01 23:09:00,0.88763833,0.89069474,0.8978189,0.8998576,0.9017556,0.90524304,0.90880364
2025-01-01 23:10:00,0.88769186,0.8907447,0.89784455,0.8998821,0.9017846,0.9052638,0.90881616
2025-01-01 23:11:00,0.887731,0.8907813,0.8978648,0.8999012,0.901806,0.9052792,0.90882546
2025-01-01 23:12:00,0.8877608,0.8908092,0.8978817,0.8999168,0.9018225,0.9052911,0.90883267
2025-01-01 23:13:00,0.8877846,0.8908314,0.89789635,0.89993006,0.90183574,0.9053007,0.9088385
2025-01-01 23:14:00,0.8878044,0.8908499,0.8979095,0.89994186,0.9018469,0.9053087,0.9088434
2025-01-01 23:15:00,0.88782173,0.89086604,0.89792174,0.8999527,0.90185666,0.9053159,0.90884763
2025-01-01 23:16:00,0.8878373,0.8908805,0.8979333,0.8999628,0.90186554,0.90532225,0.9088515
2025-01-01 23:17:00,0.8878518,0.89089406,0.89794445,0.8999725,0.90187377,0.9053283,0.9088551
2025-01-01 23:18:00,0.88786554,0.8909069,0.89795536,0.8999819,0.90188164,0.90533394,0.9088584
2025-01-01 23:19:00,0.88787884,0.8909192,0.897966,0.89999104,0.90188915,0.90533936,0.9088616
2025-01-01 23:20:00,0.8878918,0.89093125,0.8979766,0.90000004,0.9018965,0.9053446,0.9088647
2025-01-01 23:21:00,0.8879046,0.89094317,0.897987,0.9000089,0.9019036,0.90534973,0.90886766
2025-01-01 23:22:00,0.8879172,0.8909549,0.8979973,0.90001774,0.9019107,0.9053548,0.9088705
2025-01-01 23:23:00,0.8879297,0.8909665,0.8980076,0.9000265,0.90191764,0.9053598,0.9088734
2025-01-01 23:24:00,0.88794214,0.890978,0.8980178,0.9000352,0.9019246,0.9053647,0.9088761
2025-01-01 23:25:00,0.8879546,0.8909894,0.89802796,0.9000438,0.90193146,0.9053695,0.9088788
2025-01-01 23:26:00,0.88796693,0.89100087,0.898038,0.9000523,0.9019382,0.9053742,0.90888137
2025-01-01 23:27:00,0.88797927,0.8910122,0.89804816,0.90006083,0.9019449,0.90537894,0.9088839
2025-01-01 23:28:00,0.8879915,0.8910235,0.8980582,0.9000693,0.90195155,0.9053836,0.90888643
2025-01-01 23:29:00,0.88800377,0.8910348,0.8980682,0.9000777,0.9019581,0.9053882,0.9088889
2025-01-01 23:30:00,0.8904897,0.8933195,0.89873487,0.90086496,0.9028876,0.9058912,0.9089121
2025-01-01 23:31:00,0.8921099,0.8948084,0.89917165,0.9013796,0.90349406,0.9062197,0.90892804
2025-01-01 23:32:00,0.89316726,0.89578015,0.89945906,0.90171695,0.90389043,0.9064347,0.9089391
2025-01-01 23:33:00,0.89385873,0.8964156,0.89964926,0.9019391,0.9041503,0.906576,0.90894705
2025-01-01 23:34:00,0.89431244,0.8968326,0.8997763,0.9020863,0.90432143,0.9066693,0.90895295
2025-01-01 23:35:00,0.8946116,0.8971075,0.89986235,0.90218484,0.90443486,0.90673137,0.9089575
2025-01-01 23:36:00,0.89481026,0.89729005,0.8999216,0.9022517,0.9045107,0.9067732,0.90896106
2025-01-01 23:37:00,0.89494365,0.89741254,0.89996344,0.902298,0.9045622,0.9068018,0.9089641
2025-01-01 23:38:00,0.89503455,0.897496,0.8999941,0.9023308,0.9045977,0.9068218,0.90896666
2025-01-01 23:39:00,0.8950978,0.89755404,0.90001726,0.90235496,0.9046229,0.90683615,0.908969
2025-01-01 23:40:00,0.89514315,0.8975956,0.9000356,0.9023733,0.90464133,0.9068469,0.90897113
2025-01-01 23:41:00,0.89517677,0.8976264,0.900051,0.90238804,0.9046554,0.90685517,0.90897304
2025-01-01 23:42:00,0.8952028,0.89765024,0.90006423,0.90240026,0.9046666,0.9068619,0.9089749
2025-01-01 23:43:00,0.89522386,0.8976695,0.90007615,0.9024109,0.9046759,0.90686756,0.9089766
2025-01-01 23:44:00,0.8952418,0.8976858,0.9000871,0.9024205,0.90468395,0.9068725,0.9089782
2025-01-01 23:45:00,0.89525753,0.8977002,0.9000975,0.90242946,0.9046912,0.90687704,0.90897983
2025-01-01 23:46:00,0.8952719,0.8977132,0.9001075,0.90243787,0.9046979,0.90688115,0.9089813
2025-01-01 23:47:00,0.89528537,0.89772546,0.9001172,0.90244603,0.9047042,0.90688515,0.90898275
2025-01-01 23:48:00,0.8952983,0.8977371,0.9001268,0.90245396,0.9047103,0.90688896,0.9089841
2025-01-01 23:49:00,0.8953108,0.8977484,0.90013623,0.90246165,0.9047161,0.90689254,0.90898544
2025-01-01 23:50:00,0.895323,0.8977595,0.9001455,0.9024693,0.9047218,0.90689605,0.9089867
2025-01-01 23:51:00,0.895335,0.89777035,0.9001547,0.9024768,0.9047274,0.9068995,0.9089879
2025-01-01 23:52:00,0.89534694,0.89778113,0.9001639,0.90248424,0.9047329,0.9069029,0.9089891
2025-01-01 23:53:00,0.89535874,0.89779174,0.90017295,0.9024916,0.90473837,0.9069062,0.90899014
2025-01-01 23:54:00,0.8953705,0.8978023,0.90018195,0.90249884,0.9047437,0.9069094,0.90899116
2025-01-01 23:55:00,0.8953822,0.89781284,0.90019095,0.9025061,0.9047489,0.90691257,0.9089921
2025-01-01 23:56:00,0.8953939,0.8978233,0.9001999,0.90251327,0.90475416,0.9069157,0.90899307
2025-01-01 23:57:00,0.8954055,0.89783365,0.9002088,0.9025204,0.90475935,0.90691876,0.9089939
2025-01-01 23:58:00,0.89541703,0.897844,0.90021765,0.9025275,0.9047645,0.90692174,0.9089947
2025-01-01 23:59:00,0.8954286,0.8978543,0.9002264,0.90253454,0.90476954,0.9069247,0.90899545
