TIME,R_001_v000,R_004_v000,R_005_v000,R_006_v000,R_007_v000,R_008_v000,R_010_v000
2025-01-01 00:01:00,0.8985168,0.90020424,0.90182817,0.90339947,0.9049303,0.90643436,0.8939259
2025-01-01 00:02:00,0.8985096,0.90019536,0.90181774,0.90338784,0.90491784,0.9064214,0.8939128
2025-01-01 00:03:00,0.8985024,0.9001864,0.9018073,0.9033762,0.9049053,0.9064084,0.89389974
2025-01-01 00:04:00,0.8984952,0.9001774,0.9017968,0.90336454,0.9048928,0.90639544,0.89388657
2025-01-01 00:05:00,0.89848787,0.90016836,0.9017863,0.90335286,0.9048803,0.90638244,0.8938735
2025-01-01 00:06:00,0.89848053,0.9001593,0.9017758,0.9033411,0.90486777,0.9063694,0.8938604
2025-01-01 00:07:00,0.89847314,0.9001502,0.9017652,0.90332943,0.90485525,0.9063564,0.8938473
2025-01-01 00:08:00,0.8984657,0.900141,0.90175456,0.90331763,0.9048426,0.9063434,0.89383423
2025-01-01 00:09:00,0.8984582,0.90013176,0.90174395,0.9033058,0.90483004,0.90633035,0.8938211
2025-01-01 00:10:00,0.8984507,0.9001226,0.9017333,0.903294,0.9048174,0.90631735,0.89380807
2025-01-01 00:11:00,0.8984431,0.9001132,0.9017225,0.90328217,0.9048048,0.9063043,0.893795
2025-01-01 00:12:00,0.8984354,0.9001039,0.90171176,0.90327036,0.9047922,0.90629125,0.8937819
2025-01-01 00:13:00,0.8984278,0.90009457,0.90170103,0.90325844,0.90477955,0.9062782,0.89376885
2025-01-01 00:14:00,0.89842004,0.90008515,0.9016902,0.9032465,0.90476686,0.9062652,0.8937558
2025-01-01 00:15:00,0.8984123,0.90007573,0.90167934,0.9032346,0.90475416,0.9062521,0.8937427
2025-01-01 00:16:00,0.8984045,0.9000662,0.9016684,0.9032226,0.90474147,0.90623903,0.8937296
2025-01-01 00:17:00,0.8983966,0.9000567,0.9016575,0.90321064,0.9047288,0.906226,0.89371663
2025-01-01 00:18:00,0.8983887,0.9000472,0.9016466,0.90319866,0.9047161,0.90621287,0.8937035
2025-01-01 00:19:00,0.89838076,0.9000375,0.90163565,0.9031866,0.9047033,0.9061998,0.8936905
2025-01-01 00:20:00,0.89837277,0.90002793,0.9016246,0.9031746,0.90469056,0.90618676,0.8936775
2025-01-01 00:21:00,0.8983647,0.9000182,0.9016136,0.90316254,0.9046778,0.90617365,0.8936644
2025-01-01 00:22:00,0.8983566,0.9000085,0.9016025,0.9031504,0.90466505,0.9061606,0.8936514
2025-01-01 00:23:00,0.89834845,0.8999988,0.9015914,0.9031383,0.90465224,0.9061475,0.8936384
2025-01-01 00:24:00,0.8983403,0.89998895,0.90158033,0.9031262,0.9046395,0.90613437,0.8936254
2025-01-01 00:25:00,0.89833206,0.8999791,0.9015691,0.90311396,0.90462667,0.9061213,0.8936124
2025-01-01 00:26:00,0.8983238,0.8999693,0.901558,0.9031018,0.9046138,0.90610814,0.8935994
2025-01-01 00:27:00,0.8983155,0.8999594,0.9015468,0.90308964,0.904601,0.9060951,0.8935864
2025-01-01 00:28:00,0.89830714,0.89994943,0.9015355,0.90307736,0.9045881,0.906082,0.89357346
2025-01-01 00:29:00,0.89829874,0.8999394,0.90152425,0.90306515,0.9045753,0.90606886,0.8935604
2025-01-01 00:30:00,0.89413023,0.8959582,0.89942026,0.90115196,0.9014723,0.90350956,0.89137685
2025-01-01 00:31:00,0.89141774,0.8933668,0.8980487,0.89990413,0.8994508,0.90184146,0.889953
2025-01-01 00:32:00,0.8896516,0.8916789,0.8971532,0.89908874,0.89813226,0.90075254,0.889023
2025-01-01 00:33:00,0.8885006,0.8905782,0.8965671,0.8985544,0.89727074,0.9000402,0.88841397
2025-01-01 00:34:00,0.8877494,0.8898592,0.8961821,0.8982027,0.8967062,0.8995726,0.88801354
2025-01-01 00:35:00,0.88725805,0.88938826,0.8959279,0.8979698,0.8963348,0.89926404,0.8877488
2025-01-01 00:36:00,0.8869356,0.88907844,0.89575857,0.897814,0.8960888,0.8990589,0.8875722
2025-01-01 00:37:00,0.8867229,0.8888735,0.8956445,0.8977085,0.8959244,0.89892095,0.88745296
2025-01-01 00:38:00,0.8865816,0.8887367,0.8955663,0.89763546,0.8958129,0.8988267,0.8873708
2025-01-01 00:39:00,0.88648653,0.8886441,0.8955113,0.8975836,0.895736,0.89876086,0.887313
2025-01-01 00:40:00,0.88642174,0.88858026,0.8954716,0.89754564,0.8956814,0.8987135,0.887271
2025-01-01 00:41:00,0.8863764,0.8885351,0.8954417,0.89751655,0.8956414,0.89867806,0.88723904
2025-01-01 00:42:00,0.8863437,0.88850206,0.89541817,0.8974932,0.8956108,0.8986505,0.8872139
2025-01-01 00:43:00,0.88631934,0.8884769,0.8953988,0.89747363,0.8955864,0.898628,0.88719296
2025-01-01 00:44:00,0.8863003,0.8884569,0.8953821,0.8974565,0.895566,0.89860874,0.887175
2025-01-01 00:45:00,0.8862847,0.8884401,0.8953671,0.89744097,0.89554816,0.89859176,0.8871588
2025-01-01 00:46:00,0.88627136,0.88842547,0.8953532,0.89742655,0.895532,0.8985761,0.8871438
2025-01-01 00:47:00,0.8862595,0.88841224,0.8953401,0.8974127,0.89551693,0.8985613,0.8871296
2025-01-01 00:48:00,0.88624847,0.88839984,0.8953274,0.89739925,0.89550257,0.8985471,0.8871159
2025-01-01 00:49:00,0.8862381,0.88838804,0.895315,0.89738613,0.8954887,0.8985333,0.8871025
2025-01-01 00:50:00,0.886228,0.8883766,0.8953028,0.89737314,0.89547515,0.89851975,0.8870894
2025-01-01 00:51:00,0.8862182,0.8883653,0.8952907,0.89736027,0.89546174,0.8985064,0.8870764
2025-01-01 00:52:00,0.88620853,0.8883543,0.89527863,0.8973475,0.89544845,0.8984931,0.8870635
2025-01-01 00:53:00,0.88619894,0.8883433,0.89526653,0.89733475,0.8954352,0.89847994,0.8870507
2025-01-01 00:54:00,0.8861894,0.8883323,0.89525455,0.89732206,0.89542204,0.8984668,0.88703793
2025-01-01 00:55:00,0.8861798,0.8883214,0.8952426,0.8973093,0.89540887,0.8984537,0.8870252
2025-01-01 00:56:00,0.8861702,0.8883104,0.89523053,0.89729655,0.89539576,0.8984406,0.88701254
2025-01-01 00:57:00,0.8861606,0.8882994,0.89521855,0.89728385,0.8953827,0.89842755,0.8869999
2025-01-01 00:58:00,0.886151,0.88828844,0.8952065,0.89727116,0.89536965,0.8984145,0.88698727
2025-01-01 00:59:00,0.88614136,0.8882774,0.8951945,0.89725834,0.89535654,0.8984015,0.88697463
2025-01-01 01:00:00,0.88238794,0.88471913,0.8934763,0.89564085,0.8928383,0.89640325,0.88539153
2025-01-01 01:01:00,0.8799448,0.8824023,0.8923553,0.894585,0.8911969,0.8950998,0.8843581
2025-01-01 01:02:00,0.8783533,0.8808925,0.8916223,0.8938942,0.89012545,0.89424807,0.883682
2025-01-01 01:03:00,0.8773154,0.8799072,0.89114165,0.8934407,0.8894244,0.8936898,0.88323814
2025-01-01 01:04:00,0.8766373,0.8792628,0.890825,0.89314145,0.8889641,0.8933225,0.88294524
2025-01-01 01:05:00,0.87619305,0.87884,0.8906148,0.89294237,0.88866025,0.8930792,0.8827506
2025-01-01 01:06:00,0.87590075,0.8785613,0.8904739,0.89280856,0.8884582,0.8929165,0.8826196
2025-01-01 01:07:00,0.87570727,0.8783761,0.89037806,0.892717,0.88832235,0.8928062,0.8825301
2025-01-01 01:08:00,0.875578,0.87825185,0.8903115,0.89265305,0.8882294,0.89273,0.8824676
2025-01-01 01:09:00,0.8754905,0.87816703,0.89026386,0.8926069,0.88816446,0.8926759,0.88242257
2025-01-01 01:10:00,0.87543,0.87810796,0.89022857,0.8925724,0.8881176,0.89263624,0.882389
2025-01-01 01:11:00,0.87538713,0.8780655,0.89020133,0.89254546,0.88808256,0.8926059,0.8823629
2025-01-01 01:12:00,0.87535566,0.878034,0.89017934,0.89252347,0.8880552,0.89258164,0.88234156
2025-01-01 01:13:00,0.87533164,0.87800944,0.8901606,0.89250463,0.88803285,0.89256144,0.88232344
2025-01-01 01:14:00,0.87531245,0.87798953,0.89014417,0.8924878,0.8880138,0.89254373,0.88230735
2025-01-01 01:15:00,0.8752964,0.8779725,0.89012915,0.89247245,0.88799673,0.8925277,0.8822925
2025-01-01 01:16:00,0.87528235,0.87795734,0.890115,0.89245784,0.88798106,0.8925128,0.8822786
2025-01-01 01:17:00,0.87526953,0.8779435,0.8901015,0.89244384,0.8879662,0.8924986,0.88226527
2025-01-01 01:18:00,0.8752576,0.8779304,0.8900883,0.8924302,0.8879521,0.8924849,0.88225234
2025-01-01 01:19:00,0.8752461,0.8779178,0.8900754,0.8924168,0.88793826,0.8924715,0.88223964
2025-01-01 01:20:00,0.8752351,0.87790555,0.89006263,0.89240354,0.8879248,0.89245826,0.8822271
2025-01-01 01:21:00,0.87522423,0.8778935,0.89005,0.8923904,0.8879114,0.8924452,0.8822147
2025-01-01 01:22:00,0.87521344,0.8778815,0.8900373,0.89237726,0.8878981,0.8924322,0.88220245
2025-01-01 01:23:00,0.8752027,0.87786967,0.89002466,0.8923642,0.8878848,0.8924192,0.88219017
2025-01-01 01:24:00,0.87519205,0.8778578,0.890012,0.8923511,0.8878717,0.8924064,0.882178
2025-01-01 01:25:00,0.8751814,0.87784606,0.88999945,0.89233804,0.88785857,0.8923935,0.8821658
2025-01-01 01:26:00,0.8751707,0.8778342,0.8899869,0.89232504,0.8878454,0.8923808,0.8821537
2025-01-01 01:27:00,0.87516004,0.8778224,0.8899743,0.892312,0.8878323,0.892368,0.8821416
2025-01-01 01:28:00,0.8751493,0.8778106,0.88996166,0.89229894,0.88781923,0.89235526,0.88212955
2025-01-01 01:29:00,0.8751386,0.8777988,0.8899491,0.89228594,0.8878061,0.8923425,0.8821175
2025-01-01 01:30:00,0.8718668,0.8747266,0.88864726,0.89099294,0.8859175,0.8909409,0.881163
2025-01-01 01:31:00,0.8697365,0.87272555,0.8877967,0.8901479,0.8846853,0.89002544,0.8805384
2025-01-01 01:32:00,0.8683479,0.8714207,0.8872394,0.8895941,0.8838798,0.88942593,0.88012815
2025-01-01 01:33:00,0.86744153,0.8705683,0.88687265,0.8892294,0.8833516,0.8890318,0.8798574
2025-01-01 01:34:00,0.8668485,0.8700101,0.8866299,0.88898796,0.8830037,0.88877124,0.87967724
2025-01-01 01:35:00,0.86645925,0.86964303,0.8864676,0.8888264,0.88277304,0.8885974,0.87955594
2025-01-01 01:36:00,0.86620235,0.8694002,0.8863576,0.88871676,0.8826186,0.88848007,0.87947303
2025-01-01 01:37:00,0.8660315,0.86923814,0.8862817,0.88864094,0.8825136,0.88839936,0.879415
2025-01-01 01:38:00,0.86591667,0.8691286,0.8862279,0.88858706,0.8824408,0.8883425,0.87937313
2025-01-01 01:39:00,0.8658381,0.86905307,0.8861884,0.8885474,0.8823889,0.8883011,0.8793418
2025-01-01 01:40:00,0.8657831,0.86899984,0.8861583,0.88851714,0.8823506,0.8882698,0.8793173
2025-01-01 01:41:00,0.86574346,0.8689609,0.88613427,0.8884929,0.88232124,0.88824505,0.8792973
2025-01-01 01:42:00,0.8657138,0.86893135,0.88611406,0.88847244,0.8822976,0.88822466,0.87928027
2025-01-01 01:43:00,0.8656906,0.86890787,0.88609654,0.8884547,0.8822776,0.888207,0.87926507
2025-01-01 01:44:00,0.8656715,0.8688883,0.88608056,0.88843846,0.88226,0.88819116,0.8792512
2025-01-01 01:45:00,0.86565524,0.86887133,0.8860657,0.8884233,0.88224417,0.8881765,0.87923807
2025-01-01 01:46:00,0.86564064,0.868856,0.8860516,0.88840896,0.88222927,0.8881626,0.87922543
2025-01-01 01:47:00,0.86562717,0.8688417,0.8860378,0.88839495,0.882215,0.88814926,0.8792132
2025-01-01 01:48:00,0.86561453,0.8688282,0.8860245,0.88838136,0.8822013,0.8881362,0.87920123
2025-01-01 01:49:00,0.8656023,0.86881506,0.88601124,0.8883679,0.88218784,0.88812333,0.87918943
2025-01-01 01:50:00,0.86559033,0.8688022,0.8859981,0.88835454,0.8821745,0.88811076,0.87917775
2025-01-01 01:51:00,0.8655785,0.8687895,0.885985,0.8883413,0.8821614,0.8880981,0.8791661
2025-01-01 01:52:00,0.86556685,0.8687769,0.88597196,0.8883281,0.8821483,0.88808566,0.8791546
2025-01-01 01:53:00,0.86555517,0.86876434,0.88595897,0.8883149,0.88213533,0.88807327,0.8791432
2025-01-01 01:54:00,0.8655436,0.8687519,0.885946,0.88830173,0.8821224,0.88806087,0.87913173
2025-01-01 01:55:00,0.86553204,0.8687394,0.88593304,0.8882887,0.88210946,0.8880485,0.8791204
2025-01-01 01:56:00,0.8655205,0.8687269,0.8859201,0.8882755,0.8820965,0.8880363,0.879109
2025-01-01 01:57:00,0.8655089,0.8687145,0.8859072,0.88826245,0.8820836,0.888024,0.8790977
2025-01-01 01:58:00,0.8654973,0.86870205,0.8858942,0.88824934,0.8820708,0.88801175,0.87908643
2025-01-01 01:59:00,0.86548567,0.86868954,0.8858812,0.8882362,0.88205796,0.88799953,0.8790752
2025-01-01 02:00:00,0.8627548,0.8661591,0.88501924,0.88729095,0.8808329,0.88721997,0.8787666
2025-01-01 02:01:00,0.8609756,0.8645098,0.8844544,0.88667196,0.8800322,0.886709,0.8785621
2025-01-01 02:02:00,0.85981506,0.86343354,0.8840828,0.88626504,0.8795072,0.8863726,0.8784253
2025-01-01 02:03:00,0.85905653,0.8627295,0.8838367,0.8859959,0.8791615,0.88614964,0.8783325
2025-01-01 02:04:00,0.8585594,0.86226743,0.8836721,0.8858164,0.87893224,0.8860006,0.8782683
2025-01-01 02:05:00,0.8582322,0.8619627,0.8835606,0.8856952,0.8787788,0.8858994,0.8782227
2025-01-01 02:06:00,0.8580153,0.8617602,0.8834836,0.8856118,0.8786746,0.88582945,0.8781892
2025-01-01 02:07:00,0.85787016,0.8616241,0.88342893,0.885553,0.87860245,0.8857798,0.87816364
2025-01-01 02:08:00,0.85777164,0.8615313,0.8833888,0.88551027,0.878551,0.8857433,0.87814313
2025-01-01 02:09:00,0.85770345,0.8614665,0.88335824,0.8854779,0.8785132,0.8857154,0.8781261
2025-01-01 02:10:00,0.8576549,0.8614199,0.8833337,0.8854522,0.8784842,0.88569313,0.8781112
2025-01-01 02:11:00,0.8576192,0.8613852,0.8833132,0.885431,0.8784609,0.88567436,0.8780976
2025-01-01 02:12:00,0.85759187,0.8613582,0.88329536,0.8854127,0.8784414,0.8856581,0.87808514
2025-01-01 02:13:00,0.8575699,0.86133623,0.88327914,0.8853961,0.8784242,0.88564336,0.87807316
2025-01-01 02:14:00,0.8575513,0.8613175,0.88326406,0.88538086,0.8784086,0.8856296,0.87806165
2025-01-01 02:15:00,0.85753506,0.8613009,0.8832497,0.88536644,0.87839407,0.88561654,0.8780504
2025-01-01 02:16:00,0.8575202,0.8612855,0.8832357,0.88535243,0.87838024,0.8856039,0.8780394
2025-01-01 02:17:00,0.8575064,0.86127114,0.8832221,0.8853388,0.8783668,0.88559157,0.8780285
2025-01-01 02:18:00,0.85749316,0.86125726,0.88320863,0.8853253,0.8783537,0.88557947,0.8780177
2025-01-01 02:19:00,0.8574803,0.8612438,0.8831953,0.885312,0.8783408,0.8855674,0.87800705
2025-01-01 02:20:00,0.85746765,0.86123055,0.88318205,0.88529885,0.878328,0.88555557,0.8779964
2025-01-01 02:21:00,0.8574552,0.8612174,0.8831688,0.8852857,0.8783153,0.8855438,0.8779858
2025-01-01 02:22:00,0.85744286,0.8612044,0.88315564,0.8852726,0.8783027,0.8855321,0.8779753
2025-01-01 02:23:00,0.8574306,0.86119145,0.88314253,0.8852596,0.8782902,0.8855203,0.87796474
2025-01-01 02:24:00,0.85741824,0.8611786,0.8831294,0.8852466,0.8782776,0.88550866,0.8779543
2025-01-01 02:25:00,0.85740596,0.86116564,0.8831163,0.88523364,0.8782651,0.88549703,0.8779439
2025-01-01 02:26:00,0.8573937,0.86115277,0.8831032,0.88522065,0.8782526,0.8854855,0.8779335
2025-01-01 02:27:00,0.85738134,0.86113983,0.8830901,0.8852077,0.8782402,0.8854739,0.87792313
2025-01-01 02:28:00,0.85736907,0.86112696,0.88307697,0.8851948,0.87822783,0.88546234,0.8779128
2025-01-01 02:29:00,0.8573568,0.8611141,0.8830639,0.88518184,0.87821543,0.88545084,0.87790257
2025-01-01 02:30:00,0.8552151,0.8591699,0.882657,0.88460106,0.8776756,0.88530684,0.8782451
2025-01-01 02:31:00,0.85381866,0.8579017,0.882388,0.88421917,0.87732035,0.8852092,0.87846416
2025-01-01 02:32:00,0.85290664,0.85707283,0.8822085,0.8839663,0.87708527,0.88514185,0.8786031
2025-01-01 02:33:00,0.8523094,0.85652953,0.8820873,0.88379747,0.8769281,0.88509405,0.8786898
2025-01-01 02:34:00,0.8519169,0.85617185,0.88200384,0.88368326,0.87682164,0.885059,0.8787427
2025-01-01 02:35:00,0.85165745,0.8559348,0.8819451,0.8836045,0.8767481,0.8850323,0.8787736
2025-01-01 02:36:00,0.8514844,0.8557762,0.8819023,0.8835488,0.8766961,0.88501096,0.87879014
2025-01-01 02:37:00,0.85136753,0.8556686,0.88186985,0.8835081,0.87665796,0.88499314,0.8787974
2025-01-01 02:38:00,0.8512871,0.85559404,0.88184416,0.88347715,0.87662894,0.8849777,0.8787988
2025-01-01 02:39:00,0.85123056,0.8555411,0.88182294,0.8834526,0.8766058,0.88496375,0.8787962
2025-01-01 02:40:00,0.8511894,0.8555021,0.8818045,0.88343215,0.87658656,0.8849507,0.878791
2025-01-01 02:41:00,0.8511582,0.8554722,0.88178796,0.8834143,0.87656975,0.8849384,0.8787843
2025-01-01 02:42:00,0.8511336,0.85544825,0.88177264,0.8833983,0.87655467,0.88492656,0.8787765
2025-01-01 02:43:00,0.85111314,0.8554281,0.88175815,0.88338345,0.87654054,0.88491493,0.878768
2025-01-01 02:44:00,0.8510954,0.8554104,0.8817441,0.88336927,0.8765272,0.8849036,0.87875915
2025-01-01 02:45:00,0.85107946,0.8553943,0.88173044,0.8833556,0.8765143,0.8848923,0.87874997
2025-01-01 02:46:00,0.85106474,0.85537934,0.8817169,0.88334227,0.87650174,0.88488114,0.8787407
2025-01-01 02:47:00,0.8510508,0.85536504,0.88170356,0.88332915,0.87648934,0.8848701,0.8787313
2025-01-01 02:48:00,0.8510372,0.85535115,0.88169026,0.8833162,0.87647706,0.8848591,0.8787219
2025-01-01 02:49:00,0.851024,0.85533756,0.8816771,0.88330334,0.87646496,0.8848481,0.8787125
2025-01-01 02:50:00,0.85101086,0.85532415,0.881664,0.88329047,0.87645286,0.88483727,0.87870306
2025-01-01 02:51:00,0.8509979,0.85531086,0.88165087,0.8832778,0.8764409,0.88482636,0.87869364
2025-01-01 02:52:00,0.85098505,0.8552976,0.88163775,0.883265,0.8764289,0.8848156,0.8786842
2025-01-01 02:53:00,0.85097224,0.85528445,0.88162476,0.8832524,0.876417,0.8848048,0.87867486
2025-01-01 02:54:00,0.8509594,0.85527134,0.8816117,0.88323975,0.8764051,0.884794,0.8786655
2025-01-01 02:55:00,0.8509466,0.85525817,0.88159865,0.8832271,0.87639326,0.8847833,0.8786562
2025-01-01 02:56:00,0.85093385,0.8552451,0.88158566,0.8832145,0.87638146,0.88477266,0.87864697
2025-01-01 02:57:00,0.85092115,0.85523206,0.8815726,0.8832019,0.8763697,0.8847619,0.87863773
2025-01-01 02:58:00,0.85090834,0.85521895,0.88155955,0.8831893,0.8763579,0.8847513,0.8786286
2025-01-01 02:59:00,0.8508956,0.85520583,0.88154656,0.88317674,0.8763462,0.88474077,0.8786195
2025-01-01 03:00:00,0.8493812,0.8538828,0.88160205,0.88297087,0.87650126,0.885235,0.8796072
2025-01-01 03:01:00,0.8483923,0.85301816,0.8816336,0.88283265,0.876598,0.8855526,0.88024604
2025-01-01 03:02:00,0.84774506,0.8524516,0.8816495,0.8827384,0.8766569,0.88575536,0.8806582
2025-01-01 03:03:00,0.8473199,0.8520788,0.88165534,0.88267285,0.8766911,0.88588357,0.88092303
2025-01-01 03:04:00,0.84703904,0.8518318,0.88165456,0.8826258,0.87670916,0.88596326,0.881092
2025-01-01 03:05:00,0.8468519,0.85166675,0.88164955,0.88259095,0.8767169,0.8860114,0.88119876
2025-01-01 03:06:00,0.8467258,0.8515548,0.8816418,0.88256395,0.876718,0.88603914,0.8812651
2025-01-01 03:07:00,0.8466393,0.8514775,0.88163215,0.882542,0.8767146,0.88605356,0.88130516
2025-01-01 03:08:00,0.84657854,0.85142267,0.8816214,0.8825235,0.87670845,0.88605934,0.88132817
2025-01-01 03:09:00,0.84653455,0.85138243,0.8816099,0.8825071,0.8767004,0.8860596,0.8813401
2025-01-01 03:10:00,0.8465014,0.8513517,0.8815979,0.8824921,0.8766912,0.8860562,0.88134485
2025-01-01 03:11:00,0.84647536,0.85132706,0.8815856,0.8824781,0.87668127,0.8860504,0.881345
2025-01-01 03:12:00,0.84645385,0.8513065,0.8815731,0.88246465,0.87667084,0.88604313,0.88134205
2025-01-01 03:13:00,0.84643537,0.85128856,0.88156044,0.8824516,0.87666005,0.88603497,0.8813372
2025-01-01 03:14:00,0.8464188,0.85127234,0.88154775,0.88243884,0.87664914,0.8860261,0.8813311
2025-01-01 03:15:00,0.84640354,0.85125715,0.88153493,0.88242626,0.87663805,0.88601685,0.88132423
2025-01-01 03:16:00,0.84638906,0.8512428,0.8815222,0.88241386,0.87662697,0.88600737,0.88131684
2025-01-01 03:17:00,0.8463751,0.8512288,0.8815094,0.8824015,0.8766158,0.8859978,0.8813091
2025-01-01 03:18:00,0.8463614,0.8512151,0.88149655,0.88238925,0.8766047,0.8859881,0.8813012
2025-01-01 03:19:00,0.84634805,0.85120165,0.88148373,0.882377,0.87659353,0.88597834,0.88129324
2025-01-01 03:20:00,0.84633476,0.85118836,0.8814709,0.8823648,0.8765824,0.88596857,0.8812852
2025-01-01 03:21:00,0.8463216,0.85117507,0.8814581,0.88235265,0.87657124,0.88595885,0.88127714
2025-01-01 03:22:00,0.8463084,0.85116184,0.88144535,0.88234055,0.87656015,0.88594913,0.88126904
2025-01-01 03:23:00,0.84629536,0.8511487,0.88143253,0.88232845,0.87654907,0.8859394,0.881261
2025-01-01 03:24:00,0.84628224,0.85113555,0.8814198,0.88231635,0.87653804,0.8859297,0.881253
2025-01-01 03:25:00,0.8462692,0.8511225,0.881407,0.8823043,0.8765271,0.88592005,0.88124496
2025-01-01 03:26:00,0.8462562,0.8511094,0.88139427,0.8822922,0.87651604,0.88591045,0.88123703
2025-01-01 03:27:00,0.84624314,0.85109633,0.8813816,0.88228023,0.87650514,0.8859009,0.88122916
2025-01-01 03:28:00,0.8462301,0.8510833,0.8813689,0.88226825,0.87649417,0.8858914,0.88122123
2025-01-01 03:29:00,0.846217,0.85107017,0.8813561,0.88225627,0.8764833,0.8858819,0.8812134
2025-01-01 03:30:00,0.84535706,0.8503918,0.8818731,0.8824289,0.8773306,0.8870055,0.88282865
2025-01-01 03:31:00,0.84479356,0.8499464,0.8822046,0.882537,0.8778776,0.8877326,0.88387585
2025-01-01 03:32:00,0.8444227,0.8496522,0.8824157,0.88260305,0.8782293,0.888202,0.88455385
2025-01-01 03:33:00,0.84417707,0.8494565,0.8825485,0.8826419,0.87845427,0.8885039,0.88499194
2025-01-01 03:34:00,0.8440128,0.84932464,0.8826304,0.882663,0.8785967,0.88869685,0.885274
2025-01-01 03:35:00,0.8439014,0.8492344,0.8826792,0.8826726,0.8786856,0.8888191,0.8854548
2025-01-01 03:36:00,0.84382445,0.8491712,0.88270664,0.8826747,0.87873966,0.88889533,0.8855697
2025-01-01 03:37:00,0.8437699,0.84912556,0.88272005,0.882672,0.8787711,0.8889417,0.8856418
2025-01-01 03:38:00,0.8437298,0.84909135,0.88272434,0.8826662,0.8787878,0.8889687,0.88568616
2025-01-01 03:39:00,0.84369916,0.8490646,0.88272274,0.88265824,0.878795,0.8889831,0.8857124
2025-01-01 03:40:00,0.8436747,0.84904265,0.88271743,0.88264906,0.8787961,0.88898927,0.8857269
2025-01-01 03:41:00,0.8436541,0.84902376,0.8827095,0.882639,0.8787931,0.88899016,0.88573384
2025-01-01 03:42:00,0.8436362,0.84900707,0.8827,0.8826284,0.8787876,0.8889876,0.88573587
2025-01-01 03:43:00,0.84362,0.84899163,0.88268954,0.88261753,0.8787803,0.8889829,0.88573474
2025-01-01 03:44:00,0.8436049,0.848977,0.88267833,0.8826063,0.878772,0.88897675,0.8857315
2025-01-01 03:45:00,0.84359044,0.8489631,0.8826667,0.88259506,0.87876296,0.8889697,0.885727
2025-01-01 03:46:00,0.84357643,0.84894943,0.8826548,0.8825837,0.87875354,0.88896203,0.8857216
2025-01-01 03:47:00,0.8435628,0.8489361,0.88264275,0.8825723,0.8787438,0.8889541,0.8857157
2025-01-01 03:48:00,0.8435494,0.84892285,0.88263065,0.8825609,0.87873393,0.8889458,0.8857095
2025-01-01 03:49:00,0.843536,0.84890974,0.88261837,0.8825495,0.878724,0.8889375,0.8857031
2025-01-01 03:50:00,0.8435227,0.8488967,0.88260615,0.88253814,0.87871397,0.8889291,0.88569653
2025-01-01 03:51:00,0.8435095,0.84888375,0.8825939,0.88252676,0.87870395,0.88892066,0.8856899
2025-01-01 03:52:00,0.8434963,0.84887075,0.88258165,0.8825154,0.87869394,0.8889122,0.88568336
2025-01-01 03:53:00,0.84348315,0.8488579,0.8825694,0.88250405,0.8786839,0.88890374,0.8856767
2025-01-01 03:54:00,0.84347004,0.848845,0.8825571,0.8824928,0.8786739,0.88889533,0.8856701
2025-01-01 03:55:00,0.843457,0.84883213,0.8825449,0.88248146,0.87866396,0.8888869,0.8856636
2025-01-01 03:56:00,0.8434438,0.84881926,0.88253266,0.88247025,0.87865394,0.8888786,0.8856571
2025-01-01 03:57:00,0.84343076,0.84880644,0.88252044,0.88245904,0.87864405,0.8888703,0.88565063
2025-01-01 03:58:00,0.84341764,0.8487936,0.8825082,0.88244784,0.8786342,0.888862,0.8856442
2025-01-01 03:59:00,0.84340453,0.8487808,0.8824961,0.8824367,0.8786244,0.8888538,0.8856378
2025-01-01 04:00:00,0.8432143,0.84875923,0.88346505,0.88298476,0.8801486,0.8905868,0.88785166
2025-01-01 04:01:00,0.843086,0.8487407,0.88409066,0.88333714,0.88113594,0.8917104,0.8892884
2025-01-01 04:02:00,0.842998,0.84872425,0.8844931,0.8835623,0.88177425,0.89243793,0.8902202
2025-01-01 04:03:00,0.8429363,0.84870905,0.8847505,0.8837049,0.8821859,0.89290804,0.8908237
2025-01-01 04:04:00,0.8428916,0.84869474,0.88491356,0.8837937,0.8824501,0.8932109,0.8912139
2025-01-01 04:05:00,0.84285796,0.84868103,0.88501537,0.8838476,0.8826185,0.89340496,0.8914654
2025-01-01 04:06:00,0.84283155,0.8486676,0.8850773,0.8838788,0.8827246,0.89352834,0.89162683
2025-01-01 04:07:00,0.8428098,0.8486545,0.8851135,0.88389534,0.88279027,0.8936058,0.8917297
2025-01-01 04:08:00,0.8427911,0.8486415,0.8851328,0.8839023,0.88282967,0.8936535,0.8917945
2025-01-01 04:09:00,0.84277433,0.84862864,0.88514113,0.883903,0.88285196,0.8936818,0.8918346
2025-01-01 04:10:00,0.8427589,0.8486158,0.8851425,0.88389975,0.8828633,0.8936975,0.8918587
2025-01-01 04:11:00,0.8427443,0.8486031,0.8851392,0.88389385,0.88286734,0.89370507,0.89187235
2025-01-01 04:12:00,0.8427303,0.84859043,0.88513285,0.8838863,0.8828667,0.89370733,0.8918793
2025-01-01 04:13:00,0.8427165,0.8485778,0.8851247,0.8838777,0.88286304,0.8937062,0.8918818
2025-01-01 04:14:00,0.8427031,0.84856516,0.88511527,0.88386834,0.8828575,0.8937028,0.8918815
2025-01-01 04:15:00,0.84268975,0.8485526,0.88510495,0.8838585,0.8828507,0.8936981,0.89187944
2025-01-01 04:16:00,0.8426766,0.84854,0.88509417,0.8838485,0.8828431,0.8936924,0.89187616
2025-01-01 04:17:00,0.84266347,0.8485275,0.88508314,0.88383824,0.882835,0.8936861,0.8918722
2025-01-01 04:18:00,0.8426504,0.8485149,0.8850718,0.8838279,0.88282657,0.89367956,0.89186776
2025-01-01 04:19:00,0.8426373,0.8485024,0.8850604,0.8838176,0.8828179,0.8936727,0.891863
2025-01-01 04:20:00,0.8426243,0.8484898,0.8850489,0.8838072,0.8828092,0.8936658,0.8918581
2025-01-01 04:21:00,0.8426113,0.84847736,0.8850374,0.8837968,0.88280046,0.8936588,0.8918531
2025-01-01 04:22:00,0.8425984,0.8484649,0.88502586,0.8837865,0.88279164,0.8936518,0.8918481
2025-01-01 04:23:00,0.84258544,0.84845245,0.8850143,0.88377607,0.8827828,0.89364475,0.891843
2025-01-01 04:24:00,0.8425725,0.84844,0.8850028,0.88376576,0.88277406,0.8936377,0.891838
2025-01-01 04:25:00,0.8425595,0.8484276,0.8849913,0.88375545,0.88276535,0.89363074,0.891833
2025-01-01 04:26:00,0.8425465,0.8484152,0.8849797,0.8837452,0.8827566,0.89362377,0.89182806
2025-01-01 04:27:00,0.84253365,0.8484028,0.8849683,0.88373494,0.8827479,0.89361686,0.8918231
2025-01-01 04:28:00,0.8425207,0.84839046,0.88495684,0.88372475,0.88273925,0.89361,0.8918182
2025-01-01 04:29:00,0.84250784,0.8483781,0.8849454,0.88371456,0.8827306,0.8936032,0.8918134
2025-01-01 04:30:00,0.84299064,0.8490137,0.8863492,0.88462836,0.8849046,0.8959146,0.8945864
2025-01-01 04:31:00,0.8433,0.8494225,0.88725775,0.8852188,0.8863148,0.8974147,0.89638716
2025-01-01 04:32:00,0.8434965,0.84968394,0.88784426,0.885599,0.8872285,0.89838743,0.8975561
2025-01-01 04:33:00,0.8436198,0.8498496,0.8882216,0.8858428,0.8878194,0.89901745,0.89831436
2025-01-01 04:34:00,0.84369546,0.849953,0.88846296,0.8859977,0.8882007,0.89942473,0.8988056
2025-01-01 04:35:00,0.84374017,0.8500159,0.8886159,0.8860949,0.88844556,0.8996872,0.8991235
2025-01-01 04:36:00,0.8437647,0.8500526,0.88871145,0.8861547,0.8886018,0.89985555,0.89932853
2025-01-01 04:37:00,0.84377617,0.85007215,0.8887696,0.8861901,0.88870054,0.8999628,0.89946026
2025-01-01 04:38:00,0.8437792,0.8500806,0.88880354,0.8862098,0.8887619,0.90003026,0.8995444
2025-01-01 04:39:00,0.84377664,0.8500819,0.8888218,0.8862191,0.8887989,0.900072,0.89959764
2025-01-01 04:40:00,0.84377056,0.8500785,0.8888297,0.88622177,0.8888201,0.9000969,0.89963084
2025-01-01 04:41:00,0.84376216,0.85007215,0.8888311,0.88622016,0.8888312,0.90011096,0.899651
2025-01-01 04:42:00,0.84375215,0.85006374,0.8888281,0.8862157,0.88883555,0.90011793,0.8996626
2025-01-01 04:43:00,0.84374124,0.8500541,0.88882226,0.8862094,0.8888356,0.90012044,0.8996688
2025-01-01 04:44:00,0.8437297,0.8500436,0.8888147,0.8862021,0.88883287,0.9001199,0.8996715
2025-01-01 04:45:00,0.84371775,0.8500326,0.888806,0.886194,0.8888284,0.9001175,0.89967185
2025-01-01 04:46:00,0.84370553,0.8500213,0.88879645,0.8861854,0.88882273,0.90011394,0.8996708
2025-01-01 04:47:00,0.8436932,0.85000974,0.88878655,0.8861765,0.88881636,0.9001095,0.89966875
2025-01-01 04:48:00,0.8436807,0.8499981,0.8887763,0.8861675,0.88880956,0.90010464,0.89966613
2025-01-01 04:49:00,0.8436681,0.8499864,0.8887659,0.88615835,0.88880247,0.90009946,0.89966315
2025-01-01 04:50:00,0.8436556,0.84997463,0.8887554,0.88614917,0.8887952,0.9000941,0.89965993
2025-01-01 04:51:00,0.84364307,0.84996283,0.88874483,0.88614,0.8887878,0.9000887,0.89965665
2025-01-01 04:52:00,0.8436305,0.849951,0.8887342,0.88613075,0.8887804,0.90008324,0.8996533
2025-01-01 04:53:00,0.84361786,0.8499393,0.8887236,0.8861216,0.88877296,0.9000777,0.8996499
2025-01-01 04:54:00,0.8436053,0.8499275,0.888713,0.88611233,0.8887656,0.9000722,0.8996465
2025-01-01 04:55:00,0.8435927,0.84991574,0.8887024,0.8861032,0.8887582,0.9000668,0.8996431
2025-01-01 04:56:00,0.8435802,0.849904,0.8886918,0.8860941,0.8887508,0.9000613,0.89963984
2025-01-01 04:57:00,0.84356767,0.84989226,0.88868123,0.886085,0.88874346,0.9000559,0.89963657
2025-01-01 04:58:00,0.84355515,0.8498806,0.88867074,0.886076,0.8887361,0.9000506,0.8996333
2025-01-01 04:59:00,0.8435426,0.84986895,0.88866025,0.886067,0.88872886,0.9000453,0.89963007
2025-01-01 05:00:00,0.84469,0.8511505,0.89047396,0.8873302,0.89151424,0.90289414,0.9029131
2025-01-01 05:01:00,0.8454316,0.85197955,0.89164925,0.8881481,0.8933222,0.9047441,0.905046
2025-01-01 05:02:00,0.8459093,0.8525144,0.8924096,0.8886768,0.894495,0.90594476,0.9064314
2025-01-01 05:03:00,0.8462154,0.85285795,0.8929002,0.8890173,0.8952548,0.9067235,0.9073309
2025-01-01 05:04:00,0.84641004,0.85307723,0.89321554,0.8892356,0.89574623,0.90722793,0.9079145
2025-01-01 05:05:00,0.8465322,0.8532158,0.89341694,0.88937455,0.89606327,0.90755415,0.90829295
2025-01-01 05:06:00,0.8466073,0.8533018,0.89354426,0.88946176,0.89626706,0.90776443,0.908538
2025-01-01 05:07:00,0.84665185,0.8533538,0.8936235,0.88951546,0.8963971,0.90789944,0.90869635
2025-01-01 05:08:00,0.84667647,0.8533836,0.89367145,0.8895474,0.89647925,0.90798557,0.9087984
2025-01-01 05:09:00,0.8466882,0.8533989,0.8936991,0.88956517,0.89653033,0.9080399,0.90886384
2025-01-01 05:10:00,0.8466915,0.853405,0.8937136,0.88957375,0.8965612,0.90807366,0.9089055
2025-01-01 05:11:00,0.8466893,0.853405,0.8937195,0.88957644,0.89657897,0.908094,0.9089317
2025-01-01 05:12:00,0.8466837,0.85340106,0.89371985,0.8895752,0.8965882,0.9081056,0.90894794
2025-01-01 05:13:00,0.84667575,0.85339457,0.89371663,0.8895715,0.89659196,0.9081116,0.90895766
2025-01-01 05:14:00,0.84666634,0.8533864,0.89371103,0.8895662,0.89659214,0.90811396,0.9089632
2025-01-01 05:15:00,0.8466559,0.8533772,0.89370406,0.8895599,0.89659005,0.90811396,0.908966
2025-01-01 05:16:00,0.84664494,0.8533674,0.893696,0.88955295,0.8965865,0.90811247,0.90896714
2025-01-01 05:17:00,0.8466335,0.8533571,0.89368737,0.88954556,0.89658195,0.90811,0.9089671
2025-01-01 05:18:00,0.8466219,0.85334647,0.89367837,0.88953793,0.8965768,0.908107,0.90896636
2025-01-01 05:19:00,0.8466101,0.85333574,0.8936692,0.8895302,0.89657134,0.90810347,0.9089652
2025-01-01 05:20:00,0.84659827,0.8533249,0.8936598,0.8895223,0.89656556,0.90809983,0.9089638
2025-01-01 05:21:00,0.8465863,0.85331404,0.8936503,0.88951445,0.8965598,0.9080961,0.90896225
2025-01-01 05:22:00,0.8465743,0.8533032,0.8936408,0.8895066,0.8965539,0.90809226,0.9089606
2025-01-01 05:23:00,0.8465623,0.8532923,0.8936313,0.88949865,0.8965479,0.9080884,0.9089589
2025-01-01 05:24:00,0.8465504,0.8532814,0.8936218,0.88949084,0.896542,0.90808445,0.90895724
2025-01-01 05:25:00,0.8465384,0.85327053,0.8936124,0.889483,0.8965361,0.9080806,0.9089556
2025-01-01 05:26:00,0.8465265,0.8532596,0.89360285,0.88947517,0.8965302,0.9080768,0.90895396
2025-01-01 05:27:00,0.8465145,0.8532488,0.89359343,0.8894674,0.8965243,0.908073,0.9089523
2025-01-01 05:28:00,0.84650266,0.853238,0.8935841,0.88945967,0.8965185,0.90806925,0.90895075
2025-01-01 05:29:00,0.84649074,0.8532272,0.89357466,0.889452,0.8965128,0.9080656,0.90894926
2025-01-01 05:30:00,0.84828216,0.8551316,0.8957656,0.8910419,0.89985913,0.91140056,0.912683
2025-01-01 05:31:00,0.8494425,0.85636574,0.89718646,0.8920727,0.90203226,0.91356707,0.91510946
2025-01-01 05:32:00,0.85019255,0.8571642,0.8981068,0.89274013,0.90344286,0.9149741,0.91668624
2025-01-01 05:33:00,0.85067594,0.8576795,0.8987019,0.89317137,0.9043578,0.9158874,0.9177107
2025-01-01 05:34:00,0.850986,0.85801077,0.89908546,0.89344907,0.9049507,0.91647995,0.91837627
2025-01-01 05:35:00,0.85118353,0.8582224,0.8993317,0.8936271,0.9053342,0.916864,0.9188085
2025-01-01 05:36:00,0.8513078,0.8583563,0.89948857,0.89374024,0.9055816,0.91711247,0.9190891
2025-01-01 05:37:00,0.8513846,0.8584396,0.8995874,0.8938112,0.90574056,0.9172729,0.9192711
2025-01-01 05:38:00,0.85143036,0.8584902,0.8996485,0.89385486,0.90584207,0.9173761,0.9193892
2025-01-01 05:39:00,0.8514561,0.8585195,0.89968514,0.8938808,0.9059063,0.91744214,0.9194656
2025-01-01 05:40:00,0.85146874,0.8585349,0.8997058,0.89389515,0.90594625,0.917484,0.919515
2025-01-01 05:41:00,0.851473,0.85854125,0.89971626,0.89390206,0.9059704,0.91751015,0.91954684
2025-01-01 05:42:00,0.85147166,0.85854185,0.89971995,0.89390403,0.9059844,0.91752625,0.91956735
2025-01-01 05:43:00,0.85146683,0.8585386,0.8997193,0.8939029,0.9059918,0.91753566,0.91958046
2025-01-01 05:44:00,0.8514597,0.85853297,0.8997159,0.8938998,0.90599483,0.9175408,0.91958874
2025-01-01 05:45:00,0.851451,0.8585257,0.8997106,0.8938954,0.90599513,0.9175432,0.919594
2025-01-01 05:46:00,0.8514414,0.85851747,0.89970416,0.89389014,0.9059937,0.9175438,0.91959727
2025-01-01 05:47:00,0.8514312,0.8585086,0.89969707,0.8938844,0.9059911,0.91754335,0.91959924
2025-01-01 05:48:00,0.8514206,0.8584993,0.89968944,0.89387834,0.90598774,0.91754216,0.9196004
2025-01-01 05:49:00,0.85140973,0.85848975,0.8996815,0.893872,0.905984,0.91754055,0.91960114
2025-01-01 05:50:00,0.8513987,0.85848004,0.89967346,0.8938657,0.90597993,0.9175386,0.9196015
2025-01-01 05:51:00,0.8513876,0.8584702,0.89966524,0.8938592,0.9059757,0.91753656,0.9196016
2025-01-01 05:52:00,0.85137653,0.85846037,0.899657,0.8938528,0.9059714,0.9175344,0.91960174
2025-01-01 05:53:00,0.8513653,0.85845053,0.8996488,0.89384633,0.9059671,0.9175322,0.9196018
2025-01-01 05:54:00,0.8513542,0.8584407,0.89964056,0.89383996,0.90596277,0.91753006,0.91960186
2025-01-01 05:55:00,0.85134304,0.8584309,0.89963233,0.8938336,0.9059584,0.91752785,0.91960186
2025-01-01 05:56:00,0.85133195,0.8584211,0.89962417,0.8938272,0.9059542,0.91752577,0.919602
2025-01-01 05:57:00,0.8513208,0.8584113,0.89961594,0.8938209,0.9059499,0.9175236,0.91960216
2025-01-01 05:58:00,0.8513097,0.85840154,0.89960784,0.8938146,0.90594566,0.91752154,0.9196023
2025-01-01 05:59:00,0.85129863,0.8583919,0.8995998,0.8938084,0.9059415,0.91751957,0.9196025
2025-01-01 06:00:00,0.8537021,0.8608852,0.90212893,0.8956967,0.9097894,0.9212813,0.9237207
2025-01-01 06:01:00,0.8552605,0.8625026,0.90377015,0.896922,0.9122891,0.9237257,0.92639774
2025-01-01 06:02:00,0.85626966,0.86355054,0.9048342,0.8977163,0.9139126,0.925314,0.9281379
2025-01-01 06:03:00,0.85692173,0.86422837,0.90552306,0.89823055,0.9149665,0.9263458,0.9292692
2025-01-01 06:04:00,0.8573418,0.8646657,0.9059682,0.8985628,0.91565025,0.92701596,0.93000484
2025-01-01 06:05:00,0.8576111,0.86494654,0.9062547,0.8987767,0.9160933,0.927451,0.93048316
2025-01-01 06:06:00,0.8577824,0.8651259,0.9064383,0.89891374,0.91638,0.92773324,0.9307943
2025-01-01 06:07:00,0.85788995,0.86523926,0.906555,0.89900076,0.9165651,0.92791617,0.93099684
2025-01-01 06:08:00,0.8579561,0.86530966,0.90662813,0.89905536,0.91668415,0.9280346,0.9311288
2025-01-01 06:09:00,0.8579954,0.8653522,0.9066731,0.8990889,0.9167603,0.9281111,0.9312149
2025-01-01 06:10:00,0.85801715,0.8653766,0.9066997,0.89910877,0.9168086,0.92816037,0.9312712
2025-01-01 06:11:00,0.8580277,0.8653892,0.9067143,0.89911973,0.9168388,0.928192,0.9313081
2025-01-01 06:12:00,0.85803074,0.8653943,0.9067213,0.899125,0.91685724,0.92821217,0.93133247
2025-01-01 06:13:00,0.85802907,0.86539435,0.9067232,0.89912647,0.9168681,0.9282248,0.93134874
2025-01-01 06:14:00,0.85802424,0.86539125,0.90672195,0.8991255,0.916874,0.9282327,0.93135965
2025-01-01 06:15:00,0.85801744,0.8653861,0.9067186,0.89912313,0.9168767,0.9282375,0.9313672
2025-01-01 06:16:00,0.8580094,0.8653797,0.9067139,0.8991197,0.9168774,0.9282403,0.9313726
2025-01-01 06:17:00,0.8580006,0.86537236,0.9067083,0.8991156,0.9168768,0.9282418,0.9313766
2025-01-01 06:18:00,0.85799116,0.8653645,0.90670216,0.8991113,0.9168753,0.9282425,0.9313796
2025-01-01 06:19:00,0.85798144,0.8653563,0.9066958,0.8991066,0.9168733,0.9282426,0.93138206
2025-01-01 06:20:00,0.8579715,0.86534786,0.9066891,0.8991018,0.916871,0.9282425,0.93138427
2025-01-01 06:21:00,0.8579615,0.86533934,0.9066824,0.89909697,0.91686845,0.92824215,0.93138623
2025-01-01 06:22:00,0.85795134,0.8653307,0.9066755,0.8990921,0.9168658,0.9282418,0.931388
2025-01-01 06:23:00,0.8579412,0.8653221,0.9066687,0.89908713,0.9168632,0.9282413,0.93138987
2025-01-01 06:24:00,0.857931,0.86531353,0.90666187,0.8990823,0.9168605,0.92824084,0.9313916
2025-01-01 06:25:00,0.8579209,0.8653049,0.9066551,0.8990775,0.91685784,0.92824036,0.9313934
2025-01-01 06:26:00,0.8579108,0.86529636,0.90664834,0.89907265,0.9168552,0.92823994,0.9313952
2025-01-01 06:27:00,0.8579007,0.8652878,0.9066416,0.89906794,0.91685265,0.9282396,0.931397
2025-01-01 06:28:00,0.8578906,0.86527926,0.90663487,0.8990632,0.9168501,0.9282392,0.93139887
2025-01-01 06:29:00,0.85788053,0.8652708,0.9066282,0.8990586,0.9168475,0.9282389,0.93140084
2025-01-01 06:30:00,0.86085314,0.8683086,0.90945053,0.9012115,0.92112833,0.93236035,0.93582994
2025-01-01 06:31:00,0.8627818,0.8702802,0.9112828,0.9026094,0.9239101,0.9350392,0.9387096
2025-01-01 06:32:00,0.86403203,0.8715589,0.91247153,0.90351653,0.9257174,0.9367805,0.94058216
2025-01-01 06:33:00,0.8648412,0.8723872,0.913242,0.9041046,0.9268914,0.93791234,0.9418001
2025-01-01 06:34:00,0.8653638,0.87292266,0.9137405,0.9044854,0.92765373,0.93864805,0.9425926
2025-01-01 06:35:00,0.8657,0.87326795,0.9140624,0.9047314,0.9281485,0.9391263,0.94310856
2025-01-01 06:36:00,0.8659152,0.8734895,0.91426945,0.9048898,0.9284695,0.93943727,0.9434448
2025-01-01 06:37:00,0.8660516,0.87363064,0.9144018,0.9049914,0.9286774,0.93963945,0.9436642
2025-01-01 06:38:00,0.86613697,0.8737197,0.91448575,0.90505594,0.9288119,0.93977106,0.94380766
2025-01-01 06:39:00,0.86618906,0.8737747,0.9145382,0.90509653,0.92889863,0.9398567,0.94390184
2025-01-01 06:40:00,0.86621964,0.8738077,0.91457015,0.9051215,0.92895436,0.9399125,0.943964
2025-01-01 06:41:00,0.86623615,0.87382644,0.91458887,0.9051364,0.92899,0.939949,0.9440053
2025-01-01 06:42:00,0.86624354,0.8738359,0.91459894,0.90514475,0.9290126,0.9399728,0.94403315
2025-01-01 06:43:00,0.8662451,0.8738393,0.9146035,0.9051488,0.9290267,0.93998855,0.9440522
2025-01-01 06:44:00,0.86624277,0.87383884,0.91460437,0.9051502,0.9290354,0.93999904,0.94406563
2025-01-01 06:45:00,0.866238,0.87383586,0.9146029,0.9051497,0.9290405,0.9400061,0.94407535
2025-01-01 06:46:00,0.8662317,0.8738313,0.91459996,0.9051482,0.9290433,0.9400109,0.94408274
2025-01-01 06:47:00,0.8662242,0.8738256,0.9145961,0.90514594,0.92904454,0.9400144,0.94408864
2025-01-01 06:48:00,0.8662162,0.8738193,0.9145916,0.9051432,0.92904496,0.940017,0.9440935
2025-01-01 06:49:00,0.8662077,0.8738126,0.9145867,0.9051403,0.9290448,0.94001895,0.9440978
2025-01-01 06:50:00,0.8661991,0.87380564,0.91458166,0.9051372,0.92904425,0.9400206,0.9441017
2025-01-01 06:51:00,0.86619025,0.8737985,0.9145765,0.90513396,0.9290435,0.94002205,0.9441054
2025-01-01 06:52:00,0.8661813,0.8737913,0.91457117,0.90513074,0.9290426,0.94002336,0.94410896
2025-01-01 06:53:00,0.8661723,0.87378407,0.91456586,0.9051275,0.9290416,0.9400246,0.9441124
2025-01-01 06:54:00,0.8661634,0.8737768,0.91456056,0.90512425,0.9290407,0.94002587,0.9441159
2025-01-01 06:55:00,0.86615443,0.8737696,0.9145553,0.9051211,0.9290397,0.9400272,0.94411933
2025-01-01 06:56:00,0.8661455,0.8737624,0.91455007,0.9051179,0.9290388,0.9400285,0.9441228
2025-01-01 06:57:00,0.86613655,0.8737552,0.9145448,0.90511477,0.9290379,0.94002986,0.94412637
2025-01-01 06:58:00,0.86612767,0.87374806,0.9145397,0.90511173,0.9290371,0.94003123,0.9441299
2025-01-01 06:59:00,0.8661188,0.873741,0.9145345,0.9051087,0.92903626,0.9400326,0.9441335
2025-01-01 07:00:00,0.8696074,0.87726897,0.9175996,0.907488,0.9336735,0.9444401,0.94879454
2025-01-01 07:01:00,0.87187195,0.87955976,0.91959023,0.90903354,0.9366875,0.9473056,0.95182556
2025-01-01 07:02:00,0.8733409,0.88104635,0.92088246,0.91003716,0.93864644,0.94916874,0.95379704
2025-01-01 07:03:00,0.8742927,0.8820103,0.9217207,0.9106886,0.93991953,0.9503804,0.95507985
2025-01-01 07:04:00,0.8749083,0.8826345,0.9222639,0.9111111,0.9407469,0.95116854,0.95591515
2025-01-01 07:05:00,0.87530553,0.8830378,0.9226153,0.9113849,0.94128466,0.95168155,0.9564594
2025-01-01 07:06:00,0.87556076,0.8832977,0.9228421,0.9115619,0.941634,0.95201564,0.95681465
2025-01-01 07:07:00,0.8757237,0.8834643,0.9229879,0.9116761,0.94186103,0.9522335,0.95704705
2025-01-01 07:08:00,0.8758267,0.88357025,0.92308104,0.91174954,0.9420085,0.9523758,0.9571996
2025-01-01 07:09:00,0.87589073,0.88363683,0.92314005,0.9117964,0.94210434,0.95246905,0.9573001
2025-01-01 07:10:00,0.8759294,0.8836779,0.9231768,0.9118261,0.9421666,0.9525304,0.95736706
2025-01-01 07:11:00,0.87595165,0.88370234,0.92319924,0.9118446,0.9422071,0.95257103,0.95741206
2025-01-01 07:12:00,0.8759633,0.883716,0.92321223,0.9118559,0.9422334,0.95259833,0.9574428
2025-01-01 07:13:00,0.875968,0.8837226,0.9232192,0.91186243,0.9422505,0.9526168,0.9574644
2025-01-01 07:14:00,0.87596816,0.88372475,0.92322224,0.911866,0.9422617,0.9526297,0.9574801
2025-01-01 07:15:00,0.8759655,0.88372403,0.92322284,0.9118676,0.942269,0.95263886,0.9574918
2025-01-01 07:16:00,0.87596095,0.8837213,0.9232217,0.911868,0.9422739,0.95264566,0.957501
2025-01-01 07:17:00,0.8759551,0.8837174,0.92321956,0.9118675,0.94227713,0.952651,0.9575087
2025-01-01 07:18:00,0.8759486,0.8837128,0.92321676,0.9118666,0.94227946,0.95265543,0.95751536
2025-01-01 07:19:00,0.8759416,0.8837077,0.92321354,0.91186535,0.9422811,0.95265925,0.9575214
2025-01-01 07:20:00,0.8759343,0.8837023,0.9232101,0.9118639,0.9422823,0.9526626,0.9575269
2025-01-01 07:21:00,0.87592685,0.88369673,0.9232065,0.9118625,0.94228333,0.9526658,0.9575323
2025-01-01 07:22:00,0.8759193,0.883691,0.9232028,0.91186094,0.94228417,0.9526689,0.9575375
2025-01-01 07:23:00,0.87591165,0.88368535,0.9231992,0.9118594,0.942285,0.9526718,0.9575426
2025-01-01 07:24:00,0.875904,0.8836796,0.92319554,0.91185784,0.9422857,0.9526748,0.95754766
2025-01-01 07:25:00,0.8758964,0.88367385,0.92319185,0.91185635,0.9422865,0.9526778,0.9575528
2025-01-01 07:26:00,0.87588876,0.8836682,0.9231882,0.9118549,0.9422873,0.95268077,0.9575579
2025-01-01 07:27:00,0.8758812,0.88366246,0.92318463,0.9118535,0.94228816,0.9526838,0.9575631
2025-01-01 07:28:00,0.8758736,0.8836568,0.92318106,0.9118521,0.942289,0.9526869,0.9575682
2025-01-01 07:29:00,0.8758661,0.88365126,0.92317754,0.9118508,0.94228995,0.95269,0.9575735
2025-01-01 07:30:00,0.879809,0.88760704,0.92643106,0.91441417,0.94720155,0.95730555,0.96238375
2025-01-01 07:31:00,0.8823693,0.89017636,0.9285447,0.91607994,0.95039445,0.9603068,0.96551234
2025-01-01 07:32:00,0.88403094,0.8918446,0.92991745,0.91716236,0.9524703,0.9622588,0.9675479
2025-01-01 07:33:00,0.8851085,0.89292705,0.93080866,0.9178656,0.95382,0.96352875,0.9688729
2025-01-01 07:34:00,0.8858064,0.89362884,0.9313868,0.9183224,0.9546978,0.96435547,0.9697361
2025-01-01 07:35:00,0.8862575,0.8940832,0.93176156,0.9186189,0.9552688,0.9648941,0.9702992
2025-01-01 07:36:00,0.8865482,0.8943767,0.93200403,0.91881144,0.9556405,0.9652454,0.9706672
2025-01-01 07:37:00,0.8867348,0.8945657,0.9321607,0.91893625,0.9558826,0.9654751,0.97090834
2025-01-01 07:38:00,0.8868535,0.8946869,0.93226147,0.9190172,0.9560405,0.9656257,0.9710672
2025-01-01 07:39:00,0.8869283,0.8947638,0.93232596,0.9190695,0.9561436,0.9657249,0.9711724
2025-01-01 07:40:00,0.8869745,0.89481217,0.9323669,0.91910344,0.95621127,0.9657907,0.97124285
2025-01-01 07:41:00,0.8870021,0.89484185,0.9323926,0.91912526,0.95625585,0.9658348,0.97129077
2025-01-01 07:42:00,0.8870177,0.89485943,0.93240833,0.91913927,0.9562854,0.9658649,0.971324
2025-01-01 07:43:00,0.8870255,0.89486927,0.93241763,0.91914827,0.95630527,0.9658858,0.97134775
2025-01-01 07:44:00,0.88702816,0.89487404,0.9324228,0.9191539,0.95631886,0.96590084,0.9713653
2025-01-01 07:45:00,0.88702756,0.89487547,0.93242526,0.9191575,0.95632833,0.965912,0.9713788
2025-01-01 07:46:00,0.8870249,0.89487475,0.93242604,0.91915977,0.9563352,0.9659207,0.97138983
2025-01-01 07:47:00,0.8870209,0.8948727,0.9324257,0.91916114,0.9563404,0.96592784,0.9713991
2025-01-01 07:48:00,0.88701594,0.8948698,0.9324246,0.91916203,0.9563444,0.965934,0.9714073
2025-01-01 07:49:00,0.8870105,0.8948664,0.9324231,0.91916263,0.9563479,0.96593946,0.97141486
2025-01-01 07:50:00,0.8870047,0.89486265,0.9324213,0.919163,0.95635086,0.9659446,0.9714221
2025-01-01 07:51:00,0.8869987,0.89485866,0.9324195,0.9191632,0.9563536,0.9659494,0.97142893
2025-01-01 07:52:00,0.88699263,0.8948546,0.9324175,0.91916335,0.95635617,0.9659541,0.9714357
2025-01-01 07:53:00,0.8869865,0.89485043,0.93241554,0.9191635,0.9563587,0.96595883,0.9714424
2025-01-01 07:54:00,0.8869803,0.8948463,0.9324135,0.9191637,0.9563612,0.9659634,0.9714491
2025-01-01 07:55:00,0.8869741,0.89484215,0.93241155,0.91916394,0.9563637,0.9659681,0.97145575
2025-01-01 07:56:00,0.88696796,0.89483804,0.9324096,0.91916424,0.9563662,0.96597266,0.97146237
2025-01-01 07:57:00,0.8869619,0.89483404,0.9324077,0.91916454,0.95636874,0.9659774,0.9714691
2025-01-01 07:58:00,0.88695574,0.89483,0.93240577,0.91916484,0.9563713,0.9659821,0.9714758
2025-01-01 07:59:00,0.8869497,0.894826,0.932404,0.91916525,0.95637393,0.96598685,0.9714825
2025-01-01 08:00:00,0.89127564,0.899138,0.93578714,0.9218664,0.961471,0.97072697,0.97635525
2025-01-01 08:01:00,0.8940854,0.9019394,0.9379856,0.9236224,0.96478516,0.9738098,0.97952497
2025-01-01 08:02:00,0.8959097,0.90375906,0.9394141,0.9247641,0.9669403,0.9758154,0.98158765
2025-01-01 08:03:00,0.89709353,0.90494055,0.9403421,0.92550635,0.9683422,0.9771208,0.98293096
2025-01-01 08:04:00,0.897861,0.90570724,0.9409448,0.92598915,0.96925443,0.97797114,0.98380655
2025-01-01 08:05:00,0.8983579,0.90620434,0.94133604,0.9263032,0.9698485,0.97852564,0.98437816
2025-01-01 08:06:00,0.8986789,0.9065262,0.9415899,0.92650765,0.9702357,0.9788879,0.98475224
2025-01-01 08:07:00,0.8988856,0.9067342,0.94175446,0.9266409,0.9704885,0.9791252,0.9849979
2025-01-01 08:08:00,0.8990181,0.9068683,0.941861,0.9267279,0.970654,0.97928137,0.9851601
2025-01-01 08:09:00,0.8991023,0.9069542,0.9419298,0.9267848,0.97076267,0.97938466,0.9852681
2025-01-01 08:10:00,0.89915514,0.90700895,0.9419742,0.92682225,0.9708345,0.9794538,0.9853409
2025-01-01 08:11:00,0.8991876,0.9070434,0.94200265,0.926847,0.97088236,0.9795006,0.9853908
2025-01-01 08:12:00,0.8992069,0.9070647,0.94202083,0.9268635,0.97091466,0.97953296,0.98542583
2025-01-01 08:13:00,0.89921755,0.9070774,0.94203234,0.92687464,0.97093683,0.97955596,0.9854512
2025-01-01 08:14:00,0.89922273,0.9070846,0.94203955,0.9268824,0.9709525,0.9795729,0.9854704
2025-01-01 08:15:00,0.8992242,0.9070882,0.9420439,0.9268879,0.970964,0.9795859,0.98548555
2025-01-01 08:16:00,0.8992235,0.90708953,0.94204646,0.92689204,0.9709728,0.97959626,0.985498
2025-01-01 08:17:00,0.8992212,0.9070894,0.9420479,0.92689526,0.9709797,0.9796051,0.98550886
2025-01-01 08:18:00,0.899218,0.90708834,0.9420486,0.9268979,0.9709856,0.9796128,0.9855186
2025-01-01 08:19:00,0.89921415,0.9070866,0.9420489,0.92690015,0.9709907,0.9796199,0.98552763
2025-01-01 08:20:00,0.89921,0.9070845,0.94204885,0.92690223,0.97099537,0.97962666,0.98553634
2025-01-01 08:21:00,0.8992056,0.90708226,0.94204867,0.9269042,0.9709998,0.9796331,0.9855446
2025-01-01 08:22:00,0.89920115,0.9070799,0.94204843,0.92690617,0.9710041,0.9796394,0.9855528
2025-01-01 08:23:00,0.89919657,0.90707743,0.94204813,0.926908,0.9710083,0.97964567,0.98556095
2025-01-01 08:24:00,0.8991919,0.907075,0.94204783,0.9269099,0.9710125,0.97965187,0.98556906
2025-01-01 08:25:00,0.8991873,0.9070725,0.9420476,0.92691183,0.97101665,0.97965807,0.9855771
2025-01-01 08:26:00,0.89918274,0.90707004,0.94204736,0.92691386,0.97102076,0.97966427,0.9855852
2025-01-01 08:27:00,0.8991782,0.90706766,0.9420471,0.9269158,0.971025,0.9796705,0.9855933
2025-01-01 08:28:00,0.8991737,0.9070653,0.94204694,0.9269179,0.9710292,0.9796768,0.9856014
2025-01-01 08:29:00,0.8991692,0.90706295,0.9420468,0.92692,0.9710335,0.9796831,0.9856096
2025-01-01 08:30:00,0.9038013,0.91165465,0.94549966,0.92971104,0.9762258,0.9844638,0.99045825
2025-01-01 08:31:00,0.90681076,0.91463846,0.947744,0.9315261,0.97960234,0.98757356,0.99361277
2025-01-01 08:32:00,0.90876544,0.9165773,0.94920295,0.9327067,0.98179865,0.9895972,0.99566615
2025-01-01 08:33:00,0.9100345,0.91783684,0.9501513,0.93347496,0.98322797,0.9909149,0.9970038
2025-01-01 08:34:00,0.910858,0.91865486,0.9507679,0.93397516,0.9841586,0.99177366,0.9978763
2025-01-01 08:35:00,0.91139174,0.9191859,0.9511687,0.9343012,0.9847651,0.99233425,0.9984463
2025-01-01 08:36:00,0.9117373,0.91953045,0.9514294,0.93451405,0.98516107,0.99270093,0.99881977
2025-01-01 08:37:00,0.91196054,0.91975373,0.95159906,0.93465334,0.98542005,0.99294174,0.99906564
2025-01-01 08:38:00,0.91210437,0.91989833,0.9517095,0.93474483,0.9855901,0.9931006,0.9992284
2025-01-01 08:39:00,0.91219646,0.9199917,0.95178145,0.9348052,0.9857024,0.99320626,0.99933726
2025-01-01 08:40:00,0.9122549,0.9200519,0.9518285,0.9348455,0.9857771,0.9932774,0.9994111
2025-01-01 08:41:00,0.9122917,0.9200904,0.9518593,0.9348727,0.9858274,0.993326,0.9994621
2025-01-01 08:42:00,0.9123143,0.92011493,0.9518795,0.93489134,0.9858619,0.99336016,0.99949837
2025-01-01 08:43:00,0.91232777,0.9201304,0.951893,0.9349046,0.9858861,0.9933848,0.999525
2025-01-01 08:44:00,0.9123352,0.92013997,0.951902,0.9349142,0.9859036,0.99340326,0.9995455
2025-01-01 08:45:00,0.91233885,0.9201457,0.95190823,0.93492156,0.98591685,0.9934178,0.99956185
2025-01-01 08:46:00,0.91234,0.92014897,0.9519126,0.93492746,0.9859273,0.99342984,0.9995757
2025-01-01 08:47:00,0.9123395,0.9201507,0.9519158,0.9349324,0.98593587,0.99344015,0.9995878
2025-01-01 08:48:00,0.91233814,0.9201514,0.95191824,0.9349368,0.9859434,0.99344945,0.9995989
2025-01-01 08:49:00,0.91233605,0.92015153,0.9519202,0.9349408,0.9859501,0.99345803,0.9996093
2025-01-01 08:50:00,0.91233355,0.92015123,0.9519219,0.93494457,0.98595643,0.99346626,0.9996191
2025-01-01 08:51:00,0.9123308,0.9201507,0.9519235,0.93494827,0.9859625,0.9934742,0.99962884
2025-01-01 08:52:00,0.91232795,0.92015,0.951925,0.93495184,0.9859684,0.99348193,0.9996384
2025-01-01 08:53:00,0.912325,0.92014927,0.9519264,0.9349554,0.98597425,0.9934896,0.9996478
2025-01-01 08:54:00,0.91232204,0.9201485,0.95192784,0.934959,0.98598,0.9934974,0.99965715
2025-01-01 08:55:00,0.9123191,0.9201478,0.9519293,0.93496263,0.98598576,0.993505,0.9996665
2025-01-01 08:56:00,0.91231614,0.920147,0.95193076,0.9349663,0.9859915,0.9935127,0.9996759
2025-01-01 08:57:00,0.9123133,0.92014635,0.95193225,0.93496996,0.9859973,0.99352044,0.9996853
2025-01-01 08:58:00,0.91231036,0.9201457,0.9519338,0.9349737,0.9860031,0.9935281,0.99969465
2025-01-01 08:59:00,0.91230756,0.92014503,0.9519354,0.9349775,0.98600894,0.9935358,0.99970406
2025-01-01 09:00:00,0.9171634,0.9249346,0.9553963,0.93780863,0.9912037,0.99827176,1.0044423
2025-01-01 09:01:00,0.92031866,0.92804766,0.9576464,0.93965036,0.9945825,1.0013529,1.0075256
2025-01-01 09:02:00,0.9223687,0.93007106,0.9591097,0.9408488,0.9967808,1.0033585,1.0095329
2025-01-01 09:03:00,0.9237004,0.9313861,0.96006155,0.9416293,0.9982118,1.0046648,1.0108411
2025-01-01 09:04:00,0.92456514,0.9322408,0.9606809,0.9421381,0.9991442,1.0055168,1.0116949
2025-01-01 09:05:00,0.9251264,0.93279636,0.96108425,0.94247025,0.99975246,1.0060734,1.0122533
2025-01-01 09:06:00,0.9254903,0.9331574,0.9613471,0.94268763,1.00015,1.006438,1.0126195
2025-01-01 09:07:00,0.9257261,0.93339205,0.96151876,0.94283044,1.0004107,1.006678,1.0128611
2025-01-01 09:08:00,0.9258786,0.9335446,0.96163106,0.9429248,1.0005823,1.0068369,1.0130216
2025-01-01 09:09:00,0.92597693,0.9336437,0.9617049,0.9429876,1.0006961,1.0069429,1.0131292
2025-01-01 09:10:00,0.9260402,0.93370825,0.96175367,0.9430301,1.0007724,1.0070148,1.0132028
2025-01-01 09:11:00,0.9260805,0.9337502,0.9617862,0.94305927,1.0008242,1.0070645,1.013254
2025-01-01 09:12:00,0.9261061,0.9337776,0.9618082,0.9430799,1.0008601,1.0070997,1.0132909
2025-01-01 09:13:00,0.926122,0.93379545,0.96182346,0.94309485,1.000886,1.0071256,1.0133184
2025-01-01 09:14:00,0.92613167,0.9338072,0.9618342,0.94310623,1.000905,1.0071454,1.0133398
2025-01-01 09:15:00,0.9261373,0.933815,0.9618421,0.9431153,1.0009198,1.0071613,1.0133572
2025-01-01 09:16:00,0.92614037,0.9338202,0.9618482,0.94312286,1.0009317,1.0071745,1.013372
2025-01-01 09:17:00,0.9261418,0.93382376,0.9618531,0.9431294,1.000942,1.0071862,1.0133852
2025-01-01 09:18:00,0.92614216,0.93382627,0.96185726,0.9431355,1.000951,1.0071968,1.0133973
2025-01-01 09:19:00,0.9261418,0.9338281,0.9618609,0.94314116,1.0009593,1.0072068,1.0134089
2025-01-01 09:20:00,0.926141,0.93382955,0.96186435,0.9431466,1.0009671,1.0072163,1.01342
2025-01-01 09:21:00,0.92614,0.93383074,0.96186763,0.9431519,1.0009747,1.0072256,1.0134308
2025-01-01 09:22:00,0.9261388,0.9338318,0.96187073,0.94315714,1.000982,1.0072347,1.0134414
2025-01-01 09:23:00,0.92613757,0.93383276,0.9618739,0.9431623,1.0009893,1.0072438,1.013452
2025-01-01 09:24:00,0.9261364,0.9338338,0.96187705,0.94316757,1.0009966,1.0072528,1.0134625
2025-01-01 09:25:00,0.9261351,0.9338348,0.96188015,0.9431728,1.0010039,1.0072618,1.013473
2025-01-01 09:26:00,0.9261339,0.93383574,0.9618833,0.94317806,1.0010111,1.0072708,1.0134835
2025-01-01 09:27:00,0.9261327,0.93383676,0.9618865,0.94318336,1.0010183,1.0072799,1.013494
2025-01-01 09:28:00,0.9261315,0.93383783,0.96188974,0.94318867,1.0010257,1.0072888,1.0135045
2025-01-01 09:29:00,0.92613035,0.9338389,0.961893,0.9431941,1.001033,1.0072979,1.0135151
2025-01-01 09:30:00,0.9311231,0.93874073,0.9653001,0.94601476,1.0061376,1.0119046,1.0180581
2025-01-01 09:31:00,0.934368,0.94192743,0.96751595,0.94785017,1.0094582,1.0149022,1.0210148
2025-01-01 09:32:00,0.93647695,0.9439992,0.9689575,0.9490452,1.0116193,1.0168539,1.0229404
2025-01-01 09:33:00,0.93784744,0.94534636,0.9698957,0.9498239,1.0130266,1.0181257,1.0241959
2025-01-01 09:34:00,0.938738,0.94622254,0.9705069,0.9503321,1.013944,1.0189557,1.0250157
2025-01-01 09:35:00,0.93931663,0.9467926,0.9709055,0.95066446,1.014543,1.0194985,1.0255523
2025-01-01 09:36:00,0.93969256,0.9471637,0.97116584,0.9508825,1.0149353,1.0198545,1.0259049
2025-01-01 09:37:00,0.9399367,0.94740546,0.9713364,0.9510263,1.0151927,1.0200893,1.026138
2025-01-01 09:38:00,0.9400951,0.94756323,0.97144866,0.9511219,1.015363,1.0202452,1.0262932
2025-01-01 09:39:00,0.940198,0.9476664,0.97152305,0.95118606,1.0154765,1.0203499,1.026398
2025-01-01 09:40:00,0.9402647,0.9477341,0.97157276,0.95122993,1.0155528,1.0204213,1.0264698
2025-01-01 09:41:00,0.940308,0.94777876,0.97160643,0.95126057,1.0156053,1.020471,1.0265204
2025-01-01 09:42:00,0.940336,0.9478085,0.9716298,0.9512827,1.0156422,1.0205067,1.0265571
2025-01-01 09:43:00,0.94035417,0.9478285,0.9716464,0.9512992,1.015669,1.0205334,1.0265849
2025-01-01 09:44:00,0.94036585,0.9478422,0.9716587,0.9513121,1.0156894,1.0205542,1.0266067
2025-01-01 09:45:00,0.9403735,0.94785184,0.9716682,0.95132273,1.0157053,1.020571,1.0266249
2025-01-01 09:46:00,0.94037837,0.94785887,0.9716759,0.95133185,1.0157186,1.0205854,1.0266405
2025-01-01 09:47:00,0.9403815,0.94786423,0.9716824,0.95134,1.0157301,1.0205983,1.0266546
2025-01-01 09:48:00,0.9403836,0.94786847,0.97168815,0.95134753,1.0157406,1.02061,1.0266677
2025-01-01 09:49:00,0.94038504,0.9478721,0.9716935,0.95135474,1.0157503,1.0206212,1.0266802
2025-01-01 09:50:00,0.940386,0.94787526,0.9716985,0.9513617,1.0157596,1.0206319,1.0266923
2025-01-01 09:51:00,0.9403867,0.9478782,0.97170347,0.9513686,1.0157684,1.0206424,1.0267041
2025-01-01 09:52:00,0.9403873,0.947881,0.9717083,0.95137537,1.0157772,1.0206528,1.0267156
2025-01-01 09:53:00,0.9403878,0.94788367,0.97171307,0.95138204,1.0157859,1.020663,1.0267272
2025-01-01 09:54:00,0.94038826,0.94788635,0.97171783,0.95138884,1.0157945,1.0206732,1.0267386
2025-01-01 09:55:00,0.94038874,0.94788903,0.9717226,0.95139563,1.0158031,1.0206833,1.0267501
2025-01-01 09:56:00,0.9403892,0.9478917,0.97172743,0.9514024,1.0158118,1.0206934,1.0267615
2025-01-01 09:57:00,0.94038975,0.94789445,0.97173226,0.9514092,1.0158204,1.0207037,1.026773
2025-01-01 09:58:00,0.9403903,0.9478972,0.9717371,0.9514161,1.0158291,1.0207138,1.0267843
2025-01-01 09:59:00,0.9403908,0.9479,0.97174203,0.951423,1.0158378,1.020724,1.0267959
2025-01-01 10:00:00,0.94543135,0.9528266,0.9750346,0.9541829,1.0207611,1.0251193,1.0310627
2025-01-01 10:01:00,0.948708,0.95603,0.9771766,0.9559794,1.0239644,1.0279799,1.0338403
2025-01-01 10:02:00,0.95083815,0.9581133,0.9785707,0.95714957,1.0260496,1.0298429,1.0356498
2025-01-01 10:03:00,0.952223,0.9594685,0.9794787,0.9579127,1.0274081,1.0310575,1.03683
2025-01-01 10:04:00,0.95312357,0.9603505,0.98007077,0.9584113,1.0282943,1.0318506,1.0376011
2025-01-01 10:05:00,0.95370924,0.9609249,0.9804574,0.9587379,1.0288736,1.0323699,1.0381066
2025-01-01 10:06:00,0.95409036,0.9612995,0.9807107,0.9589528,1.0292532,1.0327109,1.0384392
2025-01-01 10:07:00,0.95433843,0.9615441,0.9808772,0.95909506,1.0295031,1.0329363,1.0386595
2025-01-01 10:08:00,0.95450014,0.96170425,0.9809873,0.95919013,1.0296688,1.0330867,1.0388068
2025-01-01 10:09:00,0.95460564,0.9618096,0.98106086,0.95925456,1.0297798,1.0331881,1.0389067
2025-01-01 10:10:00,0.9546748,0.9618793,0.98111063,0.959299,1.0298551,1.0332576,1.0389757
2025-01-01 10:11:00,0.95472014,0.9619258,0.98114496,0.95933056,1.0299073,1.0333067,1.0390247
2025-01-01 10:12:00,0.9547501,0.9619574,0.9811693,0.9593538,1.0299445,1.0333422,1.0390607
2025-01-01 10:13:00,0.95477015,0.96197915,0.9811871,0.9593715,1.029972,1.0333692,1.0390882
2025-01-01 10:14:00,0.95478374,0.9619946,0.98120064,0.95938575,1.029993,1.0333905,1.0391104
2025-01-01 10:15:00,0.9547931,0.962006,0.98121154,0.9593977,1.0300101,1.0334082,1.039129
2025-01-01 10:16:00,0.9547998,0.96201473,0.98122066,0.9594082,1.0300244,1.0334233,1.0391452
2025-01-01 10:17:00,0.9548047,0.96202177,0.98122865,0.95941776,1.0300372,1.0334371,1.0391599
2025-01-01 10:18:00,0.95480853,0.9620277,0.98123604,0.95942676,1.0300487,1.0334499,1.0391736
2025-01-01 10:19:00,0.95481163,0.962033,0.9812429,0.95943534,1.0300597,1.033462,1.0391867
2025-01-01 10:20:00,0.9548143,0.9620378,0.98124945,0.95944375,1.0300701,1.0334737,1.0391996
2025-01-01 10:21:00,0.9548167,0.96204245,0.98125595,0.95945203,1.0300802,1.0334852,1.0392121
2025-01-01 10:22:00,0.954819,0.96204686,0.9812623,0.9594602,1.0300902,1.0334966,1.0392245
2025-01-01 10:23:00,0.9548212,0.9620512,0.98126864,0.95946836,1.0301001,1.0335078,1.0392368
2025-01-01 10:24:00,0.95482343,0.96205556,0.981275,0.95947653,1.03011,1.033519,1.039249
2025-01-01 10:25:00,0.9548256,0.9620599,0.9812813,0.9594847,1.0301198,1.0335302,1.0392612
2025-01-01 10:26:00,0.9548278,0.96206427,0.9812877,0.959493,1.0301297,1.0335413,1.0392734
2025-01-01 10:27:00,0.95483005,0.9620686,0.98129404,0.95950115,1.0301396,1.0335525,1.0392855
2025-01-01 10:28:00,0.95483226,0.962073,0.9813005,0.95950943,1.0301495,1.0335637,1.0392977
2025-01-01 10:29:00,0.9548346,0.96207744,0.9813069,0.9595177,1.0301594,1.0335748,1.0393099
2025-01-01 10:30:00,0.959833,0.9669411,0.98442626,0.9621677,1.0348135,1.0376803,1.0432246
2025-01-01 10:31:00,0.96308285,0.9701041,0.98645616,0.9638931,1.0378422,1.0403527,1.0457734
2025-01-01 10:32:00,0.96519613,0.9721617,0.98777795,0.9650176,1.0398144,1.0420938,1.0474343
2025-01-01 10:33:00,0.96657073,0.9735008,0.9886394,0.9657515,1.0410999,1.0432295,1.0485183
2025-01-01 10:34:00,0.96746516,0.9743729,0.9892018,0.9662316,1.041939,1.0439717,1.0492272
2025-01-01 10:35:00,0.9680475,0.97494155,0.9895698,0.96654665,1.042488,1.0444582,1.0496924
2025-01-01 10:36:00,0.968427,0.97531277,0.98981136,0.9667545,1.0428483,1.0447783,1.049999
2025-01-01 10:37:00,0.96867466,0.9755559,0.9899708,0.9668926,1.0430863,1.0449905,1.0502027
2025-01-01 10:38:00,0.96883667,0.9757157,0.9900769,0.9669855,1.0432445,1.0451324,1.0503395
2025-01-01 10:39:00,0.968943,0.97582126,0.9901483,0.96704894,1.0433509,1.0452286,1.0504327
2025-01-01 10:40:00,0.96901315,0.9758917,0.99019724,0.9670933,1.0434238,1.0452952,1.0504977
2025-01-01 10:41:00,0.9690598,0.97593933,0.9902315,0.96712524,1.0434748,1.0453427,1.0505441
2025-01-01 10:42:00,0.9690913,0.9759721,0.9902563,0.96714914,1.0435116,1.0453775,1.0505788
2025-01-01 10:43:00,0.9691129,0.97599524,0.990275,0.96716785,1.0435392,1.0454042,1.0506057
2025-01-01 10:44:00,0.96912795,0.9760122,0.9902896,0.96718305,1.0435607,1.0454258,1.0506276
2025-01-01 10:45:00,0.969139,0.976025,0.9903018,0.96719617,1.0435785,1.0454439,1.0506462
2025-01-01 10:46:00,0.96914726,0.9760353,0.9903122,0.9672079,1.0435938,1.0454596,1.0506626
2025-01-01 10:47:00,0.9691538,0.97604394,0.9903216,0.9672187,1.0436074,1.0454739,1.0506778
2025-01-01 10:48:00,0.96915936,0.97605145,0.9903303,0.96722895,1.0436199,1.0454875,1.050692
2025-01-01 10:49:00,0.96916413,0.97605836,0.9903386,0.9672389,1.0436318,1.0455004,1.0507057
2025-01-01 10:50:00,0.9691685,0.9760648,0.9903466,0.96724856,1.0436432,1.0455129,1.0507189
2025-01-01 10:51:00,0.9691726,0.97607094,0.9903545,0.96725804,1.0436546,1.0455252,1.050732
2025-01-01 10:52:00,0.9691766,0.97607696,0.99036235,0.9672675,1.0436655,1.0455374,1.0507449
2025-01-01 10:53:00,0.96918046,0.97608286,0.99037015,0.967277,1.0436765,1.0455494,1.0507578
2025-01-01 10:54:00,0.96918434,0.9760888,0.9903779,0.9672864,1.0436875,1.0455614,1.0507705
2025-01-01 10:55:00,0.96918815,0.9760948,0.9903857,0.9672959,1.0436984,1.0455735,1.0507833
2025-01-01 10:56:00,0.969192,0.9761007,0.9903935,0.96730536,1.0437093,1.0455854,1.050796
2025-01-01 10:57:00,0.96919596,0.97610664,0.9904013,0.96731484,1.0437201,1.0455973,1.0508087
2025-01-01 10:58:00,0.96919984,0.9761126,0.9904092,0.9673244,1.043731,1.0456094,1.0508213
2025-01-01 10:59:00,0.9692038,0.9761186,0.99041706,0.9673339,1.043742,1.0456214,1.0508341
2025-01-01 11:00:00,0.9740715,0.98083293,0.9933078,0.9698269,1.0480446,1.049364,1.054327
2025-01-01 11:01:00,0.977237,0.98389935,0.9951896,0.9714506,1.0508451,1.0518008,1.0566019
2025-01-01 11:02:00,0.979296,0.9858948,0.99641556,0.9725095,1.0526694,1.0533892,1.058085
2025-01-01 11:03:00,0.98063594,0.987194,0.99721533,0.97320116,1.0538591,1.0544257,1.0590534
2025-01-01 11:04:00,0.9815083,0.9880407,0.997738,0.9736542,1.0546361,1.0551037,1.0596874
2025-01-01 11:05:00,0.98207694,0.9885933,0.9980807,0.9739521,1.0551453,1.0555487,1.0601041
2025-01-01 11:06:00,0.9824481,0.9889548,0.99830633,0.9741492,1.05548,1.0558422,1.0603794
2025-01-01 11:07:00,0.98269093,0.989192,0.9984559,0.97428083,1.0557016,1.0560372,1.0605628
2025-01-01 11:08:00,0.9828503,0.9893485,0.9985561,0.9743699,1.0558496,1.0561684,1.0606866
2025-01-01 11:09:00,0.9829556,0.98945254,0.99862415,0.9744313,1.0559498,1.0562578,1.0607715
2025-01-01 11:10:00,0.9830256,0.9895225,0.9986713,0.97447467,1.0560188,1.0563203,1.0608312
2025-01-01 11:11:00,0.9830728,0.9895703,0.99870497,0.9745064,1.0560677,1.0563653,1.0608745
2025-01-01 11:12:00,0.9831051,0.98960376,0.99872994,0.9745306,1.0561035,1.0563987,1.0609071
2025-01-01 11:13:00,0.98312783,0.9896279,0.9987491,0.97454983,1.0561306,1.0564249,1.0609329
2025-01-01 11:14:00,0.9831443,0.98964596,0.9987645,0.9745659,1.0561523,1.0564461,1.0609541
2025-01-01 11:15:00,0.9831567,0.9896602,0.9987777,0.97458,1.0561703,1.0564643,1.0609726
2025-01-01 11:16:00,0.9831665,0.9896718,0.9987893,0.9745926,1.0561862,1.0564805,1.060989
2025-01-01 11:17:00,0.9831746,0.98968184,0.9987999,0.97460455,1.0562006,1.0564953,1.0610043
2025-01-01 11:18:00,0.9831817,0.9896908,0.9988099,0.97461593,1.0562139,1.0565093,1.0610187
2025-01-01 11:19:00,0.9831881,0.9896991,0.9988195,0.9746269,1.0562266,1.0565228,1.0610327
2025-01-01 11:20:00,0.9831941,0.98970705,0.99882877,0.9746377,1.056239,1.056536,1.0610461
2025-01-01 11:21:00,0.9831998,0.9897147,0.998838,0.97464836,1.056251,1.0565488,1.0610595
2025-01-01 11:22:00,0.9832053,0.98972213,0.9988471,0.9746589,1.056263,1.0565616,1.0610727
2025-01-01 11:23:00,0.9832108,0.98972964,0.99885625,0.9746695,1.0562749,1.0565742,1.0610859
2025-01-01 11:24:00,0.9832163,0.98973703,0.9988653,0.97468,1.0562866,1.0565867,1.061099
2025-01-01 11:25:00,0.98322177,0.9897444,0.99887437,0.97469056,1.0562985,1.0565995,1.0611122
2025-01-01 11:26:00,0.9832272,0.9897519,0.9988834,0.9747012,1.0563102,1.056612,1.0611252
2025-01-01 11:27:00,0.98323274,0.9897593,0.99889255,0.9747118,1.0563219,1.0566245,1.0611382
2025-01-01 11:28:00,0.9832382,0.9897667,0.9989017,0.9747224,1.0563337,1.0566372,1.0611511
2025-01-01 11:29:00,0.98324376,0.9897742,0.9989109,0.97473305,1.0563455,1.0566497,1.0611641
2025-01-01 11:30:00,0.98789275,0.994254,1.0015209,0.9770239,1.0602186,1.0599619,1.0641723
2025-01-01 11:31:00,0.9909166,0.99716854,1.0032204,0.9785167,1.0627402,1.0621194,1.0661321
2025-01-01 11:32:00,0.99288416,0.9990657,1.0043286,0.9794909,1.0643835,1.0635262,1.0674106
2025-01-01 11:33:00,0.9941651,1.0003016,1.0050521,0.9801279,1.0654557,1.0644449,1.0682461
2025-01-01 11:34:00,0.99499977,1.0011076,1.0055257,0.9805457,1.0661569,1.0650465,1.0687939
2025-01-01 11:35:00,0.99554443,1.0016344,1.0058368,0.98082113,1.0666168,1.0654421,1.0691544
2025-01-01 11:36:00,0.9959005,1.0019794,1.0060425,0.98100394,1.06692,1.0657036,1.0693934
2025-01-01 11:37:00,0.99613416,1.0022064,1.0061796,0.98112667,1.0671213,1.065878,1.0695531
2025-01-01 11:38:00,0.9962882,1.0023569,1.006272,0.98121023,1.0672563,1.0659959,1.0696616
2025-01-01 11:39:00,0.9963904,1.0024575,1.0063354,0.9812684,1.0673482,1.066077,1.0697367
2025-01-01 11:40:00,0.99645907,1.0025257,1.0063801,0.9813101,1.0674124,1.0661342,1.06979
2025-01-01 11:41:00,0.9965058,1.0025729,1.0064125,0.9813411,1.0674583,1.0661758,1.0698293
2025-01-01 11:42:00,0.99653846,1.0026063,1.0064371,0.98136514,1.0674924,1.0662073,1.0698595
2025-01-01 11:43:00,0.9965619,1.0026311,1.0064564,0.9813847,1.0675187,1.0662323,1.0698837
2025-01-01 11:44:00,0.99657935,1.0026499,1.0064723,0.98140126,1.0675402,1.0662532,1.0699041
2025-01-01 11:45:00,0.996593,1.0026652,1.0064862,0.981416,1.0675583,1.0662711,1.0699219
2025-01-01 11:46:00,0.99660414,1.0026779,1.0064987,0.9814295,1.0675744,1.0662873,1.069938
2025-01-01 11:47:00,0.9966137,1.0026892,1.0065104,0.9814422,1.0675892,1.0663023,1.069953
2025-01-01 11:48:00,0.9966222,1.0026995,1.0065213,0.9814544,1.067603,1.0663165,1.0699674
2025-01-01 11:49:00,0.9966301,1.0027093,1.0065321,0.98146635,1.0676163,1.0663303,1.0699813
2025-01-01 11:50:00,0.9966375,1.0027184,1.0065426,0.98147804,1.0676292,1.0663438,1.069995
2025-01-01 11:51:00,0.99664474,1.0027274,1.0065529,0.98148966,1.067642,1.066357,1.0700085
2025-01-01 11:52:00,0.9966518,1.0027363,1.0065633,0.9815012,1.0676546,1.0663701,1.0700219
2025-01-01 11:53:00,0.99665886,1.0027452,1.0065736,0.9815127,1.0676671,1.0663832,1.0700351
2025-01-01 11:54:00,0.9966658,1.0027539,1.0065838,0.9815242,1.0676796,1.0663962,1.0700483
2025-01-01 11:55:00,0.99667275,1.0027627,1.0065941,0.98153573,1.067692,1.0664092,1.0700614
2025-01-01 11:56:00,0.9966797,1.0027714,1.0066043,0.9815472,1.0677044,1.0664222,1.0700746
2025-01-01 11:57:00,0.99668676,1.0027801,1.0066146,0.9815587,1.0677168,1.0664351,1.0700877
2025-01-01 11:58:00,0.9966938,1.0027889,1.0066248,0.9815702,1.0677292,1.0664481,1.0701007
2025-01-01 11:59:00,0.9967008,1.0027977,1.0066352,0.98158175,1.0677418,1.0664611,1.0701139
2025-01-01 12:00:00,1.0010488,1.0069636,1.0089179,0.98362994,1.0711167,1.0692842,1.0725837
2025-01-01 12:01:00,1.0038774,1.0096747,1.0104053,0.9849653,1.0733149,1.0711238,1.0741938
2025-01-01 12:02:00,1.0057186,1.01144,1.0113758,0.9858374,1.0747479,1.0723242,1.0752448
2025-01-01 12:03:00,1.006918,1.0125908,1.0120103,0.9864084,1.075684,1.0731089,1.0759326
2025-01-01 12:04:00,1.0077001,1.0133419,1.0124265,0.9867836,1.0762968,1.0736235,1.0763843
2025-01-01 12:05:00,1.0082111,1.0138333,1.0127007,0.9870316,1.0766995,1.0739627,1.0766824
2025-01-01 12:06:00,1.0085459,1.0141559,1.0128826,0.987197,1.0769656,1.0741876,1.0768808
2025-01-01 12:07:00,1.0087662,1.0143688,1.0130047,0.98730856,1.077143,1.0743386,1.0770143
2025-01-01 12:08:00,1.0089118,1.0145104,1.0130877,0.9873852,1.0772628,1.0744411,1.0771056
2025-01-01 12:09:00,1.0090092,1.0146058,1.0131454,0.9874393,1.077345,1.0745122,1.0771697
2025-01-01 12:10:00,1.0090753,1.0146711,1.0131868,0.9874785,1.077403,1.0745631,1.0772159
2025-01-01 12:11:00,1.009121,1.0147167,1.0132174,0.98750824,1.077445,1.0746008,1.0772504
2025-01-01 12:12:00,1.0091534,1.0147496,1.0132412,0.98753166,1.0774767,1.0746298,1.0772774
2025-01-01 12:13:00,1.0091771,1.0147744,1.0132602,0.9875511,1.0775018,1.0746533,1.0772996
2025-01-01 12:14:00,1.0091954,1.014794,1.0132767,0.9875679,1.0775225,1.074673,1.0773185
2025-01-01 12:15:00,1.00921,1.01481,1.0132911,0.9875831,1.0775405,1.0746906,1.0773355
2025-01-01 12:16:00,1.0092223,1.0148237,1.0133042,0.9875971,1.0775566,1.0747066,1.077351
2025-01-01 12:17:00,1.0092331,1.014836,1.0133168,0.98761046,1.0775716,1.0747213,1.0773658
2025-01-01 12:18:00,1.0092428,1.0148474,1.0133287,0.9876234,1.0775858,1.0747356,1.0773798
2025-01-01 12:19:00,1.009252,1.0148582,1.0133402,0.98763597,1.0775995,1.0747496,1.0773937
2025-01-01 12:20:00,1.0092609,1.0148686,1.0133517,0.9876484,1.0776129,1.0747631,1.077407
2025-01-01 12:21:00,1.0092695,1.0148787,1.013363,0.98766077,1.077626,1.0747765,1.0774202
2025-01-01 12:22:00,1.0092779,1.0148889,1.0133743,0.98767304,1.077639,1.0747899,1.0774335
2025-01-01 12:23:00,1.0092864,1.0148989,1.0133855,0.9876853,1.077652,1.0748031,1.0774466
2025-01-01 12:24:00,1.0092946,1.0149089,1.0133969,0.9876975,1.0776649,1.0748163,1.0774598
2025-01-01 12:25:00,1.0093031,1.0149188,1.013408,0.98770976,1.0776778,1.0748295,1.0774728
2025-01-01 12:26:00,1.0093113,1.0149288,1.0134193,0.987722,1.0776906,1.0748425,1.0774857
2025-01-01 12:27:00,1.0093198,1.0149387,1.0134305,0.9877342,1.0777035,1.0748557,1.0774987
2025-01-01 12:28:00,1.0093281,1.0149487,1.0134418,0.9877464,1.0777164,1.0748687,1.0775117
2025-01-01 12:29:00,1.0093366,1.0149587,1.0134531,0.9877587,1.0777292,1.0748818,1.0775247
2025-01-01 12:30:00,1.0133058,1.0187364,1.015368,0.98952776,1.080546,1.0771657,1.0794125
2025-01-01 12:31:00,1.0158888,1.0211955,1.0166168,0.990682,1.0823815,1.0786549,1.0806439
2025-01-01 12:32:00,1.0175707,1.0227975,1.0174325,0.99143654,1.0835791,1.0796274,1.0814489
2025-01-01 12:33:00,1.0186671,1.0238423,1.0179667,0.9919313,1.0843621,1.0802641,1.0819768
2025-01-01 12:34:00,1.0193828,1.0245252,1.0183179,0.9922573,1.0848756,1.0806826,1.0823243
2025-01-01 12:35:00,1.0198511,1.0249726,1.0185504,0.9924735,1.0852139,1.0809592,1.0825548
2025-01-01 12:36:00,1.0201585,1.0252669,1.0187054,0.9926184,1.0854383,1.0811436,1.0827091
2025-01-01 12:37:00,1.0203615,1.0254618,1.0188103,0.99271697,1.0855887,1.0812681,1.0828139
2025-01-01 12:38:00,1.0204966,1.0255922,1.0188825,0.99278533,1.085691,1.0813535,1.0828865
2025-01-01 12:39:00,1.0205874,1.0256807,1.0189335,0.99283415,1.0857619,1.0814136,1.0829382
2025-01-01 12:40:00,1.0206497,1.0257419,1.0189707,0.99287033,1.0858127,1.0814574,1.0829763
2025-01-01 12:41:00,1.0206933,1.0257853,1.0189991,0.99289817,1.0858502,1.0814904,1.0830057
2025-01-01 12:42:00,1.0207249,1.0258173,1.0190216,0.9929207,1.0858792,1.0815164,1.083029
2025-01-01 12:43:00,1.0207485,1.0258417,1.0190403,0.9929397,1.0859026,1.0815377,1.0830488
2025-01-01 12:44:00,1.0207672,1.0258614,1.0190566,0.99295646,1.0859222,1.0815563,1.0830661
2025-01-01 12:45:00,1.0207826,1.0258778,1.0190713,0.99297184,1.0859396,1.081573,1.0830817
2025-01-01 12:46:00,1.0207957,1.0258923,1.0190849,0.99298614,1.0859556,1.0815884,1.0830964
2025-01-01 12:47:00,1.0208075,1.0259054,1.0190979,0.99299985,1.0859704,1.081603,1.0831105
2025-01-01 12:48:00,1.0208185,1.0259176,1.0191106,0.99301326,1.0859846,1.081617,1.083124
2025-01-01 12:49:00,1.0208288,1.0259295,1.0191231,0.9930264,1.0859984,1.0816307,1.0831373
2025-01-01 12:50:00,1.0208389,1.0259409,1.0191352,0.99303925,1.086012,1.0816443,1.0831504
2025-01-01 12:51:00,1.0208488,1.025952,1.0191474,0.9930522,1.0860254,1.0816575,1.0831634
2025-01-01 12:52:00,1.0208584,1.0259631,1.0191594,0.99306494,1.0860387,1.0816708,1.0831763
2025-01-01 12:53:00,1.0208681,1.0259742,1.0191715,0.9930777,1.0860518,1.081684,1.083189
2025-01-01 12:54:00,1.0208776,1.0259851,1.0191834,0.99309045,1.086065,1.0816971,1.0832016
2025-01-01 12:55:00,1.0208873,1.0259962,1.0191954,0.9931032,1.0860782,1.0817102,1.0832144
2025-01-01 12:56:00,1.0208969,1.026007,1.0192074,0.99311596,1.0860913,1.0817232,1.083227
2025-01-01 12:57:00,1.0209064,1.0260181,1.0192194,0.9931287,1.0861043,1.0817362,1.0832396
2025-01-01 12:58:00,1.0209161,1.0260291,1.0192314,0.9931414,1.0861174,1.0817493,1.0832522
2025-01-01 12:59:00,1.0209258,1.0260401,1.0192436,0.99315417,1.0861304,1.0817623,1.0832648
2025-01-01 13:00:00,1.0244455,1.0293623,1.0207566,0.99461246,1.0883387,1.083466,1.0845367
2025-01-01 13:01:00,1.0267369,1.0315256,1.0217444,0.99556476,1.0897787,1.0845782,1.0853678
2025-01-01 13:02:00,1.0282296,1.0329356,1.0223907,0.99618834,1.0907192,1.0853055,1.0859123
2025-01-01 13:03:00,1.0292034,1.0338562,1.0228151,0.99659806,1.0913352,1.0857828,1.0862707
2025-01-01 13:04:00,1.0298398,1.0344583,1.0230951,0.9968689,1.0917401,1.0860976,1.086508
2025-01-01 13:05:00,1.0302569,1.0348537,1.0232816,0.9970495,1.092008,1.0863067,1.0866667
2025-01-01 13:06:00,1.0305316,1.0351146,1.023407,0.9971714,1.0921867,1.0864471,1.0867742
2025-01-01 13:07:00,1.0307137,1.0352881,1.0234928,0.9972551,1.0923074,1.086543,1.0868484
2025-01-01 13:08:00,1.0308355,1.0354049,1.0235529,0.99731404,1.0923904,1.0866098,1.086901
2025-01-01 13:09:00,1.0309182,1.0354848,1.0235963,0.99735683,1.092449,1.0866578,1.0869395
2025-01-01 13:10:00,1.0309757,1.0355408,1.0236287,0.9973892,1.0924916,1.0866935,1.0869688
2025-01-01 13:11:00,1.0310166,1.0355811,1.0236541,0.99741477,1.0925239,1.0867213,1.0869921
2025-01-01 13:12:00,1.0310466,1.0356114,1.0236751,0.9974359,1.0925497,1.0867438,1.0870117
2025-01-01 13:13:00,1.0310699,1.0356351,1.023693,0.99745417,1.0925708,1.086763,1.0870286
2025-01-01 13:14:00,1.0310886,1.0356547,1.0237089,0.9974706,1.0925891,1.08678,1.0870441
2025-01-01 13:15:00,1.0311043,1.0356712,1.0237237,0.9974858,1.0926057,1.0867954,1.0870583
2025-01-01 13:16:00,1.0311182,1.0356861,1.0237377,0.9975002,1.0926211,1.08681,1.0870719
2025-01-01 13:17:00,1.0311308,1.0357,1.0237511,0.99751407,1.0926356,1.0868239,1.087085
2025-01-01 13:18:00,1.0311427,1.035713,1.0237641,0.99752766,1.0926497,1.0868375,1.0870979
2025-01-01 13:19:00,1.0311542,1.0357255,1.023777,0.99754107,1.0926634,1.0868509,1.0871105
2025-01-01 13:20:00,1.0311651,1.0357378,1.0237898,0.9975543,1.0926769,1.086864,1.0871229
2025-01-01 13:21:00,1.031176,1.0357498,1.0238025,0.9975675,1.0926901,1.0868771,1.0871352
2025-01-01 13:22:00,1.0311867,1.0357617,1.0238152,0.99758065,1.0927035,1.0868901,1.0871475
2025-01-01 13:23:00,1.0311975,1.0357735,1.0238278,0.9975937,1.0927166,1.086903,1.0871596
2025-01-01 13:24:00,1.0312083,1.0357854,1.0238403,0.99760675,1.0927298,1.0869157,1.0871718
2025-01-01 13:25:00,1.031219,1.0357974,1.023853,0.9976198,1.0927429,1.0869286,1.0871838
2025-01-01 13:26:00,1.0312296,1.035809,1.0238656,0.9976328,1.092756,1.0869414,1.087196
2025-01-01 13:27:00,1.0312403,1.0358208,1.0238781,0.9976458,1.092769,1.0869541,1.087208
2025-01-01 13:28:00,1.0312511,1.0358328,1.0238907,0.9976589,1.0927821,1.0869669,1.0872201
2025-01-01 13:29:00,1.0312618,1.0358446,1.0239034,0.9976719,1.0927953,1.0869796,1.0872321
2025-01-01 13:30:00,1.0342696,1.0386521,1.0249875,0.99879354,1.0943558,1.0880729,1.0878655
2025-01-01 13:31:00,1.0362285,1.0404811,1.0256968,0.9995272,1.0953747,1.088788,1.0882814
2025-01-01 13:32:00,1.0375055,1.0416741,1.026162,1.0000087,1.0960416,1.0892574,1.0885558
2025-01-01 13:33:00,1.0383395,1.0424538,1.026469,1.0003262,1.0964795,1.0895668,1.0887383
2025-01-01 13:34:00,1.0388854,1.0429648,1.026673,1.0005372,1.0967689,1.0897723,1.0888612
2025-01-01 13:35:00,1.039244,1.0433012,1.02681,1.0006788,1.0969614,1.0899105,1.0889452
2025-01-01 13:36:00,1.039481,1.0435241,1.0269036,1.0007755,1.0970912,1.0900046,1.0890039
2025-01-01 13:37:00,1.039639,1.0436733,1.026969,1.0008429,1.0971801,1.0900701,1.0890461
2025-01-01 13:38:00,1.0397455,1.0437744,1.0270158,1.0008913,1.0972425,1.0901172,1.0890777
2025-01-01 13:39:00,1.0398186,1.0438445,1.0270507,1.0009274,1.0972875,1.0901521,1.0891024
2025-01-01 13:40:00,1.03987,1.0438942,1.0270779,1.0009553,1.0973215,1.0901793,1.0891224
2025-01-01 13:41:00,1.0399075,1.0439308,1.0271002,1.0009782,1.097348,1.0902013,1.0891397
2025-01-01 13:42:00,1.0399356,1.0439588,1.027119,1.0009977,1.0973698,1.0902199,1.089155
2025-01-01 13:43:00,1.0399579,1.0439814,1.0271358,1.0010148,1.0973885,1.0902364,1.0891688
2025-01-01 13:44:00,1.0399764,1.0440003,1.0271512,1.0010306,1.0974051,1.0902516,1.089182
2025-01-01 13:45:00,1.0399923,1.044017,1.0271658,1.0010455,1.0974206,1.0902658,1.0891947
2025-01-01 13:46:00,1.0400066,1.044032,1.0271797,1.0010597,1.0974351,1.0902792,1.0892068
2025-01-01 13:47:00,1.0400199,1.044046,1.0271933,1.0010734,1.0974491,1.0902925,1.0892187
2025-01-01 13:48:00,1.0400325,1.0440595,1.0272067,1.0010871,1.0974628,1.0903053,1.0892305
2025-01-01 13:49:00,1.0400448,1.0440726,1.0272198,1.0011004,1.0974761,1.090318,1.0892423
2025-01-01 13:50:00,1.0400567,1.0440855,1.0272329,1.0011138,1.0974894,1.0903306,1.0892539
2025-01-01 13:51:00,1.0400685,1.0440983,1.027246,1.0011271,1.0975024,1.090343,1.0892655
2025-01-01 13:52:00,1.0400802,1.0441108,1.027259,1.0011402,1.0975155,1.0903555,1.0892769
2025-01-01 13:53:00,1.0400918,1.0441233,1.027272,1.0011533,1.0975285,1.0903678,1.0892882
2025-01-01 13:54:00,1.0401034,1.0441358,1.027285,1.0011665,1.0975413,1.0903802,1.0892997
2025-01-01 13:55:00,1.040115,1.0441482,1.0272979,1.0011796,1.0975542,1.0903925,1.089311
2025-01-01 13:56:00,1.0401266,1.0441607,1.0273108,1.0011927,1.0975671,1.0904047,1.0893223
2025-01-01 13:57:00,1.0401381,1.0441731,1.0273238,1.0012058,1.09758,1.0904169,1.0893335
2025-01-01 13:58:00,1.0401497,1.0441856,1.0273367,1.0012189,1.0975928,1.0904292,1.0893449
2025-01-01 13:59:00,1.0401614,1.0441982,1.0273498,1.001232,1.0976057,1.0904415,1.0893561
2025-01-01 14:00:00,1.0426028,1.0464402,1.0279855,1.0019968,1.0984902,1.0909046,1.0893395
2025-01-01 14:01:00,1.0441937,1.047902,1.0284032,1.0024984,1.0990696,1.0912099,1.0893327
2025-01-01 14:02:00,1.0452319,1.0488565,1.0286794,1.0028291,1.0994508,1.0914125,1.0893321
2025-01-01 14:03:00,1.0459111,1.0494814,1.0288634,1.0030485,1.0997031,1.0915486,1.0893356
2025-01-01 14:04:00,1.0463566,1.0498921,1.0289875,1.0031959,1.0998714,1.0916411,1.0893416
2025-01-01 14:05:00,1.0466503,1.0501634,1.0290728,1.0032963,1.0999854,1.0917054,1.0893495
2025-01-01 14:06:00,1.0468453,1.050344,1.0291327,1.003366,1.1000638,1.0917517,1.0893584
2025-01-01 14:07:00,1.0469762,1.050466,1.0291764,1.0034158,1.1001192,1.0917857,1.089368
2025-01-01 14:08:00,1.0470655,1.0505496,1.0292093,1.0034529,1.1001598,1.0918121,1.0893781
2025-01-01 14:09:00,1.0471277,1.0506084,1.0292352,1.0034816,1.1001906,1.0918335,1.0893885
2025-01-01 14:10:00,1.0471723,1.0506511,1.0292566,1.0035048,1.1002151,1.0918515,1.089399
2025-01-01 14:11:00,1.0472057,1.0506834,1.0292752,1.0035244,1.1002353,1.0918673,1.0894096
2025-01-01 14:12:00,1.0472314,1.0507087,1.0292917,1.0035417,1.100253,1.0918819,1.0894203
2025-01-01 14:13:00,1.0472523,1.0507296,1.0293071,1.0035576,1.1002688,1.0918955,1.0894309
2025-01-01 14:14:00,1.0472702,1.0507478,1.0293218,1.0035723,1.1002835,1.0919085,1.0894417
2025-01-01 14:15:00,1.047286,1.050764,1.0293357,1.0035866,1.1002976,1.091921,1.0894524
2025-01-01 14:16:00,1.0473007,1.050779,1.0293494,1.0036004,1.100311,1.0919333,1.089463
2025-01-01 14:17:00,1.0473143,1.0507933,1.0293629,1.0036138,1.1003243,1.0919453,1.0894737
2025-01-01 14:18:00,1.0473274,1.050807,1.0293763,1.0036272,1.1003371,1.0919573,1.0894843
2025-01-01 14:19:00,1.0473403,1.0508204,1.0293896,1.0036405,1.10035,1.0919691,1.089495
2025-01-01 14:20:00,1.0473528,1.0508337,1.0294027,1.0036536,1.1003627,1.091981,1.0895056
2025-01-01 14:21:00,1.0473652,1.0508467,1.029416,1.0036668,1.1003753,1.0919927,1.089516
2025-01-01 14:22:00,1.0473776,1.0508597,1.0294291,1.0036798,1.1003879,1.0920044,1.0895265
2025-01-01 14:23:00,1.0473899,1.0508727,1.0294422,1.0036927,1.1004003,1.0920161,1.089537
2025-01-01 14:24:00,1.0474023,1.0508856,1.0294553,1.0037056,1.1004128,1.0920277,1.0895474
2025-01-01 14:25:00,1.0474145,1.0508984,1.0294684,1.0037186,1.1004254,1.0920392,1.0895578
2025-01-01 14:26:00,1.0474268,1.0509113,1.0294815,1.0037316,1.1004378,1.0920508,1.0895681
2025-01-01 14:27:00,1.0474391,1.0509242,1.0294946,1.0037446,1.1004502,1.0920624,1.0895784
2025-01-01 14:28:00,1.0474514,1.0509372,1.0295078,1.0037575,1.1004626,1.0920738,1.0895888
2025-01-01 14:29:00,1.0474638,1.05095,1.0295209,1.0037705,1.100475,1.0920854,1.089599
2025-01-01 14:30:00,1.0492957,1.0525872,1.029697,1.0041648,1.1006681,1.0919102,1.0889328
2025-01-01 14:31:00,1.0504907,1.0536559,1.029816,1.0044258,1.1007979,1.0918005,1.0885032
2025-01-01 14:32:00,1.0512719,1.054355,1.029898,1.0045998,1.1008866,1.091733,1.0882277
2025-01-01 14:33:00,1.051784,1.0548141,1.029956,1.0047175,1.1009485,1.0916932,1.088052
2025-01-01 14:34:00,1.0521212,1.0551169,1.0299982,1.0047984,1.100993,1.0916712,1.0879414
2025-01-01 14:35:00,1.0523447,1.0553184,1.0300301,1.0048555,1.1010263,1.0916609,1.087873
2025-01-01 14:36:00,1.0524944,1.0554539,1.0300556,1.0048972,1.1010522,1.091658,1.087832
2025-01-01 14:37:00,1.0525961,1.0555465,1.0300766,1.0049288,1.1010733,1.0916601,1.0878087
2025-01-01 14:38:00,1.0526664,1.0556111,1.0300949,1.0049537,1.1010911,1.0916654,1.087797
2025-01-01 14:39:00,1.0527167,1.0556579,1.0301113,1.0049745,1.101107,1.0916728,1.0877929
2025-01-01 14:40:00,1.0527538,1.0556927,1.0301267,1.0049925,1.1011217,1.0916815,1.0877937
2025-01-01 14:41:00,1.0527823,1.0557199,1.0301412,1.0050086,1.1011354,1.0916909,1.0877975
2025-01-01 14:42:00,1.0528052,1.0557421,1.0301553,1.0050235,1.1011486,1.0917009,1.0878035
2025-01-01 14:43:00,1.0528245,1.0557611,1.0301689,1.0050377,1.1011615,1.0917113,1.0878108
2025-01-01 14:44:00,1.0528414,1.055778,1.0301824,1.0050514,1.1011739,1.0917219,1.0878187
2025-01-01 14:45:00,1.0528569,1.0557936,1.0301957,1.0050648,1.1011862,1.0917327,1.0878273
2025-01-01 14:46:00,1.0528713,1.0558083,1.030209,1.0050778,1.1011984,1.0917435,1.0878361
2025-01-01 14:47:00,1.0528852,1.0558225,1.030222,1.0050908,1.1012106,1.0917543,1.0878454
2025-01-01 14:48:00,1.0528986,1.0558362,1.0302353,1.0051037,1.1012226,1.091765,1.0878546
2025-01-01 14:49:00,1.0529118,1.0558497,1.0302483,1.0051165,1.1012347,1.091776,1.0878639
2025-01-01 14:50:00,1.0529249,1.055863,1.0302614,1.0051293,1.1012466,1.0917869,1.0878732
2025-01-01 14:51:00,1.0529377,1.0558764,1.0302745,1.005142,1.1012584,1.0917976,1.0878825
2025-01-01 14:52:00,1.0529506,1.0558895,1.0302875,1.0051546,1.1012703,1.0918084,1.0878919
2025-01-01 14:53:00,1.0529635,1.0559027,1.0303006,1.0051672,1.1012822,1.0918192,1.0879012
2025-01-01 14:54:00,1.0529763,1.0559158,1.0303136,1.0051799,1.101294,1.0918299,1.0879107
2025-01-01 14:55:00,1.052989,1.0559288,1.0303266,1.0051925,1.101306,1.0918406,1.0879198
2025-01-01 14:56:00,1.0530018,1.0559419,1.0303397,1.0052052,1.1013176,1.0918512,1.087929
2025-01-01 14:57:00,1.0530145,1.055955,1.0303527,1.0052177,1.1013294,1.0918618,1.0879382
2025-01-01 14:58:00,1.0530273,1.0559682,1.0303657,1.0052302,1.1013411,1.0918725,1.0879474
2025-01-01 14:59:00,1.05304,1.0559813,1.0303787,1.0052428,1.1013529,1.0918831,1.0879564
2025-01-01 15:00:00,1.0542297,1.0569842,1.030092,1.0052598,1.100851,1.0910727,1.0866526
2025-01-01 15:01:00,1.0550076,1.0576406,1.0299102,1.005275,1.100529,1.0905497,1.0858083
2025-01-01 15:02:00,1.0555177,1.0580719,1.0297966,1.0052893,1.1003236,1.0902134,1.0852627
2025-01-01 15:03:00,1.0558536,1.0583568,1.0297273,1.005303,1.1001942,1.0899984,1.0849111
2025-01-01 15:04:00,1.0560766,1.0585465,1.0296868,1.0053164,1.1001141,1.0898622,1.0846856
2025-01-01 15:05:00,1.0562261,1.0586746,1.0296649,1.0053293,1.1000661,1.0897774,1.084542
2025-01-01 15:06:00,1.0563277,1.0587623,1.0296553,1.005342,1.1000389,1.0897259,1.0844518
2025-01-01 15:07:00,1.0563984,1.058824,1.0296537,1.0053546,1.1000252,1.0896958,1.0843961
2025-01-01 15:08:00,1.0564488,1.0588686,1.029657,1.0053672,1.1000203,1.0896798,1.084363
2025-01-01 15:09:00,1.056486,1.0589023,1.0296637,1.0053797,1.100021,1.089673,1.0843445
2025-01-01 15:10:00,1.0565147,1.0589287,1.0296726,1.005392,1.1000257,1.0896721,1.0843354
2025-01-01 15:11:00,1.056538,1.0589504,1.0296829,1.0054044,1.1000324,1.0896751,1.0843326
2025-01-01 15:12:00,1.0565577,1.0589691,1.0296941,1.0054166,1.1000409,1.0896806,1.0843337
2025-01-01 15:13:00,1.0565751,1.058986,1.0297059,1.0054289,1.1000503,1.0896876,1.0843372
2025-01-01 15:14:00,1.0565908,1.0590014,1.029718,1.0054412,1.1000603,1.0896957,1.0843426
2025-01-01 15:15:00,1.0566056,1.0590161,1.0297304,1.0054533,1.1000708,1.0897044,1.084349
2025-01-01 15:16:00,1.0566196,1.0590302,1.029743,1.0054656,1.1000816,1.0897135,1.0843561
2025-01-01 15:17:00,1.0566336,1.0590439,1.0297555,1.0054778,1.1000925,1.0897228,1.0843636
2025-01-01 15:18:00,1.0566471,1.0590575,1.0297682,1.0054901,1.1001034,1.0897323,1.0843712
2025-01-01 15:19:00,1.0566604,1.0590708,1.029781,1.0055022,1.1001145,1.0897418,1.0843791
2025-01-01 15:20:00,1.0566736,1.059084,1.0297937,1.0055144,1.1001254,1.0897516,1.0843871
2025-01-01 15:21:00,1.0566868,1.0590973,1.0298065,1.0055264,1.1001365,1.0897613,1.084395
2025-01-01 15:22:00,1.0566999,1.0591105,1.0298194,1.0055386,1.1001476,1.0897709,1.084403
2025-01-01 15:23:00,1.056713,1.0591235,1.029832,1.0055506,1.1001587,1.0897806,1.084411
2025-01-01 15:24:00,1.056726,1.0591366,1.0298449,1.0055627,1.1001697,1.0897902,1.084419
2025-01-01 15:25:00,1.056739,1.0591497,1.0298575,1.0055747,1.1001806,1.0897999,1.0844269
2025-01-01 15:26:00,1.0567521,1.0591627,1.0298703,1.0055867,1.1001916,1.0898094,1.0844349
2025-01-01 15:27:00,1.0567651,1.0591758,1.029883,1.0055987,1.1002026,1.089819,1.0844427
2025-01-01 15:28:00,1.0567781,1.059189,1.0298957,1.0056107,1.1002134,1.0898285,1.0844505
2025-01-01 15:29:00,1.0567912,1.059202,1.0299083,1.0056226,1.1002243,1.0898379,1.0844584
2025-01-01 15:30:00,1.0573175,1.0595529,1.029164,1.0052618,1.0990363,1.0884069,1.08254
2025-01-01 15:31:00,1.0576642,1.0597855,1.0286845,1.0050315,1.0982678,1.0874801,1.081296
2025-01-01 15:32:00,1.057894,1.0599414,1.0283773,1.0048858,1.097772,1.0868808,1.0804899
2025-01-01 15:33:00,1.058048,1.0600471,1.028182,1.0047952,1.0974535,1.0864946,1.0799686
2025-01-01 15:34:00,1.0581528,1.0601205,1.0280595,1.0047405,1.0972502,1.0862466,1.0796323
2025-01-01 15:35:00,1.0582253,1.0601728,1.0279841,1.004709,1.0971218,1.0860887,1.0794163
2025-01-01 15:36:00,1.0582771,1.0602113,1.0279397,1.0046927,1.0970421,1.0859892,1.0792785
2025-01-01 15:37:00,1.0583154,1.0602409,1.0279151,1.0046862,1.0969938,1.0859277,1.0791916
2025-01-01 15:38:00,1.0583448,1.0602646,1.0279036,1.0046861,1.0969663,1.0858909,1.0791374
2025-01-01 15:39:00,1.0583686,1.0602846,1.0279003,1.00469,1.096952,1.0858701,1.0791048
2025-01-01 15:40:00,1.0583886,1.0603021,1.0279027,1.0046967,1.0969464,1.0858598,1.0790862
2025-01-01 15:41:00,1.0584062,1.0603181,1.0279086,1.0047052,1.0969464,1.0858561,1.0790766
2025-01-01 15:42:00,1.0584223,1.060333,1.0279168,1.0047146,1.0969499,1.0858567,1.0790728
2025-01-01 15:43:00,1.0584372,1.0603473,1.0279264,1.0047247,1.0969559,1.0858604,1.0790728
2025-01-01 15:44:00,1.0584515,1.0603611,1.0279372,1.0047355,1.0969634,1.0858657,1.0790752
2025-01-01 15:45:00,1.0584655,1.0603745,1.0279484,1.0047464,1.0969718,1.0858723,1.0790793
2025-01-01 15:46:00,1.0584791,1.0603877,1.02796,1.0047575,1.0969809,1.0858796,1.0790843
2025-01-01 15:47:00,1.0584925,1.060401,1.0279719,1.0047688,1.0969903,1.0858873,1.0790899
2025-01-01 15:48:00,1.0585059,1.060414,1.0279838,1.0047802,1.0969999,1.0858954,1.079096
2025-01-01 15:49:00,1.0585191,1.0604271,1.027996,1.0047914,1.0970097,1.0859036,1.0791022
2025-01-01 15:50:00,1.0585324,1.06044,1.0280081,1.0048027,1.0970196,1.085912,1.0791086
2025-01-01 15:51:00,1.0585455,1.0604528,1.0280203,1.004814,1.0970296,1.0859203,1.0791152
2025-01-01 15:52:00,1.0585586,1.0604657,1.0280325,1.0048254,1.0970396,1.0859287,1.0791217
2025-01-01 15:53:00,1.0585717,1.0604786,1.0280448,1.0048367,1.0970495,1.085937,1.0791281
2025-01-01 15:54:00,1.0585848,1.0604914,1.0280571,1.004848,1.0970595,1.0859454,1.0791348
2025-01-01 15:55:00,1.0585979,1.0605043,1.0280693,1.0048592,1.0970694,1.0859537,1.0791413
2025-01-01 15:56:00,1.0586109,1.0605172,1.0280815,1.0048704,1.0970794,1.085962,1.0791478
2025-01-01 15:57:00,1.0586241,1.06053,1.0280937,1.0048816,1.0970893,1.0859704,1.0791543
2025-01-01 15:58:00,1.0586373,1.0605428,1.0281059,1.0048928,1.0970991,1.0859786,1.0791606
2025-01-01 15:59:00,1.0586503,1.0605556,1.028118,1.0049039,1.0971088,1.0859867,1.0791669
2025-01-01 16:00:00,1.0585037,1.060248,1.0269293,1.0041718,1.0952561,1.0839605,1.0766686
2025-01-01 16:01:00,1.058413,1.0600528,1.0261607,1.0036999,1.0940553,1.0826464,1.0750469
2025-01-01 16:02:00,1.0583586,1.0599302,1.0256655,1.003397,1.093278,1.081795,1.0739949
2025-01-01 16:03:00,1.0583278,1.0598549,1.0253477,1.0032039,1.0927762,1.0812443,1.0733131
2025-01-01 16:04:00,1.0583124,1.0598104,1.0251455,1.0030822,1.0924532,1.0808892,1.0728722
2025-01-01 16:05:00,1.058307,1.059786,1.0250181,1.0030069,1.0922467,1.080661,1.0725876
2025-01-01 16:06:00,1.058308,1.0597746,1.0249395,1.0029618,1.0921158,1.0805155,1.0724047
2025-01-01 16:07:00,1.0583133,1.0597715,1.0248926,1.0029362,1.092034,1.0804237,1.0722879
2025-01-01 16:08:00,1.0583212,1.0597742,1.0248662,1.0029233,1.091984,1.0803666,1.0722139
2025-01-01 16:09:00,1.0583309,1.0597801,1.0248532,1.0029187,1.091955,1.0803322,1.0721679
2025-01-01 16:10:00,1.0583419,1.0597885,1.024849,1.0029196,1.0919393,1.0803124,1.0721399
2025-01-01 16:11:00,1.0583534,1.0597984,1.0248504,1.0029237,1.0919323,1.0803022,1.0721236
2025-01-01 16:12:00,1.0583656,1.0598092,1.0248555,1.0029303,1.091931,1.0802983,1.0721152
2025-01-01 16:13:00,1.058378,1.0598207,1.0248629,1.0029382,1.0919333,1.0802983,1.0721115
2025-01-01 16:14:00,1.0583907,1.0598323,1.0248717,1.0029471,1.0919381,1.0803009,1.0721111
2025-01-01 16:15:00,1.0584035,1.0598445,1.0248816,1.0029565,1.0919445,1.0803051,1.0721127
2025-01-01 16:16:00,1.0584164,1.0598567,1.0248921,1.0029664,1.0919516,1.0803105,1.0721157
2025-01-01 16:17:00,1.0584292,1.0598689,1.0249029,1.0029764,1.0919595,1.0803165,1.0721194
2025-01-01 16:18:00,1.0584421,1.0598813,1.0249141,1.0029866,1.0919677,1.080323,1.0721236
2025-01-01 16:19:00,1.0584551,1.0598937,1.0249255,1.0029968,1.091976,1.0803297,1.0721282
2025-01-01 16:20:00,1.0584681,1.0599062,1.0249368,1.0030072,1.0919847,1.0803366,1.0721331
2025-01-01 16:21:00,1.0584811,1.0599188,1.0249484,1.0030174,1.0919933,1.0803435,1.072138
2025-01-01 16:22:00,1.0584941,1.0599312,1.0249598,1.0030278,1.0920022,1.0803504,1.0721428
2025-01-01 16:23:00,1.058507,1.0599436,1.0249714,1.0030382,1.0920109,1.0803574,1.0721478
2025-01-01 16:24:00,1.05852,1.0599561,1.0249829,1.0030485,1.0920197,1.0803642,1.0721527
2025-01-01 16:25:00,1.058533,1.0599684,1.0249944,1.0030588,1.0920284,1.0803713,1.0721577
2025-01-01 16:26:00,1.0585458,1.0599808,1.0250058,1.0030689,1.0920371,1.0803782,1.0721627
2025-01-01 16:27:00,1.0585588,1.0599931,1.0250174,1.0030792,1.0920458,1.080385,1.0721676
2025-01-01 16:28:00,1.0585717,1.0600054,1.0250287,1.0030893,1.0920544,1.0803919,1.0721724
2025-01-01 16:29:00,1.0585846,1.0600178,1.0250401,1.0030994,1.092063,1.0803987,1.0721772
2025-01-01 16:30:00,1.0577677,1.0590574,1.0234283,1.0020092,1.0895784,1.0778136,1.0691434
2025-01-01 16:31:00,1.0572413,1.0584373,1.0223846,1.0013039,1.0879666,1.0761356,1.067173
2025-01-01 16:32:00,1.0569037,1.0580387,1.0217102,1.000849,1.0869216,1.0750471,1.0658939
2025-01-01 16:33:00,1.0566888,1.0577838,1.0212758,1.0005567,1.0862454,1.074342,1.065064
2025-01-01 16:34:00,1.0565535,1.0576224,1.0209972,1.0003703,1.0858088,1.0738858,1.0645261
2025-01-01 16:35:00,1.05647,1.0575218,1.02082,1.0002525,1.0855278,1.0735917,1.0641779
2025-01-01 16:36:00,1.0564203,1.0574607,1.0207088,1.0001793,1.085348,1.0734025,1.0639532
2025-01-01 16:37:00,1.0563926,1.0574251,1.0206404,1.0001352,1.085234,1.0732819,1.0638084
2025-01-01 16:38:00,1.0563788,1.0574063,1.0205998,1.0001099,1.0851629,1.0732056,1.0637159
2025-01-01 16:39:00,1.0563744,1.0573982,1.0205773,1.0000969,1.0851194,1.0731583,1.0636573
2025-01-01 16:40:00,1.056376,1.0573972,1.0205665,1.0000918,1.0850937,1.0731295,1.0636206
2025-01-01 16:41:00,1.0563815,1.0574008,1.0205634,1.0000918,1.08508,1.0731131,1.0635982
2025-01-01 16:42:00,1.0563895,1.0574073,1.020565,1.0000952,1.0850738,1.0731044,1.0635849
2025-01-01 16:43:00,1.0563991,1.0574157,1.02057,1.0001007,1.0850726,1.0731009,1.0635778
2025-01-01 16:44:00,1.05641,1.0574254,1.0205771,1.0001076,1.0850745,1.0731008,1.0635744
2025-01-01 16:45:00,1.0564214,1.0574358,1.0205855,1.0001155,1.0850785,1.0731027,1.0635736
2025-01-01 16:46:00,1.0564332,1.0574467,1.0205947,1.0001239,1.0850837,1.0731059,1.0635743
2025-01-01 16:47:00,1.0564452,1.0574582,1.0206045,1.0001326,1.0850899,1.0731102,1.0635761
2025-01-01 16:48:00,1.0564576,1.0574695,1.0206146,1.0001415,1.0850966,1.0731149,1.0635785
2025-01-01 16:49:00,1.05647,1.0574812,1.0206249,1.0001506,1.0851035,1.07312,1.0635813
2025-01-01 16:50:00,1.0564826,1.057493,1.0206354,1.0001596,1.0851107,1.0731252,1.0635844
2025-01-01 16:51:00,1.0564951,1.0575047,1.0206459,1.0001688,1.0851179,1.0731305,1.0635877
2025-01-01 16:52:00,1.0565076,1.0575163,1.0206565,1.000178,1.0851253,1.0731359,1.063591
2025-01-01 16:53:00,1.0565202,1.0575281,1.020667,1.0001872,1.0851327,1.0731413,1.0635943
2025-01-01 16:54:00,1.0565327,1.0575398,1.0206776,1.0001962,1.08514,1.0731467,1.0635976
2025-01-01 16:55:00,1.0565454,1.0575516,1.0206882,1.0002054,1.0851474,1.0731522,1.0636009
2025-01-01 16:56:00,1.0565579,1.0575633,1.0206987,1.0002145,1.0851548,1.0731575,1.0636042
2025-01-01 16:57:00,1.0565704,1.057575,1.0207092,1.0002234,1.085162,1.0731629,1.0636076
2025-01-01 16:58:00,1.0565829,1.0575867,1.0207196,1.0002325,1.0851693,1.0731683,1.0636107
2025-01-01 16:59:00,1.0565954,1.0575984,1.0207301,1.0002414,1.0851765,1.0731735,1.0636139
2025-01-01 17:00:00,1.0551227,1.056002,1.0187236,0.99881214,1.0821043,1.0700752,1.0600982
2025-01-01 17:01:00,1.05417,1.0549685,1.017423,0.99788624,1.0801098,1.068063,1.0578141
2025-01-01 17:02:00,1.053555,1.0543007,1.0165813,0.99728745,1.0788158,1.066757,1.0563304
2025-01-01 17:03:00,1.0531596,1.0538707,1.0160377,0.99690133,1.0779772,1.0659096,1.055367
2025-01-01 17:04:00,1.0529069,1.0535951,1.0156881,0.9966534,1.0774344,1.0653607,1.0547417
2025-01-01 17:05:00,1.052747,1.05342,1.0154642,0.9964952,1.0770841,1.0650054,1.0543363
2025-01-01 17:06:00,1.0526474,1.0533103,1.0153223,0.9963954,1.0768588,1.0647763,1.0540737
2025-01-01 17:07:00,1.0525868,1.0532428,1.0152336,0.9963335,1.0767146,1.0646291,1.0539038
2025-01-01 17:08:00,1.0525517,1.053203,1.0151795,0.9962962,1.0766233,1.0645349,1.0537944
2025-01-01 17:09:00,1.0525334,1.053181,1.0151478,0.996275,1.0765662,1.0644753,1.053724
2025-01-01 17:10:00,1.0525255,1.0531707,1.0151306,0.9962641,1.0765314,1.0644381,1.0536791
2025-01-01 17:11:00,1.0525249,1.0531679,1.015123,0.99626,1.0765111,1.0644156,1.0536509
2025-01-01 17:12:00,1.0525286,1.0531701,1.0151216,0.9962602,1.0765002,1.0644025,1.0536332
2025-01-01 17:13:00,1.0525354,1.0531753,1.015124,0.99626327,1.0764952,1.0643955,1.0536226
2025-01-01 17:14:00,1.052544,1.0531827,1.015129,0.9962681,1.0764943,1.0643926,1.0536164
2025-01-01 17:15:00,1.0525539,1.0531914,1.0151358,0.9962741,1.076496,1.064392,1.0536132
2025-01-01 17:16:00,1.0525645,1.0532008,1.0151435,0.99628085,1.0764992,1.0643933,1.0536119
2025-01-01 17:17:00,1.0525757,1.0532109,1.015152,0.99628806,1.0765035,1.0643955,1.0536115
2025-01-01 17:18:00,1.0525873,1.0532213,1.0151609,0.9962956,1.0765085,1.0643984,1.0536121
2025-01-01 17:19:00,1.052599,1.0532318,1.0151701,0.99630326,1.0765139,1.0644017,1.0536132
2025-01-01 17:20:00,1.0526108,1.0532427,1.0151794,0.996311,1.0765194,1.0644053,1.0536145
2025-01-01 17:21:00,1.0526226,1.0532535,1.0151888,0.9963189,1.0765252,1.064409,1.0536159
2025-01-01 17:22:00,1.0526345,1.0532644,1.0151982,0.9963267,1.076531,1.0644128,1.0536176
2025-01-01 17:23:00,1.0526464,1.0532752,1.0152076,0.9963345,1.0765369,1.0644166,1.0536193
2025-01-01 17:24:00,1.0526584,1.0532861,1.0152171,0.9963423,1.0765427,1.0644205,1.0536208
2025-01-01 17:25:00,1.0526704,1.0532969,1.0152266,0.9963501,1.0765486,1.0644242,1.0536224
2025-01-01 17:26:00,1.0526823,1.0533079,1.015236,0.9963579,1.0765544,1.064428,1.053624
2025-01-01 17:27:00,1.0526941,1.0533186,1.0152454,0.9963656,1.0765603,1.0644317,1.0536256
2025-01-01 17:28:00,1.052706,1.0533293,1.0152547,0.9963733,1.076566,1.0644354,1.0536271
2025-01-01 17:29:00,1.0527179,1.0533402,1.0152642,0.9963809,1.0765717,1.064439,1.0536286
2025-01-01 17:30:00,1.0506161,1.0511369,1.0128993,0.9946386,1.0729673,1.0608835,1.0496945
2025-01-01 17:31:00,1.0492541,1.0497084,1.0113654,0.9935087,1.0706263,1.0585736,1.047138
2025-01-01 17:32:00,1.0483729,1.0487835,1.0103716,0.9927769,1.0691065,1.0570734,1.0454764
2025-01-01 17:33:00,1.0478042,1.0481861,1.0097288,0.99230367,1.0681206,1.0560994,1.044397
2025-01-01 17:34:00,1.0474386,1.0478015,1.0093141,0.9919987,1.0674815,1.0554675,1.0436956
2025-01-01 17:35:00,1.0472052,1.0475552,1.0090476,0.99180305,1.067068,1.0550579,1.0432402
2025-01-01 17:36:00,1.0470574,1.0473987,1.0088776,0.99167836,1.0668011,1.0547926,1.0429443
2025-01-01 17:37:00,1.0469655,1.0473006,1.0087701,0.9915998,1.0666295,1.0546213,1.0427525
2025-01-01 17:38:00,1.0469098,1.0472405,1.0087035,0.9915512,1.0665197,1.0545111,1.042628
2025-01-01 17:39:00,1.0468775,1.047205,1.0086632,0.99152213,1.0664501,1.0544405,1.0425473
2025-01-01 17:40:00,1.0468606,1.0471855,1.00864,0.9915057,1.0664066,1.0543956,1.0424953
2025-01-01 17:41:00,1.0468537,1.0471766,1.0086282,0.99149746,1.0663801,1.0543674,1.0424615
2025-01-01 17:42:00,1.0468532,1.0471742,1.0086235,0.9914945,1.0663646,1.0543501,1.0424398
2025-01-01 17:43:00,1.0468569,1.0471764,1.0086235,0.99149495,1.0663563,1.0543396,1.042426
2025-01-01 17:44:00,1.0468632,1.0471812,1.0086265,0.9914977,1.0663525,1.0543339,1.0424172
2025-01-01 17:45:00,1.0468713,1.047188,1.0086313,0.9915018,1.0663518,1.0543311,1.0424114
2025-01-01 17:46:00,1.0468806,1.0471959,1.0086375,0.9915069,1.066353,1.0543302,1.0424079
2025-01-01 17:47:00,1.0468906,1.0472046,1.0086446,0.9915125,1.0663552,1.0543305,1.0424057
2025-01-01 17:48:00,1.0469011,1.0472138,1.0086521,0.9915184,1.0663584,1.0543314,1.0424044
2025-01-01 17:49:00,1.0469118,1.0472232,1.0086598,0.99152464,1.0663621,1.054333,1.0424036
2025-01-01 17:50:00,1.0469228,1.0472327,1.0086678,0.9915309,1.0663661,1.0543349,1.0424031
2025-01-01 17:51:00,1.0469338,1.0472424,1.008676,0.9915373,1.0663701,1.0543368,1.0424029
2025-01-01 17:52:00,1.046945,1.0472523,1.0086842,0.9915437,1.0663744,1.0543389,1.0424027
2025-01-01 17:53:00,1.0469561,1.0472621,1.0086924,0.99155,1.0663787,1.0543411,1.0424026
2025-01-01 17:54:00,1.046967,1.0472718,1.0087005,0.9915564,1.066383,1.0543432,1.0424025
2025-01-01 17:55:00,1.0469782,1.0472816,1.0087087,0.9915627,1.0663872,1.0543453,1.0424024
2025-01-01 17:56:00,1.0469893,1.0472914,1.0087168,0.99156904,1.0663915,1.0543474,1.0424023
2025-01-01 17:57:00,1.0470004,1.0473012,1.0087249,0.9915753,1.0663958,1.0543494,1.042402
2025-01-01 17:58:00,1.0470115,1.0473108,1.008733,0.9915815,1.0663999,1.0543514,1.0424019
2025-01-01 17:59:00,1.0470225,1.0473205,1.008741,0.9915877,1.066404,1.0543535,1.0424016
2025-01-01 18:00:00,1.0443289,1.0445493,1.00606,0.9895632,1.0623313,1.0504038,1.0381192
2025-01-01 18:01:00,1.0425819,1.0427514,1.00432,0.9882494,1.0596855,1.0478371,1.0353355
2025-01-01 18:02:00,1.0414503,1.041586,1.0031918,0.98739755,1.0579671,1.0461694,1.0335258
2025-01-01 18:03:00,1.0407184,1.0408319,1.0024612,0.98684585,1.0568514,1.0450859,1.0323493
2025-01-01 18:04:00,1.0402465,1.040345,1.001989,0.9864893,1.0561275,1.0443822,1.0315844
2025-01-01 18:05:00,1.0399436,1.0400317,1.0016847,0.9862595,1.0556583,1.0439254,1.0310869
2025-01-01 18:06:00,1.0397503,1.0398314,1.0014896,0.98611224,1.0553546,1.0436289,1.0307633
2025-01-01 18:07:00,1.0396286,1.0397044,1.0013654,0.9860184,1.0551584,1.0434368,1.0305526
2025-01-01 18:08:00,1.0395532,1.0396252,1.0012875,0.9859594,1.0550321,1.0433123,1.0304155
2025-01-01 18:09:00,1.0395079,1.0395769,1.0012393,0.985923,1.0549512,1.0432317,1.030326
2025-01-01 18:10:00,1.039482,1.0395486,1.0012106,0.98590124,1.0548999,1.04318,1.0302674
2025-01-01 18:11:00,1.0394691,1.0395335,1.0011946,0.985889,1.0548677,1.0431466,1.030229
2025-01-01 18:12:00,1.0394642,1.0395268,1.0011867,0.98588294,1.054848,1.0431253,1.0302037
2025-01-01 18:13:00,1.0394648,1.0395256,1.0011841,0.9858809,1.0548363,1.0431118,1.0301868
2025-01-01 18:14:00,1.0394689,1.039528,1.0011849,0.9858814,1.0548297,1.0431035,1.0301753
2025-01-01 18:15:00,1.0394752,1.0395327,1.0011882,0.9858836,1.0548265,1.0430983,1.0301675
2025-01-01 18:16:00,1.039483,1.0395387,1.0011926,0.9858869,1.0548255,1.0430952,1.0301619
2025-01-01 18:17:00,1.0394915,1.039546,1.001198,0.9858908,1.054826,1.0430936,1.0301577
2025-01-01 18:18:00,1.0395007,1.0395536,1.001204,0.98589504,1.0548273,1.0430928,1.0301546
2025-01-01 18:19:00,1.0395104,1.0395616,1.0012103,0.9858996,1.0548294,1.0430925,1.030152
2025-01-01 18:20:00,1.0395203,1.0395701,1.001217,0.9859044,1.0548315,1.0430926,1.0301497
2025-01-01 18:21:00,1.0395303,1.0395784,1.0012237,0.98590916,1.054834,1.0430928,1.0301477
2025-01-01 18:22:00,1.0395403,1.0395869,1.0012304,0.98591393,1.0548365,1.0430932,1.0301458
2025-01-01 18:23:00,1.0395503,1.0395955,1.0012372,0.98591876,1.054839,1.0430936,1.0301439
2025-01-01 18:24:00,1.0395604,1.0396041,1.001244,0.9859236,1.0548416,1.0430939,1.0301421
2025-01-01 18:25:00,1.0395706,1.0396127,1.0012506,0.9859283,1.0548443,1.0430943,1.0301402
2025-01-01 18:26:00,1.0395807,1.0396212,1.0012574,0.98593307,1.0548469,1.0430948,1.0301384
2025-01-01 18:27:00,1.0395908,1.0396297,1.0012641,0.9859378,1.0548494,1.0430951,1.0301365
2025-01-01 18:28:00,1.0396008,1.0396382,1.0012708,0.9859424,1.0548519,1.0430954,1.0301346
2025-01-01 18:29:00,1.0396109,1.0396466,1.0012773,0.9859471,1.0548544,1.0430956,1.0301327
2025-01-01 18:30:00,1.0363734,1.0363569,0.99832773,0.9836766,1.0503861,1.0388224,1.025578
2025-01-01 18:31:00,1.0342727,1.0342215,0.9964127,0.98220235,1.0474825,1.0360448,1.0226169
2025-01-01 18:32:00,1.0329106,1.0328364,0.99517024,0.98124564,1.0455959,1.0342394,1.0206913
2025-01-01 18:33:00,1.0320286,1.031939,0.99436474,0.9806252,1.0443704,1.0330658,1.0194389
2025-01-01 18:34:00,1.0314587,1.0313585,0.99384344,0.9802235,1.0435746,1.0323029,1.0186241
2025-01-01 18:35:00,1.0310917,1.030984,0.9935067,0.9799638,1.0430579,1.0318071,1.0180935
2025-01-01 18:36:00,1.0308565,1.0307435,0.99329007,0.97979647,1.0427228,1.0314845,1.0177478
2025-01-01 18:37:00,1.0307071,1.0305899,0.99315137,0.9796891,1.0425056,1.0312748,1.0175222
2025-01-01 18:38:00,1.0306133,1.0304928,0.9930633,0.97962075,1.0423651,1.0311384,1.0173746
2025-01-01 18:39:00,1.0305557,1.0304325,0.9930082,0.97957766,1.0422744,1.0310495,1.0172778
2025-01-01 18:40:00,1.0305215,1.030396,0.99297446,0.979551,1.042216,1.0309916,1.017214
2025-01-01 18:41:00,1.0305027,1.0303751,0.99295455,0.97953504,1.0421786,1.0309536,1.0171715
2025-01-01 18:42:00,1.0304937,1.0303642,0.9929437,0.979526,1.042155,1.0309289,1.0171429
2025-01-01 18:43:00,1.0304912,1.0303597,0.9929387,0.97952145,1.0421401,1.0309126,1.0171233
2025-01-01 18:44:00,1.0304929,1.0303595,0.99293745,0.9795198,1.042131,1.0309017,1.0171095
2025-01-01 18:45:00,1.0304971,1.030362,0.99293864,0.97951996,1.0421256,1.0308944,1.0170995
2025-01-01 18:46:00,1.0305032,1.0303664,0.9929414,0.97952133,1.0421226,1.0308894,1.0170919
2025-01-01 18:47:00,1.0305103,1.0303719,0.99294513,0.9795235,1.042121,1.0308857,1.0170859
2025-01-01 18:48:00,1.0305182,1.030378,0.99294955,0.97952604,1.0421205,1.0308831,1.017081
2025-01-01 18:49:00,1.0305265,1.0303845,0.9929543,0.9795289,1.0421206,1.0308809,1.0170766
2025-01-01 18:50:00,1.0305351,1.0303915,0.9929593,0.97953194,1.0421209,1.0308791,1.0170726
2025-01-01 18:51:00,1.0305439,1.0303985,0.99296445,0.97953504,1.0421216,1.0308777,1.0170687
2025-01-01 18:52:00,1.0305527,1.0304056,0.99296963,0.97953826,1.0421225,1.0308763,1.0170652
2025-01-01 18:53:00,1.0305617,1.0304129,0.99297494,0.9795414,1.0421233,1.0308748,1.0170616
2025-01-01 18:54:00,1.0305706,1.0304201,0.9929801,0.9795446,1.0421243,1.0308735,1.0170581
2025-01-01 18:55:00,1.0305796,1.0304272,0.99298537,0.9795477,1.0421251,1.0308722,1.0170546
2025-01-01 18:56:00,1.0305884,1.0304344,0.99299055,0.97955084,1.042126,1.0308709,1.017051
2025-01-01 18:57:00,1.0305973,1.0304415,0.99299574,0.9795539,1.0421269,1.0308696,1.0170475
2025-01-01 18:58:00,1.0306062,1.0304486,0.99300086,0.9795569,1.0421277,1.0308682,1.017044
2025-01-01 18:59:00,1.030615,1.0304556,0.99300593,0.97955984,1.0421284,1.0308667,1.0170403
2025-01-01 19:00:00,1.0268918,1.0267063,0.98984045,0.9770839,1.0373445,1.0263461,1.012295
2025-01-01 19:01:00,1.0244747,1.0242716,0.9877846,0.97547555,1.0342351,1.023407,1.0092092
2025-01-01 19:02:00,1.0229067,1.0226915,0.9864501,0.974431,1.032214,1.0214962,1.007202
2025-01-01 19:03:00,1.0218904,1.0216669,0.9855842,0.973753,1.0309006,1.0202533,1.0058961
2025-01-01 19:04:00,1.021233,1.0210031,0.9850231,0.97331315,1.0300469,1.019445,1.0050458
2025-01-01 19:05:00,1.0208083,1.020574,0.98465997,0.9730282,1.0294921,1.0189188,1.0044916
2025-01-01 19:06:00,1.0205355,1.0202974,0.98442554,0.9728438,1.0291317,1.0185761,1.00413
2025-01-01 19:07:00,1.020361,1.0201199,0.9842748,0.9727248,1.0288975,1.0183526,1.0038934
2025-01-01 19:08:00,1.0202504,1.0200068,0.98417836,0.9726483,1.0287453,1.0182066,1.0037382
2025-01-01 19:09:00,1.0201815,1.0199356,0.9841172,0.9725994,1.0286463,1.018111,1.0036358
2025-01-01 19:10:00,1.0201397,1.0198916,0.984079,0.97256833,1.0285821,1.018048,1.0035676
2025-01-01 19:11:00,1.0201154,1.0198652,0.98405576,0.9725489,1.0285404,1.0180063,1.0035218
2025-01-01 19:12:00,1.0201024,1.0198503,0.98404205,0.97253704,1.0285131,1.0179784,1.0034906
2025-01-01 19:13:00,1.0200967,1.0198426,0.98403466,0.97253,1.0284953,1.0179595,1.0034686
2025-01-01 19:14:00,1.020096,1.0198399,0.9840313,0.9725262,1.0284837,1.0179462,1.0034527
2025-01-01 19:15:00,1.0200982,1.0198402,0.98403054,0.97252434,1.028476,1.0179368,1.0034407
2025-01-01 19:16:00,1.0201025,1.0198426,0.9840315,0.97252387,1.0284709,1.0179298,1.0034314
2025-01-01 19:17:00,1.020108,1.0198463,0.9840335,0.97252417,1.0284675,1.0179243,1.0034237
2025-01-01 19:18:00,1.0201144,1.0198509,0.9840362,0.972525,1.0284652,1.0179199,1.003417
2025-01-01 19:19:00,1.0201212,1.0198559,0.9840393,0.97252613,1.0284635,1.017916,1.0034109
2025-01-01 19:20:00,1.0201285,1.0198611,0.9840427,0.97252744,1.0284622,1.0179125,1.0034053
2025-01-01 19:21:00,1.0201359,1.0198667,0.9840463,0.9725289,1.0284611,1.0179093,1.0033998
2025-01-01 19:22:00,1.0201434,1.0198724,0.98404986,0.97253036,1.0284601,1.0179061,1.0033946
2025-01-01 19:23:00,1.020151,1.019878,0.98405343,0.97253186,1.0284593,1.0179031,1.0033895
2025-01-01 19:24:00,1.0201586,1.0198836,0.98405707,0.97253335,1.0284585,1.0179001,1.0033842
2025-01-01 19:25:00,1.0201662,1.0198894,0.98406065,0.9725348,1.0284576,1.017897,1.0033791
2025-01-01 19:26:00,1.0201737,1.019895,0.9840642,0.97253615,1.0284567,1.017894,1.0033739
2025-01-01 19:27:00,1.0201813,1.0199007,0.9840678,0.9725375,1.0284559,1.0178909,1.0033687
2025-01-01 19:28:00,1.0201888,1.0199063,0.9840713,0.9725388,1.028455,1.0178878,1.0033635
2025-01-01 19:29:00,1.0201963,1.0199118,0.9840748,0.9725401,1.0284541,1.0178847,1.0033582
2025-01-01 19:30:00,1.0160531,1.015769,0.9807496,0.9699026,1.0234389,1.013197,0.9985063
2025-01-01 19:31:00,1.0133625,1.0130782,0.9785894,0.9681886,1.0201787,1.0101486,0.99535066
2025-01-01 19:32:00,1.0116161,1.011331,0.9771864,0.9670748,1.0180591,1.0081661,0.9932975
2025-01-01 19:33:00,1.0104836,1.0101972,0.9762755,0.96635115,1.016681,1.0068762,0.991961
2025-01-01 19:34:00,1.0097499,1.0094619,0.97568446,0.9658811,1.0157846,1.0060365,0.9910903
2025-01-01 19:35:00,1.0092756,1.0089858,0.9753014,0.9655758,1.0152016,1.0054896,0.9905223
2025-01-01 19:36:00,1.0089695,1.0086781,0.97505337,0.9653777,1.0148221,1.0051327,0.9901512
2025-01-01 19:37:00,1.0087732,1.0084798,0.9748932,0.9652491,1.0145749,1.0048995,0.9899079
2025-01-01 19:38:00,1.0086479,1.0083528,0.97479016,0.96516585,1.0144136,1.0047466,0.98974776
2025-01-01 19:39:00,1.008569,1.0082718,0.97472405,0.96511185,1.0143082,1.0046458,0.9896416
2025-01-01 19:40:00,1.00852,1.008221,0.9746821,0.965077,1.0142392,1.004579,0.9895705
2025-01-01 19:41:00,1.0084907,1.0081897,0.97465575,0.9650545,1.0141937,1.0045341,0.98952216
2025-01-01 19:42:00,1.0084739,1.0081708,0.9746396,0.96503997,1.0141635,1.0045036,0.9894887
2025-01-01 19:43:00,1.0084653,1.0081604,0.97462994,0.96503067,1.0141431,1.0044824,0.98946476
2025-01-01 19:44:00,1.0084621,1.0081551,0.9746246,0.96502477,1.0141293,1.004467,0.9894471
2025-01-01 19:45:00,1.0084623,1.0081533,0.9746219,0.965021,1.0141195,1.0044557,0.9894334
2025-01-01 19:46:00,1.0084648,1.0081538,0.974621,0.96501863,1.0141125,1.0044469,0.9894223
2025-01-01 19:47:00,1.0084686,1.0081556,0.97462124,0.96501714,1.0141071,1.0044396,0.9894129
2025-01-01 19:48:00,1.0084734,1.0081584,0.9746222,0.9650161,1.0141029,1.0044334,0.9894046
2025-01-01 19:49:00,1.0084786,1.0081617,0.9746237,0.9650155,1.0140995,1.0044278,0.989397
2025-01-01 19:50:00,1.0084845,1.0081654,0.97462535,0.96501505,1.0140965,1.0044227,0.9893897
2025-01-01 19:51:00,1.0084904,1.0081693,0.97462714,0.9650148,1.0140936,1.0044177,0.9893828
2025-01-01 19:52:00,1.0084964,1.0081732,0.97462904,0.9650145,1.014091,1.0044129,0.989376
2025-01-01 19:53:00,1.0085025,1.0081773,0.974631,0.9650143,1.0140884,1.0044082,0.9893693
2025-01-01 19:54:00,1.0085086,1.0081813,0.9746329,0.96501404,1.0140859,1.0044036,0.98936254
2025-01-01 19:55:00,1.0085146,1.0081854,0.9746349,0.96501374,1.0140834,1.0043988,0.98935586
2025-01-01 19:56:00,1.0085208,1.0081896,0.97463673,0.9650134,1.0140808,1.0043942,0.9893491
2025-01-01 19:57:00,1.0085269,1.0081936,0.97463864,0.9650131,1.0140783,1.0043895,0.9893424
2025-01-01 19:58:00,1.008533,1.0081975,0.9746404,0.96501267,1.0140756,1.0043848,0.98933566
2025-01-01 19:59:00,1.008539,1.0082015,0.9746422,0.96501225,1.0140729,1.00438,0.98932886
2025-01-01 20:00:00,1.0040506,1.0037404,0.97121733,0.9622608,1.0089175,0.9996096,0.9844579
2025-01-01 20:01:00,1.0011351,1.000842,0.96899176,0.96047205,1.0055653,0.99650705,0.9812893
2025-01-01 20:02:00,0.9992422,0.99895936,0.96754557,0.95930916,1.0033855,0.99448866,0.97922736
2025-01-01 20:03:00,0.99801373,0.99773693,0.9666061,0.95855296,1.0019674,0.9931749,0.9778846
2025-01-01 20:04:00,0.9972172,0.99694353,0.9659959,0.95806116,1.0010448,0.99231917,0.9770093
2025-01-01 20:05:00,0.9967014,0.9964291,0.9655998,0.9577412,1.0004438,0.9917611,0.9764378
2025-01-01 20:06:00,0.99636805,0.99609596,0.9653427,0.9575328,1.0000521,0.99139655,0.9760639
2025-01-01 20:07:00,0.99615335,0.99588054,0.96517605,0.9573971,0.9997964,0.9911577,0.9758182
2025-01-01 20:08:00,0.99601567,0.9957417,0.9650681,0.9573085,0.999629,0.9910006,0.97565603
2025-01-01 20:09:00,0.99592805,0.9956526,0.9649983,0.9572505,0.9995191,0.9908965,0.97554797
2025-01-01 20:10:00,0.995873,0.9955959,0.96495336,0.9572123,0.99944645,0.990827,0.9754752
2025-01-01 20:11:00,0.995839,0.99556005,0.96492445,0.9571871,0.99939805,0.9907799,0.97542524
2025-01-01 20:12:00,0.9958188,0.9955379,0.964906,0.9571703,0.9993653,0.9907473,0.97539014
2025-01-01 20:13:00,0.9958074,0.9955245,0.9648943,0.95715886,0.99934286,0.99072415,0.9753647
2025-01-01 20:14:00,0.99580187,0.9955169,0.964887,0.95715094,0.99932694,0.9907071,0.97534555
2025-01-01 20:15:00,0.9958,0.995513,0.9648825,0.9571453,0.9993154,0.99069405,0.97533035
2025-01-01 20:16:00,0.99580055,0.9955115,0.9648798,0.95714104,0.99930656,0.9906835,0.97531784
2025-01-01 20:17:00,0.99580264,0.99551153,0.9648783,0.95713776,0.99929947,0.9906746,0.975307
2025-01-01 20:18:00,0.9958058,0.9955125,0.9648775,0.9571351,0.99929357,0.9906668,0.97529715
2025-01-01 20:19:00,0.9958095,0.9955141,0.9648772,0.9571327,0.9992884,0.99065965,0.9752881
2025-01-01 20:20:00,0.99581355,0.995516,0.9648772,0.95713055,0.99928355,0.99065286,0.9752794
2025-01-01 20:21:00,0.99581784,0.9955182,0.96487725,0.95712847,0.9992791,0.99064636,0.975271
2025-01-01 20:22:00,0.9958223,0.99552053,0.9648774,0.9571265,0.99927473,0.99064004,0.97526276
2025-01-01 20:23:00,0.99582684,0.9955229,0.96487767,0.95712453,0.9992705,0.9906337,0.9752546
2025-01-01 20:24:00,0.99583143,0.99552536,0.96487784,0.9571226,0.99926627,0.99062747,0.9752464
2025-01-01 20:25:00,0.99583596,0.99552774,0.9648781,0.9571206,0.9992621,0.9906212,0.9752383
2025-01-01 20:26:00,0.9958405,0.9955301,0.96487826,0.9571186,0.99925786,0.9906149,0.97523016
2025-01-01 20:27:00,0.99584496,0.99553245,0.96487844,0.9571165,0.9992536,0.99060863,0.975222
2025-01-01 20:28:00,0.99584943,0.9955348,0.96487856,0.9571144,0.99924934,0.9906023,0.9752139
2025-01-01 20:29:00,0.99585384,0.99553704,0.9648786,0.95711225,0.999245,0.99059594,0.97520566
2025-01-01 20:30:00,0.9911001,0.99083674,0.9614148,0.95429564,0.9940406,0.9858277,0.9704022
2025-01-01 20:31:00,0.98801154,0.9877823,0.9591633,0.952464,0.9906562,0.98272604,0.967277
2025-01-01 20:32:00,0.98600554,0.9857976,0.9576997,0.95127255,0.98845464,0.98070765,0.9652426
2025-01-01 20:33:00,0.984703,0.98450816,0.9567483,0.95049727,0.98702204,0.97939336,0.9639173
2025-01-01 20:34:00,0.9838578,0.9836708,0.9561298,0.9499924,0.9860892,0.9785367,0.9630529
2025-01-01 20:35:00,0.98330986,0.98312706,0.9557276,0.94966334,0.9854812,0.9779776,0.9624881
2025-01-01 20:36:00,0.98295504,0.9827743,0.955466,0.9494485,0.98508435,0.9776117,0.9621179
2025-01-01 20:37:00,0.9827258,0.98254555,0.95529574,0.9493079,0.98482466,0.9773715,0.9618743
2025-01-01 20:38:00,0.9825781,0.9823975,0.955185,0.94921565,0.9846542,0.97721297,0.96171296
2025-01-01 20:39:00,0.98248345,0.9823018,0.9551127,0.9491546,0.9845416,0.9771075,0.961605
2025-01-01 20:40:00,0.9824232,0.98224014,0.9550655,0.9491139,0.98446673,0.97703654,0.96153176
2025-01-01 20:41:00,0.9823853,0.98220056,0.95503455,0.9490865,0.98441625,0.9769879,0.9614811
2025-01-01 20:42:00,0.982362,0.98217535,0.95501417,0.9490676,0.9843817,0.97695386,0.96144503
2025-01-01 20:43:00,0.982348,0.9821594,0.95500064,0.94905424,0.98435736,0.97692925,0.96141845
2025-01-01 20:44:00,0.98234016,0.98214954,0.95499146,0.94904447,0.9843398,0.9769107,0.96139807
2025-01-01 20:45:00,0.9823363,0.9821436,0.9549852,0.949037,0.9843265,0.9768961,0.9613817
2025-01-01 20:46:00,0.982335,0.9821401,0.9549808,0.94903105,0.98431593,0.97688407,0.96136785
2025-01-01 20:47:00,0.98233527,0.9821383,0.9549775,0.949026,0.9843072,0.9768737,0.96135575
2025-01-01 20:48:00,0.98233664,0.98213744,0.954975,0.9490216,0.9842997,0.9768644,0.9613447
2025-01-01 20:49:00,0.98233867,0.98213726,0.954973,0.9490175,0.98429286,0.97685575,0.9613343
2025-01-01 20:50:00,0.98234105,0.9821375,0.95497113,0.94901365,0.9842865,0.9768475,0.96132433
2025-01-01 20:51:00,0.98234373,0.98213804,0.9549695,0.9490099,0.98428035,0.97683954,0.9613147
2025-01-01 20:52:00,0.98234653,0.98213863,0.95496804,0.94900626,0.9842744,0.97683173,0.9613051
2025-01-01 20:53:00,0.9823494,0.9821393,0.95496655,0.9490026,0.9842686,0.976824,0.96129566
2025-01-01 20:54:00,0.98235226,0.98213995,0.95496505,0.948999,0.98426276,0.97681624,0.9612862
2025-01-01 20:55:00,0.9823552,0.98214066,0.95496356,0.9489953,0.984257,0.9768085,0.96127677
2025-01-01 20:56:00,0.98235804,0.9821413,0.954962,0.9489916,0.98425114,0.9768008,0.96126735
2025-01-01 20:57:00,0.98236084,0.9821419,0.95496047,0.94898784,0.9842453,0.97679305,0.96125793
2025-01-01 20:58:00,0.9823637,0.98214257,0.95495886,0.9489841,0.98423946,0.97678524,0.9612485
2025-01-01 20:59:00,0.9823665,0.9821431,0.9549572,0.9489802,0.98423356,0.9767775,0.96123904
2025-01-01 21:00:00,0.97743195,0.9772874,0.95151633,0.9461487,0.97907305,0.9720963,0.95658857
2025-01-01 21:01:00,0.97422546,0.9741313,0.94927907,0.9443068,0.97571653,0.9690508,0.9535624
2025-01-01 21:02:00,0.97214204,0.97208,0.9478242,0.94310814,0.9735327,0.96706843,0.951592
2025-01-01 21:03:00,0.9707887,0.9707467,0.94687784,0.94232756,0.972111,0.96577704,0.95030785
2025-01-01 21:04:00,0.9699099,0.96988004,0.946262,0.9418187,0.97118473,0.9649348,0.94946975
2025-01-01 21:05:00,0.9693395,0.96931684,0.945861,0.9414865,0.97058046,0.96438456,0.94892156
2025-01-01 21:06:00,0.9689695,0.96895075,0.9455995,0.94126904,0.97018546,0.964024,0.94856185
2025-01-01 21:07:00,0.9687298,0.9687128,0.94542885,0.9411261,0.9699265,0.9637867,0.94832456
2025-01-01 21:08:00,0.96857476,0.96855813,0.94531703,0.94103163,0.9697558,0.9636296,0.94816685
2025-01-01 21:09:00,0.9684747,0.9684575,0.9452436,0.94096875,0.96964264,0.9635246,0.94806087
2025-01-01 21:10:00,0.9684104,0.9683921,0.945195,0.9409262,0.9695668,0.96345335,0.9479885
2025-01-01 21:11:00,0.96836925,0.96834946,0.94516253,0.940897,0.9695152,0.9634041,0.947938
2025-01-01 21:12:00,0.96834326,0.9683217,0.9451406,0.94087636,0.9694793,0.96336913,0.9479016
2025-01-01 21:13:00,0.968327,0.9683035,0.94512546,0.94086134,0.96945363,0.96334344,0.9478744
2025-01-01 21:14:00,0.96831703,0.9682915,0.9451147,0.9408499,0.96943456,0.9633238,0.94785327
2025-01-01 21:15:00,0.9683112,0.96828365,0.94510674,0.9408408,0.96941984,0.9633079,0.9478359
2025-01-01 21:16:00,0.968308,0.9682783,0.94510067,0.94083315,0.96940786,0.9632947,0.9478211
2025-01-01 21:17:00,0.9683065,0.9682746,0.9450957,0.9408265,0.96939766,0.963283,0.9478079
2025-01-01 21:18:00,0.96830606,0.968272,0.94509155,0.9408204,0.9693886,0.9632723,0.9477957
2025-01-01 21:19:00,0.96830636,0.96827,0.9450878,0.94081473,0.96938026,0.9632623,0.9477842
2025-01-01 21:20:00,0.968307,0.9682685,0.94508433,0.94080925,0.9693724,0.9632527,0.94777304
2025-01-01 21:21:00,0.968308,0.96826726,0.94508106,0.9408039,0.9693648,0.9632434,0.94776225
2025-01-01 21:22:00,0.9683091,0.9682662,0.9450778,0.9407985,0.9693574,0.96323425,0.9477516
2025-01-01 21:23:00,0.96831024,0.9682651,0.94507456,0.9407933,0.96935004,0.9632251,0.947741
2025-01-01 21:24:00,0.9683114,0.9682641,0.9450714,0.9407881,0.9693427,0.9632161,0.9477304
2025-01-01 21:25:00,0.9683126,0.96826303,0.94506824,0.9407828,0.9693354,0.9632071,0.94771993
2025-01-01 21:26:00,0.9683138,0.968262,0.94506496,0.9407774,0.9693281,0.96319807,0.9477094
2025-01-01 21:27:00,0.96831495,0.9682609,0.94506174,0.9407721,0.9693208,0.96318895,0.94769883
2025-01-01 21:28:00,0.9683161,0.9682598,0.94505847,0.9407667,0.96931344,0.9631799,0.9476883
2025-01-01 21:29:00,0.96831715,0.9682587,0.9450551,0.94076127,0.96930605,0.96317077,0.9476777
2025-01-01 21:30:00,0.96329015,0.96333414,0.94169855,0.93796545,0.96428144,0.9586603,0.94326335
2025-01-01 21:31:00,0.96002287,0.9601328,0.93951553,0.9361462,0.96101284,0.95572525,0.9403903
2025-01-01 21:32:00,0.9578994,0.9580514,0.93809533,0.9349617,0.95888555,0.9538142,0.93851906
2025-01-01 21:33:00,0.9565195,0.956698,0.9371709,0.9341897,0.95750016,0.9525688,0.937299
2025-01-01 21:34:00,0.95562273,0.95581776,0.9365688,0.9336859,0.9565969,0.951756,0.93650216
2025-01-01 21:35:00,0.95504004,0.955245,0.936176,0.93335634,0.9560072,0.9512243,0.9359804
2025-01-01 21:36:00,0.9546615,0.95487213,0.93591934,0.93314016,0.95562106,0.95087546,0.9356375
2025-01-01 21:37:00,0.9544157,0.9546292,0.9357512,0.9329975,0.9553674,0.9506454,0.9354107
2025-01-01 21:38:00,0.954256,0.95447063,0.9356406,0.9329027,0.9551997,0.9504925,0.9352595
2025-01-01 21:39:00,0.9541524,0.9543669,0.9355672,0.9328389,0.95508796,0.9503898,0.9351575
2025-01-01 21:40:00,0.9540851,0.95429885,0.93551815,0.93279535,0.95501256,0.9503196,0.9350872
2025-01-01 21:41:00,0.95404154,0.9542539,0.9354848,0.9327648,0.9549607,0.9502706,0.93503773
2025-01-01 21:42:00,0.9540132,0.95422405,0.9354617,0.9327429,0.9549241,0.9502354,0.93500173
2025-01-01 21:43:00,0.9539949,0.9542039,0.9354452,0.93272644,0.9548975,0.95020914,0.93497443
2025-01-01 21:44:00,0.953983,0.9541901,0.935433,0.9327135,0.95487744,0.9501886,0.9349528
2025-01-01 21:45:00,0.9539753,0.95418036,0.9354235,0.9327029,0.95486146,0.9501718,0.93493485
2025-01-01 21:46:00,0.9539704,0.9541732,0.9354158,0.9326938,0.95484823,0.9501574,0.93491924
2025-01-01 21:47:00,0.9539671,0.9541678,0.93540925,0.93268555,0.95483667,0.95014465,0.9349052
2025-01-01 21:48:00,0.9539649,0.95416343,0.93540347,0.9326779,0.9548263,0.9501329,0.9348921
2025-01-01 21:49:00,0.95396346,0.9541598,0.9353981,0.9326707,0.95481664,0.9501217,0.9348796
2025-01-01 21:50:00,0.95396245,0.9541566,0.935393,0.9326637,0.9548074,0.950111,0.9348676
2025-01-01 21:51:00,0.9539617,0.9541536,0.935388,0.9326568,0.9547984,0.9501005,0.9348558
2025-01-01 21:52:00,0.953961,0.95415074,0.93538314,0.93264997,0.9547896,0.9500901,0.93484414
2025-01-01 21:53:00,0.9539605,0.954148,0.9353783,0.9326432,0.9547809,0.9500798,0.9348327
2025-01-01 21:54:00,0.95395994,0.95414525,0.9353735,0.93263644,0.9547721,0.9500696,0.9348212
2025-01-01 21:55:00,0.9539594,0.9541425,0.93536866,0.9326296,0.9547635,0.9500594,0.9348097
2025-01-01 21:56:00,0.95395887,0.95413977,0.93536377,0.93262273,0.9547548,0.9500492,0.93479824
2025-01-01 21:57:00,0.9539583,0.95413697,0.93535894,0.9326159,0.9547461,0.95003897,0.93478674
2025-01-01 21:58:00,0.95395774,0.95413417,0.935354,0.93260896,0.9547374,0.9500288,0.9347753
2025-01-01 21:59:00,0.9539571,0.95413136,0.93534905,0.932602,0.9547287,0.9500185,0.9347638
2025-01-01 22:00:00,0.9489271,0.949226,0.93213665,0.92989165,0.9499298,0.9457592,0.9306642
2025-01-01 22:01:00,0.9456573,0.94603646,0.93004674,0.92812747,0.9468074,0.94298697,0.92799544
2025-01-01 22:02:00,0.9435317,0.9439622,0.9286865,0.92697823,0.94477475,0.9411814,0.92625666
2025-01-01 22:03:00,0.94214964,0.94261277,0.9278005,0.92622864,0.9434504,0.9400041,0.9251223
2025-01-01 22:04:00,0.941251,0.94173455,0.9272227,0.9257389,0.9425863,0.9392352,0.92438096
2025-01-01 22:05:00,0.94066644,0.9411625,0.9268453,0.92541796,0.94202155,0.9387318,0.923895
2025-01-01 22:06:00,0.94028616,0.9407896,0.9265981,0.9252068,0.9416512,0.9384008,0.9235749
2025-01-01 22:07:00,0.9400385,0.940546,0.9264355,0.9250669,0.9414073,0.93818194,0.92336285
2025-01-01 22:08:00,0.9398771,0.9403864,0.92632776,0.9249734,0.94124556,0.938036,0.92322093
2025-01-01 22:09:00,0.93977165,0.9402815,0.9262559,0.92491,0.94113725,0.9379374,0.92312443
2025-01-01 22:10:00,0.9397027,0.940212,0.9262072,0.9248661,0.9410636,0.93786955,0.9230577
2025-01-01 22:11:00,0.9396574,0.94016564,0.9261735,0.9248349,0.9410124,0.9378216,0.92301005
2025-01-01 22:12:00,0.9396274,0.94013417,0.9261496,0.92481196,0.9409759,0.9377868,0.922975
2025-01-01 22:13:00,0.9396073,0.9401124,0.9261321,0.9247943,0.9409489,0.93776035,0.922948
2025-01-01 22:14:00,0.93959373,0.9400969,0.92611855,0.9247802,0.94092804,0.9377394,0.92292625
2025-01-01 22:15:00,0.9395843,0.9400856,0.92610776,0.92476827,0.9409112,0.93772197,0.922908
2025-01-01 22:16:00,0.93957764,0.94007677,0.9260986,0.9247577,0.9408968,0.9377068,0.9228919
2025-01-01 22:17:00,0.93957263,0.9400697,0.9260906,0.9247481,0.9408842,0.9376931,0.92287725
2025-01-01 22:18:00,0.93956876,0.9400637,0.92608327,0.9247392,0.94087267,0.9376804,0.92286354
2025-01-01 22:19:00,0.9395656,0.9400584,0.92607635,0.9247305,0.94086176,0.93766826,0.92285043
2025-01-01 22:20:00,0.93956286,0.94005346,0.92606974,0.9247221,0.94085133,0.9376565,0.9228376
2025-01-01 22:21:00,0.9395604,0.9400488,0.92606324,0.9247138,0.94084114,0.9376451,0.9228251
2025-01-01 22:22:00,0.939558,0.94004434,0.92605686,0.9247055,0.9408311,0.9376337,0.92281276
2025-01-01 22:23:00,0.93955576,0.94003993,0.9260505,0.92469734,0.9408212,0.9376224,0.9228005
2025-01-01 22:24:00,0.9395535,0.9400355,0.92604405,0.9246891,0.9408112,0.9376112,0.92278826
2025-01-01 22:25:00,0.9395513,0.9400311,0.92603767,0.9246809,0.9408013,0.9376,0.92277604
2025-01-01 22:26:00,0.939549,0.94002676,0.9260313,0.92467266,0.9407915,0.93758875,0.92276376
2025-01-01 22:27:00,0.93954676,0.9400223,0.92602485,0.9246644,0.94078153,0.93757755,0.92275155
2025-01-01 22:28:00,0.93954444,0.9400179,0.9260184,0.9246561,0.94077164,0.93756634,0.9227393
2025-01-01 22:29:00,0.9395421,0.94001335,0.9260119,0.92464775,0.9407617,0.9375551,0.9227271
2025-01-01 22:30:00,0.93459904,0.93521464,0.923001,0.92207134,0.93627405,0.93362296,0.9190155
2025-01-01 22:31:00,0.9313851,0.93209386,0.9210416,0.9203937,0.93335354,0.93106306,0.9165987
2025-01-01 22:32:00,0.9292952,0.93006366,0.91976565,0.91930026,0.93145174,0.92939514,0.91502345
2025-01-01 22:33:00,0.9279358,0.9287423,0.91893387,0.91858643,0.9302119,0.92830706,0.9139952
2025-01-01 22:34:00,0.9270512,0.9278818,0.91839087,0.9181195,0.9294025,0.92759573,0.9133225
2025-01-01 22:35:00,0.9264752,0.9273207,0.91803545,0.91781294,0.9288728,0.9271294,0.91288096
2025-01-01 22:36:00,0.9260999,0.92695427,0.917802,0.9176106,0.9285249,0.92682225,0.9125896
2025-01-01 22:37:00,0.92585486,0.92671436,0.9176478,0.91747606,0.9282952,0.9266185,0.91239583
2025-01-01 22:38:00,0.9256946,0.9265566,0.9175451,0.91738546,0.9281422,0.92648214,0.9122656
2025-01-01 22:39:00,0.9255893,0.9264523,0.9174759,0.91732347,0.9280392,0.9263894,0.9121766
2025-01-01 22:40:00,0.9255199,0.9263826,0.9174284,0.9172801,0.92796856,0.926325,0.9121144
2025-01-01 22:41:00,0.92547363,0.9263355,0.91739494,0.9172487,0.92791903,0.9262792,0.91206956
2025-01-01 22:42:00,0.92544246,0.9263031,0.91737074,0.91722524,0.9278832,0.9262453,0.91203606
2025-01-01 22:43:00,0.92542106,0.9262801,0.91735244,0.9172068,0.9278562,0.92621917,0.91200984
2025-01-01 22:44:00,0.925406,0.9262633,0.91733795,0.9171916,0.9278349,0.92619807,0.9119885
2025-01-01 22:45:00,0.925395,0.92625046,0.917326,0.9171786,0.9278174,0.92618024,0.91197014
2025-01-01 22:46:00,0.9253867,0.92624015,0.9173156,0.9171669,0.9278024,0.92616457,0.91195387
2025-01-01 22:47:00,0.92538005,0.92623156,0.91730624,0.9171561,0.9277888,0.92615026,0.9119389
2025-01-01 22:48:00,0.92537457,0.92622405,0.9172975,0.91714585,0.92777634,0.9261368,0.91192466
2025-01-01 22:49:00,0.92536974,0.9262172,0.9172892,0.91713595,0.9277644,0.9261239,0.9119111
2025-01-01 22:50:00,0.9253653,0.92621064,0.9172811,0.9171262,0.9277529,0.9261114,0.91189784
2025-01-01 22:51:00,0.92536116,0.92620444,0.91727316,0.91711664,0.92774165,0.92609906,0.9118848
2025-01-01 22:52:00,0.92535716,0.9261984,0.91726536,0.91710716,0.92773056,0.9260869,0.91187185
2025-01-01 22:53:00,0.9253532,0.9261924,0.91725755,0.9170976,0.9277196,0.92607486,0.91185904
2025-01-01 22:54:00,0.92534935,0.92618644,0.9172497,0.9170882,0.9277087,0.9260628,0.9118463
2025-01-01 22:55:00,0.9253454,0.9261804,0.9172419,0.9170787,0.9276977,0.92605084,0.9118335
2025-01-01 22:56:00,0.9253415,0.92617446,0.917234,0.91706914,0.9276868,0.92603886,0.91182077
2025-01-01 22:57:00,0.92533755,0.92616844,0.91722614,0.91705966,0.9276758,0.92602676,0.911808
2025-01-01 22:58:00,0.92533356,0.9261624,0.91721827,0.91705006,0.9276649,0.9260148,0.9117953
2025-01-01 22:59:00,0.92532957,0.92615634,0.9172103,0.9170405,0.9276539,0.9260028,0.91178256
2025-01-01 23:00:00,0.9205611,0.9215495,0.9144544,0.91464365,0.92355716,0.9224675,0.9085248
2025-01-01 23:01:00,0.9174601,0.9185528,0.9126601,0.91308224,0.92089033,0.9201654,0.9064028
2025-01-01 23:02:00,0.91544294,0.9166028,0.91149104,0.91206396,0.91915303,0.91866475,0.905019
2025-01-01 23:03:00,0.9141303,0.91533303,0.9107283,0.9113986,0.91801995,0.9176851,0.9041151
2025-01-01 23:04:00,0.9132755,0.9145054,0.91022956,0.9109627,0.9172795,0.91704404,0.9035231
2025-01-01 23:05:00,0.9127183,0.9139653,0.9099025,0.9106759,0.9167943,0.9166231,0.9031337
2025-01-01 23:06:00,0.9123546,0.9136118,0.909687,0.910486,0.916475,0.91634524,0.90287614
2025-01-01 23:07:00,0.9121166,0.9133798,0.909544,0.91035897,0.9162635,0.9161603,0.90270424
2025-01-01 23:08:00,0.91196024,0.9132267,0.9094481,0.910273,0.9161221,0.91603583,0.90258795
2025-01-01 23:09:00,0.911857,0.91312486,0.90938276,0.9102136,0.9160262,0.91595066,0.90250796
2025-01-01 23:10:00,0.9117882,0.9130563,0.9093373,0.9101714,0.91595984,0.91589093,0.9024514
2025-01-01 23:11:00,0.9117419,0.91300935,0.90930474,0.9101405,0.9159128,0.91584784,0.90241015
2025-01-01 23:12:00,0.9117101,0.91297644,0.9092806,0.9101168,0.9158782,0.91581553,0.9023788
2025-01-01 23:13:00,0.91168773,0.9129527,0.9092619,0.9100979,0.9158517,0.91579014,0.9023539
2025-01-01 23:14:00,0.91167146,0.91293484,0.9092467,0.91008204,0.91583043,0.91576934,0.90233314
2025-01-01 23:15:00,0.9116591,0.9129208,0.90923375,0.91006804,0.9158126,0.9157515,0.9023152
2025-01-01 23:16:00,0.9116494,0.9129092,0.90922225,0.9100554,0.915797,0.91573554,0.902299
2025-01-01 23:17:00,0.91164124,0.91289926,0.9092117,0.9100436,0.9157828,0.9157208,0.9022839
2025-01-01 23:18:00,0.9116342,0.91289026,0.90920174,0.9100323,0.9157696,0.9157069,0.9022696
2025-01-01 23:19:00,0.9116278,0.9128819,0.90919214,0.91002125,0.9157569,0.9156935,0.9022558
2025-01-01 23:20:00,0.91162175,0.912874,0.9091828,0.91001046,0.9157445,0.91568035,0.9022422
2025-01-01 23:21:00,0.911616,0.91286623,0.90917355,0.9099997,0.91573244,0.9156675,0.9022288
2025-01-01 23:22:00,0.9116104,0.9128587,0.9091644,0.9099892,0.9157205,0.91565466,0.90221554
2025-01-01 23:23:00,0.9116049,0.9128512,0.9091553,0.90997857,0.91570866,0.915642,0.90220237
2025-01-01 23:24:00,0.9115994,0.91284376,0.90914613,0.90996796,0.9156968,0.9156294,0.9021893
2025-01-01 23:25:00,0.91159385,0.9128363,0.909137,0.9099574,0.915685,0.91561675,0.9021762
2025-01-01 23:26:00,0.9115883,0.9128289,0.90912783,0.90994674,0.9156732,0.9156042,0.90216315
2025-01-01 23:27:00,0.91158277,0.91282135,0.90911865,0.90993613,0.9156614,0.9155916,0.90215015
2025-01-01 23:28:00,0.9115772,0.9128139,0.9091095,0.90992546,0.91564965,0.91557896,0.9021371
2025-01-01 23:29:00,0.9115716,0.9128064,0.90910023,0.9099148,0.91563785,0.9155664,0.90212405
2025-01-01 23:30:00,0.90706384,0.90847445,0.906649,0.90774083,0.91200596,0.91249204,0.8993791
2025-01-01 23:31:00,0.9041317,0.905656,0.9050524,0.906324,0.9096411,0.9104892,0.8975902
2025-01-01 23:32:00,0.90222377,0.90382123,0.90401137,0.90539926,0.9080997,0.90918297,0.8964229
2025-01-01 23:33:00,0.90098155,0.902626,0.90333134,0.9047944,0.9070937,0.9083295,0.8956596
2025-01-01 23:34:00,0.90017205,0.9018463,0.90288603,0.90439737,0.9064356,0.9077702,0.8951589
2025-01-01 23:35:00,0.8996438,0.9013367,0.90259314,0.90413547,0.9060036,0.9074023,0.89482886
2025-01-01 23:36:00,0.89929825,0.9010027,0.9023995,0.9039615,0.9057186,0.9071587,0.89460975
2025-01-01 23:37:00,0.8990715,0.9007829,0.90227026,0.9038445,0.90552914,0.9069959,0.8944627
2025-01-01 23:38:00,0.89892197,0.9006371,0.90218276,0.9037646,0.90540177,0.90688556,0.89436257
2025-01-01 23:39:00,0.8988226,0.9005395,0.9021226,0.9037088,0.90531474,0.9068094,0.8942929
2025-01-01 23:40:00,0.89875585,0.9004733,0.90208006,0.90366864,0.90525395,0.9067554,0.89424306
2025-01-01 23:41:00,0.8987102,0.90042734,0.90204895,0.90363866,0.90521014,0.90671587,0.89420605
2025-01-01 23:42:00,0.89867836,0.9003946,0.90202534,0.90361524,0.9051775,0.90668565,0.8941774
2025-01-01 23:43:00,0.8986554,0.9003705,0.9020065,0.9035961,0.9051519,0.9066615,0.89415425
2025-01-01 23:44:00,0.8986382,0.9003519,0.90199083,0.9035798,0.90513104,0.90664136,0.8941346
2025-01-01 23:45:00,0.8986247,0.90033686,0.9019771,0.90356517,0.9051132,0.9066237,0.8941172
2025-01-01 23:46:00,0.8986137,0.90032417,0.9019647,0.90355176,0.90509737,0.9066078,0.8941013
2025-01-01 23:47:00,0.89860415,0.90031296,0.90195316,0.90353906,0.9050827,0.90659297,0.8940864
2025-01-01 23:48:00,0.8985957,0.9003027,0.90194213,0.90352696,0.90506893,0.9065787,0.8940721
2025-01-01 23:49:00,0.89858776,0.90029305,0.90193146,0.903515,0.90505564,0.90656507,0.8940582
2025-01-01 23:50:00,0.8985803,0.9002838,0.901921,0.9035033,0.9050427,0.90655166,0.89404464
2025-01-01 23:51:00,0.89857304,0.90027475,0.9019106,0.9034917,0.90503,0.90653837,0.8940312
2025-01-01 23:52:00,0.8985659,0.9002658,0.9019003,0.9034801,0.9050174,0.90652525,0.89401793
2025-01-01 23:53:00,0.89855886,0.90025693,0.90189004,0.90346855,0.90500486,0.9065122,0.89400476
2025-01-01 23:54:00,0.8985519,0.90024817,0.9018798,0.9034571,0.90499234,0.9064991,0.8939915
2025-01-01 23:55:00,0.89854485,0.9002394,0.9018695,0.90344554,0.90497994,0.90648615,0.89397836
2025-01-01 23:56:00,0.8985379,0.90023065,0.9018591,0.90343404,0.9049675,0.9064731,0.8939651
2025-01-01 23:57:00,0.8985308,0.90022177,0.90184885,0.90342253,0.9049551,0.90646017,0.8939521
2025-01-01 23:58:00,0.89852375,0.90021294,0.9018385,0.903411,0.90494263,0.90644723,0.89393896
2025-01-01 23:59:00,0.8985166,0.90020406,0.9018281,0.9033994,0.9049301,0.90643424,0.89392585
