TIME,R_001_v000,R_004_v000,R_005_v000,R_006_v000,R_007_v000,R_008_v000,R_010_v000
2025-01-01 00:01:00,0.8966702,0.8981658,0.89965665,0.9011574,0.90268236,0.90424544,0.891859
2025-01-01 00:02:00,0.8966574,0.8981527,0.8996436,0.9011448,0.9026706,0.9042348,0.8918499
2025-01-01 00:03:00,0.89664465,0.8981396,0.8996306,0.9011323,0.9026589,0.9042243,0.89184076
2025-01-01 00:04:00,0.89663184,0.89812654,0.8996176,0.90111977,0.9026472,0.90421367,0.89183164
2025-01-01 00:05:00,0.896619,0.8981134,0.89960456,0.9011072,0.9026355,0.9042032,0.89182264
2025-01-01 00:06:00,0.89660615,0.8981003,0.8995916,0.9010947,0.90262383,0.9041927,0.89181364
2025-01-01 00:07:00,0.89659333,0.89808726,0.89957863,0.9010822,0.9026122,0.90418226,0.8918047
2025-01-01 00:08:00,0.89658046,0.8980741,0.89956564,0.9010697,0.9026006,0.9041719,0.89179575
2025-01-01 00:09:00,0.8965676,0.89806104,0.8995527,0.9010573,0.902589,0.90416145,0.8917869
2025-01-01 00:10:00,0.89655477,0.8980479,0.8995397,0.90104485,0.90257746,0.90415114,0.89177805
2025-01-01 00:11:00,0.8965419,0.8980348,0.8995268,0.90103245,0.90256596,0.90414083,0.8917693
2025-01-01 00:12:00,0.89652896,0.8980217,0.89951384,0.90102005,0.9025544,0.9041305,0.8917605
2025-01-01 00:13:00,0.896516,0.8980086,0.8995009,0.90100765,0.90254295,0.9041203,0.8917518
2025-01-01 00:14:00,0.8965031,0.8979955,0.899488,0.9009953,0.9025315,0.90411013,0.8917432
2025-01-01 00:15:00,0.8964902,0.89798236,0.8994751,0.900983,0.9025201,0.90409994,0.89173454
2025-01-01 00:16:00,0.8964773,0.89796925,0.89946216,0.90097064,0.9025087,0.9040898,0.891726
2025-01-01 00:17:00,0.89646435,0.89795613,0.8994493,0.9009583,0.90249735,0.90407974,0.8917175
2025-01-01 00:18:00,0.89645135,0.8979431,0.8994364,0.9009461,0.902486,0.90406966,0.89170897
2025-01-01 00:19:00,0.89643836,0.8979299,0.8994235,0.90093374,0.9024747,0.9040597,0.89170057
2025-01-01 00:20:00,0.8964254,0.89791685,0.89941067,0.9009215,0.90246344,0.9040497,0.89169216
2025-01-01 00:21:00,0.89641243,0.89790374,0.89939785,0.90090936,0.90245223,0.90403974,0.89168376
2025-01-01 00:22:00,0.8963995,0.8978906,0.899385,0.9008971,0.90244097,0.90402985,0.8916755
2025-01-01 00:23:00,0.89638644,0.8978775,0.89937216,0.9008849,0.90242976,0.90401995,0.8916672
2025-01-01 00:24:00,0.89637345,0.89786446,0.89935935,0.9008728,0.9024186,0.9040102,0.89165896
2025-01-01 00:25:00,0.8963604,0.89785135,0.89934653,0.9008606,0.9024075,0.9040004,0.8916508
2025-01-01 00:26:00,0.8963474,0.89783823,0.8993338,0.9008485,0.90239644,0.9039906,0.8916427
2025-01-01 00:27:00,0.8963344,0.8978252,0.899321,0.90083647,0.9023854,0.9039809,0.8916346
2025-01-01 00:28:00,0.8963214,0.89781207,0.8993082,0.90082437,0.9023743,0.90397125,0.8916266
2025-01-01 00:29:00,0.89630836,0.897799,0.8992955,0.9008123,0.9023633,0.9039616,0.89161855
2025-01-01 00:30:00,0.8973904,0.89901626,0.9010678,0.90203893,0.9050865,0.9067551,0.8948488
2025-01-01 00:31:00,0.8980892,0.89980286,0.9022153,0.90283203,0.90685284,0.9085676,0.8969457
2025-01-01 00:32:00,0.8985388,0.9003096,0.9029568,0.9033434,0.90799713,0.90974236,0.89830595
2025-01-01 00:33:00,0.89882654,0.90063435,0.9034343,0.90367156,0.90873706,0.9105027,0.89918745
2025-01-01 00:34:00,0.899009,0.90084094,0.9037402,0.9038807,0.9092143,0.91099364,0.89975774
2025-01-01 00:35:00,0.899123,0.90097064,0.9039347,0.9040125,0.9095207,0.9113094,0.90012574
2025-01-01 00:36:00,0.89919245,0.9010503,0.9040567,0.904094,0.9097161,0.91151154,0.90036225
2025-01-01 00:37:00,0.8992331,0.90109766,0.9041316,0.9041429,0.90983945,0.9116396,0.90051335
2025-01-01 00:38:00,0.89925486,0.9011238,0.9041758,0.9041705,0.9099159,0.9117196,0.90060896
2025-01-01 00:39:00,0.89926445,0.9011362,0.9042002,0.90418434,0.9099618,0.9117685,0.9006685
2025-01-01 00:40:00,0.8992661,0.9011398,0.90421164,0.9041892,0.909988,0.911797,0.9007046
2025-01-01 00:41:00,0.8992626,0.9011376,0.9042147,0.90418833,0.9100012,0.91181237,0.90072554
2025-01-01 00:42:00,0.89925575,0.9011315,0.90421224,0.9041836,0.9100062,0.9118192,0.9007366
2025-01-01 00:43:00,0.8992467,0.90112305,0.90420634,0.90417653,0.9100058,0.9118205,0.9007412
2025-01-01 00:44:00,0.89923626,0.90111303,0.9041981,0.90416783,0.9100019,0.9118182,0.9007417
2025-01-01 00:45:00,0.8992249,0.90110195,0.9041884,0.9041581,0.9099957,0.91181356,0.90073955
2025-01-01 00:46:00,0.8992129,0.9010902,0.90417767,0.90414774,0.909988,0.9118074,0.9007356
2025-01-01 00:47:00,0.8992005,0.9010781,0.9041664,0.90413696,0.9099794,0.9118004,0.9007306
2025-01-01 00:48:00,0.89918786,0.90106565,0.9041547,0.9041259,0.9099702,0.91179276,0.9007249
2025-01-01 00:49:00,0.89917505,0.9010531,0.9041428,0.9041147,0.9099607,0.91178465,0.9007187
2025-01-01 00:50:00,0.8991622,0.9010403,0.9041307,0.9041034,0.90995085,0.9117764,0.9007123
2025-01-01 00:51:00,0.8991492,0.9010275,0.9041185,0.9040921,0.9099409,0.9117681,0.9007057
2025-01-01 00:52:00,0.8991361,0.9010147,0.90410626,0.9040807,0.9099308,0.9117595,0.900699
2025-01-01 00:53:00,0.899123,0.9010018,0.904094,0.90406924,0.90992075,0.911751,0.90069234
2025-01-01 00:54:00,0.89911,0.90098894,0.9040817,0.9040579,0.90991074,0.9117425,0.90068567
2025-01-01 00:55:00,0.8990969,0.90097606,0.9040695,0.90404654,0.90990067,0.911734,0.90067893
2025-01-01 00:56:00,0.8990838,0.9009631,0.90405715,0.90403515,0.90989065,0.9117255,0.90067226
2025-01-01 00:57:00,0.89907074,0.9009503,0.90404487,0.9040238,0.9098806,0.91171706,0.90066564
2025-01-01 00:58:00,0.89905757,0.90093744,0.90403265,0.90401256,0.90987056,0.9117086,0.90065897
2025-01-01 00:59:00,0.89904445,0.90092456,0.90402037,0.90400124,0.9098606,0.91170025,0.9006524
2025-01-01 01:00:00,0.90077245,0.9027668,0.9061729,0.9055566,0.91315,0.9149851,0.9043396
2025-01-01 01:01:00,0.9018911,0.9039599,0.9075678,0.9065637,0.9152847,0.9171175,0.906734
2025-01-01 01:02:00,0.90261364,0.90473086,0.9084702,0.90721434,0.9166688,0.91850066,0.9082882
2025-01-01 01:03:00,0.9030787,0.90522754,0.90905255,0.9076334,0.917565,0.9193968,0.90929615
2025-01-01 01:04:00,0.9033764,0.90554595,0.90942687,0.907902,0.91814417,0.9199766,0.9099492
2025-01-01 01:05:00,0.9035653,0.90574837,0.9096659,0.90807265,0.9185173,0.92035055,0.9103715
2025-01-01 01:06:00,0.9036835,0.9058755,0.9098171,0.90817976,0.91875637,0.9205909,0.9106438
2025-01-01 01:07:00,0.9037558,0.90595365,0.9099111,0.9082455,0.9189084,0.92074424,0.91081876
2025-01-01 01:08:00,0.9037982,0.906,0.909968,0.9082844,0.91900396,0.9208412,0.91093034
2025-01-01 01:09:00,0.9038212,0.90602577,0.91000086,0.90830594,0.9190627,0.9209014,0.9110007
2025-01-01 01:10:00,0.9038315,0.906038,0.910018,0.9083161,0.91909754,0.9209379,0.9110444
2025-01-01 01:11:00,0.9038337,0.9060415,0.910025,0.9083189,0.91911685,0.9209588,0.91107076
2025-01-01 01:12:00,0.9038305,0.9060394,0.9100254,0.9083169,0.91912615,0.9209697,0.9110859
2025-01-01 01:13:00,0.903824,0.9060335,0.9100214,0.90831184,0.91912895,0.92097414,0.9110937
2025-01-01 01:14:00,0.9038151,0.90602535,0.9100147,0.90830475,0.91912746,0.9209744,0.91109675
2025-01-01 01:15:00,0.9038048,0.90601563,0.9100062,0.90829647,0.91912323,0.9209718,0.9110968
2025-01-01 01:16:00,0.90379345,0.9060049,0.90999657,0.9082873,0.9191173,0.9209675,0.91109484
2025-01-01 01:17:00,0.9037816,0.90599346,0.9099862,0.90827763,0.9191102,0.92096215,0.9110916
2025-01-01 01:18:00,0.9037693,0.90598166,0.9099753,0.9082677,0.91910243,0.9209561,0.91108763
2025-01-01 01:19:00,0.9037568,0.9059696,0.9099641,0.9082574,0.9190941,0.92094946,0.9110831
2025-01-01 01:20:00,0.90374404,0.9059574,0.90995276,0.9082471,0.9190855,0.9209426,0.9110782
2025-01-01 01:21:00,0.9037312,0.9059451,0.90994126,0.90823674,0.9190768,0.92093563,0.9110732
2025-01-01 01:22:00,0.90371835,0.90593266,0.9099297,0.9082263,0.919068,0.92092854,0.91106814
2025-01-01 01:23:00,0.9037055,0.9059202,0.9099181,0.9082159,0.91905916,0.92092144,0.91106296
2025-01-01 01:24:00,0.90369254,0.90590775,0.9099065,0.90820545,0.9190503,0.9209143,0.9110578
2025-01-01 01:25:00,0.90367967,0.90589535,0.909895,0.9081951,0.9190414,0.9209072,0.9110526
2025-01-01 01:26:00,0.9036667,0.9058829,0.9098834,0.90818465,0.9190325,0.9209001,0.91104746
2025-01-01 01:27:00,0.9036537,0.9058704,0.90987176,0.9081743,0.9190237,0.920893,0.9110424
2025-01-01 01:28:00,0.9036407,0.905858,0.90986025,0.90816396,0.9190149,0.9208859,0.9110373
2025-01-01 01:29:00,0.9036278,0.9058456,0.90984875,0.90815365,0.9190061,0.92087895,0.91103226
2025-01-01 01:30:00,0.9059708,0.90828,0.9123432,0.91001,0.922803,0.9245966,0.91511065
2025-01-01 01:31:00,0.9074892,0.9098581,0.9139606,0.911213,0.92526793,0.9270107,0.91775984
2025-01-01 01:32:00,0.90847164,0.91087955,0.91500795,0.9119914,0.9268672,0.92857754,0.91948014
2025-01-01 01:33:00,0.9091057,0.9115392,0.9156847,0.9124939,0.92790365,0.9295936,0.9205968
2025-01-01 01:34:00,0.90951335,0.91196364,0.91612065,0.91281694,0.92857444,0.93025166,0.9213209
2025-01-01 01:35:00,0.9097738,0.91223526,0.9164001,0.9130235,0.9290075,0.9306772,0.92179
2025-01-01 01:36:00,0.90993863,0.9124075,0.9165777,0.9131542,0.929286,0.9309514,0.92209333
2025-01-01 01:37:00,0.9100413,0.9125152,0.9166893,0.9132357,0.9294641,0.93112737,0.92228884
2025-01-01 01:38:00,0.91010344,0.91258097,0.9167578,0.9132852,0.929577,0.9312395,0.9224144
2025-01-01 01:39:00,0.9101394,0.9126194,0.9167985,0.9133139,0.9296475,0.9313101,0.92249453
2025-01-01 01:40:00,0.9101583,0.9126402,0.916821,0.9133292,0.9296904,0.93135375,0.922545
2025-01-01 01:41:00,0.9101661,0.9126494,0.9168318,0.9133356,0.9297155,0.93138,0.92257637
2025-01-01 01:42:00,0.91016674,0.9126511,0.9168349,0.9133364,0.9297289,0.9313948,0.9225953
2025-01-01 01:43:00,0.91016257,0.9126481,0.916833,0.91333354,0.9297348,0.93140227,0.9226061
2025-01-01 01:44:00,0.9101554,0.9126418,0.9168279,0.91332823,0.92973584,0.93140495,0.9226117
2025-01-01 01:45:00,0.91014636,0.9126336,0.9168208,0.9133215,0.9297337,0.9314046,0.9226139
2025-01-01 01:46:00,0.91013604,0.912624,0.91681236,0.91331375,0.9297296,0.93140215,0.9226139
2025-01-01 01:47:00,0.91012484,0.9126136,0.916803,0.91330534,0.92972404,0.9313985,0.92261255
2025-01-01 01:48:00,0.91011316,0.91260254,0.9167931,0.9132965,0.9297177,0.93139404,0.9226103
2025-01-01 01:49:00,0.91010106,0.9125913,0.9167829,0.9132875,0.9297109,0.9313891,0.9226074
2025-01-01 01:50:00,0.9100887,0.9125797,0.9167724,0.91327834,0.9297038,0.9313838,0.9226043
2025-01-01 01:51:00,0.9100764,0.9125681,0.9167619,0.9132691,0.9296964,0.9313783,0.9226009
2025-01-01 01:52:00,0.91006386,0.91255635,0.9167512,0.9132598,0.92968893,0.93137276,0.92259747
2025-01-01 01:53:00,0.91005135,0.91254455,0.9167405,0.91325045,0.9296814,0.9313671,0.9225939
2025-01-01 01:54:00,0.9100387,0.91253275,0.9167298,0.9132412,0.92967385,0.93136144,0.9225903
2025-01-01 01:55:00,0.9100262,0.91252095,0.91671914,0.91323197,0.9296663,0.93135583,0.92258686
2025-01-01 01:56:00,0.91001356,0.91250914,0.91670847,0.9132227,0.9296588,0.93135023,0.92258334
2025-01-01 01:57:00,0.9100009,0.91249734,0.9166978,0.91321343,0.9296513,0.9313447,0.9225799
2025-01-01 01:58:00,0.9099884,0.9124856,0.9166872,0.91320425,0.92964387,0.93133914,0.9225764
2025-01-01 01:59:00,0.9099758,0.9124738,0.9166765,0.9131951,0.9296364,0.93133366,0.92257303
2025-01-01 02:00:00,0.91289234,0.91545737,0.9194686,0.9153195,0.93387353,0.9354182,0.92697024
2025-01-01 02:01:00,0.91478366,0.9173926,0.9212797,0.91669726,0.9366251,0.9380713,0.92982733
2025-01-01 02:02:00,0.9160087,0.91864645,0.92245334,0.91758966,0.9384111,0.939794,0.93168336
2025-01-01 02:03:00,0.9168007,0.91945744,0.9232126,0.9181666,0.9395695,0.9409119,0.9328887
2025-01-01 02:04:00,0.9173111,0.9199804,0.9237024,0.9185385,0.94031996,0.94163674,0.9336711
2025-01-01 02:05:00,0.9176385,0.9203164,0.92401725,0.91877717,0.9408053,0.9421061,0.93417865
2025-01-01 02:06:00,0.91784686,0.92053074,0.92421824,0.9189292,0.9411183,0.94240946,0.9345075
2025-01-01 02:07:00,0.917978,0.920666,0.92434525,0.919025,0.94131935,0.9426049,0.9347202
2025-01-01 02:08:00,0.918059,0.9207499,0.9244243,0.91908425,0.9414476,0.9427301,0.93485755
2025-01-01 02:09:00,0.9181073,0.92080045,0.9244721,0.9191197,0.94152856,0.9428099,0.9349459
2025-01-01 02:10:00,0.9181343,0.9208293,0.9244996,0.9191397,0.9415788,0.94286007,0.9350023
2025-01-01 02:11:00,0.91814756,0.92084414,0.92451394,0.91914976,0.9416091,0.942891,0.9350381
2025-01-01 02:12:00,0.9181519,0.92084974,0.9245197,0.9191533,0.9416264,0.9429094,0.93506044
2025-01-01 02:13:00,0.9181504,0.9208494,0.92451996,0.91915256,0.9416354,0.9429198,0.9350741
2025-01-01 02:14:00,0.9181452,0.92084527,0.9245166,0.9191492,0.9416388,0.9429249,0.9350821
2025-01-01 02:15:00,0.9181375,0.9208386,0.92451096,0.9191441,0.9416388,0.94292665,0.9350865
2025-01-01 02:16:00,0.91812825,0.9208303,0.9245038,0.9191378,0.9416365,0.9429262,0.9350885
2025-01-01 02:17:00,0.9181179,0.920821,0.9244957,0.91913086,0.94163275,0.9429244,0.935089
2025-01-01 02:18:00,0.9181069,0.9208111,0.92448694,0.91912335,0.94162804,0.94292164,0.9350886
2025-01-01 02:19:00,0.9180955,0.92080075,0.9244778,0.91911566,0.9416228,0.9429183,0.9350875
2025-01-01 02:20:00,0.9180839,0.92079014,0.9244685,0.91910785,0.9416172,0.9429147,0.935086
2025-01-01 02:21:00,0.91807216,0.9207793,0.92445904,0.91909987,0.9416113,0.94291085,0.9350844
2025-01-01 02:22:00,0.9180602,0.92076844,0.92444944,0.9190919,0.9416053,0.94290686,0.9350826
2025-01-01 02:23:00,0.9180482,0.9207575,0.92443985,0.9190839,0.9415993,0.94290286,0.9350808
2025-01-01 02:24:00,0.91803616,0.9207465,0.9244302,0.9190759,0.9415932,0.94289887,0.9350789
2025-01-01 02:25:00,0.9180242,0.92073554,0.9244206,0.9190679,0.94158715,0.94289476,0.935077
2025-01-01 02:26:00,0.91801226,0.92072463,0.92441106,0.91905993,0.9415811,0.94289076,0.9350752
2025-01-01 02:27:00,0.9180002,0.92071366,0.92440146,0.919052,0.94157505,0.9428868,0.93507344
2025-01-01 02:28:00,0.9179882,0.92070276,0.9243919,0.91904414,0.94156903,0.9428829,0.93507165
2025-01-01 02:29:00,0.91797626,0.92069185,0.92438245,0.91903627,0.9415631,0.942879,0.9350699
2025-01-01 02:30:00,0.9214136,0.92417055,0.9274217,0.92139035,0.9461639,0.9472566,0.9397066
2025-01-01 02:31:00,0.92364377,0.9264279,0.929394,0.92291784,0.9491524,0.95010084,0.94271994
2025-01-01 02:32:00,0.92508924,0.92789143,0.93067276,0.92390805,0.9510929,0.9519482,0.9446781
2025-01-01 02:33:00,0.9260247,0.92883897,0.9315007,0.92454904,0.9523523,0.9531478,0.94595045
2025-01-01 02:34:00,0.9266285,0.92945117,0.93203557,0.9249631,0.95316887,0.9539263,0.946777
2025-01-01 02:35:00,0.92701685,0.92984533,0.93238,0.92522955,0.9536977,0.9544311,0.9473138
2025-01-01 02:36:00,0.92726517,0.9300978,0.93260074,0.92540014,0.9540396,0.95475805,0.9476623
2025-01-01 02:37:00,0.9274225,0.9302583,0.932741,0.92550844,0.9542599,0.9549694,0.94788843
2025-01-01 02:38:00,0.9275207,0.9303588,0.932829,0.92557627,0.95440114,0.9551056,0.94803506
2025-01-01 02:39:00,0.9275805,0.9304206,0.932883,0.9256179,0.95449114,0.955193,0.94812995
2025-01-01 02:40:00,0.92761517,0.930457,0.93291503,0.9256423,0.95454776,0.9552487,0.94819134
2025-01-01 02:41:00,0.9276336,0.93047696,0.9329327,0.92565566,0.9545827,0.9552838,0.94823086
2025-01-01 02:42:00,0.9276416,0.9304864,0.9329411,0.92566186,0.9546037,0.9553056,0.94825625
2025-01-01 02:43:00,0.9276427,0.9304889,0.9329434,0.9256634,0.9546155,0.9553186,0.9482725
2025-01-01 02:44:00,0.9276394,0.93048686,0.93294185,0.9256619,0.9546213,0.95532614,0.9482828
2025-01-01 02:45:00,0.9276333,0.930482,0.93293774,0.9256586,0.9546234,0.95532995,0.94828916
2025-01-01 02:46:00,0.92762524,0.9304752,0.932932,0.92565393,0.954623,0.9553315,0.94829315
2025-01-01 02:47:00,0.92761594,0.9304672,0.9329253,0.92564845,0.954621,0.95533144,0.9482955
2025-01-01 02:48:00,0.927606,0.9304584,0.9329179,0.9256425,0.954618,0.9553305,0.9482969
2025-01-01 02:49:00,0.9275955,0.9304492,0.93291,0.9256363,0.9546144,0.95532894,0.9482976
2025-01-01 02:50:00,0.92758465,0.9304396,0.9329019,0.92562985,0.95461035,0.955327,0.9482979
2025-01-01 02:51:00,0.9275736,0.9304299,0.9328937,0.92562336,0.9546061,0.9553248,0.948298
2025-01-01 02:52:00,0.92756253,0.93042004,0.93288535,0.92561674,0.9546017,0.95532256,0.9482979
2025-01-01 02:53:00,0.9275514,0.93041015,0.93287694,0.9256102,0.95459723,0.95532024,0.94829786
2025-01-01 02:54:00,0.9275402,0.93040025,0.9328686,0.92560357,0.9545927,0.95531785,0.9482977
2025-01-01 02:55:00,0.927529,0.9303903,0.93286026,0.925597,0.95458823,0.9553155,0.94829756
2025-01-01 02:56:00,0.9275178,0.9303804,0.9328519,0.9255906,0.95458376,0.95531315,0.94829744
2025-01-01 02:57:00,0.9275065,0.9303705,0.9328436,0.9255841,0.95457935,0.9553108,0.9482974
2025-01-01 02:58:00,0.9274953,0.93036056,0.9328353,0.9255776,0.9545749,0.95530856,0.9482973
2025-01-01 02:59:00,0.92748415,0.9303507,0.93282706,0.9255712,0.95457053,0.95530635,0.94829726
2025-01-01 03:00:00,0.93138134,0.9342629,0.93605965,0.9281132,0.9594533,0.95989937,0.95309114
2025-01-01 03:01:00,0.93391067,0.93680227,0.938158,0.9297633,0.9626256,0.9628841,0.9562073
2025-01-01 03:02:00,0.93555087,0.93844956,0.9395191,0.93083376,0.9646862,0.9648235,0.9582328
2025-01-01 03:03:00,0.9366131,0.93951696,0.9404011,0.9315274,0.96602416,0.96608347,0.95954955
2025-01-01 03:04:00,0.9372997,0.94020736,0.9409715,0.93197614,0.9668924,0.9669018,0.9604055
2025-01-01 03:05:00,0.93774223,0.94065285,0.9413396,0.93226576,0.9674554,0.9674331,0.9609621
2025-01-01 03:06:00,0.938026,0.940939,0.9415761,0.9324519,0.96782,0.96777785,0.9613241
2025-01-01 03:07:00,0.9382067,0.94112176,0.94172704,0.9325708,0.9680556,0.9680013,0.96155953
2025-01-01 03:08:00,0.93832034,0.9412373,0.9418225,0.9326461,0.9682075,0.9681461,0.96171284
2025-01-01 03:09:00,0.9383904,0.941309,0.94188184,0.9326929,0.9683048,0.9682396,0.9618127
2025-01-01 03:10:00,0.9384322,0.94135237,0.9419177,0.9327214,0.96836686,0.96829987,0.9618779
2025-01-01 03:11:00,0.93845564,0.9413773,0.9419384,0.9327379,0.96840596,0.9683385,0.9619205
2025-01-01 03:12:00,0.93846714,0.9413902,0.9419491,0.93274665,0.96843004,0.96836317,0.96194845
2025-01-01 03:13:00,0.93847084,0.9413954,0.94195354,0.93275034,0.96844447,0.9683787,0.961967
2025-01-01 03:14:00,0.9384695,0.9413956,0.9419538,0.9327509,0.9684527,0.9683884,0.9619793
2025-01-01 03:15:00,0.9384649,0.9413925,0.9419513,0.9327493,0.9684568,0.9683942,0.96198773
2025-01-01 03:16:00,0.9384582,0.9413873,0.9419471,0.9327463,0.9684583,0.9683976,0.9619936
2025-01-01 03:17:00,0.9384502,0.94138074,0.94194186,0.9327425,0.9684581,0.96839947,0.9619978
2025-01-01 03:18:00,0.9384413,0.9413733,0.94193584,0.9327382,0.96845686,0.96840024,0.9620009
2025-01-01 03:19:00,0.93843186,0.94136536,0.9419294,0.9327335,0.96845496,0.9684005,0.96200335
2025-01-01 03:20:00,0.9384221,0.9413571,0.9419227,0.93272865,0.96845263,0.9684003,0.96200544
2025-01-01 03:21:00,0.93841213,0.94134855,0.94191587,0.93272364,0.96845007,0.9683999,0.9620072
2025-01-01 03:22:00,0.938402,0.9413399,0.9419089,0.93271863,0.96844727,0.9683993,0.9620089
2025-01-01 03:23:00,0.9383918,0.9413312,0.941902,0.93271357,0.96844447,0.9683987,0.9620105
2025-01-01 03:24:00,0.93838155,0.94132245,0.94189495,0.9327085,0.96844167,0.968398,0.96201205
2025-01-01 03:25:00,0.93837124,0.94131374,0.941888,0.9327035,0.9684388,0.9683974,0.96201366
2025-01-01 03:26:00,0.938361,0.941305,0.94188106,0.93269855,0.96843594,0.9683967,0.9620153
2025-01-01 03:27:00,0.93835086,0.94129634,0.94187415,0.9326936,0.9684332,0.9683962,0.96201694
2025-01-01 03:28:00,0.9383406,0.9412877,0.94186723,0.93268865,0.9684304,0.9683956,0.9620186
2025-01-01 03:29:00,0.9383305,0.941279,0.9418604,0.9326838,0.96842766,0.96839505,0.9620203
2025-01-01 03:30:00,0.9426179,0.9455547,0.9452286,0.9353684,0.9735053,0.9731215,0.96688575
2025-01-01 03:31:00,0.9454012,0.9483309,0.9474156,0.93711185,0.9768049,0.9761936,0.97004896
2025-01-01 03:32:00,0.9472068,0.9501324,0.9488348,0.9382434,0.9789488,0.97819036,0.9721058
2025-01-01 03:33:00,0.948377,0.95130056,0.949755,0.9389773,0.98034143,0.9794882,0.9734434
2025-01-01 03:34:00,0.94913423,0.95205694,0.9503508,0.9394528,0.9812458,0.9803317,0.9743136
2025-01-01 03:35:00,0.9496229,0.95254564,0.95073587,0.9397603,0.9818329,0.98088,0.97488
2025-01-01 03:36:00,0.9499371,0.9528605,0.9509839,0.9399587,0.98221374,0.9812364,0.9752489
2025-01-01 03:37:00,0.95013785,0.9530622,0.9511429,0.9400861,0.9824605,0.9814681,0.97548944
2025-01-01 03:38:00,0.95026493,0.9531904,0.95124406,0.9401674,0.9826201,0.9816187,0.9756467
2025-01-01 03:39:00,0.9503441,0.953271,0.9513076,0.94021887,0.9827232,0.9817167,0.9757497
2025-01-01 03:40:00,0.95039225,0.9533205,0.95134676,0.94025075,0.9827895,0.98178047,0.9758175
2025-01-01 03:41:00,0.9504201,0.9533499,0.95137006,0.94027007,0.9828319,0.981822,0.97586244
2025-01-01 03:42:00,0.9504348,0.9533662,0.95138305,0.9402813,0.98285884,0.98184913,0.97589254
2025-01-01 03:43:00,0.9504411,0.953374,0.9513894,0.9402871,0.98287565,0.9818669,0.97591305
2025-01-01 03:44:00,0.9504418,0.95337635,0.95139134,0.9402895,0.982886,0.9818785,0.97592723
2025-01-01 03:45:00,0.9504389,0.9533751,0.9513906,0.9402897,0.9828921,0.9818863,0.9759374
2025-01-01 03:46:00,0.95043373,0.9533716,0.951388,0.9402885,0.9828955,0.9818916,0.97594506
2025-01-01 03:47:00,0.9504271,0.9533665,0.95138425,0.9402864,0.9828971,0.98189515,0.975951
2025-01-01 03:48:00,0.9504195,0.9533606,0.95137984,0.9402837,0.98289764,0.9818978,0.97595584
2025-01-01 03:49:00,0.95041126,0.95335406,0.95137495,0.9402807,0.9828975,0.98189974,0.9759601
2025-01-01 03:50:00,0.9504026,0.95334715,0.95136976,0.94027746,0.98289686,0.9819013,0.97596383
2025-01-01 03:51:00,0.9503938,0.95333993,0.95136446,0.94027406,0.982896,0.9819026,0.97596735
2025-01-01 03:52:00,0.95038486,0.9533327,0.951359,0.94027066,0.98289496,0.98190373,0.9759707
2025-01-01 03:53:00,0.95037574,0.95332533,0.95135355,0.9402672,0.9828938,0.9819048,0.975974
2025-01-01 03:54:00,0.9503667,0.95331794,0.95134807,0.94026387,0.9828927,0.98190594,0.9759773
2025-01-01 03:55:00,0.95035756,0.95331055,0.9513426,0.94026047,0.98289156,0.981907,0.9759806
2025-01-01 03:56:00,0.9503485,0.9533032,0.95133716,0.94025713,0.9828904,0.9819081,0.97598386
2025-01-01 03:57:00,0.9503395,0.95329595,0.95133173,0.9402538,0.98288935,0.9819092,0.9759872
2025-01-01 03:58:00,0.95033044,0.9532886,0.9513264,0.9402505,0.9828883,0.9819104,0.97599053
2025-01-01 03:59:00,0.9503214,0.95328134,0.95132107,0.9402473,0.9828872,0.9819116,0.97599393
2025-01-01 04:00:00,0.95492256,0.95784426,0.95476466,0.94302654,0.9880691,0.9866872,0.9808442
2025-01-01 04:01:00,0.95791024,0.9608077,0.95700127,0.94483197,0.9914371,0.9897918,0.9839981
2025-01-01 04:02:00,0.9598491,0.9627314,0.95845324,0.9460045,0.99362594,0.9918103,0.9860495
2025-01-01 04:03:00,0.96110636,0.9639794,0.95939523,0.94676566,0.9950485,0.9931229,0.98738414
2025-01-01 04:04:00,0.9619205,0.9647882,0.9600058,0.9472594,0.995973,0.9939766,0.988253
2025-01-01 04:05:00,0.96244663,0.96531147,0.960401,0.9475793,0.9965736,0.9945321,0.9888191
2025-01-01 04:06:00,0.96278554,0.96564925,0.96065617,0.94778633,0.9969639,0.9948937,0.98918843
2025-01-01 04:07:00,0.9630029,0.9658664,0.9608203,0.94791996,0.99721736,0.99512947,0.98942983
2025-01-01 04:08:00,0.9631412,0.9660052,0.96092534,0.94800586,0.9973821,0.9952833,0.98958814
2025-01-01 04:09:00,0.9632281,0.966093,0.960992,0.94806087,0.99748904,0.995384,0.98969245
2025-01-01 04:10:00,0.9632816,0.9661478,0.96103364,0.94809574,0.99755836,0.99545,0.98976177
2025-01-01 04:11:00,0.96331346,0.9661811,0.96105915,0.9481175,0.99760336,0.9954937,0.9898082
2025-01-01 04:12:00,0.9633312,0.9662004,0.9610741,0.94813085,0.9976325,0.9955228,0.98983985
2025-01-01 04:13:00,0.96333987,0.9662108,0.9610823,0.9481387,0.99765146,0.99554247,0.98986197
2025-01-01 04:14:00,0.96334255,0.9662152,0.96108603,0.948143,0.9976638,0.995556,0.9898778
2025-01-01 04:15:00,0.9633415,0.96621585,0.961087,0.94814503,0.9976718,0.99556553,0.9898896
2025-01-01 04:16:00,0.96333784,0.96621406,0.9610861,0.94814557,0.99767697,0.99557257,0.9898989
2025-01-01 04:17:00,0.96333265,0.96621066,0.96108395,0.9481452,0.9976805,0.99557793,0.9899065
2025-01-01 04:18:00,0.9633264,0.96620625,0.96108115,0.94814426,0.9976828,0.9955822,0.989913
2025-01-01 04:19:00,0.96331954,0.96620125,0.9610778,0.94814295,0.99768436,0.9955859,0.9899188
2025-01-01 04:20:00,0.96331227,0.9661958,0.96107423,0.94814134,0.99768543,0.9955892,0.98992425
2025-01-01 04:21:00,0.96330476,0.96619016,0.9610705,0.9481397,0.99768627,0.9955922,0.9899294
2025-01-01 04:22:00,0.9632971,0.9661844,0.9610667,0.948138,0.9976869,0.99559504,0.9899344
2025-01-01 04:23:00,0.9632894,0.9661785,0.96106285,0.9481362,0.9976875,0.99559784,0.98993933
2025-01-01 04:24:00,0.9632816,0.9661726,0.961059,0.94813454,0.99768806,0.9956006,0.9899442
2025-01-01 04:25:00,0.9632738,0.96616673,0.9610551,0.9481328,0.99768865,0.9956034,0.98994917
2025-01-01 04:26:00,0.963266,0.96616083,0.9610513,0.94813114,0.99768925,0.9956062,0.98995405
2025-01-01 04:27:00,0.9632583,0.966155,0.9610475,0.94812953,0.99768984,0.99560905,0.98995906
2025-01-01 04:28:00,0.9632506,0.96614915,0.96104366,0.9481279,0.9976905,0.99561185,0.989964
2025-01-01 04:29:00,0.9632428,0.96614337,0.96103996,0.9481264,0.99769115,0.99561477,0.989969
2025-01-01 04:30:00,0.96807617,0.97091264,0.96449804,0.950951,1.0028853,1.0003546,0.9947181
2025-01-01 04:31:00,0.97121525,0.97401077,0.96674454,0.9527865,1.006262,1.0034367,0.99780685
2025-01-01 04:32:00,0.973253,0.97602254,0.9682036,0.95397913,1.0084571,1.0054411,0.9998164
2025-01-01 04:33:00,0.9745749,0.9773283,0.9691508,0.95475394,1.0098842,1.0067451,1.0011245
2025-01-01 04:34:00,0.9754316,0.97817516,0.96976525,0.9552572,1.0108123,1.0075938,1.0019766
2025-01-01 04:35:00,0.97598594,0.9787237,0.9701636,0.9555839,1.011416,1.0081466,1.0025324
2025-01-01 04:36:00,0.97634363,0.9790784,0.9704213,0.9557959,1.0118088,1.0085073,1.0028955
2025-01-01 04:37:00,0.97657365,0.97930706,0.97058773,0.95593333,1.0120646,1.0087428,1.0031335
2025-01-01 04:38:00,0.9767207,0.9794539,0.9706948,0.9560224,1.0122312,1.0088972,1.0032902
2025-01-01 04:39:00,0.9768137,0.97954756,0.9707633,0.95607996,1.01234,1.0089988,1.0033939
2025-01-01 04:40:00,0.97687167,0.9796066,0.97080684,0.95611703,1.0124112,1.009066,1.0034634
2025-01-01 04:41:00,0.9769069,0.9796433,0.970834,0.95614094,1.0124581,1.009111,1.0035105
2025-01-01 04:42:00,0.97692734,0.97966534,0.9708507,0.95615625,1.0124891,1.0091416,1.0035431
2025-01-01 04:43:00,0.97693825,0.9796779,0.9708606,0.95616597,1.0125098,1.0091628,1.0035664
2025-01-01 04:44:00,0.9769429,0.9796844,0.9708661,0.95617205,1.0125238,1.0091778,1.0035837
2025-01-01 04:45:00,0.9769435,0.9796869,0.97086865,0.95617586,1.0125335,1.009189,1.0035969
2025-01-01 04:46:00,0.9769415,0.97968686,0.9708694,0.9561781,1.0125405,1.0091976,1.0036077
2025-01-01 04:47:00,0.97693795,0.9796852,0.97086895,0.9561795,1.0125456,1.0092046,1.0036168
2025-01-01 04:48:00,0.97693324,0.9796824,0.9708678,0.9561803,1.0125496,1.0092106,1.0036248
2025-01-01 04:49:00,0.9769278,0.979679,0.97086614,0.9561807,1.012553,1.0092158,1.0036322
2025-01-01 04:50:00,0.97692204,0.9796752,0.9708642,0.9561809,1.0125557,1.0092207,1.0036391
2025-01-01 04:51:00,0.9769159,0.9796711,0.9708621,0.95618093,1.0125583,1.0092255,1.0036459
2025-01-01 04:52:00,0.9769097,0.9796669,0.97085994,0.95618093,1.0125606,1.00923,1.0036525
2025-01-01 04:53:00,0.9769034,0.9796626,0.9708578,0.9561809,1.012563,1.0092344,1.0036589
2025-01-01 04:54:00,0.97689706,0.9796583,0.9708556,0.9561809,1.0125651,1.0092388,1.0036653
2025-01-01 04:55:00,0.97689074,0.979654,0.9708534,0.9561809,1.0125675,1.0092432,1.0036718
2025-01-01 04:56:00,0.9768844,0.9796497,0.97085124,0.956181,1.0125698,1.0092478,1.0036783
2025-01-01 04:57:00,0.9768781,0.97964543,0.97084904,0.95618105,1.012572,1.0092522,1.0036848
2025-01-01 04:58:00,0.97687185,0.9796412,0.97084695,0.95618117,1.0125744,1.0092567,1.0036913
2025-01-01 04:59:00,0.9768656,0.97963697,0.9708449,0.95618135,1.0125768,1.0092613,1.0036979
2025-01-01 05:00:00,0.9818438,0.9845265,0.9742549,0.95900035,1.0176897,1.0138801,1.00826
2025-01-01 05:01:00,0.9850776,0.9877033,0.97647077,0.96083283,1.021014,1.0168839,1.0112277
2025-01-01 05:02:00,0.9871774,0.98976684,0.9779104,0.9620241,1.0231756,1.0188382,1.0131592
2025-01-01 05:03:00,0.98854023,0.99110675,0.9788456,0.9627986,1.0245817,1.0201101,1.014417
2025-01-01 05:04:00,0.98942393,0.99197644,0.97945285,0.9633022,1.0254966,1.0209385,1.015237
2025-01-01 05:05:00,0.9899964,0.99254036,0.9798471,0.9636298,1.0260923,1.0214788,1.0157725
2025-01-01 05:06:00,0.9903664,0.9929056,0.9801027,0.9638429,1.0264804,1.0218316,1.0161228
2025-01-01 05:07:00,0.99060494,0.9931417,0.9802684,0.96398175,1.0267339,1.0220629,1.0163532
2025-01-01 05:08:00,0.990758,0.99329394,0.9803756,0.9640722,1.0268996,1.0222149,1.0165054
2025-01-01 05:09:00,0.9908555,0.9933917,0.9804448,0.9641314,1.0270084,1.0223156,1.0166067
2025-01-01 05:10:00,0.99091697,0.993454,0.9804894,0.9641702,1.0270802,1.0223829,1.0166752
2025-01-01 05:11:00,0.9909549,0.99349326,0.98051786,0.9641957,1.027128,1.0224284,1.0167222
2025-01-01 05:12:00,0.9909777,0.99351764,0.980536,0.9642127,1.0271602,1.0224599,1.0167552
2025-01-01 05:13:00,0.9909906,0.99353224,0.9805473,0.9642241,1.0271823,1.0224822,1.0167793
2025-01-01 05:14:00,0.9909971,0.9935406,0.98055434,0.9642319,1.0271978,1.0224986,1.0167975
2025-01-01 05:15:00,0.99099946,0.99354494,0.9805585,0.9642374,1.0272092,1.0225112,1.0168121
2025-01-01 05:16:00,0.99099916,0.99354666,0.9805609,0.9642414,1.0272176,1.0225214,1.0168241
2025-01-01 05:17:00,0.99099714,0.99354666,0.98056215,0.9642445,1.0272243,1.02253,1.0168345
2025-01-01 05:18:00,0.99099404,0.9935456,0.9805626,0.9642469,1.02723,1.0225374,1.0168438
2025-01-01 05:19:00,0.99099016,0.99354386,0.9805627,0.964249,1.027235,1.0225444,1.0168527
2025-01-01 05:20:00,0.99098593,0.9935417,0.98056245,0.9642509,1.0272396,1.0225508,1.0168611
2025-01-01 05:21:00,0.9909814,0.99353933,0.9805621,0.9642527,1.0272437,1.0225571,1.0168693
2025-01-01 05:22:00,0.9909767,0.9935367,0.9805616,0.96425444,1.0272478,1.0225632,1.0168773
2025-01-01 05:23:00,0.990972,0.9935341,0.98056114,0.9642561,1.0272517,1.0225693,1.0168853
2025-01-01 05:24:00,0.99096715,0.99353147,0.98056066,0.9642578,1.0272557,1.0225753,1.0168931
2025-01-01 05:25:00,0.9909624,0.9935288,0.9805601,0.9642595,1.0272596,1.0225812,1.016901
2025-01-01 05:26:00,0.9909576,0.99352616,0.9805597,0.9642613,1.0272636,1.0225872,1.0169089
2025-01-01 05:27:00,0.9909529,0.99352354,0.9805593,0.9642631,1.0272676,1.0225933,1.0169169
2025-01-01 05:28:00,0.9909482,0.993521,0.9805589,0.9642649,1.0272715,1.0225992,1.0169247
2025-01-01 05:29:00,0.9909435,0.9935184,0.9805586,0.96426684,1.0272757,1.0226054,1.0169327
2025-01-01 05:30:00,0.9959782,0.9984414,0.98385996,0.96703005,1.0322163,1.0270209,1.0212269
2025-01-01 05:31:00,0.9992491,1.0016406,0.98600584,0.96882695,1.0354292,1.0298934,1.024021
2025-01-01 05:32:00,1.0013738,1.0037192,0.98740065,0.9699957,1.0375191,1.0317626,1.02584
2025-01-01 05:33:00,1.0027533,1.0050696,0.98830724,0.9707561,1.0388792,1.0329798,1.0270253
2025-01-01 05:34:00,1.0036484,1.0059465,0.98889655,0.97125125,1.0397648,1.0337733,1.0277987
2025-01-01 05:35:00,1.0042287,1.0065157,0.9892797,0.9715738,1.0403419,1.0342914,1.0283042
2025-01-01 05:36:00,1.0046045,1.006885,0.9895288,0.97178435,1.0407187,1.0346304,1.0286356
2025-01-01 05:37:00,1.0048473,1.0071244,0.9896908,0.9719221,1.0409651,1.0348531,1.0288541
2025-01-01 05:38:00,1.0050036,1.0072793,0.98979616,0.97201246,1.041127,1.0350001,1.0289992
2025-01-01 05:39:00,1.005104,1.0073794,0.98986477,0.9720721,1.0412338,1.035098,1.0290962
2025-01-01 05:40:00,1.0051676,1.0074438,0.9899095,0.9721119,1.041305,1.035164,1.0291624
2025-01-01 05:41:00,1.0052078,1.007485,0.9899388,0.9721386,1.0413529,1.0352094,1.0292085
2025-01-01 05:42:00,1.0052323,1.0075113,0.989958,0.97215694,1.0413858,1.0352411,1.0292414
2025-01-01 05:43:00,1.005247,1.0075277,0.9899707,0.9721698,1.0414088,1.0352643,1.0292659
2025-01-01 05:44:00,1.0052553,1.0075378,0.98997915,0.9721792,1.0414255,1.0352818,1.0292848
2025-01-01 05:45:00,1.0052594,1.0075438,0.98998487,0.9721862,1.0414381,1.0352956,1.0293001
2025-01-01 05:46:00,1.0052607,1.0075473,0.98998886,0.9721919,1.0414481,1.0353069,1.0293133
2025-01-01 05:47:00,1.0052603,1.0075489,0.9899917,0.97219664,1.0414563,1.0353168,1.0293249
2025-01-01 05:48:00,1.0052589,1.0075496,0.98999393,0.9722008,1.0414636,1.0353258,1.0293355
2025-01-01 05:49:00,1.0052567,1.0075496,0.98999566,0.97220457,1.0414702,1.0353341,1.0293456
2025-01-01 05:50:00,1.0052541,1.0075492,0.9899971,0.97220814,1.0414761,1.0353421,1.0293553
2025-01-01 05:51:00,1.0052513,1.0075485,0.98999846,0.9722116,1.041482,1.0353498,1.0293647
2025-01-01 05:52:00,1.0052482,1.0075476,0.9899997,0.972215,1.0414876,1.0353575,1.0293741
2025-01-01 05:53:00,1.0052451,1.0075467,0.9900009,0.97221833,1.0414932,1.035365,1.0293834
2025-01-01 05:54:00,1.0052419,1.0075456,0.99000216,0.9722218,1.0414988,1.0353724,1.0293925
2025-01-01 05:55:00,1.0052387,1.0075446,0.99000335,0.9722252,1.0415043,1.0353799,1.0294018
2025-01-01 05:56:00,1.0052356,1.0075438,0.9900046,0.97222865,1.0415099,1.0353874,1.029411
2025-01-01 05:57:00,1.0052325,1.0075428,0.9900059,0.9722321,1.0415155,1.0353948,1.0294201
2025-01-01 05:58:00,1.0052294,1.0075419,0.9900072,0.9722356,1.0415211,1.0354024,1.0294293
2025-01-01 05:59:00,1.0052264,1.0075411,0.9900086,0.9722392,1.0415267,1.0354099,1.0294386
2025-01-01 06:00:00,1.0102277,1.0124097,0.99314266,0.9748975,1.0462071,1.0395437,1.0333883
2025-01-01 06:01:00,1.0134777,1.0155741,0.9951803,0.9766267,1.0492513,1.0422333,1.0359589
2025-01-01 06:02:00,1.0155892,1.0176307,0.9965054,0.97775203,1.0512322,1.0439844,1.0376332
2025-01-01 06:03:00,1.0169607,1.0189674,0.9973673,0.97848487,1.0525218,1.0451252,1.0387248
2025-01-01 06:04:00,1.0178512,1.0198361,0.9979282,0.9789626,1.0533623,1.0458697,1.0394375
2025-01-01 06:05:00,1.0184292,1.0204005,0.9982934,0.9792746,1.0539106,1.0463562,1.0399042
2025-01-01 06:06:00,1.018804,1.0207673,0.99853146,0.9794787,1.0542692,1.0466753,1.040211
2025-01-01 06:07:00,1.0190467,1.0210056,0.99868685,0.9796128,1.0545045,1.0468855,1.0404137
2025-01-01 06:08:00,1.0192037,1.0211606,0.99878854,0.9797015,1.0546596,1.047025,1.0405489
2025-01-01 06:09:00,1.0193048,1.0212611,0.9988553,0.97976065,1.0547625,1.0471185,1.0406402
2025-01-01 06:10:00,1.0193697,1.0213265,0.9988995,0.9798006,1.0548316,1.0471822,1.040703
2025-01-01 06:11:00,1.0194111,1.0213689,0.998929,0.97982806,1.0548788,1.0472264,1.0407473
2025-01-01 06:12:00,1.0194373,1.0213964,0.99894893,0.9798474,1.0549117,1.047258,1.0407795
2025-01-01 06:13:00,1.0194535,1.0214144,0.99896264,0.9798615,1.0549353,1.0472815,1.0408038
2025-01-01 06:14:00,1.0194633,1.0214261,0.9989724,0.9798723,1.0549531,1.0472996,1.0408231
2025-01-01 06:15:00,1.019469,1.0214338,0.99897957,0.97988087,1.0549669,1.0473144,1.0408392
2025-01-01 06:16:00,1.0194721,1.021439,0.9989851,0.9798881,1.0549781,1.0473269,1.0408531
2025-01-01 06:17:00,1.0194734,1.0214424,0.9989896,0.97989434,1.0549878,1.047338,1.0408658
2025-01-01 06:18:00,1.0194736,1.0214448,0.99899346,0.97990006,1.0549965,1.0473483,1.0408775
2025-01-01 06:19:00,1.0194731,1.0214463,0.9989968,0.9799055,1.0550044,1.0473578,1.0408885
2025-01-01 06:20:00,1.0194721,1.0214475,0.999,0.97991073,1.055012,1.0473671,1.0408994
2025-01-01 06:21:00,1.0194709,1.0214486,0.999003,0.9799158,1.0550194,1.0473762,1.04091
2025-01-01 06:22:00,1.0194695,1.0214494,0.9990059,0.97992086,1.0550265,1.0473851,1.0409204
2025-01-01 06:23:00,1.0194681,1.0214502,0.9990088,0.9799258,1.0550336,1.0473939,1.0409307
2025-01-01 06:24:00,1.0194665,1.0214509,0.9990117,0.9799308,1.0550406,1.0474027,1.0409411
2025-01-01 06:25:00,1.0194651,1.0214517,0.9990147,0.9799359,1.0550478,1.0474117,1.0409515
2025-01-01 06:26:00,1.0194637,1.0214525,0.9990176,0.97994095,1.0550547,1.0474204,1.0409619
2025-01-01 06:27:00,1.0194622,1.0214533,0.9990205,0.979946,1.0550618,1.0474292,1.0409721
2025-01-01 06:28:00,1.0194608,1.0214541,0.99902356,0.97995114,1.0550689,1.0474381,1.0409825
2025-01-01 06:29:00,1.0194595,1.0214549,0.99902666,0.9799563,1.055076,1.047447,1.040993
2025-01-01 06:30:00,1.0243384,1.0261823,1.0019372,0.9824623,1.0594126,1.051225,1.0445276
2025-01-01 06:31:00,1.0275092,1.0292556,1.0038302,0.984093,1.0622339,1.0536839,1.046829
2025-01-01 06:32:00,1.0295699,1.0312535,1.0050619,0.9851549,1.0640705,1.0552853,1.0483285
2025-01-01 06:33:00,1.030909,1.0325526,1.0058637,0.98584706,1.0652667,1.0563295,1.049307
2025-01-01 06:34:00,1.031779,1.0333974,1.006386,0.9862989,1.066047,1.0570114,1.0499465
2025-01-01 06:35:00,1.0323443,1.0339471,1.0067269,0.98659456,1.0665567,1.0574579,1.0503662
2025-01-01 06:36:00,1.0327114,1.0343047,1.0069495,0.9867887,1.0668907,1.0577514,1.0506426
2025-01-01 06:37:00,1.0329498,1.0345379,1.0070956,0.98691696,1.0671104,1.0579454,1.050826
2025-01-01 06:38:00,1.0331044,1.0346899,1.0071918,0.98700225,1.067256,1.0580747,1.050949
2025-01-01 06:39:00,1.0332047,1.0347892,1.0072557,0.9870598,1.0673534,1.0581622,1.0510327
2025-01-01 06:40:00,1.0332696,1.0348544,1.0072985,0.98709923,1.0674193,1.0582223,1.051091
2025-01-01 06:41:00,1.0333117,1.0348973,1.0073277,0.9871269,1.067465,1.0582646,1.0511326
2025-01-01 06:42:00,1.0333389,1.0349258,1.0073481,0.987147,1.0674974,1.0582955,1.0511634
2025-01-01 06:43:00,1.0333564,1.034945,1.0073626,0.9871621,1.0675212,1.0583189,1.0511874
2025-01-01 06:44:00,1.0333676,1.034958,1.0073735,0.9871741,1.0675395,1.0583375,1.0512068
2025-01-01 06:45:00,1.0333748,1.0349672,1.0073819,0.987184,1.0675541,1.058353,1.0512233
2025-01-01 06:46:00,1.0333794,1.0349739,1.007389,0.98719263,1.0675664,1.0583663,1.0512378
2025-01-01 06:47:00,1.0333823,1.0349789,1.0073949,0.9872004,1.0675772,1.0583785,1.0512512
2025-01-01 06:48:00,1.0333841,1.0349828,1.0074003,0.98720765,1.0675871,1.0583898,1.0512637
2025-01-01 06:49:00,1.0333853,1.0349861,1.0074053,0.98721457,1.0675964,1.0584006,1.0512757
2025-01-01 06:50:00,1.033386,1.0349891,1.00741,0.98722124,1.0676054,1.058411,1.0512874
2025-01-01 06:51:00,1.0333865,1.0349917,1.0074147,0.9872279,1.067614,1.0584213,1.0512991
2025-01-01 06:52:00,1.0333868,1.0349944,1.0074192,0.9872345,1.0676225,1.0584314,1.0513104
2025-01-01 06:53:00,1.0333871,1.0349969,1.0074238,0.98724097,1.0676311,1.0584414,1.0513217
2025-01-01 06:54:00,1.0333873,1.0349993,1.0074284,0.9872475,1.0676395,1.0584514,1.0513331
2025-01-01 06:55:00,1.0333875,1.0350018,1.0074328,0.9872541,1.067648,1.0584614,1.0513444
2025-01-01 06:56:00,1.0333879,1.0350043,1.0074375,0.98726076,1.0676564,1.0584714,1.0513557
2025-01-01 06:57:00,1.0333881,1.0350068,1.007442,0.9872674,1.0676649,1.0584815,1.051367
2025-01-01 06:58:00,1.0333885,1.0350093,1.0074466,0.987274,1.0676733,1.0584915,1.0513784
2025-01-01 06:59:00,1.0333889,1.0350118,1.0074514,0.9872807,1.0676818,1.0585016,1.0513897
2025-01-01 07:00:00,1.0380582,1.0395137,1.0100868,0.9895896,1.0715972,1.0618565,1.0544463
2025-01-01 07:01:00,1.0410935,1.0424409,1.0118016,0.9910927,1.0741454,1.0640409,1.0564373
2025-01-01 07:02:00,1.0430666,1.0443445,1.0129179,0.99207217,1.0758047,1.0654643,1.0577353
2025-01-01 07:03:00,1.0443494,1.045583,1.0136452,0.99271125,1.0768863,1.0663931,1.0585831
2025-01-01 07:04:00,1.0451834,1.046389,1.0141197,0.99312913,1.0775924,1.0670005,1.0591383
2025-01-01 07:05:00,1.0457258,1.0469139,1.01443,0.99340326,1.0780545,1.0673989,1.0595032
2025-01-01 07:06:00,1.0460788,1.0472562,1.0146335,0.9935839,1.078358,1.0676615,1.0597445
2025-01-01 07:07:00,1.0463085,1.0474797,1.0147676,0.9937039,1.0785584,1.0678358,1.0599053
2025-01-01 07:08:00,1.0464581,1.0476263,1.0148566,0.9937845,1.0786917,1.0679528,1.0600139
2025-01-01 07:09:00,1.0465558,1.0477227,1.0149163,0.9938393,1.0787816,1.0680325,1.0600886
2025-01-01 07:10:00,1.0466195,1.0477864,1.0149571,0.9938776,1.0788432,1.0680879,1.0601412
2025-01-01 07:11:00,1.0466615,1.047829,1.0149854,0.993905,1.0788865,1.0681278,1.0601796
2025-01-01 07:12:00,1.0466893,1.0478579,1.0150058,0.99392545,1.0789179,1.0681574,1.0602087
2025-01-01 07:13:00,1.0467076,1.0478779,1.0150211,0.99394137,1.0789413,1.0681804,1.0602316
2025-01-01 07:14:00,1.0467201,1.0478921,1.0150329,0.99395436,1.07896,1.068199,1.0602508
2025-01-01 07:15:00,1.0467286,1.0479026,1.0150425,0.9939654,1.0789752,1.0682149,1.0602673
2025-01-01 07:16:00,1.0467348,1.0479107,1.0150508,0.9939753,1.0789884,1.068229,1.0602822
2025-01-01 07:17:00,1.0467392,1.0479172,1.0150582,0.9939844,1.0790004,1.0682418,1.060296
2025-01-01 07:18:00,1.0467428,1.0479228,1.015065,0.993993,1.0790113,1.0682541,1.0603093
2025-01-01 07:19:00,1.0467455,1.0479277,1.0150715,0.9940013,1.0790217,1.0682658,1.0603219
2025-01-01 07:20:00,1.0467479,1.0479323,1.0150777,0.99400944,1.0790318,1.0682772,1.0603344
2025-01-01 07:21:00,1.0467502,1.0479367,1.0150839,0.9940175,1.0790417,1.0682884,1.0603467
2025-01-01 07:22:00,1.0467522,1.0479409,1.0150901,0.9940255,1.0790515,1.0682995,1.060359
2025-01-01 07:23:00,1.0467542,1.047945,1.0150962,0.99403346,1.0790613,1.0683106,1.060371
2025-01-01 07:24:00,1.0467561,1.0479491,1.0151024,0.99404144,1.0790709,1.0683216,1.0603832
2025-01-01 07:25:00,1.046758,1.0479532,1.0151085,0.99404943,1.0790807,1.0683327,1.0603952
2025-01-01 07:26:00,1.04676,1.0479573,1.0151145,0.9940574,1.0790902,1.0683438,1.0604073
2025-01-01 07:27:00,1.046762,1.0479615,1.0151207,0.99406546,1.0790999,1.0683547,1.0604193
2025-01-01 07:28:00,1.046764,1.0479656,1.015127,0.99407357,1.0791097,1.0683658,1.0604314
2025-01-01 07:29:00,1.046766,1.0479698,1.0151333,0.9940817,1.0791194,1.0683769,1.0604435
2025-01-01 07:30:00,1.0511423,1.0521656,1.0174463,0.99615216,1.0825438,1.0712489,1.0629677
2025-01-01 07:31:00,1.0539877,1.0548946,1.0189519,0.99750096,1.0847731,1.0731196,1.0646126
2025-01-01 07:32:00,1.055838,1.0566698,1.0199329,0.99838054,1.0862256,1.0743396,1.0656861
2025-01-01 07:33:00,1.0570416,1.0578253,1.0205729,0.99895525,1.0871732,1.0751365,1.0663881
2025-01-01 07:34:00,1.0578247,1.0585781,1.0209911,0.9993317,1.0877928,1.0756584,1.0668488
2025-01-01 07:35:00,1.0583347,1.059069,1.0212653,0.99957937,1.088199,1.0760018,1.0671525
2025-01-01 07:36:00,1.0586671,1.0593898,1.021446,0.9997434,1.0884665,1.0762289,1.0673542
2025-01-01 07:37:00,1.058884,1.0595999,1.0215657,0.99985296,1.0886439,1.0763803,1.0674895
2025-01-01 07:38:00,1.0590259,1.0597382,1.0216459,0.99992716,1.0887628,1.0764829,1.067582
2025-01-01 07:39:00,1.0591192,1.0598297,1.0217005,0.9999784,1.0888436,1.0765535,1.0676463
2025-01-01 07:40:00,1.0591807,1.059891,1.0217383,1.0000148,1.0888999,1.0766034,1.0676925
2025-01-01 07:41:00,1.0592217,1.0599326,1.0217654,1.0000416,1.0889399,1.0766399,1.0677269
2025-01-01 07:42:00,1.0592495,1.0599614,1.0217854,1.000062,1.0889696,1.0766677,1.0677534
2025-01-01 07:43:00,1.0592685,1.059982,1.0218009,1.0000783,1.0889925,1.0766898,1.0677751
2025-01-01 07:44:00,1.0592818,1.059997,1.0218135,1.0000921,1.0890111,1.0767082,1.0677937
2025-01-01 07:45:00,1.0592916,1.0600086,1.0218242,1.0001042,1.0890267,1.0767242,1.06781
2025-01-01 07:46:00,1.0592991,1.0600181,1.0218337,1.0001152,1.0890405,1.0767387,1.067825
2025-01-01 07:47:00,1.0593052,1.0600259,1.0218424,1.0001254,1.0890532,1.0767522,1.0678391
2025-01-01 07:48:00,1.0593102,1.060033,1.0218506,1.0001352,1.0890651,1.0767651,1.0678527
2025-01-01 07:49:00,1.0593146,1.0600395,1.0218585,1.0001448,1.0890764,1.0767776,1.067866
2025-01-01 07:50:00,1.0593187,1.0600456,1.0218662,1.0001543,1.0890876,1.0767897,1.067879
2025-01-01 07:51:00,1.0593225,1.0600514,1.0218738,1.0001636,1.0890986,1.0768018,1.0678917
2025-01-01 07:52:00,1.0593262,1.0600573,1.0218813,1.0001727,1.0891094,1.0768137,1.0679045
2025-01-01 07:53:00,1.0593299,1.060063,1.0218889,1.000182,1.0891201,1.0768256,1.0679172
2025-01-01 07:54:00,1.0593334,1.0600687,1.0218965,1.0001913,1.0891309,1.0768375,1.0679299
2025-01-01 07:55:00,1.0593371,1.0600744,1.021904,1.0002006,1.0891417,1.0768493,1.0679425
2025-01-01 07:56:00,1.0593407,1.0600802,1.0219116,1.0002099,1.0891525,1.0768611,1.0679551
2025-01-01 07:57:00,1.0593443,1.0600859,1.0219193,1.0002192,1.0891632,1.0768731,1.0679678
2025-01-01 07:58:00,1.059348,1.0600916,1.0219269,1.0002286,1.089174,1.076885,1.0679804
2025-01-01 07:59:00,1.0593518,1.0600975,1.0219346,1.0002381,1.0891848,1.0768969,1.067993
2025-01-01 08:00:00,1.0633576,1.0639129,1.0238842,1.0020336,1.0920573,1.0792351,1.0699399
2025-01-01 08:01:00,1.0659627,1.066395,1.0251542,1.003204,1.0939283,1.080759,1.0712097
2025-01-01 08:02:00,1.0676575,1.0680106,1.0259825,1.0039681,1.0951483,1.0817538,1.0720395
2025-01-01 08:03:00,1.0687604,1.0690627,1.0265236,1.0044682,1.0959452,1.0824047,1.0725834
2025-01-01 08:04:00,1.0694789,1.0697488,1.0268782,1.0047966,1.096467,1.082832,1.0729413
2025-01-01 08:05:00,1.0699472,1.070197,1.0271115,1.0050135,1.09681,1.0831139,1.0731784
2025-01-01 08:06:00,1.0702533,1.0704905,1.027266,1.0051578,1.097037,1.0833015,1.0733371
2025-01-01 08:07:00,1.0704536,1.0706835,1.0273694,1.0052552,1.0971884,1.0834277,1.0734446
2025-01-01 08:08:00,1.0705855,1.0708112,1.0274394,1.0053219,1.0972906,1.083514,1.0735191
2025-01-01 08:09:00,1.0706726,1.0708964,1.0274876,1.0053686,1.097361,1.0835743,1.0735719
2025-01-01 08:10:00,1.0707308,1.070954,1.027522,1.0054024,1.0974107,1.0836176,1.0736108
2025-01-01 08:11:00,1.0707703,1.0709938,1.0275474,1.005428,1.0974468,1.0836502,1.0736405
2025-01-01 08:12:00,1.0707976,1.071022,1.0275667,1.005448,1.0974743,1.0836756,1.0736643
2025-01-01 08:13:00,1.0708168,1.0710425,1.0275823,1.0054647,1.0974963,1.0836965,1.0736843
2025-01-01 08:14:00,1.0708311,1.0710584,1.0275953,1.0054789,1.0975144,1.0837144,1.0737019
2025-01-01 08:15:00,1.0708419,1.0710709,1.0276068,1.0054916,1.0975301,1.0837301,1.0737178
2025-01-01 08:16:00,1.0708506,1.0710814,1.0276172,1.0055035,1.0975443,1.0837448,1.0737325
2025-01-01 08:17:00,1.0708579,1.0710907,1.0276271,1.0055147,1.0975577,1.0837587,1.0737468
2025-01-01 08:18:00,1.0708644,1.071099,1.0276365,1.0055257,1.0975702,1.083772,1.0737605
2025-01-01 08:19:00,1.0708703,1.071107,1.0276457,1.0055364,1.0975825,1.0837849,1.073774
2025-01-01 08:20:00,1.0708759,1.0711145,1.0276548,1.0055469,1.0975944,1.0837978,1.0737873
2025-01-01 08:21:00,1.0708814,1.0711218,1.0276637,1.0055574,1.0976063,1.0838104,1.0738004
2025-01-01 08:22:00,1.0708866,1.0711291,1.0276725,1.0055678,1.097618,1.083823,1.0738136
2025-01-01 08:23:00,1.070892,1.0711364,1.0276815,1.0055783,1.0976297,1.0838355,1.0738266
2025-01-01 08:24:00,1.0708971,1.0711435,1.0276903,1.0055887,1.0976413,1.0838481,1.0738395
2025-01-01 08:25:00,1.0709025,1.0711508,1.0276991,1.005599,1.0976529,1.0838605,1.0738525
2025-01-01 08:26:00,1.0709076,1.0711579,1.027708,1.0056094,1.0976645,1.083873,1.0738655
2025-01-01 08:27:00,1.070913,1.0711652,1.027717,1.0056199,1.0976762,1.0838854,1.0738785
2025-01-01 08:28:00,1.0709182,1.0711724,1.027726,1.0056304,1.0976878,1.083898,1.0738914
2025-01-01 08:29:00,1.0709236,1.0711797,1.0277351,1.0056409,1.0976995,1.0839106,1.0739045
2025-01-01 08:30:00,1.0744863,1.0745459,1.0292861,1.0071288,1.0999683,1.0856725,1.0752386
2025-01-01 08:31:00,1.0768039,1.0767365,1.0302974,1.0080998,1.1014472,1.0868222,1.0761104
2025-01-01 08:32:00,1.0783125,1.078163,1.030958,1.0087346,1.1024125,1.0875739,1.0766815
2025-01-01 08:33:00,1.0792949,1.079093,1.0313908,1.009151,1.1030442,1.0880668,1.0770574
2025-01-01 08:34:00,1.0799356,1.0797001,1.0316752,1.0094253,1.1034589,1.0883918,1.0773063
2025-01-01 08:35:00,1.080354,1.0800974,1.0318635,1.0096074,1.1037326,1.0886074,1.0774726
2025-01-01 08:36:00,1.080628,1.0803584,1.031989,1.0097296,1.1039147,1.088752,1.0775852
2025-01-01 08:37:00,1.0808083,1.0805306,1.032074,1.009813,1.1040373,1.0888504,1.0776631
2025-01-01 08:38:00,1.0809274,1.0806454,1.0321325,1.0098708,1.1041211,1.0889188,1.0777181
2025-01-01 08:39:00,1.081007,1.0807227,1.0321739,1.0099124,1.1041797,1.0889677,1.0777587
2025-01-01 08:40:00,1.0810606,1.0807757,1.0322042,1.0099431,1.104222,1.0890039,1.0777895
2025-01-01 08:41:00,1.0810978,1.080813,1.0322272,1.009967,1.1042539,1.0890319,1.0778141
2025-01-01 08:42:00,1.0811241,1.08084,1.0322455,1.0099862,1.1042787,1.0890546,1.0778347
2025-01-01 08:43:00,1.0811433,1.0808604,1.0322608,1.0100026,1.1042991,1.0890738,1.0778527
2025-01-01 08:44:00,1.081158,1.0808765,1.0322742,1.0100173,1.1043166,1.0890907,1.0778689
2025-01-01 08:45:00,1.0811698,1.0808898,1.0322863,1.0100305,1.1043321,1.0891062,1.0778841
2025-01-01 08:46:00,1.0811796,1.0809014,1.0322975,1.0100431,1.1043464,1.0891209,1.0778985
2025-01-01 08:47:00,1.0811883,1.0809118,1.0323083,1.0100552,1.1043601,1.0891348,1.0779124
2025-01-01 08:48:00,1.0811962,1.0809214,1.0323188,1.010067,1.1043732,1.0891483,1.0779262
2025-01-01 08:49:00,1.0812035,1.0809306,1.0323292,1.0100785,1.104386,1.0891616,1.0779395
2025-01-01 08:50:00,1.0812105,1.0809394,1.0323393,1.01009,1.1043986,1.0891747,1.0779529
2025-01-01 08:51:00,1.0812174,1.0809481,1.0323493,1.0101013,1.104411,1.0891879,1.0779661
2025-01-01 08:52:00,1.0812241,1.0809567,1.0323594,1.0101128,1.1044234,1.0892009,1.0779793
2025-01-01 08:53:00,1.081231,1.0809653,1.0323695,1.0101241,1.1044358,1.0892138,1.0779926
2025-01-01 08:54:00,1.0812377,1.0809737,1.0323795,1.0101354,1.1044482,1.0892267,1.0780057
2025-01-01 08:55:00,1.0812445,1.0809824,1.0323895,1.0101467,1.1044605,1.0892396,1.0780188
2025-01-01 08:56:00,1.0812513,1.0809909,1.0323997,1.0101582,1.1044728,1.0892525,1.0780319
2025-01-01 08:57:00,1.081258,1.0809995,1.0324098,1.0101695,1.104485,1.0892653,1.078045
2025-01-01 08:58:00,1.0812649,1.0810082,1.03242,1.010181,1.1044974,1.0892782,1.0780581
2025-01-01 08:59:00,1.0812718,1.0810168,1.0324302,1.0101924,1.1045098,1.0892912,1.0780712
2025-01-01 09:00:00,1.0843284,1.0838739,1.0335552,1.0113465,1.1061348,1.0904458,1.0787692
2025-01-01 09:01:00,1.0863178,1.0857341,1.03429,1.0121008,1.1071954,1.0912008,1.0792276
2025-01-01 09:02:00,1.0876132,1.0869464,1.0347712,1.0125952,1.107889,1.091696,1.0795299
2025-01-01 09:03:00,1.088458,1.0877374,1.0350877,1.0129205,1.1083443,1.0920225,1.0797312
2025-01-01 09:04:00,1.0890094,1.0882547,1.035297,1.013136,1.1086447,1.0922393,1.0798664
2025-01-01 09:05:00,1.0893704,1.0885942,1.0354367,1.0132802,1.1088442,1.0923847,1.079959
2025-01-01 09:06:00,1.0896077,1.088818,1.0355313,1.013378,1.1089783,1.0924838,1.0800238
2025-01-01 09:07:00,1.0897645,1.0889666,1.0355965,1.0134457,1.1090698,1.0925528,1.0800705
2025-01-01 09:08:00,1.0898689,1.0890665,1.0356425,1.0134939,1.1091337,1.0926021,1.0801054
2025-01-01 09:09:00,1.0899395,1.0891346,1.0356762,1.0135292,1.1091796,1.0926387,1.0801327
2025-01-01 09:10:00,1.0899879,1.0891821,1.0357019,1.0135564,1.109214,1.0926671,1.080155
2025-01-01 09:11:00,1.0900221,1.0892162,1.0357223,1.013578,1.1092408,1.0926901,1.0801741
2025-01-01 09:12:00,1.090047,1.0892416,1.0357392,1.0135964,1.1092625,1.0927098,1.080191
2025-01-01 09:13:00,1.0900658,1.0892614,1.035754,1.0136125,1.1092811,1.092727,1.0802066
2025-01-01 09:14:00,1.0900807,1.0892774,1.0357673,1.013627,1.1092975,1.0927427,1.0802214
2025-01-01 09:15:00,1.0900931,1.0892912,1.0357798,1.0136408,1.1093128,1.0927576,1.0802355
2025-01-01 09:16:00,1.0901039,1.0893034,1.0357916,1.0136538,1.1093271,1.0927718,1.0802493
2025-01-01 09:17:00,1.0901136,1.0893147,1.0358032,1.0136664,1.1093408,1.0927856,1.0802629
2025-01-01 09:18:00,1.0901228,1.0893254,1.0358145,1.0136788,1.1093541,1.0927991,1.0802761
2025-01-01 09:19:00,1.0901314,1.0893357,1.0358257,1.0136912,1.1093674,1.0928125,1.0802895
2025-01-01 09:20:00,1.0901399,1.0893458,1.0358369,1.0137033,1.1093802,1.0928259,1.0803026
2025-01-01 09:21:00,1.0901481,1.0893558,1.035848,1.0137155,1.1093931,1.092839,1.0803158
2025-01-01 09:22:00,1.0901563,1.0893656,1.0358591,1.0137277,1.109406,1.0928522,1.0803288
2025-01-01 09:23:00,1.0901645,1.0893754,1.0358701,1.0137397,1.1094189,1.0928653,1.0803418
2025-01-01 09:24:00,1.0901726,1.0893852,1.0358812,1.0137517,1.1094316,1.0928783,1.0803549
2025-01-01 09:25:00,1.0901808,1.0893949,1.0358922,1.0137639,1.1094444,1.0928915,1.0803679
2025-01-01 09:26:00,1.0901889,1.0894047,1.0359033,1.013776,1.1094571,1.0929046,1.0803809
2025-01-01 09:27:00,1.0901971,1.0894145,1.0359145,1.0137881,1.10947,1.0929177,1.0803939
2025-01-01 09:28:00,1.0902053,1.0894244,1.0359256,1.0138003,1.1094829,1.0929308,1.0804069
2025-01-01 09:29:00,1.0902137,1.0894341,1.0359368,1.0138124,1.1094956,1.0929439,1.0804199
2025-01-01 09:30:00,1.0927098,1.0917315,1.0366156,1.0146122,1.1104478,1.0934705,1.0804694
2025-01-01 09:31:00,1.0943352,1.0932282,1.0370607,1.0151364,1.1110712,1.0938175,1.080506
2025-01-01 09:32:00,1.0953946,1.0942047,1.0373541,1.0154812,1.1114808,1.0940475,1.0805343
2025-01-01 09:33:00,1.0960863,1.0948428,1.0375488,1.0157098,1.1117518,1.0942017,1.0805572
2025-01-01 09:34:00,1.0965388,1.0952611,1.0376793,1.0158627,1.1119323,1.0943065,1.0805768
2025-01-01 09:35:00,1.0968361,1.0955366,1.0377682,1.0159664,1.1120541,1.0943792,1.080594
2025-01-01 09:36:00,1.0970323,1.0957192,1.0378299,1.0160381,1.1121378,1.094431,1.0806096
2025-01-01 09:37:00,1.0971628,1.0958416,1.037874,1.0160891,1.1121967,1.0944693,1.0806243
2025-01-01 09:38:00,1.0972508,1.0959246,1.0379066,1.0161266,1.1122396,1.0944989,1.0806384
2025-01-01 09:39:00,1.097311,1.0959823,1.0379319,1.0161552,1.1122719,1.0945226,1.080652
2025-01-01 09:40:00,1.0973533,1.0960233,1.0379525,1.0161783,1.1122975,1.0945426,1.0806653
2025-01-01 09:41:00,1.097384,1.0960537,1.03797,1.0161977,1.1123188,1.0945603,1.0806786
2025-01-01 09:42:00,1.097407,1.0960771,1.0379853,1.0162145,1.112337,1.0945762,1.0806918
2025-01-01 09:43:00,1.097425,1.0960959,1.0379994,1.0162297,1.1123534,1.0945913,1.0807047
2025-01-01 09:44:00,1.0974399,1.0961118,1.0380125,1.0162442,1.1123687,1.0946056,1.0807177
2025-01-01 09:45:00,1.0974528,1.0961258,1.0380253,1.0162579,1.1123832,1.0946195,1.0807306
2025-01-01 09:46:00,1.0974643,1.0961387,1.0380377,1.0162712,1.1123972,1.0946331,1.0807434
2025-01-01 09:47:00,1.097475,1.0961508,1.0380498,1.0162843,1.1124108,1.0946466,1.0807562
2025-01-01 09:48:00,1.0974852,1.0961623,1.0380617,1.0162972,1.1124241,1.0946599,1.0807691
2025-01-01 09:49:00,1.0974951,1.0961735,1.0380737,1.01631,1.1124374,1.0946732,1.0807818
2025-01-01 09:50:00,1.0975047,1.0961845,1.0380856,1.0163227,1.1124506,1.0946864,1.0807946
2025-01-01 09:51:00,1.0975142,1.0961953,1.0380975,1.0163355,1.1124638,1.0946995,1.0808073
2025-01-01 09:52:00,1.0975236,1.0962063,1.0381093,1.0163481,1.112477,1.0947125,1.0808201
2025-01-01 09:53:00,1.097533,1.0962172,1.0381211,1.0163606,1.1124899,1.0947256,1.0808328
2025-01-01 09:54:00,1.0975424,1.096228,1.038133,1.0163733,1.112503,1.0947387,1.0808456
2025-01-01 09:55:00,1.0975518,1.0962389,1.038145,1.016386,1.112516,1.0947517,1.0808582
2025-01-01 09:56:00,1.0975611,1.0962497,1.0381567,1.0163987,1.1125292,1.0947648,1.080871
2025-01-01 09:57:00,1.0975707,1.0962605,1.0381688,1.0164113,1.1125423,1.094778,1.0808836
2025-01-01 09:58:00,1.0975802,1.0962714,1.0381807,1.0164241,1.1125553,1.0947909,1.0808963
2025-01-01 09:59:00,1.0975897,1.0962824,1.0381927,1.0164367,1.1125683,1.094804,1.080909
2025-01-01 10:00:00,1.0994805,1.0979786,1.0384133,1.0168678,1.1128306,1.0946934,1.0803089
2025-01-01 10:01:00,1.1007129,1.0990852,1.0385609,1.0171524,1.1130058,1.0946261,1.0799232
2025-01-01 10:02:00,1.1015176,1.0998082,1.038661,1.017342,1.1131241,1.094587,1.0796769
2025-01-01 10:03:00,1.1020439,1.1002822,1.0387305,1.0174696,1.1132057,1.094566,1.0795212
2025-01-01 10:04:00,1.1023895,1.1005942,1.0387797,1.017557,1.1132631,1.0945569,1.0794244
2025-01-01 10:05:00,1.1026174,1.1008008,1.0388161,1.0176184,1.1133052,1.0945556,1.079366
2025-01-01 10:06:00,1.1027691,1.1009389,1.038844,1.0176628,1.113337,1.0945593,1.0793322
2025-01-01 10:07:00,1.1028712,1.1010327,1.0388664,1.0176961,1.1133624,1.0945662,1.0793147
2025-01-01 10:08:00,1.102941,1.1010977,1.0388852,1.0177222,1.1133835,1.0945754,1.0793077
2025-01-01 10:09:00,1.10299,1.1011438,1.0389018,1.0177438,1.1134018,1.0945858,1.0793076
2025-01-01 10:10:00,1.1030252,1.1011777,1.0389167,1.0177623,1.1134181,1.0945971,1.0793117
2025-01-01 10:11:00,1.1030517,1.1012038,1.0389308,1.0177789,1.1134334,1.094609,1.0793189
2025-01-01 10:12:00,1.1030724,1.1012248,1.0389442,1.0177941,1.1134479,1.0946213,1.0793278
2025-01-01 10:13:00,1.1030893,1.1012423,1.0389574,1.0178086,1.113462,1.0946337,1.079338
2025-01-01 10:14:00,1.103104,1.1012577,1.0389701,1.0178224,1.1134757,1.0946465,1.0793489
2025-01-01 10:15:00,1.103117,1.1012717,1.0389829,1.017836,1.1134892,1.0946591,1.0793602
2025-01-01 10:16:00,1.1031291,1.1012849,1.0389954,1.0178493,1.1135025,1.094672,1.079372
2025-01-01 10:17:00,1.1031405,1.1012974,1.0390079,1.0178626,1.1135157,1.0946847,1.079384
2025-01-01 10:18:00,1.1031516,1.1013095,1.0390204,1.0178756,1.113529,1.0946976,1.079396
2025-01-01 10:19:00,1.1031624,1.1013216,1.0390328,1.0178887,1.1135422,1.0947106,1.0794083
2025-01-01 10:20:00,1.1031731,1.1013335,1.0390452,1.0179017,1.1135553,1.0947235,1.0794204
2025-01-01 10:21:00,1.1031837,1.1013453,1.0390577,1.0179147,1.1135684,1.0947362,1.0794325
2025-01-01 10:22:00,1.1031942,1.101357,1.0390701,1.0179276,1.1135815,1.0947492,1.0794448
2025-01-01 10:23:00,1.1032047,1.1013687,1.0390826,1.0179406,1.1135947,1.094762,1.079457
2025-01-01 10:24:00,1.1032152,1.1013803,1.0390952,1.0179536,1.1136078,1.0947748,1.0794692
2025-01-01 10:25:00,1.1032257,1.101392,1.0391077,1.0179666,1.1136209,1.0947877,1.0794815
2025-01-01 10:26:00,1.1032363,1.1014037,1.0391202,1.0179796,1.113634,1.0948005,1.0794935
2025-01-01 10:27:00,1.1032468,1.1014155,1.0391327,1.0179926,1.113647,1.0948132,1.0795057
2025-01-01 10:28:00,1.1032574,1.1014272,1.0391452,1.0180056,1.1136601,1.0948261,1.0795178
2025-01-01 10:29:00,1.103268,1.101439,1.0391579,1.0180187,1.1136732,1.0948389,1.0795299
2025-01-01 10:30:00,1.1045202,1.1025044,1.0389163,1.0180734,1.113241,1.0940927,1.0782909
2025-01-01 10:31:00,1.105338,1.1032009,1.0387636,1.0181136,1.1129646,1.0936122,1.0774897
2025-01-01 10:32:00,1.1058735,1.103658,1.0386689,1.0181444,1.1127895,1.0933043,1.0769732
2025-01-01 10:33:00,1.1062251,1.1039591,1.0386117,1.0181688,1.1126803,1.0931087,1.0766417
2025-01-01 10:34:00,1.1064575,1.104159,1.038579,1.0181893,1.1126138,1.0929859,1.0764303
2025-01-01 10:35:00,1.1066124,1.1042932,1.0385623,1.0182073,1.1125752,1.0929105,1.076297
2025-01-01 10:36:00,1.1067169,1.1043845,1.0385557,1.0182234,1.1125547,1.092866,1.0762148
2025-01-01 10:37:00,1.1067886,1.1044481,1.038556,1.0182385,1.1125458,1.0928414,1.0761654
2025-01-01 10:38:00,1.1068392,1.1044937,1.0385605,1.018253,1.1125448,1.0928298,1.0761373
2025-01-01 10:39:00,1.1068759,1.1045276,1.038568,1.0182668,1.1125486,1.0928268,1.0761234
2025-01-01 10:40:00,1.1069036,1.1045538,1.0385773,1.0182805,1.1125556,1.0928291,1.0761184
2025-01-01 10:41:00,1.1069254,1.104575,1.0385878,1.018294,1.1125648,1.0928351,1.0761192
2025-01-01 10:42:00,1.1069435,1.104593,1.0385991,1.0183073,1.1125753,1.0928434,1.0761238
2025-01-01 10:43:00,1.1069592,1.1046091,1.038611,1.0183206,1.1125866,1.0928532,1.076131
2025-01-01 10:44:00,1.1069733,1.1046238,1.0386232,1.0183337,1.1125985,1.092864,1.0761397
2025-01-01 10:45:00,1.1069864,1.1046375,1.0386356,1.0183469,1.1126108,1.0928754,1.0761496
2025-01-01 10:46:00,1.1069988,1.1046509,1.0386482,1.01836,1.1126235,1.092887,1.07616
2025-01-01 10:47:00,1.1070108,1.1046637,1.0386609,1.0183731,1.1126361,1.0928991,1.0761708
2025-01-01 10:48:00,1.1070226,1.1046764,1.0386736,1.0183862,1.112649,1.0929112,1.0761819
2025-01-01 10:49:00,1.1070342,1.1046889,1.0386864,1.0183994,1.1126617,1.0929234,1.0761931
2025-01-01 10:50:00,1.1070458,1.1047014,1.0386993,1.0184125,1.1126746,1.0929358,1.0762044
2025-01-01 10:51:00,1.1070572,1.1047137,1.0387121,1.0184255,1.1126875,1.0929481,1.0762159
2025-01-01 10:52:00,1.1070687,1.1047262,1.038725,1.0184387,1.1127005,1.0929605,1.0762273
2025-01-01 10:53:00,1.10708,1.1047385,1.0387379,1.0184517,1.1127135,1.092973,1.0762388
2025-01-01 10:54:00,1.1070914,1.1047508,1.0387508,1.0184648,1.1127264,1.0929853,1.0762503
2025-01-01 10:55:00,1.1071029,1.1047632,1.0387638,1.0184779,1.1127393,1.0929977,1.0762618
2025-01-01 10:56:00,1.1071143,1.1047755,1.0387766,1.018491,1.1127522,1.0930101,1.0762732
2025-01-01 10:57:00,1.1071258,1.104788,1.0387895,1.0185041,1.1127651,1.0930223,1.0762845
2025-01-01 10:58:00,1.1071373,1.1048003,1.0388025,1.0185173,1.112778,1.0930346,1.0762959
2025-01-01 10:59:00,1.1071489,1.1048127,1.0388155,1.0185304,1.112791,1.0930469,1.0763073
2025-01-01 11:00:00,1.1077396,1.1052277,1.038116,1.0182077,1.1116717,1.0916789,1.0744517
2025-01-01 11:01:00,1.1081275,1.1055018,1.0376657,1.0180025,1.1109486,1.090794,1.0732496
2025-01-01 11:02:00,1.1083837,1.1056844,1.0373777,1.0178738,1.1104832,1.090223,1.0724721
2025-01-01 11:03:00,1.1085544,1.1058074,1.0371951,1.0177947,1.1101851,1.0898561,1.0719706
2025-01-01 11:04:00,1.1086694,1.1058917,1.0370809,1.0177479,1.1099958,1.0896219,1.0716486
2025-01-01 11:05:00,1.1087483,1.105951,1.0370113,1.017722,1.1098773,1.089474,1.0714432
2025-01-01 11:06:00,1.1088037,1.1059939,1.0369705,1.0177099,1.1098047,1.089382,1.0713135
2025-01-01 11:07:00,1.1088438,1.1060262,1.0369486,1.0177064,1.1097621,1.0893264,1.071233
2025-01-01 11:08:00,1.1088741,1.1060516,1.036939,1.0177088,1.1097388,1.0892946,1.0711846
2025-01-01 11:09:00,1.1088979,1.1060725,1.0369372,1.017715,1.1097281,1.089278,1.0711571
2025-01-01 11:10:00,1.1089175,1.1060905,1.0369407,1.0177236,1.1097256,1.0892715,1.0711429
2025-01-01 11:11:00,1.1089345,1.1061066,1.0369476,1.0177336,1.1097285,1.0892714,1.0711375
2025-01-01 11:12:00,1.1089497,1.1061215,1.0369565,1.0177448,1.1097347,1.0892756,1.0711379
2025-01-01 11:13:00,1.1089637,1.1061357,1.036967,1.0177566,1.1097432,1.0892825,1.071142
2025-01-01 11:14:00,1.1089771,1.1061494,1.0369782,1.0177687,1.1097531,1.0892911,1.0711483
2025-01-01 11:15:00,1.1089898,1.1061627,1.0369903,1.0177814,1.1097641,1.0893009,1.0711563
2025-01-01 11:16:00,1.1090025,1.1061759,1.0370026,1.017794,1.1097757,1.0893114,1.0711652
2025-01-01 11:17:00,1.1090149,1.1061889,1.0370152,1.0178069,1.1097876,1.0893224,1.0711747
2025-01-01 11:18:00,1.109027,1.1062016,1.037028,1.0178198,1.1097997,1.0893337,1.0711846
2025-01-01 11:19:00,1.1090392,1.1062145,1.0370407,1.0178326,1.109812,1.0893452,1.0711948
2025-01-01 11:20:00,1.1090513,1.1062274,1.0370537,1.0178457,1.1098244,1.0893568,1.0712051
2025-01-01 11:21:00,1.1090635,1.1062402,1.0370667,1.0178587,1.1098369,1.0893683,1.0712155
2025-01-01 11:22:00,1.1090757,1.1062529,1.0370798,1.0178717,1.1098493,1.08938,1.071226
2025-01-01 11:23:00,1.1090878,1.1062658,1.0370929,1.0178849,1.1098619,1.0893917,1.0712365
2025-01-01 11:24:00,1.1091,1.1062785,1.0371059,1.0178978,1.1098745,1.0894034,1.071247
2025-01-01 11:25:00,1.1091121,1.1062914,1.037119,1.0179107,1.1098869,1.0894151,1.0712576
2025-01-01 11:26:00,1.1091243,1.1063042,1.0371321,1.0179238,1.1098995,1.0894268,1.0712681
2025-01-01 11:27:00,1.1091366,1.106317,1.0371453,1.0179367,1.109912,1.0894384,1.0712785
2025-01-01 11:28:00,1.1091487,1.1063299,1.0371584,1.0179497,1.1099244,1.08945,1.071289
2025-01-01 11:29:00,1.109161,1.1063428,1.0371715,1.0179627,1.1099368,1.0894616,1.0712993
2025-01-01 11:30:00,1.10908,1.1061002,1.0360266,1.0172685,1.108151,1.0874959,1.0688603
2025-01-01 11:31:00,1.1090316,1.105947,1.035287,1.0168217,1.1069944,1.0862223,1.0672785
2025-01-01 11:32:00,1.1090045,1.1058519,1.0348109,1.016536,1.106247,1.0853984,1.0662539
2025-01-01 11:33:00,1.1089913,1.1057945,1.0345061,1.0163547,1.1057655,1.084867,1.0655915
2025-01-01 11:34:00,1.108987,1.1057619,1.0343124,1.0162414,1.1054568,1.0845255,1.0651644
2025-01-01 11:35:00,1.1089885,1.1057451,1.0341913,1.0161723,1.1052605,1.0843074,1.0648904
2025-01-01 11:36:00,1.1089938,1.1057389,1.0341169,1.0161318,1.1051371,1.0841697,1.0647159
2025-01-01 11:37:00,1.1090016,1.1057392,1.0340734,1.0161101,1.1050613,1.0840842,1.0646058
2025-01-01 11:38:00,1.109011,1.1057441,1.0340496,1.0161004,1.1050162,1.0840324,1.0645379
2025-01-01 11:39:00,1.1090217,1.1057519,1.0340387,1.0160985,1.1049913,1.0840029,1.0644971
2025-01-01 11:40:00,1.109033,1.1057614,1.0340362,1.016102,1.1049793,1.0839876,1.0644742
2025-01-01 11:41:00,1.1090446,1.105772,1.0340391,1.0161085,1.1049758,1.0839815,1.0644627
2025-01-01 11:42:00,1.1090565,1.1057836,1.0340457,1.0161173,1.1049777,1.0839814,1.0644586
2025-01-01 11:43:00,1.1090686,1.1057956,1.0340545,1.0161276,1.1049832,1.0839853,1.0644594
2025-01-01 11:44:00,1.1090809,1.105808,1.0340649,1.0161387,1.1049912,1.0839918,1.0644635
2025-01-01 11:45:00,1.1090934,1.1058207,1.0340762,1.0161504,1.1050005,1.0839998,1.0644695
2025-01-01 11:46:00,1.1091058,1.1058335,1.0340881,1.0161625,1.1050109,1.0840088,1.0644766
2025-01-01 11:47:00,1.1091185,1.1058463,1.0341003,1.0161748,1.1050217,1.0840186,1.0644847
2025-01-01 11:48:00,1.109131,1.1058592,1.0341129,1.0161873,1.1050329,1.0840287,1.0644933
2025-01-01 11:49:00,1.1091436,1.1058722,1.0341257,1.0161998,1.1050446,1.0840392,1.0645022
2025-01-01 11:50:00,1.1091563,1.1058851,1.0341384,1.0162125,1.1050563,1.0840498,1.0645114
2025-01-01 11:51:00,1.1091689,1.1058981,1.0341514,1.016225,1.105068,1.0840605,1.0645207
2025-01-01 11:52:00,1.1091815,1.1059113,1.0341644,1.0162377,1.1050799,1.0840713,1.0645301
2025-01-01 11:53:00,1.1091943,1.1059242,1.0341774,1.0162504,1.1050917,1.084082,1.0645394
2025-01-01 11:54:00,1.1092069,1.1059374,1.0341905,1.0162631,1.1051036,1.0840929,1.0645487
2025-01-01 11:55:00,1.1092196,1.1059505,1.0342035,1.0162758,1.1051155,1.0841037,1.0645581
2025-01-01 11:56:00,1.1092323,1.1059635,1.0342166,1.0162884,1.1051275,1.0841146,1.0645676
2025-01-01 11:57:00,1.1092451,1.1059766,1.0342296,1.016301,1.1051393,1.0841253,1.0645769
2025-01-01 11:58:00,1.1092578,1.1059897,1.0342427,1.0163137,1.1051512,1.0841359,1.0645862
2025-01-01 11:59:00,1.1092706,1.1060027,1.0342557,1.0163263,1.105163,1.0841466,1.0645955
2025-01-01 12:00:00,1.1085192,1.1051068,1.032686,1.0152727,1.1027421,1.0816184,1.0616164
2025-01-01 12:01:00,1.1080353,1.104529,1.0316702,1.0145924,1.1011727,1.079979,1.0596832
2025-01-01 12:02:00,1.1077254,1.104158,1.0310144,1.0141546,1.1001565,1.0789168,1.0584297
2025-01-01 12:03:00,1.1075282,1.1039215,1.0305929,1.0138743,1.0995002,1.0782301,1.0576181
2025-01-01 12:04:00,1.1074047,1.1037723,1.0303234,1.0136966,1.0990776,1.0777874,1.0570937
2025-01-01 12:05:00,1.1073288,1.1036799,1.0301527,1.0135853,1.098807,1.0775033,1.0567561
2025-01-01 12:06:00,1.1072841,1.1036245,1.0300463,1.0135175,1.0986352,1.0773222,1.0565397
2025-01-01 12:07:00,1.1072595,1.103593,1.0299816,1.0134777,1.0985276,1.0772083,1.0564021
2025-01-01 12:08:00,1.1072481,1.1035771,1.0299442,1.0134561,1.0984616,1.0771377,1.0563157
2025-01-01 12:09:00,1.1072451,1.1035714,1.0299244,1.0134465,1.0984228,1.0770954,1.0562626
2025-01-01 12:10:00,1.1072477,1.1035722,1.0299159,1.0134447,1.0984015,1.0770715,1.0562313
2025-01-01 12:11:00,1.1072539,1.1035774,1.0299151,1.0134478,1.0983918,1.0770596,1.0562139
2025-01-01 12:12:00,1.1072624,1.1035854,1.029919,1.013454,1.0983894,1.0770555,1.0562055
2025-01-01 12:13:00,1.1072725,1.1035951,1.0299261,1.0134624,1.0983919,1.0770563,1.0562031
2025-01-01 12:14:00,1.1072836,1.1036061,1.0299351,1.0134722,1.0983974,1.0770603,1.0562046
2025-01-01 12:15:00,1.1072954,1.1036178,1.0299455,1.0134828,1.098405,1.0770665,1.0562085
2025-01-01 12:16:00,1.1073074,1.10363,1.0299568,1.013494,1.0984138,1.0770739,1.0562139
2025-01-01 12:17:00,1.10732,1.1036425,1.0299687,1.0135056,1.0984236,1.0770824,1.0562204
2025-01-01 12:18:00,1.1073326,1.1036552,1.0299809,1.0135174,1.0984339,1.0770913,1.0562276
2025-01-01 12:19:00,1.1073452,1.103668,1.0299932,1.0135294,1.0984445,1.0771005,1.0562352
2025-01-01 12:20:00,1.1073582,1.1036811,1.0300058,1.0135413,1.0984552,1.07711,1.056243
2025-01-01 12:21:00,1.107371,1.103694,1.0300186,1.0135535,1.0984662,1.0771197,1.0562509
2025-01-01 12:22:00,1.107384,1.103707,1.0300312,1.0135655,1.0984771,1.0771294,1.0562589
2025-01-01 12:23:00,1.107397,1.1037201,1.030044,1.0135777,1.0984882,1.077139,1.056267
2025-01-01 12:24:00,1.1074101,1.1037332,1.0300567,1.0135899,1.0984993,1.0771487,1.056275
2025-01-01 12:25:00,1.1074231,1.1037463,1.0300695,1.0136019,1.0985104,1.0771585,1.0562832
2025-01-01 12:26:00,1.1074361,1.1037594,1.0300823,1.013614,1.0985214,1.0771681,1.0562912
2025-01-01 12:27:00,1.107449,1.1037724,1.0300951,1.0136261,1.0985324,1.0771779,1.0562993
2025-01-01 12:28:00,1.1074622,1.1037855,1.0301079,1.0136381,1.0985434,1.0771875,1.0563073
2025-01-01 12:29:00,1.1074752,1.1037986,1.0301206,1.0136502,1.0985544,1.0771971,1.0563152
2025-01-01 12:30:00,1.106067,1.1022654,1.0281539,1.0122565,1.0955418,1.0741516,1.0528494
2025-01-01 12:31:00,1.1051561,1.1012734,1.02688,1.0113547,1.0935875,1.0721754,1.0505993
2025-01-01 12:32:00,1.1045687,1.1006333,1.0260564,1.0107727,1.0923209,1.0708941,1.0491394
2025-01-01 12:33:00,1.1041914,1.1002216,1.0255256,1.0103985,1.0915014,1.0700645,1.0481932
2025-01-01 12:34:00,1.1039509,1.0999588,1.0251849,1.0101596,1.0909723,1.0695286,1.0475808
2025-01-01 12:35:00,1.1037989,1.0997924,1.0249679,1.0100083,1.0906323,1.0691835,1.0471855
2025-01-01 12:36:00,1.1037048,1.0996888,1.0248313,1.0099142,1.090415,1.0689623,1.0469311
2025-01-01 12:37:00,1.1036482,1.0996261,1.0247469,1.0098572,1.0902776,1.0688219,1.0467684
2025-01-01 12:38:00,1.103616,1.0995898,1.0246965,1.0098242,1.0901918,1.0687338,1.0466652
2025-01-01 12:39:00,1.1035995,1.0995708,1.024668,1.0098069,1.0901399,1.0686797,1.0466008
2025-01-01 12:40:00,1.1035936,1.099563,1.0246539,1.0097997,1.0901098,1.0686477,1.0465615
2025-01-01 12:41:00,1.1035943,1.0995625,1.0246491,1.0097991,1.090094,1.0686301,1.0465386
2025-01-01 12:42:00,1.1035993,1.0995667,1.0246503,1.0098028,1.0900873,1.0686218,1.0465261
2025-01-01 12:43:00,1.1036072,1.099574,1.0246556,1.0098093,1.0900866,1.0686195,1.0465205
2025-01-01 12:44:00,1.1036168,1.0995833,1.0246633,1.0098176,1.0900898,1.0686213,1.0465194
2025-01-01 12:45:00,1.1036276,1.0995939,1.0246727,1.009827,1.0900955,1.0686255,1.0465212
2025-01-01 12:46:00,1.1036392,1.0996053,1.0246831,1.0098372,1.0901028,1.0686312,1.0465249
2025-01-01 12:47:00,1.1036514,1.0996171,1.0246943,1.0098478,1.0901113,1.0686381,1.0465297
2025-01-01 12:48:00,1.103664,1.0996294,1.0247059,1.0098587,1.0901203,1.0686456,1.0465351
2025-01-01 12:49:00,1.1036767,1.099642,1.0247177,1.0098699,1.0901297,1.0686535,1.0465412
2025-01-01 12:50:00,1.1036896,1.0996547,1.0247297,1.0098811,1.0901394,1.0686617,1.0465477
2025-01-01 12:51:00,1.1037025,1.0996674,1.0247419,1.0098925,1.0901493,1.06867,1.0465541
2025-01-01 12:52:00,1.1037155,1.0996802,1.0247542,1.0099038,1.0901593,1.0686784,1.0465606
2025-01-01 12:53:00,1.1037285,1.099693,1.0247663,1.0099151,1.0901693,1.068687,1.0465673
2025-01-01 12:54:00,1.1037416,1.0997059,1.0247787,1.0099266,1.0901793,1.0686953,1.046574
2025-01-01 12:55:00,1.1037548,1.0997188,1.024791,1.0099379,1.0901893,1.0687039,1.0465806
2025-01-01 12:56:00,1.1037679,1.0997317,1.0248033,1.0099492,1.0901994,1.0687124,1.0465872
2025-01-01 12:57:00,1.103781,1.0997446,1.0248156,1.0099605,1.0902095,1.0687208,1.0465939
2025-01-01 12:58:00,1.1037941,1.0997573,1.0248277,1.0099717,1.0902194,1.0687292,1.0466005
2025-01-01 12:59:00,1.1038072,1.0997702,1.02484,1.009983,1.0902294,1.0687375,1.046607
2025-01-01 13:00:00,1.1017673,1.0976273,1.0225116,1.0082738,1.0866789,1.0652289,1.0427163
2025-01-01 13:01:00,1.1004457,1.0962387,1.0210024,1.0071666,1.0843744,1.0629512,1.0401895
2025-01-01 13:02:00,1.0995914,1.0953407,1.0200258,1.0064509,1.08288,1.0614736,1.0385493
2025-01-01 13:03:00,1.0990406,1.0947615,1.0193951,1.0059896,1.081912,1.060516,1.0374854
2025-01-01 13:04:00,1.0986873,1.0943896,1.0189894,1.0056936,1.0812862,1.0598963,1.036796
2025-01-01 13:05:00,1.0984622,1.0941522,1.0187299,1.005505,1.0808828,1.0594964,1.03635
2025-01-01 13:06:00,1.0983205,1.0940024,1.0185654,1.0053864,1.0806239,1.0592391,1.0360622
2025-01-01 13:07:00,1.0982329,1.0939094,1.0184627,1.0053129,1.080459,1.0590748,1.0358772
2025-01-01 13:08:00,1.0981805,1.0938535,1.0184002,1.005269,1.0803552,1.0589707,1.0357591
2025-01-01 13:09:00,1.098151,1.0938214,1.0183637,1.0052444,1.080291,1.0589057,1.0356843
2025-01-01 13:10:00,1.0981364,1.0938052,1.0183442,1.0052321,1.0802526,1.0588663,1.0356379
2025-01-01 13:11:00,1.0981315,1.093799,1.0183357,1.0052279,1.080231,1.0588433,1.0356097
2025-01-01 13:12:00,1.0981328,1.0937995,1.0183343,1.005229,1.0802201,1.0588311,1.0355934
2025-01-01 13:13:00,1.0981385,1.0938041,1.0183376,1.0052334,1.0802163,1.0588257,1.0355848
2025-01-01 13:14:00,1.0981466,1.0938116,1.0183439,1.00524,1.080217,1.0588249,1.0355812
2025-01-01 13:15:00,1.0981565,1.0938209,1.018352,1.0052481,1.0802208,1.0588272,1.0355809
2025-01-01 13:16:00,1.0981674,1.0938313,1.0183614,1.005257,1.0802265,1.0588311,1.0355827
2025-01-01 13:17:00,1.0981791,1.0938425,1.0183717,1.0052667,1.0802333,1.0588362,1.0355856
2025-01-01 13:18:00,1.0981913,1.0938541,1.0183825,1.0052766,1.080241,1.0588422,1.0355895
2025-01-01 13:19:00,1.0982037,1.0938661,1.0183936,1.0052867,1.0802492,1.0588486,1.0355939
2025-01-01 13:20:00,1.0982163,1.0938783,1.018405,1.005297,1.0802577,1.0588554,1.0355986
2025-01-01 13:21:00,1.098229,1.0938905,1.0184164,1.0053072,1.0802665,1.0588623,1.0356035
2025-01-01 13:22:00,1.0982419,1.093903,1.018428,1.0053176,1.0802752,1.0588694,1.0356086
2025-01-01 13:23:00,1.0982548,1.0939153,1.0184394,1.0053279,1.080284,1.0588765,1.0356137
2025-01-01 13:24:00,1.0982677,1.0939276,1.018451,1.0053384,1.0802927,1.0588835,1.0356189
2025-01-01 13:25:00,1.0982807,1.0939401,1.0184625,1.0053488,1.0803015,1.0588906,1.0356239
2025-01-01 13:26:00,1.0982935,1.0939527,1.0184741,1.0053592,1.0803105,1.0588977,1.035629
2025-01-01 13:27:00,1.0983065,1.093965,1.0184857,1.0053695,1.0803193,1.0589048,1.0356342
2025-01-01 13:28:00,1.0983195,1.0939775,1.0184972,1.0053798,1.080328,1.0589118,1.0356392
2025-01-01 13:29:00,1.0983324,1.0939898,1.0185087,1.00539,1.0803367,1.0589187,1.0356442
2025-01-01 13:30:00,1.095697,1.0912752,1.0158601,1.0033959,1.0763115,1.0550098,1.0313978
2025-01-01 13:31:00,1.0939885,1.0895151,1.0141425,1.0021032,1.0736982,1.0524714,1.0286394
2025-01-01 13:32:00,1.0928825,1.0883752,1.01303,1.0012665,1.0720024,1.0508238,1.0268481
2025-01-01 13:33:00,1.0921682,1.0876386,1.0123109,1.0007261,1.0709032,1.0497551,1.0256853
2025-01-01 13:34:00,1.0917084,1.0871642,1.0118475,1.0003785,1.0701917,1.0490628,1.0249312
2025-01-01 13:35:00,1.091414,1.08686,1.0115502,1.0001559,1.0697322,1.0486152,1.0244426
2025-01-01 13:36:00,1.0912272,1.0866665,1.0113608,1.0000148,1.0694363,1.0483265,1.0241265
2025-01-01 13:37:00,1.0911101,1.0865451,1.0112417,0.99992645,1.069247,1.0481411,1.0239227
2025-01-01 13:38:00,1.0910386,1.0864704,1.0111681,0.99987245,1.0691268,1.0480229,1.0237918
2025-01-01 13:39:00,1.0909966,1.0864261,1.0111243,0.9998409,1.0690515,1.0479482,1.0237081
2025-01-01 13:40:00,1.0909739,1.0864016,1.0110996,0.99982375,1.0690055,1.047902,1.0236553
2025-01-01 13:41:00,1.0909634,1.0863899,1.0110875,0.99981606,1.0689783,1.047874,1.0236225
2025-01-01 13:42:00,1.0909611,1.0863866,1.0110835,0.99981445,1.0689636,1.047858,1.0236026
2025-01-01 13:43:00,1.0909641,1.0863885,1.0110847,0.9998167,1.0689569,1.0478499,1.023591
2025-01-01 13:44:00,1.0909705,1.0863941,1.0110893,0.9998216,1.0689552,1.0478467,1.023585
2025-01-01 13:45:00,1.0909791,1.0864018,1.0110961,0.9998282,1.0689569,1.0478467,1.0235825
2025-01-01 13:46:00,1.0909892,1.0864111,1.0111045,0.9998358,1.0689608,1.0478488,1.0235822
2025-01-01 13:47:00,1.0910001,1.0864214,1.0111136,0.9998441,1.0689662,1.0478523,1.0235834
2025-01-01 13:48:00,1.0910118,1.0864322,1.0111235,0.9998527,1.0689722,1.0478566,1.0235856
2025-01-01 13:49:00,1.0910238,1.0864434,1.0111337,0.9998617,1.068979,1.0478615,1.0235883
2025-01-01 13:50:00,1.091036,1.0864549,1.0111442,0.9998708,1.068986,1.0478667,1.0235913
2025-01-01 13:51:00,1.0910484,1.0864664,1.0111547,0.99988,1.0689933,1.0478721,1.0235946
2025-01-01 13:52:00,1.0910608,1.0864781,1.0111651,0.9998892,1.0690007,1.0478776,1.0235981
2025-01-01 13:53:00,1.0910733,1.0864899,1.0111758,0.99989843,1.0690081,1.0478832,1.0236014
2025-01-01 13:54:00,1.0910858,1.0865016,1.0111865,0.99990773,1.0690156,1.0478886,1.023605
2025-01-01 13:55:00,1.0910984,1.0865134,1.0111971,0.9999169,1.0690231,1.0478942,1.0236084
2025-01-01 13:56:00,1.0911111,1.0865253,1.0112078,0.99992615,1.0690306,1.0478998,1.0236119
2025-01-01 13:57:00,1.0911236,1.086537,1.0112184,0.9999353,1.0690382,1.0479053,1.0236154
2025-01-01 13:58:00,1.0911361,1.0865488,1.011229,0.9999445,1.0690455,1.0479109,1.0236188
2025-01-01 13:59:00,1.0911486,1.0865605,1.0112396,0.9999536,1.0690529,1.0479163,1.0236222
2025-01-01 14:00:00,1.0879645,1.0833224,1.0083176,0.9977098,1.0646245,1.0436761,1.0190955
2025-01-01 14:01:00,1.0858994,1.0812215,1.0064219,0.99625444,1.0617486,1.0409219,1.0161545
2025-01-01 14:02:00,1.0845613,1.0798601,1.0051935,0.9953116,1.0598817,1.0391335,1.0142437
2025-01-01 14:03:00,1.0836959,1.0789793,1.0043986,0.99470186,1.0586708,1.0379729,1.0130029
2025-01-01 14:04:00,1.0831378,1.0784107,1.0038855,0.9943086,1.0578861,1.0372202,1.0121973
2025-01-01 14:05:00,1.0827793,1.0780452,1.0035557,0.99405605,1.0573785,1.0367328,1.0116748
2025-01-01 14:06:00,1.0825508,1.0778117,1.0033449,0.99389493,1.0570511,1.0364177,1.011336
2025-01-01 14:07:00,1.0824064,1.0776639,1.0032114,0.99379325,1.0568407,1.0362146,1.0111169
2025-01-01 14:08:00,1.082317,1.0775717,1.0031282,0.99373025,1.0567062,1.0360842,1.0109754
2025-01-01 14:09:00,1.0822631,1.0775158,1.0030776,0.9936922,1.0566212,1.0360012,1.0108843
2025-01-01 14:10:00,1.0822325,1.0774835,1.0030483,0.9936705,1.0565684,1.0359489,1.0108261
2025-01-01 14:11:00,1.0822167,1.0774666,1.0030329,0.99365944,1.0565363,1.0359164,1.010789
2025-01-01 14:12:00,1.0822109,1.0774595,1.0030262,0.99365515,1.056518,1.0358971,1.010766
2025-01-01 14:13:00,1.0822114,1.0774589,1.0030255,0.9936554,1.0565082,1.035886,1.0107518
2025-01-01 14:14:00,1.082216,1.0774624,1.0030285,0.99365836,1.0565042,1.0358806,1.0107435
2025-01-01 14:15:00,1.0822233,1.0774685,1.0030339,0.9936633,1.0565039,1.0358785,1.010739
2025-01-01 14:16:00,1.0822322,1.0774765,1.0030409,0.99366945,1.0565059,1.0358788,1.0107367
2025-01-01 14:17:00,1.0822424,1.0774856,1.0030489,0.99367625,1.0565096,1.0358806,1.010736
2025-01-01 14:18:00,1.0822531,1.0774953,1.0030575,0.9936836,1.0565141,1.0358832,1.0107365
2025-01-01 14:19:00,1.0822645,1.0775057,1.0030665,0.9936912,1.0565194,1.0358864,1.0107373
2025-01-01 14:20:00,1.082276,1.0775162,1.0030758,0.993699,1.0565249,1.0358899,1.0107387
2025-01-01 14:21:00,1.0822878,1.0775269,1.0030853,0.99370694,1.0565306,1.0358937,1.0107402
2025-01-01 14:22:00,1.0822996,1.0775379,1.0030948,0.99371487,1.0565364,1.0358975,1.010742
2025-01-01 14:23:00,1.0823116,1.0775487,1.0031043,0.9937228,1.0565425,1.0359014,1.0107436
2025-01-01 14:24:00,1.0823236,1.0775597,1.0031139,0.9937308,1.0565485,1.0359055,1.0107455
2025-01-01 14:25:00,1.0823355,1.0775706,1.0031235,0.9937387,1.0565544,1.0359094,1.0107473
2025-01-01 14:26:00,1.0823475,1.0775815,1.003133,0.99374664,1.0565605,1.0359133,1.0107491
2025-01-01 14:27:00,1.0823596,1.0775924,1.0031426,0.9937545,1.0565666,1.0359173,1.0107509
2025-01-01 14:28:00,1.0823715,1.0776033,1.0031521,0.9937624,1.0565726,1.0359212,1.0107526
2025-01-01 14:29:00,1.0823834,1.0776142,1.0031617,0.9937702,1.0565784,1.035925,1.0107542
2025-01-01 14:30:00,1.0787083,1.0739111,1.0000192,0.99131733,1.0518267,1.0314305,1.0060292
2025-01-01 14:31:00,1.0763235,1.0715078,0.99797994,0.9897256,1.0487401,1.0285103,1.0029584
2025-01-01 14:32:00,1.0747776,1.0699494,0.99665767,0.98869365,1.0467358,1.0266135,1.000963
2025-01-01 14:33:00,1.0737768,1.0689402,0.9958014,0.98802555,1.045435,1.0253818,0.99966633
2025-01-01 14:34:00,1.0731305,1.068288,0.9952481,0.9875939,1.0445913,1.0245823,0.998824
2025-01-01 14:35:00,1.0727146,1.0678676,0.9948915,0.9873159,1.0440449,1.024064,0.9982769
2025-01-01 14:36:00,1.0724483,1.0675982,0.99466306,0.98713773,1.0436916,1.0237281,0.99792165
2025-01-01 14:37:00,1.0722792,1.0674268,0.9945177,0.98702455,1.043464,1.0235109,0.9976912
2025-01-01 14:38:00,1.0721734,1.0673189,0.99442637,0.9869535,1.0433177,1.023371,0.9975417
2025-01-01 14:39:00,1.0721087,1.0672526,0.99437016,0.9869099,1.0432247,1.0232811,0.99744487
2025-01-01 14:40:00,1.072071,1.067213,0.9943367,0.98688406,1.043166,1.0232238,0.99738234
2025-01-01 14:41:00,1.0720502,1.0671909,0.9943181,0.98686975,1.0431297,1.0231876,0.99734193
2025-01-01 14:42:00,1.0720409,1.0671803,0.9943091,0.98686296,1.0431079,1.0231651,0.99731594
2025-01-01 14:43:00,1.0720389,1.0671769,0.9943064,0.98686093,1.0430954,1.0231516,0.9972994
2025-01-01 14:44:00,1.0720415,1.0671784,0.9943077,0.9868621,1.043089,1.0231438,0.9972888
2025-01-01 14:45:00,1.0720474,1.0671829,0.9943116,0.9868654,1.0430868,1.0231397,0.99728215
2025-01-01 14:46:00,1.0720551,1.0671895,0.9943171,0.9868699,1.0430869,1.023138,0.99727803
2025-01-01 14:47:00,1.0720642,1.0671972,0.9943238,0.98687524,1.0430887,1.0231379,0.99727553
2025-01-01 14:48:00,1.072074,1.0672059,0.9943311,0.986881,1.0430917,1.0231388,0.9972741
2025-01-01 14:49:00,1.0720844,1.067215,0.99433887,0.98688716,1.0430951,1.0231403,0.9972733
2025-01-01 14:50:00,1.0720952,1.0672245,0.9943469,0.98689353,1.0430992,1.0231422,0.99727297
2025-01-01 14:51:00,1.072106,1.0672342,0.99435514,0.98690003,1.0431033,1.0231442,0.99727285
2025-01-01 14:52:00,1.0721171,1.067244,0.99436337,0.9869065,1.0431076,1.0231464,0.9972728
2025-01-01 14:53:00,1.0721284,1.0672538,0.9943717,0.9869131,1.043112,1.0231487,0.99727285
2025-01-01 14:54:00,1.0721395,1.0672637,0.99438,0.9869196,1.0431165,1.023151,0.9972729
2025-01-01 14:55:00,1.0721507,1.0672735,0.9943883,0.9869261,1.0431209,1.0231533,0.99727297
2025-01-01 14:56:00,1.0721619,1.0672835,0.9943966,0.9869326,1.0431253,1.0231556,0.997273
2025-01-01 14:57:00,1.0721731,1.0672934,0.9944049,0.986939,1.0431297,1.0231578,0.997273
2025-01-01 14:58:00,1.0721842,1.0673032,0.99441314,0.9869454,1.0431341,1.0231601,0.9972731
2025-01-01 14:59:00,1.0721954,1.0673131,0.99442136,0.98695177,1.0431384,1.0231622,0.997273
2025-01-01 15:00:00,1.0680944,1.0632105,0.9911142,0.98433334,1.0381478,1.0184928,0.9924333
2025-01-01 15:01:00,1.0654327,1.0605471,0.9889674,0.9826334,1.0349053,1.0154583,0.9892874
2025-01-01 15:02:00,1.0637064,1.0588194,0.9875748,0.9815307,1.0327991,1.0134866,0.9872424
2025-01-01 15:03:00,1.0625881,1.0576998,0.98667234,0.980816,1.0314316,1.0122056,0.9859131
2025-01-01 15:04:00,1.0618651,1.0569754,0.98608863,0.9803536,1.030544,1.0113736,0.98504883
2025-01-01 15:05:00,1.061399,1.0565077,0.9857119,0.9800551,1.0299684,1.0108334,0.9844869
2025-01-01 15:06:00,1.0610996,1.0562071,0.9854697,0.97986317,1.0295956,1.0104829,0.98412144
2025-01-01 15:07:00,1.0609089,1.056015,0.985315,0.97974044,1.0293547,1.0102557,0.9838837
2025-01-01 15:08:00,1.0607888,1.0558934,0.98521715,0.97966266,1.0291994,1.0101085,0.98372895
2025-01-01 15:09:00,1.0607145,1.0558177,0.98515624,0.97961414,1.0290997,1.0100132,0.98362803
2025-01-01 15:10:00,1.06067,1.0557718,0.98511934,0.97958463,1.0290362,1.009952,0.98356223
2025-01-01 15:11:00,1.0606447,1.0557451,0.98509794,0.9795674,1.0289962,1.0099125,0.9835192
2025-01-01 15:12:00,1.0606321,1.055731,0.9850867,0.97955817,1.0289714,1.0098873,0.9834908
2025-01-01 15:13:00,1.0606276,1.0557251,0.98508203,0.97955406,1.0289565,1.0098715,0.9834721
2025-01-01 15:14:00,1.0606284,1.0557244,0.98508155,0.97955334,1.0289481,1.0098616,0.9834596
2025-01-01 15:15:00,1.0606326,1.0557271,0.9850839,0.9795548,1.0289438,1.0098556,0.98345107
2025-01-01 15:16:00,1.060639,1.0557321,0.98508793,0.97955763,1.028942,1.009852,0.98344505
2025-01-01 15:17:00,1.0606468,1.0557386,0.9850931,0.9795613,1.028942,1.00985,0.98344076
2025-01-01 15:18:00,1.0606556,1.0557457,0.985099,0.9795656,1.0289431,1.0098491,0.98343754
2025-01-01 15:19:00,1.060665,1.0557537,0.9851054,0.9795702,1.028945,1.0098488,0.98343503
2025-01-01 15:20:00,1.0606748,1.055762,0.985112,0.97957504,1.0289472,1.009849,0.9834329
2025-01-01 15:21:00,1.0606847,1.0557704,0.9851188,0.9795799,1.0289497,1.0098493,0.98343104
2025-01-01 15:22:00,1.0606947,1.055779,0.9851257,0.97958493,1.0289525,1.0098498,0.9834293
2025-01-01 15:23:00,1.0607048,1.0557876,0.9851326,0.97958994,1.0289552,1.0098504,0.98342764
2025-01-01 15:24:00,1.0607151,1.0557963,0.98513955,0.9795949,1.0289581,1.009851,0.98342603
2025-01-01 15:25:00,1.0607252,1.055805,0.98514646,0.97959983,1.0289608,1.0098516,0.98342437
2025-01-01 15:26:00,1.0607355,1.0558137,0.9851533,0.9796047,1.0289636,1.0098522,0.9834227
2025-01-01 15:27:00,1.0607457,1.0558224,0.98516023,0.97960967,1.0289663,1.0098528,0.983421
2025-01-01 15:28:00,1.0607558,1.055831,0.9851671,0.9796145,1.028969,1.0098532,0.9834193
2025-01-01 15:29:00,1.060766,1.0558395,0.9851739,0.9796193,1.0289718,1.0098537,0.9834175
2025-01-01 15:30:00,1.0563122,1.051411,0.98176104,0.97688204,1.0238314,1.0050929,0.97854954
2025-01-01 15:31:00,1.0534208,1.0485353,0.979545,0.97510445,1.0204909,1.0019983,0.97538465
2025-01-01 15:32:00,1.0515448,1.0466691,0.97810686,0.97395056,1.0183204,0.999987,0.9733268
2025-01-01 15:33:00,1.0503289,1.045459,0.97717434,0.9732021,1.0169103,0.9986797,0.9719884
2025-01-01 15:34:00,1.049542,1.0446754,0.9765705,0.97271717,1.0159948,0.99783,0.97111773
2025-01-01 15:35:00,1.0490339,1.0441688,0.9761802,0.97240347,1.0154003,0.9972776,0.970551
2025-01-01 15:36:00,1.0487071,1.0438426,0.9759287,0.97220117,1.0150146,0.99691856,0.9701819
2025-01-01 15:37:00,1.0484982,1.0436332,0.9757675,0.9720711,1.0147648,0.99668515,0.9699411
2025-01-01 15:38:00,1.0483657,1.0435001,0.9756649,0.971988,1.014603,0.9965334,0.9697837
2025-01-01 15:39:00,1.048283,1.0434163,0.9756004,0.9719355,1.0144986,0.9964347,0.9696806
2025-01-01 15:40:00,1.0482327,1.0433646,0.9755606,0.97190285,1.0144314,0.9963704,0.9696127
2025-01-01 15:41:00,1.0482032,1.043334,0.97553694,0.971883,1.0143884,0.9963285,0.9695677
2025-01-01 15:42:00,1.0481875,1.0433167,0.9755236,0.9718715,1.0143611,0.9963011,0.96953756
2025-01-01 15:43:00,1.0481807,1.0433083,0.97551703,0.9718654,1.014344,0.99628323,0.969517
2025-01-01 15:44:00,1.0481796,1.0433056,0.9755149,0.9718628,1.0143334,0.9962714,0.96950275
2025-01-01 15:45:00,1.0481821,1.0433066,0.9755155,0.97186244,1.0143272,0.99626344,0.96949244
2025-01-01 15:46:00,1.0481871,1.0433098,0.975518,0.9718635,1.0143236,0.99625814,0.96948475
2025-01-01 15:47:00,1.0481936,1.0433147,0.9755216,0.9718656,1.0143219,0.9962544,0.9694788
2025-01-01 15:48:00,1.0482012,1.0433205,0.97552603,0.97186816,1.0143212,0.9962517,0.96947384
2025-01-01 15:49:00,1.0482092,1.043327,0.97553086,0.9718711,1.0143213,0.99624974,0.9694696
2025-01-01 15:50:00,1.0482178,1.0433338,0.975536,0.9718743,1.0143219,0.99624807,0.96946573
2025-01-01 15:51:00,1.0482266,1.0433409,0.9755413,0.9718776,1.0143228,0.99624676,0.9694622
2025-01-01 15:52:00,1.0482354,1.0433481,0.9755466,0.9718809,1.0143237,0.99624556,0.9694588
2025-01-01 15:53:00,1.0482444,1.0433555,0.975552,0.9718843,1.0143248,0.9962444,0.9694554
2025-01-01 15:54:00,1.0482535,1.0433627,0.97555745,0.97188765,1.014326,0.99624324,0.9694521
2025-01-01 15:55:00,1.0482625,1.04337,0.9755629,0.971891,1.014327,0.9962421,0.96944875
2025-01-01 15:56:00,1.0482717,1.0433774,0.97556823,0.97189426,1.014328,0.996241,0.9694454
2025-01-01 15:57:00,1.0482807,1.0433848,0.9755736,0.97189754,1.0143291,0.9962397,0.969442
2025-01-01 15:58:00,1.0482897,1.0433921,0.97557896,0.97190076,1.0143301,0.9962385,0.9694386
2025-01-01 15:59:00,1.0482986,1.0433992,0.9755842,0.9719039,1.0143311,0.9962373,0.96943516
2025-01-01 16:00:00,1.0435717,1.0387235,0.97212654,0.9690966,1.0091326,0.99147,0.9646258
2025-01-01 16:01:00,1.0405023,1.0356867,0.9698809,0.96727294,1.0057538,0.9883707,0.9614984
2025-01-01 16:02:00,1.0385102,1.0337154,0.968423,0.96608853,1.0035577,0.98635566,0.95946425
2025-01-01 16:03:00,1.0372185,1.0324364,0.9674771,0.96531963,1.0021306,0.9850453,0.9581408
2025-01-01 16:04:00,1.0363817,1.0316074,0.96686393,0.96482086,1.0012031,0.984193,0.95727915
2025-01-01 16:05:00,1.0358411,1.0310711,0.9664671,0.96449757,1.0006005,0.98363847,0.9567177
2025-01-01 16:06:00,1.0354925,1.0307248,0.96621084,0.9642884,1.0002089,0.9832774,0.95635146
2025-01-01 16:07:00,1.035269,1.0305021,0.966046,0.9641534,0.99995446,0.983042,0.95611197
2025-01-01 16:08:00,1.0351267,1.0303596,0.9659404,0.96406645,0.99978924,0.98288834,0.95595485
2025-01-01 16:09:00,1.0350372,1.0302694,0.9658735,0.9640109,0.99968195,0.98278785,0.9558513
2025-01-01 16:10:00,1.0349818,1.0302131,0.9658316,0.9639756,0.9996123,0.98272175,0.95578265
2025-01-01 16:11:00,1.0349488,1.0301787,0.9658058,0.9639535,0.9995671,0.9826781,0.95573646
2025-01-01 16:12:00,1.0349303,1.0301586,0.96579075,0.96393996,0.99953777,0.98264897,0.955705
2025-01-01 16:13:00,1.0349212,1.0301479,0.96578246,0.963932,0.9995187,0.98262936,0.955683
2025-01-01 16:14:00,1.0349182,1.0301433,0.9657786,0.96392757,0.9995063,0.98261577,0.9556672
2025-01-01 16:15:00,1.034919,1.0301423,0.96577764,0.9639254,0.99949825,0.9826062,0.95565534
2025-01-01 16:16:00,1.0349225,1.030144,0.96577847,0.96392477,0.9994929,0.98259914,0.9556461
2025-01-01 16:17:00,1.0349276,1.0301472,0.9657805,0.96392506,0.9994894,0.9825937,0.95563847
2025-01-01 16:18:00,1.0349338,1.0301515,0.9657833,0.96392596,0.9994871,0.98258936,0.9556319
2025-01-01 16:19:00,1.0349405,1.0301564,0.9657865,0.96392727,0.9994855,0.9825856,0.9556261
2025-01-01 16:20:00,1.0349478,1.0301617,0.96579003,0.9639287,0.9994843,0.9825823,0.9556206
2025-01-01 16:21:00,1.0349551,1.0301673,0.9657937,0.9639303,0.9994834,0.98257923,0.9556154
2025-01-01 16:22:00,1.0349628,1.0301731,0.9657975,0.9639319,0.99948263,0.9825763,0.95561033
2025-01-01 16:23:00,1.0349705,1.0301788,0.9658013,0.9639336,0.999482,0.9825735,0.9556054
2025-01-01 16:24:00,1.0349783,1.0301847,0.9658051,0.9639353,0.9994813,0.98257065,0.9556004
2025-01-01 16:25:00,1.0349859,1.0301905,0.9658089,0.963937,0.9994807,0.9825678,0.9555954
2025-01-01 16:26:00,1.0349936,1.0301964,0.9658127,0.96393853,0.99948007,0.9825649,0.9555904
2025-01-01 16:27:00,1.0350013,1.0302023,0.9658165,0.96394014,0.99947935,0.98256207,0.9555854
2025-01-01 16:28:00,1.035009,1.030208,0.9658202,0.9639417,0.9994787,0.98255914,0.9555804
2025-01-01 16:29:00,1.0350167,1.0302137,0.9658238,0.9639431,0.9994779,0.9825562,0.95557535
2025-01-01 16:30:00,1.0301003,1.0253739,0.96238273,0.9611157,0.99431336,0.9778669,0.9509098
2025-01-01 16:31:00,1.0269072,1.02223,0.96014714,0.95927835,0.990956,0.97481775,0.9478753
2025-01-01 16:32:00,1.0248344,1.0201885,0.95869523,0.95808446,0.9887734,0.9728346,0.94590104
2025-01-01 16:33:00,1.0234897,1.0188633,0.9577527,0.9573088,0.9873543,0.97154444,0.94461596
2025-01-01 16:34:00,1.0226182,1.0180038,0.9571411,0.95680505,0.9864315,0.9707047,0.9437787
2025-01-01 16:35:00,1.0220542,1.017447,0.95674473,0.95647794,0.98583126,0.9701577,0.9432326
2025-01-01 16:36:00,1.0216901,1.017087,0.9564882,0.9562657,0.9854407,0.9698009,0.9428757
2025-01-01 16:37:00,1.021456,1.0168548,0.95632255,0.956128,0.9851863,0.9695678,0.94264174
2025-01-01 16:38:00,1.0213064,1.0167056,0.956216,0.95603883,0.9850205,0.969415,0.94248766
2025-01-01 16:39:00,1.0212115,1.0166105,0.95614773,0.9559812,0.9849123,0.9693144,0.94238555
2025-01-01 16:40:00,1.0211524,1.0165504,0.9561044,0.95594394,0.98484135,0.96924776,0.9423171
2025-01-01 16:41:00,1.0211163,1.0165131,0.9560773,0.95592,0.98479474,0.9692032,0.9422707
2025-01-01 16:42:00,1.0210953,1.0164906,0.9560606,0.9559046,0.98476386,0.96917284,0.9422384
2025-01-01 16:43:00,1.0210841,1.0164777,0.9560507,0.9558948,0.98474324,0.9691518,0.9422154
2025-01-01 16:44:00,1.0210792,1.016471,0.95604527,0.9558886,0.98472923,0.9691367,0.94219834
2025-01-01 16:45:00,1.0210785,1.0164684,0.95604265,0.9558848,0.9847195,0.96912557,0.94218516
2025-01-01 16:46:00,1.0210803,1.0164684,0.95604193,0.95588243,0.98471254,0.96911687,0.9421745
2025-01-01 16:47:00,1.0210838,1.01647,0.95604235,0.955881,0.9847074,0.96910983,0.9421654
2025-01-01 16:48:00,1.0210885,1.0164726,0.9560434,0.95588017,0.98470336,0.9691038,0.94215727
2025-01-01 16:49:00,1.0210937,1.0164759,0.95604503,0.95587975,0.9847,0.96909845,0.9421499
2025-01-01 16:50:00,1.0210994,1.0164797,0.95604694,0.9558795,0.98469716,0.9690935,0.9421429
2025-01-01 16:51:00,1.0211055,1.0164837,0.9560489,0.95587933,0.98469454,0.9690888,0.94213617
2025-01-01 16:52:00,1.0211117,1.0164878,0.956051,0.9558793,0.9846921,0.96908426,0.94212955
2025-01-01 16:53:00,1.0211179,1.0164921,0.95605314,0.9558793,0.98468965,0.96907973,0.942123
2025-01-01 16:54:00,1.0211242,1.0164964,0.9560553,0.9558793,0.9846873,0.96907526,0.9421165
2025-01-01 16:55:00,1.0211306,1.0165006,0.9560574,0.95587915,0.98468494,0.9690708,0.94211
2025-01-01 16:56:00,1.0211368,1.0165048,0.9560596,0.95587903,0.9846826,0.96906626,0.94210345
2025-01-01 16:57:00,1.0211431,1.016509,0.95606166,0.9558789,0.98468024,0.96906173,0.9420969
2025-01-01 16:58:00,1.0211493,1.0165132,0.9560637,0.95587873,0.98467785,0.9690572,0.94209033
2025-01-01 16:59:00,1.0211555,1.0165174,0.95606565,0.9558785,0.9846754,0.9690526,0.9420837
2025-01-01 17:00:00,1.0161384,1.011601,0.95270324,0.95308197,0.9796382,0.9645261,0.9376464
2025-01-01 17:01:00,1.0128795,1.0084066,0.95051837,0.951264,0.97636306,0.9615822,0.9347597
2025-01-01 17:02:00,1.0107633,1.0063318,0.9490987,0.9500822,0.97423327,0.9596669,0.93288094
2025-01-01 17:03:00,1.0093898,1.0049844,0.94817656,0.9493139,0.97284794,0.95842034,0.9316574
2025-01-01 17:04:00,1.0084991,1.0041099,0.9475777,0.9488142,0.97194654,0.9576083,0.9308596
2025-01-01 17:05:00,1.0079222,1.0035428,0.94718903,0.9484891,0.97135955,0.95707864,0.9303386
2025-01-01 17:06:00,1.0075492,1.0031755,0.94693685,0.9482776,0.970977,0.9567327,0.92999756
2025-01-01 17:07:00,1.0073087,1.0029379,0.94677347,0.94813985,0.9707273,0.956506,0.92977333
2025-01-01 17:08:00,1.0071543,1.0027848,0.94666773,0.94804996,0.9705639,0.9563569,0.9296251
2025-01-01 17:09:00,1.007056,1.0026865,0.9465994,0.9479912,0.9704566,0.9562581,0.9295262
2025-01-01 17:10:00,1.006994,1.0026238,0.9465555,0.94795275,0.9703858,0.956192,0.9294594
2025-01-01 17:11:00,1.0069556,1.0025842,0.94652736,0.9479273,0.97033864,0.9561472,0.92941344
2025-01-01 17:12:00,1.0069326,1.0025597,0.9465095,0.9479104,0.97030675,0.95611614,0.929381
2025-01-01 17:13:00,1.0069195,1.0025449,0.9464982,0.94789904,0.97028494,0.95609415,0.92935735
2025-01-01 17:14:00,1.0069128,1.0025364,0.9464913,0.94789124,0.97026956,0.9560779,0.92933935
2025-01-01 17:15:00,1.0069103,1.002532,0.9464871,0.94788575,0.97025836,0.95606536,0.92932504
2025-01-01 17:16:00,1.0069106,1.0025302,0.94648474,0.94788164,0.97024983,0.9560553,0.9293131
2025-01-01 17:17:00,1.0069125,1.0025301,0.9464835,0.94787854,0.97024304,0.95604676,0.92930275
2025-01-01 17:18:00,1.0069156,1.002531,0.9464829,0.94787604,0.9702374,0.9560392,0.92929333
2025-01-01 17:19:00,1.0069193,1.0025327,0.9464828,0.9478739,0.9702324,0.9560323,0.9292845
2025-01-01 17:20:00,1.0069236,1.0025349,0.94648296,0.947872,0.9702279,0.9560258,0.9292761
2025-01-01 17:21:00,1.006928,1.0025371,0.9464833,0.94787014,0.9702236,0.95601946,0.92926794
2025-01-01 17:22:00,1.0069326,1.0025396,0.94648373,0.9478684,0.9702195,0.9560133,0.92925984
2025-01-01 17:23:00,1.0069374,1.0025423,0.94648415,0.9478667,0.97021544,0.95600724,0.9292519
2025-01-01 17:24:00,1.0069422,1.0025449,0.9464846,0.9478649,0.97021145,0.9560013,0.929244
2025-01-01 17:25:00,1.0069468,1.0025475,0.94648504,0.9478631,0.9702074,0.95599514,0.929236
2025-01-01 17:26:00,1.0069516,1.00255,0.9464854,0.94786125,0.9702034,0.9559891,0.92922807
2025-01-01 17:27:00,1.0069562,1.0025526,0.9464858,0.9478594,0.97019935,0.955983,0.9292201
2025-01-01 17:28:00,1.006961,1.0025551,0.9464861,0.9478575,0.9701953,0.95597684,0.9292121
2025-01-01 17:29:00,1.0069655,1.0025576,0.9464864,0.9478556,0.9701912,0.9559707,0.92920405
2025-01-01 17:30:00,1.001937,0.99765164,0.94326234,0.94513947,0.96537066,0.9516872,0.92507356
2025-01-01 17:31:00,0.99867,0.99446356,0.94116664,0.94337326,0.9622358,0.9489007,0.9223858
2025-01-01 17:32:00,0.99654794,0.9923921,0.9398045,0.9422245,0.9601966,0.9470872,0.920636
2025-01-01 17:33:00,0.9951701,0.9910464,0.93891907,0.94147694,0.95886964,0.9459062,0.91949564
2025-01-01 17:34:00,0.99427605,0.99017245,0.93834347,0.94099027,0.9580054,0.9451363,0.9187515
2025-01-01 17:35:00,0.99369633,0.98960507,0.93796927,0.940673,0.95744216,0.94463354,0.91826487
2025-01-01 17:36:00,0.993321,0.98923695,0.93772596,0.940466,0.9570744,0.94430447,0.9179456
2025-01-01 17:37:00,0.9930785,0.98899835,0.9375677,0.94033056,0.9568338,0.9440882,0.9177351
2025-01-01 17:38:00,0.99292225,0.9888439,0.9374647,0.94024163,0.9566757,0.9439453,0.9175953
2025-01-01 17:39:00,0.99282205,0.98874414,0.93739766,0.9401829,0.9565713,0.94385004,0.91750145
2025-01-01 17:40:00,0.99275833,0.98868,0.9373539,0.94014376,0.9565017,0.9437858,0.91743743
2025-01-01 17:41:00,0.9927182,0.9886388,0.93732524,0.94011736,0.9564548,0.9437416,0.91739285
2025-01-01 17:42:00,0.99269354,0.98861265,0.9373064,0.94009924,0.95642257,0.94371045,0.9173608
2025-01-01 17:43:00,0.9926788,0.9885962,0.93729395,0.9400865,0.95639986,0.94368774,0.9173369
2025-01-01 17:44:00,0.99267054,0.988586,0.9372856,0.9400772,0.9563834,0.9436705,0.9173183
2025-01-01 17:45:00,0.9926664,0.98858,0.93727994,0.9400701,0.95637095,0.9436569,0.9173031
2025-01-01 17:46:00,0.992665,0.9885765,0.937276,0.94006443,0.956361,0.94364554,0.91729015
2025-01-01 17:47:00,0.99266535,0.98857474,0.9372731,0.94005966,0.9563528,0.9436357,0.91727865
2025-01-01 17:48:00,0.9926668,0.9885741,0.9372709,0.9400555,0.95634556,0.94362676,0.917268
2025-01-01 17:49:00,0.9926689,0.988574,0.9372691,0.9400516,0.95633906,0.9436184,0.9172579
2025-01-01 17:50:00,0.99267155,0.98857445,0.9372676,0.94004804,0.9563329,0.9436104,0.9172482
2025-01-01 17:51:00,0.99267435,0.9885751,0.93726623,0.9400445,0.9563271,0.94360274,0.9172387
2025-01-01 17:52:00,0.99267733,0.98857594,0.937265,0.9400411,0.9563214,0.94359505,0.9172294
2025-01-01 17:53:00,0.99268043,0.98857677,0.93726367,0.9400377,0.95631576,0.9435875,0.9172202
2025-01-01 17:54:00,0.9926835,0.98857766,0.9372624,0.9400342,0.95631015,0.94358,0.91721094
2025-01-01 17:55:00,0.99268657,0.98857856,0.9372611,0.94003075,0.9563045,0.9435725,0.9172017
2025-01-01 17:56:00,0.99268967,0.98857945,0.9372598,0.94002724,0.9562989,0.94356495,0.9171924
2025-01-01 17:57:00,0.9926927,0.9885803,0.9372585,0.9400237,0.9562933,0.9435574,0.9171831
2025-01-01 17:58:00,0.99269575,0.9885811,0.9372571,0.94002014,0.95628756,0.9435498,0.91717386
2025-01-01 17:59:00,0.9926987,0.98858196,0.9372556,0.9400165,0.9562819,0.9435422,0.9171645
2025-01-01 18:00:00,0.9877483,0.983774,0.9342274,0.93742937,0.95176405,0.93957806,0.91341454
2025-01-01 18:01:00,0.9845315,0.98064905,0.9322585,0.93574643,0.9488254,0.93699867,0.91097367
2025-01-01 18:02:00,0.9824416,0.97861797,0.93097806,0.9346511,0.9469132,0.9353193,0.9093838
2025-01-01 18:03:00,0.98108405,0.9772979,0.93014514,0.9339378,0.9456681,0.93422496,0.908347
2025-01-01 18:04:00,0.98020256,0.9764401,0.9296031,0.9334727,0.9448567,0.93351084,0.9076697
2025-01-01 18:05:00,0.9796305,0.97588253,0.9292501,0.933169,0.9443271,0.9330439,0.90722615
2025-01-01 18:06:00,0.9792595,0.97552025,0.92902,0.93297017,0.9439808,0.9327375,0.90693444
2025-01-01 18:07:00,0.9790192,0.9752849,0.9288697,0.9328394,0.9437535,0.9325356,0.90674144
2025-01-01 18:08:00,0.97886384,0.97513187,0.9287714,0.93275297,0.9436036,0.93240154,0.9066126
2025-01-01 18:09:00,0.9787637,0.9750325,0.92870665,0.93269527,0.94350386,0.9323115,0.9065254
2025-01-01 18:10:00,0.9786994,0.9749679,0.9286638,0.9326563,0.94343686,0.9322501,0.90646523
2025-01-01 18:11:00,0.9786583,0.97492594,0.92863524,0.93262947,0.943391,0.9322073,0.90642273
2025-01-01 18:12:00,0.9786324,0.97489864,0.9286158,0.9326104,0.94335896,0.9321766,0.9063917
2025-01-01 18:13:00,0.9786163,0.9748808,0.92860234,0.93259645,0.9433359,0.9321537,0.90636796
2025-01-01 18:14:00,0.9786065,0.9748692,0.9285928,0.93258584,0.94331855,0.9321359,0.90634906
2025-01-01 18:15:00,0.97860086,0.97486156,0.9285857,0.93257725,0.943305,0.93212134,0.9063333
2025-01-01 18:16:00,0.9785979,0.9748565,0.9285803,0.9325701,0.94329387,0.93210894,0.9063195
2025-01-01 18:17:00,0.97859657,0.97485304,0.9285758,0.9325637,0.9432843,0.9320979,0.90630704
2025-01-01 18:18:00,0.9785963,0.97485065,0.92857194,0.93255794,0.9432757,0.9320878,0.9062954
2025-01-01 18:19:00,0.97859687,0.974849,0.92856854,0.9325525,0.94326776,0.93207806,0.9062842
2025-01-01 18:20:00,0.97859776,0.9748477,0.9285654,0.9325473,0.94326013,0.9320688,0.9062735
2025-01-01 18:21:00,0.9785989,0.97484666,0.92856234,0.93254215,0.9432528,0.93205976,0.90626293
2025-01-01 18:22:00,0.9786002,0.97484577,0.92855936,0.93253714,0.94324553,0.93205076,0.9062524
2025-01-01 18:23:00,0.97860163,0.97484493,0.92855644,0.9325321,0.9432385,0.93204194,0.906242
2025-01-01 18:24:00,0.978603,0.9748441,0.92855346,0.93252707,0.9432314,0.93203306,0.9062316
2025-01-01 18:25:00,0.97860444,0.97484326,0.9285505,0.93252194,0.9432243,0.93202424,0.9062213
2025-01-01 18:26:00,0.9786058,0.9748425,0.9285475,0.9325168,0.94321716,0.93201536,0.90621084
2025-01-01 18:27:00,0.9786072,0.9748416,0.92854446,0.9325117,0.94320995,0.9320064,0.9062004
2025-01-01 18:28:00,0.9786085,0.9748407,0.92854136,0.9325065,0.94320285,0.9319975,0.90619004
2025-01-01 18:29:00,0.9786098,0.97483975,0.92853826,0.93250126,0.94319564,0.93198854,0.9061796
2025-01-01 18:30:00,0.9738259,0.9702157,0.92575985,0.93008924,0.9390611,0.92841464,0.902877
2025-01-01 18:31:00,0.97071666,0.9672096,0.92395276,0.9285195,0.936371,0.92608845,0.90072656
2025-01-01 18:32:00,0.96869606,0.96525526,0.92277694,0.92749727,0.9346199,0.9245732,0.89932513
2025-01-01 18:33:00,0.967383,0.96398443,0.92201144,0.9268308,0.933479,0.92358506,0.89841044
2025-01-01 18:34:00,0.96652985,0.963158,0.92151266,0.9263957,0.9327348,0.92293954,0.8978122
2025-01-01 18:35:00,0.9659756,0.96262026,0.9211872,0.9261109,0.9322485,0.9225167,0.8974196
2025-01-01 18:36:00,0.9656156,0.96227026,0.9209744,0.9259238,0.93192965,0.9222386,0.89716053
2025-01-01 18:37:00,0.96538186,0.9620422,0.9208347,0.9258001,0.9317197,0.9220545,0.89698845
2025-01-01 18:38:00,0.96523017,0.9618935,0.9207427,0.9257177,0.9315806,0.9219316,0.8968728
2025-01-01 18:39:00,0.96513176,0.9617963,0.92068154,0.9256621,0.93148744,0.9218484,0.89679384
2025-01-01 18:40:00,0.965068,0.9617325,0.9206404,0.92562383,0.9314242,0.921791,0.8967387
2025-01-01 18:41:00,0.96502674,0.96169037,0.92061234,0.92559695,0.93138033,0.9217504,0.8966991
2025-01-01 18:42:00,0.96500003,0.9616624,0.9205927,0.92557734,0.93134904,0.9217207,0.8966695
2025-01-01 18:43:00,0.9649828,0.9616436,0.92057854,0.9255625,0.9313259,0.921698,0.89664644
2025-01-01 18:44:00,0.9649718,0.96163064,0.9205679,0.9255507,0.93130803,0.92167985,0.89662755
2025-01-01 18:45:00,0.9649647,0.9616216,0.9205595,0.92554086,0.93129367,0.9216647,0.8966115
2025-01-01 18:46:00,0.9649601,0.96161497,0.9205527,0.9255323,0.9312815,0.9216514,0.89659715
2025-01-01 18:47:00,0.96495724,0.96160996,0.9205467,0.92552453,0.9312707,0.9216394,0.8965839
2025-01-01 18:48:00,0.9649554,0.961606,0.92054135,0.9255173,0.9312609,0.9216281,0.8965714
2025-01-01 18:49:00,0.96495426,0.9616026,0.92053634,0.92551035,0.9312516,0.92161745,0.8965594
2025-01-01 18:50:00,0.9649534,0.96159965,0.9205316,0.9255036,0.93124264,0.92160696,0.8965477
2025-01-01 18:51:00,0.96495295,0.9615969,0.92052686,0.92549694,0.93123394,0.9215967,0.8965362
2025-01-01 18:52:00,0.9649525,0.96159434,0.9205223,0.9254904,0.9312254,0.9215866,0.8965247
2025-01-01 18:53:00,0.96495223,0.9615918,0.92051774,0.92548376,0.9312169,0.9215765,0.89651334
2025-01-01 18:54:00,0.96495193,0.96158934,0.9205131,0.9254772,0.93120843,0.9215664,0.89650196
2025-01-01 18:55:00,0.9649516,0.9615868,0.9205085,0.92547053,0.9311999,0.9215564,0.89649063
2025-01-01 18:56:00,0.9649513,0.96158427,0.9205038,0.9254639,0.9311914,0.9215463,0.89647925
2025-01-01 18:57:00,0.9649509,0.96158165,0.92049915,0.9254572,0.93118286,0.92153627,0.896468
2025-01-01 18:58:00,0.96495056,0.9615791,0.92049444,0.9254505,0.93117434,0.92152613,0.8964566
2025-01-01 18:59:00,0.9649501,0.96157646,0.92048967,0.9254437,0.9311658,0.92151606,0.8964452
2025-01-01 19:00:00,0.960418,0.9572187,0.9180107,0.92324984,0.92748827,0.918396,0.8936489
2025-01-01 19:01:00,0.9574719,0.95438516,0.91639763,0.92182136,0.92509484,0.91636443,0.89182734
2025-01-01 19:02:00,0.9555567,0.95254236,0.91534734,0.9208904,0.923536,0.9150403,0.8906393
2025-01-01 19:03:00,0.95431155,0.9513435,0.9146629,0.9202828,0.9225197,0.91417605,0.889863
2025-01-01 19:04:00,0.9535019,0.9505632,0.91421616,0.91988534,0.921856,0.9136106,0.88935435
2025-01-01 19:05:00,0.95297533,0.9500549,0.91392404,0.91962457,0.92142147,0.9132394,0.8890197
2025-01-01 19:06:00,0.9526328,0.9497234,0.91373235,0.91945255,0.9211359,0.9129945,0.8887981
2025-01-01 19:07:00,0.95240974,0.9495068,0.91360587,0.91933817,0.9209471,0.9128316,0.88865
2025-01-01 19:08:00,0.95226437,0.94936496,0.9135217,0.9192613,0.92082125,0.91272205,0.8885496
2025-01-01 19:09:00,0.9521695,0.94927156,0.91346514,0.9192087,0.9207363,0.91264725,0.88848025
2025-01-01 19:10:00,0.9521074,0.9492097,0.9134265,0.919172,0.92067784,0.91259485,0.8884311
2025-01-01 19:11:00,0.9520667,0.94916826,0.91339946,0.91914546,0.9206366,0.91255707,0.888395
2025-01-01 19:12:00,0.9520397,0.94914013,0.91337997,0.9191256,0.9206067,0.9125288,0.8883674
2025-01-01 19:13:00,0.9520218,0.9491206,0.9133653,0.9191101,0.92058396,0.91250664,0.8883453
2025-01-01 19:14:00,0.95200956,0.94910663,0.9133538,0.91909736,0.9205659,0.9124886,0.8883269
2025-01-01 19:15:00,0.95200115,0.9490963,0.9133443,0.9190864,0.920551,0.91247296,0.8883107
2025-01-01 19:16:00,0.95199513,0.94908834,0.91333616,0.9190766,0.92053795,0.91245914,0.88829607
2025-01-01 19:17:00,0.9519907,0.94908184,0.9133288,0.9190675,0.92052615,0.9124464,0.88828236
2025-01-01 19:18:00,0.9519872,0.94907624,0.913322,0.9190589,0.92051524,0.9124342,0.88826925
2025-01-01 19:19:00,0.9519844,0.9490713,0.9133155,0.9190506,0.9205048,0.91242254,0.88825655
2025-01-01 19:20:00,0.95198196,0.9490667,0.91330916,0.9190424,0.92049474,0.9124112,0.88824415
2025-01-01 19:21:00,0.95197976,0.94906235,0.91330296,0.91903436,0.92048484,0.91239995,0.8882318
2025-01-01 19:22:00,0.95197767,0.94905806,0.9132968,0.9190263,0.92047507,0.9123888,0.8882197
2025-01-01 19:23:00,0.9519756,0.9490538,0.9132906,0.91901827,0.9204653,0.9123777,0.88820755
2025-01-01 19:24:00,0.9519736,0.9490497,0.91328454,0.9190103,0.9204556,0.91236657,0.8881954
2025-01-01 19:25:00,0.95197165,0.9490456,0.91327834,0.91900223,0.92044586,0.91235554,0.8881833
2025-01-01 19:26:00,0.9519696,0.94904137,0.9132721,0.9189942,0.92043614,0.91234446,0.8881712
2025-01-01 19:27:00,0.95196754,0.94903713,0.9132659,0.9189861,0.92042637,0.91233337,0.8881591
2025-01-01 19:28:00,0.9519655,0.9490329,0.91325957,0.9189779,0.9204166,0.9123223,0.888147
2025-01-01 19:29:00,0.95196337,0.9490286,0.91325325,0.91896975,0.9204068,0.9123112,0.88813484
2025-01-01 19:30:00,0.947764,0.94501495,0.91111803,0.91703314,0.917252,0.9097008,0.8858948
2025-01-01 19:31:00,0.94503355,0.9424045,0.9097278,0.9157715,0.91519785,0.9080001,0.8844345
2025-01-01 19:32:00,0.943258,0.9407062,0.90882194,0.9149484,0.9138592,0.9068908,0.883481
2025-01-01 19:33:00,0.94210297,0.9396006,0.9082308,0.9144105,0.9129856,0.90616566,0.88285697
2025-01-01 19:34:00,0.94135135,0.9388803,0.9078441,0.91405785,0.9124142,0.9056905,0.88244706
2025-01-01 19:35:00,0.9408619,0.9384105,0.9075905,0.9138257,0.9120393,0.90537757,0.8821762
2025-01-01 19:36:00,0.9405428,0.9381035,0.90742326,0.91367173,0.91179204,0.9051702,0.881996
2025-01-01 19:37:00,0.94033444,0.9379022,0.90731215,0.9135687,0.91162777,0.90503144,0.88187444
2025-01-01 19:38:00,0.9401981,0.9377697,0.9072376,0.91349864,0.91151744,0.9049372,0.8817911
2025-01-01 19:39:00,0.94010854,0.93768185,0.9071866,0.9134501,0.91144216,0.90487194,0.88173264
2025-01-01 19:40:00,0.94004923,0.93762296,0.9071511,0.91341543,0.9113895,0.90482557,0.8816903
2025-01-01 19:41:00,0.9400097,0.93758297,0.9071256,0.91338986,0.91135174,0.9047913,0.88165843
2025-01-01 19:42:00,0.93998295,0.93755513,0.9071065,0.9133702,0.9113236,0.904765,0.88163334
2025-01-01 19:43:00,0.93996453,0.9375353,0.9070916,0.9133542,0.91130173,0.9047439,0.8816127
2025-01-01 19:44:00,0.9399515,0.93752056,0.90707946,0.91334075,0.9112838,0.9047261,0.8815949
2025-01-01 19:45:00,0.9399419,0.9375091,0.90706897,0.9133289,0.91126853,0.9047104,0.881579
2025-01-01 19:46:00,0.93993455,0.9374999,0.90705967,0.91331804,0.9112549,0.9046962,0.88156426
2025-01-01 19:47:00,0.9399286,0.937492,0.90705115,0.91330785,0.91124237,0.9046828,0.88155025
2025-01-01 19:48:00,0.9399236,0.937485,0.907043,0.91329795,0.91123056,0.90467006,0.88153684
2025-01-01 19:49:00,0.9399191,0.9374785,0.90703505,0.9132884,0.9112192,0.90465766,0.88152367
2025-01-01 19:50:00,0.93991506,0.9374724,0.9070273,0.913279,0.9112081,0.90464544,0.8815107
2025-01-01 19:51:00,0.93991125,0.93746644,0.9070197,0.9132696,0.9111971,0.9046334,0.8814979
2025-01-01 19:52:00,0.9399075,0.9374606,0.90701205,0.91326034,0.9111863,0.9046214,0.8814851
2025-01-01 19:53:00,0.93990386,0.9374548,0.9070044,0.913251,0.91117543,0.90460956,0.8814724
2025-01-01 19:54:00,0.93990016,0.9374491,0.9069968,0.9132417,0.91116464,0.9045977,0.8814598
2025-01-01 19:55:00,0.93989646,0.9374434,0.90698916,0.9132323,0.91115385,0.9045858,0.8814471
2025-01-01 19:56:00,0.93989277,0.9374376,0.9069815,0.913223,0.91114306,0.90457386,0.88143444
2025-01-01 19:57:00,0.939889,0.93743175,0.90697384,0.9132137,0.9111323,0.904562,0.8814218
2025-01-01 19:58:00,0.93988526,0.9374259,0.90696615,0.91320425,0.9111214,0.9045501,0.8814091
2025-01-01 19:59:00,0.93988144,0.93742007,0.9069584,0.91319484,0.9111106,0.90453815,0.8813965
2025-01-01 20:00:00,0.9360893,0.93382174,0.90520465,0.91154987,0.90853447,0.9024837,0.87975246
2025-01-01 20:01:00,0.933623,0.93148077,0.904062,0.91047734,0.9068561,0.90114415,0.8786794
2025-01-01 20:02:00,0.93201846,0.929957,0.90331644,0.90977675,0.9057613,0.90026915,0.8779775
2025-01-01 20:03:00,0.9309741,0.9289643,0.90282905,0.90931803,0.90504587,0.8996963,0.8775168
2025-01-01 20:04:00,0.93029374,0.92831695,0.9025094,0.90901643,0.9045769,0.8993196,0.87721276
2025-01-01 20:05:00,0.9298501,0.92789394,0.90229875,0.908817,0.9042682,0.89907056,0.8770107
2025-01-01 20:06:00,0.9295602,0.92761683,0.902159,0.90868396,0.9040637,0.89890444,0.8768749
2025-01-01 20:07:00,0.92937016,0.92743444,0.9020653,0.908594,0.90392685,0.8987922,0.8767821
2025-01-01 20:08:00,0.9292452,0.9273136,0.90200144,0.9085321,0.903834,0.89871496,0.8767174
2025-01-01 20:09:00,0.9291624,0.92723286,0.90195704,0.90848845,0.9037697,0.8986605,0.8766707
2025-01-01 20:10:00,0.92910695,0.9271781,0.9019253,0.9084565,0.90372396,0.8986208,0.87663597
2025-01-01 20:11:00,0.92906934,0.9271402,0.9019017,0.9084323,0.9036903,0.89859074,0.8766089
2025-01-01 20:12:00,0.9290433,0.9271132,0.9018834,0.90841305,0.9036644,0.89856684,0.87658674
2025-01-01 20:13:00,0.9290247,0.9270933,0.9018686,0.9083971,0.90364367,0.89854705,0.8765679
2025-01-01 20:14:00,0.929011,0.92707807,0.90185595,0.9083831,0.9036262,0.89852995,0.8765511
2025-01-01 20:15:00,0.9290004,0.9270658,0.90184474,0.9083705,0.9036109,0.8985144,0.87653565
2025-01-01 20:16:00,0.92899185,0.9270554,0.9018344,0.90835875,0.9035969,0.8985,0.8765211
2025-01-01 20:17:00,0.9289846,0.92704624,0.9018247,0.9083475,0.9035838,0.8984864,0.8765071
2025-01-01 20:18:00,0.92897815,0.9270379,0.9018153,0.90833664,0.9035713,0.89847314,0.87649345
2025-01-01 20:19:00,0.9289722,0.92702997,0.9018062,0.9083259,0.9035591,0.89846027,0.87648016
2025-01-01 20:20:00,0.9289665,0.9270224,0.9017972,0.9083154,0.90354717,0.8984475,0.87646693
2025-01-01 20:21:00,0.9289611,0.927015,0.90178823,0.908305,0.90353537,0.8984349,0.87645376
2025-01-01 20:22:00,0.92895573,0.9270077,0.9017793,0.9082945,0.9035237,0.8984223,0.8764407
2025-01-01 20:23:00,0.9289505,0.92700046,0.90177035,0.9082841,0.903512,0.8984097,0.8764277
2025-01-01 20:24:00,0.92894524,0.9269932,0.9017614,0.9082737,0.9035004,0.8983972,0.87641466
2025-01-01 20:25:00,0.92893994,0.926986,0.9017524,0.9082632,0.9034887,0.8983847,0.87640166
2025-01-01 20:26:00,0.92893463,0.9269787,0.9017435,0.9082528,0.90347695,0.8983722,0.8763886
2025-01-01 20:27:00,0.92892927,0.92697144,0.90173453,0.9082423,0.9034653,0.89835966,0.8763757
2025-01-01 20:28:00,0.9289239,0.92696416,0.9017254,0.90823174,0.9034536,0.89834714,0.8763627
2025-01-01 20:29:00,0.9289185,0.9269568,0.90171635,0.9082212,0.9034419,0.89833456,0.8763496
2025-01-01 20:30:00,0.9256021,0.92383885,0.900376,0.90689766,0.90149105,0.8968733,0.8753314
2025-01-01 20:31:00,0.9234445,0.92180955,0.89950156,0.9060336,0.9002189,0.895919,0.874665
2025-01-01 20:32:00,0.92204005,0.9204878,0.89892995,0.9054683,0.8993878,0.8952943,0.8742273
2025-01-01 20:33:00,0.9211252,0.91962606,0.8985551,0.90509707,0.89884347,0.8948839,0.8739382
2025-01-01 20:34:00,0.92052853,0.91906315,0.89830816,0.9048519,0.8984855,0.89461267,0.87374574
2025-01-01 20:35:00,0.92013866,0.9186946,0.89814436,0.90468884,0.8982486,0.8944319,0.87361604
2025-01-01 20:36:00,0.9198832,0.9184523,0.8980346,0.90457904,0.8980905,0.89431,0.87352717
2025-01-01 20:37:00,0.91971505,0.91829216,0.8979599,0.9045039,0.8979835,0.8942264,0.8734648
2025-01-01 20:38:00,0.9196037,0.91818523,0.89790803,0.9044512,0.89790976,0.8941675,0.87341976
2025-01-01 20:39:00,0.91952914,0.918113,0.89787096,0.9044131,0.8978576,0.8941248,0.8733859
2025-01-01 20:40:00,0.9194786,0.9180633,0.89784354,0.9043845,0.8978195,0.8940926,0.8733593
2025-01-01 20:41:00,0.9194436,0.9180281,0.8978223,0.9043621,0.89779055,0.89406717,0.8733374
2025-01-01 20:42:00,0.9194187,0.9180024,0.89780515,0.9043436,0.8977675,0.89404625,0.8733186
2025-01-01 20:43:00,0.91940033,0.91798294,0.89779055,0.90432775,0.89774823,0.89402807,0.8733018
2025-01-01 20:44:00,0.91938615,0.91796744,0.8977777,0.90431356,0.89773154,0.89401186,0.8732863
2025-01-01 20:45:00,0.9193747,0.91795444,0.8977658,0.9043004,0.8977164,0.89399683,0.87327164
2025-01-01 20:46:00,0.9193651,0.9179432,0.8977548,0.904288,0.89770234,0.8939825,0.8732575
2025-01-01 20:47:00,0.9193566,0.917933,0.8977441,0.904276,0.897689,0.8939688,0.8732438
2025-01-01 20:48:00,0.9193488,0.9179234,0.8977337,0.9042643,0.89767593,0.8939554,0.8732303
2025-01-01 20:49:00,0.9193414,0.9179143,0.8977235,0.90425277,0.8976632,0.8939421,0.87321687
2025-01-01 20:50:00,0.91933435,0.9179054,0.89771336,0.9042413,0.89765066,0.893929,0.87320364
2025-01-01 20:51:00,0.9193274,0.9178967,0.8977032,0.9042299,0.8976382,0.893916,0.8731904
2025-01-01 20:52:00,0.9193206,0.91788805,0.8976931,0.9042185,0.89762586,0.89390296,0.87317723
2025-01-01 20:53:00,0.9193137,0.9178794,0.89768296,0.90420705,0.8976134,0.8938901,0.87316406
2025-01-01 20:54:00,0.91930693,0.91787076,0.8976729,0.90419567,0.89760107,0.89387715,0.8731509
2025-01-01 20:55:00,0.91930014,0.9178622,0.8976628,0.90418434,0.8975887,0.8938642,0.8731378
2025-01-01 20:56:00,0.9192933,0.91785353,0.8976526,0.9041729,0.8975764,0.89385134,0.87312466
2025-01-01 20:57:00,0.9192865,0.91784495,0.8976425,0.9041615,0.89756405,0.89383847,0.8731116
2025-01-01 20:58:00,0.9192796,0.91783625,0.8976323,0.90415007,0.8975517,0.8938255,0.87309843
2025-01-01 20:59:00,0.91927266,0.91782755,0.897622,0.90413857,0.8975393,0.8938126,0.8730854
2025-01-01 21:00:00,0.9164908,0.9152452,0.8967186,0.9031598,0.8962481,0.8929701,0.87271076
2025-01-01 21:01:00,0.91468006,0.91356355,0.8961278,0.9025196,0.8954045,0.89241797,0.8724628
2025-01-01 21:02:00,0.9135006,0.9124673,0.8957401,0.9020993,0.8948518,0.89205456,0.872297
2025-01-01 21:03:00,0.91273147,0.9117516,0.89548445,0.90182203,0.8944882,0.89181376,0.87218463
2025-01-01 21:04:00,0.912229,0.9112834,0.89531463,0.9016378,0.8942475,0.8916527,0.87210697
2025-01-01 21:05:00,0.9118998,0.91097575,0.89520055,0.9015139,0.8940866,0.8915435,0.87205195
2025-01-01 21:06:00,0.91168326,0.9107727,0.8951227,0.9014293,0.8939776,0.8914679,0.87201154
2025-01-01 21:07:00,0.9115399,0.9106375,0.8950684,0.9013702,0.89390236,0.8914143,0.8719808
2025-01-01 21:08:00,0.9114441,0.91054636,0.8950294,0.90132767,0.8938491,0.8913749,0.87195617
2025-01-01 21:09:00,0.9113793,0.91048396,0.89500034,0.9012959,0.8938101,0.8913447,0.87193555
2025-01-01 21:10:00,0.91133446,0.91044015,0.8949777,0.9012711,0.89378023,0.89132047,0.8719176
2025-01-01 21:11:00,0.9113027,0.9104084,0.8949592,0.90125084,0.89375645,0.8913002,0.8719014
2025-01-01 21:12:00,0.9112793,0.9103845,0.8949435,0.90123355,0.89373654,0.89128244,0.87188625
2025-01-01 21:13:00,0.91126144,0.91036564,0.89492935,0.9012181,0.89371926,0.8912664,0.8718719
2025-01-01 21:14:00,0.91124713,0.91035014,0.8949165,0.90120393,0.8937036,0.8912513,0.87185794
2025-01-01 21:15:00,0.9112351,0.91033673,0.8949043,0.9011905,0.8936889,0.89123696,0.8718443
2025-01-01 21:16:00,0.9112246,0.9103247,0.89489263,0.90117764,0.8936749,0.8912231,0.8718309
2025-01-01 21:17:00,0.91121495,0.9103136,0.8948812,0.901165,0.8936614,0.8912095,0.8718176
2025-01-01 21:18:00,0.91120595,0.910303,0.89486986,0.9011527,0.89364815,0.891196,0.8718043
2025-01-01 21:19:00,0.91119725,0.9102927,0.8948587,0.90114033,0.8936351,0.8911827,0.8717912
2025-01-01 21:20:00,0.9111889,0.9102827,0.8948476,0.9011282,0.89362216,0.8911695,0.871778
2025-01-01 21:21:00,0.91118056,0.9102728,0.8948365,0.9011161,0.8936093,0.8911563,0.87176496
2025-01-01 21:22:00,0.91117233,0.91026294,0.8948254,0.9011039,0.8935964,0.8911432,0.8717519
2025-01-01 21:23:00,0.91116416,0.9102531,0.8948143,0.90109175,0.89358354,0.89113003,0.87173885
2025-01-01 21:24:00,0.911156,0.91024333,0.8948033,0.9010797,0.8935707,0.891117,0.87172586
2025-01-01 21:25:00,0.9111478,0.9102335,0.89479214,0.90106755,0.89355797,0.89110386,0.87171286
2025-01-01 21:26:00,0.91113955,0.91022366,0.894781,0.9010554,0.89354515,0.89109075,0.8716998
2025-01-01 21:27:00,0.9111313,0.9102138,0.89476985,0.9010433,0.89353234,0.8910777,0.8716869
2025-01-01 21:28:00,0.91112304,0.91020393,0.89475864,0.9010311,0.8935195,0.8910646,0.8716739
2025-01-01 21:29:00,0.9111147,0.91019404,0.89474744,0.90101886,0.89350665,0.8910515,0.8716608
2025-01-01 21:30:00,0.90891683,0.9081932,0.8942971,0.9004023,0.89289826,0.890843,0.8719367
2025-01-01 21:31:00,0.9074853,0.9068892,0.8940005,0.8999973,0.8924983,0.8907029,0.87211144
2025-01-01 21:32:00,0.9065518,0.90603805,0.89380366,0.8997298,0.89223385,0.8906072,0.87222046
2025-01-01 21:33:00,0.90594196,0.9054813,0.8936717,0.8995515,0.8920574,0.8905404,0.8722868
2025-01-01 21:34:00,0.9055426,0.90511584,0.893582,0.89943135,0.89193815,0.89049244,0.8723254
2025-01-01 21:35:00,0.90528,0.9048747,0.89351964,0.8993489,0.8918562,0.8904567,0.8723459
2025-01-01 21:36:00,0.90510625,0.90471435,0.8934751,0.8992909,0.8917983,0.89042884,0.8723548
2025-01-01 21:37:00,0.90499026,0.9046066,0.89344215,0.89924896,0.89175624,0.89040613,0.87235606
2025-01-01 21:38:00,0.9049118,0.9045329,0.8934167,0.89921737,0.89172435,0.89038676,0.8723523
2025-01-01 21:39:00,0.9048577,0.90448135,0.893396,0.8991924,0.891699,0.8903696,0.8723454
2025-01-01 21:40:00,0.90481937,0.9044442,0.8933786,0.8991719,0.89167804,0.89035386,0.8723364
2025-01-01 21:41:00,0.9047914,0.9044165,0.89336324,0.8991542,0.8916599,0.890339,0.8723261
2025-01-01 21:42:00,0.90477,0.90439475,0.8933491,0.8991382,0.8916436,0.89032483,0.8723149
2025-01-01 21:43:00,0.904753,0.9043769,0.8933359,0.89912355,0.89162844,0.89031094,0.87230307
2025-01-01 21:44:00,0.9047388,0.9043617,0.8933232,0.89910966,0.891614,0.8902974,0.87229097
2025-01-01 21:45:00,0.9047264,0.90434813,0.8933108,0.89909613,0.8916,0.890284,0.8722786
2025-01-01 21:46:00,0.9047151,0.90433556,0.8932987,0.899083,0.8915864,0.8902707,0.87226605
2025-01-01 21:47:00,0.9047045,0.9043237,0.89328665,0.89907,0.891573,0.89025754,0.8722534
2025-01-01 21:48:00,0.90469444,0.90431225,0.8932747,0.8990572,0.8915598,0.89024436,0.8722408
2025-01-01 21:49:00,0.9046847,0.9043011,0.89326286,0.89904445,0.8915466,0.8902312,0.872228
2025-01-01 21:50:00,0.90467507,0.9042901,0.893251,0.8990317,0.89153343,0.8902181,0.87221533
2025-01-01 21:51:00,0.9046656,0.9042792,0.89323914,0.89901906,0.8915203,0.890205,0.87220263
2025-01-01 21:52:00,0.9046561,0.90426826,0.8932272,0.8990064,0.8915072,0.8901919,0.8721899
2025-01-01 21:53:00,0.90464664,0.90425736,0.8932153,0.89899373,0.89149415,0.89017886,0.8721772
2025-01-01 21:54:00,0.9046372,0.9042465,0.89320344,0.8989811,0.89148116,0.89016575,0.8721644
2025-01-01 21:55:00,0.90462774,0.90423566,0.8931915,0.89896846,0.8914681,0.8901527,0.87215173
2025-01-01 21:56:00,0.90461826,0.90422475,0.8931796,0.8989557,0.891455,0.89013964,0.8721391
2025-01-01 21:57:00,0.9046088,0.9042139,0.8931676,0.89894307,0.89144194,0.8901266,0.8721264
2025-01-01 21:58:00,0.90459925,0.904203,0.89315563,0.8989304,0.8914289,0.89011353,0.87211376
2025-01-01 21:59:00,0.90458965,0.90419203,0.8931436,0.8989176,0.8914158,0.8901005,0.8721011
2025-01-01 22:00:00,0.90301526,0.90280867,0.89315444,0.89867437,0.89150107,0.89052963,0.87302244
2025-01-01 22:01:00,0.9019885,0.9019056,0.89315724,0.89851177,0.8915519,0.89080405,0.8736169
2025-01-01 22:02:00,0.9013177,0.90131474,0.8931548,0.8984016,0.89158034,0.8909779,0.8739989
2025-01-01 22:03:00,0.9008782,0.90092677,0.893149,0.8983255,0.89159423,0.8910863,0.8742428
2025-01-01 22:04:00,0.9005891,0.90067065,0.893141,0.8982715,0.8915987,0.8911522,0.8743969
2025-01-01 22:05:00,0.9003977,0.9005003,0.89313143,0.898232,0.891597,0.8911905,0.87449276
2025-01-01 22:06:00,0.9002699,0.9003856,0.893121,0.89820176,0.89159137,0.89121085,0.8745507
2025-01-01 22:07:00,0.9001833,0.90030706,0.8931099,0.8981776,0.891583,0.89121956,0.87458396
2025-01-01 22:08:00,0.9001236,0.9002521,0.8930985,0.8981575,0.89157313,0.8912207,0.87460124
2025-01-01 22:09:00,0.90008116,0.90021247,0.89308673,0.8981399,0.89156204,0.8912169,0.87460804
2025-01-01 22:10:00,0.90005004,0.90018266,0.89307475,0.8981239,0.89155024,0.89120984,0.87460816
2025-01-01 22:11:00,0.9000263,0.90015936,0.8930627,0.898109,0.89153796,0.8912007,0.87460387
2025-01-01 22:12:00,0.90000737,0.9001402,0.89305055,0.89809483,0.89152545,0.8911903,0.8745968
2025-01-01 22:13:00,0.8999915,0.9001238,0.8930383,0.89808106,0.89151263,0.89117897,0.87458783
2025-01-01 22:14:00,0.8999776,0.9001091,0.89302605,0.89806765,0.89149976,0.8911671,0.8745777
2025-01-01 22:15:00,0.899965,0.9000955,0.8930138,0.89805436,0.8914868,0.8911549,0.87456673
2025-01-01 22:16:00,0.8999531,0.9000827,0.8930014,0.8980412,0.8914739,0.8911424,0.87455535
2025-01-01 22:17:00,0.8999419,0.9000703,0.892989,0.8980281,0.89146084,0.8911298,0.8745436
2025-01-01 22:18:00,0.89993095,0.9000582,0.8929766,0.898015,0.8914478,0.8911171,0.87453175
2025-01-01 22:19:00,0.8999202,0.9000462,0.8929641,0.898002,0.89143467,0.89110434,0.87451977
2025-01-01 22:20:00,0.89990956,0.9000345,0.8929517,0.89798903,0.89142156,0.8910915,0.87450767
2025-01-01 22:21:00,0.899899,0.9000227,0.8929392,0.897976,0.89140844,0.8910787,0.87449557
2025-01-01 22:22:00,0.89988846,0.90001094,0.89292675,0.89796305,0.8913954,0.89106596,0.8744834
2025-01-01 22:23:00,0.89987797,0.89999926,0.8929143,0.89795005,0.8913823,0.8910531,0.8744712
2025-01-01 22:24:00,0.8998674,0.8999875,0.8929017,0.89793706,0.89136916,0.89104027,0.874459
2025-01-01 22:25:00,0.8998568,0.89997584,0.8928892,0.89792407,0.89135605,0.89102745,0.87444687
2025-01-01 22:26:00,0.89984626,0.8999641,0.8928767,0.8979111,0.89134294,0.89101464,0.8744347
2025-01-01 22:27:00,0.89983565,0.89995235,0.8928641,0.897898,0.8913299,0.8910019,0.8744226
2025-01-01 22:28:00,0.899825,0.89994055,0.89285153,0.897885,0.8913168,0.89098907,0.8744105
2025-01-01 22:29:00,0.89981437,0.8999288,0.89283895,0.89787203,0.8913037,0.8909763,0.8743984
2025-01-01 22:30:00,0.89889127,0.89918727,0.8933108,0.8980063,0.89208114,0.8920356,0.8759489
2025-01-01 22:31:00,0.8982874,0.89870113,0.8936131,0.89808905,0.8925819,0.8927197,0.8769525
2025-01-01 22:32:00,0.8978912,0.898381,0.89380515,0.8981383,0.89290285,0.8931599,0.8776007
2025-01-01 22:33:00,0.8976298,0.8981687,0.8939255,0.8981657,0.8931069,0.8934416,0.8780179
2025-01-01 22:34:00,0.89745617,0.8980265,0.89399934,0.89817894,0.89323497,0.89362025,0.8782849
2025-01-01 22:35:00,0.89733946,0.89792997,0.89404285,0.898183,0.89331365,0.893732,0.87845427
2025-01-01 22:36:00,0.8972597,0.897863,0.89406663,0.8981811,0.8933602,0.89380014,0.8785602
2025-01-01 22:37:00,0.8972041,0.8978152,0.89407766,0.89817524,0.8933858,0.8938401,0.87862486
2025-01-01 22:38:00,0.89716405,0.89777994,0.89408034,0.89816684,0.89339805,0.8938616,0.87866277
2025-01-01 22:39:00,0.8971341,0.89775276,0.89407766,0.8981568,0.8934014,0.8938711,0.8786833
2025-01-01 22:40:00,0.8971109,0.8977309,0.89407146,0.8981457,0.89339906,0.8938729,0.8786925
2025-01-01 22:41:00,0.89709187,0.8977124,0.8940629,0.8981339,0.8933929,0.89386976,0.87869436
2025-01-01 22:42:00,0.8970756,0.89769614,0.89405286,0.89812165,0.8933844,0.8938633,0.8786915
2025-01-01 22:43:00,0.89706105,0.89768136,0.8940419,0.89810914,0.89337426,0.8938547,0.87868553
2025-01-01 22:44:00,0.8970477,0.89766747,0.8940303,0.8980963,0.8933632,0.89384466,0.87867755
2025-01-01 22:45:00,0.8970351,0.8976542,0.89401823,0.8980835,0.89335144,0.8938338,0.8786683
2025-01-01 22:46:00,0.897023,0.89764124,0.8940059,0.8980706,0.8933393,0.89382243,0.87865824
2025-01-01 22:47:00,0.8970112,0.8976285,0.8939933,0.8980575,0.89332676,0.8938107,0.8786476
2025-01-01 22:48:00,0.89699954,0.89761597,0.8939806,0.8980445,0.8933141,0.89379865,0.87863666
2025-01-01 22:49:00,0.89698803,0.8976036,0.8939679,0.8980315,0.89330137,0.8937865,0.8786255
2025-01-01 22:50:00,0.8969765,0.8975912,0.8939551,0.89801836,0.89328855,0.8937743,0.87861425
2025-01-01 22:51:00,0.896965,0.8975788,0.89394236,0.89800525,0.89327574,0.89376193,0.87860286
2025-01-01 22:52:00,0.89695364,0.8975664,0.8939295,0.89799213,0.89326286,0.8937496,0.8785915
2025-01-01 22:53:00,0.89694214,0.897554,0.89391655,0.897979,0.8932499,0.8937373,0.8785801
2025-01-01 22:54:00,0.8969307,0.89754164,0.8939037,0.8979659,0.893237,0.893725,0.8785687
2025-01-01 22:55:00,0.89691925,0.89752924,0.89389074,0.8979528,0.8932241,0.89371264,0.8785573
2025-01-01 22:56:00,0.89690775,0.8975169,0.8938778,0.8979397,0.8932112,0.8937003,0.87854594
2025-01-01 22:57:00,0.89689624,0.8975045,0.89386487,0.8979266,0.8931983,0.893688,0.87853456
2025-01-01 22:58:00,0.89688474,0.89749205,0.8938519,0.89791346,0.89318544,0.89367574,0.87852323
2025-01-01 22:59:00,0.8968732,0.8974796,0.89383894,0.8979004,0.89317256,0.89366347,0.87851197
2025-01-01 23:00:00,0.8966181,0.89739347,0.89476335,0.89840996,0.8946282,0.89533365,0.8806636
2025-01-01 23:01:00,0.89644825,0.8973331,0.8953595,0.8987366,0.8955699,0.89641505,0.88205826
2025-01-01 23:02:00,0.8963337,0.8972895,0.8957426,0.8989443,0.89617753,0.8971137,0.88296086
2025-01-01 23:03:00,0.8962552,0.8972568,0.89598703,0.8990748,0.896568,0.8975636,0.88354367
2025-01-01 23:04:00,0.89620006,0.89723116,0.8961413,0.899155,0.8968173,0.89785177,0.8839186
2025-01-01 23:05:00,0.89616007,0.89721,0.89623713,0.8992025,0.8969749,0.8980348,0.88415843
2025-01-01 23:06:00,0.89612997,0.89719194,0.8962948,0.89922893,0.89707285,0.8981496,0.8843105
2025-01-01 23:07:00,0.89610624,0.89717567,0.8963277,0.89924145,0.8971321,0.89822,0.8844055
2025-01-01 23:08:00,0.8960867,0.89716077,0.89634454,0.89924496,0.89716613,0.8982615,0.8844633
2025-01-01 23:09:00,0.8960698,0.89714664,0.896351,0.89924276,0.89718384,0.89828426,0.8844971
2025-01-01 23:10:00,0.8960547,0.89713305,0.89635044,0.8992367,0.89719087,0.8982949,0.8845153
2025-01-01 23:11:00,0.8960406,0.89711976,0.8963457,0.8992282,0.897191,0.8982976,0.8845232
2025-01-01 23:12:00,0.8960273,0.89710665,0.89633787,0.89921814,0.89718664,0.8982952,0.88452464
2025-01-01 23:13:00,0.8960146,0.8970937,0.89632833,0.899207,0.89717937,0.89828944,0.8845218
2025-01-01 23:14:00,0.896002,0.89708084,0.89631754,0.8991952,0.8971702,0.8982816,0.88451606
2025-01-01 23:15:00,0.8959897,0.89706796,0.89630586,0.8991829,0.89715976,0.8982723,0.88450867
2025-01-01 23:16:00,0.8959775,0.8970552,0.89629376,0.89917046,0.8971486,0.89826214,0.8845001
2025-01-01 23:17:00,0.8959653,0.89704245,0.8962813,0.89915776,0.8971369,0.89825135,0.8844907
2025-01-01 23:18:00,0.89595306,0.8970297,0.8962686,0.89914495,0.89712495,0.89824027,0.88448095
2025-01-01 23:19:00,0.89594096,0.89701694,0.89625585,0.899132,0.8971128,0.89822894,0.8844709
2025-01-01 23:20:00,0.89592886,0.8970042,0.8962429,0.8991191,0.8971005,0.89821744,0.8844606
2025-01-01 23:21:00,0.89591676,0.8969914,0.8962299,0.8991061,0.8970881,0.8982059,0.88445026
2025-01-01 23:22:00,0.8959046,0.8969786,0.8962169,0.89909315,0.89707565,0.8981942,0.8844398
2025-01-01 23:23:00,0.89589244,0.8969658,0.89620394,0.89908016,0.8970632,0.8981826,0.8844294
2025-01-01 23:24:00,0.8958803,0.8969529,0.89619076,0.89906716,0.89705074,0.89817095,0.88441896
2025-01-01 23:25:00,0.89586806,0.8969401,0.8961777,0.89905417,0.8970382,0.8981593,0.8844085
2025-01-01 23:26:00,0.8958559,0.8969273,0.8961646,0.8990412,0.89702576,0.8981477,0.88439804
2025-01-01 23:27:00,0.8958437,0.8969144,0.8961515,0.8990282,0.89701325,0.8981361,0.8843877
2025-01-01 23:28:00,0.8958314,0.8969016,0.89613837,0.89901525,0.8970008,0.8981245,0.88437724
2025-01-01 23:29:00,0.8958191,0.89688873,0.8961253,0.8990023,0.89698833,0.89811295,0.8843669
2025-01-01 23:30:00,0.8962365,0.8974593,0.89748555,0.8998779,0.8990962,0.90036446,0.8870815
2025-01-01 23:31:00,0.89650345,0.8978258,0.8983652,0.90044254,0.9004619,0.9018238,0.8888424
2025-01-01 23:32:00,0.89667267,0.89805937,0.8989323,0.900805,0.9013453,0.9027685,0.8899834
2025-01-01 23:33:00,0.89677835,0.8982068,0.8992964,0.9010361,0.90191525,0.90337855,0.89072156
2025-01-01 23:34:00,0.89684266,0.898298,0.89952844,0.9011818,0.90228134,0.90377104,0.8911978
2025-01-01 23:35:00,0.8968801,0.89835274,0.89967465,0.901272,0.90251505,0.9040222,0.8915038
2025-01-01 23:36:00,0.8969001,0.89838386,0.89976513,0.9013261,0.9026627,0.9041816,0.89169925
2025-01-01 23:37:00,0.89690876,0.8983995,0.8998193,0.9013568,0.90275437,0.90428114,0.89182276
2025-01-01 23:38:00,0.89691,0.8984051,0.89984995,0.90137225,0.9028096,0.904342,0.8918996
2025-01-01 23:39:00,0.89690644,0.89840424,0.89986527,0.9013778,0.90284127,0.9043775,0.891946
2025-01-01 23:40:00,0.8968997,0.8983992,0.8998707,0.90137696,0.9028576,0.9043968,0.8919728
2025-01-01 23:41:00,0.89689094,0.8983912,0.8998696,0.90137184,0.902864,0.90440536,0.8919867
2025-01-01 23:42:00,0.8968809,0.8983816,0.8998643,0.9013641,0.9028638,0.904407,0.89199233
2025-01-01 23:43:00,0.89687,0.89837074,0.8998563,0.90135455,0.90285957,0.9044043,0.89199257
2025-01-01 23:44:00,0.89685845,0.89835906,0.8998465,0.9013439,0.9028525,0.90439856,0.89198935
2025-01-01 23:45:00,0.89684653,0.89834696,0.8998356,0.9013325,0.90284365,0.90439105,0.8919838
2025-01-01 23:46:00,0.8968344,0.89833456,0.8998239,0.90132064,0.9028337,0.9043822,0.8919769
2025-01-01 23:47:00,0.89682204,0.8983219,0.8998117,0.9013084,0.90282303,0.9043727,0.891969
2025-01-01 23:48:00,0.89680964,0.8983091,0.8997992,0.9012961,0.9028119,0.9043626,0.89196056
2025-01-01 23:49:00,0.8967971,0.89829624,0.89978653,0.9012835,0.90280044,0.90435237,0.89195174
2025-01-01 23:50:00,0.89678454,0.8982833,0.8997737,0.901271,0.9027888,0.9043418,0.8919427
2025-01-01 23:51:00,0.89677197,0.8982703,0.89976084,0.9012584,0.9027771,0.9043312,0.89193344
2025-01-01 23:52:00,0.8967593,0.8982573,0.89974785,0.9012458,0.90276533,0.9043205,0.89192414
2025-01-01 23:53:00,0.89674664,0.89824426,0.89973485,0.90123314,0.90275353,0.9043098,0.8919148
2025-01-01 23:54:00,0.89673394,0.8982312,0.89972186,0.9012205,0.9027417,0.904299,0.8919055
2025-01-01 23:55:00,0.89672124,0.8982181,0.8997088,0.9012078,0.9027298,0.9042883,0.8918962
2025-01-01 23:56:00,0.8967085,0.89820504,0.89969575,0.9011952,0.90271795,0.9042775,0.8918869
2025-01-01 23:57:00,0.89669573,0.898192,0.89968276,0.9011826,0.9027061,0.90426683,0.89187765
2025-01-01 23:58:00,0.896683,0.8981789,0.8996697,0.90116996,0.9026943,0.90425617,0.8918684
2025-01-01 23:59:00,0.8966702,0.8981658,0.8996567,0.9011574,0.90268254,0.9042455,0.8918592
