TIME,TE_001_v000,TE_002_v000,TE_005_v000,TE_008_v000,TE_014_v000,TE_016_v000,TE_017_v000,TE_019_v000,TE_021_v000,TE_022_v000,TE_023_v000
2025-01-01 00:01:00,0.75023127,0.74614835,0.75599945,0.75096107,0.7586054,0.75109076,0.74309087,0.7494954,0.7430141,0.75186116,0.7476596
2025-01-01 00:02:00,0.7502419,0.74616146,0.7560092,0.75096315,0.75859886,0.75107855,0.7430784,0.7494882,0.7430154,0.75187033,0.7476727
2025-01-01 00:03:00,0.7502525,0.7461745,0.75601894,0.7509652,0.7585923,0.75106627,0.74306595,0.749481,0.7430168,0.7518796,0.74768573
2025-01-01 00:04:00,0.7502632,0.7461876,0.7560286,0.75096714,0.7585857,0.75105405,0.7430535,0.7494739,0.7430182,0.7518889,0.7476987
2025-01-01 00:05:00,0.7502739,0.74620074,0.75603825,0.75096905,0.758579,0.7510417,0.74304104,0.7494669,0.74301964,0.7518982,0.7477118
2025-01-01 00:06:00,0.7502847,0.7462138,0.75604784,0.7509709,0.7585723,0.75102943,0.74302864,0.7494599,0.7430212,0.7519076,0.74772483
2025-01-01 00:07:00,0.7502954,0.74622685,0.7560574,0.7509727,0.75856555,0.7510171,0.74301624,0.74945295,0.7430228,0.751917,0.7477379
2025-01-01 00:08:00,0.7503062,0.74623996,0.7560669,0.7509744,0.7585587,0.75100476,0.74300385,0.74944603,0.7430244,0.7519265,0.74775094
2025-01-01 00:09:00,0.75031704,0.746253,0.7560764,0.7509761,0.75855184,0.7509924,0.7429915,0.7494392,0.74302614,0.75193596,0.74776405
2025-01-01 00:10:00,0.7503279,0.74626607,0.7560858,0.75097775,0.7585449,0.75098,0.74297917,0.7494324,0.74302787,0.7519455,0.7477771
2025-01-01 00:11:00,0.7503388,0.7462791,0.75609523,0.7509793,0.75853795,0.7509676,0.7429669,0.74942565,0.74302965,0.7519551,0.74779016
2025-01-01 00:12:00,0.75034976,0.7462922,0.7561046,0.7509808,0.7585309,0.7509552,0.74295455,0.7494189,0.74303156,0.7519647,0.7478033
2025-01-01 00:13:00,0.75036067,0.74630517,0.7561139,0.7509823,0.7585239,0.75094277,0.74294233,0.7494123,0.74303347,0.75197434,0.7478163
2025-01-01 00:14:00,0.7503717,0.7463182,0.7561232,0.75098366,0.7585168,0.7509303,0.74293005,0.7494057,0.74303544,0.751984,0.74782944
2025-01-01 00:15:00,0.7503827,0.7463313,0.7561324,0.75098497,0.75850964,0.75091785,0.7429178,0.7493991,0.74303746,0.7519938,0.7478425
2025-01-01 00:16:00,0.7503938,0.7463443,0.75614166,0.7509863,0.7585024,0.7509054,0.74290556,0.74939257,0.7430396,0.7520035,0.7478556
2025-01-01 00:17:00,0.75040483,0.7463573,0.7561508,0.7509875,0.75849515,0.7508929,0.7428934,0.74938613,0.74304175,0.7520133,0.74786866
2025-01-01 00:18:00,0.750416,0.7463703,0.7561599,0.75098866,0.7584878,0.75088036,0.74288124,0.74937975,0.74304396,0.75202316,0.74788177
2025-01-01 00:19:00,0.7504271,0.7463833,0.756169,0.7509898,0.7584805,0.7508678,0.7428691,0.7493734,0.7430462,0.75203305,0.7478949
2025-01-01 00:20:00,0.7504383,0.7463963,0.756178,0.7509908,0.7584731,0.75085527,0.7428569,0.74936706,0.74304855,0.75204295,0.747908
2025-01-01 00:21:00,0.75044954,0.7464093,0.756187,0.7509918,0.75846565,0.7508427,0.7428448,0.7493608,0.7430509,0.7520529,0.7479211
2025-01-01 00:22:00,0.75046074,0.7464223,0.75619596,0.7509928,0.75845814,0.7508301,0.7428327,0.7493546,0.7430533,0.7520629,0.7479342
2025-01-01 00:23:00,0.750472,0.7464353,0.7562049,0.75099367,0.7584506,0.7508175,0.7428207,0.74934846,0.7430558,0.75207293,0.74794734
2025-01-01 00:24:00,0.75048333,0.7464482,0.7562137,0.7509945,0.75844306,0.75080484,0.74280864,0.7493423,0.7430584,0.752083,0.7479604
2025-01-01 00:25:00,0.75049466,0.7464612,0.7562226,0.7509952,0.7584354,0.7507922,0.7427966,0.7493363,0.74306095,0.7520931,0.7479735
2025-01-01 00:26:00,0.750506,0.74647415,0.75623137,0.75099593,0.75842774,0.75077957,0.7427846,0.7493303,0.7430636,0.7521032,0.7479866
2025-01-01 00:27:00,0.75051737,0.7464871,0.75624007,0.7509966,0.75842,0.75076693,0.74277264,0.7493243,0.7430663,0.7521134,0.7479997
2025-01-01 00:28:00,0.75052875,0.7465,0.7562488,0.7509972,0.75841224,0.75075424,0.7427607,0.7493184,0.7430691,0.7521236,0.74801284
2025-01-01 00:29:00,0.7505402,0.74651295,0.7562575,0.7509977,0.75840443,0.75074154,0.7427488,0.7493126,0.7430719,0.75213385,0.74802595
2025-01-01 00:30:00,0.75686383,0.74825287,0.7717402,0.752574,0.76424396,0.75203866,0.74837977,0.7506603,0.74756974,0.7535019,0.75287825
2025-01-01 00:31:00,0.761925,0.74964744,0.7841281,0.7538351,0.768914,0.75307375,0.7528822,0.75173736,0.75116855,0.7545985,0.7567627
2025-01-01 00:32:00,0.7659763,0.7507656,0.7940401,0.75484395,0.7726484,0.75389934,0.75648177,0.75259787,0.7540482,0.7554778,0.75987285
2025-01-01 00:33:00,0.7692197,0.75166273,0.8019713,0.75565106,0.7756343,0.75455725,0.75935906,0.7532853,0.75635266,0.7561834,0.7623636
2025-01-01 00:34:00,0.77181673,0.752383,0.808318,0.75629675,0.77802134,0.755081,0.7616586,0.75383407,0.7581969,0.7567499,0.7643588
2025-01-01 00:35:00,0.77389663,0.75296175,0.813397,0.75681335,0.77992934,0.7554974,0.7634959,0.75427204,0.75967294,0.7572053,0.76595765
2025-01-01 00:36:00,0.775563,0.7534273,0.8174618,0.7572265,0.7814541,0.755828,0.7649634,0.7546214,0.7608545,0.75757176,0.76723933
2025-01-01 00:37:00,0.7768984,0.7538023,0.82071525,0.75755703,0.78267217,0.7560899,0.7661351,0.7548998,0.7618004,0.757867,0.7682672
2025-01-01 00:38:00,0.77796906,0.7541049,0.8233197,0.75782144,0.783645,0.7562969,0.76707006,0.75512147,0.76255786,0.7581054,0.7690922
2025-01-01 00:39:00,0.77882797,0.7543495,0.8254048,0.75803286,0.78442156,0.75645983,0.76781577,0.75529784,0.7631645,0.75829816,0.7697548
2025-01-01 00:40:00,0.7795175,0.7545477,0.82707447,0.758202,0.7850411,0.7565877,0.76841,0.75543785,0.76365054,0.75845456,0.77028745
2025-01-01 00:41:00,0.78007144,0.7547089,0.8284118,0.7583372,0.78553504,0.75668734,0.7688831,0.7555489,0.7640402,0.7585819,0.77071625
2025-01-01 00:42:00,0.780517,0.7548403,0.8294833,0.7584453,0.7859285,0.7567645,0.7692593,0.7556368,0.7643526,0.7586859,0.77106184
2025-01-01 00:43:00,0.7808758,0.754948,0.83034194,0.75853163,0.7862415,0.7568236,0.76955795,0.7557061,0.7646033,0.75877124,0.77134097
2025-01-01 00:44:00,0.78116524,0.7550367,0.8310305,0.75860065,0.7864902,0.7568683,0.76979464,0.75576055,0.76480466,0.7588417,0.77156687
2025-01-01 00:45:00,0.7813992,0.75511026,0.8315829,0.7586557,0.78668743,0.7569015,0.7699816,0.7558031,0.76496655,0.7589003,0.7717502
2025-01-01 00:46:00,0.78158873,0.7551716,0.83202636,0.7586996,0.7868434,0.75692546,0.770129,0.75583625,0.76509684,0.75894934,0.7718995
2025-01-01 00:47:00,0.7817428,0.75522316,0.8323827,0.7587346,0.78696644,0.7569421,0.77024466,0.7558618,0.76520187,0.75899076,0.77202153
2025-01-01 00:48:00,0.78186846,0.75526696,0.83266926,0.7587624,0.7870631,0.75695276,0.77033484,0.7558813,0.7652867,0.7590261,0.7721218
2025-01-01 00:49:00,0.78197134,0.7553046,0.8329,0.75878453,0.7871387,0.7569587,0.7704047,0.755896,0.7653554,0.75905657,0.7722046
2025-01-01 00:50:00,0.78205615,0.7553371,0.83308613,0.75880206,0.78719735,0.75696087,0.77045834,0.7559069,0.7654112,0.7590832,0.7722734
2025-01-01 00:51:00,0.78212637,0.75536567,0.8332365,0.7588158,0.78724253,0.75696003,0.77049905,0.7559147,0.76545674,0.7591067,0.77233106
2025-01-01 00:52:00,0.7821849,0.75539106,0.83335835,0.7588267,0.78727686,0.7569567,0.7705294,0.75592005,0.7654939,0.75912774,0.7723798
2025-01-01 00:53:00,0.78223425,0.7554139,0.8334573,0.75883514,0.7873025,0.7569515,0.77055144,0.75592345,0.7655246,0.7591468,0.7724214
2025-01-01 00:54:00,0.7822761,0.75543463,0.8335379,0.7588417,0.78732115,0.7569447,0.7705668,0.7559253,0.76555,0.75916433,0.77245724
2025-01-01 00:55:00,0.78231204,0.75545377,0.8336038,0.75884676,0.7873343,0.75693667,0.7705769,0.75592595,0.7655713,0.75918055,0.77248853
2025-01-01 00:56:00,0.7823432,0.7554716,0.83365804,0.7588505,0.78734297,0.7569276,0.77058274,0.7559256,0.7655892,0.7591958,0.7725162
2025-01-01 00:57:00,0.78237057,0.7554883,0.83370286,0.75885326,0.78734803,0.7569178,0.77058524,0.7559245,0.7656044,0.7592102,0.77254087
2025-01-01 00:58:00,0.78239495,0.75550413,0.8337401,0.75885516,0.7873503,0.7569073,0.770585,0.7559228,0.76561755,0.75922406,0.7725632
2025-01-01 00:59:00,0.78241694,0.7555194,0.8337714,0.7588564,0.78735024,0.7568963,0.7705826,0.75592065,0.765629,0.7592374,0.7725837
2025-01-01 01:00:00,0.78209066,0.7550245,0.8333725,0.7583219,0.7866392,0.75601006,0.7701449,0.75504416,0.7647347,0.75831556,0.7718191
2025-01-01 01:01:00,0.78183204,0.75463104,0.8330548,0.7578939,0.78606856,0.7552985,0.76979244,0.7543422,0.7640202,0.75758034,0.7712101
2025-01-01 01:02:00,0.7816277,0.7543188,0.832802,0.7575512,0.7856101,0.7547266,0.76950836,0.7537798,0.7634495,0.7569945,0.77072537
2025-01-01 01:03:00,0.7814667,0.7540714,0.83260113,0.7572768,0.7852414,0.75426644,0.76927894,0.75332916,0.762994,0.756528,0.77034026
2025-01-01 01:04:00,0.7813403,0.753876,0.8324418,0.75705683,0.78494465,0.75389576,0.7690932,0.7529679,0.7626306,0.7561572,0.77003473
2025-01-01 01:05:00,0.7812417,0.75372213,0.83231574,0.7568806,0.78470534,0.75359654,0.7689425,0.75267816,0.7623408,0.75586283,0.7697929
2025-01-01 01:06:00,0.7811653,0.7536015,0.83221626,0.75673914,0.7845119,0.75335455,0.76881975,0.75244564,0.76211,0.75562966,0.769602
2025-01-01 01:07:00,0.78110665,0.7535075,0.832138,0.75662565,0.7843553,0.7531584,0.76871943,0.7522589,0.7619264,0.7554454,0.7694518
2025-01-01 01:08:00,0.7810622,0.7534347,0.8320767,0.7565345,0.784228,0.7529988,0.768637,0.75210875,0.76178056,0.75530034,0.7693343
2025-01-01 01:09:00,0.7810291,0.7533789,0.83202904,0.75646114,0.7841243,0.7528686,0.76856893,0.751988,0.7616649,0.7551866,0.7692428
2025-01-01 01:10:00,0.7810052,0.7533367,0.83199215,0.7564021,0.78403944,0.7527618,0.7685123,0.75189066,0.7615735,0.7550979,0.7691722
2025-01-01 01:11:00,0.7809885,0.7533055,0.831964,0.7563544,0.7839695,0.7526736,0.7684649,0.75181216,0.7615014,0.7550293,0.7691183
2025-01-01 01:12:00,0.78097767,0.7532829,0.8319428,0.7563158,0.78391165,0.75260055,0.7684249,0.7517486,0.7614448,0.7549768,0.7690778
2025-01-01 01:13:00,0.7809715,0.7532672,0.83192706,0.75628453,0.7838634,0.75253946,0.76839083,0.7516971,0.76140064,0.7549371,0.76904786
2025-01-01 01:14:00,0.7809691,0.7532572,0.83191574,0.7562591,0.78382283,0.752488,0.76836145,0.7516553,0.76136637,0.7549077,0.7690265
2025-01-01 01:15:00,0.7809697,0.75325155,0.8319079,0.75623816,0.7837884,0.75244415,0.7683358,0.7516212,0.76134,0.75488657,0.769012
2025-01-01 01:16:00,0.78097266,0.7532494,0.831903,0.75622106,0.78375876,0.7524065,0.7683132,0.7515933,0.7613201,0.75487196,0.7690029
2025-01-01 01:17:00,0.78097755,0.7532502,0.83190024,0.75620687,0.7837331,0.7523737,0.76829314,0.7515704,0.7613053,0.7548627,0.7689982
2025-01-01 01:18:00,0.780984,0.75325316,0.8318993,0.756195,0.78371066,0.7523449,0.76827496,0.75155145,0.76129454,0.75485766,0.76899695
2025-01-01 01:19:00,0.7809917,0.753258,0.83189976,0.756185,0.7836906,0.7523192,0.76825833,0.7515357,0.76128715,0.754856,0.76899856
2025-01-01 01:20:00,0.7810004,0.75326425,0.8319014,0.7561765,0.7836725,0.75229603,0.76824296,0.75152254,0.7612823,0.75485706,0.7690024
2025-01-01 01:21:00,0.78100985,0.7532717,0.8319038,0.75616914,0.78365606,0.75227493,0.76822865,0.75151145,0.7612797,0.7548603,0.769008
2025-01-01 01:22:00,0.7810199,0.75328004,0.83190703,0.7561627,0.78364086,0.7522554,0.7682151,0.751502,0.76127875,0.7548652,0.769015
2025-01-01 01:23:00,0.7810306,0.7532891,0.8319107,0.756157,0.7836267,0.7522371,0.7682023,0.75149393,0.7612792,0.7548716,0.7690231
2025-01-01 01:24:00,0.7810416,0.75329876,0.8319149,0.7561519,0.78361326,0.75221986,0.76818997,0.7514869,0.7612808,0.7548791,0.7690322
2025-01-01 01:25:00,0.781053,0.75330883,0.8319194,0.7561472,0.7836005,0.75220346,0.7681781,0.7514808,0.7612832,0.75488746,0.7690419
2025-01-01 01:26:00,0.7810646,0.75331926,0.8319241,0.7561429,0.7835882,0.7521877,0.7681666,0.7514754,0.7612864,0.75489664,0.7690522
2025-01-01 01:27:00,0.7810765,0.75332993,0.831929,0.75613886,0.7835763,0.75217247,0.7681554,0.75147057,0.76129013,0.75490636,0.769063
2025-01-01 01:28:00,0.78108853,0.7533409,0.8319341,0.756135,0.7835647,0.7521577,0.7681444,0.7514663,0.7612944,0.75491655,0.76907414
2025-01-01 01:29:00,0.7811007,0.75335205,0.8319393,0.7561313,0.78355336,0.7521432,0.76813364,0.7514623,0.7612991,0.7549271,0.7690856
2025-01-01 01:30:00,0.78075844,0.75285566,0.8315881,0.7556601,0.7828656,0.75128436,0.7677602,0.75064415,0.7604755,0.7540826,0.76841486
2025-01-01 01:31:00,0.7804871,0.75246096,0.83130825,0.7552826,0.7823133,0.75059474,0.7674595,0.74998915,0.7598179,0.7534095,0.76788074
2025-01-01 01:32:00,0.78027266,0.75214756,0.83108544,0.75497985,0.78186935,0.75004035,0.7672169,0.74946475,0.7592931,0.75287336,0.76745594
2025-01-01 01:33:00,0.7801036,0.7518991,0.8309083,0.754737,0.7815121,0.7495943,0.76702094,0.7490448,0.75887454,0.75244695,0.7671187
2025-01-01 01:34:00,0.779971,0.7517028,0.83076763,0.75454205,0.7812242,0.74923474,0.76686215,0.74870837,0.7585409,0.7521082,0.7668513
2025-01-01 01:35:00,0.7798674,0.751548,0.8306562,0.7543854,0.78099173,0.7489445,0.7667332,0.74843884,0.75827545,0.7518397,0.76663995
2025-01-01 01:36:00,0.7797872,0.7514265,0.8305681,0.75425947,0.78080356,0.74870974,0.7666281,0.74822277,0.7580643,0.7516273,0.7664733
2025-01-01 01:37:00,0.77972555,0.7513316,0.8304986,0.75415796,0.7806509,0.7485193,0.76654214,0.74804956,0.7578968,0.7514599,0.7663425
2025-01-01 01:38:00,0.7796788,0.751258,0.83044404,0.754076,0.7805267,0.7483643,0.7664714,0.7479106,0.75776404,0.75132835,0.7662403
2025-01-01 01:39:00,0.77964395,0.75120145,0.83040136,0.7540098,0.7804252,0.7482377,0.7664129,0.7477991,0.75765926,0.7512256,0.766161
2025-01-01 01:40:00,0.7796187,0.75115854,0.8303683,0.75395596,0.7803418,0.74813384,0.76636416,0.7477096,0.75757676,0.7511459,0.76610017
2025-01-01 01:41:00,0.779601,0.75112647,0.8303428,0.7539122,0.78027296,0.7480481,0.76632327,0.7476376,0.7575121,0.7510846,0.76605386
2025-01-01 01:42:00,0.7795895,0.7511031,0.83032346,0.75387645,0.7802157,0.7479769,0.7662887,0.7475797,0.7574618,0.7510381,0.7660193
2025-01-01 01:43:00,0.77958286,0.7510867,0.830309,0.753847,0.78016764,0.74791735,0.76625913,0.7475331,0.7574229,0.7510033,0.7659942
2025-01-01 01:44:00,0.7795802,0.7510759,0.8302983,0.75382274,0.78012705,0.74786705,0.7662336,0.7474954,0.75739324,0.750978,0.76597655
2025-01-01 01:45:00,0.77958053,0.7510695,0.8302907,0.75380254,0.7800924,0.74782425,0.7662114,0.74746495,0.7573709,0.7509602,0.76596487
2025-01-01 01:46:00,0.77958345,0.7510667,0.83028555,0.75378555,0.7800625,0.7477874,0.76619166,0.7474404,0.7573544,0.7509484,0.76595795
2025-01-01 01:47:00,0.7795884,0.7510667,0.8302824,0.7537711,0.78003633,0.7477553,0.7661741,0.74742043,0.7573427,0.7509415,0.7659549
2025-01-01 01:48:00,0.7795949,0.7510689,0.8302807,0.7537587,0.7800132,0.747727,0.7661581,0.74740416,0.7573347,0.7509385,0.76595485
2025-01-01 01:49:00,0.7796027,0.75107294,0.83028036,0.75374806,0.77999246,0.74770176,0.76614356,0.7473909,0.75732976,0.7509386,0.7659573
2025-01-01 01:50:00,0.7796116,0.7510784,0.83028096,0.7537386,0.7799737,0.74767894,0.76613003,0.7473801,0.7573273,0.75094116,0.7659617
2025-01-01 01:51:00,0.77962124,0.75108504,0.83028233,0.7537302,0.7799564,0.7476581,0.76611745,0.7473712,0.75732684,0.75094575,0.76596767
2025-01-01 01:52:00,0.7796316,0.7510926,0.8302843,0.7537226,0.77994037,0.7476388,0.7661056,0.74736387,0.75732785,0.7509519,0.7659748
2025-01-01 01:53:00,0.77964246,0.7511009,0.8302868,0.75371563,0.7799253,0.7476208,0.7660942,0.7473578,0.75733024,0.75095934,0.7659829
2025-01-01 01:54:00,0.7796538,0.7511097,0.8302896,0.7537092,0.779911,0.7476038,0.76608336,0.7473527,0.7573336,0.7509678,0.7659919
2025-01-01 01:55:00,0.77966547,0.751119,0.83029264,0.7537031,0.7798973,0.7475876,0.7660729,0.7473485,0.75733775,0.7509771,0.7660015
2025-01-01 01:56:00,0.7796774,0.7511287,0.830296,0.75369734,0.7798841,0.74757206,0.7660628,0.747345,0.7573426,0.7509871,0.7660116
2025-01-01 01:57:00,0.77968955,0.75113857,0.83029944,0.7536918,0.7798713,0.74755704,0.76605284,0.747342,0.757348,0.75099754,0.766022
2025-01-01 01:58:00,0.7797018,0.7511487,0.83030295,0.7536864,0.77985877,0.74754244,0.7660432,0.7473395,0.75735384,0.75100845,0.7660328
2025-01-01 01:59:00,0.77971435,0.751159,0.83030665,0.7536812,0.77984643,0.74752814,0.7660337,0.7473373,0.7573601,0.7510198,0.7660438
2025-01-01 02:00:00,0.77937037,0.750673,0.8300291,0.7532847,0.7792026,0.74671495,0.765739,0.7465951,0.7566289,0.7502709,0.7654861
2025-01-01 02:01:00,0.77909774,0.75028634,0.82980776,0.7529666,0.77868515,0.74606174,0.7655015,0.74600124,0.75604546,0.7496744,0.7650423
2025-01-01 02:02:00,0.77888227,0.74997914,0.8296315,0.75271106,0.778269,0.7455367,0.7653098,0.745526,0.75558025,0.7491997,0.7646896
2025-01-01 02:03:00,0.7787125,0.7497356,0.82949126,0.7525057,0.7779337,0.745114,0.7651547,0.7451458,0.7552097,0.7488225,0.7644099
2025-01-01 02:04:00,0.77857935,0.7495429,0.82937986,0.7523404,0.77766323,0.7447733,0.76502895,0.74484146,0.7549148,0.74852324,0.76418847
2025-01-01 02:05:00,0.77847534,0.7493909,0.8292914,0.75220716,0.7774445,0.7444982,0.7649266,0.744598,0.7546806,0.7482864,0.7640137
2025-01-01 02:06:00,0.7783949,0.7492715,0.82922137,0.7520996,0.7772672,0.74427545,0.76484305,0.7444031,0.7544948,0.7480995,0.76387626
2025-01-01 02:07:00,0.77833307,0.74917805,0.8291661,0.75201243,0.77712303,0.7440947,0.7647745,0.74424726,0.75434774,0.7479526,0.7637686
2025-01-01 02:08:00,0.7782862,0.7491055,0.82912254,0.7519417,0.7770054,0.74394757,0.764718,0.74412245,0.7542317,0.74783754,0.76368487
2025-01-01 02:09:00,0.77825135,0.74904954,0.8290884,0.75188404,0.776909,0.7438273,0.7646711,0.7440226,0.7541405,0.7477481,0.76362026
2025-01-01 02:10:00,0.77822614,0.74900687,0.82906175,0.7518369,0.7768295,0.74372846,0.7646319,0.74394274,0.75406915,0.74767905,0.7635709
2025-01-01 02:11:00,0.7782085,0.7489749,0.8290411,0.75179803,0.7767635,0.74364686,0.76459897,0.74387884,0.7540138,0.7476264,0.7635338
2025-01-01 02:12:00,0.77819705,0.74895144,0.82902527,0.7517659,0.7767085,0.74357903,0.764571,0.7438277,0.7539711,0.7475869,0.76350635
2025-01-01 02:13:00,0.7781905,0.7489347,0.8290132,0.7517391,0.77666205,0.7435222,0.76454693,0.7437868,0.7539387,0.7475578,0.76348674
2025-01-01 02:14:00,0.77818793,0.7489234,0.8290042,0.75171655,0.7766226,0.7434742,0.76452607,0.74375415,0.75391436,0.74753714,0.76347345
2025-01-01 02:15:00,0.77818847,0.74891657,0.8289977,0.7516974,0.7765887,0.74343324,0.7645078,0.7437281,0.75389665,0.7475231,0.7634651
2025-01-01 02:16:00,0.77819145,0.74891305,0.828993,0.75168097,0.7765591,0.7433979,0.7644915,0.7437073,0.75388414,0.7475145,0.76346076
2025-01-01 02:17:00,0.7781965,0.7489124,0.8289899,0.75166667,0.7765331,0.74336714,0.7644769,0.7436907,0.75387585,0.7475102,0.76345956
2025-01-01 02:18:00,0.7782032,0.7489139,0.828988,0.751654,0.77650994,0.7433399,0.76446366,0.74367756,0.7538709,0.74750936,0.76346093
2025-01-01 02:19:00,0.7782112,0.74891716,0.8289871,0.7516428,0.776489,0.7433156,0.7644515,0.74366707,0.75386864,0.7475112,0.7634643
2025-01-01 02:20:00,0.7782202,0.7489219,0.8289869,0.7516327,0.77646995,0.7432936,0.76444024,0.74365884,0.75386864,0.7475154,0.7634693
2025-01-01 02:21:00,0.77823,0.74892765,0.8289873,0.75162333,0.77645224,0.74327344,0.7644296,0.74365234,0.7538703,0.7475212,0.7634756
2025-01-01 02:22:00,0.77824044,0.74893427,0.82898813,0.75161475,0.77643573,0.74325484,0.7644196,0.7436473,0.75387347,0.7475285,0.7634828
2025-01-01 02:23:00,0.77825147,0.74894166,0.8289894,0.75160664,0.7764201,0.74323744,0.7644101,0.7436434,0.7538777,0.74753696,0.7634909
2025-01-01 02:24:00,0.7782629,0.7489496,0.82899094,0.75159895,0.7764052,0.743221,0.7644009,0.7436404,0.7538828,0.74754626,0.7634997
2025-01-01 02:25:00,0.77827466,0.7489579,0.82899266,0.75159156,0.77639085,0.74320525,0.764392,0.74363816,0.7538887,0.7475563,0.763509
2025-01-01 02:26:00,0.7782867,0.7489666,0.8289945,0.7515845,0.776377,0.7431901,0.7643834,0.74363655,0.7538952,0.74756694,0.76351863
2025-01-01 02:27:00,0.7782989,0.7489755,0.82899654,0.7515775,0.77636343,0.74317557,0.764375,0.7436355,0.7539022,0.747578,0.7635286
2025-01-01 02:28:00,0.7783113,0.7489847,0.8289986,0.7515707,0.7763502,0.7431614,0.7643668,0.74363476,0.7539096,0.7475895,0.76353884
2025-01-01 02:29:00,0.7783239,0.748994,0.8290008,0.751564,0.7763372,0.7431475,0.76435876,0.74363446,0.75391734,0.7476013,0.7635492
2025-01-01 02:30:00,0.7779844,0.7485268,0.8288019,0.75124925,0.7757486,0.7423942,0.764148,0.7429813,0.7532914,0.7469613,0.76311433
2025-01-01 02:31:00,0.77771544,0.74815494,0.8286432,0.7509962,0.77527523,0.7417891,0.7639779,0.74245906,0.75279254,0.7464519,0.7627687
2025-01-01 02:32:00,0.77750283,0.7478595,0.8285168,0.7507924,0.7748941,0.74130255,0.7638403,0.74204147,0.7523952,0.74604696,0.7624943
2025-01-01 02:33:00,0.7773354,0.74762505,0.828416,0.7506281,0.7745868,0.74091077,0.7637288,0.7417076,0.75207925,0.74572563,0.7622771
2025-01-01 02:34:00,0.7772041,0.74743944,0.82833576,0.7504953,0.7743385,0.74059486,0.7636382,0.7414409,0.7518283,0.74547124,0.7621055
2025-01-01 02:35:00,0.7771017,0.7472929,0.828272,0.7503878,0.7741374,0.74033964,0.7635642,0.7412277,0.7516294,0.74527025,0.76197046
2025-01-01 02:36:00,0.7770223,0.7471776,0.8282214,0.75030047,0.773974,0.740133,0.7635037,0.74105746,0.7514721,0.74511206,0.7618646
2025-01-01 02:37:00,0.77696145,0.7470873,0.82818127,0.75022924,0.7738409,0.73996514,0.76345384,0.74092156,0.75134814,0.7449882,0.76178205
2025-01-01 02:38:00,0.77691543,0.747017,0.82814956,0.7501709,0.7737319,0.7398284,0.76341254,0.7408132,0.75125086,0.74489164,0.7617183
2025-01-01 02:39:00,0.77688116,0.7469626,0.8281245,0.7501229,0.7736423,0.73971653,0.76337814,0.74072677,0.7511749,0.7448171,0.76166934
2025-01-01 02:40:00,0.7768564,0.746921,0.82810485,0.7500831,0.7735681,0.73962456,0.76334924,0.740658,0.7511161,0.74476004,0.7616324
2025-01-01 02:41:00,0.7768392,0.74688965,0.8280895,0.7500499,0.7735063,0.73954856,0.76332474,0.74060327,0.7510709,0.744717,0.761605
2025-01-01 02:42:00,0.776828,0.7468664,0.82807744,0.75002193,0.7734543,0.73948526,0.7633038,0.7405599,0.75103664,0.7446851,0.7615853
2025-01-01 02:43:00,0.77682173,0.7468498,0.82806814,0.7499982,0.7734103,0.73943216,0.7632857,0.74052554,0.7510112,0.74466234,0.76157165
2025-01-01 02:44:00,0.7768193,0.7468383,0.828061,0.74997777,0.7733726,0.7393872,0.76326984,0.7404984,0.7509928,0.74464667,0.7615629
2025-01-01 02:45:00,0.77681994,0.74683094,0.82805556,0.74996006,0.77334,0.7393488,0.7632559,0.7404771,0.75097996,0.7446368,0.76155806
2025-01-01 02:46:00,0.77682304,0.74682695,0.82805145,0.74994445,0.7733114,0.7393156,0.7632434,0.74046046,0.7509716,0.74463147,0.76155627
2025-01-01 02:47:00,0.77682817,0.74682564,0.82804847,0.7499305,0.773286,0.73928666,0.76323205,0.7404476,0.7509669,0.74462986,0.7615569
2025-01-01 02:48:00,0.77683485,0.7468264,0.8280463,0.7499179,0.77326316,0.73926103,0.76322174,0.7404377,0.75096506,0.7446312,0.7615596
2025-01-01 02:49:00,0.77684283,0.7468288,0.82804483,0.7499064,0.7732425,0.7392381,0.76321214,0.7404302,0.7509656,0.74463487,0.76156384
2025-01-01 02:50:00,0.77685183,0.7468326,0.8280439,0.7498957,0.77322334,0.7392173,0.76320326,0.7404247,0.750968,0.7446404,0.7615694
2025-01-01 02:51:00,0.77686155,0.74683744,0.8280434,0.7498857,0.7732055,0.7391982,0.7631948,0.7404207,0.75097185,0.7446475,0.7615759
2025-01-01 02:52:00,0.776872,0.7468431,0.82804316,0.74987614,0.7731888,0.7391805,0.7631868,0.740418,0.750977,0.7446558,0.76158315
2025-01-01 02:53:00,0.7768829,0.7468494,0.82804316,0.74986714,0.7731729,0.739164,0.7631792,0.7404163,0.750983,0.74466497,0.7615911
2025-01-01 02:54:00,0.7768942,0.7468563,0.82804334,0.7498584,0.77315766,0.7391483,0.76317185,0.74041545,0.75098985,0.744675,0.76159954
2025-01-01 02:55:00,0.77690595,0.74686354,0.82804364,0.7498498,0.7731429,0.73913336,0.7631647,0.7404153,0.7509974,0.74468565,0.76160836
2025-01-01 02:56:00,0.7769178,0.7468711,0.8280441,0.74984145,0.77312857,0.73911905,0.76315784,0.74041563,0.7510054,0.74469674,0.7616174
2025-01-01 02:57:00,0.77693,0.7468789,0.8280446,0.7498333,0.7731146,0.73910517,0.7631511,0.7404164,0.7510138,0.74470824,0.7616267
2025-01-01 02:58:00,0.7769423,0.7468869,0.8280452,0.7498252,0.7731009,0.73909163,0.7631445,0.74041766,0.7510226,0.7447201,0.7616362
2025-01-01 02:59:00,0.7769547,0.7468951,0.8280457,0.74981713,0.77308744,0.73907846,0.7631381,0.74041915,0.75103164,0.7447322,0.76164585
2025-01-01 03:00:00,0.7766258,0.7464552,0.827929,0.7495896,0.77256453,0.73839873,0.7630149,0.73986673,0.7505223,0.7442126,0.76134163
2025-01-01 03:01:00,0.7763652,0.74610496,0.8278358,0.7494061,0.7721436,0.7378525,0.7629152,0.7394254,0.7501168,0.7437996,0.76110023
2025-01-01 03:02:00,0.7761594,0.74582654,0.8277613,0.7492577,0.7718044,0.7374132,0.7628343,0.7390729,0.7497946,0.74347186,0.76090914
2025-01-01 03:03:00,0.7759973,0.74560547,0.82770175,0.74913734,0.7715305,0.7370594,0.7627684,0.7387915,0.7495388,0.7432122,0.7607583
2025-01-01 03:04:00,0.7758701,0.74543035,0.82765424,0.7490395,0.7713088,0.73677397,0.7627145,0.73856694,0.7493363,0.7430072,0.76063955
2025-01-01 03:05:00,0.77577096,0.74529195,0.8276163,0.7489596,0.7711289,0.73654324,0.7626703,0.73838794,0.7491763,0.7428458,0.7605466
2025-01-01 03:06:00,0.77569425,0.7451829,0.8275859,0.7488941,0.77098244,0.7363563,0.76263386,0.73824537,0.7490505,0.7427192,0.76047426
2025-01-01 03:07:00,0.7756354,0.7450973,0.8275617,0.74884003,0.77086264,0.73620445,0.7626035,0.73813194,0.74895185,0.7426206,0.76041836
2025-01-01 03:08:00,0.77559096,0.7450305,0.8275423,0.74879515,0.7707643,0.7360806,0.76257825,0.7380419,0.7488751,0.74254435,0.7603756
2025-01-01 03:09:00,0.77555794,0.7449788,0.8275268,0.74875766,0.77068305,0.73597914,0.7625569,0.7379705,0.7488158,0.74248594,0.76034343
2025-01-01 03:10:00,0.7755341,0.744939,0.8275144,0.74872595,0.7706155,0.73589563,0.76253873,0.73791397,0.7487704,0.74244183,0.76031953
2025-01-01 03:11:00,0.7755176,0.74490887,0.8275045,0.74869895,0.7705589,0.7358265,0.7625232,0.73786944,0.74873626,0.74240917,0.7603025
2025-01-01 03:12:00,0.7755069,0.7448864,0.8274965,0.74867576,0.77051103,0.73576885,0.76250964,0.7378346,0.7487111,0.7423857,0.7602907
2025-01-01 03:13:00,0.77550095,0.74487,0.8274902,0.74865544,0.77047014,0.73572046,0.7624978,0.73780733,0.74869305,0.7423695,0.76028323
2025-01-01 03:14:00,0.7754988,0.7448585,0.827485,0.74863756,0.77043486,0.7356794,0.7624873,0.7377863,0.74868083,0.74235916,0.7602792
2025-01-01 03:15:00,0.7754995,0.74485093,0.82748085,0.7486215,0.7704041,0.7356442,0.7624779,0.7377702,0.74867314,0.74235356,0.76027787
2025-01-01 03:16:00,0.7755027,0.7448464,0.8274774,0.748607,0.7703769,0.7356138,0.7624693,0.73775804,0.74866915,0.7423516,0.7602787
2025-01-01 03:17:00,0.77550775,0.7448444,0.8274746,0.7485937,0.77035254,0.7355872,0.7624615,0.73774904,0.74866813,0.7423527,0.76028126
2025-01-01 03:18:00,0.7755144,0.7448444,0.8274722,0.7485813,0.7703305,0.7355635,0.7624542,0.7377426,0.7486695,0.7423562,0.76028526
2025-01-01 03:19:00,0.77552223,0.7448459,0.82747024,0.74856967,0.7703103,0.73554236,0.7624475,0.73773825,0.7486727,0.7423616,0.7602903
2025-01-01 03:20:00,0.775531,0.7448487,0.8274686,0.74855864,0.7702915,0.73552316,0.76244104,0.7377355,0.74867755,0.7423685,0.7602962
2025-01-01 03:21:00,0.7755406,0.74485254,0.8274671,0.74854803,0.77027386,0.7355055,0.76243496,0.73773414,0.7486836,0.7423767,0.76030284
2025-01-01 03:22:00,0.7755508,0.7448571,0.8274657,0.74853784,0.77025723,0.7354891,0.7624291,0.73773384,0.7486906,0.7423858,0.76031
2025-01-01 03:23:00,0.77556145,0.7448623,0.8274645,0.74852794,0.77024126,0.7354737,0.7624235,0.7377344,0.74869835,0.7423957,0.76031756
2025-01-01 03:24:00,0.77557254,0.744868,0.8274634,0.7485182,0.77022594,0.7354591,0.76241815,0.7377356,0.7487068,0.74240625,0.7603255
2025-01-01 03:25:00,0.7755839,0.74487406,0.8274624,0.74850863,0.7702111,0.7354452,0.76241297,0.73773754,0.74871576,0.7424173,0.76033366
2025-01-01 03:26:00,0.77559555,0.7448804,0.8274613,0.7484992,0.7701966,0.7354318,0.76240784,0.73773986,0.7487252,0.7424287,0.76034206
2025-01-01 03:27:00,0.77560735,0.74488693,0.8274603,0.7484899,0.77018243,0.73541886,0.7624029,0.7377426,0.74873495,0.74244046,0.7603505
2025-01-01 03:28:00,0.7756193,0.74489367,0.8274592,0.7484806,0.7701684,0.7354063,0.762398,0.73774564,0.74874496,0.74245244,0.76035917
2025-01-01 03:29:00,0.7756314,0.7449005,0.8274582,0.7484714,0.7701547,0.73539394,0.76239324,0.737749,0.74875516,0.74246466,0.76036793
2025-01-01 03:30:00,0.7753189,0.74449563,0.82742584,0.74833524,0.7697069,0.7347998,0.7623599,0.7373072,0.74837136,0.74207467,0.7601998
2025-01-01 03:31:00,0.77507144,0.7441733,0.8273997,0.74822456,0.76934606,0.7343222,0.7623324,0.7369547,0.7480666,0.7417653,0.7600671
2025-01-01 03:32:00,0.77487594,0.74391675,0.8273785,0.7481341,0.7690548,0.733938,0.7623095,0.73667353,0.747825,0.7415204,0.75996274
2025-01-01 03:33:00,0.774722,0.743713,0.82736135,0.7480599,0.76881915,0.73362833,0.76229036,0.7364496,0.747634,0.74132705,0.759881
2025-01-01 03:34:00,0.7746014,0.74355143,0.82734734,0.7479987,0.76862806,0.73337847,0.76227427,0.7362713,0.7474835,0.74117494,0.7598174
2025-01-01 03:35:00,0.7745074,0.7434236,0.82733583,0.74794793,0.7684725,0.7331763,0.7622605,0.7361297,0.74736536,0.74105585,0.75976825
2025-01-01 03:36:00,0.7744346,0.74332273,0.82732636,0.7479053,0.76834553,0.7330124,0.76224875,0.7360173,0.7472731,0.74096316,0.7597307
2025-01-01 03:37:00,0.77437896,0.74324346,0.82731843,0.74786943,0.76824135,0.73287916,0.7622386,0.73592836,0.74720156,0.74089164,0.7597023
2025-01-01 03:38:00,0.7743369,0.74318135,0.8273118,0.7478388,0.76815534,0.7327703,0.7622297,0.73585826,0.74714667,0.740837,0.7596814
2025-01-01 03:39:00,0.7743057,0.7431331,0.82730615,0.74781245,0.76808393,0.7326811,0.76222175,0.7358031,0.74710506,0.7407958,0.75966644
2025-01-01 03:40:00,0.7742832,0.7430959,0.82730126,0.7477895,0.7680242,0.7326076,0.7622147,0.7357599,0.74707407,0.74076545,0.75965613
2025-01-01 03:41:00,0.7742677,0.74306744,0.82729703,0.7477692,0.7679738,0.7325466,0.7622083,0.7357264,0.74705154,0.74074376,0.75964963
2025-01-01 03:42:00,0.7742577,0.7430461,0.8272933,0.747751,0.76793087,0.73249567,0.76220244,0.73570067,0.74703586,0.740729,0.7596461
2025-01-01 03:43:00,0.7742522,0.7430303,0.8272899,0.7477346,0.7678939,0.73245275,0.762197,0.73568106,0.7470256,0.7407197,0.759645
2025-01-01 03:44:00,0.77425027,0.74301904,0.82728684,0.74771947,0.7678617,0.73241633,0.762192,0.73566645,0.7470197,0.7407149,0.7596457
2025-01-01 03:45:00,0.77425116,0.7430113,0.8272839,0.74770546,0.7678333,0.73238504,0.7621873,0.7356558,0.7470174,0.7407136,0.759648
2025-01-01 03:46:00,0.7742543,0.7430064,0.8272812,0.7476923,0.767808,0.73235786,0.76218283,0.73564833,0.7470178,0.7407152,0.7596515
2025-01-01 03:47:00,0.77425927,0.74300385,0.8272786,0.7476798,0.7677852,0.7323341,0.76217854,0.7356434,0.7470205,0.74071896,0.7596559
2025-01-01 03:48:00,0.7742657,0.743003,0.8272761,0.74766785,0.7677642,0.73231286,0.7621745,0.7356405,0.74702495,0.74072456,0.75966114
2025-01-01 03:49:00,0.7742733,0.74300367,0.82727367,0.7476563,0.7677449,0.7322938,0.7621706,0.73563933,0.74703085,0.74073166,0.7596669
2025-01-01 03:50:00,0.77428174,0.74300545,0.8272713,0.7476451,0.7677268,0.73227644,0.76216686,0.73563945,0.747038,0.7407398,0.7596732
2025-01-01 03:51:00,0.774291,0.74300814,0.82726884,0.7476341,0.7677097,0.7322605,0.7621633,0.7356407,0.74704605,0.74074894,0.75967985
2025-01-01 03:52:00,0.77430075,0.74301153,0.82726645,0.7476233,0.7676934,0.7322457,0.7621597,0.7356428,0.7470548,0.7407588,0.75968677
2025-01-01 03:53:00,0.77431107,0.74301547,0.8272641,0.7476128,0.7676777,0.7322317,0.76215625,0.73564565,0.74706423,0.7407692,0.75969386
2025-01-01 03:54:00,0.7743216,0.74301994,0.8272617,0.7476023,0.7676625,0.73221844,0.7621529,0.73564905,0.7470741,0.74078006,0.75970113
2025-01-01 03:55:00,0.7743325,0.74302465,0.8272592,0.74759185,0.76764774,0.7322058,0.7621497,0.7356529,0.74708444,0.74079126,0.7597086
2025-01-01 03:56:00,0.77434367,0.74302965,0.8272567,0.74758154,0.7676333,0.7321936,0.76214653,0.73565716,0.74709505,0.7408029,0.7597161
2025-01-01 03:57:00,0.77435493,0.74303484,0.8272542,0.7475713,0.7676192,0.7321818,0.76214343,0.73566175,0.74710596,0.7408146,0.75972366
2025-01-01 03:58:00,0.7743664,0.7430402,0.8272516,0.747561,0.76760525,0.7321703,0.7621404,0.7356666,0.74711704,0.7408266,0.75973123
2025-01-01 03:59:00,0.77437794,0.7430456,0.827249,0.7475507,0.7675915,0.7321591,0.7621374,0.73567164,0.7471283,0.7408387,0.75973886
2025-01-01 04:00:00,0.7740873,0.74268323,0.8273015,0.7475084,0.76722664,0.731661,0.76219445,0.73534834,0.746877,0.74058527,0.7597098
2025-01-01 04:01:00,0.77385724,0.7423944,0.82734287,0.7474724,0.76693213,0.73126054,0.76223963,0.7350909,0.74667835,0.7403851,0.7596881
2025-01-01 04:02:00,0.77367556,0.7421645,0.8273754,0.7474416,0.7666939,0.7309382,0.7622753,0.7348862,0.7465219,0.7402275,0.7596723
2025-01-01 04:03:00,0.7735326,0.74198174,0.8274008,0.7474149,0.7665007,0.73067826,0.76230323,0.7347237,0.7463991,0.74010396,0.7596611
2025-01-01 04:04:00,0.7734205,0.74183667,0.8274206,0.74739146,0.76634353,0.7304684,0.76232517,0.7345948,0.74630326,0.7400076,0.7596536
2025-01-01 04:05:00,0.77333325,0.7417217,0.82743573,0.7473706,0.76621515,0.7302984,0.7623423,0.7344931,0.746229,0.739933,0.75964916
2025-01-01 04:06:00,0.7732658,0.7416308,0.82744724,0.7473518,0.7661098,0.7301605,0.76235545,0.73441297,0.74617213,0.7398759,0.7596471
2025-01-01 04:07:00,0.77321416,0.7415592,0.82745576,0.7473348,0.766023,0.73004824,0.7623656,0.7343501,0.746129,0.7398327,0.75964683
2025-01-01 04:08:00,0.7731752,0.74150306,0.82746196,0.7473189,0.76595086,0.7299564,0.7623732,0.73430115,0.7460969,0.73980063,0.7596481
2025-01-01 04:09:00,0.7731464,0.7414592,0.8274662,0.74730414,0.76589054,0.729881,0.7623789,0.73426324,0.74607366,0.7397775,0.7596506
2025-01-01 04:10:00,0.7731257,0.74142516,0.82746893,0.7472902,0.76583964,0.7298187,0.762383,0.7342342,0.74605757,0.73976153,0.759654
2025-01-01 04:11:00,0.77311146,0.74139893,0.8274704,0.74727696,0.76579636,0.7297669,0.7623859,0.73421234,0.74604714,0.73975116,0.75965816
2025-01-01 04:12:00,0.7731024,0.741379,0.82747096,0.74726427,0.7657591,0.7297236,0.7623878,0.73419607,0.74604124,0.7397454,0.7596629
2025-01-01 04:13:00,0.77309746,0.7413642,0.82747066,0.74725187,0.7657267,0.729687,0.76238894,0.73418444,0.746039,0.7397433,0.7596681
2025-01-01 04:14:00,0.77309585,0.7413533,0.8274697,0.7472399,0.76569813,0.72965574,0.7623895,0.73417646,0.74603957,0.73974407,0.7596737
2025-01-01 04:15:00,0.7730968,0.7413456,0.82746816,0.7472281,0.7656726,0.72962886,0.7623896,0.73417145,0.7460426,0.73974717,0.75967956
2025-01-01 04:16:00,0.7730999,0.74134046,0.8274662,0.7472165,0.7656496,0.7296055,0.7623893,0.7341688,0.7460475,0.7397521,0.75968564
2025-01-01 04:17:00,0.77310467,0.7413373,0.8274639,0.74720514,0.76562864,0.7295849,0.76238877,0.7341681,0.74605376,0.73975855,0.75969183
2025-01-01 04:18:00,0.7731108,0.7413358,0.8274613,0.7471938,0.7656092,0.72956645,0.762388,0.7341689,0.7460613,0.7397662,0.7596982
2025-01-01 04:19:00,0.773118,0.7413356,0.8274584,0.74718255,0.7655911,0.7295498,0.76238704,0.73417085,0.74606985,0.73977476,0.75970465
2025-01-01 04:20:00,0.773126,0.74133635,0.82745534,0.7471714,0.765574,0.7295347,0.762386,0.7341739,0.74607915,0.73978406,0.75971115
2025-01-01 04:21:00,0.7731347,0.7413379,0.827452,0.74716026,0.7655577,0.7295207,0.7623849,0.7341777,0.74608904,0.73979396,0.7597176
2025-01-01 04:22:00,0.77314395,0.74134004,0.8274486,0.74714917,0.76554203,0.7295077,0.7623837,0.7341822,0.74609953,0.7398043,0.75972414
2025-01-01 04:23:00,0.7731536,0.7413427,0.82744503,0.7471381,0.76552683,0.7294954,0.76238245,0.7341872,0.7461104,0.7398151,0.75973064
2025-01-01 04:24:00,0.77316356,0.74134576,0.82744133,0.747127,0.76551217,0.7294837,0.76238126,0.73419267,0.7461215,0.73982614,0.7597372
2025-01-01 04:25:00,0.7731738,0.74134916,0.8274376,0.7471159,0.7654978,0.7294725,0.76238,0.73419845,0.74613297,0.7398374,0.75974375
2025-01-01 04:26:00,0.77318424,0.7413527,0.8274337,0.74710476,0.7654837,0.7294618,0.7623788,0.7342046,0.74614465,0.73984885,0.75975025
2025-01-01 04:27:00,0.77319485,0.74135643,0.8274297,0.7470937,0.7654698,0.7294513,0.76237756,0.73421097,0.74615645,0.7398604,0.75975674
2025-01-01 04:28:00,0.7732055,0.7413603,0.82742566,0.7470826,0.76545614,0.72944117,0.76237637,0.73421746,0.74616843,0.7398721,0.7597632
2025-01-01 04:29:00,0.7732163,0.74136424,0.8274215,0.74707144,0.76544255,0.7294312,0.7623753,0.73422426,0.74618053,0.7398839,0.75976956
2025-01-01 04:30:00,0.7729529,0.74105054,0.8275578,0.7471236,0.76516736,0.72903824,0.7625218,0.7340252,0.74606615,0.7397716,0.7598801
2025-01-01 04:31:00,0.7727444,0.7408004,0.827666,0.7471632,0.7649446,0.7287221,0.7626388,0.7338674,0.74597716,0.73968416,0.7599698
2025-01-01 04:32:00,0.7725798,0.7406011,0.8277516,0.7471925,0.7647638,0.72846735,0.7627323,0.7337428,0.7459085,0.7396166,0.7600427
2025-01-01 04:33:00,0.7724503,0.7404425,0.82781917,0.7472137,0.76461655,0.72826177,0.76280695,0.73364455,0.7458561,0.73956496,0.7601023
2025-01-01 04:34:00,0.77234894,0.74031645,0.8278723,0.74722844,0.76449615,0.7280956,0.7628665,0.73356754,0.7458167,0.7395261,0.7601511
2025-01-01 04:35:00,0.77227,0.7402164,0.8279138,0.7472379,0.7643972,0.72796094,0.762914,0.73350745,0.7457877,0.7394974,0.7601913
2025-01-01 04:36:00,0.7722091,0.74013716,0.82794607,0.74724317,0.76431555,0.72785145,0.7629519,0.7334609,0.74576706,0.7394768,0.76022476
2025-01-01 04:37:00,0.7721625,0.7400745,0.8279709,0.74724513,0.76424754,0.72776204,0.76298213,0.73342526,0.7457531,0.73946273,0.76025265
2025-01-01 04:38:00,0.7721274,0.7400251,0.8279899,0.7472444,0.7641906,0.72768885,0.7630062,0.7333983,0.74574447,0.73945385,0.7602761
2025-01-01 04:39:00,0.7721015,0.7399864,0.828004,0.74724156,0.7641425,0.7276286,0.76302534,0.73337835,0.7457401,0.73944914,0.76029605
2025-01-01 04:40:00,0.772083,0.7399562,0.82801425,0.74723697,0.76410145,0.72757864,0.7630406,0.7333639,0.74573916,0.7394477,0.7603132
2025-01-01 04:41:00,0.7720702,0.7399327,0.8280215,0.74723095,0.76406604,0.72753704,0.76305276,0.73335403,0.7457409,0.7394489,0.760328
2025-01-01 04:42:00,0.77206224,0.73991466,0.82802624,0.74722385,0.7640351,0.72750205,0.76306236,0.7333477,0.74574494,0.73945224,0.7603409
2025-01-01 04:43:00,0.772058,0.73990095,0.82802904,0.7472158,0.76400775,0.72747236,0.76307005,0.73334426,0.74575067,0.73945725,0.76035243
2025-01-01 04:44:00,0.7720567,0.73989064,0.8280302,0.7472071,0.7639833,0.727447,0.7630762,0.7333432,0.74575776,0.7394636,0.7603627
2025-01-01 04:45:00,0.7720578,0.7398831,0.8280301,0.74719775,0.7639612,0.7274249,0.7630811,0.7333439,0.74576604,0.73947114,0.760372
2025-01-01 04:46:00,0.77206075,0.73987776,0.8280289,0.747188,0.76394093,0.7274057,0.76308495,0.73334616,0.7457753,0.7394794,0.7603805
2025-01-01 04:47:00,0.7720653,0.7398742,0.8280269,0.7471778,0.76392215,0.7273887,0.7630881,0.73334956,0.7457852,0.7394884,0.7603884
2025-01-01 04:48:00,0.77207094,0.7398719,0.82802415,0.7471673,0.76390463,0.7273734,0.7630906,0.73335403,0.74579567,0.7394979,0.7603958
2025-01-01 04:49:00,0.7720777,0.7398708,0.8280209,0.74715656,0.763888,0.72735953,0.7630927,0.7333592,0.74580663,0.73950785,0.76040274
2025-01-01 04:50:00,0.7720851,0.7398705,0.8280172,0.7471456,0.76387215,0.72734684,0.7630943,0.73336506,0.745818,0.7395181,0.7604093
2025-01-01 04:51:00,0.7720931,0.73987085,0.82801306,0.7471345,0.7638569,0.72733516,0.76309574,0.7333714,0.74582964,0.73952866,0.7604156
2025-01-01 04:52:00,0.77210164,0.7398718,0.82800865,0.74712324,0.7638422,0.72732407,0.76309687,0.7333782,0.74584156,0.7395394,0.7604217
2025-01-01 04:53:00,0.7721105,0.7398731,0.828004,0.7471118,0.76382786,0.7273137,0.76309794,0.7333853,0.74585366,0.7395503,0.76042753
2025-01-01 04:54:00,0.7721197,0.7398748,0.8279991,0.74710035,0.76381385,0.7273038,0.76309884,0.7333928,0.74586594,0.7395613,0.7604332
2025-01-01 04:55:00,0.77212906,0.7398767,0.82799405,0.7470888,0.7638001,0.7272943,0.7630996,0.7334004,0.74587834,0.7395724,0.7604387
2025-01-01 04:56:00,0.77213866,0.7398788,0.8279888,0.7470771,0.76378655,0.72728515,0.7631003,0.7334083,0.74589086,0.7395836,0.7604441
2025-01-01 04:57:00,0.7721483,0.739881,0.8279835,0.7470654,0.76377314,0.72727627,0.7631011,0.7334163,0.74590343,0.7395948,0.76044935
2025-01-01 04:58:00,0.7721581,0.73988336,0.827978,0.7470537,0.76376,0.7272676,0.7631018,0.7334244,0.74591607,0.7396061,0.76045454
2025-01-01 04:59:00,0.772168,0.73988575,0.8279725,0.7470419,0.7637468,0.72725916,0.76310253,0.73343277,0.7459288,0.73961735,0.76045966
2025-01-01 05:00:00,0.77193654,0.7396264,0.8281904,0.7471876,0.76356596,0.7269782,0.7633359,0.73336154,0.7459535,0.7396482,0.7607079
2025-01-01 05:01:00,0.7717534,0.7394195,0.8283635,0.7473018,0.7634188,0.7267519,0.76352274,0.73330635,0.7459758,0.7396751,0.76090735
2025-01-01 05:02:00,0.7716088,0.7392544,0.82850075,0.74739075,0.7632985,0.72656935,0.7636724,0.733264,0.74599624,0.73969895,0.76106787
2025-01-01 05:03:00,0.7714953,0.73912287,0.8286093,0.74745953,0.7631998,0.72642183,0.76379234,0.7332319,0.7460152,0.7397202,0.7611972
2025-01-01 05:04:00,0.77140635,0.7390181,0.8286949,0.7475121,0.76311827,0.7263023,0.7638885,0.733208,0.746033,0.7397395,0.7613015
2025-01-01 05:05:00,0.7713372,0.73893476,0.8287621,0.74755174,0.76305056,0.7262052,0.7639656,0.7331907,0.74604976,0.7397571,0.76138586
2025-01-01 05:06:00,0.77128386,0.73886853,0.82881457,0.74758095,0.7629939,0.72612613,0.76402754,0.73317873,0.74606586,0.73977345,0.76145416
2025-01-01 05:07:00,0.77124316,0.73881596,0.8288553,0.747602,0.762946,0.72606134,0.7640773,0.7331709,0.7460813,0.7397888,0.7615097
2025-01-01 05:08:00,0.7712125,0.73877436,0.82888657,0.74761635,0.76290524,0.72600806,0.7641173,0.7331665,0.7460962,0.73980325,0.76155496
2025-01-01 05:09:00,0.77119005,0.7387415,0.8289103,0.74762535,0.7628701,0.725964,0.7641496,0.7331648,0.7461108,0.739817,0.76159203
2025-01-01 05:10:00,0.77117395,0.73871565,0.82892793,0.7476301,0.7628395,0.72592735,0.7641757,0.7331653,0.74612504,0.73983026,0.7616225
2025-01-01 05:11:00,0.77116305,0.7386953,0.82894075,0.7476315,0.7628125,0.72589654,0.7641968,0.7331676,0.74613905,0.7398431,0.7616477
2025-01-01 05:12:00,0.7711562,0.73867947,0.8289497,0.7476301,0.7627885,0.72587055,0.76421404,0.7331712,0.7461529,0.73985547,0.7616687
2025-01-01 05:13:00,0.7711527,0.73866713,0.8289554,0.74762654,0.7627667,0.7258483,0.76422817,0.7331761,0.7461666,0.73986757,0.7616862
2025-01-01 05:14:00,0.7711518,0.7386576,0.8289587,0.74762124,0.7627469,0.7258292,0.7642397,0.73318183,0.7461802,0.7398794,0.76170105
2025-01-01 05:15:00,0.7711529,0.7386504,0.82895994,0.7476145,0.7627285,0.7258125,0.76424927,0.7331883,0.7461936,0.7398912,0.7617137
2025-01-01 05:16:00,0.7711558,0.7386449,0.82895964,0.7476067,0.7627114,0.7257977,0.7642573,0.73319536,0.74620694,0.7399027,0.76172453
2025-01-01 05:17:00,0.77116,0.73864084,0.828958,0.747598,0.76269513,0.7257846,0.76426405,0.73320293,0.74622023,0.739914,0.76173395
2025-01-01 05:18:00,0.7711652,0.7386379,0.8289553,0.7475886,0.7626797,0.7257727,0.7642698,0.7332109,0.7462335,0.73992527,0.7617422
2025-01-01 05:19:00,0.7711712,0.73863596,0.8289517,0.7475785,0.7626649,0.72576183,0.7642748,0.7332192,0.74624676,0.7399364,0.76174957
2025-01-01 05:20:00,0.7711779,0.7386346,0.8289474,0.7475679,0.7626506,0.7257518,0.7642791,0.7332278,0.7462599,0.7399475,0.7617561
2025-01-01 05:21:00,0.77118516,0.7386338,0.8289426,0.7475569,0.7626367,0.72574246,0.764283,0.7332366,0.74627316,0.73995847,0.76176214
2025-01-01 05:22:00,0.7711928,0.73863345,0.8289373,0.7475458,0.7626232,0.7257337,0.7642865,0.73324555,0.7462863,0.7399694,0.7617676
2025-01-01 05:23:00,0.7712007,0.73863345,0.8289316,0.7475343,0.76260984,0.72572535,0.7642898,0.73325473,0.7462994,0.7399802,0.76177263
2025-01-01 05:24:00,0.77120894,0.73863363,0.8289256,0.7475226,0.7625968,0.72571737,0.76429284,0.73326397,0.74631256,0.73999107,0.76177734
2025-01-01 05:25:00,0.7712173,0.73863405,0.82891935,0.74751073,0.7625839,0.72570974,0.7642957,0.7332733,0.7463257,0.74000174,0.76178175
2025-01-01 05:26:00,0.77122587,0.73863465,0.82891285,0.74749875,0.76257116,0.72570235,0.76429844,0.73328286,0.74633884,0.74001247,0.7617859
2025-01-01 05:27:00,0.77123445,0.7386353,0.82890624,0.7474866,0.7625585,0.72569513,0.764301,0.7332924,0.74635196,0.74002314,0.7617899
2025-01-01 05:28:00,0.77124316,0.738636,0.8288994,0.74747443,0.762546,0.72568816,0.7643036,0.733302,0.746365,0.74003375,0.76179373
2025-01-01 05:29:00,0.7712519,0.7386368,0.82889247,0.74746215,0.7625336,0.7256813,0.7643062,0.7333117,0.7463781,0.7400443,0.76179737
2025-01-01 05:30:00,0.77105653,0.7384366,0.8291879,0.74769884,0.7624505,0.7255174,0.76462215,0.73336965,0.7465414,0.7402177,0.76217884
2025-01-01 05:31:00,0.7709019,0.73827654,0.8294228,0.7478857,0.7623816,0.72538507,0.7648754,0.733418,0.74667466,0.7403585,0.76248467
2025-01-01 05:32:00,0.77078,0.7381487,0.82960916,0.7480326,0.7623241,0.72527796,0.7650786,0.7334587,0.7467838,0.74047315,0.7627298
2025-01-01 05:33:00,0.7706843,0.7380465,0.82975674,0.74814767,0.7622757,0.7251911,0.7652417,0.7334933,0.7468738,0.7405669,0.7629266
2025-01-01 05:34:00,0.7706095,0.7379649,0.8298732,0.74823713,0.76223457,0.72512037,0.76537263,0.733523,0.7469484,0.740644,0.7630845
2025-01-01 05:35:00,0.7705513,0.7378998,0.82996494,0.7483062,0.7621993,0.72506267,0.765478,0.73354876,0.74701077,0.7407077,0.76321137
2025-01-01 05:36:00,0.7705066,0.73784775,0.8300367,0.7483589,0.76216865,0.7250153,0.76556283,0.73357147,0.7470632,0.7407607,0.7633134
2025-01-01 05:37:00,0.77047247,0.73780626,0.8300925,0.74839854,0.76214176,0.72497624,0.76563126,0.7335917,0.7471078,0.7408051,0.7633956
2025-01-01 05:38:00,0.7704469,0.7377732,0.8301356,0.7484277,0.7621178,0.7249438,0.76568663,0.73360986,0.7471461,0.7408427,0.7634619
2025-01-01 05:39:00,0.7704282,0.7377468,0.8301685,0.7484485,0.76209635,0.72491676,0.76573145,0.7336265,0.7471793,0.7408747,0.76351535
2025-01-01 05:40:00,0.77041495,0.7377257,0.8301932,0.74846256,0.7620768,0.724894,0.76576793,0.7336419,0.74720865,0.74090236,0.7635586
2025-01-01 05:41:00,0.77040595,0.7377089,0.83021134,0.7484712,0.7620588,0.7248746,0.76579773,0.7336563,0.74723464,0.74092644,0.76359373
2025-01-01 05:42:00,0.77040046,0.7376955,0.8302243,0.7484757,0.76204205,0.72485805,0.76582223,0.73366994,0.747258,0.7409477,0.7636223
2025-01-01 05:43:00,0.7703977,0.7376848,0.8302329,0.7484766,0.7620263,0.7248437,0.76584244,0.73368293,0.7472794,0.74096674,0.7636456
2025-01-01 05:44:00,0.77039725,0.73767626,0.8302383,0.7484749,0.76201135,0.7248311,0.76585925,0.73369545,0.74729913,0.7409839,0.76366466
2025-01-01 05:45:00,0.77039844,0.7376694,0.83024096,0.7484709,0.76199704,0.72481996,0.7658734,0.7337075,0.74731755,0.7409996,0.7636804
2025-01-01 05:46:00,0.7704012,0.737664,0.8302414,0.7484651,0.7619833,0.72481,0.76588535,0.73371935,0.7473349,0.74101406,0.7636934
2025-01-01 05:47:00,0.77040493,0.7376596,0.8302401,0.74845797,0.7619699,0.7248009,0.7658956,0.7337309,0.7473514,0.74102765,0.7637042
2025-01-01 05:48:00,0.7704095,0.73765606,0.8302374,0.7484496,0.76195693,0.7247926,0.76590455,0.7337423,0.74736714,0.74104047,0.7637132
2025-01-01 05:49:00,0.7704149,0.7376532,0.8302335,0.7484404,0.76194423,0.7247849,0.7659124,0.73375356,0.7473824,0.74105257,0.7637208
2025-01-01 05:50:00,0.77042073,0.7376508,0.83022875,0.74843043,0.7619317,0.7247778,0.7659194,0.7337647,0.74739724,0.74106425,0.76372725
2025-01-01 05:51:00,0.77042705,0.7376489,0.83022326,0.74841994,0.7619194,0.7247711,0.7659257,0.73377573,0.74741167,0.7410755,0.76373285
2025-01-01 05:52:00,0.77043366,0.7376473,0.8302171,0.7484089,0.7619072,0.72476465,0.7659315,0.7337867,0.7474259,0.74108636,0.7637376
2025-01-01 05:53:00,0.7704406,0.7376459,0.8302105,0.7483976,0.7618952,0.7247585,0.76593685,0.7337977,0.74743986,0.741097,0.7637418
2025-01-01 05:54:00,0.7704477,0.7376447,0.83020353,0.7483859,0.76188326,0.72475266,0.7659419,0.7338087,0.7474537,0.7411074,0.7637454
2025-01-01 05:55:00,0.7704549,0.7376436,0.83019614,0.7483739,0.76187146,0.72474694,0.7659468,0.7338196,0.7474673,0.7411176,0.7637487
2025-01-01 05:56:00,0.7704623,0.73764265,0.8301886,0.7483618,0.7618597,0.72474146,0.76595145,0.7338305,0.7474808,0.7411276,0.7637516
2025-01-01 05:57:00,0.77046967,0.73764175,0.8301807,0.74834955,0.76184803,0.7247361,0.765956,0.7338414,0.7474943,0.7411375,0.7637542
2025-01-01 05:58:00,0.7704771,0.7376409,0.83017266,0.7483371,0.76183647,0.7247309,0.76596034,0.73385245,0.74750763,0.7411473,0.7637566
2025-01-01 05:59:00,0.7704846,0.7376401,0.8301645,0.7483246,0.7618249,0.7247258,0.7659647,0.73386335,0.7475209,0.74115694,0.7637588
2025-01-01 06:00:00,0.77032876,0.7375024,0.8305323,0.74864805,0.7618409,0.7246819,0.76635766,0.73404926,0.7478198,0.7414699,0.7642666
2025-01-01 06:01:00,0.77020556,0.73739207,0.83082473,0.7489043,0.76185143,0.7246459,0.76667285,0.73420024,0.7480615,0.7417221,0.7646732
2025-01-01 06:02:00,0.7701084,0.7373037,0.8310569,0.74910665,0.7618576,0.72461617,0.7669258,0.7343232,0.7482574,0.7419257,0.7649986
2025-01-01 06:03:00,0.7700323,0.7372327,0.83124083,0.7492659,0.7618603,0.7245915,0.7671291,0.73442376,0.7484168,0.74209046,0.7652592
2025-01-01 06:04:00,0.7699728,0.7371757,0.83138615,0.7493907,0.7618602,0.72457093,0.76729256,0.73450655,0.7485469,0.74222404,0.7654679
2025-01-01 06:05:00,0.7699267,0.73712987,0.8315006,0.74948806,0.7618579,0.7245535,0.7674242,0.7345749,0.74865353,0.7423327,0.7656351
2025-01-01 06:06:00,0.76989126,0.73709303,0.83159035,0.7495633,0.76185393,0.7245388,0.76753044,0.7346319,0.74874145,0.7424214,0.765769
2025-01-01 06:07:00,0.7698644,0.7370633,0.8316604,0.74962085,0.7618484,0.72452617,0.7676164,0.73467976,0.74881446,0.74249417,0.76587635
2025-01-01 06:08:00,0.7698443,0.7370392,0.8317145,0.7496643,0.76184183,0.72451526,0.767686,0.73472023,0.7488754,0.7425541,0.76596236
2025-01-01 06:09:00,0.7698297,0.7370197,0.831756,0.74969643,0.7618344,0.72450566,0.76774263,0.7347549,0.74892676,0.7426039,0.7660313
2025-01-01 06:10:00,0.7698194,0.7370038,0.8317873,0.74971956,0.76182616,0.7244972,0.7677888,0.7347849,0.74897045,0.7426455,0.7660867
2025-01-01 06:11:00,0.7698126,0.73699087,0.8318104,0.7497354,0.76181746,0.7244896,0.7678268,0.7348112,0.749008,0.7426805,0.7661311
2025-01-01 06:12:00,0.76980853,0.7369802,0.8318271,0.74974555,0.76180834,0.7244828,0.7678581,0.7348345,0.74904054,0.74271023,0.76616675
2025-01-01 06:13:00,0.7698067,0.7369713,0.83183855,0.749751,0.7617988,0.7244765,0.7678841,0.7348554,0.7490692,0.74273574,0.7661954
2025-01-01 06:14:00,0.7698066,0.7369639,0.8318458,0.7497527,0.76178896,0.72447073,0.7679059,0.7348744,0.7490948,0.7427579,0.7662184
2025-01-01 06:15:00,0.76980793,0.73695767,0.83184975,0.7497515,0.76177895,0.7244653,0.7679243,0.73489195,0.7491178,0.74277735,0.76623696
2025-01-01 06:16:00,0.7698104,0.73695225,0.831851,0.749748,0.7617688,0.72446024,0.76794004,0.7349083,0.7491388,0.7427946,0.7662518
2025-01-01 06:17:00,0.76981366,0.7369476,0.8318501,0.7497425,0.7617585,0.7244555,0.76795363,0.73492366,0.74915814,0.74281013,0.7662638
2025-01-01 06:18:00,0.76981765,0.73694354,0.8318474,0.74973553,0.7617481,0.7244509,0.76796556,0.73493826,0.7491762,0.74282426,0.76627344
2025-01-01 06:19:00,0.7698221,0.7369399,0.8318434,0.7497273,0.7617377,0.72444654,0.76797605,0.7349522,0.7491932,0.7428372,0.7662811
2025-01-01 06:20:00,0.76982707,0.73693657,0.83183825,0.74971807,0.76172715,0.72444236,0.7679855,0.73496574,0.74920934,0.7428493,0.7662874
2025-01-01 06:21:00,0.7698323,0.7369335,0.8318321,0.7497081,0.76171666,0.7244383,0.76799417,0.7349789,0.7492249,0.7428606,0.7662924
2025-01-01 06:22:00,0.76983786,0.73693067,0.8318253,0.7496975,0.7617061,0.7244344,0.7680021,0.7349918,0.74923986,0.74287134,0.76629645
2025-01-01 06:23:00,0.7698436,0.7369279,0.8318179,0.7496864,0.7616956,0.72443056,0.7680096,0.73500437,0.74925435,0.74288154,0.76629966
2025-01-01 06:24:00,0.7698494,0.7369253,0.83181,0.749675,0.7616851,0.72442687,0.76801664,0.7350168,0.7492686,0.7428913,0.7663022
2025-01-01 06:25:00,0.76985544,0.73692274,0.8318017,0.7496631,0.7616745,0.7244233,0.7680234,0.7350291,0.74928254,0.7429008,0.76630425
2025-01-01 06:26:00,0.76986146,0.7369203,0.8317931,0.749651,0.761664,0.7244198,0.76802987,0.7350413,0.74929625,0.74290997,0.76630586
2025-01-01 06:27:00,0.76986754,0.73691785,0.83178425,0.7496388,0.7616535,0.7244163,0.7680362,0.7350534,0.7493098,0.7429189,0.7663071
2025-01-01 06:28:00,0.7698737,0.7369154,0.8317751,0.74962634,0.761643,0.7244129,0.7680423,0.7350655,0.7493231,0.74292773,0.766308
2025-01-01 06:29:00,0.7698798,0.73691297,0.83176583,0.74961376,0.76163256,0.72440964,0.7680484,0.73507756,0.74933636,0.7429364,0.76630867
2025-01-01 06:30:00,0.7697662,0.73684037,0.83219934,0.75001824,0.7617474,0.7244865,0.7685114,0.7353882,0.7497656,0.7433832,0.76693386
2025-01-01 06:31:00,0.76967657,0.73678184,0.83254415,0.75033915,0.7618373,0.7245473,0.76888293,0.73563915,0.7501115,0.7437423,0.76743394
2025-01-01 06:32:00,0.7696061,0.73673445,0.832818,0.75059325,0.7619071,0.7245955,0.7691814,0.7358423,0.7503908,0.74403113,0.7678339
2025-01-01 06:33:00,0.76955086,0.736696,0.833035,0.7507939,0.761961,0.7246334,0.7694213,0.7360072,0.75061685,0.7442637,0.7681537
2025-01-01 06:34:00,0.7695079,0.73666465,0.83320653,0.75095177,0.76200193,0.7246632,0.7696144,0.7361415,0.75080013,0.74445134,0.76840955
2025-01-01 06:35:00,0.7694747,0.7366391,0.8333418,0.75107545,0.7620327,0.72468656,0.7697701,0.7362513,0.7509494,0.74460304,0.768614
2025-01-01 06:36:00,0.7694493,0.73661804,0.8334479,0.75117177,0.7620553,0.7247047,0.7698958,0.7363416,0.7510713,0.7447258,0.76877743
2025-01-01 06:37:00,0.7694301,0.73660064,0.8335307,0.7512462,0.7620714,0.72471863,0.76999766,0.7364162,0.7511713,0.74482566,0.76890796
2025-01-01 06:38:00,0.7694159,0.7365861,0.8335949,0.75130314,0.7620822,0.7247293,0.7700804,0.7364783,0.7512538,0.744907,0.7690122
2025-01-01 06:39:00,0.76940566,0.7365739,0.8336442,0.75134605,0.76208884,0.72473735,0.77014774,0.7365304,0.7513224,0.7449736,0.7690955
2025-01-01 06:40:00,0.7693986,0.73656344,0.8336816,0.7513778,0.76209223,0.7247433,0.7702029,0.73657453,0.7513797,0.7450283,0.7691619
2025-01-01 06:41:00,0.7693941,0.7365545,0.83370936,0.7514006,0.7620929,0.7247476,0.77024823,0.73661226,0.7514281,0.7450736,0.7692148
2025-01-01 06:42:00,0.7693916,0.7365467,0.8337295,0.75141615,0.7620915,0.7247506,0.77028584,0.73664486,0.7514693,0.74511135,0.76925695
2025-01-01 06:43:00,0.76939064,0.7365398,0.8337435,0.751426,0.7620884,0.7247525,0.7703172,0.73667336,0.7515048,0.745143,0.7692904
2025-01-01 06:44:00,0.769391,0.7365336,0.8337526,0.7514312,0.76208395,0.7247536,0.7703436,0.73669857,0.75153565,0.74516976,0.769317
2025-01-01 06:45:00,0.7693923,0.73652804,0.83375776,0.75143284,0.7620784,0.7247541,0.77036595,0.7367212,0.7515629,0.7451926,0.76933795
2025-01-01 06:46:00,0.76939446,0.73652285,0.8337597,0.7514315,0.762072,0.72475404,0.77038515,0.7367417,0.7515872,0.7452123,0.76935446
2025-01-01 06:47:00,0.7693972,0.736518,0.83375925,0.7514278,0.762065,0.7247536,0.77040184,0.7367606,0.7516091,0.74522954,0.76936734
2025-01-01 06:48:00,0.7694005,0.73651344,0.8337567,0.7514222,0.7620574,0.72475284,0.77041656,0.7367782,0.7516291,0.7452447,0.7693774
2025-01-01 06:49:00,0.7694041,0.7365091,0.83375245,0.75141513,0.76204944,0.72475195,0.7704296,0.7367947,0.75164765,0.7452582,0.76938516
2025-01-01 06:50:00,0.76940805,0.73650485,0.83374697,0.7514069,0.7620411,0.7247508,0.7704414,0.7368104,0.75166494,0.7452705,0.76939106
2025-01-01 06:51:00,0.76941216,0.7365007,0.8337405,0.75139767,0.7620326,0.72474957,0.7704522,0.73682535,0.7516812,0.74528164,0.7693955
2025-01-01 06:52:00,0.76941645,0.7364966,0.833733,0.7513877,0.76202387,0.7247482,0.7704623,0.73683983,0.75169677,0.74529195,0.7693987
2025-01-01 06:53:00,0.76942086,0.73649263,0.833725,0.75137705,0.762015,0.72474676,0.77047163,0.7368539,0.7517116,0.74530154,0.7694009
2025-01-01 06:54:00,0.76942545,0.7364887,0.8337163,0.75136596,0.762006,0.7247453,0.7704805,0.73686767,0.751726,0.7453106,0.7694023
2025-01-01 06:55:00,0.76943,0.73648477,0.83370715,0.7513544,0.7619969,0.7247438,0.77048904,0.73688114,0.7517399,0.74531925,0.76940316
2025-01-01 06:56:00,0.76943463,0.7364808,0.8336977,0.7513426,0.76198775,0.7247423,0.7704972,0.73689437,0.75175357,0.7453274,0.7694034
2025-01-01 06:57:00,0.7694393,0.73647684,0.8336879,0.75133055,0.76197857,0.72474086,0.77050525,0.7369074,0.7517669,0.74533534,0.76940316
2025-01-01 06:58:00,0.7694439,0.73647285,0.8336779,0.75131834,0.7619694,0.72473943,0.77051306,0.7369204,0.7517801,0.74534297,0.76940256
2025-01-01 06:59:00,0.7694486,0.7364688,0.8336677,0.75130594,0.76196015,0.724738,0.77052075,0.7369333,0.751793,0.74535036,0.7694017
2025-01-01 07:00:00,0.7693794,0.7364626,0.8341592,0.7517841,0.76217186,0.7249342,0.77104545,0.73736316,0.7523449,0.74592316,0.770133
2025-01-01 07:01:00,0.7693249,0.73645675,0.8345502,0.752164,0.7623393,0.725091,0.7714667,0.73770964,0.7527889,0.7463827,0.7707177
2025-01-01 07:02:00,0.76928216,0.73645127,0.8348608,0.75246537,0.7624715,0.7252162,0.77180505,0.7379893,0.7531465,0.7467516,0.7711849
2025-01-01 07:03:00,0.7692489,0.73644596,0.835107,0.7527038,0.76257545,0.72531617,0.77207726,0.7382155,0.753435,0.74704796,0.7715583
2025-01-01 07:04:00,0.76922315,0.73644084,0.83530176,0.75289196,0.7626568,0.7253959,0.7722965,0.738399,0.75366825,0.7472863,0.7718565
2025-01-01 07:05:00,0.7692034,0.7364359,0.8354553,0.75303984,0.76272005,0.72545946,0.7724734,0.73854834,0.7538573,0.74747825,0.7720946
2025-01-01 07:06:00,0.76918846,0.736431,0.8355759,0.7531556,0.7627689,0.7255102,0.77261645,0.7386703,0.7540109,0.7476331,0.7722846
2025-01-01 07:07:00,0.7691774,0.7364262,0.8356701,0.7532456,0.76280624,0.7255506,0.7727324,0.73877037,0.7541362,0.74775815,0.77243614
2025-01-01 07:08:00,0.76916933,0.7364214,0.8357432,0.75331503,0.76283425,0.7255827,0.7728266,0.738853,0.7542389,0.7478594,0.7725568
2025-01-01 07:09:00,0.76916367,0.73641664,0.8357994,0.75336796,0.76285493,0.7256083,0.77290356,0.7389216,0.7543234,0.7479417,0.7726528
2025-01-01 07:10:00,0.76916,0.7364119,0.83584213,0.7534077,0.7628698,0.72562855,0.7729666,0.738979,0.7543934,0.7480086,0.7727291
2025-01-01 07:11:00,0.76915777,0.73640716,0.83587396,0.753437,0.7628798,0.7256447,0.7730186,0.7390275,0.7544519,0.74806345,0.77278954
2025-01-01 07:12:00,0.7691568,0.7364024,0.8358972,0.7534577,0.7628861,0.72565746,0.7730618,0.7390688,0.754501,0.74810845,0.77283734
2025-01-01 07:13:00,0.7691569,0.73639756,0.8359134,0.7534718,0.7628895,0.72566754,0.7730979,0.7391044,0.75454265,0.7481456,0.772875
2025-01-01 07:14:00,0.7691576,0.73639274,0.8359242,0.7534805,0.76289046,0.7256756,0.77312833,0.7391354,0.75457835,0.7481765,0.77290463
2025-01-01 07:15:00,0.76915896,0.7363879,0.8359305,0.7534848,0.76288944,0.7256819,0.7731543,0.7391628,0.7546093,0.7482023,0.7729277
2025-01-01 07:16:00,0.76916075,0.736383,0.8359332,0.7534857,0.76288694,0.72568685,0.77317667,0.73918724,0.75463647,0.74822414,0.7729455
2025-01-01 07:17:00,0.76916295,0.7363781,0.83593315,0.7534839,0.7628833,0.7256908,0.77319616,0.73920935,0.7546605,0.74824274,0.7729592
2025-01-01 07:18:00,0.76916546,0.73637307,0.8359307,0.7534798,0.7628787,0.72569394,0.7732133,0.73922956,0.7546821,0.7482587,0.77296954
2025-01-01 07:19:00,0.76916814,0.73636806,0.8359264,0.753474,0.7628733,0.7256964,0.7732287,0.73924834,0.75470173,0.74827266,0.7729771
2025-01-01 07:20:00,0.76917094,0.736363,0.8359207,0.7534668,0.7628674,0.7256983,0.7732426,0.73926586,0.7547198,0.7482848,0.7729826
2025-01-01 07:21:00,0.76917386,0.7363579,0.8359138,0.75345844,0.7628609,0.72569984,0.7732554,0.7392825,0.7547366,0.74829566,0.77298623
2025-01-01 07:22:00,0.7691769,0.73635274,0.83590585,0.7534492,0.7628541,0.72570103,0.77326727,0.73929834,0.7547524,0.74830544,0.77298856
2025-01-01 07:23:00,0.76918006,0.73634756,0.83589727,0.75343925,0.762847,0.72570205,0.7732784,0.7393136,0.75476736,0.7483143,0.77298975
2025-01-01 07:24:00,0.76918316,0.7363423,0.835888,0.75342876,0.7628398,0.7257029,0.77328897,0.7393283,0.75478166,0.7483225,0.77299
2025-01-01 07:25:00,0.76918626,0.736337,0.83587825,0.75341773,0.7628323,0.72570354,0.77329916,0.7393427,0.75479543,0.74833006,0.77298945
2025-01-01 07:26:00,0.76918936,0.73633164,0.83586806,0.7534064,0.7628247,0.7257041,0.77330893,0.73935676,0.7548087,0.74833715,0.7729883
2025-01-01 07:27:00,0.7691925,0.7363263,0.8358575,0.75339484,0.762817,0.7257046,0.77331847,0.7393706,0.75482166,0.7483438,0.7729867
2025-01-01 07:28:00,0.7691956,0.7363208,0.8358467,0.753383,0.7628093,0.7257051,0.7733278,0.7393843,0.7548344,0.74835014,0.7729847
2025-01-01 07:29:00,0.7691987,0.73631525,0.83583575,0.75337094,0.7628015,0.72570556,0.773337,0.73939776,0.7548469,0.7483563,0.7729823
2025-01-01 07:30:00,0.7691751,0.7363755,0.83637655,0.7539144,0.7631063,0.72601765,0.7739141,0.73993933,0.7555117,0.74904484,0.7738069
2025-01-01 07:31:00,0.7691569,0.73642254,0.83680683,0.7543466,0.76334846,0.7262675,0.7743775,0.74037516,0.7560459,0.7495967,0.77446586
2025-01-01 07:32:00,0.7691428,0.736459,0.83714867,0.7546898,0.7635406,0.7264675,0.77475005,0.7407264,0.75647557,0.75003916,0.7749922
2025-01-01 07:33:00,0.76913214,0.736487,0.83741975,0.75496185,0.76369286,0.7266275,0.77504975,0.74101007,0.7568216,0.7503941,0.7754125
2025-01-01 07:34:00,0.7691241,0.73650813,0.8376342,0.75517696,0.7638131,0.7267558,0.77529126,0.7412395,0.7571006,0.750679,0.77574795
2025-01-01 07:35:00,0.7691182,0.73652387,0.83780336,0.75534654,0.76390773,0.7268585,0.7754863,0.7414257,0.7573262,0.75090784,0.77601546
2025-01-01 07:36:00,0.769114,0.7365353,0.8379363,0.75547963,0.76398194,0.7269409,0.775644,0.7415772,0.7575089,0.7510919,0.77622867
2025-01-01 07:37:00,0.76911116,0.7365432,0.8380402,0.75558364,0.7640398,0.72700685,0.775772,0.74170095,0.7576573,0.75124,0.7763984
2025-01-01 07:38:00,0.76910937,0.73654824,0.83812094,0.7556643,0.7640845,0.72705984,0.77587616,0.74180263,0.7577782,0.75135946,0.77653337
2025-01-01 07:39:00,0.7691084,0.73655105,0.8381831,0.7557263,0.76411885,0.72710246,0.77596134,0.74188656,0.7578773,0.75145584,0.7766405
2025-01-01 07:40:00,0.7691081,0.73655206,0.83823043,0.75577337,0.76414484,0.72713673,0.77603126,0.7419563,0.75795877,0.75153387,0.7767253
2025-01-01 07:41:00,0.76910836,0.7365516,0.83826584,0.7558086,0.76416415,0.7271644,0.77608895,0.74201465,0.7580261,0.75159717,0.7767923
2025-01-01 07:42:00,0.76910895,0.73655,0.8382917,0.75583416,0.76417816,0.7271868,0.776137,0.742064,0.7580823,0.75164866,0.776845
2025-01-01 07:43:00,0.76910985,0.73654735,0.83831,0.75585216,0.7641879,0.7272049,0.7761772,0.7421061,0.7581294,0.7516907,0.7768863
2025-01-01 07:44:00,0.76911104,0.73654395,0.8383222,0.7558641,0.7641942,0.72721964,0.77621126,0.74214226,0.75816935,0.75172514,0.77691835
2025-01-01 07:45:00,0.76911235,0.73653996,0.8383295,0.75587106,0.7641978,0.7272317,0.77624035,0.7421739,0.7582035,0.7517535,0.77694315
2025-01-01 07:46:00,0.7691139,0.73653543,0.8383329,0.7558742,0.7641993,0.7272416,0.7762654,0.7422018,0.758233,0.75177705,0.776962
2025-01-01 07:47:00,0.7691155,0.7365305,0.8383332,0.7558742,0.7641991,0.7272498,0.7762874,0.7422267,0.7582588,0.75179666,0.77697617
2025-01-01 07:48:00,0.7691171,0.7365252,0.8383309,0.7558717,0.76419747,0.72725666,0.7763068,0.7422493,0.75828165,0.75181323,0.77698654
2025-01-01 07:49:00,0.76911885,0.7365196,0.8383267,0.75586724,0.7641948,0.72726244,0.77632415,0.74226993,0.7583021,0.75182724,0.7769939
2025-01-01 07:50:00,0.7691206,0.7365138,0.8383208,0.7558612,0.7641912,0.7272674,0.77634,0.74228907,0.7583206,0.75183916,0.77699876
2025-01-01 07:51:00,0.7691223,0.7365078,0.83831364,0.75585395,0.76418704,0.7272716,0.7763545,0.742307,0.7583376,0.75184953,0.7770017
2025-01-01 07:52:00,0.76912403,0.7365016,0.8383054,0.7558456,0.76418227,0.72727543,0.776368,0.74232394,0.7583534,0.7518586,0.77700305
2025-01-01 07:53:00,0.76912564,0.7364952,0.83829635,0.7558365,0.76417714,0.7272788,0.7763808,0.7423401,0.7583682,0.7518666,0.7770031
2025-01-01 07:54:00,0.7691273,0.7364887,0.8382867,0.7558267,0.7641717,0.7272819,0.7763928,0.7423556,0.7583822,0.7518737,0.7770022
2025-01-01 07:55:00,0.7691289,0.73648214,0.8382764,0.75581646,0.764166,0.7272847,0.77640444,0.74237067,0.7583955,0.75188005,0.77700037
2025-01-01 07:56:00,0.7691306,0.73647547,0.8382657,0.75580573,0.7641601,0.7272874,0.7764157,0.7423853,0.75840825,0.7518859,0.7769979
2025-01-01 07:57:00,0.76913214,0.7364687,0.83825463,0.75579476,0.7641541,0.7272899,0.7764266,0.74239963,0.7584207,0.75189126,0.7769949
2025-01-01 07:58:00,0.7691336,0.7364619,0.8382433,0.75578356,0.76414794,0.72729236,0.7764373,0.7424137,0.7584327,0.7518962,0.7769914
2025-01-01 07:59:00,0.76913506,0.73645496,0.83823174,0.75577205,0.7641417,0.7272947,0.77644783,0.74242765,0.7584444,0.7519009,0.77698755
2025-01-01 08:00:00,0.7691574,0.73658055,0.83881205,0.7563709,0.76453394,0.7277171,0.777067,0.7430711,0.7592102,0.7526929,0.77789056
2025-01-01 08:01:00,0.7691756,0.7366796,0.8392738,0.75684756,0.76484644,0.7280555,0.7775643,0.7435884,0.759825,0.75332713,0.7786119
2025-01-01 08:02:00,0.7691903,0.7367574,0.83964074,0.75722647,0.7650952,0.7283266,0.77796406,0.7440049,0.7603189,0.75383514,0.77918786
2025-01-01 08:03:00,0.7692023,0.73681813,0.8399317,0.7575272,0.7652929,0.72854406,0.7782859,0.74434066,0.7607161,0.75424224,0.77964747
2025-01-01 08:04:00,0.7692121,0.7368652,0.8401621,0.7577653,0.7654498,0.7287184,0.7785454,0.7446119,0.7610359,0.7545685,0.7800141
2025-01-01 08:05:00,0.7692201,0.73690134,0.84034383,0.7579534,0.7655741,0.7288584,0.77875495,0.74483156,0.7612938,0.7548301,0.7803063
2025-01-01 08:06:00,0.76922673,0.73692876,0.84048665,0.75810146,0.7656723,0.7289709,0.77892464,0.74500984,0.76150227,0.75504005,0.78053886
2025-01-01 08:07:00,0.76923215,0.7369492,0.8405984,0.7582175,0.7657497,0.72906137,0.77906233,0.74515516,0.7616711,0.75520855,0.7807237
2025-01-01 08:08:00,0.7692367,0.736964,0.8406853,0.75830793,0.7658104,0.7291343,0.77917457,0.745274,0.7618083,0.7553439,0.7808705
2025-01-01 08:09:00,0.76924044,0.7369743,0.84075224,0.75837785,0.7658577,0.7291932,0.77926636,0.7453717,0.76192,0.75545275,0.7809867
2025-01-01 08:10:00,0.76924354,0.736981,0.8408033,0.7584314,0.7658944,0.72924083,0.7793418,0.74545246,0.7620114,0.75554043,0.7810785
2025-01-01 08:11:00,0.76924616,0.7369848,0.8408416,0.7584719,0.7659226,0.7292795,0.7794042,0.7455197,0.7620865,0.75561106,0.7811508
2025-01-01 08:12:00,0.76924837,0.7369863,0.84086967,0.7585018,0.76594394,0.729311,0.77945626,0.74557614,0.76214874,0.7556681,0.7812074
2025-01-01 08:13:00,0.7692502,0.73698586,0.84088963,0.75852346,0.76595986,0.7293368,0.7794999,0.7456239,0.76220053,0.75571424,0.7812515
2025-01-01 08:14:00,0.76925176,0.73698395,0.840903,0.75853837,0.7659714,0.729358,0.7795369,0.7456647,0.7622439,0.7557517,0.7812855
2025-01-01 08:15:00,0.769253,0.73698086,0.84091115,0.75854796,0.7659796,0.72937554,0.77956855,0.74569994,0.7622807,0.7557822,0.7813115
2025-01-01 08:16:00,0.76925415,0.7369768,0.84091514,0.75855315,0.76598495,0.72939026,0.779596,0.7457308,0.7623121,0.75580704,0.78133106
2025-01-01 08:17:00,0.7692551,0.7369719,0.8409158,0.75855505,0.7659881,0.7294026,0.77962,0.7457581,0.7623392,0.75582737,0.7813454
2025-01-01 08:18:00,0.7692559,0.7369664,0.8409138,0.7585542,0.7659896,0.72941315,0.7796413,0.7457826,0.76236284,0.7558441,0.78135574
2025-01-01 08:19:00,0.76925653,0.7369603,0.84090954,0.7585512,0.7659896,0.7294222,0.77966034,0.7458048,0.76238376,0.755858,0.7813627
2025-01-01 08:20:00,0.7692571,0.73695385,0.84090364,0.75854635,0.7659886,0.7294301,0.7796778,0.7458252,0.7624025,0.7558695,0.78136694
2025-01-01 08:21:00,0.76925755,0.73694706,0.84089637,0.7585402,0.7659867,0.72943705,0.77969384,0.74584407,0.7624194,0.75587916,0.7813691
2025-01-01 08:22:00,0.7692579,0.7369399,0.84088796,0.75853294,0.76598406,0.7294434,0.7797088,0.7458618,0.76243484,0.7558873,0.78136945
2025-01-01 08:23:00,0.76925814,0.7369326,0.84087867,0.7585248,0.76598096,0.7294491,0.77972287,0.74587864,0.7624492,0.75589424,0.78136843
2025-01-01 08:24:00,0.7692583,0.736925,0.84086865,0.7585159,0.76597744,0.72945434,0.7797363,0.74589473,0.7624626,0.75590014,0.7813663
2025-01-01 08:25:00,0.76925844,0.73691726,0.8408581,0.75850654,0.76597357,0.7294592,0.77974916,0.74591017,0.76247525,0.7559053,0.7813633
2025-01-01 08:26:00,0.76925844,0.73690945,0.8408471,0.7584967,0.7659694,0.7294639,0.7797616,0.7459252,0.7624873,0.75590974,0.78135955
2025-01-01 08:27:00,0.7692584,0.7369014,0.84083563,0.7584865,0.7659651,0.72946835,0.7797737,0.74593985,0.76249886,0.7559137,0.78135514
2025-01-01 08:28:00,0.7692583,0.7368933,0.84082395,0.75847614,0.76596063,0.7294727,0.7797856,0.7459541,0.76251,0.7559172,0.7813503
2025-01-01 08:29:00,0.76925814,0.73688513,0.84081197,0.75846547,0.7659561,0.72947687,0.77979726,0.74596816,0.7625208,0.75592035,0.78134507
2025-01-01 08:30:00,0.76932615,0.7370739,0.8414214,0.75910914,0.76642895,0.7300021,0.7804475,0.74670196,0.763374,0.75680166,0.7823103
2025-01-01 08:31:00,0.7693804,0.73722315,0.8419064,0.75962174,0.76680624,0.7304231,0.7809698,0.7472917,0.76405835,0.757507,0.7830812
2025-01-01 08:32:00,0.7694237,0.73734087,0.84229183,0.76002955,0.7671071,0.7307606,0.78138983,0.747766,0.7646077,0.75807166,0.7836965
2025-01-01 08:33:00,0.76945823,0.73743325,0.84259754,0.7603535,0.7673468,0.73103136,0.7817281,0.7481481,0.7650491,0.7585236,0.78418726
2025-01-01 08:34:00,0.7694857,0.73750544,0.8428396,0.76061046,0.76753765,0.7312488,0.7820009,0.74845636,0.7654041,0.7588854,0.78457844
2025-01-01 08:35:00,0.7695075,0.73756135,0.8430306,0.7608138,0.76768947,0.7314237,0.7822214,0.7487056,0.7656899,0.7591752,0.78489
2025-01-01 08:36:00,0.76952475,0.7376043,0.8431808,0.7609741,0.7678099,0.73156434,0.7823999,0.7489076,0.7659204,0.7594072,0.78513783
2025-01-01 08:37:00,0.7695384,0.7376369,0.8432984,0.7611001,0.7679055,0.7316777,0.782545,0.74907184,0.76610667,0.7595931,0.7853346
2025-01-01 08:38:00,0.76954913,0.73766124,0.84338987,0.7611987,0.76798093,0.7317692,0.7826632,0.7492058,0.7662574,0.7597421,0.7854906
2025-01-01 08:39:00,0.76955754,0.7376788,0.8434604,0.7612753,0.7680404,0.73184335,0.7827601,0.74931556,0.76637983,0.7598614,0.7856139
2025-01-01 08:40:00,0.76956403,0.7376911,0.84351426,0.76133436,0.76808715,0.73190355,0.78283983,0.749406,0.7664797,0.75995713,0.7857111
2025-01-01 08:41:00,0.76956904,0.73769915,0.84355474,0.76137936,0.7681237,0.7319526,0.7829059,0.74948096,0.7665613,0.76003397,0.78578734
2025-01-01 08:42:00,0.7695728,0.73770374,0.84358454,0.7614132,0.76815206,0.73199266,0.7829609,0.7495435,0.7666284,0.7600956,0.7858468
2025-01-01 08:43:00,0.76957554,0.7377056,0.84360576,0.761438,0.76817393,0.7320257,0.7830072,0.7495961,0.7666838,0.76014507,0.7858929
2025-01-01 08:44:00,0.76957744,0.73770523,0.8436201,0.76145566,0.76819056,0.732053,0.7830465,0.7496408,0.76672995,0.76018476,0.78592825
2025-01-01 08:45:00,0.7695787,0.7377031,0.843629,0.76146764,0.7682031,0.73207575,0.78308016,0.74967915,0.76676863,0.7602167,0.785955
2025-01-01 08:46:00,0.7695794,0.7376995,0.8436335,0.7614749,0.76821226,0.7320949,0.78310937,0.7497124,0.76680136,0.7602424,0.7859749
2025-01-01 08:47:00,0.7695797,0.7376948,0.8436345,0.7614786,0.7682188,0.7321112,0.78313506,0.7497416,0.76682925,0.7602631,0.7859892
2025-01-01 08:48:00,0.76957965,0.73768914,0.84363264,0.7614794,0.7682232,0.7321252,0.7831579,0.74976754,0.76685333,0.7602798,0.7859992
2025-01-01 08:49:00,0.76957935,0.73768276,0.84362864,0.76147777,0.768226,0.7321373,0.78317845,0.74979085,0.7668743,0.7602933,0.78600556
2025-01-01 08:50:00,0.7695787,0.7376757,0.84362274,0.7614744,0.7682275,0.73214805,0.78319716,0.7498122,0.76689285,0.76030415,0.78600913
2025-01-01 08:51:00,0.76957786,0.7376682,0.8436154,0.7614694,0.76822793,0.73215765,0.78321445,0.7498318,0.7669094,0.7603129,0.7860103
2025-01-01 08:52:00,0.76957685,0.7376603,0.84360695,0.76146334,0.7682275,0.73216623,0.78323054,0.74985003,0.7669243,0.76032,0.7860097
2025-01-01 08:53:00,0.76957566,0.73765206,0.8435976,0.7614563,0.7682264,0.7321742,0.78324574,0.7498672,0.766938,0.76032573,0.78600764
2025-01-01 08:54:00,0.76957434,0.73764354,0.84358746,0.76144856,0.76822484,0.73218155,0.7832602,0.7498835,0.7669506,0.76033044,0.7860044
2025-01-01 08:55:00,0.76957285,0.7376348,0.8435768,0.7614402,0.76822287,0.73218846,0.7832741,0.7498991,0.76696235,0.7603342,0.7860002
2025-01-01 08:56:00,0.76957136,0.73762584,0.84356564,0.7614314,0.7682206,0.7321951,0.7832875,0.7499142,0.76697344,0.76033723,0.7859952
2025-01-01 08:57:00,0.7695697,0.7376167,0.843554,0.7614222,0.7682181,0.7322014,0.78330064,0.74992883,0.7669839,0.76033974,0.7859896
2025-01-01 08:58:00,0.76956797,0.7376075,0.84354216,0.76141274,0.7682155,0.73220754,0.78331345,0.7499431,0.766994,0.76034164,0.78598344
2025-01-01 08:59:00,0.7695662,0.7375981,0.84353006,0.7614031,0.7682126,0.7322135,0.783326,0.7499571,0.7670037,0.76034325,0.7859769
2025-01-01 09:00:00,0.76967853,0.7378467,0.84415793,0.76208,0.7687575,0.73283213,0.7839957,0.7507682,0.76792896,0.7612981,0.7869872
2025-01-01 09:01:00,0.76976794,0.73804355,0.8446576,0.7626195,0.7691928,0.7333281,0.7845338,0.75141966,0.7686708,0.762062,0.7877938
2025-01-01 09:02:00,0.76983905,0.73819906,0.84505475,0.76304895,0.76954037,0.73372597,0.7849665,0.75194335,0.7692659,0.76267314,0.7884374
2025-01-01 09:03:00,0.76989543,0.7383214,0.8453698,0.7633904,0.7698178,0.7340454,0.78531516,0.7523649,0.76974356,0.7631619,0.7889507
2025-01-01 09:04:00,0.7699401,0.7384174,0.84561926,0.7636615,0.7700392,0.73430204,0.78559643,0.7527047,0.7701273,0.7635529,0.7893595
2025-01-01 09:05:00,0.7699753,0.7384922,0.84581625,0.7638763,0.7702157,0.7345085,0.78582376,0.75297904,0.7704358,0.76386565,0.78968495
2025-01-01 09:06:00,0.77000296,0.73854995,0.84597117,0.76404613,0.7703563,0.7346749,0.786008,0.75320107,0.77068424,0.76411575,0.7899435
2025-01-01 09:07:00,0.7700246,0.7385941,0.84609246,0.7641799,0.7704682,0.7348091,0.7861578,0.7533813,0.7708846,0.76431566,0.7901487
2025-01-01 09:08:00,0.77004135,0.73862743,0.8461869,0.76428485,0.77055717,0.73491764,0.78628004,0.753528,0.77104646,0.7644755,0.7903111
2025-01-01 09:09:00,0.77005416,0.73865205,0.8462598,0.7643668,0.77062774,0.7350056,0.78638023,0.7536478,0.7711775,0.7646033,0.79043925
2025-01-01 09:10:00,0.7700639,0.73866975,0.8463155,0.76443034,0.7706837,0.73507726,0.7864627,0.7537463,0.77128386,0.7647054,0.79054004
2025-01-01 09:11:00,0.77007115,0.7386818,0.84635746,0.7644791,0.77072793,0.73513573,0.78653115,0.7538275,0.7713705,0.76478696,0.79061896
2025-01-01 09:12:00,0.77007633,0.7386894,0.84638846,0.7645161,0.77076274,0.7351837,0.78658825,0.75389504,0.7714413,0.76485205,0.7906803
2025-01-01 09:13:00,0.7700799,0.7386934,0.8464106,0.7645437,0.77079016,0.73522335,0.7866364,0.7539516,0.77149945,0.76490396,0.79072756
2025-01-01 09:14:00,0.7700821,0.7386946,0.84642565,0.76456374,0.77081156,0.7352563,0.78667736,0.75399935,0.7715475,0.76494527,0.7907636
2025-01-01 09:15:00,0.77008337,0.7386934,0.846435,0.7645778,0.7708282,0.7352839,0.78671247,0.7540401,0.77158743,0.7649782,0.7907907
2025-01-01 09:16:00,0.7700837,0.73869044,0.84644,0.7645871,0.77084106,0.7353072,0.78674304,0.75407517,0.77162087,0.76500434,0.7908105
2025-01-01 09:17:00,0.7700833,0.73868597,0.8464413,0.7645925,0.77085084,0.7353271,0.7867699,0.7541058,0.77164906,0.765025,0.7908246
2025-01-01 09:18:00,0.7700824,0.73868024,0.8464398,0.76459485,0.7708582,0.73534435,0.7867938,0.7541328,0.77167314,0.7650413,0.79083407
2025-01-01 09:19:00,0.77008104,0.73867357,0.8464359,0.7645948,0.77086365,0.7353594,0.7868154,0.7541569,0.7716938,0.7650541,0.7908398
2025-01-01 09:20:00,0.77007926,0.7386661,0.8464302,0.76459277,0.7708676,0.7353727,0.7868351,0.7541787,0.7717118,0.7650642,0.79084253
2025-01-01 09:21:00,0.77007717,0.738658,0.846423,0.76458913,0.7708703,0.7353847,0.7868533,0.7541987,0.7717277,0.7650719,0.7908429
2025-01-01 09:22:00,0.7700748,0.7386495,0.8464146,0.76458436,0.7708721,0.73539555,0.78687024,0.7542171,0.77174187,0.7650778,0.79084134
2025-01-01 09:23:00,0.77007216,0.7386405,0.84640527,0.7645785,0.7708731,0.7354056,0.7868863,0.7542343,0.77175456,0.7650823,0.79083824
2025-01-01 09:24:00,0.77006936,0.7386311,0.8463952,0.764572,0.77087355,0.7354149,0.7869016,0.7542506,0.7717662,0.7650856,0.79083395
2025-01-01 09:25:00,0.77006644,0.7386215,0.8463846,0.7645649,0.77087355,0.73542374,0.7869163,0.75426614,0.77177685,0.7650879,0.7908285
2025-01-01 09:26:00,0.77006334,0.73861164,0.8463734,0.76455724,0.7708732,0.73543215,0.7869305,0.754281,0.77178675,0.76508945,0.7908224
2025-01-01 09:27:00,0.7700601,0.7386016,0.8463619,0.7645492,0.7708725,0.73544025,0.7869444,0.75429535,0.7717961,0.76509035,0.7908156
2025-01-01 09:28:00,0.77005684,0.73859143,0.84635,0.76454085,0.77087164,0.73544806,0.7869579,0.7543093,0.7718049,0.76509076,0.7908082
2025-01-01 09:29:00,0.77005345,0.7385811,0.846338,0.7645323,0.7708706,0.73545575,0.7869712,0.75432295,0.7718134,0.76509076,0.7908004
2025-01-01 09:30:00,0.77020824,0.7388849,0.8469728,0.7652305,0.77147794,0.7361567,0.7876484,0.75519705,0.77279425,0.76610214,0.7918378
2025-01-01 09:31:00,0.7703313,0.7391258,0.84747815,0.7657871,0.77196354,0.73671883,0.7881926,0.7558987,0.7735803,0.7669109,0.7926657
2025-01-01 09:32:00,0.770429,0.73931634,0.8478798,0.76623064,0.7723516,0.73717,0.7886304,0.7564626,0.77421045,0.76755756,0.7933262
2025-01-01 09:33:00,0.7705063,0.73946655,0.84819853,0.76658356,0.7726618,0.7375323,0.78898317,0.7569161,0.7747159,0.76807445,0.7938527
2025-01-01 09:34:00,0.77056736,0.7395845,0.8484509,0.76686406,0.77290976,0.7378236,0.7892679,0.75728136,0.7751216,0.7684876,0.7942718
2025-01-01 09:35:00,0.77061534,0.7396766,0.84865016,0.7670866,0.7731078,0.7380581,0.7894982,0.757576,0.7754475,0.76881766,0.79460526
2025-01-01 09:36:00,0.7706529,0.7397482,0.848807,0.7672629,0.773266,0.7382471,0.7896849,0.75781417,0.77570945,0.7690813,0.7948701
2025-01-01 09:37:00,0.7706821,0.7398032,0.8489298,0.767402,0.7733924,0.7383998,0.78983676,0.75800717,0.77592033,0.76929176,0.7950799
2025-01-01 09:38:00,0.77070457,0.7398449,0.8490255,0.7675114,0.77349323,0.7385234,0.78996074,0.7581639,0.7760903,0.76945966,0.79524577
2025-01-01 09:39:00,0.77072173,0.7398761,0.84909946,0.76759726,0.7735737,0.73862374,0.7900624,0.7582918,0.77622753,0.7695936,0.79537654
2025-01-01 09:40:00,0.7707345,0.7398988,0.84915596,0.7676641,0.77363783,0.7387056,0.79014635,0.7583965,0.7763386,0.7697002,0.7954791
2025-01-01 09:41:00,0.77074385,0.73991466,0.84919864,0.7677157,0.773689,0.73877245,0.79021597,0.7584827,0.77642864,0.76978505,0.7955592
2025-01-01 09:42:00,0.7707504,0.73992515,0.8492302,0.76775527,0.7737297,0.73882747,0.79027426,0.75855416,0.776502,0.76985246,0.7956213
2025-01-01 09:43:00,0.77075475,0.7399313,0.8492528,0.76778513,0.7737621,0.738873,0.7903233,0.75861365,0.77656186,0.7699058,0.7956689
2025-01-01 09:44:00,0.7707573,0.7399339,0.8492683,0.76780725,0.77378786,0.7389109,0.79036516,0.75866365,0.776611,0.76994807,0.79570496
2025-01-01 09:45:00,0.77075845,0.7399338,0.84927815,0.76782316,0.77380836,0.73894286,0.7904011,0.7587061,0.77665144,0.76998127,0.79573184
2025-01-01 09:46:00,0.7707584,0.7399314,0.8492834,0.7678342,0.77382463,0.7389699,0.7904324,0.75874245,0.77668506,0.7700073,0.7957513
2025-01-01 09:47:00,0.7707574,0.73992723,0.84928507,0.7678412,0.77383745,0.7389931,0.79046,0.75877386,0.77671313,0.7700276,0.7957648
2025-01-01 09:48:00,0.77075565,0.73992157,0.84928375,0.7678451,0.77384764,0.73901325,0.7904846,0.7588014,0.77673674,0.77004325,0.79577357
2025-01-01 09:49:00,0.7707532,0.7399148,0.8492802,0.7678465,0.7738557,0.7390309,0.79050684,0.7588258,0.77675676,0.77005523,0.7957785
2025-01-01 09:50:00,0.7707503,0.739907,0.8492747,0.7678459,0.77386206,0.7390466,0.79052716,0.7588477,0.7767739,0.77006423,0.7957805
2025-01-01 09:51:00,0.77074695,0.73989856,0.8492677,0.7678437,0.773867,0.73906076,0.790546,0.7588676,0.77678883,0.7700708,0.79577994
2025-01-01 09:52:00,0.7707433,0.73988944,0.84925956,0.76784027,0.77387094,0.7390737,0.7905636,0.7588859,0.77680194,0.77007544,0.79577744
2025-01-01 09:53:00,0.7707393,0.73987985,0.84925044,0.76783586,0.773874,0.7390857,0.7905802,0.7589029,0.77681345,0.77007854,0.7957734
2025-01-01 09:54:00,0.7707351,0.73986983,0.8492406,0.76783055,0.7738764,0.7390968,0.79059607,0.7589188,0.7768238,0.77008045,0.795768
2025-01-01 09:55:00,0.7707307,0.7398595,0.8492301,0.7678247,0.77387834,0.7391074,0.7906113,0.75893396,0.77683324,0.7700813,0.79576164
2025-01-01 09:56:00,0.7707261,0.739849,0.84921926,0.7678184,0.7738799,0.73911744,0.7906261,0.75894845,0.7768418,0.77008134,0.79575443
2025-01-01 09:57:00,0.7707214,0.7398382,0.8492079,0.76781166,0.7738811,0.73912716,0.7906405,0.75896233,0.7768498,0.7700807,0.7957465
2025-01-01 09:58:00,0.7707165,0.73982716,0.8491963,0.7678046,0.7738821,0.7391366,0.7906545,0.7589758,0.7768573,0.7700795,0.7957381
2025-01-01 09:59:00,0.7707115,0.739816,0.84918445,0.7677973,0.77388287,0.7391458,0.7906683,0.75898886,0.7768643,0.7700779,0.79572916
2025-01-01 10:00:00,0.7709059,0.7401698,0.8498152,0.7685042,0.7745417,0.7399166,0.7913409,0.75991017,0.7778833,0.7711278,0.7967751
2025-01-01 10:01:00,0.77106035,0.7404505,0.8503171,0.76906806,0.77506876,0.740535,0.79188156,0.76064956,0.7786995,0.7719671,0.7976098
2025-01-01 10:02:00,0.7711828,0.7406727,0.8507162,0.7695176,0.7754906,0.74103147,0.7923166,0.7612434,0.77935356,0.7726378,0.79827535
2025-01-01 10:03:00,0.7712796,0.74084806,0.8510329,0.7698756,0.775828,0.7414303,0.79266727,0.7617207,0.7798778,0.77317363,0.79880565
2025-01-01 10:04:00,0.77135587,0.740986,0.85128367,0.77016044,0.776098,0.741751,0.7929504,0.7621049,0.7802982,0.77360153,0.7992277
2025-01-01 10:05:00,0.77141577,0.74109393,0.8514818,0.7703867,0.77631414,0.7420093,0.79317945,0.7624146,0.7806355,0.7739431,0.7995632
2025-01-01 10:06:00,0.7714625,0.741178,0.8516377,0.7705661,0.7764871,0.7422177,0.79336524,0.76266456,0.7809063,0.77421564,0.7998294
2025-01-01 10:07:00,0.7714988,0.74124277,0.8517599,0.770708,0.77662563,0.74238616,0.79351646,0.76286685,0.781124,0.7744329,0.80004025
2025-01-01 10:08:00,0.7715266,0.74129224,0.8518551,0.7708201,0.77673656,0.74252266,0.7936401,0.763031,0.78129905,0.7746059,0.8002067
2025-01-01 10:09:00,0.7715477,0.74132943,0.8519287,0.7709082,0.7768254,0.7426336,0.7937415,0.7631646,0.7814401,0.7747435,0.80033773
2025-01-01 10:10:00,0.77156335,0.7413568,0.8519851,0.7709771,0.77689666,0.74272406,0.7938253,0.7632737,0.78155386,0.77485275,0.8004403
2025-01-01 10:11:00,0.7715747,0.7413763,0.8520277,0.7710307,0.7769538,0.7427982,0.7938949,0.7633633,0.78164583,0.77493936,0.8005201
2025-01-01 10:12:00,0.7715825,0.7413894,0.85205925,0.7710721,0.77699965,0.7428593,0.7939532,0.7634373,0.7817203,0.77500784,0.8005818
2025-01-01 10:13:00,0.7715875,0.74139756,0.852082,0.7711037,0.77703655,0.74290997,0.79400235,0.76349866,0.7817808,0.7750617,0.80062896
2025-01-01 10:14:00,0.7715903,0.7414016,0.85209763,0.77112746,0.77706623,0.7429523,0.7940443,0.76355,0.7818301,0.77510405,0.8006645
2025-01-01 10:15:00,0.77159125,0.7414025,0.85210764,0.771145,0.7770902,0.74298793,0.7940805,0.7635933,0.78187037,0.775137,0.80069065
2025-01-01 10:16:00,0.77159077,0.7414007,0.8521131,0.77115756,0.7771095,0.74301827,0.7941121,0.7636303,0.78190356,0.7751625,0.80070937
2025-01-01 10:17:00,0.7715891,0.74139684,0.85211504,0.7711661,0.77712524,0.7430443,0.79413986,0.76366204,0.7819309,0.77518207,0.80072206
2025-01-01 10:18:00,0.7715865,0.74139136,0.852114,0.77117145,0.777138,0.743067,0.7941647,0.7636897,0.7819537,0.7751968,0.80073
2025-01-01 10:19:00,0.7715831,0.74138445,0.85211074,0.7711743,0.7771485,0.743087,0.79418725,0.763714,0.7819727,0.7752077,0.80073404
2025-01-01 10:20:00,0.7715791,0.7413766,0.85210556,0.77117515,0.77715707,0.7431048,0.7942079,0.76373565,0.7819888,0.7752155,0.80073506
2025-01-01 10:21:00,0.7715746,0.7413678,0.852099,0.77117443,0.7771643,0.7431209,0.79422694,0.76375526,0.7820025,0.7752208,0.8007337
2025-01-01 10:22:00,0.7715697,0.74135834,0.8520912,0.77117234,0.7771703,0.74313563,0.7942448,0.763773,0.78201425,0.7752241,0.8007302
2025-01-01 10:23:00,0.7715645,0.7413483,0.85208255,0.7711693,0.7771754,0.74314934,0.7942617,0.7637895,0.78202444,0.7752258,0.8007253
2025-01-01 10:24:00,0.7715589,0.74133784,0.8520731,0.7711655,0.7771798,0.7431621,0.79427785,0.76380485,0.7820334,0.77522624,0.800719
2025-01-01 10:25:00,0.77155316,0.741327,0.85206306,0.771161,0.7771836,0.7431742,0.7942934,0.76381934,0.7820413,0.77522564,0.8007117
2025-01-01 10:26:00,0.77154714,0.74131584,0.8520525,0.771156,0.77718693,0.7431858,0.79430836,0.7638331,0.7820485,0.7752241,0.8007035
2025-01-01 10:27:00,0.77154094,0.74130446,0.8520416,0.7711507,0.77719,0.74319696,0.794323,0.7638462,0.78205496,0.77522194,0.80069476
2025-01-01 10:28:00,0.7715346,0.7412929,0.85203046,0.77114505,0.7771928,0.7432078,0.79433733,0.7638589,0.78206086,0.7752192,0.80068535
2025-01-01 10:29:00,0.7715282,0.7412811,0.852019,0.7711392,0.77719533,0.74321836,0.7943514,0.76387125,0.78206635,0.775216,0.8006756
2025-01-01 10:30:00,0.77175874,0.7416785,0.85263425,0.77184224,0.777894,0.7440453,0.7950074,0.7648234,0.78310525,0.77628577,0.8017114
2025-01-01 10:31:00,0.7719418,0.7419938,0.8531239,0.7724033,0.77845335,0.7447088,0.7955348,0.7655873,0.78393716,0.77714056,0.8025377
2025-01-01 10:32:00,0.7720868,0.7422436,0.85351324,0.7728508,0.7789012,0.7452415,0.7959594,0.76620054,0.78460336,0.7778234,0.8031964
2025-01-01 10:33:00,0.7722014,0.74244094,0.85382223,0.77320755,0.7792599,0.7456696,0.79630166,0.7666933,0.785137,0.77836853,0.8037211
2025-01-01 10:34:00,0.77229166,0.7425963,0.854067,0.7734916,0.7795473,0.74601406,0.79657805,0.76708955,0.7855646,0.77880365,0.8041384
2025-01-01 10:35:00,0.7723624,0.7427181,0.8542604,0.7737176,0.7797776,0.7462916,0.79680187,0.7674087,0.7859073,0.7791506,0.80447
2025-01-01 10:36:00,0.77241755,0.74281305,0.8544126,0.773897,0.7799623,0.7465156,0.7969835,0.76766616,0.78618217,0.7794271,0.8047329
2025-01-01 10:37:00,0.77246016,0.74288654,0.854532,0.7740393,0.78011054,0.7466967,0.7971314,0.7678742,0.7864027,0.77964723,0.80494094
2025-01-01 10:38:00,0.7724928,0.74294275,0.854625,0.77415186,0.7802295,0.7468436,0.79725236,0.7680427,0.7865798,0.77982223,0.805105
2025-01-01 10:39:00,0.77251744,0.7429852,0.85469705,0.77424073,0.78032523,0.7469631,0.7973518,0.76817966,0.7867221,0.7799611,0.80523384
2025-01-01 10:40:00,0.7725357,0.7430167,0.85475224,0.7743105,0.7804023,0.7470607,0.79743385,0.7682913,0.78683656,0.7800711,0.8053345
2025-01-01 10:41:00,0.77254874,0.7430393,0.85479397,0.7743651,0.7804644,0.7471408,0.79750216,0.7683826,0.7869288,0.780158,0.80541277
2025-01-01 10:42:00,0.77255774,0.7430549,0.85482496,0.7744075,0.7805146,0.7472069,0.79755944,0.7684578,0.78700304,0.7802263,0.8054729
2025-01-01 10:43:00,0.77256334,0.7430649,0.8548474,0.7744403,0.7805553,0.74726176,0.7976079,0.76851994,0.7870631,0.7802798,0.8055187
2025-01-01 10:44:00,0.7725663,0.7430703,0.85486287,0.77446526,0.7805883,0.7473077,0.79764926,0.76857173,0.7871117,0.7803215,0.80555296
2025-01-01 10:45:00,0.77256715,0.74307215,0.8548729,0.7744841,0.78061527,0.7473465,0.797685,0.7686153,0.78715116,0.78035355,0.80557793
2025-01-01 10:46:00,0.77256626,0.7430711,0.8548784,0.7744979,0.78063744,0.74737954,0.79771626,0.7686521,0.7871833,0.78037804,0.8055956
2025-01-01 10:47:00,0.77256405,0.7430677,0.8548806,0.7745078,0.7806557,0.74740803,0.7977438,0.7686836,0.7872095,0.7803965,0.8056073
2025-01-01 10:48:00,0.77256066,0.74306244,0.85487986,0.77451456,0.7806709,0.7474329,0.7977685,0.7687108,0.787231,0.78041005,0.80561423
2025-01-01 10:49:00,0.77255636,0.7430557,0.85487694,0.77451885,0.78068364,0.7474548,0.7977908,0.76873463,0.78724873,0.78041965,0.8056174
2025-01-01 10:50:00,0.77255136,0.7430477,0.85487217,0.7745211,0.7806944,0.74747443,0.7978113,0.7687557,0.7872634,0.78042614,0.8056175
2025-01-01 10:51:00,0.77254575,0.7430388,0.854866,0.77452177,0.78070366,0.7474922,0.7978304,0.7687745,0.7872756,0.7804301,0.8056152
2025-01-01 10:52:00,0.7725397,0.7430291,0.85485876,0.7745212,0.78071165,0.74750847,0.7978483,0.76879156,0.78728586,0.7804319,0.80561095
2025-01-01 10:53:00,0.7725331,0.74301887,0.8548506,0.77451956,0.7807187,0.7475236,0.7978652,0.7688072,0.7872945,0.78043216,0.8056051
2025-01-01 10:54:00,0.7725263,0.743008,0.8548417,0.7745172,0.7807249,0.7475378,0.79788136,0.7688217,0.78730196,0.78043115,0.805598
2025-01-01 10:55:00,0.7725193,0.7429968,0.85483223,0.7745142,0.78073055,0.74755126,0.7978969,0.7688353,0.78730834,0.780429,0.80558985
2025-01-01 10:56:00,0.77251196,0.7429853,0.85482234,0.77451074,0.78073573,0.74756414,0.79791194,0.7688481,0.7873138,0.780426,0.8055809
2025-01-01 10:57:00,0.7725045,0.74297357,0.854812,0.7745069,0.7807405,0.74757653,0.79792655,0.76886034,0.7873187,0.7804224,0.8055713
2025-01-01 10:58:00,0.7724969,0.7429616,0.8548015,0.77450275,0.7807451,0.74758863,0.7979409,0.768872,0.787323,0.78041816,0.80556124
2025-01-01 10:59:00,0.7724891,0.7429494,0.8547906,0.77449834,0.7807494,0.7476004,0.79795504,0.7688833,0.7873269,0.78041345,0.80555063
2025-01-01 11:00:00,0.7727517,0.7433833,0.85537946,0.775185,0.7814754,0.7484688,0.7985829,0.7698495,0.7883674,0.78148395,0.80655795
2025-01-01 11:01:00,0.7729601,0.7437278,0.8558482,0.77573335,0.78205705,0.74916565,0.79908776,0.77062434,0.7892001,0.78233904,0.8073613
2025-01-01 11:02:00,0.7731252,0.74400085,0.85622084,0.7761709,0.78252304,0.7497253,0.7994943,0.7712462,0.7898667,0.7830218,0.8080016
2025-01-01 11:03:00,0.7732555,0.7442167,0.85651666,0.77652,0.7828966,0.7501752,0.7998222,0.77174556,0.7904003,0.7835666,0.8085113
2025-01-01 11:04:00,0.77335805,0.74438685,0.856751,0.7767983,0.78319615,0.7505372,0.8000871,0.77214694,0.7908275,0.7840011,0.8089166
2025-01-01 11:05:00,0.7734384,0.74452037,0.8569362,0.77702,0.7834366,0.75082904,0.8003016,0.77246994,0.79116964,0.7843473,0.80923843
2025-01-01 11:06:00,0.7735009,0.74462456,0.85708207,0.7771963,0.7836297,0.75106466,0.8004759,0.7727303,0.79144365,0.78462285,0.80949336
2025-01-01 11:07:00,0.7735492,0.7447054,0.8571965,0.77733636,0.783785,0.7512553,0.8006179,0.7729404,0.79166317,0.78484195,0.8096949
2025-01-01 11:08:00,0.77358615,0.74476737,0.85728574,0.7774475,0.7839099,0.75141007,0.80073404,0.77311033,0.7918391,0.78501576,0.80985355
2025-01-01 11:09:00,0.7736139,0.74481446,0.8573548,0.77753544,0.78401077,0.7515361,0.80082965,0.77324814,0.79198015,0.78515345,0.80997807
2025-01-01 11:10:00,0.7736344,0.7448495,0.85740787,0.7776049,0.78409225,0.751639,0.8009087,0.7733603,0.7920932,0.7852621,0.8100751
2025-01-01 11:11:00,0.7736489,0.74487495,0.85744804,0.7776595,0.78415823,0.7517236,0.8009745,0.7734518,0.79218394,0.7853477,0.81015027
2025-01-01 11:12:00,0.7736588,0.7448927,0.8574779,0.7777023,0.7842118,0.7517935,0.80102986,0.7735269,0.79225683,0.7854147,0.8102079
2025-01-01 11:13:00,0.7736649,0.74490434,0.85749954,0.77773553,0.7842556,0.7518516,0.80107665,0.77358884,0.79231536,0.7854668,0.8102515
2025-01-01 11:14:00,0.77366805,0.744911,0.8575147,0.77776134,0.78429145,0.7519003,0.80111676,0.77364016,0.7923624,0.7855071,0.81028384
2025-01-01 11:15:00,0.7736687,0.74491376,0.8575245,0.777781,0.784321,0.75194156,0.80115145,0.773683,0.7924003,0.78553784,0.81030726
2025-01-01 11:16:00,0.77366745,0.7449134,0.8575301,0.777796,0.7843455,0.7519768,0.80118173,0.77371913,0.79243076,0.78556097,0.8103235
2025-01-01 11:17:00,0.7736646,0.7449105,0.85753244,0.777807,0.784366,0.7520072,0.8012086,0.7737498,0.7924553,0.78557795,0.8103339
2025-01-01 11:18:00,0.7736605,0.74490553,0.857532,0.777815,0.7843833,0.7520337,0.8012327,0.7737762,0.7924752,0.78559,0.8103398
2025-01-01 11:19:00,0.7736554,0.744899,0.85752946,0.7778205,0.7843981,0.75205725,0.8012546,0.773799,0.79249126,0.78559816,0.81034195
2025-01-01 11:20:00,0.77364945,0.7448911,0.8575252,0.77782416,0.78441083,0.75207835,0.80127466,0.7738191,0.7925043,0.7856031,0.8103411
2025-01-01 11:21:00,0.77364284,0.7448822,0.8575196,0.77782625,0.7844219,0.7520975,0.8012933,0.77383685,0.79251486,0.78560567,0.810338
2025-01-01 11:22:00,0.77363575,0.74487245,0.85751295,0.77782714,0.78443176,0.7521151,0.80131084,0.7738528,0.7925235,0.7856061,0.8103329
2025-01-01 11:23:00,0.7736282,0.7448621,0.85750544,0.7778271,0.7844406,0.7521314,0.8013274,0.7738674,0.79253054,0.7856049,0.81032634
2025-01-01 11:24:00,0.7736202,0.7448511,0.8574973,0.77782625,0.78444856,0.7521467,0.8013433,0.7738808,0.7925362,0.7856024,0.8103185
2025-01-01 11:25:00,0.7736119,0.7448398,0.8574885,0.77782476,0.784456,0.75216126,0.8013586,0.77389324,0.7925409,0.7855988,0.81030977
2025-01-01 11:26:00,0.77360344,0.7448281,0.85747933,0.77782285,0.7844629,0.7521753,0.80137336,0.7739049,0.7925448,0.7855944,0.81030023
2025-01-01 11:27:00,0.77359474,0.7448161,0.85746986,0.7778205,0.7844694,0.75218874,0.80138785,0.77391595,0.79254794,0.7855893,0.81029
2025-01-01 11:28:00,0.7735859,0.74480397,0.85746014,0.7778179,0.7844756,0.7522018,0.8014019,0.7739265,0.79255056,0.7855836,0.81027925
2025-01-01 11:29:00,0.7735769,0.7447916,0.8574502,0.77781516,0.7844816,0.75221455,0.8014158,0.7739366,0.7925527,0.7855774,0.8102681
2025-01-01 11:30:00,0.7738669,0.74525416,0.85800195,0.7784731,0.78522193,0.7531088,0.8020041,0.77489924,0.7935758,0.7866294,0.81122863
2025-01-01 11:31:00,0.77409697,0.74562156,0.85844123,0.77899873,0.7858153,0.7538265,0.80247724,0.77567106,0.7943944,0.7874694,0.81199443
2025-01-01 11:32:00,0.774279,0.7459128,0.8587905,0.7794185,0.786291,0.75440294,0.80285835,0.7762902,0.79504925,0.7881397,0.8126046
2025-01-01 11:33:00,0.7744227,0.7461432,0.85906774,0.7797537,0.7866726,0.7548665,0.8031658,0.7767871,0.7955732,0.78867435,0.81309015
2025-01-01 11:34:00,0.7745358,0.7463249,0.8592875,0.78002113,0.786979,0.7552396,0.80341434,0.77718633,0.7959923,0.7891004,0.813476
2025-01-01 11:35:00,0.7746242,0.74646765,0.8594612,0.7802344,0.7872252,0.7555405,0.80361575,0.7775073,0.7963276,0.7894396,0.81378216
2025-01-01 11:36:00,0.774693,0.74657923,0.859598,0.7804044,0.7874232,0.7557835,0.80377936,0.77776575,0.7965958,0.78970927,0.81402445
2025-01-01 11:37:00,0.77474606,0.74666584,0.8597053,0.7805397,0.78758276,0.7559803,0.8039129,0.7779742,0.7968103,0.78992337,0.8142157
2025-01-01 11:38:00,0.77478653,0.7467326,0.85978913,0.7806474,0.78771144,0.75614005,0.80402225,0.7781425,0.79698193,0.79009295,0.81436616
2025-01-01 11:39:00,0.7748169,0.7467833,0.8598541,0.7807329,0.7878156,0.7562703,0.8041123,0.77827877,0.79711914,0.79022694,0.814484
2025-01-01 11:40:00,0.77483916,0.7468213,0.859904,0.7808007,0.78790003,0.7563768,0.8041869,0.7783894,0.7972288,0.7903324,0.8145756
2025-01-01 11:41:00,0.774855,0.74684906,0.85994184,0.78085434,0.7879687,0.75646436,0.80424905,0.77847946,0.79731655,0.79041505,0.8146464
2025-01-01 11:42:00,0.7748656,0.7468686,0.8599701,0.7808967,0.7880248,0.75653684,0.8043013,0.77855307,0.7973866,0.7904795,0.8147004
2025-01-01 11:43:00,0.7748721,0.74688166,0.8599906,0.78093,0.7880708,0.75659716,0.8043457,0.77861357,0.79744256,0.7905293,0.8147411
2025-01-01 11:44:00,0.7748753,0.7468895,0.86000496,0.78095603,0.7881088,0.7566478,0.8043838,0.7786635,0.7974872,0.79056746,0.814771
2025-01-01 11:45:00,0.7748758,0.7468931,0.86001444,0.78097636,0.7881404,0.75669074,0.80441684,0.778705,0.79752284,0.79059625,0.81479234
2025-01-01 11:46:00,0.77487415,0.74689335,0.86002,0.7809921,0.7881669,0.75672746,0.80444574,0.7787398,0.79755116,0.79061747,0.8148068
2025-01-01 11:47:00,0.77487075,0.74689096,0.8600223,0.78100413,0.78818923,0.7567593,0.8044714,0.77876914,0.7975737,0.79063267,0.8148158
2025-01-01 11:48:00,0.77486604,0.7468865,0.86002225,0.78101325,0.78820837,0.7567871,0.80449444,0.77879405,0.7975915,0.7906431,0.81482047
2025-01-01 11:49:00,0.77486014,0.74688023,0.8600201,0.78102005,0.7882249,0.7568118,0.8045154,0.7788156,0.79760563,0.7906496,0.81482154
2025-01-01 11:50:00,0.77485335,0.7468726,0.86001647,0.78102493,0.7882393,0.756834,0.8045347,0.77883434,0.7976168,0.7906531,0.81481975
2025-01-01 11:51:00,0.77484584,0.74686384,0.8600115,0.7810284,0.7882521,0.7568541,0.8045526,0.7788508,0.7976255,0.79065406,0.8148158
2025-01-01 11:52:00,0.7748378,0.74685425,0.8600056,0.7810307,0.7882636,0.75687265,0.8045695,0.77886546,0.7976323,0.79065305,0.81481004
2025-01-01 11:53:00,0.7748292,0.74684393,0.8599989,0.7810321,0.7882741,0.7568899,0.8045855,0.7788786,0.7976374,0.7906504,0.81480277
2025-01-01 11:54:00,0.77482027,0.7468331,0.8599915,0.78103274,0.7882837,0.75690615,0.80460083,0.7788907,0.79764134,0.7906465,0.8147944
2025-01-01 11:55:00,0.774811,0.7468218,0.8599837,0.7810328,0.78829277,0.7569215,0.80461556,0.77890176,0.79764426,0.79064155,0.8147851
2025-01-01 11:56:00,0.7748015,0.74681014,0.8599754,0.7810325,0.7883012,0.7569364,0.80462986,0.77891207,0.79764634,0.79063576,0.81477505
2025-01-01 11:57:00,0.7747917,0.74679816,0.8599669,0.7810318,0.78830934,0.7569506,0.8046438,0.7789217,0.7976477,0.79062927,0.81476444
2025-01-01 11:58:00,0.7747818,0.74678594,0.85995805,0.7810308,0.78831714,0.7569645,0.80465746,0.7789309,0.79764855,0.79062223,0.81475335
2025-01-01 11:59:00,0.77477175,0.74677354,0.8599491,0.78102964,0.7883247,0.75697803,0.8046709,0.7789397,0.79764897,0.7906148,0.8147418
2025-01-01 12:00:00,0.7750839,0.7472566,0.86045396,0.78164715,0.78906626,0.7578822,0.8052093,0.7798819,0.7986368,0.7916295,0.81563854
2025-01-01 12:01:00,0.77533144,0.7476403,0.8608559,0.78214073,0.7896609,0.7586079,0.8056424,0.780637,0.7994267,0.79243946,0.8163533
2025-01-01 12:02:00,0.7755273,0.7479447,0.86117554,0.78253525,0.7901379,0.75919104,0.8059915,0.78124255,0.80005825,0.7930855,0.81692255
2025-01-01 12:03:00,0.77568185,0.7481856,0.8614294,0.78285056,0.79052085,0.7596599,0.80627316,0.7817283,0.8005632,0.7936004,0.81737536
2025-01-01 12:04:00,0.7758033,0.74837565,0.8616305,0.78310245,0.79082865,0.76003754,0.80650103,0.7821183,0.80096686,0.79401046,0.81773496
2025-01-01 12:05:00,0.77589834,0.74852514,0.8617895,0.7833036,0.79107624,0.76034206,0.80668575,0.78243166,0.8012894,0.7943366,0.81802
2025-01-01 12:06:00,0.7759721,0.74864215,0.8619149,0.78346425,0.7912757,0.7605882,0.806836,0.78268373,0.80154705,0.7945956,0.8182454
2025-01-01 12:07:00,0.776029,0.74873304,0.8620133,0.78359246,0.7914367,0.7607876,0.8069587,0.7828867,0.80175287,0.7948009,0.81842315
2025-01-01 12:08:00,0.77607226,0.7488032,0.8620902,0.78369474,0.79156685,0.7609496,0.8070592,0.7830504,0.8019171,0.7949632,0.81856275
2025-01-01 12:09:00,0.77610475,0.7488567,0.86214983,0.7837762,0.7916724,0.7610817,0.80714214,0.7831827,0.8020481,0.7950911,0.8186718
2025-01-01 12:10:00,0.7761285,0.74889696,0.8621957,0.7838412,0.7917583,0.7611899,0.8072109,0.7832898,0.8021525,0.7951915,0.8187564
2025-01-01 12:11:00,0.7761452,0.7489265,0.86223054,0.7838929,0.7918285,0.76127887,0.80726844,0.7833768,0.80223554,0.79526985,0.8188215
2025-01-01 12:12:00,0.7761564,0.7489476,0.8622565,0.78393406,0.7918861,0.7613526,0.80731684,0.7834477,0.8023016,0.7953305,0.8188709
2025-01-01 12:13:00,0.7761632,0.74896187,0.8622756,0.7839668,0.7919336,0.7614141,0.80735797,0.7835057,0.802354,0.79537714,0.8189078
2025-01-01 12:14:00,0.7761664,0.7489706,0.862289,0.7839927,0.7919731,0.7614658,0.8073934,0.78355336,0.80239546,0.7954124,0.81893474
2025-01-01 12:15:00,0.7761667,0.7489751,0.8622979,0.7840132,0.79200613,0.76150966,0.80742407,0.78359276,0.8024282,0.7954387,0.8189537
2025-01-01 12:16:00,0.77616465,0.748976,0.86230326,0.7840294,0.7920341,0.76154727,0.80745107,0.7836256,0.8024538,0.7954578,0.8189662
2025-01-01 12:17:00,0.7761608,0.74897414,0.8623057,0.78404224,0.792058,0.7615799,0.8074751,0.783653,0.8024739,0.79547095,0.8189736
2025-01-01 12:18:00,0.7761555,0.7489701,0.8623058,0.78405225,0.79207855,0.76160854,0.8074967,0.78367627,0.80248946,0.79547954,0.8189769
2025-01-01 12:19:00,0.776149,0.74896425,0.8623042,0.7840602,0.79209656,0.76163393,0.80751646,0.78369606,0.8025014,0.79548436,0.8189769
2025-01-01 12:20:00,0.7761414,0.748957,0.8623012,0.7840663,0.79211247,0.76165676,0.80753464,0.7837131,0.80251044,0.7954862,0.8189743
2025-01-01 12:21:00,0.7761332,0.7489486,0.862297,0.7840711,0.7921268,0.7616776,0.80755156,0.78372794,0.8025171,0.7954857,0.81896955
2025-01-01 12:22:00,0.7761243,0.7489392,0.8622919,0.7840748,0.7921397,0.76169676,0.8075675,0.783741,0.8025219,0.79548323,0.81896317
2025-01-01 12:23:00,0.7761149,0.7489292,0.8622861,0.7840776,0.79215163,0.76171464,0.8075826,0.7837526,0.80252516,0.7954791,0.8189554
2025-01-01 12:24:00,0.7761051,0.74891853,0.86227965,0.7840798,0.7921627,0.7617315,0.80759716,0.78376305,0.80252725,0.7954739,0.8189466
2025-01-01 12:25:00,0.776095,0.7489075,0.8622728,0.7840814,0.7921732,0.76174754,0.8076111,0.7837726,0.8025283,0.7954676,0.81893694
2025-01-01 12:26:00,0.77608454,0.74889606,0.8622656,0.7840826,0.79218316,0.76176286,0.8076247,0.78378135,0.8025286,0.7954605,0.8189266
2025-01-01 12:27:00,0.77607393,0.7488843,0.8622582,0.7840835,0.7921927,0.7617777,0.8076379,0.7837895,0.8025282,0.79545283,0.81891567
2025-01-01 12:28:00,0.77606314,0.74887234,0.8622505,0.78408414,0.79220194,0.7617921,0.80765086,0.78379714,0.8025273,0.79544455,0.8189043
2025-01-01 12:29:00,0.7760521,0.74886024,0.8622427,0.78408456,0.79221094,0.7618062,0.80766356,0.78380436,0.80252594,0.79543585,0.81889266
2025-01-01 12:30:00,0.77638084,0.749355,0.8626917,0.7846506,0.79294044,0.76270413,0.80814236,0.7847092,0.80346066,0.79639536,0.8197096
2025-01-01 12:31:00,0.7766415,0.74974835,0.8630492,0.7851035,0.7935256,0.763425,0.80852777,0.78543425,0.8042078,0.7971608,0.8203606
2025-01-01 12:32:00,0.7768477,0.75006044,0.8633336,0.7854658,0.7939954,0.7640043,0.8088385,0.7860153,0.80480486,0.79777104,0.82087874
2025-01-01 12:33:00,0.77701026,0.7503075,0.8635594,0.7857556,0.79437286,0.7644703,0.80908936,0.7864812,0.8052818,0.7982572,0.8212907
2025-01-01 12:34:00,0.77713805,0.7505026,0.8637384,0.7859874,0.7946765,0.76484567,0.8092924,0.78685504,0.8056627,0.7986439,0.82161754
2025-01-01 12:35:00,0.77723783,0.7506561,0.86388004,0.78617287,0.7949211,0.7651485,0.8094572,0.78715515,0.80596673,0.79895115,0.82187647
2025-01-01 12:36:00,0.7773154,0.7507764,0.8639917,0.78632134,0.7951184,0.7653934,0.8095913,0.78739625,0.80620927,0.7991949,0.822081
2025-01-01 12:37:00,0.77737504,0.75087005,0.86407936,0.7864401,0.79527795,0.76559186,0.80970097,0.7875902,0.80640256,0.79938763,0.822242
2025-01-01 12:38:00,0.77742046,0.7509424,0.8641479,0.7865352,0.79540724,0.7657532,0.80979097,0.78774637,0.80655646,0.7995398,0.82236814
2025-01-01 12:39:00,0.7774544,0.7509978,0.8642012,0.7866113,0.79551244,0.7658848,0.80986524,0.7878724,0.8066789,0.7996594,0.8224665
2025-01-01 12:40:00,0.7774792,0.7510395,0.86424214,0.7866723,0.79559827,0.76599276,0.809927,0.7879742,0.80677605,0.79975283,0.8225425
2025-01-01 12:41:00,0.7774966,0.7510704,0.86427337,0.7867211,0.79566866,0.7660817,0.8099787,0.78805655,0.806853,0.7998254,0.82260066
2025-01-01 12:42:00,0.77750814,0.7510925,0.86429685,0.78676033,0.79572666,0.76615536,0.81002235,0.7881234,0.80691385,0.79988134,0.82264465
2025-01-01 12:43:00,0.777515,0.75110763,0.864314,0.7867918,0.7957748,0.7662169,0.81005955,0.7881779,0.8069618,0.79992384,0.82267725
2025-01-01 12:44:00,0.7775181,0.7511172,0.8643262,0.7868171,0.79581505,0.7662687,0.8100917,0.7882225,0.80699927,0.7999557,0.8227007
2025-01-01 12:45:00,0.7775182,0.7511224,0.8643344,0.78683746,0.795849,0.7663128,0.81011957,0.7882591,0.8070285,0.799979,0.8227169
2025-01-01 12:46:00,0.7775159,0.751124,0.8643394,0.7868539,0.795878,0.76635057,0.8101441,0.7882893,0.80705106,0.7999954,0.8227272
2025-01-01 12:47:00,0.77751166,0.7511228,0.8643419,0.7868672,0.7959029,0.7663834,0.81016606,0.78831446,0.8070683,0.80000633,0.8227328
2025-01-01 12:48:00,0.7775058,0.7511192,0.8643424,0.786878,0.7959246,0.7664123,0.8101859,0.7883355,0.8070812,0.8000129,0.8227347
2025-01-01 12:49:00,0.7774988,0.7511139,0.86434126,0.7868868,0.79594374,0.766438,0.81020397,0.78835315,0.80709076,0.8000159,0.8227337
2025-01-01 12:50:00,0.7774907,0.7511071,0.8643389,0.78689414,0.79596084,0.76646113,0.8102207,0.7883682,0.8070975,0.80001616,0.8227302
2025-01-01 12:51:00,0.77748185,0.7510991,0.8643355,0.78690016,0.79597634,0.7664823,0.81023633,0.78838116,0.8071021,0.8000141,0.82272476
2025-01-01 12:52:00,0.77747226,0.7510903,0.86433125,0.78690517,0.7959905,0.7665018,0.81025106,0.78839236,0.8071048,0.8000102,0.82271785
2025-01-01 12:53:00,0.77746224,0.7510807,0.8643264,0.7869094,0.7960037,0.76652,0.81026506,0.7884022,0.8071062,0.80000484,0.82270974
2025-01-01 12:54:00,0.77745175,0.75107044,0.8643211,0.786913,0.79601604,0.7665372,0.81027853,0.7884109,0.8071063,0.79999834,0.8227007
2025-01-01 12:55:00,0.7774409,0.7510598,0.8643154,0.78691614,0.7960278,0.7665535,0.8102915,0.78841877,0.8071056,0.79999083,0.8226908
2025-01-01 12:56:00,0.7774298,0.7510488,0.8643094,0.78691894,0.79603904,0.7665692,0.8103041,0.78842586,0.8071041,0.7999826,0.8226803
2025-01-01 12:57:00,0.7774185,0.7510375,0.8643032,0.78692144,0.79604983,0.76658434,0.8103164,0.78843236,0.8071019,0.7999737,0.8226694
2025-01-01 12:58:00,0.77740693,0.7510259,0.86429673,0.7869237,0.7960603,0.76659906,0.8103284,0.7884383,0.8070992,0.7999644,0.82265794
2025-01-01 12:59:00,0.7773953,0.75101423,0.86429024,0.7869258,0.79607064,0.7666135,0.81034017,0.7884439,0.8070961,0.79995465,0.82264626
2025-01-01 13:00:00,0.77773476,0.75151205,0.8646753,0.78743035,0.7967751,0.76748914,0.81075096,0.78929526,0.8079611,0.8008416,0.8233689
2025-01-01 13:01:00,0.7780038,0.7519079,0.86498195,0.7878343,0.7973405,0.76819235,0.8110817,0.7899771,0.80865216,0.801549,0.8239444
2025-01-01 13:02:00,0.7782166,0.75222206,0.8652259,0.7881577,0.79779476,0.7687575,0.8113485,0.7905233,0.809204,0.8021125,0.8244022
2025-01-01 13:03:00,0.77838445,0.75247097,0.86541975,0.78841686,0.79816,0.7692122,0.8115641,0.790961,0.80964446,0.80256104,0.8247659
2025-01-01 13:04:00,0.7785161,0.75266755,0.8655734,0.78862447,0.79845417,0.7695786,0.8117387,0.791312,0.8099959,0.8029176,0.8250542
2025-01-01 13:05:00,0.778619,0.75282234,0.86569494,0.788791,0.7986914,0.7698744,0.8118806,0.79159343,0.810276,0.8032005,0.8252824
2025-01-01 13:06:00,0.7786989,0.75294375,0.8657909,0.7889245,0.7988831,0.7701135,0.8119962,0.79181933,0.81049895,0.80342454,0.8254623
2025-01-01 13:07:00,0.77876025,0.7530384,0.86586624,0.78903174,0.7990384,0.77030754,0.8120909,0.79200083,0.8106764,0.8036015,0.8256036
2025-01-01 13:08:00,0.77880687,0.75311166,0.86592525,0.78911793,0.7991646,0.7704653,0.8121687,0.7921467,0.8108173,0.8037406,0.8257142
2025-01-01 13:09:00,0.77884173,0.75316787,0.86597115,0.78918725,0.7992674,0.7705942,0.8122331,0.7922641,0.81092894,0.8038497,0.8258
2025-01-01 13:10:00,0.778867,0.7532103,0.86600655,0.78924316,0.79935163,0.7706999,0.8122868,0.79235864,0.8110172,0.8039346,0.8258661
2025-01-01 13:11:00,0.7788848,0.7532419,0.86603355,0.7892883,0.799421,0.77078706,0.8123318,0.792435,0.8110867,0.80400014,0.82591647
2025-01-01 13:12:00,0.7788965,0.75326467,0.8660539,0.7893248,0.79947853,0.7708595,0.81236994,0.79249674,0.81114125,0.80405027,0.8259541
2025-01-01 13:13:00,0.77890337,0.7532805,0.8660689,0.7893545,0.7995264,0.77092,0.81240255,0.79254675,0.8111838,0.804088,0.82598174
2025-01-01 13:14:00,0.77890635,0.7532908,0.8660797,0.78937876,0.79956675,0.77097106,0.81243074,0.7925874,0.8112167,0.80411583,0.8260013
2025-01-01 13:15:00,0.7789062,0.75329655,0.866087,0.78939855,0.799601,0.7710145,0.8124554,0.79262054,0.8112419,0.80413574,0.82601434
2025-01-01 13:16:00,0.7789036,0.75329876,0.86609167,0.78941494,0.7996304,0.7710518,0.8124772,0.79264766,0.811261,0.8041493,0.8260222
2025-01-01 13:17:00,0.778899,0.75329804,0.8660941,0.78942853,0.7996559,0.77108437,0.81249666,0.79266995,0.81127506,0.80415773,0.826026
2025-01-01 13:18:00,0.77889276,0.7532951,0.8660949,0.7894399,0.7996784,0.77111304,0.81251436,0.79268837,0.8112852,0.8041622,0.82602644
2025-01-01 13:19:00,0.77888525,0.75329036,0.8660943,0.7894496,0.79969835,0.7711386,0.8125305,0.7927037,0.8112922,0.8041633,0.8260243
2025-01-01 13:20:00,0.7788767,0.75328416,0.8660926,0.78945774,0.79971635,0.7711616,0.8125455,0.7927165,0.8112965,0.80416185,0.82602006
2025-01-01 13:21:00,0.77886736,0.75327677,0.86609006,0.7894649,0.7997328,0.77118266,0.81255955,0.79272735,0.8112989,0.80415833,0.82601404
2025-01-01 13:22:00,0.77885735,0.7532685,0.86608684,0.78947115,0.799748,0.77120215,0.8125728,0.79273653,0.81129956,0.804153,0.82600677
2025-01-01 13:23:00,0.7788468,0.75325954,0.8660831,0.7894767,0.7997622,0.7712203,0.8125855,0.79274446,0.8112989,0.80414647,0.8259984
2025-01-01 13:24:00,0.77883583,0.7532499,0.8660789,0.78948176,0.7997756,0.7712375,0.81259763,0.79275125,0.8112972,0.8041388,0.8259892
2025-01-01 13:25:00,0.7788245,0.7532398,0.86607444,0.78948635,0.7997884,0.7712539,0.8126093,0.7927573,0.81129456,0.8041302,0.8259793
2025-01-01 13:26:00,0.7788129,0.75322944,0.86606973,0.78949064,0.7998007,0.7712696,0.8126207,0.7927626,0.8112913,0.804121,0.82596886
2025-01-01 13:27:00,0.778801,0.75321877,0.86606485,0.7894947,0.7998126,0.7712848,0.8126318,0.7927672,0.81128734,0.8041112,0.82595795
2025-01-01 13:28:00,0.778789,0.75320786,0.8660598,0.7894985,0.79982424,0.7712996,0.8126427,0.79277146,0.811283,0.8041009,0.82594675
2025-01-01 13:29:00,0.77877676,0.7531968,0.86605465,0.7895022,0.7998356,0.771314,0.81265336,0.79277533,0.8112782,0.8040902,0.82593524
2025-01-01 13:30:00,0.7791209,0.7536887,0.86636907,0.7899362,0.80050254,0.77215195,0.8129887,0.7935581,0.8120581,0.80488896,0.8265507
2025-01-01 13:31:00,0.7793936,0.7540799,0.86661947,0.79028404,0.80103815,0.77282494,0.813259,0.7941848,0.8126807,0.80552554,0.82704055
2025-01-01 13:32:00,0.7796092,0.7543905,0.8668187,0.790563,0.80146873,0.773366,0.81347716,0.79468656,0.8131775,0.80603236,0.8274299
2025-01-01 13:33:00,0.77977914,0.75463665,0.8669771,0.7907868,0.8018153,0.77380145,0.81365365,0.79508835,0.8135737,0.8064354,0.82773894
2025-01-01 13:34:00,0.7799125,0.7548312,0.86710274,0.7909666,0.8020947,0.77415246,0.8137968,0.7954102,0.8138893,0.8067553,0.8279837
2025-01-01 13:35:00,0.7800166,0.75498456,0.86720216,0.79111105,0.80232036,0.7744359,0.81391335,0.7956682,0.8141405,0.8070088,0.8281769
2025-01-01 13:36:00,0.7800973,0.75510496,0.8672807,0.7912274,0.802503,0.7746652,0.8140084,0.7958749,0.8143401,0.8072092,0.8283291
2025-01-01 13:37:00,0.78015935,0.7551989,0.8673425,0.79132116,0.8026512,0.77485126,0.81408644,0.7960406,0.8144985,0.807367,0.8284483
2025-01-01 13:38:00,0.7802064,0.7552718,0.86739093,0.79139686,0.80277205,0.7750028,0.81415075,0.7961736,0.8146238,0.8074908,0.82854116
2025-01-01 13:39:00,0.78024143,0.7553277,0.86742866,0.79145825,0.80287075,0.7751265,0.8142041,0.79628026,0.81472266,0.8075874,0.82861304
2025-01-01 13:40:00,0.78026694,0.75537026,0.86745787,0.791508,0.802952,0.77522814,0.8142487,0.796366,0.81480044,0.8076622,0.828668
2025-01-01 13:41:00,0.7802847,0.75540197,0.8674802,0.7915486,0.80301905,0.7753121,0.81428623,0.7964349,0.81486124,0.8077195,0.8287095
2025-01-01 13:42:00,0.78029627,0.75542504,0.8674971,0.7915819,0.80307496,0.77538186,0.8143182,0.7964903,0.8149085,0.8077629,0.8287403
2025-01-01 13:43:00,0.780303,0.75544125,0.86750966,0.79160935,0.80312186,0.7754403,0.8143456,0.796535,0.8149449,0.80779517,0.8287624
2025-01-01 13:44:00,0.7803058,0.7554519,0.8675188,0.79163206,0.8031615,0.7754897,0.81436944,0.7965711,0.81497264,0.80781853,0.8287776
2025-01-01 13:45:00,0.78030545,0.7554581,0.8675251,0.791651,0.80319554,0.77553177,0.8143903,0.7966001,0.81499344,0.8078347,0.8287874
2025-01-01 13:46:00,0.7803026,0.75546086,0.8675292,0.79166704,0.80322486,0.775568,0.8144089,0.79662365,0.8150086,0.8078451,0.82879275
2025-01-01 13:47:00,0.78029776,0.7554608,0.86753166,0.7916807,0.80325055,0.77559966,0.81442565,0.7966428,0.8150193,0.80785096,0.8287946
2025-01-01 13:48:00,0.7802912,0.7554585,0.8675327,0.7916924,0.8032733,0.77562755,0.8144408,0.79665834,0.81502646,0.8078531,0.82879364
2025-01-01 13:49:00,0.7802834,0.7554544,0.86753255,0.7917026,0.80329376,0.77565247,0.81445485,0.79667103,0.8150307,0.8078524,0.8287904
2025-01-01 13:50:00,0.78027457,0.7554489,0.8675316,0.7917117,0.80331236,0.775675,0.81446785,0.7966814,0.8150326,0.8078493,0.8287854
2025-01-01 13:51:00,0.78026485,0.7554422,0.86753,0.7917198,0.80332947,0.7756957,0.81448,0.7966899,0.8150327,0.8078442,0.828779
2025-01-01 13:52:00,0.78025454,0.75543463,0.8675278,0.7917272,0.8033454,0.77571476,0.8144916,0.7966969,0.81503123,0.80783767,0.8287714
2025-01-01 13:53:00,0.78024364,0.7554264,0.8675252,0.791734,0.80336034,0.7757327,0.81450266,0.7967027,0.8150286,0.80783,0.8287629
2025-01-01 13:54:00,0.7802323,0.7554176,0.8675223,0.7917403,0.8033746,0.77574956,0.81451327,0.7967075,0.815025,0.8078212,0.82875377
2025-01-01 13:55:00,0.7802207,0.7554083,0.8675191,0.79174626,0.80338824,0.77576566,0.8145236,0.7967115,0.8150206,0.8078118,0.82874393
2025-01-01 13:56:00,0.78020877,0.7553987,0.8675157,0.791752,0.8034014,0.77578115,0.8145336,0.7967149,0.81501555,0.8078016,0.82873374
2025-01-01 13:57:00,0.78019667,0.7553888,0.8675122,0.7917575,0.8034142,0.7757961,0.8145433,0.79671776,0.81501,0.80779105,0.8287232
2025-01-01 13:58:00,0.7801843,0.75537866,0.8675086,0.7917629,0.80342674,0.7758107,0.8145529,0.7967202,0.815004,0.80778,0.8287123
2025-01-01 13:59:00,0.7801718,0.75536835,0.8675049,0.79176813,0.803439,0.7758249,0.81456226,0.79672223,0.8149976,0.80776864,0.8287012
2025-01-01 14:00:00,0.7805144,0.7558456,0.86774284,0.79212373,0.8040563,0.77661,0.8148162,0.79742223,0.8156783,0.80846477,0.8291983
2025-01-01 14:01:00,0.78078586,0.7562253,0.86793244,0.7924093,0.8045524,0.7772407,0.8150211,0.7979824,0.81622136,0.80901915,0.82959354
2025-01-01 14:02:00,0.7810004,0.7565268,0.86808336,0.79263866,0.80495155,0.7777478,0.81518674,0.79843056,0.8166542,0.8094601,0.8299074
2025-01-01 14:03:00,0.78116935,0.75676584,0.8682033,0.7928232,0.8052732,0.7781561,0.815321,0.7987892,0.8169989,0.80981034,0.8301561
2025-01-01 14:04:00,0.781302,0.756955,0.8682986,0.7929718,0.8055328,0.7784853,0.81543005,0.79907614,0.817273,0.810088,0.8303527
2025-01-01 14:05:00,0.78140545,0.7571041,0.8683741,0.7930917,0.8057428,0.77875125,0.81551903,0.7993058,0.8174907,0.81030756,0.8305077
2025-01-01 14:06:00,0.7814856,0.75722134,0.8684338,0.7931887,0.80591315,0.77896655,0.8155919,0.7994895,0.81766325,0.81048065,0.8306292
2025-01-01 14:07:00,0.7815471,0.75731295,0.86848086,0.7932673,0.8060517,0.77914137,0.8156518,0.79963654,0.8177997,0.81061655,0.8307241
2025-01-01 14:08:00,0.78159374,0.75738406,0.86851776,0.79333127,0.8061649,0.7792838,0.8157014,0.7997542,0.81790715,0.8107227,0.8307977
2025-01-01 14:09:00,0.7816284,0.7574389,0.8685466,0.7933835,0.8062578,0.77940035,0.8157428,0.7998483,0.81799155,0.8108051,0.8308542
2025-01-01 14:10:00,0.78165346,0.7574806,0.868569,0.79342633,0.80633444,0.7794961,0.81577754,0.79992366,0.81805736,0.81086844,0.83089703
2025-01-01 14:11:00,0.78167087,0.7575119,0.8685863,0.7934617,0.8063981,0.7795753,0.8158069,0.7999839,0.8181084,0.8109165,0.83092904
2025-01-01 14:12:00,0.78168225,0.7575348,0.8685995,0.7934911,0.80645144,0.7796412,0.81583214,0.8000321,0.81814754,0.8109524,0.8309523
2025-01-01 14:13:00,0.7816887,0.7575511,0.86860937,0.79351574,0.80649644,0.77969646,0.8158539,0.8000706,0.8181772,0.8109786,0.83096856
2025-01-01 14:14:00,0.7816912,0.7575619,0.8686167,0.79353654,0.8065347,0.77974325,0.8158729,0.8001013,0.8181992,0.81099695,0.8309793
2025-01-01 14:15:00,0.78169066,0.7575686,0.86862195,0.7935543,0.8065678,0.77978325,0.8158898,0.80012584,0.81821513,0.81100905,0.8309855
2025-01-01 14:16:00,0.78168756,0.7575718,0.8686255,0.7935697,0.8065966,0.7798177,0.81590486,0.8001454,0.81822616,0.81101614,0.83098817
2025-01-01 14:17:00,0.78168243,0.75757235,0.8686278,0.7935831,0.806622,0.77984786,0.8159184,0.80016094,0.8182333,0.8110193,0.83098805
2025-01-01 14:18:00,0.78167576,0.75757074,0.868629,0.793595,0.80664474,0.77987456,0.8159309,0.80017334,0.8182373,0.8110192,0.8309856
2025-01-01 14:19:00,0.78166777,0.75756735,0.86862946,0.7936057,0.80666524,0.77989846,0.8159424,0.8001831,0.8182387,0.81101644,0.8309814
2025-01-01 14:20:00,0.78165877,0.7575626,0.8686292,0.79361546,0.8066841,0.7799201,0.8159532,0.8001908,0.81823814,0.8110118,0.8309757
2025-01-01 14:21:00,0.781649,0.7575568,0.8686285,0.7936244,0.80670154,0.7799399,0.8159634,0.8001968,0.81823593,0.8110054,0.830969
2025-01-01 14:22:00,0.7816385,0.75755006,0.86862737,0.79363275,0.8067179,0.7799583,0.81597304,0.80020154,0.8182324,0.8109977,0.8309612
2025-01-01 14:23:00,0.7816275,0.75754267,0.86862594,0.7936407,0.80673337,0.7799756,0.8159823,0.8002051,0.8182278,0.810989,0.83095276
2025-01-01 14:24:00,0.78161603,0.7575348,0.8686243,0.79364824,0.8067482,0.77999187,0.8159913,0.8002079,0.8182224,0.8109794,0.83094376
2025-01-01 14:25:00,0.7816043,0.75752646,0.8686225,0.79365546,0.8067624,0.7800075,0.816,0.8002099,0.8182163,0.8109692,0.8309343
2025-01-01 14:26:00,0.78159225,0.7575178,0.8686205,0.79366255,0.8067763,0.78002244,0.8160084,0.8002113,0.81820965,0.8109584,0.83092445
2025-01-01 14:27:00,0.78158,0.7575089,0.8686185,0.7936694,0.80678976,0.7800369,0.8160166,0.80021226,0.8182025,0.8109472,0.8309144
2025-01-01 14:28:00,0.7815676,0.75749975,0.8686164,0.79367614,0.806803,0.78005105,0.8160247,0.8002128,0.8181949,0.81093556,0.83090407
2025-01-01 14:29:00,0.781555,0.75749046,0.86861426,0.7936828,0.806816,0.7800649,0.8160326,0.80021304,0.8181871,0.8109237,0.8308936
2025-01-01 14:30:00,0.7818899,0.75794446,0.8687716,0.79395384,0.80737275,0.7807832,0.8162006,0.8008179,0.8187566,0.8115048,0.83126354
2025-01-01 14:31:00,0.7821553,0.7583057,0.868897,0.794172,0.80782056,0.7813603,0.8163365,0.80130166,0.81921035,0.81196713,0.83155733
2025-01-01 14:32:00,0.7823649,0.7585927,0.868997,0.79434776,0.8081812,0.7818246,0.8164467,0.8016884,0.8195715,0.8123344,0.8317901
2025-01-01 14:33:00,0.78253,0.7588204,0.86907655,0.79448974,0.8084722,0.7821984,0.81653625,0.8019974,0.81985855,0.8126256,0.83197415
2025-01-01 14:34:00,0.7826595,0.7590006,0.8691398,0.7946046,0.8087075,0.7825,0.8166093,0.8022444,0.8200864,0.81285596,0.8321192
2025-01-01 14:35:00,0.78276044,0.7591428,0.86919,0.7946978,0.80889815,0.7827438,0.8166692,0.8024418,0.8202668,0.81303763,0.832233
2025-01-01 14:36:00,0.7828386,0.7592547,0.8692298,0.79477376,0.8090531,0.78294134,0.8167185,0.8025994,0.82040924,0.8131803,0.8323219
2025-01-01 14:37:00,0.7828984,0.7593422,0.8692612,0.79483587,0.80917954,0.7831018,0.8167594,0.8027251,0.8205213,0.8132919,0.8323907
2025-01-01 14:38:00,0.7829438,0.7594104,0.86928606,0.7948868,0.80928314,0.7832326,0.81679344,0.80282533,0.8206091,0.8133785,0.8324437
2025-01-01 14:39:00,0.7829774,0.759463,0.86930555,0.794929,0.80936855,0.7833398,0.81682205,0.8029052,0.8206774,0.8134452,0.8324839
2025-01-01 14:40:00,0.7830017,0.7595032,0.8693208,0.79496413,0.8094393,0.78342795,0.8168463,0.80296874,0.8207301,0.813496,0.83251387
2025-01-01 14:41:00,0.7830185,0.7595335,0.86933273,0.79499364,0.8094984,0.78350097,0.81686705,0.8030192,0.82077044,0.81353396,0.8325357
2025-01-01 14:42:00,0.7830293,0.7595558,0.8693419,0.7950186,0.8095482,0.7835619,0.816885,0.8030593,0.8208008,0.8135617,0.83255106
2025-01-01 14:43:00,0.7830354,0.75957185,0.86934894,0.79504,0.80959046,0.7836131,0.81690073,0.80309093,0.8208231,0.8135813,0.8325612
2025-01-01 14:44:00,0.78303766,0.75958276,0.8693543,0.79505855,0.80962676,0.7836565,0.8169146,0.8031159,0.82083905,0.8135944,0.8325671
2025-01-01 14:45:00,0.7830368,0.7595897,0.86935836,0.79507476,0.80965835,0.7836936,0.8169271,0.80313545,0.82084984,0.81360227,0.8325698
2025-01-01 14:46:00,0.78303355,0.7595933,0.86936134,0.79508924,0.80968606,0.78372574,0.81693834,0.80315065,0.82085645,0.81360596,0.8325697
2025-01-01 14:47:00,0.78302836,0.7595944,0.8693634,0.79510224,0.8097108,0.78375393,0.81694865,0.8031624,0.8208599,0.8136062,0.8325676
2025-01-01 14:48:00,0.78302157,0.7595935,0.86936486,0.79511404,0.80973303,0.7837789,0.8169582,0.8031714,0.8208607,0.8136038,0.83256376
2025-01-01 14:49:00,0.7830135,0.75959086,0.8693658,0.795125,0.80975336,0.7838014,0.81696707,0.8031781,0.8208593,0.81359935,0.8325586
2025-01-01 14:50:00,0.7830045,0.759587,0.8693663,0.7951352,0.80977213,0.7838217,0.8169755,0.803183,0.8208563,0.8135931,0.8325524
2025-01-01 14:51:00,0.78299475,0.7595821,0.8693665,0.79514486,0.8097896,0.78384036,0.81698346,0.8031865,0.8208518,0.8135855,0.83254534
2025-01-01 14:52:00,0.78298426,0.7595764,0.8693665,0.79515415,0.8098061,0.78385776,0.8169911,0.8031888,0.82084626,0.81357676,0.8325376
2025-01-01 14:53:00,0.78297335,0.75957,0.86936635,0.795163,0.8098219,0.7838741,0.8169984,0.8031901,0.8208398,0.81356716,0.83252937
2025-01-01 14:54:00,0.78296196,0.75956315,0.86936605,0.7951716,0.809837,0.7838896,0.8170056,0.8031907,0.8208326,0.81355685,0.8325206
2025-01-01 14:55:00,0.78295034,0.7595559,0.8693656,0.79518,0.80985165,0.7839044,0.8170124,0.80319065,0.8208249,0.81354606,0.8325116
2025-01-01 14:56:00,0.7829384,0.7595483,0.8693651,0.7951883,0.8098659,0.7839186,0.81701916,0.8031901,0.8208167,0.81353474,0.83250237
2025-01-01 14:57:00,0.78292626,0.7595405,0.8693645,0.79519653,0.8098798,0.78393245,0.8170257,0.8031891,0.82080805,0.81352305,0.8324929
2025-01-01 14:58:00,0.7829139,0.7595325,0.86936396,0.7952046,0.8098934,0.78394586,0.8170321,0.8031878,0.8207992,0.8135111,0.8324833
2025-01-01 14:59:00,0.7829015,0.75952435,0.8693634,0.7952126,0.8099069,0.783959,0.8170385,0.8031862,0.82079,0.81349885,0.83247364
2025-01-01 15:00:00,0.78322285,0.75994706,0.8694373,0.7953942,0.8103932,0.7845978,0.81711763,0.80368507,0.82123804,0.81395465,0.8327097
2025-01-01 15:01:00,0.7834774,0.7602836,0.8694963,0.79554105,0.81078476,0.7851112,0.81718206,0.80408365,0.8215944,0.81431675,0.83289665
2025-01-01 15:02:00,0.7836784,0.76055104,0.8695435,0.79566014,0.81110054,0.78552425,0.8172348,0.8044019,0.82187754,0.8146037,0.8330442
2025-01-01 15:03:00,0.78383666,0.7607633,0.8695811,0.795757,0.81135577,0.78585714,0.81727815,0.8046559,0.8221019,0.8148307,0.8331602
2025-01-01 15:04:00,0.7839607,0.76093143,0.86961114,0.79583603,0.8115625,0.7861258,0.81731397,0.8048585,0.8222793,0.8150096,0.833251
2025-01-01 15:05:00,0.7840573,0.76106423,0.86963516,0.7959009,0.8117304,0.78634304,0.81734365,0.8050199,0.8224191,0.8151502,0.8333217
2025-01-01 15:06:00,0.78413206,0.76116884,0.8696543,0.7959544,0.8118673,0.7865192,0.8173686,0.8051485,0.8225289,0.81526,0.8333762
2025-01-01 15:07:00,0.7841893,0.7612508,0.8696696,0.7959989,0.81197935,0.7866625,0.8173896,0.80525064,0.8226146,0.8153452,0.8334179
2025-01-01 15:08:00,0.7842325,0.76131475,0.86968184,0.79603606,0.81207156,0.78677946,0.8174075,0.80533177,0.8226811,0.8154108,0.8334493
2025-01-01 15:09:00,0.7842645,0.7613643,0.8696916,0.79606754,0.8121479,0.78687537,0.8174229,0.8053959,0.82273215,0.8154606,0.83347243
2025-01-01 15:10:00,0.7842875,0.7614022,0.8696995,0.7960943,0.8122116,0.78695446,0.8174363,0.80544657,0.8227709,0.8154979,0.833489
2025-01-01 15:11:00,0.7843034,0.761431,0.86970586,0.79611737,0.81226504,0.78702,0.817448,0.8054864,0.82279974,0.8155251,0.83350027
2025-01-01 15:12:00,0.78431356,0.7614523,0.86971086,0.7961375,0.8123104,0.7870748,0.81745845,0.80551755,0.82282066,0.8155442,0.83350736
2025-01-01 15:13:00,0.78431904,0.7614678,0.869715,0.7961553,0.81234926,0.787121,0.8174678,0.8055418,0.8228353,0.8155568,0.8335111
2025-01-01 15:14:00,0.78432095,0.76147854,0.8697183,0.7961712,0.8123829,0.7871602,0.81747633,0.80556047,0.8228448,0.8155644,0.8335122
2025-01-01 15:15:00,0.78431994,0.76148564,0.86972106,0.7961857,0.81241244,0.7871939,0.8174842,0.80557466,0.8228503,0.8155678,0.8335111
2025-01-01 15:16:00,0.7843166,0.7614897,0.8697233,0.7961989,0.8124386,0.78722316,0.8174915,0.80558527,0.8228525,0.81556785,0.8335084
2025-01-01 15:17:00,0.7843113,0.7614913,0.8697252,0.7962113,0.81246215,0.7872489,0.8174983,0.80559295,0.8228521,0.81556535,0.83350426
2025-01-01 15:18:00,0.78430456,0.76149106,0.8697269,0.79622287,0.81248355,0.78727174,0.8175047,0.8055984,0.82284963,0.81556076,0.83349913
2025-01-01 15:19:00,0.7842967,0.7614893,0.86972827,0.7962339,0.8125032,0.7872923,0.81751084,0.80560195,0.8228455,0.8155544,0.8334932
2025-01-01 15:20:00,0.7842878,0.76148635,0.8697295,0.7962445,0.81252164,0.787311,0.8175167,0.805604,0.82284,0.81554675,0.8334865
2025-01-01 15:21:00,0.7842782,0.7614825,0.8697307,0.7962547,0.81253886,0.7873283,0.8175223,0.8056049,0.82283336,0.81553805,0.8334793
2025-01-01 15:22:00,0.78426796,0.76147777,0.8697317,0.7962646,0.8125553,0.7873444,0.8175277,0.8056047,0.8228259,0.81552845,0.83347166
2025-01-01 15:23:00,0.78425723,0.7614725,0.86973274,0.79627424,0.81257105,0.78735954,0.81753296,0.8056038,0.8228177,0.81551814,0.83346367
2025-01-01 15:24:00,0.78424615,0.7614668,0.8697337,0.79628384,0.8125862,0.7873739,0.8175381,0.8056022,0.8228089,0.8155073,0.8334555
2025-01-01 15:25:00,0.78423476,0.7614607,0.8697347,0.7962932,0.8126009,0.7873876,0.81754315,0.8056001,0.8227997,0.815496,0.83344716
2025-01-01 15:26:00,0.78422314,0.7614544,0.86973566,0.79630256,0.8126153,0.7874009,0.81754804,0.80559754,0.82279,0.81548446,0.8334386
2025-01-01 15:27:00,0.78421134,0.76144785,0.8697367,0.79631186,0.8126294,0.78741366,0.81755286,0.8055946,0.8227802,0.81547254,0.83342993
2025-01-01 15:28:00,0.78419936,0.7614412,0.8697376,0.7963211,0.81264323,0.7874261,0.8175575,0.8055914,0.82277,0.8154604,0.83342123
2025-01-01 15:29:00,0.7841873,0.76143426,0.86973864,0.7963303,0.81265694,0.78743833,0.81756216,0.80558795,0.8227596,0.8154481,0.8334124
2025-01-01 15:30:00,0.7844893,0.7618181,0.8697278,0.7964191,0.8130641,0.78798616,0.817551,0.8059721,0.82307833,0.8157703,0.83351064
2025-01-01 15:31:00,0.78472835,0.76212376,0.8697193,0.79649204,0.8133924,0.7884266,0.8175429,0.8062786,0.82333094,0.81602556,0.8335874
2025-01-01 15:32:00,0.7849171,0.76236683,0.8697128,0.7965522,0.81365764,0.7887811,0.81753725,0.8065228,0.82353085,0.8162272,0.833647
2025-01-01 15:33:00,0.7850656,0.76255983,0.8697079,0.7966022,0.81387246,0.7890669,0.81753355,0.8067172,0.8236885,0.8163858,0.83369297
2025-01-01 15:34:00,0.7851819,0.76271284,0.86970425,0.7966441,0.8140469,0.7892978,0.81753147,0.80687183,0.8238123,0.8165102,0.833728
2025-01-01 15:35:00,0.7852725,0.76283383,0.8697016,0.7966794,0.8141891,0.7894847,0.8175305,0.80699456,0.8239091,0.8166071,0.8337543
2025-01-01 15:36:00,0.7853424,0.7629292,0.86969984,0.79670954,0.8143054,0.78963643,0.8175305,0.8070918,0.82398427,0.81668204,0.83377355
2025-01-01 15:37:00,0.7853959,0.7630042,0.8696987,0.7967356,0.8144011,0.78975993,0.81753135,0.80716854,0.8240421,0.81673944,0.83378726
2025-01-01 15:38:00,0.7854363,0.7630628,0.86969817,0.79675823,0.81448025,0.7898609,0.8175328,0.80722904,0.824086,0.8167828,0.8337965
2025-01-01 15:39:00,0.785466,0.76310825,0.86969805,0.7967783,0.8145462,0.7899439,0.8175346,0.8072764,0.824119,0.81681484,0.83380216
2025-01-01 15:40:00,0.7854874,0.7631433,0.86969835,0.7967963,0.8146016,0.79001236,0.8175369,0.8073133,0.82414293,0.8168379,0.83380497
2025-01-01 15:41:00,0.785502,0.76316994,0.86969894,0.7968126,0.8146485,0.79006934,0.81753945,0.8073418,0.8241598,0.81685376,0.83380556
2025-01-01 15:42:00,0.7855113,0.76319,0.8696998,0.79682755,0.8146886,0.7901171,0.8175422,0.8073636,0.824171,0.8168639,0.83380437
2025-01-01 15:43:00,0.7855162,0.76320463,0.8697008,0.79684144,0.8147234,0.7901574,0.8175451,0.80737996,0.8241776,0.81686944,0.8338017
2025-01-01 15:44:00,0.7855177,0.76321507,0.86970204,0.7968545,0.81475383,0.79019177,0.8175481,0.80739206,0.82418066,0.8168713,0.8337979
2025-01-01 15:45:00,0.7855165,0.7632221,0.8697034,0.7968669,0.8147808,0.79022145,0.8175512,0.80740064,0.8241807,0.8168702,0.83379316
2025-01-01 15:46:00,0.7855131,0.7632264,0.869705,0.79687876,0.8148049,0.7902472,0.8175544,0.80740637,0.8241784,0.81686676,0.83378774
2025-01-01 15:47:00,0.7855079,0.7632286,0.86970675,0.7968902,0.8148269,0.79027003,0.8175576,0.80740994,0.8241743,0.81686145,0.8337817
2025-01-01 15:48:00,0.7855013,0.763229,0.8697085,0.79690135,0.8148471,0.79029036,0.81756073,0.8074117,0.82416856,0.81685466,0.8337753
2025-01-01 15:49:00,0.7854936,0.7632281,0.8697103,0.7969122,0.8148658,0.7903087,0.81756395,0.807412,0.8241617,0.81684667,0.83376855
2025-01-01 15:50:00,0.785485,0.76322615,0.86971235,0.7969229,0.8148835,0.79032546,0.8175671,0.80741113,0.82415384,0.81683767,0.8337615
2025-01-01 15:51:00,0.7854758,0.7632233,0.8697144,0.7969335,0.81490016,0.79034096,0.8175703,0.8074093,0.8241452,0.81682795,0.8337543
2025-01-01 15:52:00,0.78546596,0.7632198,0.8697165,0.7969439,0.8149162,0.79035544,0.8175735,0.8074067,0.8241359,0.8168177,0.8337469
2025-01-01 15:53:00,0.78545564,0.7632157,0.8697188,0.7969543,0.81493163,0.7903691,0.8175766,0.80740356,0.82412606,0.81680685,0.83373946
2025-01-01 15:54:00,0.785445,0.7632113,0.86972106,0.7969646,0.8149466,0.790382,0.8175796,0.80739987,0.8241158,0.8167957,0.83373183
2025-01-01 15:55:00,0.78543407,0.76320654,0.8697234,0.79697484,0.81496114,0.7903945,0.81758267,0.80739576,0.82410526,0.8167842,0.8337242
2025-01-01 15:56:00,0.785423,0.76320153,0.86972576,0.79698503,0.81497544,0.79040647,0.81758565,0.8073913,0.8240945,0.81677246,0.8337166
2025-01-01 15:57:00,0.78541166,0.76319635,0.86972827,0.7969953,0.8149895,0.79041815,0.81758857,0.8073865,0.8240833,0.81676054,0.8337088
2025-01-01 15:58:00,0.7854002,0.76319104,0.86973083,0.79700553,0.8150034,0.7904295,0.8175915,0.80738145,0.8240721,0.81674844,0.8337012
2025-01-01 15:59:00,0.7853887,0.76318556,0.86973345,0.7970157,0.8150171,0.79044056,0.8175944,0.80737627,0.82406074,0.81673634,0.8336935
2025-01-01 16:00:00,0.7856659,0.7635237,0.86963797,0.7970104,0.81533784,0.79088765,0.81749314,0.8076387,0.8242442,0.8169194,0.8336521
2025-01-01 16:01:00,0.78588533,0.763793,0.86956227,0.7970082,0.81559706,0.7912473,0.8174126,0.8078474,0.8243887,0.8170633,0.8336174
2025-01-01 16:02:00,0.78605855,0.76400733,0.8695023,0.79700845,0.81580704,0.791537,0.8173487,0.80801314,0.8245018,0.8171759,0.8335881
2025-01-01 16:03:00,0.7861946,0.7641777,0.86945486,0.7970108,0.8159777,0.79177076,0.8172981,0.80814457,0.82458985,0.8172635,0.8335632
2025-01-01 16:04:00,0.78630126,0.76431286,0.8694176,0.7970147,0.8161168,0.7919598,0.81725806,0.8082484,0.8246579,0.81733096,0.83354187
2025-01-01 16:05:00,0.78638417,0.7644199,0.8693884,0.79701996,0.8162307,0.792113,0.8172265,0.8083302,0.8247099,0.8173825,0.8335232
2025-01-01 16:06:00,0.7864481,0.76450443,0.86936575,0.7970263,0.8163244,0.7922375,0.8172017,0.8083944,0.8247491,0.81742126,0.8335069
2025-01-01 16:07:00,0.786497,0.76457095,0.8693482,0.79703337,0.816402,0.7923391,0.8171823,0.8084444,0.824778,0.8174497,0.8334924
2025-01-01 16:08:00,0.78653365,0.76462305,0.86933494,0.7970412,0.81646675,0.79242235,0.8171672,0.8084831,0.8247987,0.81746995,0.8334793
2025-01-01 16:09:00,0.7865607,0.76466376,0.8693249,0.7970495,0.81652117,0.7924909,0.8171556,0.8085128,0.82481277,0.8174837,0.83346736
2025-01-01 16:10:00,0.78658,0.7646952,0.8693176,0.7970584,0.8165673,0.7925477,0.8171466,0.8085352,0.82482165,0.8174921,0.8334564
2025-01-01 16:11:00,0.78659314,0.76471937,0.86931247,0.7970676,0.81660676,0.792595,0.81713986,0.8085519,0.82482624,0.8174964,0.8334462
2025-01-01 16:12:00,0.7866013,0.76473767,0.86930907,0.7970771,0.81664103,0.79263484,0.81713486,0.8085638,0.8248275,0.81749743,0.83343667
2025-01-01 16:13:00,0.78660554,0.7647512,0.86930704,0.79708683,0.8166711,0.79266864,0.8171312,0.80857205,0.824826,0.81749564,0.8334276
2025-01-01 16:14:00,0.7866066,0.7647611,0.8693062,0.7970968,0.81669766,0.79269755,0.81712866,0.8085773,0.8248223,0.81749177,0.83341897
2025-01-01 16:15:00,0.7866052,0.76476794,0.86930627,0.7971069,0.8167216,0.7927226,0.817127,0.8085801,0.82481694,0.8174862,0.8334107
2025-01-01 16:16:00,0.7866018,0.7647725,0.86930704,0.7971172,0.8167433,0.7927445,0.817126,0.808581,0.82481015,0.81747925,0.8334027
2025-01-01 16:17:00,0.7865967,0.7647751,0.8693085,0.7971276,0.81676334,0.79276395,0.8171255,0.8085803,0.8248022,0.81747127,0.8333949
2025-01-01 16:18:00,0.78659034,0.76477623,0.8693104,0.79713804,0.81678194,0.7927814,0.81712544,0.8085784,0.82479346,0.8174624,0.8333874
2025-01-01 16:19:00,0.786583,0.7647762,0.86931264,0.7971486,0.8167994,0.7927972,0.8171257,0.80857545,0.8247839,0.81745285,0.83338
2025-01-01 16:20:00,0.78657484,0.7647752,0.8693153,0.79715925,0.81681603,0.79281175,0.81712615,0.80857164,0.8247738,0.8174428,0.8333728
2025-01-01 16:21:00,0.7865661,0.7647735,0.86931825,0.79717,0.816832,0.7928252,0.81712687,0.8085672,0.82476324,0.81743217,0.8333656
2025-01-01 16:22:00,0.7865568,0.76477116,0.8693214,0.7971808,0.8168473,0.79283786,0.81712765,0.8085623,0.8247522,0.8174213,0.83335865
2025-01-01 16:23:00,0.7865471,0.7647684,0.86932474,0.79719156,0.8168621,0.7928498,0.81712854,0.80855685,0.824741,0.81741023,0.83335173
2025-01-01 16:24:00,0.7865371,0.76476526,0.86932826,0.79720247,0.8168766,0.7928612,0.81712955,0.8085511,0.82472956,0.81739885,0.83334494
2025-01-01 16:25:00,0.78652686,0.7647619,0.86933196,0.79721344,0.81689084,0.79287213,0.8171305,0.80854493,0.82471776,0.81738734,0.83333814
2025-01-01 16:26:00,0.7865164,0.7647583,0.8693358,0.79722434,0.8169048,0.7928827,0.8171316,0.8085387,0.8247059,0.8173757,0.83333147
2025-01-01 16:27:00,0.7865059,0.76475453,0.8693397,0.79723537,0.81691855,0.792893,0.81713265,0.8085321,0.8246939,0.8173639,0.8333249
2025-01-01 16:28:00,0.78649515,0.76475066,0.86934376,0.79724646,0.8169322,0.792903,0.8171336,0.8085254,0.82468176,0.8173521,0.8333184
2025-01-01 16:29:00,0.78648436,0.7647467,0.8693479,0.79725754,0.8169457,0.7929128,0.8171346,0.8085185,0.82466954,0.81734025,0.8333119
2025-01-01 16:30:00,0.78673184,0.7650331,0.8691696,0.79715794,0.8171743,0.79325104,0.8169451,0.8086546,0.8247147,0.81738067,0.83313143
2025-01-01 16:31:00,0.78692764,0.7652614,0.8690279,0.7970805,0.8173598,0.7935235,0.81679356,0.80876195,0.8247483,0.8174107,0.8329858
2025-01-01 16:32:00,0.7870821,0.7654432,0.8689155,0.79702085,0.81751084,0.7937432,0.81667256,0.80884635,0.82477266,0.8174322,0.8328681
2025-01-01 16:33:00,0.78720343,0.7655878,0.8688265,0.7969754,0.8176342,0.7939207,0.8165759,0.8089123,0.82478964,0.8174471,0.83277273
2025-01-01 16:34:00,0.7872983,0.7657027,0.86875623,0.7969413,0.81773555,0.7940644,0.8164987,0.80896354,0.82480067,0.81745666,0.8326953
2025-01-01 16:35:00,0.787372,0.76579386,0.86870104,0.7969163,0.8178192,0.79418117,0.81643707,0.80900294,0.8248069,0.8174618,0.8326321
2025-01-01 16:36:00,0.78742886,0.76586604,0.86865777,0.79689854,0.8178886,0.7942763,0.81638783,0.809033,0.82480943,0.81746364,0.83258045
2025-01-01 16:37:00,0.78747207,0.76592296,0.8686242,0.7968867,0.81794685,0.79435414,0.81634855,0.8090554,0.8248089,0.8174627,0.8325379
2025-01-01 16:38:00,0.78750455,0.7659677,0.86859834,0.7968795,0.81799597,0.79441816,0.8163172,0.8090717,0.8248059,0.81745946,0.8325027
2025-01-01 16:39:00,0.78752834,0.76600283,0.8685787,0.796876,0.81803787,0.794471,0.8162922,0.8090832,0.8248009,0.81745464,0.8324734
2025-01-01 16:40:00,0.78754526,0.7660302,0.8685639,0.79687554,0.81807387,0.794515,0.81627226,0.8090908,0.8247945,0.8174484,0.83244884
2025-01-01 16:41:00,0.78755665,0.76605135,0.86855316,0.79687744,0.81810534,0.79455197,0.8162564,0.80909526,0.8247867,0.817441,0.8324281
2025-01-01 16:42:00,0.78756356,0.76606756,0.86854553,0.7968813,0.8181331,0.79458314,0.8162437,0.80909723,0.82477796,0.81743276,0.83241034
2025-01-01 16:43:00,0.787567,0.76607984,0.8685405,0.79688674,0.81815785,0.7946098,0.8162336,0.8090971,0.82476836,0.81742376,0.83239514
2025-01-01 16:44:00,0.7875677,0.76608896,0.86853755,0.7968934,0.8181802,0.7946328,0.81622547,0.80909544,0.82475823,0.8174142,0.83238184
2025-01-01 16:45:00,0.78756607,0.76609564,0.8685363,0.7969011,0.81820065,0.7946528,0.8162191,0.80909246,0.82474744,0.81740427,0.8323701
2025-01-01 16:46:00,0.78756267,0.7661002,0.8685363,0.79690963,0.8182196,0.7946704,0.8162139,0.80908847,0.8247363,0.817394,0.8323597
2025-01-01 16:47:00,0.78755784,0.7661033,0.8685374,0.79691875,0.81823725,0.79468614,0.8162098,0.8090835,0.82472485,0.8173834,0.83235025
2025-01-01 16:48:00,0.7875518,0.7661051,0.86853945,0.7969284,0.818254,0.79470044,0.8162064,0.8090779,0.82471305,0.8173727,0.8323416
2025-01-01 16:49:00,0.7875449,0.7661059,0.86854213,0.7969385,0.8182699,0.7947135,0.8162037,0.8090718,0.8247011,0.8173617,0.83233374
2025-01-01 16:50:00,0.7875374,0.76610595,0.8685455,0.79694897,0.8182852,0.79472554,0.81620145,0.8090652,0.8246889,0.8173506,0.83232635
2025-01-01 16:51:00,0.78752923,0.76610535,0.8685492,0.79695964,0.81829995,0.79473674,0.81619966,0.8090582,0.8246766,0.8173395,0.83231944
2025-01-01 16:52:00,0.78752065,0.7661043,0.86855334,0.7969706,0.8183144,0.7947473,0.81619805,0.8090509,0.8246642,0.81732816,0.832313
2025-01-01 16:53:00,0.78751177,0.76610285,0.8685578,0.7969817,0.8183284,0.7947573,0.81619674,0.80904335,0.8246517,0.8173169,0.8323068
2025-01-01 16:54:00,0.7875025,0.7661011,0.8685625,0.79699296,0.81834215,0.7947669,0.8161956,0.8090356,0.8246391,0.81730556,0.8323008
2025-01-01 16:55:00,0.78749305,0.76609915,0.86856747,0.7970044,0.81835574,0.79477614,0.8161946,0.8090276,0.82462645,0.8172942,0.83229506
2025-01-01 16:56:00,0.7874835,0.76609707,0.8685726,0.7970159,0.81836915,0.7947851,0.8161936,0.8090195,0.82461375,0.81728286,0.8322895
2025-01-01 16:57:00,0.78747386,0.7660948,0.86857796,0.7970275,0.8183824,0.7947938,0.8161927,0.80901134,0.824601,0.8172715,0.83228415
2025-01-01 16:58:00,0.787464,0.7660925,0.8685834,0.7970392,0.81839556,0.7948023,0.81619185,0.809003,0.8245882,0.81726015,0.83227885
2025-01-01 16:59:00,0.7874542,0.76609015,0.868589,0.79705095,0.8184086,0.7948106,0.816191,0.8089946,0.8245753,0.81724876,0.8322737
2025-01-01 17:00:00,0.78766763,0.76631963,0.86833096,0.7968589,0.81854105,0.79503417,0.81591654,0.8090018,0.82448125,0.817146,0.83195746
2025-01-01 17:01:00,0.78783643,0.7665028,0.8681258,0.79670775,0.8186496,0.79521453,0.8156968,0.8090058,0.8244034,0.8170614,0.8317035
2025-01-01 17:02:00,0.78796935,0.76664877,0.86796296,0.79658926,0.8187389,0.7953603,0.81552076,0.8090072,0.82433856,0.8169916,0.8314994
2025-01-01 17:03:00,0.7880738,0.7667652,0.8678339,0.7964968,0.81881285,0.7954784,0.81537974,0.8090066,0.8242841,0.8169335,0.83133525
2025-01-01 17:04:00,0.7881553,0.76685774,0.8677319,0.7964253,0.81887454,0.7955744,0.8152667,0.8090042,0.8242379,0.8168848,0.83120304
2025-01-01 17:05:00,0.7882186,0.76693135,0.86765164,0.79637057,0.8189264,0.7956526,0.81517607,0.8090005,0.8241983,0.8168436,0.8310965
2025-01-01 17:06:00,0.78826725,0.7669899,0.86758864,0.79632914,0.81897044,0.7957167,0.81510335,0.8089957,0.8241641,0.8168084,0.8310103
2025-01-01 17:07:00,0.78830427,0.7670362,0.8675396,0.79629844,0.8190081,0.7957694,0.81504494,0.80899006,0.8241341,0.816778,0.83094054
2025-01-01 17:08:00,0.7883318,0.76707286,0.8675016,0.7962764,0.8190408,0.795813,0.8149979,0.80898374,0.82410747,0.81675154,0.83088386
2025-01-01 17:09:00,0.78835195,0.76710176,0.8674726,0.7962612,0.8190694,0.7958493,0.81496,0.80897677,0.82408357,0.81672806,0.8308378
2025-01-01 17:10:00,0.78836614,0.76712453,0.86745065,0.7962515,0.8190948,0.7958798,0.8149295,0.8089694,0.8240619,0.81670713,0.83080006
2025-01-01 17:11:00,0.78837556,0.76714236,0.86743444,0.7962462,0.8191176,0.7959056,0.8149047,0.80896163,0.8240419,0.8166882,0.83076906
2025-01-01 17:12:00,0.78838116,0.76715624,0.8674229,0.7962444,0.81913835,0.79592764,0.81488454,0.80895346,0.82402325,0.8166709,0.8307435
2025-01-01 17:13:00,0.7883837,0.767167,0.8674149,0.7962454,0.81915736,0.79594666,0.8148682,0.8089451,0.8240057,0.81665486,0.8307223
2025-01-01 17:14:00,0.78838384,0.76717514,0.8674099,0.7962487,0.81917506,0.7959632,0.8148548,0.8089366,0.82398915,0.8166399,0.8307045
2025-01-01 17:15:00,0.7883821,0.7671814,0.8674072,0.7962538,0.8191917,0.7959779,0.81484365,0.8089278,0.82397324,0.81662565,0.83068955
2025-01-01 17:16:00,0.7883788,0.7671861,0.8674065,0.79626036,0.81920755,0.79599094,0.8148345,0.80891883,0.8239579,0.8166122,0.83067685
2025-01-01 17:17:00,0.78837425,0.76718956,0.86740726,0.79626805,0.8192226,0.7960028,0.8148267,0.80890983,0.823943,0.81659925,0.8306659
2025-01-01 17:18:00,0.78836876,0.76719195,0.8674093,0.79627675,0.8192371,0.7960136,0.8148202,0.80890065,0.82392853,0.8165867,0.83065647
2025-01-01 17:19:00,0.7883625,0.7671936,0.8674124,0.79628617,0.81925124,0.79602355,0.81481457,0.8088914,0.82391423,0.8165745,0.83064824
2025-01-01 17:20:00,0.7883556,0.7671946,0.8674162,0.7962961,0.81926495,0.7960329,0.8148097,0.80888206,0.8239003,0.81656265,0.8306409
2025-01-01 17:21:00,0.78834826,0.7671952,0.86742073,0.7963066,0.81927836,0.7960416,0.8148054,0.80887264,0.82388645,0.816551,0.83063436
2025-01-01 17:22:00,0.78834057,0.7671954,0.8674258,0.7963176,0.8192916,0.79604995,0.81480145,0.80886316,0.8238728,0.81653965,0.83062845
2025-01-01 17:23:00,0.7883326,0.76719534,0.86743134,0.7963288,0.8193046,0.7960579,0.81479794,0.8088536,0.8238592,0.81652844,0.83062303
2025-01-01 17:24:00,0.78832436,0.767195,0.8674372,0.7963403,0.8193174,0.7960655,0.81479466,0.808844,0.8238458,0.81651735,0.830618
2025-01-01 17:25:00,0.7883159,0.7671945,0.8674433,0.79635197,0.8193301,0.7960729,0.8147916,0.8088344,0.8238324,0.8165063,0.8306134
2025-01-01 17:26:00,0.78830737,0.7671939,0.8674497,0.7963639,0.8193427,0.7960801,0.81478876,0.80882466,0.8238191,0.8164954,0.830609
2025-01-01 17:27:00,0.7882987,0.76719326,0.8674563,0.7963759,0.8193552,0.7960871,0.81478596,0.80881494,0.8238058,0.81648463,0.8306049
2025-01-01 17:28:00,0.78829,0.76719254,0.8674631,0.796388,0.8193676,0.79609394,0.8147832,0.8088051,0.8237925,0.8164739,0.83060104
2025-01-01 17:29:00,0.78828126,0.76719177,0.86747,0.79640025,0.8193799,0.7961007,0.81478053,0.8087952,0.82377934,0.8164633,0.83059734
2025-01-01 17:30:00,0.78845674,0.76736027,0.8671371,0.7961193,0.8194139,0.7962056,0.81442606,0.80867356,0.8235478,0.8162191,0.8301509
2025-01-01 17:31:00,0.7885953,0.7674949,0.86687225,0.79589707,0.8194435,0.7962907,0.8141419,0.8085742,0.8233599,0.81602174,0.8297932
2025-01-01 17:32:00,0.7887044,0.7676025,0.86666185,0.7957218,0.81946963,0.79635996,0.8139141,0.80849266,0.82320696,0.81586176,0.8295065
2025-01-01 17:33:00,0.7887899,0.76768845,0.86649513,0.7955842,0.8194929,0.79641664,0.8137314,0.8084254,0.823082,0.8157317,0.8292765
2025-01-01 17:34:00,0.7888567,0.76775706,0.8663632,0.79547656,0.81951386,0.79646313,0.81358457,0.80836964,0.8229794,0.81562567,0.82909197
2025-01-01 17:35:00,0.78890824,0.76781183,0.86625934,0.795393,0.81953305,0.79650146,0.8134666,0.80832285,0.82289475,0.81553876,0.82894385
2025-01-01 17:36:00,0.7889478,0.7678556,0.8661778,0.79532874,0.8195508,0.79653335,0.81337166,0.80828345,0.8228243,0.81546724,0.8288248
2025-01-01 17:37:00,0.78897774,0.76789045,0.8661141,0.7952798,0.8195673,0.79656,0.81329507,0.80824983,0.82276535,0.81540805,0.82872903
2025-01-01 17:38:00,0.789,0.7679183,0.8660647,0.7952432,0.819583,0.79658246,0.81323326,0.80822086,0.82271564,0.81535864,0.82865196
2025-01-01 17:39:00,0.78901607,0.7679405,0.8660269,0.7952165,0.81959784,0.79660153,0.8131832,0.8081956,0.82267314,0.81531715,0.8285898
2025-01-01 17:40:00,0.7890273,0.76795816,0.8659982,0.79519767,0.8196121,0.796618,0.8131425,0.80817336,0.82263666,0.8152819,0.8285396
2025-01-01 17:41:00,0.78903455,0.7679723,0.86597687,0.7951852,0.81962585,0.7966322,0.8131093,0.80815345,0.8226048,0.81525177,0.82849896
2025-01-01 17:42:00,0.7890387,0.7679836,0.86596143,0.7951778,0.8196392,0.7966447,0.8130821,0.8081354,0.82257664,0.8152257,0.828466
2025-01-01 17:43:00,0.7890403,0.76799256,0.8659507,0.7951744,0.81965226,0.7966558,0.8130597,0.8081189,0.82255155,0.8152028,0.8284392
2025-01-01 17:44:00,0.78904,0.76799977,0.8659438,0.79517424,0.819665,0.7966657,0.8130411,0.80810356,0.8225289,0.81518257,0.8284173
2025-01-01 17:45:00,0.78903806,0.7680055,0.86593986,0.79517674,0.8196776,0.7966747,0.81302553,0.8080892,0.82250804,0.81516445,0.8283993
2025-01-01 17:46:00,0.7890349,0.76801014,0.86593837,0.7951812,0.8196899,0.796683,0.8130125,0.80807555,0.82248884,0.815148,0.8283846
2025-01-01 17:47:00,0.7890308,0.76801383,0.86593884,0.7951874,0.81970215,0.79669064,0.8130013,0.80806255,0.8224708,0.8151329,0.8283724
2025-01-01 17:48:00,0.78902584,0.7680168,0.8659409,0.7951949,0.81971425,0.79669785,0.8129916,0.80805,0.82245374,0.81511885,0.8283622
2025-01-01 17:49:00,0.7890203,0.7680193,0.8659443,0.7952035,0.8197262,0.7967046,0.8129832,0.80803776,0.8224375,0.8151057,0.82835376
2025-01-01 17:50:00,0.7890142,0.76802135,0.8659487,0.7952129,0.81973815,0.796711,0.8129757,0.80802584,0.8224219,0.8150933,0.82834655
2025-01-01 17:51:00,0.7890078,0.768023,0.86595386,0.7952231,0.81975,0.79671717,0.81296897,0.8080142,0.82240677,0.8150814,0.8283405
2025-01-01 17:52:00,0.78900105,0.76802444,0.86595976,0.79523385,0.8197618,0.79672307,0.81296283,0.80800265,0.8223921,0.81507003,0.8283352
2025-01-01 17:53:00,0.7889941,0.76802576,0.86596614,0.795245,0.8197735,0.79672885,0.81295717,0.8079913,0.8223777,0.815059,0.82833076
2025-01-01 17:54:00,0.788987,0.7680269,0.865973,0.79525644,0.8197852,0.7967344,0.81295186,0.80798,0.8223636,0.81504834,0.8283268
2025-01-01 17:55:00,0.7889797,0.7680279,0.86598027,0.79526824,0.81979674,0.79673976,0.8129468,0.8079688,0.8223497,0.81503785,0.82832336
2025-01-01 17:56:00,0.7889724,0.76802886,0.86598784,0.7952802,0.8198083,0.79674506,0.81294197,0.80795765,0.82233596,0.81502765,0.8283204
2025-01-01 17:57:00,0.7889649,0.76802975,0.8659956,0.79529244,0.8198198,0.7967502,0.8129374,0.80794656,0.8223224,0.81501764,0.82831764
2025-01-01 17:58:00,0.7889574,0.7680306,0.86600363,0.7953048,0.8198313,0.79675525,0.81293285,0.8079354,0.82230896,0.81500775,0.8283152
2025-01-01 17:59:00,0.78894997,0.7680314,0.8660118,0.79531723,0.8198428,0.79676026,0.8129284,0.80792433,0.8222955,0.81499803,0.82831293
2025-01-01 18:00:00,0.78908426,0.76813596,0.8656096,0.7949524,0.81977767,0.79674447,0.8125002,0.80767584,0.8219306,0.8146167,0.8277443
2025-01-01 18:01:00,0.7891903,0.76821977,0.8652896,0.7946631,0.8197277,0.7967327,0.8121568,0.80747485,0.82163596,0.8143098,0.82728916
2025-01-01 18:02:00,0.7892735,0.76828706,0.8650355,0.7944342,0.81969005,0.7967242,0.8118812,0.8073119,0.82139766,0.8140624,0.82692486
2025-01-01 18:03:00,0.78933865,0.7683411,0.86483395,0.79425377,0.81966215,0.79671824,0.8116599,0.8071792,0.8212045,0.8138627,0.8266332
2025-01-01 18:04:00,0.7893893,0.7683846,0.8646745,0.79411197,0.81964207,0.7967144,0.81148195,0.8070709,0.8210473,0.81370115,0.8263997
2025-01-01 18:05:00,0.78942835,0.7684195,0.86454886,0.79400116,0.8196282,0.79671216,0.81133866,0.806982,0.820919,0.81357014,0.82621264
2025-01-01 18:06:00,0.78945816,0.76844776,0.8644501,0.7939151,0.81961936,0.79671127,0.81122315,0.80690855,0.8208137,0.8134635,0.8260628
2025-01-01 18:07:00,0.78948057,0.76847064,0.86437297,0.7938489,0.81961447,0.7967113,0.8111298,0.8068476,0.8207269,0.8133764,0.8259428
2025-01-01 18:08:00,0.789497,0.7684891,0.8643131,0.79379845,0.8196128,0.7967122,0.8110542,0.80679655,0.8206548,0.813305,0.8258467
2025-01-01 18:09:00,0.7895088,0.76850426,0.8642671,0.7937607,0.8196137,0.79671377,0.8109929,0.80675346,0.82059467,0.8132461,0.82576954
2025-01-01 18:10:00,0.7895168,0.7685166,0.8642322,0.7937332,0.81961656,0.7967158,0.8109428,0.8067167,0.8205438,0.81319726,0.82570773
2025-01-01 18:11:00,0.7895218,0.7685268,0.8642061,0.79371375,0.819621,0.7967182,0.81090176,0.80668503,0.8205007,0.81315637,0.8256582
2025-01-01 18:12:00,0.78952444,0.7685353,0.86418706,0.7937008,0.8196268,0.79672086,0.810868,0.8066574,0.82046354,0.813122,0.8256184
2025-01-01 18:13:00,0.7895251,0.7685424,0.86417377,0.7936931,0.8196336,0.7967238,0.81084,0.806633,0.8204312,0.8130927,0.8255865
2025-01-01 18:14:00,0.7895243,0.7685484,0.864165,0.7936895,0.8196412,0.79672694,0.81081665,0.80661124,0.82040274,0.81306756,0.8255608
2025-01-01 18:15:00,0.7895223,0.7685536,0.8641599,0.79368925,0.8196494,0.79673016,0.8107969,0.80659145,0.8203774,0.8130457,0.82554024
2025-01-01 18:16:00,0.7895193,0.7685581,0.86415774,0.7936917,0.81965816,0.79673344,0.81078017,0.8065734,0.8203546,0.81302655,0.8255237
2025-01-01 18:17:00,0.7895156,0.768562,0.8641579,0.7936963,0.81966734,0.79673684,0.8107657,0.8065565,0.8203338,0.81300956,0.8255104
2025-01-01 18:18:00,0.7895113,0.76856554,0.86416,0.7937025,0.81967676,0.7967403,0.81075317,0.8065408,0.8203145,0.8129943,0.8254998
2025-01-01 18:19:00,0.7895065,0.76856875,0.86416364,0.7937102,0.8196865,0.7967437,0.810742,0.8065259,0.8202965,0.81298035,0.8254912
2025-01-01 18:20:00,0.78950137,0.76857173,0.8641684,0.7937189,0.8196963,0.79674715,0.81073207,0.8065116,0.82027966,0.81296754,0.8254843
2025-01-01 18:21:00,0.78949594,0.76857454,0.8641742,0.7937284,0.8197063,0.7967506,0.81072307,0.8064979,0.82026356,0.8129557,0.82547873
2025-01-01 18:22:00,0.78949034,0.7685772,0.86418074,0.7937387,0.8197165,0.796754,0.8107147,0.8064845,0.82024807,0.81294453,0.8254743
2025-01-01 18:23:00,0.78948456,0.7685798,0.864188,0.79374963,0.8197267,0.7967574,0.81070703,0.80647147,0.8202331,0.8129339,0.8254708
2025-01-01 18:24:00,0.7894786,0.7685823,0.8641958,0.7937609,0.819737,0.79676074,0.8106997,0.8064587,0.82021856,0.81292385,0.825468
2025-01-01 18:25:00,0.78947264,0.7685847,0.864204,0.7937726,0.8197473,0.7967641,0.81069285,0.8064462,0.82020444,0.81291413,0.8254658
2025-01-01 18:26:00,0.78946656,0.7685872,0.8642125,0.7937845,0.81975764,0.79676735,0.8106862,0.80643374,0.82019055,0.8129048,0.82546407
2025-01-01 18:27:00,0.7894605,0.7685896,0.86422133,0.7937967,0.819768,0.79677063,0.8106798,0.80642146,0.8201769,0.81289566,0.82546276
2025-01-01 18:28:00,0.7894544,0.76859206,0.86423045,0.7938091,0.8197784,0.7967738,0.8106735,0.80640924,0.8201635,0.81288683,0.8254618
2025-01-01 18:29:00,0.7894483,0.76859456,0.8642397,0.79382163,0.81978875,0.79677695,0.8106673,0.8063971,0.8201502,0.8128781,0.8254611
2025-01-01 18:30:00,0.7895392,0.76863325,0.8637757,0.7933793,0.8196256,0.7966409,0.8101731,0.80602634,0.8196583,0.8123665,0.8247805
2025-01-01 18:31:00,0.7896107,0.7686648,0.8634064,0.7930281,0.81949717,0.7965326,0.8097766,0.80572736,0.8192622,0.8119557,0.8242362
2025-01-01 18:32:00,0.7896667,0.7686905,0.8631131,0.7927498,0.81939644,0.7964465,0.80945814,0.8054857,0.8189429,0.8116254,0.8238008
2025-01-01 18:33:00,0.78971034,0.7687117,0.86288047,0.79252976,0.8193179,0.7963782,0.80920225,0.8052901,0.8186848,0.8113597,0.82345265
2025-01-01 18:34:00,0.7897441,0.76872915,0.8626964,0.7923564,0.8192571,0.796324,0.8089963,0.80513114,0.81847584,0.81114554,0.8231743
2025-01-01 18:35:00,0.7897699,0.7687437,0.8625512,0.7922203,0.81921047,0.7962813,0.80883044,0.8050016,0.8183062,0.81097275,0.8229517
2025-01-01 18:36:00,0.7897894,0.7687559,0.86243707,0.792114,0.8191752,0.7962476,0.80869645,0.8048956,0.81816787,0.8108329,0.8227738
2025-01-01 18:37:00,0.7898038,0.7687663,0.86234784,0.79203165,0.81914896,0.79622114,0.808588,0.8048083,0.81805474,0.81071955,0.8226317
2025-01-01 18:38:00,0.7898143,0.76877517,0.8622786,0.7919683,0.81913,0.79620045,0.8085001,0.80473614,0.8179617,0.8106274,0.82251817
2025-01-01 18:39:00,0.7898215,0.7687829,0.86222523,0.7919203,0.8191168,0.7961844,0.8084285,0.804676,0.8178847,0.8105522,0.8224276
2025-01-01 18:40:00,0.78982615,0.76878977,0.86218464,0.79188454,0.81910825,0.796172,0.80837,0.80462533,0.81782067,0.8104905,0.8223552
2025-01-01 18:41:00,0.7898288,0.76879585,0.86215425,0.79185855,0.81910336,0.79616255,0.8083219,0.8045825,0.8177669,0.81043965,0.8222976
2025-01-01 18:42:00,0.7898298,0.7688014,0.8621321,0.7918404,0.81910145,0.7961555,0.8082821,0.80454576,0.8177214,0.8103976,0.82225174
2025-01-01 18:43:00,0.78982955,0.7688065,0.86211646,0.79182845,0.81910187,0.79615027,0.80824894,0.80451393,0.8176825,0.81036246,0.82221526
2025-01-01 18:44:00,0.7898283,0.7688112,0.862106,0.79182154,0.8191042,0.79614645,0.80822116,0.804486,0.8176488,0.8103329,0.82218635
2025-01-01 18:45:00,0.78982615,0.7688157,0.8620998,0.79181856,0.819108,0.7961439,0.8081977,0.80446124,0.8176194,0.8103078,0.82216346
2025-01-01 18:46:00,0.7898235,0.7688199,0.86209697,0.79181886,0.81911296,0.79614216,0.8081775,0.8044389,0.8175934,0.8102863,0.82214546
2025-01-01 18:47:00,0.78982025,0.7688241,0.86209685,0.7918217,0.81911886,0.7961412,0.80816,0.8044186,0.8175701,0.8102677,0.82213134
2025-01-01 18:48:00,0.7898166,0.7688281,0.86209893,0.79182655,0.81912553,0.7961408,0.80814475,0.8044,0.817549,0.8102514,0.8221203
2025-01-01 18:49:00,0.7898127,0.768832,0.8621027,0.7918331,0.8191328,0.79614085,0.80813116,0.80438256,0.8175296,0.81023693,0.8221118
2025-01-01 18:50:00,0.7898086,0.76883596,0.8621078,0.791841,0.81914043,0.7961412,0.808119,0.80436623,0.81751156,0.81022406,0.8221053
2025-01-01 18:51:00,0.7898043,0.76883984,0.8621142,0.79184985,0.81914854,0.7961419,0.8081078,0.8043506,0.8174947,0.8102123,0.82210046
2025-01-01 18:52:00,0.78979987,0.76884365,0.86212134,0.79185957,0.8191569,0.7961428,0.80809754,0.8043357,0.8174788,0.8102016,0.82209694
2025-01-01 18:53:00,0.78979534,0.7688475,0.86212933,0.79186994,0.81916547,0.79614383,0.80808794,0.8043213,0.8174636,0.81019163,0.8220945
2025-01-01 18:54:00,0.7897908,0.7688514,0.8621379,0.7918809,0.8191742,0.79614496,0.8080788,0.8043072,0.8174489,0.8101823,0.82209283
2025-01-01 18:55:00,0.78978616,0.7688553,0.8621469,0.79189223,0.81918305,0.7961461,0.8080702,0.8042935,0.8174348,0.8101735,0.82209194
2025-01-01 18:56:00,0.7897815,0.76885915,0.86215633,0.7919039,0.819192,0.79614735,0.8080618,0.8042801,0.81742096,0.8101651,0.8220916
2025-01-01 18:57:00,0.78977686,0.7688631,0.86216605,0.79191583,0.819201,0.7961486,0.8080537,0.8042668,0.8174075,0.8101571,0.8220917
2025-01-01 18:58:00,0.7897722,0.7688671,0.86217606,0.791928,0.81921005,0.7961499,0.80804574,0.8042537,0.8173942,0.81014943,0.8220922
2025-01-01 18:59:00,0.78976756,0.76887107,0.8621863,0.79194033,0.8192191,0.7961512,0.80803794,0.80424076,0.8173812,0.810142,0.822093
2025-01-01 19:00:00,0.78981334,0.7688433,0.86166865,0.79142857,0.81896096,0.79589736,0.8074865,0.80375415,0.81677115,0.80950916,0.8213125
2025-01-01 19:01:00,0.78984904,0.76882184,0.8612568,0.7910217,0.8187562,0.7956945,0.80704385,0.80336237,0.81628066,0.8090017,0.82068855
2025-01-01 19:02:00,0.7898767,0.76880556,0.8609294,0.7906988,0.8185943,0.7955324,0.8066883,0.80304646,0.81588584,0.8085944,0.8201898
2025-01-01 19:03:00,0.789898,0.7687934,0.86066985,0.7904431,0.8184665,0.79540294,0.8064024,0.8027912,0.81556755,0.80826735,0.8197913
2025-01-01 19:04:00,0.78991413,0.7687846,0.8604644,0.7902412,0.8183661,0.7952996,0.80617213,0.80258447,0.8153105,0.80800444,0.81947297
2025-01-01 19:05:00,0.78992623,0.76877844,0.8603023,0.7900822,0.81828755,0.79521704,0.8059864,0.8024166,0.8151025,0.8077929,0.81921875
2025-01-01 19:06:00,0.78993505,0.76877445,0.8601749,0.78995764,0.8182265,0.7951512,0.8058363,0.8022798,0.81493366,0.8076224,0.8190159
2025-01-01 19:07:00,0.7899413,0.7687722,0.86007524,0.78986055,0.8181795,0.7950987,0.8057148,0.80216783,0.81479615,0.80748475,0.8188542
2025-01-01 19:08:00,0.7899455,0.7687713,0.85999775,0.7897855,0.8181436,0.7950568,0.805616,0.8020757,0.81468374,0.80737346,0.81872535
2025-01-01 19:09:00,0.78994805,0.76877147,0.85993797,0.78972805,0.81811666,0.7950235,0.80553544,0.80199945,0.81459147,0.8072833,0.81862277
2025-01-01 19:10:00,0.7899493,0.76877266,0.85989255,0.78968465,0.8180968,0.7949969,0.80546945,0.8019359,0.8145152,0.8072099,0.8185412
2025-01-01 19:11:00,0.78994954,0.7687745,0.8598584,0.7896525,0.8180827,0.7949758,0.80541503,0.80188257,0.81445175,0.80715,0.81847656
2025-01-01 19:12:00,0.7899489,0.768777,0.85983336,0.7896294,0.8180731,0.79495907,0.80537,0.8018373,0.8143987,0.80710095,0.8184254
2025-01-01 19:13:00,0.7899476,0.76878,0.85981566,0.7896135,0.8180672,0.7949457,0.80533236,0.80179864,0.8143539,0.80706054,0.818385
2025-01-01 19:14:00,0.78994584,0.7687834,0.8598038,0.7896034,0.81806415,0.79493517,0.80530065,0.8017651,0.8143156,0.8070271,0.81835335
2025-01-01 19:15:00,0.78994375,0.7687871,0.85979664,0.78959787,0.81806344,0.79492676,0.8052737,0.80173576,0.8142826,0.80699915,0.8183286
2025-01-01 19:16:00,0.7899413,0.7687911,0.8597932,0.78959596,0.8180646,0.7949201,0.8052506,0.8017097,0.81425387,0.80697566,0.8183095
2025-01-01 19:17:00,0.7899386,0.7687953,0.8597927,0.7895971,0.81806713,0.7949148,0.80523044,0.8016863,0.81422853,0.8069558,0.8182947
2025-01-01 19:18:00,0.78993577,0.76879966,0.8597947,0.7896005,0.8180709,0.7949106,0.80521274,0.80166507,0.8142059,0.8069388,0.8182836
2025-01-01 19:19:00,0.78993285,0.76880425,0.85979855,0.7896058,0.8180755,0.7949073,0.80519694,0.80164546,0.8141854,0.8069241,0.81827533
2025-01-01 19:20:00,0.7899298,0.76880896,0.85980403,0.7896126,0.8180809,0.79490465,0.80518264,0.8016272,0.81416667,0.8069113,0.8182694
2025-01-01 19:21:00,0.7899267,0.76881385,0.85981077,0.78962064,0.81808686,0.7949025,0.8051696,0.8016101,0.8141494,0.8068999,0.8182653
2025-01-01 19:22:00,0.7899235,0.7688188,0.85981846,0.78962964,0.81809324,0.7949008,0.8051575,0.80159384,0.81413317,0.8068897,0.8182627
2025-01-01 19:23:00,0.78992033,0.76882386,0.859827,0.78963935,0.8181,0.7948994,0.80514616,0.8015782,0.8141179,0.80688053,0.81826127
2025-01-01 19:24:00,0.7899172,0.76882905,0.85983616,0.7896497,0.81810707,0.7948983,0.80513537,0.8015632,0.81410336,0.8068721,0.81826085
2025-01-01 19:25:00,0.789914,0.7688343,0.8598459,0.7896605,0.8181143,0.7948974,0.80512506,0.8015486,0.8140894,0.8068644,0.8182612
2025-01-01 19:26:00,0.78991085,0.76883954,0.859856,0.7896717,0.8181217,0.79489654,0.8051151,0.80153435,0.814076,0.80685717,0.8182622
2025-01-01 19:27:00,0.78990775,0.76884496,0.8598665,0.7896833,0.8181292,0.7948958,0.80510545,0.8015204,0.8140629,0.80685043,0.81826377
2025-01-01 19:28:00,0.78990465,0.76885045,0.8598772,0.7896951,0.81813675,0.7948952,0.80509603,0.80150664,0.8140501,0.806844,0.8182658
2025-01-01 19:29:00,0.7899016,0.7688559,0.8598882,0.789707,0.8181444,0.7948946,0.8050868,0.80149305,0.81403756,0.80683786,0.8182682
2025-01-01 19:30:00,0.78990144,0.76876205,0.859326,0.78913474,0.81779575,0.7945272,0.8044878,0.8008993,0.81332016,0.8060951,0.8174017
2025-01-01 19:31:00,0.7899007,0.7686881,0.8588787,0.7886795,0.8175184,0.79423314,0.8040069,0.8004218,0.81274396,0.8054999,0.8167092
2025-01-01 19:32:00,0.7898996,0.76863015,0.85852313,0.78831774,0.8172981,0.7939978,0.80362046,0.8000372,0.8122808,0.8050228,0.8161561
2025-01-01 19:33:00,0.78989816,0.76858497,0.8582411,0.788031,0.81712335,0.7938094,0.80330956,0.7997269,0.8119078,0.8046401,0.81571436
2025-01-01 19:34:00,0.7898965,0.76855004,0.85801786,0.78780407,0.81698513,0.79365855,0.80305904,0.7994761,0.81160736,0.8043331,0.81536174
2025-01-01 19:35:00,0.78989464,0.7685233,0.8578417,0.7876251,0.81687605,0.7935377,0.8028569,0.7992729,0.8113646,0.8040865,0.8150805
2025-01-01 19:36:00,0.7898927,0.7685031,0.8577032,0.78748435,0.8167903,0.7934408,0.8026934,0.7991077,0.8111682,0.8038884,0.81485635
2025-01-01 19:37:00,0.7898906,0.7684882,0.8575948,0.7873744,0.8167232,0.79336315,0.8025608,0.79897285,0.8110088,0.8037289,0.8146779
2025-01-01 19:38:00,0.78988844,0.76847756,0.85751045,0.78728884,0.816671,0.7933008,0.8024529,0.79886246,0.810879,0.8036005,0.814536
2025-01-01 19:39:00,0.7898863,0.7684703,0.8574455,0.787223,0.8166308,0.79325074,0.8023648,0.79877156,0.810773,0.80349684,0.8144233
2025-01-01 19:40:00,0.78988403,0.76846576,0.8573959,0.78717273,0.8166001,0.7932105,0.80229247,0.7986962,0.81068593,0.80341303,0.81433403
2025-01-01 19:41:00,0.7898818,0.7684634,0.8573587,0.7871351,0.81657696,0.793178,0.80223286,0.7986334,0.810614,0.8033452,0.8142635
2025-01-01 19:42:00,0.7898796,0.7684628,0.85733134,0.78710747,0.8165599,0.79315186,0.8021833,0.79858047,0.81055427,0.80329,0.814208
2025-01-01 19:43:00,0.7898774,0.76846355,0.8573119,0.78708786,0.81654775,0.79313064,0.8021418,0.79853547,0.8105043,0.803245,0.81416446
2025-01-01 19:44:00,0.78987527,0.7684655,0.8572988,0.7870746,0.81653947,0.7931134,0.80210674,0.798497,0.81046206,0.80320823,0.81413054
2025-01-01 19:45:00,0.7898731,0.7684684,0.85729074,0.78706664,0.8165342,0.79309934,0.80207694,0.7984635,0.81042606,0.80317795,0.8141044
2025-01-01 19:46:00,0.789871,0.768472,0.85728675,0.78706264,0.8165315,0.79308784,0.8020512,0.7984342,0.8103951,0.803153,0.81408435
2025-01-01 19:47:00,0.78986895,0.76847625,0.85728604,0.787062,0.81653064,0.7930783,0.80202866,0.79840815,0.8103681,0.8031321,0.8140693
2025-01-01 19:48:00,0.7898669,0.768481,0.85728794,0.78706396,0.8165314,0.7930704,0.80200887,0.7983846,0.8103444,0.80311465,0.8140582
2025-01-01 19:49:00,0.78986496,0.76848614,0.8572919,0.78706795,0.8165334,0.7930637,0.8019911,0.7983632,0.81032324,0.8031,0.8140503
2025-01-01 19:50:00,0.78986305,0.7684916,0.85729754,0.7870737,0.81653637,0.7930581,0.80197495,0.79834354,0.8103041,0.8030874,0.814045
2025-01-01 19:51:00,0.78986114,0.7684974,0.8573045,0.7870807,0.8165402,0.7930532,0.80196023,0.79832506,0.81028664,0.8030766,0.81404173
2025-01-01 19:52:00,0.78985935,0.7685034,0.8573126,0.7870888,0.81654453,0.793049,0.80194646,0.7983078,0.81027055,0.80306727,0.8140401
2025-01-01 19:53:00,0.78985757,0.7685096,0.8573215,0.78709775,0.81654936,0.7930452,0.8019335,0.79829127,0.81025547,0.8030591,0.8140398
2025-01-01 19:54:00,0.78985584,0.76851594,0.8573312,0.7871074,0.8165546,0.7930419,0.8019213,0.7982754,0.81024134,0.8030517,0.81404066
2025-01-01 19:55:00,0.7898541,0.76852244,0.8573414,0.78711754,0.8165601,0.7930388,0.80190957,0.79826015,0.8102278,0.80304515,0.8140423
2025-01-01 19:56:00,0.7898525,0.76852906,0.8573521,0.7871281,0.8165658,0.7930359,0.8018983,0.7982454,0.8102149,0.80303925,0.8140447
2025-01-01 19:57:00,0.78985095,0.7685358,0.8573631,0.78713894,0.81657165,0.7930332,0.8018873,0.7982308,0.8102024,0.8030338,0.8140477
2025-01-01 19:58:00,0.78984946,0.76854265,0.85737437,0.78715014,0.8165777,0.7930306,0.8018765,0.79821664,0.81019026,0.80302876,0.8140512
2025-01-01 19:59:00,0.789848,0.76854956,0.85738593,0.78716147,0.81658375,0.7930281,0.801866,0.7982027,0.8101785,0.8030241,0.81405497
2025-01-01 20:00:00,0.7898019,0.7683914,0.8567894,0.78653914,0.816151,0.792554,0.8012304,0.79751253,0.8093668,0.8021849,0.81311804
2025-01-01 20:01:00,0.7897648,0.7682663,0.8563147,0.78604364,0.8158061,0.79217434,0.80072,0.79695785,0.80871534,0.8015129,0.8123696
2025-01-01 20:02:00,0.78973496,0.76816773,0.8559375,0.7856497,0.8155314,0.79187006,0.80030966,0.7965115,0.8081921,0.8009746,0.81177187
2025-01-01 20:03:00,0.7897108,0.76809037,0.85563815,0.78533703,0.81531286,0.7916262,0.79997945,0.7961517,0.8077714,0.80054337,0.8112949
2025-01-01 20:04:00,0.7896914,0.76803,0.8554013,0.78508925,0.81513935,0.79143065,0.7997132,0.79586136,0.8074328,0.80019784,0.8109144
2025-01-01 20:05:00,0.78967565,0.7679832,0.85521424,0.78489345,0.8150017,0.79127365,0.7994982,0.79562634,0.8071598,0.79992074,0.8106111
2025-01-01 20:06:00,0.78966296,0.76794726,0.85506713,0.7847392,0.8148929,0.7911476,0.7993242,0.7954358,0.80693936,0.7996985,0.8103697
2025-01-01 20:07:00,0.7896526,0.7679201,0.8549521,0.7846182,0.814807,0.7910462,0.799183,0.7952807,0.8067609,0.79952013,0.8101777
2025-01-01 20:08:00,0.7896441,0.7678999,0.8548625,0.78452384,0.81473947,0.79096454,0.799068,0.795154,0.8066161,0.7993769,0.8100253
2025-01-01 20:09:00,0.78963727,0.76788527,0.8547934,0.78445077,0.81468666,0.7908987,0.798974,0.79505,0.8064982,0.7992617,0.8099046
2025-01-01 20:10:00,0.78963166,0.7678751,0.8547406,0.7843946,0.8146455,0.7908454,0.7988967,0.79496425,0.80640197,0.799169,0.80980915
2025-01-01 20:11:00,0.7896271,0.7678685,0.8547009,0.7843521,0.8146139,0.7908023,0.7988328,0.7948929,0.8063229,0.7990944,0.80973405
2025-01-01 20:12:00,0.78962326,0.7678648,0.8546717,0.7843205,0.8145897,0.7907672,0.7987796,0.79483336,0.80625755,0.7990341,0.80967516
2025-01-01 20:13:00,0.78962016,0.7678635,0.8546509,0.7842976,0.81457144,0.79073846,0.798735,0.79478306,0.8062033,0.79898536,0.80962926
2025-01-01 20:14:00,0.78961766,0.767864,0.85463685,0.7842816,0.814558,0.790715,0.7986973,0.79474014,0.80615795,0.7989459,0.8095938
2025-01-01 20:15:00,0.7896156,0.76786596,0.85462815,0.78427124,0.8145485,0.7906955,0.79866505,0.7947032,0.80611956,0.79891384,0.8095667
2025-01-01 20:16:00,0.78961384,0.7678692,0.8546237,0.7842652,0.8145419,0.79067934,0.79863715,0.794671,0.80608696,0.7988877,0.8095462
2025-01-01 20:17:00,0.7896124,0.7678734,0.85462266,0.7842628,0.8145377,0.79066575,0.7986128,0.7946426,0.8060588,0.79886633,0.8095311
2025-01-01 20:18:00,0.7896112,0.7678784,0.85462445,0.7842632,0.8145355,0.79065424,0.7985911,0.79461735,0.8060344,0.7988488,0.80952024
2025-01-01 20:19:00,0.7896102,0.767884,0.85462844,0.78426594,0.8145348,0.7906444,0.7985717,0.79459447,0.8060128,0.7988344,0.80951285
2025-01-01 20:20:00,0.78960943,0.76789016,0.85463417,0.78427035,0.8145353,0.7906359,0.7985541,0.79457355,0.8059937,0.79882234,0.80950826
2025-01-01 20:21:00,0.78960884,0.7678967,0.8546414,0.7842763,0.8145368,0.7906283,0.79853785,0.79455423,0.80597633,0.7988123,0.8095059
2025-01-01 20:22:00,0.7896084,0.7679036,0.85464966,0.7842834,0.8145391,0.7906216,0.7985227,0.7945361,0.80596054,0.7988039,0.8095053
2025-01-01 20:23:00,0.7896081,0.76791084,0.8546589,0.7842914,0.8145419,0.7906155,0.7985085,0.794519,0.80594605,0.7987968,0.8095062
2025-01-01 20:24:00,0.7896078,0.76791835,0.85466886,0.7843001,0.81454515,0.79061,0.79849494,0.7945028,0.80593246,0.7987907,0.80950814
2025-01-01 20:25:00,0.7896077,0.7679259,0.85467935,0.7843094,0.81454885,0.7906048,0.79848194,0.7944871,0.80591965,0.79878545,0.80951107
2025-01-01 20:26:00,0.7896077,0.7679338,0.8546904,0.78431916,0.8145528,0.79059994,0.7984694,0.794472,0.8059075,0.7987809,0.8095148
2025-01-01 20:27:00,0.7896077,0.7679417,0.8547017,0.7843292,0.81455696,0.7905953,0.79845726,0.7944573,0.80589586,0.7987769,0.8095191
2025-01-01 20:28:00,0.7896079,0.7679498,0.8547134,0.78433955,0.81456125,0.7905909,0.7984454,0.7944429,0.8058847,0.79877335,0.809524
2025-01-01 20:29:00,0.78960806,0.76795805,0.8547253,0.78435016,0.8145657,0.79058653,0.79843366,0.79442877,0.8058738,0.7987702,0.8095293
2025-01-01 20:30:00,0.78951687,0.7677382,0.8541051,0.78368884,0.81405646,0.79001415,0.79777277,0.7936545,0.8049821,0.79784924,0.80853856
2025-01-01 20:31:00,0.78944397,0.7675642,0.8536115,0.78316206,0.81365,0.7895554,0.7972418,0.7930324,0.80426687,0.7971121,0.80774736
2025-01-01 20:32:00,0.78938586,0.76742667,0.85321933,0.7827429,0.8133258,0.7891876,0.79681486,0.7925322,0.8036928,0.7965222,0.80711585
2025-01-01 20:33:00,0.7893395,0.76731837,0.8529081,0.78240985,0.8130674,0.7888926,0.7964711,0.7921294,0.80323166,0.79605,0.8066121
2025-01-01 20:34:00,0.7893025,0.76723355,0.8526617,0.7821456,0.81286156,0.78865576,0.7961939,0.79180455,0.802861,0.79567194,0.8062105
2025-01-01 20:35:00,0.7892732,0.76716745,0.85246724,0.7819366,0.8126978,0.78846544,0.79596996,0.79154205,0.8025625,0.79536927,0.8058906
2025-01-01 20:36:00,0.78924984,0.76711637,0.85231423,0.78177154,0.8125677,0.7883124,0.7957885,0.79132944,0.8023219,0.7951268,0.8056362
2025-01-01 20:37:00,0.78923136,0.76707727,0.8521944,0.7816417,0.81246454,0.7881891,0.7956412,0.79115677,0.8021276,0.7949326,0.8054341
2025-01-01 20:38:00,0.78921676,0.7670478,0.8521012,0.78154016,0.8123829,0.7880896,0.7955211,0.79101604,0.8019703,0.7947771,0.80527395
2025-01-01 20:39:00,0.7892053,0.76702607,0.8520292,0.7814611,0.81231844,0.78800905,0.7954228,0.7909008,0.80184275,0.7946524,0.80514723
2025-01-01 20:40:00,0.7891964,0.76701045,0.8519742,0.78140014,0.8122678,0.7879437,0.7953419,0.7908061,0.8017389,0.79455245,0.8050474
2025-01-01 20:41:00,0.78918946,0.76699984,0.8519328,0.78135353,0.8122281,0.7878906,0.7952749,0.79072773,0.801654,0.7944723,0.804969
2025-01-01 20:42:00,0.7891842,0.76699317,0.8519023,0.7813185,0.81219715,0.78784716,0.7952191,0.79066235,0.8015843,0.79440796,0.8049078
2025-01-01 20:43:00,0.7891803,0.76698965,0.8518805,0.7812927,0.8121733,0.7878116,0.79517215,0.7906075,0.8015267,0.7943564,0.80486035
2025-01-01 20:44:00,0.78917736,0.7669887,0.85186565,0.78127426,0.81215495,0.78778213,0.79513234,0.7905611,0.8014789,0.794315,0.80482394
2025-01-01 20:45:00,0.78917533,0.76698977,0.8518564,0.7812617,0.8121411,0.7877576,0.79509825,0.79052126,0.8014389,0.7942817,0.8047963
2025-01-01 20:46:00,0.789174,0.7669925,0.8518516,0.7812538,0.8121308,0.7877371,0.7950687,0.79048693,0.80140513,0.79425496,0.8047758
2025-01-01 20:47:00,0.78917325,0.76699656,0.85185033,0.7812497,0.8121234,0.7877197,0.79504275,0.79045683,0.8013764,0.79423344,0.8047609
2025-01-01 20:48:00,0.7891729,0.76700175,0.851852,0.7812486,0.8121183,0.7877048,0.7950198,0.7904301,0.80135167,0.79421604,0.8047505
2025-01-01 20:49:00,0.789173,0.76700777,0.85185593,0.7812499,0.8121149,0.78769195,0.79499906,0.7904062,0.80133015,0.7942021,0.8047438
2025-01-01 20:50:00,0.7891734,0.76701444,0.85186166,0.7812531,0.8121129,0.7876806,0.79498017,0.79038453,0.8013112,0.7941908,0.80474
2025-01-01 20:51:00,0.7891741,0.7670217,0.85186887,0.7812578,0.8121121,0.7876706,0.79496276,0.7903645,0.8012944,0.79418176,0.8047386
2025-01-01 20:52:00,0.78917503,0.76702946,0.8518773,0.78126377,0.8121122,0.78766155,0.79494655,0.790346,0.80127925,0.79417443,0.80473906
2025-01-01 20:53:00,0.7891761,0.7670376,0.8518866,0.7812706,0.812113,0.7876533,0.7949313,0.7903286,0.8012654,0.7941685,0.80474097
2025-01-01 20:54:00,0.7891774,0.767046,0.85189664,0.7812783,0.8121143,0.7876457,0.79491675,0.7903121,0.8012527,0.7941637,0.8047442
2025-01-01 20:55:00,0.7891788,0.7670546,0.8519073,0.78128654,0.8121161,0.7876385,0.79490274,0.7902964,0.8012408,0.7941599,0.80474836
2025-01-01 20:56:00,0.78918034,0.7670635,0.8519185,0.7812953,0.81211823,0.7876317,0.7948893,0.7902812,0.80122966,0.79415673,0.8047533
2025-01-01 20:57:00,0.78918195,0.76707256,0.85193,0.78130436,0.81212056,0.78762525,0.79487616,0.79026645,0.80121905,0.7941543,0.80475897
2025-01-01 20:58:00,0.7891837,0.7670818,0.8519419,0.7813138,0.8121231,0.78761894,0.7948633,0.79025215,0.8012089,0.79415226,0.8047651
2025-01-01 20:59:00,0.7891855,0.7670911,0.851954,0.7813234,0.81212586,0.7876128,0.79485065,0.7902381,0.8011992,0.7941507,0.8047717
2025-01-01 21:00:00,0.78905094,0.7668138,0.8513212,0.7806348,0.8115492,0.7869522,0.79417604,0.78939337,0.8002433,0.7931645,0.8037449
2025-01-01 21:01:00,0.78894365,0.7665939,0.85081756,0.7800861,0.8110885,0.78642267,0.793634,0.7887151,0.799477,0.79237556,0.80292517
2025-01-01 21:02:00,0.7888583,0.76642,0.8504173,0.77964914,0.8107206,0.7859979,0.79319805,0.78816986,0.7988624,0.79174453,0.802271
2025-01-01 21:03:00,0.7887905,0.76628286,0.85009974,0.7793017,0.8104269,0.785657,0.7928469,0.78773123,0.79836905,0.7912397,0.80174947
2025-01-01 21:04:00,0.7887368,0.7661751,0.8498482,0.7790258,0.8101925,0.7853831,0.7925636,0.7873777,0.7979728,0.79083586,0.80133384
2025-01-01 21:05:00,0.7886943,0.766091,0.84964967,0.7788071,0.8100056,0.78516287,0.7923347,0.7870923,0.7976542,0.7905129,0.8010031
2025-01-01 21:06:00,0.7886608,0.7660257,0.84949344,0.77863425,0.80985665,0.7849855,0.792149,0.78686154,0.7973978,0.7902547,0.80074024
2025-01-01 21:07:00,0.7886346,0.7659755,0.8493711,0.778498,0.80973804,0.78484243,0.7919982,0.7866743,0.7971911,0.7900482,0.8005317
2025-01-01 21:08:00,0.78861415,0.7659374,0.8492758,0.77839106,0.80964375,0.78472686,0.7918752,0.78652203,0.79702413,0.7898831,0.8003666
2025-01-01 21:09:00,0.78859836,0.7659089,0.8492023,0.77830756,0.8095688,0.7846331,0.7917743,0.7863977,0.796889,0.7897512,0.8002363
2025-01-01 21:10:00,0.78858626,0.7658882,0.849146,0.77824277,0.8095094,0.784557,0.79169124,0.7862956,0.7967794,0.7896458,0.80013376
2025-01-01 21:11:00,0.7885772,0.7658737,0.84910357,0.77819294,0.8094624,0.7844949,0.7916224,0.78621143,0.79669017,0.7895616,0.8000535
2025-01-01 21:12:00,0.78857046,0.76586413,0.84907234,0.7781551,0.8094253,0.7844439,0.7915649,0.78614163,0.7966173,0.78949445,0.7999911
2025-01-01 21:13:00,0.78856575,0.76585853,0.8490499,0.77812684,0.80939615,0.78440195,0.7915164,0.7860832,0.7965575,0.7894409,0.7999429
2025-01-01 21:14:00,0.78856254,0.76585615,0.8490346,0.7781062,0.8093733,0.78436714,0.7914753,0.786034,0.7965082,0.7893982,0.79990613
2025-01-01 21:15:00,0.78856057,0.7658563,0.849025,0.77809167,0.8093555,0.784338,0.79143995,0.7859921,0.7964672,0.7893642,0.79987854
2025-01-01 21:16:00,0.78855973,0.76585853,0.84901994,0.7780821,0.8093417,0.78431344,0.7914093,0.785956,0.7964329,0.7893373,0.7998583
2025-01-01 21:17:00,0.7885596,0.76586246,0.8490185,0.77807635,0.8093312,0.7842925,0.79138225,0.7859247,0.79640406,0.789316,0.79984385
2025-01-01 21:18:00,0.7885602,0.76586765,0.84902,0.7780738,0.8093232,0.7842745,0.79135823,0.78589714,0.7963795,0.7892992,0.79983413
2025-01-01 21:19:00,0.78856134,0.76587397,0.8490238,0.77807367,0.80931723,0.78425884,0.7913366,0.7858726,0.7963584,0.78928596,0.79982823
2025-01-01 21:20:00,0.78856295,0.7658811,0.8490295,0.7780756,0.8093129,0.78424495,0.7913168,0.78585047,0.79634005,0.78927565,0.7998254
2025-01-01 21:21:00,0.7885649,0.7658889,0.8490366,0.778079,0.8093098,0.7842326,0.79129857,0.78583026,0.79632396,0.7892676,0.7998249
2025-01-01 21:22:00,0.7885672,0.76589733,0.8490449,0.7780837,0.8093077,0.78422135,0.7912815,0.78581154,0.7963097,0.7892615,0.7998264
2025-01-01 21:23:00,0.7885697,0.7659062,0.8490542,0.77808934,0.8093064,0.78421104,0.79126537,0.78579414,0.79629683,0.78925693,0.7998295
2025-01-01 21:24:00,0.7885724,0.76591545,0.84906423,0.77809584,0.8093057,0.78420144,0.79125,0.78577775,0.79628515,0.78925353,0.7998338
2025-01-01 21:25:00,0.7885753,0.765925,0.8490749,0.77810293,0.80930555,0.7841924,0.79123527,0.7857621,0.7962744,0.78925115,0.799839
2025-01-01 21:26:00,0.7885784,0.76593477,0.84908605,0.7781105,0.80930585,0.7841838,0.79122096,0.7857472,0.7962644,0.7892496,0.7998452
2025-01-01 21:27:00,0.7885816,0.7659447,0.84909755,0.7781185,0.8093063,0.7841756,0.7912071,0.7857327,0.79625505,0.78924865,0.7998521
2025-01-01 21:28:00,0.78858495,0.7659549,0.84910935,0.7781267,0.80930704,0.7841676,0.79119354,0.7857186,0.7962462,0.7892482,0.79985934
2025-01-01 21:29:00,0.7885884,0.7659653,0.84912145,0.77813524,0.809308,0.78415984,0.7911802,0.785705,0.7962377,0.7892482,0.79986715
2025-01-01 21:30:00,0.78841263,0.7656353,0.84848726,0.77743167,0.8086743,0.78342295,0.79050416,0.78480494,0.7952348,0.78821445,0.79882264
2025-01-01 21:31:00,0.7882728,0.76537347,0.8479825,0.77687067,0.80816764,0.782832,0.7899608,0.78408253,0.79443115,0.7873878,0.7979889
2025-01-01 21:32:00,0.78816175,0.7651663,0.8475813,0.77642375,0.8077626,0.7823579,0.7895236,0.78350216,0.7937869,0.78672683,0.79732394
2025-01-01 21:33:00,0.7880737,0.76500267,0.847263,0.77606803,0.8074388,0.7819772,0.78917134,0.78303534,0.79327023,0.7861985,0.7967939
2025-01-01 21:34:00,0.78800416,0.764874,0.8470109,0.7757853,0.80718005,0.7816711,0.788887,0.7826595,0.79285556,0.78577626,0.7963717
2025-01-01 21:35:00,0.7879493,0.7647733,0.8468119,0.775561,0.80697334,0.7814248,0.78865707,0.7823563,0.7925225,0.7854389,0.796036
2025-01-01 21:36:00,0.78790635,0.7646949,0.84665525,0.7753834,0.8068081,0.78122634,0.7884706,0.78211135,0.7922548,0.7851694,0.79576945
2025-01-01 21:37:00,0.7878728,0.7646345,0.8465326,0.7752431,0.8066762,0.78106606,0.78831893,0.781913,0.79203933,0.7849543,0.79555815
2025-01-01 21:38:00,0.7878468,0.76458836,0.846437,0.77513266,0.8065709,0.7809364,0.78819513,0.7817519,0.7918657,0.7847826,0.795391
2025-01-01 21:39:00,0.78782696,0.7645537,0.8463632,0.7750461,0.80648685,0.78083116,0.7880935,0.7816205,0.7917256,0.78464574,0.79525936
2025-01-01 21:40:00,0.78781193,0.7645283,0.8463067,0.7749787,0.8064198,0.7807455,0.7880097,0.78151304,0.79161215,0.7845368,0.79515606
2025-01-01 21:41:00,0.7878008,0.7645101,0.84626406,0.7749265,0.8063663,0.7806755,0.78794014,0.78142464,0.7915203,0.78445005,0.79507536
2025-01-01 21:42:00,0.78779286,0.7644979,0.8462326,0.77488655,0.80632377,0.7806179,0.787882,0.7813515,0.79144555,0.7843812,0.79501283
2025-01-01 21:43:00,0.7877874,0.76449037,0.84621,0.7748563,0.80628985,0.7805704,0.7878329,0.7812906,0.79138446,0.7843266,0.79496485
2025-01-01 21:44:00,0.787784,0.7644866,0.8461945,0.7748339,0.80626285,0.78053075,0.78779113,0.78123945,0.79133445,0.7842835,0.79492843
2025-01-01 21:45:00,0.7877822,0.7644859,0.84618473,0.77481776,0.8062414,0.78049755,0.7877552,0.7811961,0.7912932,0.78424954,0.7949014
2025-01-01 21:46:00,0.7877817,0.76448756,0.8461794,0.77480656,0.8062244,0.7804694,0.7877239,0.7811591,0.79125905,0.78422296,0.79488176
2025-01-01 21:47:00,0.78778225,0.7644912,0.8461779,0.7747994,0.8062109,0.78044534,0.78769636,0.7811271,0.79123056,0.7842022,0.7948681
2025-01-01 21:48:00,0.78778374,0.7644964,0.8461791,0.7747953,0.80620015,0.7804246,0.78767174,0.78109914,0.79120666,0.7841862,0.79485923
2025-01-01 21:49:00,0.78778595,0.7645029,0.84618276,0.7747938,0.8061916,0.7804064,0.7876495,0.78107435,0.7911863,0.78417397,0.79485416
2025-01-01 21:50:00,0.7877886,0.76451033,0.84618825,0.7747943,0.80618495,0.78039026,0.7876292,0.7810521,0.79116887,0.78416485,0.7948522
2025-01-01 21:51:00,0.7877918,0.7645186,0.8461952,0.7747964,0.80617964,0.7803757,0.7876104,0.781032,0.7911538,0.7841581,0.79485273
2025-01-01 21:52:00,0.7877954,0.76452756,0.8462034,0.77479976,0.8061755,0.7803625,0.78759277,0.7810136,0.7911407,0.7841533,0.79485524
2025-01-01 21:53:00,0.7877993,0.76453704,0.84621245,0.7748042,0.80617213,0.7803503,0.78757614,0.78099644,0.791129,0.78415006,0.79485935
2025-01-01 21:54:00,0.7878035,0.76454693,0.84622234,0.7748093,0.80616957,0.78033894,0.7875602,0.7809804,0.79111856,0.78414816,0.7948647
2025-01-01 21:55:00,0.7878079,0.7645571,0.8462328,0.7748151,0.8061675,0.7803282,0.78754497,0.78096527,0.79110914,0.78414726,0.7948711
2025-01-01 21:56:00,0.7878124,0.7645677,0.8462437,0.7748214,0.8061659,0.78031796,0.78753024,0.7809507,0.7911005,0.7841472,0.7948783
2025-01-01 21:57:00,0.7878172,0.76457846,0.846255,0.7748281,0.8061645,0.7803081,0.7875158,0.7809368,0.7910925,0.7841478,0.79488623
2025-01-01 21:58:00,0.787822,0.7645894,0.84626657,0.7748351,0.80616343,0.7802986,0.7875018,0.7809233,0.7910851,0.784149,0.79489464
2025-01-01 21:59:00,0.787827,0.7646005,0.84627837,0.77484226,0.8061626,0.78028923,0.787488,0.7809102,0.79107815,0.78415066,0.7949035
2025-01-01 22:00:00,0.78761333,0.7642238,0.84565425,0.77413636,0.8054831,0.77948916,0.7868223,0.77997094,0.7900461,0.7830877,0.7938599
2025-01-01 22:01:00,0.78744346,0.7639248,0.8451574,0.7735733,0.8049394,0.77884734,0.7862872,0.77921724,0.78921944,0.782238,0.7930271
2025-01-01 22:02:00,0.7873087,0.7636879,0.8447625,0.77312446,0.8045044,0.77833223,0.78585654,0.7786119,0.7885571,0.78155905,0.79236305
2025-01-01 22:03:00,0.78720206,0.7635008,0.84444916,0.7727669,0.80415636,0.77791846,0.7855094,0.77812535,0.7880263,0.7810166,0.79183394
2025-01-01 22:04:00,0.7871179,0.7633535,0.8442011,0.77248245,0.80387783,0.7775857,0.7852292,0.7777338,0.7876006,0.7805834,0.79141283
2025-01-01 22:05:00,0.78705174,0.763238,0.84400505,0.7722565,0.8036549,0.7773178,0.7850024,0.7774183,0.78725904,0.78023756,0.79107803
2025-01-01 22:06:00,0.78699994,0.76314807,0.8438509,0.7720773,0.80347645,0.77710176,0.7848184,0.7771636,0.7869848,0.77996165,0.7908125
2025-01-01 22:07:00,0.7869597,0.76307845,0.84373003,0.77193546,0.8033336,0.7769272,0.7846686,0.7769575,0.7867645,0.7797417,0.7906022
2025-01-01 22:08:00,0.7869287,0.76302516,0.8436359,0.7718236,0.80321914,0.7767858,0.78454614,0.7767904,0.78658724,0.7795666,0.79043615
2025-01-01 22:09:00,0.7869051,0.7629849,0.84356314,0.7717356,0.80312747,0.7766709,0.7844456,0.7766544,0.7864445,0.7794273,0.7903055
2025-01-01 22:10:00,0.7868874,0.76295507,0.8435074,0.7716667,0.803054,0.7765772,0.7843626,0.7765434,0.7863294,0.77931666,0.7902032
2025-01-01 22:11:00,0.7868745,0.7629337,0.8434654,0.7716132,0.8029951,0.77650046,0.7842936,0.7764523,0.7862364,0.7792289,0.7901236
2025-01-01 22:12:00,0.7868654,0.76291895,0.8434343,0.7715719,0.8029477,0.77643734,0.7842358,0.7763772,0.78616107,0.77915967,0.790062
2025-01-01 22:13:00,0.78685933,0.7629096,0.8434119,0.7715403,0.8029096,0.77638507,0.78418696,0.77631485,0.7860999,0.77910507,0.79001504
2025-01-01 22:14:00,0.78685576,0.76290447,0.84339654,0.7715165,0.802879,0.77634144,0.78414524,0.77626276,0.78605014,0.7790623,0.7899797
2025-01-01 22:15:00,0.78685415,0.76290286,0.8433867,0.7714989,0.8028543,0.77630466,0.78410935,0.77621883,0.78600943,0.7790289,0.78995365
2025-01-01 22:16:00,0.78685415,0.76290405,0.8433814,0.7714864,0.8028343,0.7762735,0.784078,0.7761814,0.78597593,0.779003,0.789935
2025-01-01 22:17:00,0.7868554,0.7629073,0.8433796,0.7714778,0.80281806,0.7762467,0.7840503,0.77614933,0.7859483,0.77898324,0.7899224
2025-01-01 22:18:00,0.7868577,0.76291245,0.84338075,0.7714724,0.8028048,0.7762235,0.7840256,0.77612144,0.7859254,0.77896833,0.7899145
2025-01-01 22:19:00,0.7868609,0.762919,0.84338415,0.7714695,0.80279404,0.77620304,0.7840032,0.7760969,0.7859062,0.7789573,0.78991044
2025-01-01 22:20:00,0.7868647,0.7629267,0.84338933,0.77146864,0.80278504,0.77618486,0.78398263,0.776075,0.78589,0.77894944,0.7899095
2025-01-01 22:21:00,0.78686905,0.7629353,0.843396,0.77146935,0.80277765,0.7761684,0.7839636,0.7760553,0.7858762,0.7789441,0.789911
2025-01-01 22:22:00,0.78687394,0.7629446,0.84340376,0.7714714,0.8027714,0.7761534,0.7839458,0.77603734,0.7858644,0.7789407,0.7899144
2025-01-01 22:23:00,0.7868791,0.7629545,0.8434125,0.77147436,0.80276614,0.77613956,0.7839289,0.77602077,0.78585416,0.77893895,0.7899195
2025-01-01 22:24:00,0.78688467,0.76296484,0.843422,0.7714781,0.8027616,0.77612656,0.7839128,0.7760054,0.7858452,0.77893853,0.7899258
2025-01-01 22:25:00,0.7868904,0.76297563,0.84343207,0.7714826,0.8027577,0.77611434,0.7838973,0.7759909,0.7858373,0.7789392,0.78993315
2025-01-01 22:26:00,0.7868964,0.7629867,0.8434426,0.7714875,0.8027541,0.77610266,0.78388226,0.77597713,0.78583014,0.7789407,0.7899414
2025-01-01 22:27:00,0.78690255,0.76299804,0.84345347,0.7714928,0.80275095,0.77609134,0.7838676,0.7759639,0.7858237,0.7789429,0.7899502
2025-01-01 22:28:00,0.78690886,0.76300967,0.8434647,0.7714984,0.8027481,0.77608037,0.7838533,0.7759512,0.7858178,0.7789456,0.7899596
2025-01-01 22:29:00,0.7869153,0.76302135,0.843476,0.77150416,0.8027454,0.7760697,0.7838392,0.7759389,0.7858123,0.77894884,0.7899694
2025-01-01 22:30:00,0.7866675,0.7626047,0.84287304,0.7708086,0.8020323,0.77522075,0.78319603,0.7749772,0.78476965,0.77787566,0.7889453
2025-01-01 22:31:00,0.7864707,0.76227385,0.8423931,0.7702534,0.8014614,0.7745396,0.7826788,0.7742057,0.7839348,0.77701813,0.7881284
2025-01-01 22:32:00,0.78631467,0.76201165,0.8420116,0.76981056,0.8010043,0.7739928,0.78226244,0.7735864,0.7832662,0.7763332,0.78747714
2025-01-01 22:33:00,0.7861912,0.7618044,0.84170884,0.7694576,0.8006382,0.7735534,0.78192675,0.77308875,0.78273064,0.7757863,0.78695846
2025-01-01 22:34:00,0.78609395,0.76164114,0.84146905,0.7691765,0.8003449,0.77319986,0.7816555,0.7726886,0.78230155,0.77534986,0.78654593
2025-01-01 22:35:00,0.7860176,0.76151294,0.8412797,0.7689529,0.8001098,0.7729151,0.78143597,0.7723664,0.78195757,0.77500176,0.78621817
2025-01-01 22:36:00,0.785958,0.7614129,0.8411306,0.76877534,0.7999213,0.77268535,0.7812577,0.77210647,0.7816818,0.77472436,0.7859583
2025-01-01 22:37:00,0.78591174,0.76133543,0.84101385,0.76863456,0.79977006,0.77249956,0.78111243,0.7718965,0.7814605,0.7745036,0.7857528
2025-01-01 22:38:00,0.7858763,0.76127595,0.8409228,0.76852316,0.7996485,0.7723489,0.7809936,0.77172637,0.78128284,0.77432805,0.7855907
2025-01-01 22:39:00,0.7858494,0.7612308,0.8408524,0.7684353,0.79955083,0.77222645,0.78089595,0.7715882,0.7811401,0.77418876,0.7854634
2025-01-01 22:40:00,0.78582937,0.7611973,0.84079844,0.7683662,0.7994722,0.77212644,0.7808152,0.7714756,0.78102523,0.7740784,0.78536403
2025-01-01 22:41:00,0.7858148,0.761173,0.8407577,0.7683123,0.79940885,0.7720444,0.78074795,0.77138346,0.78093284,0.77399135,0.78528684
2025-01-01 22:42:00,0.78580475,0.7611561,0.84072757,0.76827025,0.7993576,0.7719768,0.78069156,0.7713077,0.7808583,0.7739228,0.7852274
2025-01-01 22:43:00,0.7857982,0.76114506,0.8407058,0.7682379,0.7993161,0.77192074,0.78064376,0.77124506,0.78079814,0.77386916,0.78518236
2025-01-01 22:44:00,0.7857945,0.76113886,0.8406908,0.76821315,0.7992824,0.7718737,0.780603,0.7711928,0.7807494,0.77382743,0.7851486
2025-01-01 22:45:00,0.7857931,0.76113635,0.84068125,0.76819456,0.7992548,0.7718341,0.78056765,0.77114904,0.78070986,0.77379525,0.7851241
2025-01-01 22:46:00,0.78579354,0.7611369,0.8406759,0.76818085,0.7992322,0.77180046,0.78053683,0.771112,0.7806777,0.77377063,0.78510684
2025-01-01 22:47:00,0.7857955,0.76113987,0.8406741,0.76817113,0.7992135,0.77177143,0.78050953,0.7710803,0.78065145,0.7737522,0.78509545
2025-01-01 22:48:00,0.7857986,0.7611448,0.840675,0.76816446,0.79919803,0.77174616,0.7804851,0.77105296,0.78062993,0.7737387,0.7850887
2025-01-01 22:49:00,0.78580266,0.76115125,0.84067804,0.7681602,0.79918504,0.77172387,0.7804629,0.77102906,0.78061223,0.773729,0.78508574
2025-01-01 22:50:00,0.78580755,0.761159,0.8406829,0.768158,0.799174,0.77170396,0.78044254,0.7710079,0.78059757,0.7737225,0.7850858
2025-01-01 22:51:00,0.78581303,0.76116776,0.8406892,0.76815736,0.7991646,0.77168596,0.7804236,0.770989,0.78058535,0.7737186,0.7850883
2025-01-01 22:52:00,0.785819,0.7611773,0.8406965,0.76815796,0.7991565,0.77166945,0.7804058,0.7709719,0.7805751,0.77371675,0.78509265
2025-01-01 22:53:00,0.7858255,0.76118755,0.84070474,0.7681595,0.7991493,0.7716542,0.7803891,0.7709562,0.7805664,0.7737165,0.78509855
2025-01-01 22:54:00,0.7858322,0.7611983,0.8407137,0.76816183,0.7991429,0.7716398,0.7803729,0.7709418,0.78055906,0.77371764,0.78510576
2025-01-01 22:55:00,0.7858393,0.7612094,0.84072316,0.7681648,0.7991371,0.77162623,0.7803575,0.7709282,0.78055274,0.77371985,0.78511393
2025-01-01 22:56:00,0.7858466,0.7612209,0.8407331,0.7681682,0.7991319,0.77161324,0.78034246,0.7709154,0.7805472,0.7737228,0.7851229
2025-01-01 22:57:00,0.7858541,0.7612326,0.84074336,0.7681721,0.7991269,0.7716007,0.7803278,0.7709032,0.78054243,0.7737265,0.7851325
2025-01-01 22:58:00,0.7858618,0.7612446,0.840754,0.7681762,0.79912233,0.7715886,0.7803135,0.7708915,0.78053814,0.7737308,0.78514266
2025-01-01 22:59:00,0.7858696,0.76125675,0.8407647,0.76818055,0.7991179,0.77157676,0.7802995,0.77088016,0.7805344,0.7737356,0.7851532
2025-01-01 23:00:00,0.78559196,0.7608074,0.8401935,0.76750743,0.7983838,0.7706939,0.7796899,0.76991296,0.7794994,0.7726712,0.7841668
2025-01-01 23:01:00,0.7853716,0.7604505,0.8397389,0.76697,0.7977958,0.76998544,0.7791996,0.76913726,0.7786711,0.77182114,0.78338015
2025-01-01 23:02:00,0.785197,0.76016754,0.8393775,0.766541,0.7973246,0.7694165,0.7788047,0.7685149,0.77800804,0.7711424,0.7827533
2025-01-01 23:03:00,0.7850591,0.7599437,0.8390907,0.7661988,0.79694694,0.7689592,0.77848625,0.76801497,0.7774773,0.7706008,0.7822542
2025-01-01 23:04:00,0.78495044,0.7597673,0.83886355,0.76592606,0.79664403,0.76859117,0.7782289,0.7676132,0.7770524,0.77016884,0.7818575
2025-01-01 23:05:00,0.7848652,0.7596287,0.83868414,0.76570886,0.7964009,0.7682946,0.7780203,0.7672899,0.7767121,0.7698247,0.7815426
2025-01-01 23:06:00,0.7847988,0.7595204,0.8385428,0.76553607,0.79620564,0.7680552,0.7778509,0.76702935,0.7764396,0.7695507,0.78129315
2025-01-01 23:07:00,0.78474736,0.7594364,0.83843213,0.76539874,0.7960487,0.7678614,0.77771276,0.766819,0.7762213,0.76933295,0.781096
2025-01-01 23:08:00,0.784708,0.75937176,0.83834577,0.76528984,0.7959223,0.76770425,0.7775996,0.7666489,0.77604634,0.76916015,0.78094083
2025-01-01 23:09:00,0.7846782,0.75932264,0.838279,0.76520365,0.79582036,0.76757634,0.77750653,0.76651096,0.7759061,0.76902336,0.7808192
2025-01-01 23:10:00,0.7846562,0.759286,0.83822787,0.76513565,0.795738,0.76747173,0.77742946,0.7663987,0.7757937,0.76891536,0.78072435
2025-01-01 23:11:00,0.7846404,0.7592592,0.8381892,0.7650822,0.7956713,0.7673859,0.7773651,0.7663071,0.77570343,0.7688304,0.780651
2025-01-01 23:12:00,0.7846296,0.7592404,0.8381605,0.7650403,0.795617,0.7673149,0.7773111,0.76623195,0.775631,0.7687639,0.7805948
2025-01-01 23:13:00,0.7846226,0.75922793,0.8381398,0.7650076,0.79557276,0.76725596,0.77726525,0.7661701,0.77557284,0.7687121,0.7805524
2025-01-01 23:14:00,0.7846189,0.7592206,0.8381254,0.76498246,0.7955365,0.76720655,0.777226,0.76611876,0.77552605,0.76867217,0.7805209
2025-01-01 23:15:00,0.7846177,0.75921726,0.8381162,0.76496315,0.79550666,0.76716477,0.777192,0.7660759,0.77548844,0.76864177,0.7804983
2025-01-01 23:16:00,0.7846186,0.75921726,0.83811104,0.7649486,0.79548186,0.7671291,0.7771622,0.7660398,0.77545816,0.7686188,0.78048265
2025-01-01 23:17:00,0.7846212,0.7592198,0.83810914,0.7649378,0.7954611,0.7670984,0.7771357,0.76600915,0.7754337,0.7686021,0.78047276
2025-01-01 23:18:00,0.78462505,0.7592245,0.83810985,0.76493,0.7954436,0.76707155,0.777112,0.7659828,0.77541405,0.7685901,0.7804673
2025-01-01 23:19:00,0.78463,0.7592308,0.8381126,0.7649246,0.79542863,0.76704776,0.7770905,0.76596004,0.7753981,0.76858205,0.7804654
2025-01-01 23:20:00,0.78463584,0.7592385,0.838117,0.76492107,0.7954158,0.7670265,0.7770706,0.76594,0.7753852,0.76857716,0.78046656
2025-01-01 23:21:00,0.78464234,0.7592473,0.8381227,0.76491904,0.79540455,0.7670072,0.77705216,0.76592225,0.7753747,0.7685748,0.7804699
2025-01-01 23:22:00,0.78464943,0.7592569,0.8381295,0.7649182,0.7953946,0.76698947,0.77703476,0.7659062,0.7753662,0.7685745,0.78047514
2025-01-01 23:23:00,0.784657,0.7592672,0.8381371,0.7649183,0.7953857,0.7669731,0.77701825,0.76589173,0.77535933,0.7685757,0.7804818
2025-01-01 23:24:00,0.7846649,0.75927806,0.8381454,0.7649192,0.79537755,0.76695764,0.7770025,0.7658784,0.77535367,0.7685783,0.78048974
2025-01-01 23:25:00,0.78467315,0.7592893,0.83815414,0.76492065,0.7953701,0.766943,0.77698725,0.765866,0.7753491,0.7685819,0.7804987
2025-01-01 23:26:00,0.78468156,0.759301,0.83816326,0.76492256,0.7953631,0.766929,0.7769726,0.76585436,0.7753453,0.76858646,0.7805083
2025-01-01 23:27:00,0.78469026,0.7593129,0.83817273,0.7649248,0.7953565,0.7669155,0.7769582,0.76584333,0.7753422,0.76859164,0.7805186
2025-01-01 23:28:00,0.78469914,0.7593251,0.8381825,0.7649274,0.79535025,0.7669024,0.7769441,0.76583284,0.7753397,0.76859736,0.7805294
2025-01-01 23:29:00,0.7847082,0.7593374,0.83819246,0.76493007,0.7953442,0.7668896,0.7769303,0.76582277,0.77533764,0.76860356,0.7805405
2025-01-01 23:30:00,0.78440595,0.75886357,0.8376635,0.7642917,0.7946023,0.7659887,0.77636546,0.76486754,0.7743291,0.7675673,0.77960956
2025-01-01 23:31:00,0.78416616,0.75848705,0.8372424,0.7637817,0.7940077,0.76526576,0.7759111,0.76410174,0.7735223,0.7667399,0.7788674
2025-01-01 23:32:00,0.7839762,0.7581885,0.83690774,0.7633744,0.79353106,0.76468503,0.77554506,0.76348746,0.77287686,0.7660796,0.77827626
2025-01-01 23:33:00,0.7838262,0.7579523,0.836642,0.76304924,0.7931486,0.76421815,0.77524966,0.76299435,0.77236044,0.765553,0.77780586
2025-01-01 23:34:00,0.78370816,0.7577659,0.83643156,0.7627897,0.79284155,0.76384234,0.77501076,0.7625983,0.7719473,0.7651334,0.77743214
2025-01-01 23:35:00,0.7836157,0.75761944,0.8362653,0.7625828,0.79259485,0.76353925,0.7748171,0.76227975,0.7716169,0.76479936,0.77713567
2025-01-01 23:36:00,0.7835437,0.7575048,0.83613443,0.76241785,0.79239637,0.7632945,0.77465963,0.7620233,0.7713525,0.76453376,0.7769011
2025-01-01 23:37:00,0.7834881,0.75741583,0.83603185,0.7622866,0.7922365,0.7630963,0.774531,0.7618165,0.77114105,0.764323,0.77671605
2025-01-01 23:38:00,0.7834456,0.7573472,0.83595186,0.7621822,0.79210746,0.7629354,0.7744257,0.7616494,0.770972,0.7641561,0.77657056
2025-01-01 23:39:00,0.7834136,0.757295,0.8358899,0.76209927,0.7920031,0.76280427,0.7743387,0.7615142,0.77083683,0.76402426,0.7764568
2025-01-01 23:40:00,0.78339,0.7572558,0.83584243,0.7620335,0.79191846,0.76269704,0.7742667,0.76140445,0.7707287,0.7639205,0.77636826
2025-01-01 23:41:00,0.7833732,0.75722706,0.8358065,0.7619815,0.7918496,0.7626088,0.7742066,0.76131505,0.77064234,0.76383924,0.7763001
2025-01-01 23:42:00,0.78336173,0.75720674,0.83577985,0.7619405,0.79179335,0.76253587,0.7741559,0.76124203,0.7705733,0.7637759,0.7762481
2025-01-01 23:43:00,0.7833546,0.7571931,0.83576053,0.76190823,0.79174715,0.7624752,0.7741128,0.761182,0.77051824,0.763727,0.7762091
2025-01-01 23:44:00,0.7833509,0.7571848,0.8357472,0.76188296,0.791709,0.76242423,0.77407587,0.7611324,0.77047426,0.7636896,0.7761805
2025-01-01 23:45:00,0.78335,0.75718075,0.8357385,0.7618633,0.7916773,0.7623811,0.7740437,0.7610912,0.77043927,0.76366144,0.77616024
2025-01-01 23:46:00,0.78335136,0.7571801,0.83573353,0.7618481,0.7916508,0.7623442,0.7740154,0.7610567,0.7704114,0.7636407,0.7761466
2025-01-01 23:47:00,0.78335446,0.75718224,0.83573157,0.7618364,0.7916283,0.7623122,0.7739903,0.7610276,0.77038926,0.7636258,0.7761382
2025-01-01 23:48:00,0.78335905,0.7571866,0.8357321,0.7618276,0.7916091,0.76228416,0.7739676,0.7610028,0.7703717,0.76361567,0.7761342
2025-01-01 23:49:00,0.78336483,0.7571927,0.8357344,0.7618211,0.79159254,0.76225936,0.77394706,0.7609814,0.7703578,0.76360947,0.7761335
2025-01-01 23:50:00,0.7833715,0.7572002,0.83573836,0.7618163,0.79157805,0.76223713,0.77392805,0.76096284,0.7703469,0.7636062,0.7761355
2025-01-01 23:51:00,0.78337896,0.7572088,0.8357434,0.7618129,0.7915652,0.7622169,0.77391034,0.7609465,0.77033836,0.76360536,0.7761398
2025-01-01 23:52:00,0.78338695,0.75721836,0.8357495,0.7618107,0.7915536,0.76219827,0.77389365,0.76093197,0.7703318,0.76360655,0.7761458
2025-01-01 23:53:00,0.78339547,0.7572286,0.83575636,0.76180935,0.7915431,0.762181,0.7738778,0.76091886,0.77032673,0.76360935,0.7761532
2025-01-01 23:54:00,0.78340435,0.7572394,0.83576375,0.76180875,0.7915334,0.76216465,0.7738626,0.7609069,0.7703229,0.76361334,0.77616173
2025-01-01 23:55:00,0.7834136,0.7572506,0.8357717,0.76180863,0.79152435,0.7621492,0.77384794,0.76089585,0.7703201,0.76361847,0.77617115
2025-01-01 23:56:00,0.7834231,0.75726223,0.83578,0.76180905,0.7915158,0.76213443,0.7738337,0.76088566,0.77031815,0.7636243,0.77618134
2025-01-01 23:57:00,0.78343284,0.75727415,0.83578855,0.76180977,0.79150766,0.7621201,0.77381986,0.76087606,0.77031684,0.76363087,0.77619207
2025-01-01 23:58:00,0.7834428,0.7572863,0.8357973,0.76181066,0.7914998,0.7621062,0.7738063,0.7608669,0.7703161,0.763638,0.7762032
2025-01-01 23:59:00,0.78345287,0.7572986,0.83580625,0.7618118,0.7914922,0.7620926,0.7737929,0.7608582,0.77031577,0.7636456,0.77621484
