TIME,B_001_v000,B_001_v001,B_015_v000,B_015_v001,B_120_v000,B_120_v001,B_198_v000,B_198_v001,B_233_v000,B_233_v001,B_273_v000,B_273_v001,B_286_v000,B_286_v001,B_302_v000,B_302_v001,B_317_v000,B_317_v001,B_329_v000,B_329_v001,B_341_v000,B_341_v001
2025-01-01 00:01:00,0.79701895,0.899005,0.80107737,0.90323406,0.79147047,0.8937798,0.79615307,0.89857966,0.8010472,0.9035422,0.8060504,0.8945572,0.79704785,0.89950836,0.80192536,0.9042868,0.8065824,0.90880346,0.7969438,0.89899915,0.80096805,0.9028514
2025-01-01 00:02:00,0.7970175,0.8990058,0.8010804,0.90323913,0.79147756,0.89378864,0.79616344,0.8985912,0.80105966,0.90355515,0.80606353,0.89457005,0.79706013,0.8995197,0.8019354,0.90429527,0.806589,0.9088081,0.7969463,0.89899945,0.80096614,0.9028473
2025-01-01 00:03:00,0.7970161,0.8990066,0.80108345,0.9032443,0.79148465,0.8937975,0.7961738,0.89860284,0.8010721,0.90356815,0.80607665,0.8945829,0.7970724,0.89953095,0.8019454,0.9043037,0.8065956,0.9088127,0.79694873,0.8989997,0.8009641,0.9028432
2025-01-01 00:04:00,0.7970148,0.8990075,0.80108654,0.9032495,0.7914918,0.89380646,0.79618424,0.8986144,0.8010846,0.90358114,0.80608976,0.8945958,0.7970846,0.8995422,0.80195534,0.9043121,0.8066022,0.90881723,0.7969511,0.89899987,0.8009621,0.90283895
2025-01-01 00:05:00,0.7970135,0.89900845,0.80108964,0.90325475,0.791499,0.8938154,0.7961947,0.8986261,0.8010971,0.90359414,0.8061029,0.8946086,0.79709685,0.8995534,0.80196524,0.9043204,0.8066087,0.9088217,0.79695344,0.899,0.80095994,0.9028347
2025-01-01 00:06:00,0.7970123,0.89900947,0.80109286,0.9032601,0.7915063,0.8938244,0.79620516,0.8986377,0.8011096,0.90360713,0.8061159,0.89462143,0.797109,0.8995646,0.80197513,0.9043287,0.8066151,0.9088261,0.7969557,0.89900005,0.8009578,0.90283036
2025-01-01 00:07:00,0.79701114,0.89901054,0.80109614,0.9032655,0.7915136,0.89383346,0.7962157,0.89864945,0.8011221,0.9036201,0.80612904,0.89463425,0.7971212,0.8995758,0.80198497,0.9043369,0.8066215,0.9088305,0.7969579,0.89900005,0.8009556,0.902826
2025-01-01 00:08:00,0.79701006,0.8990117,0.8010995,0.90327084,0.79152095,0.8938425,0.79622626,0.89866114,0.80113465,0.9036331,0.80614215,0.89464706,0.7971333,0.899587,0.8019948,0.90434515,0.80662787,0.9088348,0.79696006,0.899,0.8009533,0.9028216
2025-01-01 00:09:00,0.797009,0.89901286,0.8011028,0.9032763,0.7915284,0.89385164,0.7962368,0.8986729,0.8011472,0.9036461,0.80615526,0.8946599,0.7971455,0.89959806,0.8020046,0.90435326,0.8066342,0.9088391,0.7969622,0.89899987,0.800951,0.9028171
2025-01-01 00:10:00,0.79700804,0.8990141,0.8011063,0.90328187,0.79153585,0.8938608,0.7962475,0.8986847,0.8011598,0.90365916,0.8061683,0.89467263,0.7971576,0.89960915,0.8020143,0.90436137,0.8066404,0.9088433,0.7969642,0.8989997,0.8009486,0.90281254
2025-01-01 00:11:00,0.7970071,0.89901537,0.80110973,0.9032874,0.7915433,0.89387006,0.7962581,0.8986965,0.8011724,0.90367216,0.80618143,0.8946854,0.7971697,0.8996202,0.802024,0.9043695,0.8066466,0.90884745,0.7969662,0.89899945,0.8009462,0.90280795
2025-01-01 00:12:00,0.7970062,0.89901674,0.8011133,0.9032931,0.7915509,0.8938793,0.7962688,0.8987083,0.801185,0.9036852,0.8061945,0.89469814,0.7971817,0.8996312,0.80203366,0.90437746,0.8066528,0.90885156,0.79696816,0.89899915,0.8009437,0.9028033
2025-01-01 00:13:00,0.7970054,0.89901817,0.8011169,0.90329874,0.79155844,0.8938886,0.79627955,0.89872015,0.8011976,0.90369827,0.8062076,0.8947109,0.79719377,0.89964217,0.80204326,0.90438545,0.80665886,0.9088556,0.79697,0.8989988,0.8009411,0.90279865
2025-01-01 00:14:00,0.79700464,0.8990196,0.8011205,0.90330446,0.79156613,0.8938979,0.7962903,0.898732,0.8012102,0.90371126,0.80622065,0.89472365,0.79720575,0.89965314,0.80205286,0.9043934,0.8066649,0.9088596,0.79697186,0.89899844,0.8009385,0.9027939
2025-01-01 00:15:00,0.7970039,0.89902115,0.8011243,0.90331024,0.7915738,0.8939073,0.79630107,0.89874387,0.8012229,0.9037243,0.8062337,0.89473635,0.7972178,0.89966404,0.8020624,0.90440124,0.8066709,0.90886354,0.7969736,0.89899796,0.8009358,0.9027891
2025-01-01 00:16:00,0.7970033,0.89902276,0.80112803,0.9033161,0.7915815,0.8939167,0.7963119,0.8987558,0.80123556,0.90373737,0.80624676,0.89474905,0.7972297,0.89967495,0.80207187,0.9044091,0.80667686,0.9088674,0.7969753,0.8989974,0.80093306,0.9027842
2025-01-01 00:17:00,0.79700273,0.89902437,0.80113184,0.903322,0.7915893,0.89392614,0.79632276,0.8987677,0.80124825,0.9037504,0.8062599,0.89476174,0.7972417,0.8996858,0.80208135,0.90441686,0.8066827,0.90887123,0.796977,0.8989969,0.8009303,0.90277934
2025-01-01 00:18:00,0.7970022,0.89902604,0.8011357,0.9033279,0.7915971,0.8939356,0.7963336,0.8987797,0.80126095,0.90376353,0.8062729,0.89477444,0.7972536,0.89969665,0.80209076,0.9044246,0.80668855,0.908875,0.79697853,0.89899623,0.80092746,0.90277433
2025-01-01 00:19:00,0.7970017,0.8990278,0.8011396,0.90333384,0.791605,0.89394516,0.7963445,0.8987917,0.80127364,0.9037766,0.806286,0.8947871,0.79726547,0.89970744,0.8021002,0.9044323,0.8066944,0.90887874,0.7969801,0.8989955,0.8009246,0.9027693
2025-01-01 00:20:00,0.7970013,0.8990296,0.8011436,0.9033399,0.7916129,0.89395475,0.7963555,0.8988037,0.8012864,0.90378964,0.806299,0.8947997,0.7972774,0.89971817,0.8021095,0.90444,0.8067001,0.9088824,0.7969816,0.8989948,0.8009216,0.90276426
2025-01-01 00:21:00,0.79700094,0.8990315,0.80114764,0.903346,0.7916209,0.89396435,0.79636645,0.89881575,0.80129915,0.90380275,0.806312,0.89481235,0.7972892,0.8997289,0.8021188,0.90444756,0.8067058,0.908886,0.796983,0.898994,0.80091864,0.90275913
2025-01-01 00:22:00,0.79700065,0.8990334,0.8011517,0.90335214,0.7916289,0.893974,0.7963775,0.8988278,0.8013119,0.9038158,0.8063251,0.8948249,0.79730105,0.8997396,0.8021281,0.9044551,0.80671144,0.90888953,0.7969844,0.89899313,0.8009156,0.902754
2025-01-01 00:23:00,0.7970004,0.8990354,0.80115587,0.90335834,0.79163694,0.89398366,0.7963885,0.89883983,0.80132467,0.9038289,0.8063381,0.89483756,0.79731286,0.8997503,0.80213726,0.90446264,0.80671704,0.90889305,0.7969857,0.89899224,0.80091244,0.90274876
2025-01-01 00:24:00,0.7970002,0.8990374,0.80116004,0.90336454,0.79164505,0.89399344,0.7963996,0.89885193,0.8013374,0.903842,0.8063511,0.89485013,0.7973246,0.8997609,0.80214643,0.9044701,0.8067225,0.9088965,0.79698694,0.8989912,0.8009093,0.9027435
2025-01-01 00:25:00,0.7970001,0.8990395,0.8011643,0.90337086,0.79165316,0.89400315,0.7964107,0.8988641,0.80135024,0.9038551,0.8063641,0.89486265,0.79733634,0.8997715,0.8021556,0.90447754,0.806728,0.90889984,0.7969881,0.8989902,0.80090606,0.90273815
2025-01-01 00:26:00,0.79700005,0.89904165,0.8011686,0.9033772,0.7916614,0.894013,0.7964218,0.8988762,0.801363,0.9038682,0.8063772,0.8948752,0.7973481,0.89978206,0.8021647,0.90448487,0.8067334,0.9089032,0.79698926,0.89898914,0.8009028,0.9027328
2025-01-01 00:27:00,0.797,0.89904386,0.801173,0.90338355,0.7916696,0.8940228,0.796433,0.8988884,0.80137587,0.90388125,0.80639017,0.89488775,0.79735976,0.8997926,0.80217373,0.9044922,0.80673885,0.90890646,0.79699033,0.898988,0.80089945,0.90272737
2025-01-01 00:28:00,0.79700005,0.8990461,0.8011774,0.90339,0.7916779,0.8940327,0.7964442,0.89890057,0.8013887,0.90389436,0.80640316,0.89490026,0.79737145,0.8998031,0.80218273,0.9044995,0.80674416,0.9089097,0.79699135,0.89898676,0.80089605,0.9027219
2025-01-01 00:29:00,0.79700017,0.89904845,0.80118185,0.9033965,0.7916862,0.8940426,0.7964554,0.8989128,0.8014015,0.9039075,0.8064161,0.8949128,0.7973831,0.89981353,0.80219173,0.9045067,0.8067494,0.90891284,0.79699236,0.8989855,0.8008926,0.90271634
2025-01-01 00:30:00,0.80392504,0.9037663,0.8084242,0.90836895,0.79925996,0.89891684,0.80415976,0.90417373,0.809251,0.9089829,0.8138943,0.9001151,0.8051461,0.90461874,0.8091399,0.9093801,0.813941,0.9136322,0.8038246,0.9035582,0.80723995,0.90678245
2025-01-01 00:31:00,0.80842626,0.9068337,0.81313336,0.91160333,0.80418587,0.90208864,0.80917156,0.90759766,0.81435764,0.9122865,0.8187596,0.9035009,0.81019616,0.9077457,0.8136593,0.91255015,0.8186172,0.9167008,0.8082658,0.9065299,0.81136453,0.9094234
2025-01-01 00:32:00,0.81135225,0.90882844,0.8161959,0.91370815,0.80739075,0.9041538,0.8124332,0.90982753,0.8176815,0.91443837,0.8219266,0.9057061,0.8134827,0.9097819,0.81659997,0.9146132,0.82165855,0.91869634,0.8111529,0.908461,0.8140442,0.91113806
2025-01-01 00:33:00,0.81325424,0.910126,0.8181883,0.9150786,0.80947685,0.90549976,0.81455725,0.9112812,0.8198466,0.9158417,0.8239897,0.9071438,0.815623,0.9111089,0.81851447,0.9159566,0.8236372,0.9199945,0.8130297,0.90971565,0.8157846,0.91225046
2025-01-01 00:34:00,0.8144908,0.91097033,0.819485,0.91597176,0.8108359,0.9063781,0.8159419,0.9122305,0.82125837,0.9167585,0.8253352,0.9080826,0.81701815,0.9119751,0.81976193,0.9168322,0.824925,0.92083925,0.8142498,0.91053057,0.81691456,0.9129715
2025-01-01 00:35:00,0.8152947,0.91152006,0.8203296,0.91655475,0.8117223,0.9069526,0.8168459,0.91285187,0.8221805,0.917359,0.8262143,0.9086972,0.81792897,0.9125417,0.8205758,0.9174038,0.82576376,0.9213893,0.8150431,0.91105974,0.8176477,0.9134381
2025-01-01 00:36:00,0.8158175,0.9118784,0.8208803,0.9169361,0.81230146,0.9073297,0.8174375,0.91326004,0.8227845,0.9177539,0.8267902,0.909101,0.818525,0.9129135,0.8211078,0.91777766,0.8263107,0.92174774,0.81555885,0.91140306,0.8181228,0.91373926
2025-01-01 00:37:00,0.81615746,0.9121123,0.82124,0.91718644,0.812681,0.9075783,0.8178261,0.9135297,0.82318157,0.9180152,0.8271691,0.90936774,0.81891644,0.9131587,0.82145655,0.91802305,0.8266678,0.92198163,0.8158943,0.91162556,0.81843024,0.9139329
2025-01-01 00:38:00,0.8163787,0.9122654,0.82147557,0.9173516,0.8129308,0.9077435,0.81808275,0.91370934,0.82344425,0.9181896,0.82741994,0.9095454,0.8191748,0.9133216,0.8216863,0.91818494,0.82690156,0.9221346,0.8161124,0.9117695,0.81862867,0.9140567
2025-01-01 00:39:00,0.81652284,0.912366,0.8216305,0.9174614,0.8130963,0.9078545,0.8182536,0.91383046,0.8236195,0.91830754,0.8275874,0.9096652,0.8193468,0.91343105,0.82183856,0.91829246,0.82705516,0.9222349,0.8162543,0.91186243,0.8187562,0.914135
2025-01-01 00:40:00,0.8166168,0.9124324,0.821733,0.9175353,0.8132069,0.9079303,0.8183687,0.91391355,0.8237379,0.9183888,0.8277008,0.9097474,0.81946254,0.9135056,0.8219405,0.91836464,0.8271566,0.92230093,0.81634665,0.9119221,0.8188377,0.9141837
2025-01-01 00:41:00,0.81667817,0.9124766,0.8218014,0.91758585,0.813282,0.90798324,0.81844753,0.9139719,0.82381946,0.9184462,0.827779,0.90980506,0.81954163,0.91355765,0.8220097,0.9184139,0.8272241,0.9223447,0.81640667,0.9119602,0.81888914,0.9142131
2025-01-01 00:42:00,0.8167184,0.91250646,0.8218478,0.9176212,0.8133339,0.9080213,0.8185029,0.9140142,0.823877,0.918488,0.8278343,0.90984684,0.81959707,0.9135949,0.82205755,0.9184481,0.82726955,0.92237395,0.81644577,0.9119842,0.8189211,0.9142301
2025-01-01 00:43:00,0.8167449,0.912527,0.82187974,0.91764677,0.8133708,0.9080497,0.81854296,0.91404617,0.82391894,0.91851985,0.8278748,0.90987825,0.819637,0.9136226,0.8220915,0.91847265,0.82730067,0.9223938,0.81647116,0.9119991,0.81894034,0.91423887
2025-01-01 00:44:00,0.8167625,0.9125415,0.82190245,0.9176659,0.81339794,0.9080719,0.81857306,0.9140712,0.82395077,0.9185451,0.82790554,0.90990293,0.8196668,0.9136441,0.82211655,0.9184908,0.8273224,0.92240745,0.81648767,0.9120079,0.81895137,0.9142424
2025-01-01 00:45:00,0.81677437,0.9125521,0.821919,0.9176809,0.81341875,0.90809,0.8185968,0.91409194,0.823976,0.91856617,0.82793003,0.9099232,0.8196901,0.9136615,0.8221357,0.9185049,0.82733804,0.9224171,0.8164984,0.91201293,0.818957,0.9142424
2025-01-01 00:46:00,0.8167825,0.91256016,0.8219317,0.91769326,0.8134355,0.90810543,0.8186163,0.91410977,0.82399696,0.9185844,0.8279504,0.9099407,0.8197091,0.9136762,0.82215095,0.9185162,0.8273497,0.9224241,0.8165053,0.9120153,0.81895906,0.9142401
2025-01-01 00:47:00,0.8167882,0.9125666,0.8219419,0.9177039,0.81344956,0.9081192,0.8186331,0.9141258,0.82401514,0.9186008,0.8279682,0.9099562,0.8197254,0.91368914,0.8221637,0.9185258,0.8273588,0.9224294,0.8165098,0.9120161,0.8189588,0.9142363
2025-01-01 00:48:00,0.81679237,0.912572,0.8219505,0.91771346,0.81346196,0.9081319,0.81864816,0.91414064,0.8240315,0.9186161,0.8279842,0.9099706,0.8197398,0.91370094,0.82217485,0.91853416,0.8273661,0.9224335,0.8165126,0.91201574,0.81895703,0.91423154
2025-01-01 00:49:00,0.8167955,0.91257674,0.82195807,0.9177223,0.8134732,0.9081439,0.81866205,0.91415465,0.82404673,0.91863066,0.82799906,0.9099841,0.81975305,0.91371197,0.8221849,0.9185418,0.8273724,0.92243683,0.8165143,0.9120146,0.8189543,0.9142261
2025-01-01 00:50:00,0.81679803,0.9125811,0.8219649,0.9177307,0.8134838,0.90815544,0.8186752,0.9141682,0.82406116,0.9186446,0.8280131,0.9099971,0.81976545,0.9137226,0.8221942,0.9185489,0.8273778,0.92243963,0.8165153,0.912013,0.81895083,0.9142203
2025-01-01 00:51:00,0.81680024,0.91258514,0.8219714,0.91773885,0.8134939,0.90816665,0.8186879,0.91418135,0.8240751,0.9186583,0.8280268,0.9100098,0.81977737,0.91373277,0.8222031,0.91855556,0.82738274,0.92244214,0.81651586,0.912011,0.81894696,0.91421413
2025-01-01 00:52:00,0.8168022,0.91258913,0.8219776,0.9177468,0.8135038,0.90817773,0.8187004,0.9141944,0.82408875,0.9186718,0.82804006,0.91002226,0.81978893,0.9137427,0.82221156,0.918562,0.82738733,0.92244434,0.81651604,0.9120088,0.8189427,0.9142077
2025-01-01 00:53:00,0.81680405,0.912593,0.8219837,0.9177547,0.8135135,0.90818876,0.81871265,0.91420734,0.8241022,0.9186851,0.8280532,0.91003454,0.8198003,0.91375256,0.82221985,0.9185683,0.8273917,0.9224464,0.816516,0.91200644,0.8189383,0.91420114
2025-01-01 00:54:00,0.8168058,0.9125969,0.8219897,0.9177626,0.8135231,0.9081997,0.8187248,0.9142202,0.8241155,0.9186984,0.8280661,0.9100467,0.81981146,0.9137623,0.82222795,0.91857445,0.82739586,0.92244834,0.8165157,0.9120039,0.8189337,0.91419446
2025-01-01 00:55:00,0.8168075,0.9126008,0.82199574,0.9177704,0.8135327,0.90821064,0.8187369,0.91423297,0.82412875,0.91871154,0.828079,0.9100588,0.81982255,0.91377187,0.82223594,0.91858053,0.82739985,0.9224502,0.81651527,0.91200125,0.81892896,0.9141877
2025-01-01 00:56:00,0.81680924,0.9126047,0.82200176,0.91777825,0.8135423,0.9082216,0.81874895,0.9142457,0.8241419,0.91872466,0.8280918,0.9100708,0.8198335,0.9137814,0.82224375,0.9185865,0.8274038,0.92245185,0.81651485,0.9119985,0.8189241,0.9141809
2025-01-01 00:57:00,0.81681097,0.9126086,0.8220077,0.9177861,0.81355184,0.9082325,0.818761,0.9142585,0.82415503,0.91873777,0.8281045,0.91008276,0.8198444,0.9137909,0.82225156,0.9185924,0.8274076,0.9224535,0.81651425,0.91199577,0.81891924,0.914174
2025-01-01 00:58:00,0.8168128,0.91261256,0.8220138,0.917794,0.81356144,0.9082434,0.81877303,0.9142712,0.82416815,0.9187508,0.82811725,0.9100947,0.8198553,0.91380024,0.8222593,0.9185982,0.82741135,0.9224551,0.8165136,0.91199285,0.8189143,0.91416705
2025-01-01 00:59:00,0.8168146,0.9126165,0.8220198,0.9178019,0.81357104,0.9082544,0.818785,0.91428393,0.82418126,0.9187639,0.8281299,0.91010654,0.819866,0.9138096,0.822267,0.9186039,0.82741505,0.9224565,0.8165129,0.9119899,0.81890917,0.91415995
2025-01-01 01:00:00,0.82367086,0.9175255,0.8292023,0.92291206,0.8210384,0.9132042,0.82632655,0.91960984,0.8317734,0.92386854,0.8353548,0.915313,0.8272867,0.91856885,0.82886106,0.923415,0.8342276,0.9270315,0.82287294,0.9164519,0.82477295,0.9180684
2025-01-01 01:01:00,0.8281282,0.9207178,0.8338731,0.92623645,0.8258956,0.91642547,0.83123285,0.92307615,0.8367129,0.9271911,0.84005547,0.91870135,0.8321139,0.92166555,0.83314985,0.9265442,0.838657,0.9300057,0.8270067,0.91935104,0.82858264,0.92060643
2025-01-01 01:02:00,0.8310262,0.9227942,0.8369113,0.9284002,0.82905626,0.91852313,0.8344261,0.9253338,0.83992815,0.9293553,0.84311527,0.92090786,0.8352552,0.9236816,0.8359402,0.92858005,0.8415373,0.93193936,0.8296932,0.9212343,0.831057,0.92225355
2025-01-01 01:03:00,0.8329106,0.92414546,0.8388884,0.9298095,0.83111405,0.9198905,0.836506,0.9268057,0.84202266,0.9307666,0.8451085,0.92234623,0.83730084,0.92499524,0.83775645,0.9299053,0.8434107,0.9331966,0.83143914,0.92245734,0.8326635,0.92332166
2025-01-01 01:04:00,0.8341363,0.9250253,0.84017575,0.9307284,0.8324551,0.9207833,0.83786225,0.9277669,0.8433886,0.9316885,0.84640855,0.92328525,0.83863413,0.92585224,0.8389396,0.9307686,0.8446295,0.9340142,0.83257353,0.92325115,0.83370584,0.92401326
2025-01-01 01:05:00,0.83493376,0.92559874,0.84101474,0.9313286,0.8333302,0.9213674,0.838748,0.92839617,0.84428114,0.9322923,0.847258,0.92389965,0.83950454,0.92641246,0.83971125,0.9313316,0.84542286,0.934546,0.8333105,0.92376596,0.8343814,0.92446023
2025-01-01 01:06:00,0.8354529,0.925973,0.84156233,0.9317216,0.8339025,0.9217511,0.83932805,0.92880976,0.84486586,0.93268925,0.84781444,0.9243032,0.8400739,0.92677975,0.84021527,0.9316994,0.84593964,0.934892,0.8337891,0.9240994,0.8348186,0.92474824
2025-01-01 01:07:00,0.8357912,0.92621785,0.84192055,0.93198,0.834278,0.9220044,0.83970934,0.92908305,0.84525055,0.93295187,0.84818053,0.9245694,0.8404476,0.9270216,0.8405454,0.93194026,0.84627664,0.93511724,0.8340997,0.92431486,0.8351008,0.9249327
2025-01-01 01:08:00,0.83601195,0.9263786,0.8421557,0.9321509,0.8345255,0.92217296,0.83996147,0.9292652,0.8455051,0.9331271,0.8484228,0.92474663,0.8406942,0.92718196,0.84076256,0.9320986,0.84649676,0.93526393,0.8343011,0.9244537,0.83528227,0.92505
2025-01-01 01:09:00,0.8361563,0.9264847,0.8423109,0.932265,0.83469,0.9222865,0.8401297,0.9293881,0.8456752,0.9332455,0.8485847,0.92486584,0.84085804,0.9272893,0.84090614,0.9322034,0.8466409,0.93535954,0.8344315,0.92454267,0.8353982,0.92512363
2025-01-01 01:10:00,0.836251,0.92655534,0.84241414,0.9323421,0.83480036,0.9223643,0.84024334,0.9294725,0.8457903,0.933327,0.84869426,0.9249474,0.84096825,0.92736214,0.84100187,0.93227327,0.8467356,0.93542194,0.8345158,0.9245992,0.8354716,0.92516875
2025-01-01 01:11:00,0.8363134,0.9266029,0.8424835,0.9323952,0.83487564,0.92241883,0.8403214,0.9295319,0.8458698,0.93338454,0.8487698,0.9250044,0.8410434,0.9274125,0.8410666,0.9323204,0.84679824,0.93546283,0.83457005,0.92463464,0.8355173,0.9251954
2025-01-01 01:12:00,0.836355,0.92663544,0.842531,0.9324328,0.83492815,0.92245823,0.8403766,0.92957497,0.845926,0.9334265,0.84882325,0.9250455,0.84109586,0.92744833,0.8411111,0.9323528,0.8468399,0.93548954,0.83460474,0.9246564,0.8355449,0.92521
2025-01-01 01:13:00,0.8363829,0.92665833,0.8425643,0.9324601,0.8349658,0.9224879,0.8404167,0.9296075,0.8459671,0.93345827,0.8488623,0.92507625,0.8411336,0.9274746,0.8411424,0.93237555,0.8468679,0.9355071,0.8346267,0.92466915,0.8355608,0.9252168
2025-01-01 01:14:00,0.83640206,0.9266749,0.8425883,0.932481,0.8349939,0.92251116,0.8404471,0.9296332,0.84599847,0.9334834,0.84889203,0.92510015,0.84116167,0.92749476,0.8411652,0.93239206,0.8468871,0.93551874,0.8346404,0.9246761,0.8355691,0.92521846
2025-01-01 01:15:00,0.8364155,0.9266874,0.84260637,0.9324976,0.8350157,0.9225303,0.8404712,0.92965436,0.8460234,0.9335043,0.84891564,0.9251197,0.8411834,0.92751086,0.8411824,0.93240446,0.8469005,0.93552643,0.83464867,0.9246792,0.83557236,0.9252168
2025-01-01 01:16:00,0.8364253,0.9266974,0.84262055,0.93251145,0.8350335,0.92254674,0.84049124,0.9296727,0.8460441,0.93352234,0.8489353,0.92513645,0.8412011,0.9275243,0.84119594,0.9324142,0.8469102,0.9355316,0.8346534,0.9246799,0.83557236,0.9252129
2025-01-01 01:17:00,0.83643264,0.92670554,0.84263223,0.93252355,0.8350487,0.9225615,0.8405086,0.92968917,0.84606224,0.9335386,0.8489524,0.9251512,0.84121615,0.9275361,0.841207,0.93242216,0.8469173,0.9355351,0.8346558,0.92467886,0.8355702,0.92520756
2025-01-01 01:18:00,0.8364384,0.92671263,0.8426423,0.9325345,0.83506215,0.9225752,0.84052426,0.92970437,0.84607863,0.9335537,0.84896785,0.9251648,0.8412294,0.9275466,0.84121656,0.93242896,0.8469228,0.93553746,0.8346567,0.9246768,0.8355667,0.9252013
2025-01-01 01:19:00,0.8364433,0.92671907,0.84265137,0.9325447,0.8350746,0.92258805,0.84053874,0.9297188,0.84609383,0.933568,0.84898216,0.92517763,0.84124154,0.92755646,0.84122515,0.932435,0.8469273,0.935539,0.8346566,0.924674,0.83556217,0.92519444
2025-01-01 01:20:00,0.83644754,0.92672503,0.8426598,0.9325545,0.8350862,0.9226005,0.84055257,0.92973274,0.8461083,0.93358177,0.84899575,0.9251899,0.84125286,0.92756575,0.84123296,0.93244046,0.846931,0.93554014,0.83465576,0.9246707,0.8355571,0.9251872
2025-01-01 01:21:00,0.83645135,0.9267308,0.8426677,0.93256396,0.83509755,0.9226127,0.8405659,0.9297464,0.8461223,0.93359524,0.8490088,0.9252018,0.8412638,0.9275747,0.84124035,0.9324456,0.8469342,0.93554085,0.83465457,0.92466706,0.8355516,0.92517954
2025-01-01 01:22:00,0.836455,0.9267364,0.84267545,0.93257326,0.83510846,0.9226247,0.840579,0.92975974,0.84613603,0.93360853,0.84902155,0.92521346,0.84127426,0.9275834,0.8412473,0.9324505,0.8469371,0.9355414,0.83465296,0.9246632,0.8355458,0.92517173
2025-01-01 01:23:00,0.8364585,0.9267419,0.842683,0.9325825,0.8351193,0.92263657,0.84059185,0.929773,0.8461495,0.9336216,0.84903413,0.9252249,0.8412845,0.927592,0.8412542,0.9324552,0.8469398,0.93554175,0.8346512,0.9246591,0.83553976,0.92516375
2025-01-01 01:24:00,0.8364619,0.9267474,0.8426905,0.9325917,0.83513004,0.92264843,0.8406046,0.92978615,0.8461628,0.9336346,0.8490465,0.9252363,0.84129465,0.92760044,0.8412608,0.9324598,0.84694225,0.9355419,0.83464915,0.9246549,0.83553356,0.92515564
2025-01-01 01:25:00,0.8364653,0.92675287,0.842698,0.93260086,0.83514076,0.92266023,0.8406173,0.92979926,0.8461761,0.9336475,0.84905887,0.92524755,0.84130466,0.9276088,0.8412673,0.93246424,0.8469446,0.935542,0.83464706,0.9246506,0.8355273,0.9251475
2025-01-01 01:26:00,0.83646876,0.92675835,0.8427054,0.93261003,0.83515143,0.92267203,0.84062994,0.9298123,0.8461893,0.9336604,0.8490711,0.92525876,0.8413146,0.927617,0.8412738,0.93246865,0.84694684,0.935542,0.8346449,0.92464626,0.83552086,0.92513925
2025-01-01 01:27:00,0.8364722,0.9267639,0.84271294,0.9326192,0.8351621,0.92268384,0.8406426,0.9298254,0.84620243,0.93367326,0.8490833,0.92526996,0.8413244,0.92762524,0.8412801,0.93247294,0.846949,0.9355419,0.8346426,0.9246418,0.8355144,0.92513096
2025-01-01 01:28:00,0.83647573,0.92676944,0.84272045,0.9326284,0.8351728,0.9226956,0.8406552,0.9298384,0.8462156,0.933686,0.84909546,0.925281,0.8413342,0.92763335,0.8412864,0.9324771,0.84695107,0.93554175,0.83464026,0.92463726,0.8355079,0.92512256
2025-01-01 01:29:00,0.8364792,0.92677504,0.84272796,0.93263763,0.83518344,0.9227074,0.8406678,0.9298515,0.84622866,0.9336988,0.8491075,0.9252921,0.8413439,0.9276414,0.8412926,0.9324813,0.84695303,0.9355415,0.8346378,0.92463267,0.8355013,0.92511415
2025-01-01 01:30:00,0.84314454,0.93178743,0.8497223,0.93779415,0.842411,0.9276442,0.84791195,0.9351469,0.8534278,0.9387414,0.8559502,0.93040967,0.8482898,0.9322696,0.8474148,0.9371444,0.85326487,0.93989056,0.8404121,0.9289041,0.8407766,0.92879486
2025-01-01 01:31:00,0.8474783,0.93504757,0.85427135,0.9411492,0.8471127,0.93085724,0.85262513,0.93859357,0.8581118,0.9420236,0.860402,0.93373996,0.85280794,0.9352807,0.85139626,0.9401767,0.8573682,0.94271725,0.84416443,0.9316789,0.84420323,0.9311843
2025-01-01 01:32:00,0.85029656,0.93716866,0.85723096,0.94333327,0.85017264,0.9329499,0.8556931,0.94083846,0.86116105,0.9441614,0.86329997,0.93590844,0.8557481,0.93724066,0.85398626,0.94214916,0.8600359,0.94455445,0.8466025,0.93348074,0.84642816,0.9327344
2025-01-01 01:33:00,0.85212976,0.93854946,0.8591574,0.9447562,0.85216534,0.93431425,0.8576917,0.9423022,0.86314756,0.9455555,0.86518776,0.9373217,0.8576625,0.93851733,0.8556718,0.94343257,0.8617705,0.9457484,0.84818625,0.93465024,0.8478719,0.93373895
2025-01-01 01:34:00,0.8533227,0.939449,0.8604123,0.94568443,0.8534644,0.9352053,0.85899526,0.9432582,0.86444336,0.9464661,0.866419,0.9382442,0.85891014,0.9393499,0.85676956,0.9442681,0.8628985,0.94652426,0.84921473,0.9354087,0.84880793,0.9343888
2025-01-01 01:35:00,0.8540995,0.9400358,0.86123073,0.94629115,0.8543127,0.9357887,0.859847,0.9438842,0.8652902,0.9470623,0.8672235,0.9388476,0.8597244,0.9398938,0.8574851,0.9448125,0.8636323,0.94702834,0.84988225,0.9358999,0.84941393,0.9348082
2025-01-01 01:36:00,0.8546058,0.9404194,0.86176556,0.94668883,0.8548679,0.93617207,0.8604051,0.94429564,0.86584526,0.94745433,0.8677506,0.93924356,0.8602569,0.9402499,0.8579522,0.9451676,0.86410975,0.9473557,0.85031503,0.9362175,0.8498053,0.9350777
2025-01-01 01:37:00,0.8549363,0.9406708,0.8621159,0.9469507,0.85523254,0.93642557,0.8607723,0.94456774,0.8662106,0.94771355,0.86809736,0.9395047,0.8606064,0.9404841,0.8582578,0.9453997,0.86442065,0.9475682,0.85059536,0.9364221,0.85005724,0.93524975
2025-01-01 01:38:00,0.8551526,0.9408364,0.8623465,0.9471243,0.85547346,0.9365945,0.8610155,0.9447491,0.86645263,0.94788647,0.8683269,0.93967813,0.8608367,0.94063896,0.8584584,0.9455518,0.8646232,0.94770604,0.85077643,0.93655324,0.8502185,0.93535846
2025-01-01 01:39:00,0.85529464,0.9409462,0.8624991,0.94724053,0.855634,0.9367085,0.861178,0.9448716,0.8666145,0.9480033,0.86848015,0.93979466,0.86098963,0.94074225,0.8585907,0.94565195,0.8647553,0.94779533,0.8508931,0.9366367,0.85032076,0.93542606
2025-01-01 01:40:00,0.8553884,0.9410198,0.8626012,0.94731945,0.8557421,0.93678683,0.8612881,0.94495577,0.8667243,0.94808364,0.868584,0.93987405,0.86109227,0.94081193,0.85867864,0.94571817,0.8648416,0.94785297,0.8509678,0.9366891,0.8503847,0.9354668
2025-01-01 01:41:00,0.85545087,0.9410698,0.8626704,0.9473742,0.8558163,0.936842,0.8613642,0.94501513,0.8668002,0.9481402,0.86865556,0.9399294,0.8611622,0.94085985,0.85873777,0.94576246,0.8648981,0.94789016,0.8510152,0.9367213,0.8504238,0.93549013
2025-01-01 01:42:00,0.855493,0.94110453,0.8627183,0.9474132,0.85586846,0.93688214,0.86141807,0.9450582,0.86685413,0.9481814,0.86870617,0.93996906,0.8612108,0.9408936,0.85877806,0.9457924,0.8649352,0.9479139,0.8510449,0.93674034,0.8504466,0.9355022
2025-01-01 01:43:00,0.85552186,0.94112927,0.86275226,0.947442,0.85590625,0.93691254,0.86145765,0.9450909,0.8668937,0.94821256,0.8687431,0.93999857,0.8612456,0.94091815,0.85880613,0.945813,0.8649598,0.94792897,0.851063,0.93675077,0.85045886,0.93550676
2025-01-01 01:44:00,0.8555421,0.9411477,0.86277723,0.9474642,0.85593474,0.93693644,0.8614878,0.94511664,0.8669239,0.9482372,0.86877126,0.9400214,0.8612713,0.94093657,0.8588263,0.94582754,0.864976,0.94793826,0.8510736,0.93675566,0.8504642,0.9355066
2025-01-01 01:45:00,0.85555696,0.9411619,0.8627964,0.9474821,0.85595715,0.93695635,0.86151195,0.945138,0.8669481,0.94825757,0.8687936,0.94003993,0.8612912,0.9409511,0.8588412,0.94583803,0.86498696,0.9479439,0.8510793,0.9367569,0.85046506,0.93550324
2025-01-01 01:46:00,0.8555681,0.9411734,0.8628118,0.9474972,0.8559757,0.9369735,0.8615321,0.94515646,0.8669684,0.9482752,0.8688122,0.94005555,0.86130726,0.9409631,0.8588527,0.94584596,0.86499435,0.94794714,0.8510817,0.9367557,0.850463,0.9354979
2025-01-01 01:47:00,0.855577,0.9411832,0.8628247,0.9475105,0.85599166,0.936989,0.8615497,0.945173,0.86698616,0.94829106,0.8688284,0.9400694,0.86132085,0.94097334,0.85886204,0.94585216,0.8649995,0.9479487,0.8510821,0.936753,0.850459,0.93549114
2025-01-01 01:48:00,0.8555844,0.9411919,0.86283606,0.94752264,0.856006,0.9370033,0.86156565,0.9451884,0.86700225,0.94830567,0.86884296,0.940082,0.8613327,0.94098246,0.85886985,0.9458573,0.86500317,0.9479493,0.8510811,0.9367492,0.85045373,0.93548346
2025-01-01 01:49:00,0.8555908,0.9411999,0.86284643,0.9475341,0.8560194,0.93701696,0.86158055,0.94520295,0.8670172,0.9483195,0.86885643,0.9400938,0.8613435,0.94099087,0.85887676,0.94586164,0.86500573,0.9479491,0.8510791,0.9367448,0.85044765,0.9354752
2025-01-01 01:50:00,0.85559666,0.9412074,0.86285615,0.94754505,0.85603195,0.93703014,0.86159474,0.945217,0.8670315,0.94833285,0.86886925,0.940105,0.86135364,0.9409988,0.85888296,0.94586545,0.86500764,0.94794846,0.8510766,0.93673986,0.850441,0.9354665
2025-01-01 01:51:00,0.85560215,0.94121474,0.8628655,0.9475557,0.8560442,0.937043,0.86160845,0.9452307,0.8670453,0.94834584,0.8688815,0.9401159,0.86136323,0.94100636,0.85888875,0.9458689,0.8650091,0.9479475,0.85107356,0.93673456,0.85043395,0.9354576
2025-01-01 01:52:00,0.8556074,0.9412219,0.86287457,0.9475663,0.8560561,0.93705565,0.86162186,0.94524425,0.86705875,0.94835865,0.8688936,0.94012666,0.86137253,0.9410137,0.8588942,0.9458722,0.86501026,0.9479463,0.8510702,0.93672913,0.8504267,0.9354485
2025-01-01 01:53:00,0.8556126,0.9412289,0.8628835,0.94757664,0.85606784,0.9370682,0.86163515,0.94525766,0.86707205,0.9483713,0.8689054,0.94013715,0.8613816,0.94102085,0.8588995,0.9458752,0.8650112,0.9479449,0.85106677,0.93672353,0.85041916,0.9354392
2025-01-01 01:54:00,0.85561764,0.94123596,0.8628924,0.947587,0.8560795,0.93708074,0.86164826,0.94527096,0.8670852,0.9483838,0.86891705,0.9401475,0.8613905,0.9410279,0.85890454,0.9458781,0.865012,0.9479434,0.8510631,0.93671775,0.85041153,0.9354299
2025-01-01 01:55:00,0.85562265,0.94124293,0.8629012,0.9475973,0.8560911,0.93709326,0.8616614,0.9452842,0.8670982,0.94839627,0.8689286,0.94015783,0.8613992,0.9410348,0.8589095,0.94588095,0.8650126,0.9479417,0.8510593,0.93671185,0.8504038,0.93542045
2025-01-01 01:56:00,0.8556277,0.94124997,0.86291003,0.94760764,0.8561027,0.9371057,0.8616744,0.94529736,0.86711127,0.94840866,0.8689401,0.940168,0.8614079,0.94104165,0.8589143,0.94588363,0.8650131,0.94794,0.85105544,0.9367059,0.850396,0.935411
2025-01-01 01:57:00,0.8556328,0.941257,0.86291885,0.947618,0.85611427,0.9371182,0.8616874,0.94531053,0.8671242,0.94842106,0.86895156,0.94017816,0.8614165,0.94104844,0.85891914,0.9458863,0.86501354,0.9479382,0.85105145,0.93669987,0.8503881,0.93540144
2025-01-01 01:58:00,0.8556379,0.94126403,0.86292773,0.9476283,0.85612583,0.9371306,0.8617005,0.94532365,0.86713713,0.94843334,0.86896294,0.9401882,0.86142504,0.9410551,0.85892385,0.9458888,0.86501396,0.9479363,0.85104746,0.9366938,0.8503801,0.9353918
2025-01-01 01:59:00,0.855643,0.9412711,0.86293656,0.94763863,0.8561374,0.937143,0.8617134,0.94533676,0.86715,0.9484456,0.86897427,0.94019824,0.8614335,0.94106174,0.8589285,0.9458913,0.8650142,0.9479343,0.85104334,0.9366876,0.8503721,0.9353821
2025-01-01 02:00:00,0.8619985,0.9462975,0.8696181,0.9527496,0.8629964,0.9419788,0.8685308,0.9505074,0.8738279,0.9533363,0.8753126,0.9451358,0.86778057,0.9454763,0.86446965,0.9503231,0.8707128,0.9519799,0.8561288,0.94069237,0.8549649,0.9387697
2025-01-01 02:01:00,0.8661314,0.9495672,0.8739642,0.95607543,0.8674588,0.9451265,0.8729666,0.9538729,0.878173,0.95651954,0.8794365,0.9483486,0.8719091,0.9483479,0.868073,0.9532046,0.8744168,0.9546087,0.8594328,0.9432932,0.8579474,0.9409682
2025-01-01 02:02:00,0.86881965,0.951695,0.8767924,0.95824087,0.8703635,0.94717675,0.87585443,0.9560651,0.8810018,0.9585929,0.8821209,0.9504404,0.8745955,0.95021677,0.8704167,0.95507824,0.8768245,0.9563166,0.8615789,0.9449815,0.8598831,0.9423937
2025-01-01 02:03:00,0.870569,0.9530807,0.87863386,0.95965207,0.8722556,0.94851387,0.8777361,0.9574946,0.8828449,0.9599448,0.8838697,0.95180345,0.87634456,0.9514337,0.87194157,0.9562969,0.8783895,0.957426,0.8629723,0.94607663,0.86113846,0.94331694
2025-01-01 02:04:00,0.8717079,0.953984,0.879834,0.9605731,0.8734896,0.9493874,0.8789637,0.9584283,0.88404745,0.9608278,0.8850103,0.95269287,0.87748426,0.95222694,0.8729342,0.9570898,0.87940663,0.9581463,0.86387646,0.9467862,0.86195153,0.9439135
2025-01-01 02:05:00,0.8724502,0.9545738,0.8806173,0.96117544,0.87429583,0.9499596,0.8797663,0.95903987,0.8848336,0.961406,0.8857556,0.9532744,0.8782279,0.9527448,0.87358093,0.9576059,0.88006777,0.95861363,0.8644626,0.9472451,0.86247706,0.9442978
2025-01-01 02:06:00,0.8729346,0.95495975,0.8811297,0.96157074,0.874824,0.9503359,0.8802925,0.95944196,0.8853491,0.9617861,0.8862439,0.95365584,0.8787141,0.9530835,0.8740028,0.95794207,0.8804974,0.95891654,0.86484194,0.9475411,0.86281574,0.94454414
2025-01-01 02:07:00,0.87325144,0.9552133,0.881466,0.9618314,0.8751714,0.95058495,0.8806391,0.95970786,0.8856886,0.9620373,0.8865651,0.95390713,0.8790329,0.95330584,0.8742784,0.95816123,0.8807766,0.9591125,0.8650869,0.9477312,0.8630329,0.94470066
2025-01-01 02:08:00,0.8734594,0.95538074,0.8816878,0.9620046,0.87540144,0.95075125,0.8808689,0.9598853,0.8859137,0.9622048,0.8867777,0.9540738,0.87924296,0.95345247,0.87445897,0.95830435,0.8809579,0.95923907,0.8652445,0.9478524,0.8631711,0.9447989
2025-01-01 02:09:00,0.87359655,0.95549226,0.8818353,0.96212095,0.87555504,0.9508638,0.8810229,0.96000516,0.8860645,0.9623179,0.88691974,0.95418555,0.8793823,0.9535499,0.87457776,0.95839804,0.8810756,0.95932037,0.8653453,0.9479288,0.8632579,0.94485927
2025-01-01 02:10:00,0.87368774,0.9555674,0.8819344,0.96220034,0.8756591,0.9509414,0.88112754,0.9600877,0.886167,0.9623956,0.88701594,0.9542615,0.8794756,0.9536153,0.87465626,0.9584595,0.8811519,0.9593723,0.8654091,0.94797605,0.8633113,0.9448949
2025-01-01 02:11:00,0.873749,0.95561904,0.8820022,0.9622557,0.8757309,0.9509962,0.8812001,0.9601459,0.88623804,0.9624503,0.8870822,0.9543142,0.87953895,0.9536599,0.8747087,0.9585,0.8812014,0.95940506,0.86544883,0.9480044,0.86334306,0.9449145
2025-01-01 02:12:00,0.8737909,0.9556553,0.88204956,0.9622956,0.8757817,0.9510363,0.8812518,0.96018827,0.88628864,0.9624901,0.8871291,0.9543517,0.8795829,0.953691,0.8747441,0.95852697,0.8812334,0.9594254,0.865473,0.94802046,0.8633606,0.9449237
2025-01-01 02:13:00,0.87382025,0.95568156,0.88208365,0.9623252,0.87581897,0.9510668,0.88129,0.96022046,0.88632596,0.96252006,0.8871634,0.95437944,0.8796141,0.9537132,0.87476844,0.9585451,0.8812539,0.9594376,0.8654869,0.94802845,0.8633689,0.9449261
2025-01-01 02:14:00,0.8738414,0.95570135,0.88210917,0.96234834,0.87584734,0.95109105,0.88131946,0.9602459,0.8863547,0.9625438,0.88718945,0.9544007,0.8796372,0.9537297,0.87478554,0.95855737,0.881267,0.9594445,0.86549425,0.9480312,0.8633713,0.944924
2025-01-01 02:15:00,0.8738573,0.9557171,0.8821291,0.96236724,0.87587005,0.9511113,0.8813431,0.960267,0.8863778,0.96256334,0.88721013,0.9544178,0.87965477,0.9537424,0.87479794,0.9585659,0.88127524,0.959448,0.8654972,0.9480305,0.86336976,0.94491905
2025-01-01 02:16:00,0.8738698,0.95573,0.88214535,0.9623834,0.875889,0.9511289,0.8813631,0.9602853,0.8863972,0.96258014,0.88722736,0.9544322,0.8796689,0.95375264,0.87480724,0.95857185,0.8812803,0.9594492,0.86549735,0.94802755,0.86336565,0.9449122
2025-01-01 02:17:00,0.87387997,0.9557413,0.88215935,0.96239763,0.8759056,0.9511448,0.8813807,0.9603017,0.88641423,0.9625952,0.8872423,0.9544448,0.8796807,0.9537613,0.87481457,0.95857626,0.8812833,0.9594489,0.8654956,0.9480231,0.86335987,0.9449041
2025-01-01 02:18:00,0.8738888,0.9557514,0.8821718,0.96241087,0.87592053,0.95115966,0.8813967,0.96031696,0.8864297,0.9626092,0.8872557,0.9544562,0.87969106,0.95376885,0.87482053,0.95857954,0.88128495,0.9594476,0.86549264,0.9480177,0.86335295,0.9448952
2025-01-01 02:19:00,0.8738968,0.95576084,0.8821833,0.9624233,0.8759345,0.9511737,0.8814117,0.9603315,0.88644415,0.96262234,0.8872682,0.9544668,0.8797003,0.9537757,0.87482566,0.95858216,0.88128567,0.95944566,0.8654889,0.9480117,0.8633454,0.94488573
2025-01-01 02:20:00,0.8739041,0.9557698,0.8821942,0.96243525,0.87594783,0.9511874,0.88142604,0.96034545,0.886458,0.96263504,0.88728,0.9544769,0.87970895,0.9537821,0.8748301,0.95858425,0.8812857,0.95944333,0.86548454,0.94800526,0.8633372,0.9448759
2025-01-01 02:21:00,0.87391114,0.9557785,0.8822047,0.9624469,0.8759607,0.9512007,0.8814399,0.9603591,0.88647133,0.9626473,0.8872914,0.95448667,0.8797172,0.9537881,0.87483424,0.95858604,0.8812854,0.9594406,0.8654799,0.94799846,0.8633288,0.9448658
2025-01-01 02:22:00,0.8739179,0.95578706,0.882215,0.96245843,0.8759734,0.9512139,0.8814535,0.9603725,0.8864844,0.9626594,0.8873024,0.95449615,0.87972504,0.95379394,0.874838,0.9585875,0.8812848,0.95943767,0.86547494,0.9479915,0.8633201,0.9448556
2025-01-01 02:23:00,0.87392455,0.95579547,0.8822252,0.9624698,0.87598586,0.9512269,0.881467,0.96038574,0.8864973,0.9626714,0.88731325,0.9545055,0.8797327,0.95379955,0.87484163,0.95858884,0.881284,0.95943457,0.86546975,0.94798434,0.8633113,0.9448452
2025-01-01 02:24:00,0.8739311,0.95580393,0.8822353,0.9624812,0.87599826,0.9512399,0.88148034,0.9603989,0.8865101,0.96268326,0.887324,0.9545147,0.87974024,0.953805,0.874845,0.95859003,0.881283,0.95943135,0.8654645,0.9479771,0.8633023,0.94483477
2025-01-01 02:25:00,0.8739377,0.95581234,0.8822453,0.9624925,0.87601054,0.9512529,0.8814935,0.960412,0.8865227,0.96269506,0.8873346,0.9545238,0.8797476,0.95381045,0.87484837,0.95859116,0.8812819,0.959428,0.86545914,0.94796973,0.8632933,0.9448242
2025-01-01 02:26:00,0.87394434,0.95582074,0.8822553,0.9625038,0.8760229,0.95126575,0.8815067,0.9604251,0.8865352,0.96270674,0.88734514,0.95453286,0.8797549,0.95381576,0.8748516,0.9585922,0.88128066,0.9594246,0.86545366,0.9479623,0.8632841,0.9448136
2025-01-01 02:27:00,0.87395096,0.95582914,0.8822653,0.9625151,0.87603515,0.9512787,0.88151985,0.96043813,0.88654774,0.9627184,0.8873556,0.9545418,0.8797621,0.953821,0.87485474,0.95859313,0.8812794,0.95942116,0.8654481,0.94795483,0.86327493,0.94480294
2025-01-01 02:28:00,0.8739576,0.95583755,0.88227534,0.9625264,0.8760475,0.95129156,0.881533,0.96045107,0.88656026,0.96273,0.88736606,0.9545507,0.8797693,0.9538262,0.8748578,0.95859396,0.8812781,0.9594176,0.86544245,0.94794726,0.8632657,0.9447922
2025-01-01 02:29:00,0.87396425,0.955846,0.8822854,0.9625377,0.8760598,0.95130444,0.88154614,0.96046406,0.8865727,0.96274155,0.8873764,0.9545595,0.87977636,0.95383126,0.87486076,0.95859474,0.8812766,0.95941395,0.86543673,0.94793963,0.86325634,0.9447815
2025-01-01 02:30:00,0.8798964,0.9607968,0.88853484,0.96751183,0.8824277,0.95595294,0.88781536,0.96541786,0.89261,0.9673931,0.8930974,0.95922875,0.8854115,0.9579535,0.87972194,0.9627161,0.8862602,0.96308357,0.86974263,0.9516063,0.8670847,0.9478154
2025-01-01 02:31:00,0.8837547,0.9640178,0.8926005,0.97074896,0.88657117,0.958979,0.89189494,0.96864235,0.89653856,0.9704206,0.89681953,0.96226674,0.8890767,0.9606346,0.8828827,0.9653952,0.88949895,0.96546745,0.87253946,0.9539869,0.86956984,0.9497836
2025-01-01 02:32:00,0.88626504,0.96611446,0.8952468,0.9728572,0.8892687,0.9609505,0.8945513,0.9707428,0.8990965,0.9723925,0.8992425,0.9642445,0.8914615,0.96237904,0.8849381,0.9671368,0.8916035,0.9670157,0.8743553,0.95553154,0.87118185,0.95105916
2025-01-01 02:33:00,0.8878991,0.96748036,0.8969704,0.9742315,0.8910265,0.9622365,0.89628243,0.97211266,0.90076345,0.97367823,0.90082103,0.96553296,0.89301395,0.9635146,0.8862751,0.96826905,0.89297086,0.9680206,0.87553346,0.95653284,0.8722263,0.95188445
2025-01-01 02:34:00,0.88896376,0.9683712,0.8980944,0.9751288,0.89217335,0.9630769,0.8974123,0.97300756,0.9018513,0.97451794,0.9018505,0.9663735,0.89402544,0.9642544,0.88714504,0.9690051,0.893859,0.96867245,0.8762972,0.95718086,0.87290186,0.9524171
2025-01-01 02:35:00,0.8896583,0.96895343,0.8988286,0.9757162,0.8929232,0.9636277,0.89815134,0.9735937,0.9025626,0.9750677,0.9025233,0.9669228,0.89468527,0.96473694,0.88771135,0.9694836,0.89443564,0.9690947,0.8767914,0.95759934,0.8733376,0.95275944
2025-01-01 02:36:00,0.89011216,0.9693349,0.8993095,0.97610193,0.8934149,0.96399033,0.8986363,0.97397923,0.9030293,0.97542894,0.9029641,0.96728283,0.8951164,0.9650521,0.88808036,0.9697948,0.8948098,0.96936774,0.87711054,0.95786846,0.8736175,0.9529781
2025-01-01 02:37:00,0.89040965,0.969586,0.89962566,0.97635674,0.8937389,0.96423054,0.89895606,0.97423434,0.90333694,0.9756678,0.9032541,0.96751976,0.895399,0.9652586,0.88832104,0.9699971,0.89505225,0.96954376,0.87731576,0.9580406,0.8737959,0.9531163
2025-01-01 02:38:00,0.89060557,0.9697523,0.8998348,0.97652644,0.8939539,0.9643912,0.89916855,0.97440463,0.9035412,0.9758269,0.90344614,0.96767676,0.895585,0.96539444,0.88847834,0.9701287,0.89520913,0.96965665,0.87744695,0.9581496,0.8739086,0.9532023
2025-01-01 02:39:00,0.89073545,0.96986353,0.8999744,0.9766408,0.894098,0.9645002,0.89931124,0.97451985,0.90367824,0.97593427,0.90357435,0.96778166,0.89570814,0.96548426,0.8885814,0.97021425,0.89531034,0.9697285,0.87753004,0.9582177,0.8739784,0.9532543
2025-01-01 02:40:00,0.89082235,0.96993905,0.9000688,0.97671926,0.89419603,0.9645756,0.8994086,0.97459924,0.9037716,0.976008,0.9036612,0.9678528,0.89579046,0.9655442,0.88864917,0.97026986,0.89537543,0.96977377,0.87758183,0.95825905,0.8740203,0.9532842
2025-01-01 02:41:00,0.8908815,0.9699913,0.9001339,0.97677433,0.89426416,0.9646291,0.89947635,0.9746553,0.9038365,0.9760598,0.90372103,0.9679019,0.8958461,0.9655847,0.888694,0.97030604,0.8954169,0.9698016,0.87761325,0.95828295,0.87404406,0.95329976
2025-01-01 02:42:00,0.8909225,0.9700284,0.9001799,0.97681427,0.89431286,0.96466845,0.89952505,0.97469616,0.9038829,0.9760974,0.9037634,0.96793664,0.8958846,0.96561253,0.8887239,0.9703295,0.8954431,0.9698182,0.8776314,0.9582957,0.87405604,0.95330596
2025-01-01 02:43:00,0.8909517,0.97005576,0.9002135,0.9768444,0.89434886,0.9646986,0.8995613,0.9747273,0.9039174,0.9761257,0.90379435,0.9679621,0.89591175,0.96563214,0.88874406,0.9703447,0.8954593,0.96982735,0.8776409,0.958301,0.8740604,0.953306
2025-01-01 02:44:00,0.89097327,0.97007674,0.9002391,0.976868,0.8943767,0.96472275,0.8995894,0.97475195,0.903944,0.976148,0.90381783,0.9679815,0.8959316,0.9656463,0.8887578,0.97035456,0.89546895,0.96983176,0.87764484,0.95830154,0.87405974,0.95330215
2025-01-01 02:45:00,0.89098996,0.9700936,0.90025944,0.9768875,0.89439917,0.96474296,0.89961225,0.9747725,0.90396553,0.97616637,0.90383655,0.9679969,0.89594674,0.965657,0.8887675,0.9703609,0.89547443,0.96983296,0.8776451,0.9582989,0.87405574,0.9532956
2025-01-01 02:46:00,0.89100343,0.9701078,0.90027636,0.9769043,0.8944182,0.9647607,0.89963174,0.9747903,0.9039838,0.97618216,0.90385205,0.9680097,0.89595866,0.96566534,0.88877445,0.9703648,0.89547706,0.9698322,0.8776428,0.9582943,0.87404966,0.9532874
2025-01-01 02:47:00,0.8910149,0.97012025,0.90029114,0.97691935,0.894435,0.96477675,0.8996489,0.9748063,0.90399987,0.9761962,0.90386546,0.96802086,0.89596856,0.96567225,0.88877964,0.9703673,0.8954779,0.96983,0.87763906,0.95828825,0.8740422,0.9532782
2025-01-01 02:48:00,0.891025,0.9701317,0.90030456,0.97693336,0.8944503,0.96479183,0.8996647,0.97482115,0.90401447,0.9762093,0.90387756,0.96803087,0.89597714,0.96567804,0.8887837,0.97036874,0.89547753,0.9698269,0.8776343,0.95828134,0.8740338,0.9532682
2025-01-01 02:49:00,0.8910343,0.97014236,0.900317,0.9769466,0.89446473,0.9648062,0.8996795,0.9748353,0.9040282,0.97622156,0.90388876,0.96804017,0.89598477,0.9656832,0.8887869,0.9703695,0.89547634,0.9698232,0.87762874,0.9582738,0.8740248,0.9532576
2025-01-01 02:50:00,0.891043,0.9701526,0.9003289,0.97695935,0.8944785,0.9648201,0.89969367,0.97484887,0.90404123,0.9762333,0.9038994,0.9680489,0.8959918,0.96568793,0.8887896,0.9703699,0.89547455,0.96981907,0.8776227,0.9582659,0.8740154,0.9532468
2025-01-01 02:51:00,0.8910515,0.9701626,0.90034044,0.9769718,0.894492,0.9648337,0.89970756,0.97486216,0.9040539,0.97624475,0.90390956,0.9680573,0.8959984,0.96569234,0.88879186,0.9703699,0.89547247,0.96981466,0.87761647,0.95825773,0.8740057,0.95323575
2025-01-01 02:52:00,0.89105964,0.97017235,0.90035176,0.97698414,0.8945051,0.9648471,0.8997211,0.9748752,0.9040664,0.976256,0.90391946,0.96806544,0.89600474,0.9656965,0.8887939,0.97036964,0.8954701,0.9698101,0.87760997,0.9582494,0.8739958,0.95322454
2025-01-01 02:53:00,0.89106774,0.97018206,0.9003629,0.9769963,0.8945181,0.9648604,0.89973444,0.97488815,0.9040786,0.9762671,0.90392923,0.9680735,0.89601094,0.96570057,0.8887958,0.9703693,0.8954675,0.96980536,0.87760323,0.95824087,0.8739857,0.95321316
2025-01-01 02:54:00,0.89107573,0.9701918,0.900374,0.97700846,0.894531,0.96487355,0.8997477,0.974901,0.9040907,0.976278,0.90393883,0.9680813,0.89601696,0.96570444,0.8887975,0.97036874,0.89546484,0.9698005,0.8775964,0.9582322,0.8739756,0.9532018
2025-01-01 02:55:00,0.8910837,0.97020143,0.9003851,0.97702056,0.8945439,0.9648868,0.8997609,0.9749138,0.90410274,0.9762889,0.9039483,0.9680891,0.89602286,0.9657082,0.8887992,0.9703681,0.89546204,0.9697955,0.8775895,0.9582235,0.8739653,0.9531903
2025-01-01 02:56:00,0.89109176,0.9702111,0.9003961,0.97703266,0.89455664,0.9648999,0.899774,0.9749265,0.90411466,0.97629976,0.90395766,0.9680968,0.8960286,0.9657119,0.8888007,0.9703674,0.8954592,0.9697905,0.8775825,0.95821476,0.8739551,0.9531788
2025-01-01 02:57:00,0.89109975,0.97022074,0.9004072,0.97704476,0.89456946,0.964913,0.8997871,0.97493917,0.9041265,0.9763105,0.903967,0.9681044,0.89603436,0.9657155,0.8888022,0.9703666,0.8954562,0.9697854,0.87757546,0.95820594,0.8739447,0.95316726
2025-01-01 02:58:00,0.89110786,0.9702304,0.9004183,0.9770568,0.8945823,0.9649261,0.8998002,0.97495174,0.9041384,0.9763212,0.9039763,0.968112,0.89604,0.96571904,0.8888035,0.9703657,0.8954531,0.9697802,0.8775683,0.95819706,0.8739343,0.95315564
2025-01-01 02:59:00,0.8911159,0.9702401,0.9004293,0.9770689,0.894595,0.9649392,0.89981323,0.9749643,0.9041502,0.97633183,0.90398556,0.9681195,0.89604557,0.9657225,0.8888048,0.9703648,0.89545,0.96977496,0.8775611,0.95818806,0.8739239,0.953144
2025-01-01 03:00:00,0.89651895,0.9750268,0.9061351,0.9818175,0.90035826,0.9693173,0.90542215,0.9796125,0.9094392,0.9806612,0.9089869,0.97243726,0.9008682,0.9694789,0.89289916,0.9741023,0.89962965,0.9730035,0.88101065,0.9614511,0.87691945,0.9557701
2025-01-01 03:01:00,0.9000337,0.97814167,0.9098478,0.9849083,0.9041088,0.9721677,0.90907246,0.9826383,0.91288114,0.983479,0.912241,0.97524637,0.9040047,0.9719217,0.8955609,0.97653127,0.9023453,0.9751002,0.88325024,0.96356887,0.87886286,0.9574729
2025-01-01 03:02:00,0.9023213,0.9801697,0.91226494,0.9869216,0.9065511,0.97402495,0.9114498,0.98460937,0.91512245,0.98531425,0.91435933,0.9770748,0.9060454,0.9735106,0.8972914,0.9781097,0.90410924,0.9764611,0.8847034,0.9649422,0.88012236,0.9585756
2025-01-01 03:03:00,0.9038111,0.98149145,0.91384,0.9882346,0.9081432,0.9752368,0.9129996,0.9858949,0.9165834,0.98651075,0.9157393,0.9782658,0.90737367,0.97454447,0.8984166,0.9791352,0.9052546,0.9773438,0.88564533,0.9658317,0.8809373,0.95928824
2025-01-01 03:04:00,0.9047824,0.98235404,0.9148677,0.98909223,0.9091825,0.97602904,0.9140115,0.9867349,0.91753715,0.9872922,0.91663945,0.9790425,0.9082388,0.97521764,0.8991482,0.9798014,0.9059979,0.9779155,0.8862549,0.9664066,0.8814633,0.9597474
2025-01-01 03:05:00,0.9054167,0.98291826,0.9155397,0.989654,0.9098625,0.9765486,0.9146737,0.9872853,0.9181611,0.9878037,0.9172277,0.9795498,0.908803,0.9756563,0.8996241,0.9802339,0.9064797,0.9782852,0.88664854,0.966777,0.8818015,0.9600416
2025-01-01 03:06:00,0.90583193,0.98328847,0.9159804,0.99002343,0.9103091,0.97689086,0.9151087,0.9876474,0.9185707,0.98813987,0.9176131,0.97988206,0.90917146,0.9759424,0.8999337,0.9805145,0.9067917,0.9785235,0.8869017,0.96701455,0.88201743,0.96022874
2025-01-01 03:07:00,0.90610486,0.98353267,0.9162709,0.99026793,0.9106039,0.97711796,0.915396,0.98788714,0.91884094,0.98836195,0.9178667,0.9801005,0.90941274,0.9761294,0.9001352,0.9806964,0.90699315,0.9786764,0.88706356,0.96716565,0.8821541,0.96034616
2025-01-01 03:08:00,0.9062852,0.983695,0.9164637,0.99043113,0.9108,0.9772702,0.91558725,0.98804724,0.91902065,0.98850995,0.9180346,0.9802449,0.90957135,0.97625196,0.9002664,0.9808141,0.9071228,0.9787737,0.8871661,0.9672606,0.8822391,0.96041834
2025-01-01 03:09:00,0.90640545,0.983804,0.91659296,0.9905415,0.91093194,0.9773737,0.9157161,0.9881557,0.9191415,0.9886097,0.91814685,0.9803412,0.9096762,0.9763326,0.9003519,0.98089004,0.90720576,0.97883487,0.88723,0.967319,0.88229066,0.96046114
2025-01-01 03:10:00,0.90648663,0.9838784,0.916681,0.99061763,0.91102225,0.9774456,0.9158044,0.9882305,0.919224,0.98867804,0.9182227,0.98040617,0.909746,0.976386,0.9004077,0.9809388,0.9072584,0.9788726,0.88726884,0.96735364,0.8823203,0.96048474
2025-01-01 03:11:00,0.9065424,0.98393035,0.91674227,0.9906714,0.9110855,0.9774969,0.91586626,0.9882834,0.9192817,0.9887261,0.9182751,0.9804508,0.9097931,0.97642165,0.9004441,0.98096985,0.9072912,0.978895,0.8872914,0.9673729,0.8823357,0.9604959
2025-01-01 03:12:00,0.90658176,0.98396766,0.9167861,0.9907107,0.91113114,0.97753483,0.915911,0.98832214,0.9193232,0.9887608,0.9183122,0.98048216,0.9098254,0.97644573,0.900468,0.98098946,0.9073111,0.9789075,0.88730323,0.967382,0.882342,0.960499
2025-01-01 03:13:00,0.9066104,0.98399556,0.9168186,0.9907406,0.91116536,0.9775641,0.91594464,0.98835164,0.9193541,0.98878694,0.91833925,0.9805049,0.90984803,0.9764623,0.9004836,0.98100156,0.90732265,0.97891355,0.8873081,0.9673846,0.8823422,0.9604967
2025-01-01 03:14:00,0.90663207,0.9840173,0.9168438,0.9907644,0.9111921,0.9775877,0.915971,0.9883751,0.91937816,0.98880744,0.9183598,0.98052204,0.90986437,0.9764739,0.90049386,0.98100877,0.9073287,0.9789153,0.8873085,0.9673829,0.88233846,0.960491
2025-01-01 03:15:00,0.9066493,0.9840351,0.9168642,0.99078417,0.911214,0.9776076,0.9159926,0.9883946,0.9193978,0.98882425,0.91837615,0.9805355,0.9098766,0.9764824,0.9005006,0.98101276,0.9073313,0.97891426,0.887306,0.96737844,0.8823322,0.9604831
2025-01-01 03:16:00,0.9066636,0.9840503,0.9168815,0.99080133,0.91123277,0.9776252,0.9160112,0.9884116,0.91941446,0.98883873,0.9183897,0.98054653,0.9098862,0.9764887,0.9005051,0.9810146,0.9073314,0.9789114,0.8873015,0.9673721,0.8823243,0.9604737
2025-01-01 03:17:00,0.906676,0.9840638,0.9168969,0.9908169,0.9112496,0.9776411,0.9160277,0.9884269,0.91942924,0.9888516,0.9184014,0.980556,0.909894,0.9764937,0.90050805,0.9810151,0.90733004,0.9789074,0.8872957,0.9673646,0.8823152,0.9604634
2025-01-01 03:18:00,0.9066872,0.9840762,0.9169109,0.9908314,0.91126496,0.9776561,0.916043,0.98844117,0.9194428,0.98886347,0.91841197,0.9805644,0.90990067,0.9764977,0.90050995,0.98101467,0.90732765,0.9789025,0.8872891,0.96735626,0.88230544,0.96045244
2025-01-01 03:19:00,0.90669763,0.98408794,0.9169241,0.9908452,0.91127956,0.97767043,0.9160574,0.9884547,0.9194555,0.98887455,0.9184217,0.98057216,0.90990645,0.97650117,0.90051126,0.9810136,0.9073246,0.97889715,0.88728195,0.9673474,0.8822952,0.9604411
2025-01-01 03:20:00,0.9067076,0.9840993,0.9169368,0.99085855,0.9112936,0.9776843,0.91607124,0.98846775,0.9194677,0.9888853,0.9184309,0.9805794,0.9099118,0.97650415,0.9005121,0.9810122,0.9073211,0.97889143,0.8872744,0.9673382,0.8822846,0.96042943
2025-01-01 03:21:00,0.90671724,0.98411036,0.91694915,0.9908716,0.9113073,0.97769797,0.9160847,0.98848045,0.9194794,0.98889565,0.91843975,0.98058635,0.90991676,0.97650677,0.90051264,0.98101044,0.9073172,0.9788854,0.8872666,0.9673288,0.8822738,0.96041757
2025-01-01 03:22:00,0.9067268,0.98412126,0.91696125,0.99088454,0.9113207,0.9777114,0.91609794,0.98849297,0.91949105,0.98890585,0.9184484,0.9805931,0.90992147,0.9765093,0.9005129,0.98100847,0.9073131,0.9788792,0.8872586,0.96731913,0.8822629,0.96040565
2025-01-01 03:23:00,0.90673614,0.98413205,0.9169733,0.9908973,0.911334,0.97772473,0.91611105,0.98850536,0.91950244,0.98891586,0.9184568,0.9805996,0.909926,0.9765116,0.90051305,0.9810064,0.90730894,0.97887295,0.8872505,0.9673094,0.88225174,0.96039355
2025-01-01 03:24:00,0.9067455,0.98414284,0.9169852,0.99091005,0.9113472,0.97773796,0.916124,0.9885176,0.9195137,0.98892576,0.91846514,0.98060596,0.9099304,0.9765138,0.900513,0.9810041,0.9073045,0.9788665,0.88724226,0.9672996,0.88224065,0.9603814
2025-01-01 03:25:00,0.9067548,0.9841536,0.91699713,0.99092275,0.9113603,0.9777511,0.9161369,0.9885298,0.9195249,0.98893553,0.9184733,0.98061234,0.9099347,0.9765159,0.9005129,0.9810018,0.90730006,0.97886,0.8872339,0.9672897,0.88222945,0.9603692
2025-01-01 03:26:00,0.9067641,0.98416436,0.917009,0.99093544,0.91137344,0.97776425,0.91614974,0.98854196,0.919536,0.98894525,0.9184814,0.9806186,0.9099389,0.9765179,0.9005127,0.98099935,0.90729547,0.97885346,0.8872255,0.96727973,0.8822182,0.960357
2025-01-01 03:27:00,0.9067734,0.9841751,0.91702086,0.9909481,0.9113865,0.97777736,0.91616255,0.98855406,0.9195471,0.98895496,0.9184895,0.98062474,0.909943,0.9765199,0.9005124,0.9809969,0.9072909,0.9788468,0.88721704,0.96726966,0.88220686,0.96034473
2025-01-01 03:28:00,0.90678275,0.9841858,0.9170328,0.9909607,0.9113996,0.9777905,0.9161753,0.9885661,0.91955805,0.98896456,0.91849744,0.9806308,0.90994704,0.97652173,0.90051204,0.98099434,0.90728617,0.97884005,0.8872085,0.9672596,0.8821955,0.9603324
2025-01-01 03:29:00,0.90679204,0.9841966,0.91704464,0.99097335,0.91141266,0.9778035,0.91618806,0.9885781,0.91956896,0.9889741,0.9185054,0.98063684,0.909951,0.9765235,0.9005116,0.98099166,0.9072814,0.9788333,0.88719994,0.96724945,0.8821841,0.9603201
2025-01-01 03:30:00,0.91156954,0.98873395,0.922105,0.99541163,0.91646826,0.9818334,0.92103666,0.99283785,0.92401534,0.99290407,0.92269796,0.98452586,0.9138749,0.97984684,0.9037664,0.9842787,0.91058254,0.98156285,0.88973147,0.9700507,0.88429344,0.96249145
2025-01-01 03:31:00,0.91467816,0.99168706,0.92539847,0.9983009,0.919759,0.98445743,0.9241927,0.9956109,0.9269093,0.9954618,0.9254259,0.98705584,0.91642684,0.9820075,0.90588176,0.98641425,0.9127265,0.98333466,0.89137393,0.9718679,0.88566047,0.9638985
2025-01-01 03:32:00,0.91670215,0.9936104,0.9275434,1.0001835,0.92190254,0.9861676,0.9262486,0.9974175,0.92879415,0.99712765,0.9272018,0.9887023,0.9180868,0.98341244,0.9072565,0.9878013,0.91411835,0.9844839,0.8924384,0.97304547,0.886545,0.96480876
2025-01-01 03:33:00,0.9180211,0.99486434,0.9289418,1.0014114,0.92330045,0.98728377,0.9275893,0.998596,0.930023,0.99821365,0.92835873,0.9897745,0.91916704,0.98432624,0.9081498,0.9887019,0.91502124,0.9852284,0.8931273,0.9738073,0.88711596,0.96539605
2025-01-01 03:34:00,0.9188818,0.9956833,0.929855,1.0022142,0.92421365,0.98801386,0.9284652,0.9993661,0.9308256,0.9989228,0.92911345,0.9904734,0.9198705,0.9849207,0.90873015,0.9892862,0.9156063,0.9857099,0.8935719,0.97429883,0.88748294,0.9657734
2025-01-01 03:35:00,0.9194446,0.9962195,0.93045276,1.0027405,0.9248118,0.98849297,0.92903894,0.99987084,0.93135095,0.9993871,0.9296066,0.99092966,0.920329,0.9853075,0.9091071,0.9896649,0.9159848,0.9860203,0.89385784,0.9746147,0.8877175,0.9660144
2025-01-01 03:36:00,0.9198138,0.99657184,0.93084556,1.003087,0.9252052,0.988809,0.9294163,1.000203,0.93169624,0.9996921,0.9299298,0.99122816,0.9206282,0.98555946,0.90935177,0.98991,0.91622895,0.9862196,0.8940405,0.9748163,0.88786584,0.9661666
2025-01-01 03:37:00,0.9200572,0.9968048,0.93110514,1.0033168,0.92546546,0.989019,0.929666,1.0004231,0.93192434,0.9998935,0.9301425,0.9914242,0.92082393,0.9857236,0.90951043,0.99006814,0.9163858,0.9863466,0.89415616,0.97494376,0.88795817,0.9662612
2025-01-01 03:38:00,0.9202188,0.99696004,0.9312781,1.0034705,0.9256393,0.98915994,0.92983264,1.0005703,0.93207633,1.0000275,0.9302833,0.9915535,0.9209523,0.9858308,0.9096132,0.9901699,0.9164859,0.9864266,0.8942281,0.97502285,0.88801414,0.96631825
2025-01-01 03:39:00,0.92032737,0.9970649,0.93139476,1.003575,0.92575675,0.98925614,0.92994535,1.00067,0.9321788,1.0001179,0.9303774,0.9916394,0.9210369,0.98590076,0.9096796,0.9902348,0.9165491,0.986476,0.8942718,0.97507066,0.8880464,0.966351
2025-01-01 03:40:00,0.92040133,0.99713695,0.9314748,1.0036473,0.92583776,0.98932326,0.93002295,1.0007389,0.93224907,1.0001799,0.93044114,0.99169713,0.9210931,0.98594666,0.9097224,0.9902758,0.91658825,0.98650557,0.89429694,0.97509795,0.88806325,0.96636784
2025-01-01 03:41:00,0.9204529,0.99718773,0.93153113,1.003699,0.925895,0.9893714,0.93007785,1.0007879,0.9322984,1.0002232,0.9304851,0.9917365,0.92113066,0.9859769,0.90974975,0.9903013,0.9166118,0.98652214,0.8943101,0.975112,0.88807017,0.96637446
2025-01-01 03:42:00,0.92048985,0.9972247,0.9315721,1.0037369,0.92593676,0.98940724,0.9301179,1.0008236,0.93233424,1.0002545,0.93051624,0.99176395,0.92115617,0.9859968,0.9097671,0.9903167,0.91662514,0.98653024,0.8943154,0.97511744,0.88807046,0.9663743
2025-01-01 03:43:00,0.9205174,0.99725264,0.9316029,1.0037661,0.92596847,0.9894351,0.9301483,1.000851,0.93236107,1.000278,0.930539,0.9917836,0.9211739,0.9860101,0.90977794,0.9903254,0.9166319,0.986533,0.8943156,0.9751172,0.8880666,0.96636975
2025-01-01 03:44:00,0.9205388,0.9972747,0.9316273,1.0037895,0.9259937,0.9894577,0.9301724,1.0008729,0.9323822,1.0002964,0.93055624,0.99179816,0.92118645,0.986019,0.90978444,0.99032986,0.9166342,0.98653203,0.89431256,0.9751133,0.88805985,0.9663624
2025-01-01 03:45:00,0.9205562,0.99729306,0.93164736,1.0038093,0.92601466,0.9894769,0.9301924,1.0008911,0.9323995,1.0003115,0.93056995,0.9918094,0.9211956,0.9860251,0.9097882,0.9903315,0.9166338,0.98652875,0.89430726,0.975107,0.8880514,0.9663532
2025-01-01 03:46:00,0.920571,0.99730897,0.93166476,1.0038266,0.9260329,0.989494,0.93020976,1.000907,0.9324144,1.0003242,0.93058133,0.9918185,0.92120266,0.9860292,0.9097901,0.99033123,0.91663146,0.986524,0.8943006,0.97509915,0.8880417,0.9663428
2025-01-01 03:47:00,0.9205842,0.9973233,0.9316804,1.0038425,0.92604935,0.9895096,0.93022543,1.0009214,0.9324277,1.0003357,0.9305911,0.9918262,0.9212082,0.9860322,0.9097908,0.99032974,0.91662794,0.98651814,0.8942929,0.97509027,0.8880312,0.9663316
2025-01-01 03:48:00,0.9205963,0.99733657,0.9316948,1.0038574,0.9260646,0.98952425,0.9302399,1.0009347,0.9324399,1.0003462,0.9305999,0.99183285,0.9212128,0.98603433,0.90979064,0.9903275,0.9166236,0.98651165,0.8942846,0.97508067,0.8880202,0.9663199
2025-01-01 03:49:00,0.92060775,0.9973492,0.9317086,1.0038714,0.9260791,0.9895384,0.9302536,1.0009474,0.9324514,1.000356,0.9306081,0.99183893,0.9212168,0.9860359,0.90979,0.9903246,0.9166187,0.98650473,0.8942759,0.9750706,0.8880089,0.9663078
2025-01-01 03:50:00,0.9206188,0.9973614,0.9317218,1.0038851,0.9260931,0.98955196,0.9302669,1.0009596,0.93246245,1.0003654,0.9306158,0.9918446,0.9212203,0.9860371,0.90978897,0.9903214,0.9166134,0.9864974,0.89426696,0.9750603,0.8879973,0.96629554
2025-01-01 03:51:00,0.9206295,0.9973734,0.93173474,1.0038985,0.9261068,0.9895654,0.9302798,1.0009716,0.9324732,1.0003746,0.9306231,0.9918499,0.9212235,0.986038,0.9097877,0.99031794,0.9166079,0.9864899,0.8942578,0.9750498,0.88798565,0.96628314
2025-01-01 03:52:00,0.9206401,0.99738526,0.93174756,1.0039119,0.92612034,0.9895786,0.9302925,1.0009834,0.9324837,1.0003835,0.9306302,0.991855,0.9212265,0.98603874,0.90978616,0.99031425,0.9166022,0.9864822,0.8942484,0.9750391,0.88797385,0.9662706
2025-01-01 03:53:00,0.9206506,0.99739695,0.9317602,1.003925,0.9261337,0.9895917,0.93030506,1.0009949,0.93249404,1.0003922,0.9306372,0.99186,0.92122936,0.9860394,0.90978456,0.9903105,0.9165963,0.98647445,0.894239,0.9750283,0.8879619,0.96625805
2025-01-01 03:54:00,0.9206611,0.9974086,0.93177277,1.0039381,0.926147,0.9896048,0.9303175,1.0010064,0.93250424,1.0004009,0.930644,0.99186486,0.92123204,0.9860399,0.9097828,0.99030656,0.9165904,0.9864666,0.8942295,0.97501737,0.88795,0.96624535
2025-01-01 03:55:00,0.9206715,0.9974202,0.93178535,1.0039512,0.9261602,0.9896177,0.9303299,1.0010178,0.93251437,1.0004094,0.9306508,0.99186957,0.9212346,0.98604023,0.909781,0.99030256,0.9165843,0.98645866,0.8942199,0.97500646,0.88793796,0.96623266
2025-01-01 03:56:00,0.92068195,0.9974319,0.9317978,1.0039641,0.9261734,0.98963064,0.93034226,1.0010291,0.93252444,1.000418,0.93065745,0.9918742,0.9212372,0.98604053,0.9097791,0.9902985,0.9165782,0.9864507,0.8942103,0.9749955,0.8879259,0.9662199
2025-01-01 03:57:00,0.92069244,0.9974435,0.9318104,1.0039771,0.92618656,0.9896435,0.93035454,1.0010405,0.93253446,1.0004264,0.93066406,0.99187887,0.9212396,0.9860408,0.90977705,0.9902943,0.916572,0.9864426,0.89420056,0.9749844,0.8879138,0.96620715
2025-01-01 03:58:00,0.9207029,0.9974551,0.93182284,1.00399,0.9261996,0.9896564,0.93036675,1.0010518,0.9325444,1.0004348,0.9306706,0.99188334,0.921242,0.9860409,0.90977496,0.99029005,0.91656566,0.98643446,0.8941908,0.9749733,0.8879017,0.96619433
2025-01-01 03:59:00,0.9207133,0.9974668,0.93183535,1.004003,0.9262127,0.9896692,0.930379,1.001063,0.9325543,1.000443,0.93067706,0.9918878,0.92124426,0.98604095,0.9097728,0.99028575,0.91655934,0.9864263,0.894181,0.9749622,0.88788956,0.9661815
2025-01-01 04:00:00,0.9247801,1.0016738,0.93616,1.008052,0.9304707,0.9932787,0.93438095,1.0048585,0.9360787,1.0039034,0.9339862,0.99527895,0.92419964,0.9888723,0.9121298,0.9930634,0.9189231,0.98860836,0.8957494,0.97725165,0.889075,0.96785945
2025-01-01 04:01:00,0.92742705,1.0044127,0.93897545,1.0106883,0.933243,0.9956294,0.9369865,1.0073296,0.93837297,1.0061555,0.9361393,0.9974847,0.9261213,0.9907126,0.913661,0.99486727,0.92045724,0.99002373,0.89676535,0.97873586,0.88984126,0.9689456
2025-01-01 04:02:00,0.9291514,1.0061969,0.9408099,1.0124065,0.9350495,0.9971618,0.93868434,1.0089395,0.9398677,1.0076222,0.937541,0.9989199,0.9273711,0.9919087,0.9146554,0.99603826,0.92145216,0.99094087,0.89742225,0.9796967,0.890335,0.96964717
2025-01-01 04:03:00,0.930276,1.0073608,0.9420067,1.0135278,0.93622833,0.99816227,0.93979216,1.0099899,0.94084257,1.0085784,0.9384543,0.9998542,0.92818415,0.9926861,0.9153009,0.99679774,0.9220965,0.99153405,0.8978457,0.98031723,0.8906517,0.9700986
2025-01-01 04:04:00,0.9310106,1.0081214,0.942789,1.0142612,0.9369992,0.99881715,0.9405165,1.0106765,0.9414797,1.0092028,0.9390501,1.000463,0.9287133,0.9931913,0.9157196,0.9972897,0.922513,0.9919166,0.8981174,0.98071665,0.8908532,0.97038764
2025-01-01 04:05:00,0.9314919,1.00862,0.9433019,1.0147425,0.93750477,0.9992472,0.94099146,1.0111266,0.9418971,1.0096114,0.9394394,1.0008601,0.92905796,0.9935195,0.9159908,0.99760795,0.9227814,0.9921623,0.89829046,0.98097235,0.8909799,0.9705709
2025-01-01 04:06:00,0.93180853,1.0089482,0.94363976,1.01506,0.937838,0.9995312,0.9413044,1.011423,0.9421718,1.0098797,0.93969464,1.0011195,0.92928255,0.99373275,0.91616625,0.9978131,0.9229535,0.992319,0.8983995,0.9811345,0.8910579,0.9706856
2025-01-01 04:07:00,0.9320181,1.0091656,0.9438638,1.015271,0.93805915,0.9997202,0.941512,1.0116194,0.9423537,1.010057,0.9398626,1.0012896,0.9294292,0.9938712,0.91627926,0.9979447,0.923063,0.99241775,0.8984667,0.9812359,0.8911043,0.9707556
2025-01-01 04:08:00,0.9321582,1.0093113,0.94401383,1.0154126,0.93820745,0.9998476,0.94165117,1.011751,0.94247526,1.0101749,0.9399739,1.0014015,0.9295251,0.9939609,0.9163518,0.9980286,0.9231317,0.992479,0.8985069,0.98129785,0.89113015,0.9707966
2025-01-01 04:09:00,0.93225294,1.0094101,0.94411576,1.0155092,0.9383085,0.9999348,0.94174576,1.0118403,0.9425576,1.0102543,0.9400483,1.0014756,0.929588,0.9940191,0.916398,0.9980814,0.923174,0.99251574,0.8985294,0.98133403,0.8911426,0.97081864
2025-01-01 04:10:00,0.9323184,1.0094786,0.9441865,1.0155766,0.9383787,0.9999959,0.9418114,1.0119021,0.9426144,1.0103085,0.94009864,1.001525,0.92962945,0.99405664,0.916427,0.99811393,0.923199,0.9925366,0.8985405,0.9813536,0.8911464,0.9708285
2025-01-01 04:11:00,0.93236476,1.0095272,0.94423693,1.015625,0.9384289,1.00004,0.94185823,1.0119461,0.94265455,1.0103464,0.9401334,1.0015584,0.92965686,0.99408084,0.9164448,0.9981333,0.9232128,0.9925471,0.8985441,0.9813623,0.8911445,0.9708303
2025-01-01 04:12:00,0.93239874,1.0095631,0.9442742,1.0156609,0.9384661,1.0000732,0.94189286,1.0119785,0.94268394,1.0103737,0.940158,1.0015814,0.9296752,0.9940963,0.9164553,0.9981442,0.9232193,0.9925508,0.8985428,0.98136383,0.8911389,0.970827
2025-01-01 04:13:00,0.9324247,1.0095905,0.9443028,1.0156889,0.93849486,1.0000991,0.9419195,1.0120032,0.9427063,1.0103942,0.94017595,1.0015976,0.9296876,0.99410605,0.91646117,0.99814945,0.9232211,0.9925501,0.89853835,0.9813608,0.8911309,0.9708203
2025-01-01 04:14:00,0.9324454,1.0096127,0.9443259,1.0157118,0.93851805,1.0001204,0.94194096,1.012023,0.94272405,1.0104101,0.9401896,1.0016094,0.9296962,0.9941121,0.91646385,0.99815106,0.92321974,0.9925465,0.89853173,0.9813548,0.8911213,0.9708114
2025-01-01 04:15:00,0.9324627,1.0096313,0.9443454,1.0157312,0.9385377,1.0001385,0.941959,1.0120397,0.94273883,1.0104231,0.9402004,1.0016183,0.92970216,0.99411565,0.9164645,0.9981502,0.92321634,0.992541,0.8985238,0.9813468,0.8911107,0.97080106
2025-01-01 04:16:00,0.93247783,1.0096476,0.9443626,1.0157483,0.93855506,1.0001549,0.9419749,1.0120542,0.94275165,1.010434,0.9402093,1.0016253,0.92970645,0.9941176,0.9164638,0.99814785,0.9232116,0.99253434,0.898515,0.9813375,0.8910995,0.9707898
2025-01-01 04:17:00,0.9324916,1.0096625,0.9443782,1.015764,0.93857086,1.0001699,0.9419893,1.0120673,0.94276315,1.0104438,0.9402171,1.0016309,0.92970973,0.9941186,0.91646224,0.99814445,0.9232059,0.9925268,0.89850557,0.9813274,0.8910878,0.970778
2025-01-01 04:18:00,0.9325044,1.0096763,0.94439286,1.0157789,0.93858576,1.0001839,0.9420028,1.0120796,0.9427738,1.0104527,0.94022405,1.0016358,0.9297122,0.99411875,0.91646004,0.99814034,0.92319965,0.9925188,0.8984958,0.9813167,0.89107585,0.9707657
2025-01-01 04:19:00,0.93251663,1.0096897,0.9444068,1.0157931,0.93859994,1.0001975,0.94201565,1.0120913,0.9427839,1.0104611,0.94023037,1.0016401,0.9297142,0.99411845,0.9164574,0.99813575,0.923193,0.9925104,0.8984857,0.98130566,0.8910637,0.9707532
2025-01-01 04:20:00,0.93252856,1.0097026,0.9444204,1.0158069,0.9386137,1.0002108,0.9420281,1.0121025,0.9427936,1.0104691,0.9402364,1.001644,0.9297158,0.99411786,0.91645455,0.9981308,0.92318606,0.9925017,0.89847547,0.9812944,0.8910513,0.97074044
2025-01-01 04:21:00,0.93254024,1.0097152,0.94443375,1.0158204,0.9386272,1.0002236,0.94204026,1.0121135,0.9428031,1.0104768,0.9402421,1.0016477,0.92971724,0.9941171,0.91645145,0.9981257,0.923179,0.9924928,0.89846504,0.98128295,0.89103884,0.9707277
2025-01-01 04:22:00,0.93255174,1.0097278,0.9444469,1.0158339,0.93864053,1.0002365,0.9420522,1.0121241,0.9428123,1.0104843,0.94024765,1.0016512,0.92971843,0.99411607,0.91644824,0.9981204,0.9231717,0.99248385,0.89845455,0.9812713,0.89102644,0.9707148
2025-01-01 04:23:00,0.9325632,1.0097402,0.94446,1.0158472,0.93865377,1.0002491,0.942064,1.0121348,0.9428215,1.0104916,0.9402531,1.0016544,0.9297195,0.9941149,0.91644484,0.99811494,0.9231643,0.99247473,0.89844394,0.98125964,0.89101386,0.9707018
2025-01-01 04:24:00,0.93257457,1.0097526,0.94447297,1.0158604,0.9386669,1.0002617,0.9420757,1.0121453,0.9428305,1.0104989,0.9402584,1.0016576,0.9297205,0.9941136,0.9164414,0.9981094,0.92315686,0.99246556,0.8984333,0.9812479,0.89100134,0.9706889
2025-01-01 04:25:00,0.93258595,1.009765,0.9444859,1.0158737,0.9386799,1.0002742,0.94208735,1.0121558,0.94283944,1.0105062,0.94026357,1.0016607,0.9297214,0.99411225,0.91643786,0.9981038,0.9231493,0.9924563,0.89842266,0.98123616,0.8909887,0.9706759
2025-01-01 04:26:00,0.93259734,1.0097773,0.94449884,1.0158868,0.93869287,1.0002867,0.942099,1.0121661,0.9428483,1.0105132,0.94026875,1.0016637,0.9297222,0.9941108,0.9164343,0.99809813,0.9231417,0.992447,0.8984119,0.98122424,0.8909761,0.97066283
2025-01-01 04:27:00,0.9326088,1.0097896,0.9445118,1.0158999,0.9387059,1.0002991,0.94211054,1.0121764,0.9428571,1.0105202,0.94027376,1.0016667,0.9297229,0.99410933,0.9164306,0.99809235,0.923134,0.99243766,0.89840114,0.9812124,0.89096344,0.9706498
2025-01-01 04:28:00,0.93262017,1.0098019,0.9445247,1.015913,0.93871886,1.0003115,0.94212204,1.0121866,0.94286585,1.0105271,0.94027877,1.0016695,0.92972356,0.9941078,0.91642684,0.9980866,0.92312634,0.99242824,0.8983903,0.98120046,0.89095074,0.9706367
2025-01-01 04:29:00,0.93263155,1.0098143,0.9445376,1.0159261,0.9387318,1.0003239,0.94213355,1.0121969,0.9428745,1.010534,0.94028366,1.0016723,0.92972416,0.9941061,0.916423,0.9980807,0.92311853,0.99241877,0.89837945,0.98118854,0.8909381,0.9706237
2025-01-01 04:30:00,0.9359148,1.0136156,0.9480493,1.0195132,0.9421159,1.0034488,0.9452172,1.0154603,0.94541407,1.0134633,0.9426502,1.0045048,0.9316581,0.9963944,0.91783994,1.0002995,0.9245027,0.9940141,0.8989568,0.98292524,0.8911784,0.97177815
2025-01-01 04:31:00,0.938053,1.0160909,0.95033646,1.0218495,0.94432014,1.0054845,0.9472255,1.0175849,0.94706774,1.0153695,0.9441901,1.006347,0.9329153,0.9978811,0.9187595,1.0017395,0.9253996,0.9950476,0.8993282,0.9840499,0.8913301,0.972524
2025-01-01 04:32:00,0.9394468,1.0177041,0.95182765,1.0233727,0.9457574,1.0068119,0.9485349,1.0189695,0.9481456,1.0166111,0.94519264,1.0075451,0.93373257,0.99884677,0.91935587,1.0026735,0.9259798,0.9957161,0.8995657,0.9847768,0.8914243,0.9730042
2025-01-01 04:33:00,0.9403569,1.0187571,0.95280147,1.0243672,0.94669616,1.007679,0.94938993,1.0198729,0.9488492,1.0174203,0.9458459,1.0083247,0.9342639,0.9994738,0.919742,1.0032784,0.9263541,0.9961472,0.89971626,0.985245,0.89148104,0.97331184
2025-01-01 04:34:00,0.9409525,1.019446,0.953439,1.0250183,0.9473108,1.0082469,0.94994974,1.0204637,0.94930947,1.0179486,0.94627213,1.0088325,0.9346093,0.9998807,0.91999155,1.0036693,0.9265946,0.996424,0.89981025,0.9855451,0.89151347,0.9735071
2025-01-01 04:35:00,0.9413437,1.019898,0.9538579,1.0254462,0.94771487,1.0086204,0.9503175,1.0208511,0.94961154,1.0182942,0.9465507,1.0091631,0.93483394,1.0001444,0.92015225,1.0039212,0.9267481,0.9966005,0.8998675,0.9857359,0.89153004,0.97362953
2025-01-01 04:36:00,0.94160205,1.0201963,0.95413476,1.0257288,0.94798195,1.0088674,0.95056045,1.0211064,0.9498108,1.0185212,0.9467334,1.009379,0.9349799,1.0003151,0.92025524,1.0040828,0.92684495,0.99671185,0.8999008,0.9858557,0.89153636,0.97370446
2025-01-01 04:37:00,0.94177413,1.0203944,0.95431924,1.025917,0.9481601,1.0090321,0.95072234,1.0212759,0.9499432,1.018671,0.94685364,1.0095202,0.9350748,1.0004252,0.92032063,1.0041856,0.92690504,0.9967808,0.8999185,0.9859293,0.89153594,0.97374856
2025-01-01 04:38:00,0.94189,1.0205277,0.9544437,1.026044,0.94828033,1.0091436,0.9508315,1.0213895,0.9500321,1.0187706,0.9469334,1.0096126,0.9351365,1.000496,0.92036164,1.0042502,0.9269412,0.9968221,0.8999261,0.9859729,0.89153117,0.9737727
2025-01-01 04:39:00,0.94196945,1.0206187,0.95452917,1.0261312,0.94836295,1.0092202,0.9509063,1.0214666,0.95009285,1.0188376,0.9469867,1.0096735,0.9351766,1.0005413,0.9203867,1.0042899,0.92696184,0.99684554,0.8999271,0.98599696,0.8915236,0.9737838
2025-01-01 04:40:00,0.94202524,1.0206822,0.9545893,1.0261924,0.9484212,1.0092742,0.9509588,1.0215203,0.9501352,1.0188832,0.9470228,1.0097138,0.93520254,1.0005698,0.92040145,1.0043133,0.92697227,0.9968573,0.89992386,0.98600835,0.8915142,0.9737864
2025-01-01 04:41:00,0.94206554,1.020728,0.95463294,1.0262368,0.9484635,1.0093136,0.9509968,1.0215585,0.95016545,1.0189152,0.94704777,1.0097407,0.93521935,1.0005876,0.9204094,1.0043262,0.92697614,0.9968614,0.8999178,0.98601145,0.8915036,0.9737836
2025-01-01 04:42:00,0.94209594,1.0207621,0.95466584,1.0262702,0.94849545,1.0093434,0.95102537,1.0215868,0.9501879,1.0189381,0.9470654,1.009759,0.9352302,1.0005982,0.9204129,1.0043323,0.92697567,0.99686056,0.89990985,0.9860092,0.8914921,0.9737771
2025-01-01 04:43:00,0.9421198,1.0207888,0.9546918,1.0262965,0.9485207,1.009367,0.9510477,1.0216085,0.9502054,1.0189551,0.94707835,1.0097713,0.9352371,1.0006043,0.92041355,1.004334,0.9269724,0.9968565,0.8999008,0.98600334,0.89148027,0.9737683
2025-01-01 04:44:00,0.9421395,1.0208104,0.9547132,1.0263181,0.9485416,1.0093867,0.95106614,1.021626,0.95021945,1.0189683,0.9470881,1.0097802,0.9352415,1.0006073,0.92041236,1.0043328,0.9269673,0.9968504,0.8998909,0.9859953,0.891468,0.973758
2025-01-01 04:45:00,0.94215643,1.020829,0.95473176,1.0263368,0.9485596,1.0094036,0.95108193,1.0216408,0.95023143,1.018979,0.9470959,1.0097865,0.9352442,1.0006083,0.92040986,1.0043296,0.926961,0.9968428,0.89988047,0.9859857,0.8914555,0.9737467
2025-01-01 04:46:00,0.94217163,1.0208454,0.9547484,1.0263535,0.9485757,1.0094187,0.951096,1.0216537,0.950242,1.018988,0.94710225,1.0097911,0.9352458,1.0006081,0.9204066,1.004325,0.9269539,0.99683434,0.8998697,0.9859752,0.8914429,0.9737348
2025-01-01 04:47:00,0.94218564,1.0208606,0.9547637,1.0263689,0.94859064,1.0094327,0.95110893,1.0216655,0.9502515,1.0189959,0.9471078,1.0097947,0.93524665,1.0006069,0.92040277,1.0043198,0.9269462,0.9968253,0.8998587,0.985964,0.8914302,0.97372246
2025-01-01 04:48:00,0.94219893,1.020875,0.95477825,1.0263835,0.94860476,1.009446,0.95112115,1.0216763,0.95026046,1.019003,0.9471127,1.0097977,0.93524694,1.0006052,0.92039853,1.004314,0.9269382,0.9968158,0.8998475,0.98595244,0.8914174,0.9737098
2025-01-01 04:49:00,0.94221175,1.0208887,0.95479226,1.0263976,0.9486184,1.0094588,0.95113295,1.0216867,0.950269,1.0190098,0.9471172,1.0098002,0.93524694,1.0006031,0.92039406,1.0043076,0.92692995,0.996806,0.89983624,0.9859406,0.8914045,0.97369707
2025-01-01 04:50:00,0.9422243,1.020902,0.95480597,1.0264113,0.94863164,1.0094713,0.9511443,1.0216967,0.9502772,1.0190163,0.9471214,1.0098022,0.9352467,1.0006007,0.9203894,1.0043011,0.9269215,0.9967961,0.8998249,0.9859285,0.89139163,0.97368425
2025-01-01 04:51:00,0.9422367,1.0209153,0.95481944,1.0264248,0.94864476,1.0094836,0.9511555,1.0217065,0.9502852,1.0190225,0.94712543,1.0098041,0.9352463,1.0005981,0.9203846,1.0042944,0.9269129,0.996786,0.8998135,0.98591626,0.8913787,0.97367126
2025-01-01 04:52:00,0.94224894,1.0209283,0.95483285,1.026438,0.9486577,1.0094957,0.9511665,1.021716,0.95029306,1.0190284,0.9471293,1.0098059,0.93524563,1.0005953,0.92037964,1.0042876,0.92690426,0.9967758,0.89980197,0.985904,0.89136577,0.9736582
2025-01-01 04:53:00,0.94226116,1.020941,0.9548461,1.0264512,0.9486705,1.0095077,0.9511774,1.0217254,0.9503008,1.0190343,0.94713306,1.0098075,0.935245,1.0005925,0.92037463,1.0042807,0.92689544,0.9967655,0.8997904,0.98589164,0.8913528,0.97364515
2025-01-01 04:54:00,0.9422733,1.0209539,0.9548593,1.0264645,0.94868326,1.0095196,0.9511882,1.0217348,0.95030844,1.01904,0.94713664,1.009809,0.9352442,1.0005895,0.9203695,1.0042737,0.9268866,0.9967552,0.89977884,0.98587924,0.89133984,0.9736321
2025-01-01 04:55:00,0.9422855,1.0209668,0.9548724,1.0264776,0.9486959,1.0095315,0.95119894,1.0217443,0.950316,1.0190456,0.9471402,1.0098103,0.93524337,1.0005865,0.9203643,1.0042665,0.92687774,0.9967448,0.8997672,0.98586684,0.89132684,0.973619
2025-01-01 04:56:00,0.9422976,1.0209796,0.9548856,1.0264906,0.94870853,1.0095433,0.95120966,1.0217534,0.9503236,1.0190512,0.9471438,1.0098115,0.9352424,1.0005833,0.9203591,1.0042592,0.92686874,0.9967344,0.8997556,0.9858543,0.89131385,0.9736059
2025-01-01 04:57:00,0.94230974,1.0209924,0.95489866,1.0265037,0.9487211,1.0095551,0.9512203,1.0217626,0.950331,1.0190567,0.9471472,1.0098128,0.9352414,1.0005801,0.9203537,1.004252,0.92685974,0.9967239,0.8997439,0.9858418,0.89130086,0.9735928
2025-01-01 04:58:00,0.94232184,1.0210052,0.95491177,1.0265167,0.9487336,1.0095668,0.9512308,1.0217717,0.95033836,1.0190622,0.9471505,1.0098139,0.9352403,1.0005769,0.92034835,1.0042447,0.92685074,0.99671334,0.89973223,0.9858293,0.89128786,0.9735797
2025-01-01 04:59:00,0.942334,1.021018,0.9549249,1.0265297,0.9487462,1.0095785,0.9512414,1.0217807,0.9503457,1.0190675,0.9471538,1.009815,0.9352392,1.0005735,0.920343,1.0042373,0.9268416,0.9967028,0.8997205,0.9858168,0.89127487,0.9735666
2025-01-01 05:00:00,0.9447753,1.0243462,0.9575611,1.0295908,0.9511963,1.0121629,0.95335186,1.0244538,0.95185506,1.021413,0.9485355,1.0120387,0.9361173,1.0022782,0.9207948,1.0058577,0.9272214,0.99768335,0.8992962,0.9869699,0.8905658,0.9741769
2025-01-01 05:01:00,0.9463663,1.026514,0.95927924,1.0315852,0.9527933,1.013847,0.95472735,1.0261943,0.9528386,1.0229392,0.94943464,1.0134844,0.9366876,1.0033851,0.9210865,1.0069083,0.9274651,0.99831694,0.8990163,0.987715,0.89010036,0.97456896
2025-01-01 05:02:00,0.9474048,1.0279278,0.9604006,1.032886,0.9538356,1.0149457,0.95562506,1.0273288,0.9534804,1.0239332,0.95002013,1.0144243,0.93705773,1.0041033,0.9212741,1.0075885,0.92762023,0.9987251,0.89883024,0.98819494,0.8897933,0.97481924
2025-01-01 05:03:00,0.9480842,1.0288512,0.9611341,1.033736,0.9545175,1.0156639,0.9562122,1.0280694,0.9539001,1.0245811,0.9504018,1.0150356,0.9372978,1.0045688,0.92139405,1.0080279,0.9277178,0.99898654,0.8987051,0.98850244,0.8895891,0.9749774
2025-01-01 05:04:00,0.94853,1.0294558,0.96161544,1.0342932,0.95496505,1.0161346,0.95659745,1.0285537,0.95417535,1.0250039,0.9506509,1.0154331,0.9374534,1.0048702,0.92147005,1.0083109,0.92777795,0.9991528,0.89861965,0.9886979,0.88945174,0.97507554
2025-01-01 05:05:00,0.94882417,1.0298533,0.9619329,1.0346599,0.95526034,1.0164447,0.9568514,1.0288717,0.9543567,1.0252804,0.9508137,1.0156918,0.93755394,1.0050647,0.9215174,1.0084921,0.9278137,0.999257,0.8985599,0.9888205,0.889358,0.9751348
2025-01-01 05:06:00,0.9490197,1.0301163,0.9621438,1.0349026,0.9554566,1.0166503,0.9570201,1.0290813,0.95447695,1.0254618,0.9509206,1.0158601,0.9376188,1.0051898,0.9215461,1.0086071,0.9278337,0.999321,0.8985169,0.9888958,0.8892924,0.97516876
2025-01-01 05:07:00,0.94915104,1.0302917,0.96228546,1.035065,0.9555885,1.0167879,0.9571333,1.0292206,0.95455754,1.0255815,0.95099103,1.0159696,0.9376603,1.0052698,0.9215627,1.0086793,0.92784333,0.9993588,0.8984848,0.9889403,0.8892453,0.9751863
2025-01-01 05:08:00,0.94924086,1.0304102,0.96238214,1.0351751,0.9556785,1.0168813,0.9572104,1.0293142,0.9546123,1.025661,0.95103776,1.016041,0.9376867,1.0053204,0.9215714,1.0087234,0.92784625,0.9993795,0.8984597,0.98896474,0.88921,0.975193
2025-01-01 05:09:00,0.9493035,1.0304918,0.9624496,1.0352513,0.9557414,1.0169461,0.9572641,1.029378,0.9546503,1.0257144,0.95106906,1.0160875,0.9377032,1.0053519,0.9215749,1.0087492,0.9278448,0.9993891,0.8984392,0.9889762,0.8891825,0.9751929
2025-01-01 05:10:00,0.94934857,1.0305494,0.96249807,1.0353051,0.9557866,1.0169921,0.9573026,1.0294225,0.9546773,1.0257508,0.9510903,1.0161179,0.93771327,1.0053711,0.92157507,1.0087633,0.92784053,0.99939156,0.89842165,0.9889791,0.8891601,0.97518826
2025-01-01 05:11:00,0.94938225,1.0305914,0.9625341,1.0353447,0.9558202,1.017026,0.957331,1.0294544,0.95469725,1.025776,0.95110494,1.0161378,0.9377191,1.005382,0.92157304,1.0087696,0.9278344,0.9993893,0.898406,0.9889766,0.88914096,0.9751807
2025-01-01 05:12:00,0.9494085,1.0306231,0.96256214,1.0353749,0.95584637,1.017052,0.9573531,1.0294781,0.95471245,1.025794,0.95111537,1.0161508,0.93772227,1.0053877,0.9215696,1.008771,0.927827,0.9993839,0.89839166,0.98897046,0.8891239,0.9751712
2025-01-01 05:13:00,0.94942987,1.0306484,0.962585,1.035399,0.95586765,1.0170729,0.9573709,1.0294964,0.95472467,1.0258073,0.95112294,1.0161593,0.93772364,1.0053899,0.9215651,1.0087689,0.9278188,0.9993766,0.8983781,0.988962,0.8891083,0.9751604
2025-01-01 05:14:00,0.94944817,1.0306693,0.9626044,1.0354192,0.9558857,1.0170903,0.95738596,1.0295113,0.9547349,1.0258175,0.9511287,1.0161649,0.93772376,1.0053898,0.92156005,1.0087649,0.92781,0.99936795,0.898365,0.98895204,0.8890935,0.97514886
2025-01-01 05:15:00,0.94946444,1.0306873,0.9626216,1.0354369,0.9559018,1.0171057,0.9573992,1.0295238,0.9547438,1.0258257,0.95113325,1.0161686,0.9377231,1.0053883,0.9215545,1.0087593,0.9278009,0.9993584,0.89835227,0.98894113,0.88907933,0.9751368
2025-01-01 05:16:00,0.94947934,1.0307037,0.9626373,1.0354528,0.9559165,1.0171195,0.9574113,1.0295348,0.95475185,1.0258327,0.951137,1.016171,0.9377219,1.0053858,0.9215487,1.0087527,0.92779154,0.99934834,0.89833975,0.9889295,0.8890655,0.9751245
2025-01-01 05:17:00,0.94949347,1.0307189,0.96265215,1.0354677,0.9559303,1.0171324,0.95742255,1.029545,0.95475924,1.0258386,0.95114017,1.0161726,0.93772036,1.0053825,0.92154264,1.0087457,0.927782,0.99933785,0.8983273,0.98891747,0.8890519,0.97511184
2025-01-01 05:18:00,0.949507,1.0307333,0.9626664,1.0354818,0.95594347,1.0171447,0.9574333,1.0295542,0.95476633,1.025844,0.951143,1.0161736,0.9377185,1.005379,0.92153645,1.0087382,0.92777234,0.9993271,0.89831495,0.98890513,0.88903856,0.97509915
2025-01-01 05:19:00,0.94952023,1.0307473,0.9626802,1.0354955,0.95595634,1.0171565,0.9574437,1.0295632,0.9547731,1.025849,0.9511456,1.0161741,0.9377165,1.005375,0.9215301,1.0087303,0.92776257,0.9993162,0.8983027,0.9888927,0.8890253,0.97508633
2025-01-01 05:20:00,0.9495332,1.030761,0.96269375,1.0355089,0.9559689,1.0171682,0.95745385,1.0295718,0.95477974,1.0258538,0.951148,1.0161744,0.93771434,1.0053709,0.9215237,1.0087222,0.92775273,0.9993052,0.8982904,0.98888004,0.88901204,0.9750735
2025-01-01 05:21:00,0.9495461,1.0307744,0.96270716,1.035522,0.9559813,1.0171795,0.95746386,1.0295802,0.9547862,1.0258582,0.9511502,1.0161744,0.9377121,1.0053666,0.92151725,1.0087141,0.92774284,0.99929404,0.8982781,0.9888673,0.88899887,0.9750606
2025-01-01 05:22:00,0.94955885,1.0307876,0.96272045,1.035535,0.9559936,1.0171907,0.9574737,1.0295886,0.9547925,1.0258625,0.9511523,1.0161744,0.9377097,1.0053622,0.9215107,1.0087059,0.9277328,0.99928284,0.89826584,0.9888545,0.8889857,0.97504765
2025-01-01 05:23:00,0.94957155,1.0308007,0.9627337,1.0355479,0.95600575,1.0172019,0.9574835,1.0295967,0.9547987,1.0258667,0.95115435,1.0161743,0.9377073,1.0053576,0.9215041,1.0086975,0.9277228,0.9992716,0.89825356,0.9888417,0.8889726,0.9750347
2025-01-01 05:24:00,0.94958425,1.0308139,0.9627468,1.0355607,0.95601785,1.017213,0.9574932,1.0296048,0.9548049,1.0258709,0.95115626,1.0161741,0.93770474,1.005353,0.9214974,1.0086889,0.92771274,0.99926025,0.8982413,0.9888289,0.88895947,0.9750217
2025-01-01 05:25:00,0.94959694,1.030827,0.96276,1.0355735,0.95602995,1.017224,0.95750284,1.0296128,0.9548109,1.0258749,0.9511581,1.0161737,0.9377021,1.0053482,0.92149067,1.0086805,0.92770267,0.99924886,0.898229,0.988816,0.88894635,0.9750088
2025-01-01 05:26:00,0.94960964,1.0308402,0.9627731,1.0355862,0.956042,1.0172349,0.9575124,1.0296206,0.95481694,1.0258788,0.9511599,1.0161732,0.9376995,1.0053434,0.9214839,1.0086719,0.92769253,0.9992375,0.89821666,0.98880315,0.88893324,0.97499585
2025-01-01 05:27:00,0.94962233,1.0308532,0.96278614,1.0355989,0.956054,1.0172458,0.9575219,1.0296285,0.9548229,1.0258827,0.9511616,1.0161728,0.93769675,1.0053387,0.921477,1.0086633,0.92768234,0.99922603,0.8982043,0.9887902,0.8889201,0.9749829
2025-01-01 05:28:00,0.949635,1.0308663,0.9627992,1.0356116,0.95606595,1.0172566,0.9575314,1.0296363,0.9548288,1.0258865,0.9511633,1.0161723,0.937694,1.0053337,0.92147017,1.0086546,0.92767215,0.9992146,0.8981919,0.9887773,0.888907,0.97497004
2025-01-01 05:29:00,0.9496477,1.0308793,0.96281224,1.0356243,0.9560779,1.0172675,0.9575408,1.0296441,0.95483464,1.0258904,0.9511649,1.0161716,0.9376912,1.0053288,0.92146325,1.0086459,0.9276619,0.99920315,0.8981796,0.98876435,0.8888939,0.9749571
2025-01-01 05:30:00,0.9512035,1.0336748,0.9645258,1.0381054,0.9575501,1.0192655,0.9586404,1.0316792,0.955287,1.0276105,0.9515371,1.0177466,0.9374977,1.0064195,0.92094177,1.009639,0.9270307,0.99955124,0.8967614,0.9893131,0.88724804,0.97501266
2025-01-01 05:31:00,0.95221925,1.0354966,0.9656442,1.0397224,0.9585113,1.0205679,0.9593584,1.0330045,0.955583,1.02873,0.9517795,1.01877,0.93737084,1.0071268,0.92060035,1.0102814,0.9266167,0.99977344,0.89583534,0.9896653,0.88617367,0.97504425
2025-01-01 05:32:00,0.95288396,1.0366852,0.9663757,1.040778,0.9591402,1.0214182,0.9598283,1.0338687,0.95577735,1.029459,0.9519375,1.0194349,0.93728733,1.0075846,0.9203759,1.0106959,0.926344,0.9999138,0.895229,0.9898897,0.88547075,0.9750603
2025-01-01 05:33:00,0.9533205,1.0374625,0.96685576,1.0414685,0.95955306,1.0219747,0.960137,1.0344331,0.9559056,1.0299339,0.9520407,1.0198668,0.93723196,1.0078803,0.92022747,1.0109622,0.9261631,1.000001,0.89483047,0.990031,0.8850093,0.9750662
2025-01-01 05:34:00,0.9536087,1.0379722,0.9671723,1.0419217,0.9598256,1.0223402,0.96034086,1.0348026,0.9559909,1.0302438,0.95210814,1.0201471,0.9371948,1.0080707,0.9201284,1.0111321,0.9260418,1.0000535,0.8945671,0.99011827,0.8847047,0.9750655
2025-01-01 05:35:00,0.9538005,1.0383081,0.96738267,1.0422207,0.96000683,1.0225813,0.9604765,1.0350453,0.95604825,1.0304464,0.95215243,1.020329,0.93716955,1.0081925,0.9200615,1.0112394,0.9259592,1.0000837,0.8943915,0.9901704,0.8845022,0.97506064
2025-01-01 05:36:00,0.9539297,1.0385311,0.96752393,1.0424196,0.9601287,1.0227418,0.9605679,1.0352056,0.9560874,1.0305792,0.9521816,1.0204469,0.9371519,1.0082698,0.92001545,1.0113059,0.9259019,1.0000991,0.894273,0.9901998,0.8843659,0.97505295
2025-01-01 05:37:00,0.9540181,1.0386806,0.9676204,1.0425531,0.96021205,1.0228497,0.9606305,1.0353124,0.95611477,1.0306668,0.9522009,1.0205231,0.9371393,1.0083182,0.9199829,1.011346,0.92586094,1.000105,0.8941915,0.99021435,0.88427275,0.9750435
2025-01-01 05:38:00,0.9540801,1.0387824,0.96768755,1.0426443,0.9602702,1.0229236,0.9606743,1.0353843,0.95613444,1.0307248,0.9522138,1.0205721,0.93712986,1.0083477,0.9199592,1.0113689,0.9258306,1.0001048,0.8941342,0.99021924,0.88420767,0.97503287
2025-01-01 05:39:00,0.9541249,1.038853,0.96773577,1.0427079,0.9603122,1.0229752,0.96070594,1.0354335,0.956149,1.0307635,0.9522225,1.0206035,0.9371226,1.0083649,0.9199411,1.0113804,0.9258071,1.0001005,0.8940925,0.99021786,0.88416076,0.9750215
2025-01-01 05:40:00,0.95415854,1.0389036,0.96777165,1.0427537,0.9603435,1.0230125,0.96072954,1.0354681,0.9561603,1.0307899,0.9522285,1.0206236,0.93711656,1.0083741,0.91992676,1.0113847,0.92578816,1.0000936,0.894061,0.9902124,0.88412565,0.9750096
2025-01-01 05:41:00,0.95418483,1.038941,0.9677995,1.0427878,0.9603679,1.0230403,0.960748,1.035493,0.95616937,1.030808,0.95223266,1.0206361,0.9371114,1.0083783,0.9199147,1.0113844,0.9257721,1.0000849,0.8940362,0.99020433,0.8840983,0.97499746
2025-01-01 05:42:00,0.95420647,1.03897,0.96782213,1.0428143,0.96038777,1.023062,0.96076316,1.0355117,0.9561771,1.0308208,0.95223564,1.0206437,0.9371068,1.0083787,0.91990423,1.0113809,0.9257579,1.0000751,0.89401555,0.9901945,0.8840759,0.9749851
2025-01-01 05:43:00,0.95422506,1.0389934,0.9678414,1.0428358,0.96040475,1.0230798,0.96077603,1.0355264,0.9561839,1.0308301,0.9522378,1.0206481,0.9371025,1.0083772,0.91989475,1.0113753,0.9257449,1.0000646,0.8939977,0.99018353,0.8840568,0.9749726
2025-01-01 05:44:00,0.95424163,1.0390131,0.96785843,1.0428542,0.96041983,1.0230949,0.9607875,1.0355383,0.9561901,1.0308373,0.95223945,1.0206504,0.9370983,1.0083741,0.9198858,1.0113683,0.9257326,1.0000536,0.8939817,0.9901718,0.8840398,0.97496
2025-01-01 05:45:00,0.95425695,1.0390306,0.967874,1.0428704,0.9604336,1.0231082,0.9607979,1.0355484,0.95619583,1.0308428,0.9522407,1.0206513,0.93709433,1.0083699,0.91987735,1.0113605,0.9257209,1.0000422,0.8939668,0.99015963,0.88402414,0.97494745
2025-01-01 05:46:00,0.95427144,1.0390465,0.96788865,1.0428853,0.9604466,1.0231205,0.9608078,1.0355574,0.9562012,1.0308474,0.9522417,1.0206512,0.9370904,1.0083652,0.9198691,1.0113522,0.9257094,1.0000306,0.8939527,0.9901471,0.8840094,0.9749348
2025-01-01 05:47:00,0.9542854,1.0390614,0.9679027,1.0428994,0.960459,1.0231321,0.96081716,1.0355656,0.95620644,1.0308514,0.95224255,1.0206506,0.93708646,1.00836,0.91986096,1.0113434,0.92569816,1.000019,0.89393914,0.9901344,0.8839953,0.9749222
2025-01-01 05:48:00,0.9542989,1.0390757,0.96791637,1.0429127,0.96047103,1.0231432,0.9608263,1.0355732,0.95621145,1.0308547,0.95224327,1.0206497,0.9370825,1.0083545,0.9198529,1.0113344,0.92568696,1.0000072,0.89392585,0.9901216,0.8839815,0.97490954
2025-01-01 05:49:00,0.95431226,1.0390897,0.9679297,1.0429258,0.9604829,1.0231539,0.9608352,1.0355806,0.9562164,1.0308579,0.95224386,1.0206485,0.93707854,1.008349,0.9198449,1.0113251,0.92567587,0.99999535,0.89391273,0.9901087,0.88396806,0.97489685
2025-01-01 05:50:00,0.9543255,1.0391033,0.96794295,1.0429385,0.9604945,1.0231644,0.9608439,1.0355878,0.9562212,1.0308609,0.9522443,1.0206468,0.9370745,1.0083431,0.91983694,1.0113156,0.9256648,0.9999834,0.89389974,0.99009573,0.8839547,0.9748842
2025-01-01 05:51:00,0.95433867,1.0391167,0.967956,1.042951,0.9605061,1.0231746,0.96085256,1.0355947,0.95622593,1.0308636,0.9522447,1.0206451,0.9370704,1.0083371,0.9198289,1.0113062,0.92565376,0.9999714,0.8938868,0.99008274,0.8839415,0.9748716
2025-01-01 05:52:00,0.9543517,1.0391301,0.967969,1.0429635,0.9605175,1.0231848,0.9608611,1.0356015,0.95623064,1.0308663,0.952245,1.0206432,0.9370664,1.0083311,0.91982085,1.0112966,0.92564267,0.99995935,0.89387393,0.9900697,0.88392836,0.974859
2025-01-01 05:53:00,0.9543648,1.0391433,0.967982,1.0429759,0.96052885,1.0231949,0.9608696,1.0356083,0.9562353,1.0308689,0.95224524,1.0206414,0.9370622,1.008325,0.9198128,1.011287,0.92563164,0.99994725,0.8938611,0.99005663,0.88391525,0.9748464
2025-01-01 05:54:00,0.9543778,1.0391566,0.96799487,1.0429883,0.9605402,1.0232049,0.960878,1.035615,0.9562398,1.0308713,0.9522454,1.0206394,0.93705803,1.0083187,0.9198047,1.0112772,0.92562056,0.99993515,0.8938483,0.9900435,0.8839022,0.9748338
2025-01-01 05:55:00,0.9543908,1.0391697,0.9680078,1.0430005,0.96055144,1.0232148,0.96088636,1.0356214,0.9562443,1.0308737,0.95224553,1.0206373,0.93705374,1.0083123,0.9197965,1.0112674,0.92560947,0.99992305,0.8938355,0.99003047,0.8838891,0.97482127
2025-01-01 05:56:00,0.9544038,1.0391828,0.9680206,1.0430127,0.96056265,1.0232247,0.96089464,1.0356278,0.9562487,1.0308759,0.9522456,1.0206351,0.93704945,1.008306,0.9197883,1.0112576,0.9255983,0.9999109,0.89382267,0.99001735,0.8838761,0.9748087
2025-01-01 05:57:00,0.9544168,1.0391959,0.96803343,1.0430249,0.9605738,1.0232346,0.9609029,1.0356343,0.9562531,1.0308782,0.95224565,1.020633,0.9370451,1.0082997,0.9197801,1.0112478,0.9255872,0.99989873,0.89380985,0.99000424,0.8838631,0.9747962
2025-01-01 05:58:00,0.9544298,1.039209,0.96804625,1.043037,0.96058494,1.0232444,0.9609111,1.0356406,0.9562574,1.0308803,0.9522456,1.0206307,0.9370407,1.0082933,0.9197718,1.0112379,0.925576,0.9998866,0.89379704,0.9899911,0.8838501,0.97478366
2025-01-01 05:59:00,0.95444286,1.039222,0.96805906,1.0430491,0.9605961,1.0232542,0.96091926,1.0356469,0.9562617,1.0308824,0.9522455,1.0206283,0.9370362,1.0082867,0.9197635,1.011228,0.9255647,0.99987435,0.8937842,0.9899781,0.8838371,0.9747712
2025-01-01 06:00:00,0.9550854,1.041435,0.9688195,1.0449055,0.9610643,1.0246301,0.96098834,1.0370077,0.9556488,1.0319465,0.9516015,1.0215261,0.93577456,1.008744,0.91827804,1.011576,0.92393357,0.99958354,0.8913974,0.98991287,0.88128394,0.97427076
2025-01-01 06:01:00,0.9555076,1.0428782,0.9693183,1.0461165,0.9613725,1.0255277,0.9610361,1.0378942,0.9552518,1.0326387,0.95118284,1.0221088,0.93495286,1.0090389,0.9173095,1.0117987,0.92286927,0.9993902,0.8898415,0.9898659,0.87961984,0.97394115
2025-01-01 06:02:00,0.9557866,1.0438207,0.96964693,1.0469078,0.96157664,1.0261146,0.9610699,1.0384727,0.95499516,1.0330894,0.9509105,1.0224867,0.93441707,1.0092282,0.916677,1.0119399,0.9221736,0.99926025,0.88882565,0.9898308,0.87853366,0.9737225
2025-01-01 06:03:00,0.9559725,1.0444379,0.969865,1.0474265,0.96171314,1.0264994,0.9610946,1.0388508,0.95482975,1.0333829,0.95073336,1.0227313,0.9340672,1.0093489,0.91626287,1.0120281,0.92171735,0.9991715,0.8881608,0.9898034,0.87782305,0.9735761
2025-01-01 06:04:00,0.9560979,1.0448437,0.97001123,1.0477676,0.9618057,1.0267528,0.96111345,1.0390985,0.9547236,1.0335742,0.9506181,1.0228895,0.933838,1.0094249,0.9159906,1.012082,0.9214168,0.9991095,0.8877242,0.98978096,0.87735665,0.97347665
2025-01-01 06:05:00,0.956184,1.045112,0.9701107,1.0479937,0.96186966,1.0269209,0.9611285,1.0392617,0.9546559,1.0336993,0.9505429,1.0229912,0.9336874,1.009472,0.91581064,1.0121132,0.92121744,0.9990648,0.88743585,0.9897618,0.87704897,0.9734076
2025-01-01 06:06:00,0.9562446,1.045291,0.9701798,1.0481447,0.9619151,1.0270334,0.9611409,1.0393698,0.9546132,1.033781,0.9504939,1.0230564,0.9335877,1.0095,0.91569066,1.01213,0.92108387,0.9990315,0.8872439,0.98974484,0.87684447,0.9733585
2025-01-01 06:07:00,0.9562885,1.045412,0.97022915,1.0482471,0.96194834,1.02711,0.96115166,1.0394421,0.9545868,1.0338348,0.9504617,1.0230976,0.93352115,1.009516,0.91560954,1.0121373,0.920993,0.99900544,0.88711464,0.98972917,0.8767071,0.9733223
2025-01-01 06:08:00,0.9563216,1.045495,0.9702657,1.0483178,0.9619737,1.0271629,0.9611614,1.039491,0.9545709,1.0338703,0.9504406,1.0231236,0.93347615,1.0095237,0.91555375,1.0121386,0.9209299,0.99898416,0.8870261,0.9897144,0.8766132,0.9732944
2025-01-01 06:09:00,0.9563477,1.0455537,0.9702938,1.0483677,0.961994,1.0272005,0.9611703,1.039525,0.9545619,1.0338938,0.9504265,1.0231392,0.9334451,1.0095264,0.9155144,1.0121356,0.92088485,0.998966,0.88696396,0.9897002,0.8765477,0.9732719
2025-01-01 06:10:00,0.9563692,1.0455964,0.9703165,1.0484045,0.9620109,1.0272282,0.96117884,1.039549,0.95455724,1.0339096,0.95041716,1.0231485,0.9334231,1.0095255,0.9154857,1.0121303,0.92085147,0.9989498,0.886919,0.98968637,0.8765006,0.9732531
2025-01-01 06:11:00,0.9563878,1.0456287,0.9703357,1.0484325,0.96202564,1.0272495,0.96118695,1.0395665,0.95455545,1.0339203,0.9504108,1.0231534,0.93340707,1.0095224,0.9154639,1.012123,0.9208257,0.9989349,0.8868853,0.98967284,0.8764655,0.9732365
2025-01-01 06:12:00,0.95640445,1.0456542,0.9703526,1.0484548,0.962039,1.0272665,0.9611949,1.0395799,0.9545555,1.0339278,0.95040625,1.0231555,0.93339473,1.009518,0.91544664,1.0121146,0.920805,0.99892086,0.8868588,0.9896594,0.8764382,0.9732215
2025-01-01 06:13:00,0.9564199,1.0456753,0.9703679,1.0484734,0.96205133,1.0272808,0.96120256,1.0395905,0.9545567,1.033933,0.9504029,1.0231557,0.93338484,1.0095127,0.9154323,1.0121055,0.9207874,0.9989074,0.8868371,0.98964614,0.8764159,0.9732074
2025-01-01 06:14:00,0.9564345,1.0456936,0.9703823,1.0484896,0.9620631,1.0272933,0.9612102,1.0395993,0.9545587,1.0339367,0.9504004,1.0231546,0.93337655,1.0095065,0.91541976,1.0120959,0.92077184,0.9988942,0.8868184,0.9896329,0.876397,0.97319406
2025-01-01 06:15:00,0.95644855,1.0457101,0.97039604,1.0485041,0.9620744,1.0273046,0.9612177,1.0396069,0.9545611,1.0339396,0.9503984,1.0231528,0.9333693,1.0094999,0.91540843,1.012086,0.92075765,0.9988813,0.8868017,0.9896198,0.87638026,0.97318107
2025-01-01 06:16:00,0.9564623,1.0457253,0.9704094,1.0485177,0.9620854,1.0273151,0.96122515,1.0396137,0.95456386,1.0339419,0.95039666,1.0231506,0.93336266,1.0094931,0.9153979,1.0120758,0.92074424,0.99886847,0.8867863,0.9896066,0.8763649,0.97316843
2025-01-01 06:17:00,0.9564758,1.0457398,0.9704224,1.0485307,0.9620963,1.027325,0.96123254,1.0396199,0.9545667,1.0339437,0.9503951,1.0231478,0.9333564,1.0094861,0.91538787,1.0120655,0.9207315,0.9988557,0.88677174,0.98959345,0.8763504,0.973156
2025-01-01 06:18:00,0.9564892,1.0457537,0.9704352,1.0485432,0.96210694,1.0273347,0.9612398,1.0396259,0.9545697,1.0339452,0.9503936,1.0231448,0.9333504,1.0094789,0.9153781,1.012055,0.920719,0.9988431,0.8867577,0.9895804,0.87633646,0.97314364
2025-01-01 06:19:00,0.9565025,1.0457673,0.9704479,1.0485554,0.96211755,1.027344,0.9612471,1.0396315,0.9545727,1.0339464,0.9503922,1.0231416,0.9333445,1.0094715,0.9153685,1.0120445,0.9207068,0.99883044,0.886744,0.9895673,0.876323,0.9731314
2025-01-01 06:20:00,0.9565157,1.0457807,0.9704605,1.0485674,0.96212804,1.0273532,0.96125424,1.039637,0.95457566,1.0339476,0.95039076,1.0231382,0.93333864,1.0094641,0.91535896,1.0120339,0.9206947,0.99881774,0.88673055,0.9895542,0.87630975,0.97311926
2025-01-01 06:21:00,0.9565289,1.0457939,0.97047305,1.0485792,0.9621385,1.0273622,0.9612614,1.0396423,0.95457864,1.0339485,0.9503893,1.0231348,0.9333329,1.0094566,0.91534954,1.0120232,0.9206827,0.9988051,0.88671726,0.9895411,0.8762967,0.97310716
2025-01-01 06:22:00,0.9565421,1.045807,0.97048557,1.0485909,0.9621489,1.0273712,0.9612685,1.0396476,0.9545816,1.0339495,0.95038784,1.0231313,0.9333271,1.009449,0.9153401,1.0120126,0.92067075,0.99879247,0.886704,0.98952806,0.87628376,0.97309506
2025-01-01 06:23:00,0.9565551,1.0458201,0.970498,1.0486026,0.9621592,1.0273801,0.9612755,1.0396527,0.95458454,1.0339502,0.95038635,1.0231277,0.9333213,1.0094414,0.9153307,1.0120018,0.9206588,0.99877983,0.88669086,0.98951495,0.8762709,0.9730831
2025-01-01 06:24:00,0.95656824,1.0458332,0.9705104,1.0486141,0.9621695,1.0273888,0.9612825,1.0396577,0.95458746,1.0339509,0.95038486,1.023124,0.93331546,1.0094336,0.9153213,1.011991,0.92064685,0.9987672,0.88667774,0.9895019,0.87625813,0.9730711
2025-01-01 06:25:00,0.95658135,1.0458461,0.9705228,1.0486256,0.9621798,1.0273976,0.96128947,1.0396627,0.9545903,1.0339515,0.95038325,1.0231202,0.9333096,1.0094259,0.9153119,1.0119802,0.92063487,0.9987545,0.8866646,0.98948884,0.8762454,0.9730591
2025-01-01 06:26:00,0.95659447,1.0458591,0.9705352,1.048637,0.96219,1.0274062,0.9612963,1.0396676,0.95459306,1.0339521,0.9503816,1.0231164,0.9333037,1.0094181,0.9153024,1.0119693,0.92062294,0.9987418,0.8866515,0.9894758,0.8762326,0.97304714
2025-01-01 06:27:00,0.9566076,1.045872,0.97054756,1.0486485,0.96220016,1.0274149,0.9613032,1.0396725,0.9545958,1.0339526,0.9503799,1.0231124,0.9332978,1.0094103,0.9152929,1.0119584,0.92061096,0.9987291,0.88663846,0.98946273,0.87622,0.9730353
2025-01-01 06:28:00,0.9566207,1.0458848,0.9705599,1.0486599,0.9622103,1.0274235,0.96130997,1.0396773,0.9545985,1.0339531,0.9503781,1.0231085,0.9332918,1.0094024,0.9152834,1.0119475,0.920599,0.9987164,0.88662535,0.9894497,0.87620735,0.97302336
2025-01-01 06:29:00,0.9566338,1.0458977,0.97057223,1.0486712,0.96222043,1.0274321,0.96131676,1.039682,0.9546011,1.0339534,0.95037633,1.0231045,0.9332858,1.0093945,0.9152738,1.0119365,0.92058694,0.99870366,0.8866123,0.9894366,0.87619466,0.9730115
2025-01-01 06:30:00,0.95635164,1.0474886,0.97036594,1.04987,0.96167624,1.028161,0.96035427,1.040344,0.952934,1.0343425,0.94872767,1.02331,0.93097854,1.0092102,0.9128509,1.0116332,0.9179852,0.99777925,0.8832995,0.9887584,0.8727797,0.9719639
2025-01-01 06:31:00,0.9561728,1.0485271,0.9702362,1.0506532,0.961326,1.0286379,0.959731,1.0407759,0.95185125,1.0345956,0.9476554,1.023442,0.9294767,1.0090876,0.9112726,1.011432,0.91628975,0.9971739,0.8811417,0.98831296,0.8705556,0.97127885
2025-01-01 06:32:00,0.9560612,1.0492067,0.9701561,1.0511663,0.96110183,1.0289508,0.95932806,1.0410582,0.9511483,1.0347601,0.94695765,1.0235263,0.92849827,1.009005,0.9102433,1.0112976,0.9151835,0.9967759,0.8797345,0.98801893,0.8691055,0.9708294
2025-01-01 06:33:00,0.9559932,1.0496529,0.97010833,1.0515037,0.96095955,1.029157,0.9590684,1.0412432,0.9506921,1.034867,0.94650334,1.0235796,0.92786014,1.0089484,0.9095708,1.0112062,0.9144601,0.9965128,0.8788153,0.9878232,0.8681586,0.97053325
2025-01-01 06:34:00,0.9559536,1.0499475,0.97008157,1.0517269,0.96087056,1.029294,0.9589019,1.0413649,0.9503964,1.0349365,0.9462073,1.0236127,0.9274431,1.0089089,0.9091303,1.0111428,0.9139857,0.99633723,0.87821317,0.98769146,0.86753863,0.9703366
2025-01-01 06:35:00,0.95593244,1.0501435,0.97006834,1.051876,0.96081614,1.0293859,0.95879596,1.0414457,0.95020497,1.0349817,0.94601405,1.0236328,0.92716974,1.0088801,0.9088404,1.0110977,0.9136731,0.9962186,0.8778173,0.9876013,0.86713135,0.9702047
2025-01-01 06:36:00,0.9559233,1.0502753,0.97006404,1.0519766,0.9607842,1.0294485,0.95872927,1.0414996,0.9500812,1.035011,0.9458876,1.0236441,0.92698973,1.0088586,0.90864855,1.0110645,0.9134656,0.996137,0.8775553,0.9875381,0.86686224,0.97011495
2025-01-01 06:37:00,0.9559219,1.0503656,0.9700655,1.052046,0.96076685,1.029492,0.95868814,1.0415362,0.9500016,1.03503,0.9458046,1.0236499,0.9268705,1.0088416,0.90852034,1.011039,0.9133265,0.9960795,0.87738043,0.9874925,0.86668295,0.9700525
2025-01-01 06:38:00,0.9559256,1.0504286,0.97007066,1.0520948,0.9607589,1.0295231,0.9586635,1.0415614,0.94995046,1.0350423,0.9457498,1.0236521,0.9267907,1.0088277,0.90843356,1.0110184,0.91323173,0.99603766,0.8772622,0.9874583,0.866562,0.97000784
2025-01-01 06:39:00,0.95593256,1.050474,0.97007823,1.0521305,0.9607572,1.0295461,0.9586497,1.0415792,0.949918,1.0350503,0.94571334,1.0236518,0.9267365,1.0088156,0.9083736,1.0110011,0.91316587,0.9960059,0.8771807,0.9874315,0.8664791,0.96997476
2025-01-01 06:40:00,0.9559417,1.050508,0.97008735,1.0521575,0.96075946,1.029564,0.95864284,1.0415922,0.94989747,1.0350553,0.9456888,1.0236502,0.9266989,1.0088049,0.9083311,1.0109859,0.9131187,0.99598074,0.87712324,0.98740965,0.8664208,0.9699492
2025-01-01 06:41:00,0.9559522,1.0505346,0.97009754,1.052179,0.9607642,1.0295783,0.9586405,1.041602,0.94988483,1.0350584,0.94567186,1.0236473,0.9266721,1.0087949,0.9083,1.010972,0.9130838,0.9959599,0.8770813,0.9873908,0.8663786,0.96992856
2025-01-01 06:42:00,0.9559636,1.0505563,0.97010833,1.0521967,0.96077067,1.0295904,0.9586411,1.0416098,0.94987714,1.0350603,0.94565994,1.0236439,0.9266524,1.0087854,0.9082762,1.010959,0.9130568,0.9959418,0.8770494,0.9873741,0.86634684,0.96991116
2025-01-01 06:43:00,0.9559756,1.0505749,0.9701195,1.0522121,0.96077824,1.0296009,0.95864356,1.0416162,0.9498728,1.0350614,0.94565123,1.0236399,0.9266371,1.0087761,0.9082571,1.0109466,0.91303486,0.9959256,0.87702405,0.98735875,0.86632186,0.96989584
2025-01-01 06:44:00,0.95598793,1.0505915,0.970131,1.052226,0.96078646,1.0296105,0.95864725,1.0416218,0.9498705,1.0350618,0.9456446,1.0236356,0.9266248,1.008767,0.9082412,1.0109345,0.9130164,0.99591047,0.877003,0.9873442,0.8663013,0.96988183
2025-01-01 06:45:00,0.9560005,1.0506066,0.97014254,1.0522386,0.96079504,1.0296195,0.95865166,1.0416267,0.94986963,1.0350618,0.9456394,1.0236311,0.92661434,1.0087582,0.90822726,1.0109226,0.9129999,0.99589616,0.8769848,0.9873302,0.8662836,0.9698688
2025-01-01 06:46:00,0.95601326,1.0506208,0.9701543,1.0522506,0.960804,1.029628,0.9586566,1.0416312,0.94986963,1.0350617,0.9456349,1.0236264,0.9266051,1.0087494,0.9082146,1.0109109,0.91298497,0.99588233,0.8769683,0.9873166,0.8662678,0.9698564
2025-01-01 06:47:00,0.95602614,1.0506346,0.9701661,1.0522623,0.96081305,1.0296363,0.9586618,1.0416354,0.9498701,1.0350612,0.94563097,1.0236216,0.92659664,1.0087405,0.90820277,1.0108992,0.91297084,0.9958688,0.876953,0.9873033,0.8662532,0.9698442
2025-01-01 06:48:00,0.9560391,1.050648,0.9701779,1.0522736,0.9608222,1.0296443,0.95866716,1.0416393,0.9498709,1.0350608,0.94562733,1.0236167,0.9265887,1.0087317,0.90819144,1.0108875,0.9129573,0.99585545,0.87693846,0.98729014,0.8662395,0.9698325
2025-01-01 06:49:00,0.95605206,1.050661,0.97018975,1.0522847,0.96083134,1.0296521,0.9586726,1.0416433,0.9498719,1.03506,0.94562393,1.0236117,0.926581,1.0087229,0.9081804,1.0108759,0.91294414,0.9958422,0.87692446,0.9872771,0.86622626,0.9698208
2025-01-01 06:50:00,0.95606506,1.0506738,0.9702015,1.0522957,0.9608405,1.0296599,0.9586781,1.041647,0.94987303,1.0350595,0.9456206,1.0236065,0.9265735,1.008714,0.9081697,1.0108644,0.91293126,0.9958291,0.8769108,0.9872641,0.8662134,0.96980935
2025-01-01 06:51:00,0.95607805,1.0506867,0.97021335,1.0523065,0.96084976,1.0296676,0.9586836,1.0416507,0.9498742,1.0350586,0.9456174,1.0236013,0.92656606,1.0087051,0.90815896,1.0108527,0.91291845,0.995816,0.8768973,0.98725116,0.86620075,0.9697979
2025-01-01 06:52:00,0.95609105,1.0506994,0.97022516,1.0523173,0.9608589,1.0296751,0.95868915,1.0416541,0.9498754,1.0350577,0.94561416,1.0235962,0.92655873,1.0086962,0.90814835,1.0108411,0.9129058,0.99580294,0.8768839,0.9872382,0.86618817,0.96978664
2025-01-01 06:53:00,0.9561041,1.0507121,0.9702369,1.0523279,0.96086806,1.0296825,0.95869464,1.0416576,0.9498766,1.0350567,0.94561094,1.0235908,0.9265514,1.0086873,0.9081378,1.0108294,0.9128932,0.99578995,0.87687063,0.98722535,0.86617583,0.9697753
2025-01-01 06:54:00,0.9561171,1.0507246,0.9702487,1.0523385,0.96087724,1.0296899,0.9587001,1.041661,0.9498778,1.0350556,0.94560766,1.0235856,0.926544,1.0086782,0.90812725,1.0108178,0.91288066,0.99577695,0.8768574,0.98721254,0.8661635,0.9697641
2025-01-01 06:55:00,0.9561301,1.0507373,0.9702604,1.0523491,0.96088636,1.0296973,0.95870554,1.0416644,0.9498789,1.0350546,0.9456043,1.0235802,0.9265367,1.0086691,0.90811664,1.0108061,0.912868,0.99576396,0.8768443,0.9871997,0.8661513,0.9697529
2025-01-01 06:56:00,0.9561431,1.0507498,0.9702721,1.0523596,0.96089536,1.0297047,0.9587109,1.0416676,0.94987994,1.0350535,0.945601,1.0235747,0.9265293,1.0086601,0.908106,1.0107944,0.91285545,0.9957509,0.8768311,0.9871869,0.86613905,0.9697418
2025-01-01 06:57:00,0.9561561,1.0507623,0.97028375,1.0523701,0.9609044,1.029712,0.9587163,1.0416708,0.94988096,1.0350522,0.9455976,1.0235692,0.9265219,1.0086509,0.9080954,1.0107826,0.91284287,0.9957379,0.876818,0.9871741,0.86612695,0.9697307
2025-01-01 06:58:00,0.95616907,1.0507748,0.9702954,1.0523806,0.96091336,1.0297191,0.9587215,1.041674,0.9498819,1.035051,0.94559413,1.0235637,0.9265144,1.0086417,0.9080848,1.0107708,0.9128303,0.99572486,0.87680495,0.98716134,0.86611485,0.96971965
2025-01-01 06:59:00,0.95618206,1.0507872,0.97030705,1.0523909,0.9609223,1.0297264,0.95872676,1.0416771,0.94988286,1.0350497,0.9455906,1.0235581,0.9265069,1.0086325,0.90807414,1.010759,0.9128177,0.99571186,0.87679183,0.9871486,0.86610276,0.96970856
2025-01-01 07:00:00,0.9549802,1.0517279,0.9691377,1.0529106,0.9593753,1.0297956,0.95674956,1.041629,0.9471912,1.0347564,0.9429668,1.0230668,0.9231952,1.0078096,0.9047569,1.0098097,0.90929145,0.9941705,0.87261224,0.98586965,0.86188686,0.96813303
2025-01-01 07:01:00,0.9542035,1.0523436,0.9683817,1.0532519,0.9583729,1.0298432,0.95546615,1.0415986,0.94544184,1.0345653,0.94126,1.0227455,0.92103994,1.0072714,0.90259695,1.0091887,0.90699494,0.993164,0.86989087,0.98503387,0.8591423,0.9671051
2025-01-01 07:02:00,0.95370317,1.0527482,0.9678943,1.0534772,0.95772433,1.0298765,0.9546337,1.0415797,0.94430494,1.0344406,0.94014925,1.0225346,0.91963625,1.0069183,0.90118927,1.0087806,0.9054978,0.9925053,0.86811745,0.9844862,0.85735416,0.9664331
2025-01-01 07:03:00,0.9533825,1.0530156,0.9675815,1.0536273,0.95730585,1.0299007,0.9540943,1.0415686,0.9435662,1.034359,0.9394259,1.0223954,0.9187212,1.0066855,0.90027046,1.0085112,0.9045202,0.9920725,0.86696017,0.98412573,0.8561877,0.9659925
2025-01-01 07:04:00,0.9531786,1.0531937,0.9673822,1.0537283,0.9570368,1.0299187,0.95374537,1.0415622,0.94308615,1.0343053,0.9389544,1.0223029,0.91812366,1.0065309,0.89966935,1.0083319,0.90388036,0.99178666,0.8662033,0.983887,0.8554253,0.96570235
2025-01-01 07:05:00,0.95305055,1.0533137,0.9672566,1.0537977,0.9568649,1.0299329,0.9535203,1.0415591,0.94277436,1.0342698,0.93864655,1.0222408,0.91773254,1.006427,0.8992749,1.0082113,0.90345997,0.9915962,0.8657068,0.98372746,0.85492563,0.96550995
2025-01-01 07:06:00,0.9529719,1.0533961,0.967179,1.0538462,0.95675623,1.0299443,0.95337564,1.041558,0.94257176,1.0342462,0.93844503,1.0221982,0.91747546,1.0063561,0.8990146,1.0081286,0.90318227,0.9914679,0.8653795,0.9836193,0.8545967,0.96538115
2025-01-01 07:07:00,0.9529252,1.0534539,0.9671325,1.0538814,0.9566885,1.0299542,0.9532833,1.0415581,0.9424403,1.0342301,0.93831265,1.0221683,0.91730565,1.0063066,0.89884156,1.0080707,0.9029973,0.9913799,0.8651622,0.9835445,0.8543787,0.96529365
2025-01-01 07:08:00,0.9528994,1.0534958,0.9671063,1.0539076,0.9566475,1.0299629,0.95322484,1.0415591,0.94235486,1.0342189,0.93822515,1.0221468,0.91719246,1.0062711,0.8987252,1.0080287,0.9028726,0.99131817,0.86501646,0.98349154,0.85423285,0.965233
2025-01-01 07:09:00,0.9528871,1.0535274,0.9670931,1.0539284,0.95662385,1.0299709,0.9531885,1.0415605,0.94229937,1.034211,0.93816686,1.0221306,0.91711605,1.0062448,0.89864576,1.0079973,0.90278715,0.9912734,0.8649171,0.9834527,0.85413396,0.9651899
2025-01-01 07:10:00,0.95288366,1.0535522,0.9670885,1.0539452,0.9566114,1.0299783,0.9531664,1.0415623,0.9422634,1.0342051,0.93812746,1.022118,0.91706353,1.0062242,0.8985902,1.0079726,0.9027271,0.9912398,0.86484796,0.983423,0.8540655,0.96515816
2025-01-01 07:11:00,0.9528859,1.0535724,0.9670895,1.0539596,0.95660615,1.0299855,0.95315367,1.0415645,0.9422401,1.0342007,0.93810034,1.0221075,0.9170265,1.0062072,0.8985502,1.0079523,0.90268356,0.9912133,0.8647985,0.98339933,0.85401696,0.9651338
2025-01-01 07:12:00,0.9528918,1.0535899,0.967094,1.0539725,0.9566057,1.0299925,0.95314693,1.0415666,0.942225,1.0341969,0.9380812,1.0220984,0.91699964,1.0061929,0.89852035,1.0079349,0.90265083,0.9911915,0.8647617,0.98337954,0.85398126,0.9651143
2025-01-01 07:13:00,0.9529002,1.0536056,0.9671009,1.0539844,0.95660824,1.0299991,0.9531441,1.0415686,0.94221514,1.0341938,0.9380673,1.0220904,0.91697925,1.0061802,0.89849705,1.0079194,0.902625,0.9911728,0.86473334,0.9833624,0.85395396,0.96509796
2025-01-01 07:14:00,0.95291007,1.0536201,0.96710926,1.0539955,0.95661277,1.0300057,0.9531437,1.0415708,0.94220877,1.0341909,0.93805665,1.0220828,0.91696316,1.0061684,0.898478,1.007905,0.90260375,0.991156,0.86471033,0.98334676,0.8539322,0.96508366
2025-01-01 07:15:00,0.952921,1.0536337,0.96711856,1.0540061,0.95661855,1.0300122,0.95314497,1.0415729,0.94220454,1.0341882,0.9380482,1.0220758,0.91694975,1.0061573,0.89846164,1.0078914,0.90258545,0.9911405,0.86469084,0.9833323,0.8539139,0.96507066
2025-01-01 07:16:00,0.95293254,1.0536468,0.9671285,1.0540164,0.9566252,1.0300186,0.9531473,1.0415751,0.94220173,1.0341856,0.93804115,1.0220687,0.91693807,1.0061466,0.8984471,1.0078782,0.90256906,0.9911259,0.8646736,0.98331845,0.853898,0.96505857
2025-01-01 07:17:00,0.9529446,1.0536594,0.9671388,1.0540265,0.9566324,1.0300249,0.9531502,1.0415772,0.9421998,1.034183,0.93803495,1.022062,0.9169276,1.0061361,0.8984336,1.0078654,0.9025539,0.99111176,0.8646579,0.98330516,0.85388356,0.9650471
2025-01-01 07:18:00,0.9529568,1.053672,0.96714944,1.0540365,0.9566398,1.0300311,0.9531536,1.0415792,0.9421985,1.0341805,0.9380293,1.0220551,0.91691774,1.0061257,0.89842093,1.0078527,0.90253955,0.991098,0.8646431,0.9832921,0.85387015,0.96503603
2025-01-01 07:19:00,0.9529692,1.0536842,0.9671601,1.0540463,0.95664746,1.0300373,0.95315725,1.0415813,0.9421975,1.034178,0.938024,1.0220485,0.91690844,1.0061154,0.8984088,1.0078402,0.9025257,0.99108446,0.864629,0.9832793,0.85385734,0.96502525
2025-01-01 07:20:00,0.9529817,1.0536965,0.9671709,1.054056,0.95665514,1.0300435,0.95316094,1.0415832,0.9421967,1.0341755,0.93801886,1.0220417,0.9168994,1.0061053,0.89839685,1.0078278,0.9025122,0.99107105,0.8646152,0.98326665,0.853845,0.9650146
2025-01-01 07:21:00,0.95299435,1.0537087,0.96718174,1.0540657,0.95666295,1.0300496,0.95316476,1.041585,0.9421961,1.0341729,0.93801385,1.022035,0.91689044,1.0060952,0.8983851,1.0078154,0.9024989,0.99105775,0.8646018,0.9832541,0.853833,0.9650041
2025-01-01 07:22:00,0.95300704,1.0537208,0.96719265,1.0540752,0.95667076,1.0300556,0.95316863,1.0415869,0.9421954,1.0341703,0.9380089,1.0220282,0.9168817,1.006085,0.8983735,1.007803,0.9024857,0.9910445,0.86458856,0.98324156,0.8538212,0.9649937
2025-01-01 07:23:00,0.9530197,1.0537329,0.9672035,1.0540848,0.95667857,1.0300616,0.95317245,1.0415887,0.9421949,1.0341676,0.938004,1.0220214,0.91687286,1.0060749,0.8983619,1.0077907,0.9024726,0.99103135,0.86457545,0.98322916,0.85380954,0.9649834
2025-01-01 07:24:00,0.9530323,1.0537448,0.96721435,1.0540943,0.9566864,1.0300676,0.95317626,1.0415903,0.9421943,1.0341649,0.937999,1.0220146,0.91686416,1.0060647,0.89835036,1.0077783,0.90245956,0.99101824,0.8645624,0.9832167,0.853798,0.96497315
2025-01-01 07:25:00,0.953045,1.0537567,0.9672252,1.0541037,0.95669407,1.0300734,0.95318,1.041592,0.9421936,1.0341622,0.93799406,1.0220077,0.9168554,1.0060545,0.89833885,1.0077659,0.9024466,0.9910051,0.86454934,0.98320436,0.85378647,0.9649629
2025-01-01 07:26:00,0.95305765,1.0537686,0.96723604,1.0541131,0.9567018,1.0300792,0.9531838,1.0415936,0.942193,1.0341593,0.93798906,1.0220008,0.91684663,1.0060441,0.8983273,1.0077535,0.90243363,0.990992,0.8645364,0.983192,0.853775,0.96495277
2025-01-01 07:27:00,0.95307034,1.0537806,0.96724683,1.0541226,0.9567095,1.0300851,0.9531875,1.0415951,0.94219226,1.0341564,0.937984,1.0219938,0.9168378,1.0060339,0.8983158,1.0077411,0.90242064,0.9909789,0.8645235,0.98317975,0.8537636,0.9649427
2025-01-01 07:28:00,0.953083,1.0537925,0.9672576,1.0541319,0.9567172,1.0300908,0.95319116,1.0415965,0.94219154,1.0341535,0.9379789,1.0219867,0.91682905,1.0060236,0.8983042,1.0077287,0.9024077,0.9909658,0.86451054,0.98316747,0.85375226,0.9649326
2025-01-01 07:29:00,0.9530956,1.0538043,0.96726835,1.0541412,0.95672476,1.0300965,0.9531948,1.041598,0.9421907,1.0341505,0.93797386,1.0219796,0.91682017,1.0060133,0.89829266,1.0077163,0.9023948,0.9909527,0.8644977,0.9831552,0.85374093,0.9649226
2025-01-01 07:30:00,0.95099545,1.0540779,0.96515685,1.0539724,0.9542027,1.0295048,0.95023847,1.04084,0.9385227,1.0331805,0.93442154,1.0208004,0.9125632,1.0045666,0.8941405,1.006138,0.89800715,0.9888217,0.8595257,0.9812983,0.8487994,0.9628465
2025-01-01 07:31:00,0.94963473,1.0542598,0.96378815,1.0538657,0.95256597,1.0291221,0.948318,1.0403478,0.9361381,1.0325489,0.93211067,1.0200311,0.909793,1.0036227,0.8914375,1.0051076,0.89515066,0.987432,0.8562894,0.9800871,0.84558344,0.96149355
2025-01-01 07:32:00,0.9487547,1.0543822,0.9629021,1.0537996,0.9515047,1.0288752,0.9470709,1.0400281,0.9345877,1.0321372,0.9306067,1.0195287,0.9079892,1.0030054,0.88967645,1.0044336,0.8932894,0.98652416,0.85418135,0.9792956,0.84348917,0.9606107
2025-01-01 07:33:00,0.94818705,1.0544658,0.9623299,1.0537598,0.9508174,1.0287166,0.9462614,1.0398208,0.9335796,1.0318685,0.9296273,1.0191995,0.9068136,1.0026004,0.8885277,1.0039912,0.892075,0.9859294,0.8528066,0.9787768,0.842124,0.96003336
2025-01-01 07:34:00,0.9478225,1.0545243,0.9619617,1.053737,0.95037323,1.0286154,0.9457364,1.0396864,0.93292385,1.0316926,0.92898875,1.0189829,0.9060463,1.0023336,0.88777685,1.0036991,0.8912811,0.98553824,0.85190856,0.9784354,0.8412328,0.9596547
2025-01-01 07:35:00,0.9475899,1.0545664,0.961726,1.0537255,0.9500871,1.0285515,0.9453962,1.0395994,0.9324972,1.0315771,0.92857176,1.0188395,0.9055443,1.0021564,0.8872847,1.0035049,0.89076054,0.9852794,0.8513203,0.97820926,0.8406496,0.9594052
2025-01-01 07:36:00,0.94744307,1.0545979,0.96157646,1.0537211,0.94990355,1.0285116,0.94517624,1.039543,0.93221945,1.0315007,0.9282988,1.0187436,0.9052148,1.0020374,0.8869607,1.0033742,0.89041764,0.9851066,0.8509335,0.978058,0.8402667,0.9592396
2025-01-01 07:37:00,0.947352,1.0546222,0.9614829,1.0537213,0.9497868,1.0284877,0.94503427,1.0395068,0.9320384,1.0314498,0.9281193,1.0186787,0.90499735,1.0019565,0.8867459,1.0032848,0.8901901,0.98498964,0.8506776,0.97795546,0.8400139,0.9591286
2025-01-01 07:38:00,0.94729716,1.0546422,0.96142566,1.0537245,0.94971335,1.0284737,0.9449431,1.0394835,0.9319203,1.0314156,0.9280007,1.0186338,0.90485275,1.0019001,0.88660216,1.0032223,0.8900377,0.9849091,0.85050684,0.97788465,0.8398458,0.95905304
2025-01-01 07:39:00,0.94726586,1.0546592,0.9613921,1.0537298,0.9496681,1.0284666,0.9448848,1.0394686,0.931843,1.031392,0.92792153,1.018602,0.90475553,1.0018595,0.8865046,1.0031774,0.88993406,0.98485214,0.8503914,0.97783434,0.8397327,0.95900065
2025-01-01 07:40:00,0.9472499,1.0546743,0.96137387,1.0537362,0.9496411,1.0284637,0.94484794,1.0394592,0.9317922,1.0313754,0.9278681,1.0185786,0.904689,1.0018295,0.886437,1.0031437,0.8898621,0.9848106,0.8503119,0.9777975,0.83965534,0.9589632
2025-01-01 07:41:00,0.9472438,1.0546881,0.9613656,1.0537435,0.949626,1.0284635,0.944825,1.0394533,0.9317586,1.0313632,0.9278313,1.0185608,0.90464246,1.0018061,0.8863889,1.0031173,0.8898108,0.984779,0.8502558,0.9777693,0.8396012,0.95893556
2025-01-01 07:42:00,0.94724417,1.0547012,0.96136385,1.0537512,0.9496186,1.0284652,0.94481105,1.0394497,0.9317362,1.0313541,0.92780536,1.0185463,0.9046089,1.0017872,0.88635343,1.0030957,0.88977283,0.98475385,0.8502149,0.97774684,0.8395623,0.9589143
2025-01-01 07:43:00,0.94724876,1.0547136,0.96136624,1.0537592,0.94961613,1.0284679,0.9448029,1.0394475,0.93172103,1.0313467,0.9277864,1.0185343,0.90458375,1.0017711,0.8863262,1.0030773,0.8897436,0.984733,0.85018384,0.9777281,0.83953315,0.9588972
2025-01-01 07:44:00,0.9472561,1.0547256,0.96137136,1.0537674,0.94961697,1.0284714,0.9447986,1.0394464,0.93171054,1.0313405,0.927772,1.0185237,0.9045641,1.0017568,0.8863043,1.0030609,0.8897201,0.98471487,0.8501592,0.97771174,0.83951044,0.9588828
2025-01-01 07:45:00,0.9472651,1.0547376,0.9613782,1.0537758,0.9496199,1.0284752,0.9447966,1.0394456,0.9317031,1.031335,0.9277605,1.018514,0.904548,1.0017436,0.88628584,1.0030457,0.8897002,0.9846985,0.8501388,0.97769696,0.83949196,0.9588702
2025-01-01 07:46:00,0.9472753,1.0547491,0.9613862,1.0537843,0.94962406,1.0284795,0.9447963,1.0394453,0.9316976,1.0313301,0.9277508,1.018505,0.90453416,1.0017313,0.8862697,1.0030315,0.8896826,0.9846833,0.85012114,0.97768325,0.83947617,0.9588587
2025-01-01 07:47:00,0.9472862,1.0547607,0.9613949,1.0537927,0.9496292,1.0284837,0.944797,1.0394452,0.9316933,1.0313256,0.9277425,1.0184962,0.90452176,1.0017194,0.8862549,1.0030177,0.8896667,0.98466885,0.8501052,0.97767013,0.83946216,0.958848
2025-01-01 07:48:00,0.9472976,1.0547721,0.9614041,1.0538011,0.9496348,1.0284883,0.9447983,1.0394452,0.93168986,1.031321,0.9277348,1.0184877,0.9045103,1.0017078,0.8862411,1.0030042,0.8896517,0.9846549,0.85009044,0.9776575,0.83944935,0.9588378
2025-01-01 07:49:00,0.94730926,1.0547836,0.96141356,1.0538095,0.9496407,1.0284928,0.9447999,1.0394452,0.93168694,1.0313166,0.9277277,1.0184793,0.9044994,1.0016963,0.8862279,1.0029911,0.8896374,0.9846413,0.8500765,0.97764516,0.8394373,0.958828
2025-01-01 07:50:00,0.9473211,1.0547949,0.9614231,1.053818,0.94964683,1.0284972,0.9448018,1.0394453,0.93168426,1.0313123,0.92772084,1.018471,0.904489,1.0016851,0.88621503,1.0029781,0.8896236,0.98462784,0.850063,0.977633,0.83942574,0.95881844
2025-01-01 07:51:00,0.9473331,1.0548061,0.9614328,1.0538263,0.9496531,1.0285016,0.94480383,1.0394453,0.9316818,1.031308,0.92771417,1.0184628,0.9044787,1.0016738,0.88620245,1.0029651,0.88960993,0.9846146,0.85004985,0.9776211,0.83941454,0.958809
2025-01-01 07:52:00,0.94734514,1.0548173,0.9614426,1.0538347,0.94965935,1.028506,0.9448059,1.0394454,0.93167937,1.0313036,0.92770755,1.0184546,0.9044686,1.0016625,0.88619,1.0029521,0.88959646,0.98460144,0.8500369,0.9776092,0.83940357,0.9587997
2025-01-01 07:53:00,0.9473572,1.0548285,0.9614523,1.0538429,0.9496657,1.0285105,0.94480807,1.0394455,0.93167704,1.0312994,0.92770106,1.0184463,0.90445864,1.0016513,0.88617766,1.0029392,0.8895832,0.98458827,0.85002416,0.97759736,0.8393928,0.95879054
2025-01-01 07:54:00,0.9473693,1.0548397,0.96146214,1.0538512,0.94967204,1.0285149,0.94481015,1.0394455,0.9316747,1.031295,0.9276945,1.0184381,0.9044486,1.0016401,0.8861654,1.0029263,0.88956994,0.9845752,0.8500114,0.9775856,0.8393821,0.9587814
2025-01-01 07:55:00,0.9473814,1.0548508,0.96147186,1.0538594,0.9496783,1.0285192,0.94481224,1.0394454,0.93167233,1.0312905,0.927688,1.0184298,0.9044386,1.0016289,0.8861531,1.0029136,0.88955677,0.98456216,0.84999883,0.97757393,0.8393715,0.95877236
2025-01-01 07:56:00,0.9473935,1.0548619,0.96148163,1.0538676,0.94968456,1.0285234,0.9448143,1.0394453,0.93166995,1.031286,0.92768145,1.0184214,0.90442866,1.0016177,0.8861408,1.0029007,0.8895436,0.9845492,0.84998626,0.97756225,0.839361,0.9587634
2025-01-01 07:57:00,0.9474056,1.054873,0.96149135,1.0538757,0.9496908,1.0285276,0.94481635,1.0394452,0.9316675,1.0312815,0.9276749,1.0184131,0.90441865,1.0016063,0.8861285,1.0028878,0.8895305,0.98453623,0.84997374,0.9775507,0.8393505,0.9587545
2025-01-01 07:58:00,0.9474177,1.0548841,0.96150106,1.0538837,0.94969696,1.0285318,0.9448183,1.0394449,0.93166506,1.031277,0.9276683,1.0184046,0.90440863,1.0015951,0.88611627,1.002875,0.88951737,0.98452324,0.8499613,0.97753906,0.83934015,0.9587456
2025-01-01 07:59:00,0.9474297,1.054895,0.9615107,1.0538917,0.9497031,1.0285358,0.9448202,1.0394446,0.93166256,1.0312723,0.9276616,1.0183961,0.90439856,1.0015838,0.886104,1.0028621,0.88950425,0.9845103,0.8499488,0.9775275,0.8393298,0.9587368
2025-01-01 08:00:00,0.94446886,1.0544962,0.95849484,1.0530375,0.94625103,1.0272937,0.9409374,1.0379906,0.9270835,1.0296428,0.9232444,1.0165503,0.89927226,0.9995393,0.8811909,1.0006832,0.8843336,0.9818279,0.84427327,0.97512555,0.8337507,0.9561976
2025-01-01 08:01:00,0.9425485,1.0542407,0.9565379,1.0524851,0.9440092,1.0264877,0.93841416,1.0370454,0.9241061,1.028582,0.9203708,1.0153475,0.8959366,0.99820644,0.877993,0.99926233,0.8809681,0.9800798,0.8405798,0.9735603,0.8301208,0.95454407
2025-01-01 08:02:00,0.94130445,1.0540786,0.95526916,1.0521287,0.94255406,1.0259651,0.9367747,1.0364307,0.92216986,1.0278908,0.91850054,1.0145626,0.8937648,0.99733603,0.87591004,0.9983342,0.8787759,0.97893906,0.8381747,0.9725389,0.8277578,0.9534663
2025-01-01 08:03:00,0.9405,1.0539769,0.95444775,1.0518997,0.9416103,1.0256267,0.9357095,1.036031,0.9209103,1.0274397,0.9172825,1.0140493,0.8923496,0.99676627,0.87455183,0.99772644,0.8773464,0.978193,0.83660716,0.97187096,0.8262183,0.9527627
2025-01-01 08:04:00,0.9399813,1.0539145,0.9539171,1.0517536,0.94099885,1.025408,0.9350177,1.0357709,0.92009056,1.0271448,0.9164883,1.0137128,0.89142615,0.9963919,0.8736646,0.99732685,0.87641263,0.9777035,0.8355839,0.9714328,0.82521415,0.9523024
2025-01-01 08:05:00,0.9396483,1.0538778,0.9535755,1.0516614,0.94060344,1.0252672,0.9345686,1.0356015,0.91955674,1.0269513,0.91596955,1.0134908,0.89082223,0.9961445,0.8730836,0.99706256,0.8758011,0.97738093,0.8349145,0.9711441,0.82455784,0.9520002
2025-01-01 08:06:00,0.93943596,1.0538577,0.95335674,1.0516039,0.9403484,1.025177,0.9342771,1.0354913,0.9192087,1.0268238,0.9156299,1.0133435,0.89042604,0.9959796,0.8727016,0.99688625,0.875399,0.9771667,0.8344751,0.9709524,0.82412773,0.9518008
2025-01-01 08:07:00,0.9393021,1.0538484,0.9532177,1.0515692,0.9401846,1.0251197,0.9340882,1.0354192,0.9189814,1.0267391,0.9154067,1.0132445,0.8901649,0.9958684,0.8724489,0.99676716,0.8751331,0.9770229,0.8341852,0.9708239,0.82384473,0.9516683
2025-01-01 08:08:00,0.9392192,1.053846,0.9531306,1.0515494,0.94008005,1.0250835,0.9339658,1.035372,0.9188326,1.0266823,0.91525906,1.0131772,0.8899915,0.99579203,0.8722803,0.99668515,0.87495565,0.97692496,0.8339924,0.97073644,0.8236573,0.9515792
2025-01-01 08:09:00,0.93916947,1.0538481,0.95307726,1.0515391,0.94001406,1.0250612,0.93388665,1.0353411,0.9187348,1.0266434,0.91516054,1.0131302,0.8898752,0.9957383,0.87216634,0.99662733,0.8748357,0.9768569,0.83386284,0.9706756,0.8235319,0.9515184
2025-01-01 08:10:00,0.9391412,1.0538534,0.95304567,1.051535,0.93997306,1.0250479,0.9338357,1.0353206,0.91867,1.0266162,0.91509396,1.0130965,0.8897959,0.99569935,0.87208784,0.9965852,0.8747532,0.9768081,0.8337744,0.9706322,0.823447,0.951476
2025-01-01 08:11:00,0.93912697,1.0538604,0.9530284,1.051535,0.9399484,1.0250405,0.93380296,1.0353069,0.9186268,1.0265968,0.9150481,1.0130714,0.88974065,0.9956699,0.8720324,0.99655324,0.87469494,0.9767719,0.8337127,0.9706,0.82338834,0.9514456
2025-01-01 08:12:00,0.9391218,1.0538687,0.9530203,1.0515375,0.9399342,1.0250367,0.93378204,1.0352978,0.9185975,1.0265821,0.91501576,1.0130519,0.88970107,0.99564666,0.87199205,0.9965279,0.8746525,0.9767439,0.8336683,0.9705753,0.82334685,0.9514229
2025-01-01 08:13:00,0.93912256,1.0538776,0.9530182,1.0515417,0.9399268,1.0250355,0.9337688,1.0352912,0.91857725,1.0265708,0.91499215,1.013036,0.8896716,0.9956274,0.87196136,0.9965069,0.8746204,0.97672117,0.8336352,0.9705553,0.82331645,0.95140535
2025-01-01 08:14:00,0.9391271,1.0538872,0.95302,1.0515469,0.9399239,1.0250357,0.9337605,1.0352867,0.91856295,1.0265615,0.91497415,1.0130225,0.8896488,0.99561083,0.8719371,0.99648875,0.87459487,0.976702,0.83360946,0.97053844,0.8232932,0.9513911
2025-01-01 08:15:00,0.9391341,1.0538971,0.95302427,1.0515528,0.93992376,1.025037,0.93375546,1.0352832,0.9185524,1.0265534,0.9149598,1.0130105,0.8896302,0.99559593,0.8719169,0.9964723,0.8745737,0.976685,0.8335885,0.9705236,0.8232748,0.95137894
2025-01-01 08:16:00,0.9391427,1.053907,0.95303017,1.0515592,0.9399255,1.025039,0.9337525,1.0352803,0.9185443,1.0265462,0.91494787,1.0129995,0.8896143,0.99558204,0.8718993,0.9964571,0.8745554,0.97666955,0.8335706,0.97051007,0.8232594,0.95136833
2025-01-01 08:17:00,0.93915236,1.0539173,0.9530371,1.0515658,0.9399285,1.0250412,0.93375087,1.0352781,0.91853774,1.0265396,0.91493744,1.012989,0.8896002,0.99556893,0.87188345,0.9964426,0.8745389,0.976655,0.8335548,0.9704975,0.823246,0.9513586
2025-01-01 08:18:00,0.9391627,1.0539275,0.95304465,1.0515726,0.9399321,1.0250436,0.93375003,1.035276,0.91853225,1.0265332,0.91492796,1.012979,0.88958734,0.9955562,0.8718688,0.99642867,0.87452364,0.9766411,0.8335403,0.97048545,0.823234,0.95134956
2025-01-01 08:19:00,0.9391734,1.0539378,0.95305264,1.0515794,0.9399363,1.0250462,0.93374974,1.0352743,0.91852736,1.026527,0.91491914,1.0129693,0.8895752,0.99554384,0.8718548,0.996415,0.8745091,0.9766276,0.83352673,0.9704738,0.8232229,0.95134085
2025-01-01 08:20:00,0.9391844,1.0539479,0.9530609,1.0515863,0.9399407,1.025049,0.93374974,1.0352726,0.91852283,1.0265211,0.9149107,1.0129595,0.8895635,0.99553156,0.87184125,0.99640155,0.8744951,0.9766144,0.83351374,0.9704625,0.82321227,0.95133245
2025-01-01 08:21:00,0.9391956,1.0539582,0.9530693,1.0515931,0.9399453,1.0250517,0.93375,1.0352708,0.9185186,1.026515,0.91490245,1.0129498,0.8895521,0.99551946,0.87182796,0.99638826,0.87448144,0.9766014,0.8335011,0.9704513,0.8232021,0.95132434
2025-01-01 08:22:00,0.93920684,1.0539684,0.9530778,1.0516,0.93995,1.0250545,0.9337503,1.035269,0.91851443,1.026509,0.91489434,1.0129403,0.88954085,0.9955073,0.87181497,0.996375,0.87446797,0.97658855,0.8334887,0.9704402,0.8231922,0.9513163
2025-01-01 08:23:00,0.93921816,1.0539787,0.9530863,1.0516068,0.9399547,1.0250572,0.9337506,1.0352672,0.9185104,1.026503,0.9148863,1.0129308,0.88952976,0.99549526,0.87180203,0.99636185,0.8744546,0.97657573,0.8334765,0.97042924,0.82318246,0.9513084
2025-01-01 08:24:00,0.9392294,1.0539888,0.95309484,1.0516137,0.9399594,1.0250599,0.93375105,1.0352656,0.9185063,1.026497,0.91487837,1.0129212,0.8895187,0.9954832,0.87178916,0.9963487,0.8744414,0.976563,0.8334644,0.9704184,0.82317287,0.9513007
2025-01-01 08:25:00,0.9392408,1.053999,0.95310336,1.0516205,0.9399642,1.0250626,0.9337514,1.0352638,0.9185023,1.026491,0.9148704,1.0129117,0.88950765,0.9954712,0.8717763,0.99633557,0.8744282,0.9765502,0.83345234,0.97040755,0.8231634,0.95129293
2025-01-01 08:26:00,0.9392521,1.0540091,0.9531118,1.0516272,0.9399688,1.0250652,0.93375176,1.035262,0.9184982,1.026485,0.9148624,1.012902,0.8894966,0.99545914,0.8717635,0.9963225,0.8744151,0.9765375,0.8334404,0.97039676,0.82315403,0.95128524
2025-01-01 08:27:00,0.93926346,1.0540191,0.95312035,1.0516338,0.93997353,1.0250677,0.933752,1.0352601,0.9184941,1.0264789,0.91485435,1.0128925,0.88948554,0.9954471,0.8717507,0.9963094,0.874402,0.97652495,0.83342856,0.970386,0.8231447,0.9512777
2025-01-01 08:28:00,0.9392747,1.0540292,0.9531288,1.0516405,0.9399781,1.0250702,0.9337523,1.035258,0.91849,1.0264727,0.9148463,1.0128828,0.8894745,0.99543506,0.87173796,0.99629635,0.87438893,0.9765123,0.8334167,0.97037536,0.82313544,0.9512701
2025-01-01 08:29:00,0.93928605,1.0540391,0.9531372,1.0516471,0.9399827,1.0250726,0.9337525,1.0352561,0.9184858,1.0264665,0.91483825,1.012873,0.8894635,0.99542296,0.8717252,0.99628323,0.87437594,0.97649974,0.8334049,0.9703647,0.82312626,0.95126265
2025-01-01 08:30:00,0.9355172,1.0529757,0.9492706,1.0501227,0.93566215,1.0232023,0.92901254,1.0331317,0.9130775,1.0242068,0.9096348,1.0103934,0.8835592,0.99281716,0.86613876,0.99354225,0.86851436,0.97331357,0.82712704,0.9674609,0.81700927,0.94830567
2025-01-01 08:31:00,0.93307143,1.0522878,0.9467602,1.0491341,0.9328553,1.0219874,0.9259316,1.0317501,0.90956056,1.0227356,0.9062497,1.008778,0.8797175,0.9911191,0.8625031,0.991756,0.8646997,0.97123814,0.8230423,0.96556973,0.81303006,0.9463811
2025-01-01 08:32:00,0.93148553,1.0518441,0.9451313,1.0484937,0.93103236,1.0211985,0.9239289,1.0308514,0.90727293,1.021777,0.9040464,1.0077246,0.8772165,0.9900111,0.86013544,0.9905904,0.8622157,0.96988475,0.8203831,0.96433675,0.8104404,0.9451275
2025-01-01 08:33:00,0.93045866,1.0515591,0.94407535,1.0480797,0.92984897,1.0206864,0.9226271,1.0302664,0.9057844,1.0211518,0.90261143,1.0070364,0.8755869,0.98928666,0.858592,0.9898281,0.86059654,0.9690007,0.81865054,0.9635317,0.808754,0.9443102
2025-01-01 08:34:00,0.92979497,1.0513773,0.9433918,1.0478128,0.9290812,1.0203543,0.9217809,1.0298852,0.9048153,1.020743,0.90167576,1.0065857,0.87452376,0.98881143,0.85758424,0.9893281,0.85953957,0.9684217,0.8175203,0.96300477,0.80765474,0.9437764
2025-01-01 08:35:00,0.92936754,1.0512625,0.94295037,1.0476415,0.9285837,1.0201391,0.9212308,1.0296366,0.9041838,1.0204751,0.9010646,1.0062892,0.8738287,0.98849833,0.8569247,0.9889985,0.858848,0.968041,0.81678164,0.9626586,0.8069371,0.94342697
2025-01-01 08:36:00,0.92909354,1.0511912,0.94266623,1.0475323,0.92826164,1.0199999,0.9208731,1.0294741,0.90377164,1.0202986,0.9006643,1.006093,0.873373,0.9882904,0.85649145,0.9887796,0.85839397,0.9677891,0.8162975,0.96243,0.80646753,0.94319737
2025-01-01 08:37:00,0.92891926,1.0511483,0.9424843,1.0474634,0.92805374,1.0199101,0.92064047,1.0293676,0.9035021,1.0201814,0.90040123,1.0059619,0.8730728,0.9881511,0.85620534,0.98863274,0.8580943,0.96762115,0.8159787,0.96227777,0.80615926,0.9430457
2025-01-01 08:38:00,0.92880976,1.0511237,0.9423688,1.0474209,0.92792004,1.0198524,0.92048913,1.0292975,0.90332526,1.020103,0.9002272,1.0058731,0.8728737,0.9880562,0.85601485,0.9885327,0.85789496,0.9675076,0.81576747,0.9621752,0.80595577,0.94294465
2025-01-01 08:39:00,0.92874247,1.0511111,0.94229656,1.0473952,0.9278345,1.0198153,0.9203906,1.0292509,0.9032086,1.0200496,0.9001111,1.0058119,0.87274027,0.98799014,0.8558865,0.9884631,0.85776085,0.96742946,0.8156262,0.962105,0.8058205,0.9428765
2025-01-01 08:40:00,0.9287025,1.0511062,0.94225234,1.0473806,0.9277802,1.0197921,0.92032635,1.0292197,0.9031311,1.0200125,0.9000326,1.0057685,0.87264955,0.98794293,0.85579854,0.98841333,0.8576692,0.9673743,0.81553036,0.9620558,0.8057295,0.94282985
2025-01-01 08:41:00,0.9286803,1.0511063,0.9422263,1.0473732,0.9277463,1.0197773,0.9202844,1.0291985,0.9030791,1.0199859,0.8999785,1.0057368,0.8725866,0.9879079,0.8557369,0.9883764,0.85760504,0.96733415,0.8154641,0.9620202,0.80566734,0.9427971
2025-01-01 08:42:00,0.92866975,1.0511098,0.94221205,1.0473704,0.92772555,1.0197684,0.9202569,1.0291837,0.90304345,1.0199664,0.89994025,1.0057125,0.87254167,0.98788077,0.85569227,0.98834777,0.8575589,0.96730375,0.815417,0.9619936,0.80562395,0.9427735
2025-01-01 08:43:00,0.92866665,1.0511153,0.9422055,1.0473706,0.9277134,1.0197631,0.9202388,1.029173,0.90301853,1.0199511,0.8999124,1.0056932,0.8725084,0.98785883,0.85565877,0.9883246,0.85752434,0.9672797,0.81538236,0.9619727,0.8055928,0.9427558
2025-01-01 08:44:00,0.9286684,1.0511221,0.94220394,1.0473727,0.9277068,1.0197601,0.9202268,1.0291651,0.9030006,1.0199387,0.8998912,1.0056769,0.8724827,0.9878402,0.8556324,0.9883049,0.8574974,0.9672597,0.8153559,0.9619556,0.8055695,0.94274193
2025-01-01 08:45:00,0.92867327,1.0511298,0.94220555,1.0473762,0.9277038,1.0197588,0.9202187,1.0291588,0.9029871,1.0199282,0.8998743,1.0056628,0.87246203,0.9878237,0.8556108,0.9882875,0.85747534,0.9672424,0.8153348,0.961941,0.80555147,0.9427306
2025-01-01 08:46:00,0.9286802,1.051138,0.94220924,1.0473803,0.927703,1.0197585,0.9202131,1.0291537,0.9029766,1.0199189,0.8998602,1.0056499,0.8724445,0.98780864,0.8555922,0.9882716,0.8574565,0.9672269,0.81531703,0.961928,0.8055368,0.94272095
2025-01-01 08:47:00,0.9286884,1.0511466,0.9422143,1.0473851,0.92770374,1.0197586,0.92020917,1.0291493,0.9029678,1.0199102,0.8998479,1.0056379,0.8724291,0.98779446,0.8555755,0.9882567,0.85743976,0.9672126,0.81530166,0.9619161,0.8055243,0.94271237
2025-01-01 08:48:00,0.92869747,1.0511553,0.94222015,1.04739,0.92770547,1.0197592,0.92020625,1.0291454,0.9029603,1.0199021,0.89983684,1.0056264,0.8724149,0.98778087,0.8555602,0.9882424,0.85742444,0.96719897,0.8152877,0.9619049,0.80551326,0.94270456
2025-01-01 08:49:00,0.92870706,1.0511644,0.9422266,1.0473951,0.92770773,1.0197599,0.920204,1.0291417,0.9029536,1.0198944,0.8998264,1.0056154,0.8724016,0.9877677,0.85554564,0.98822856,0.85740995,0.96718585,0.8152747,0.96189415,0.80550325,0.9426972
2025-01-01 08:50:00,0.92871696,1.0511733,0.9422333,1.0474005,0.9277104,1.0197607,0.9202022,1.0291381,0.90294737,1.0198866,0.89981645,1.0056044,0.8723889,0.9877547,0.85553163,0.98821497,0.85739607,0.96717316,0.8152624,0.9618837,0.80549383,0.9426902
2025-01-01 08:51:00,0.92872715,1.0511823,0.94224024,1.0474057,0.9277132,1.0197617,0.9202006,1.0291346,0.90294135,1.0198791,0.89980686,1.0055937,0.8723765,0.9877419,0.855518,0.98820156,0.85738254,0.9671606,0.8152504,0.9618735,0.80548483,0.9426834
2025-01-01 08:52:00,0.9287374,1.0511912,0.94224733,1.047411,0.9277162,1.0197626,0.92019916,1.0291313,0.90293556,1.0198717,0.8997974,1.0055829,0.87236434,0.9877292,0.8555046,0.9881882,0.8573693,0.9671482,0.8152388,0.96186346,0.8054761,0.9426768
2025-01-01 08:53:00,0.9287478,1.0512003,0.9422545,1.0474162,0.92771924,1.0197636,0.9201978,1.0291278,0.90292984,1.0198642,0.899788,1.0055723,0.8723523,0.9877165,0.8554912,0.98817503,0.8573562,0.9671359,0.8152274,0.96185356,0.80546767,0.94267035
2025-01-01 08:54:00,0.9287581,1.0512093,0.9422616,1.0474216,0.9277223,1.0197647,0.92019635,1.0291243,0.9029241,1.0198566,0.89977866,1.0055616,0.8723404,0.98770386,0.85547805,0.98816186,0.8573432,0.9671236,0.81521606,0.9618437,0.8054594,0.94266397
2025-01-01 08:55:00,0.9287685,1.0512183,0.9422687,1.0474268,0.9277254,1.0197656,0.920195,1.0291208,0.90291846,1.0198492,0.89976937,1.0055509,0.8723285,0.9876912,0.8554649,0.9881487,0.8573303,0.9671115,0.81520486,0.96183395,0.80545115,0.9426577
2025-01-01 08:56:00,0.9287789,1.0512272,0.9422759,1.047432,0.9277284,1.0197664,0.9201936,1.0291172,0.9029128,1.0198416,0.89976007,1.0055403,0.8723166,0.9876786,0.8554518,0.9881356,0.8573175,0.96709937,0.8151938,0.9618242,0.80544305,0.94265145
2025-01-01 08:57:00,0.9287892,1.051236,0.9422829,1.0474372,0.9277314,1.0197673,0.9201921,1.0291138,0.9029071,1.019834,0.89975077,1.0055295,0.87230474,0.98766595,0.8554387,0.98812246,0.8573047,0.9670873,0.8151827,0.9618146,0.805435,0.9426454
2025-01-01 08:58:00,0.9287995,1.051245,0.94229,1.0474423,0.9277344,1.0197681,0.9201907,1.0291101,0.9029014,1.0198264,0.8997414,1.0055188,0.8722928,0.9876533,0.85542566,0.9881094,0.85729194,0.9670753,0.81517166,0.961805,0.805427,0.9426393
2025-01-01 08:59:00,0.9288098,1.0512537,0.94229704,1.0474473,0.92773736,1.0197688,0.9201892,1.0291064,0.9028956,1.0198188,0.8997321,1.0055081,0.87228096,0.9876407,0.8554126,0.98809636,0.8572792,0.9670633,0.81516075,0.9617954,0.8054191,0.9426333
2025-01-01 09:00:00,0.92430055,1.0495442,0.93764883,1.0452801,0.92262536,1.0173037,0.91467655,1.0263501,0.8967545,1.0169687,0.89383525,1.0024388,0.8657042,0.98451984,0.8492525,0.9848423,0.85083145,0.96343017,0.80839247,0.9584413,0.79887336,0.9393111
2025-01-01 09:01:00,0.92137307,1.048436,0.93462986,1.0438731,0.91930354,1.0157015,0.9110927,1.0245572,0.89276063,1.0151135,0.88999903,1.00044,0.8614251,0.98248684,0.84524393,0.98272264,0.84663594,0.96106446,0.8039893,0.9562579,0.794616,0.9371496
2025-01-01 09:02:00,0.9194737,1.0477186,0.9326699,1.0429602,0.91714525,1.0146604,0.9087626,1.0233905,0.8901625,1.0139049,0.88750213,0.999137,0.8586394,0.98116094,0.8426338,0.9813403,0.84390444,0.9595226,0.8011235,0.9548353,0.791846,0.9357426
2025-01-01 09:03:00,0.91824263,1.0472555,0.93139833,1.0423685,0.91574335,1.0139836,0.90724736,1.0226307,0.88847166,1.0131165,0.88587576,0.9982862,0.8568246,0.98029464,0.8409326,0.9804372,0.8421246,0.95851624,0.7992569,0.95390743,0.7900428,0.934826
2025-01-01 09:04:00,0.91744596,1.0469574,0.9305741,1.0419855,0.91483295,1.0135437,0.9062618,1.0221354,0.88737047,1.0126011,0.8848153,0.9977293,0.8556407,0.979727,0.8398223,0.97984564,0.84096324,0.95785797,0.7980399,0.953301,0.78886807,0.9342283
2025-01-01 09:05:00,0.9169317,1.0467665,0.93004066,1.0417383,0.9142421,1.0132581,0.9056205,1.021812,0.8866526,1.0122635,0.88412255,0.99736357,0.8548669,0.9793537,0.83909595,0.9794566,0.84020394,0.95742595,0.79724514,0.95290357,0.78810185,0.93383783
2025-01-01 09:06:00,0.9166009,1.0466455,0.9296963,1.0415791,0.91385883,1.0130724,0.905203,1.0216004,0.88618374,1.0120412,0.8836689,0.9971219,0.85435975,0.97910655,0.8386193,0.9791991,0.839706,0.957141,0.79672474,0.952642,0.78760123,0.93358207
2025-01-01 09:07:00,0.91638935,1.0465697,0.9294747,1.0414772,0.9136106,1.0129519,0.90493095,1.0214614,0.88587683,1.0118937,0.88337064,0.99696094,0.8540259,0.97894144,0.8383048,0.97902715,0.83937794,0.9569517,0.7963828,0.9524689,0.78727317,0.93341386
2025-01-01 09:08:00,0.9162553,1.0465233,0.929333,1.0414125,0.91345006,1.0128734,0.9047533,1.0213695,0.88567513,1.0117952,0.8831733,0.9968524,0.85380465,0.9788296,0.8380959,0.97891086,0.83916026,0.95682454,0.7961569,0.95235306,0.7870574,0.93330264
2025-01-01 09:09:00,0.91617167,1.046496,0.9292431,1.0413721,0.91334647,1.0128226,0.9046371,1.0213082,0.88554174,1.0117282,0.8830416,0.99677795,0.8536566,0.97875243,0.8379555,0.9788307,0.8390144,0.95673776,0.7960063,0.9522747,0.7869145,0.93322843
2025-01-01 09:10:00,0.91612077,1.0464813,0.92918694,1.0413473,0.91327995,1.0127894,0.9045608,1.0212668,0.8854528,1.0116817,0.8829526,0.9967257,0.85355604,0.9786978,0.8378597,0.9787741,0.8389152,0.95667726,0.79590476,0.95222056,0.7868191,0.93317837
2025-01-01 09:11:00,0.916091,1.0464745,0.9291526,1.0413326,0.91323745,1.0127679,0.9045104,1.0212384,0.8853928,1.0116485,0.88289124,0.99668777,0.8534864,0.97865784,0.83779275,0.9787327,0.8388464,0.95663387,0.7958351,0.9521822,0.78675455,0.9331439
2025-01-01 09:12:00,0.91607517,1.0464729,0.9291325,1.0413246,0.9132106,1.0127538,0.9044768,1.0212184,0.8853514,1.0116242,0.88284785,0.99665916,0.85343695,0.97862726,0.83774465,0.9787013,0.8387972,0.9566016,0.79578614,0.95215416,0.7867101,0.9331198
2025-01-01 09:13:00,0.9160683,1.0464748,0.9291216,1.0413209,0.9131938,1.0127447,0.9044541,1.0212039,0.88532233,1.0116054,0.8828162,0.9966366,0.85340047,0.97860295,0.83770883,0.9786763,0.838761,0.9565765,0.7957507,0.95213276,0.7866787,0.9331022
2025-01-01 09:14:00,0.9160672,1.0464787,0.92911667,1.04132,0.9131836,1.0127386,0.90443856,1.0211927,0.88530105,1.0115902,0.8827922,0.9966181,0.85337245,0.9785827,0.83768094,0.9786555,0.838733,0.9565562,0.795724,0.9521158,0.7866557,0.93308896
2025-01-01 09:15:00,0.9160698,1.0464842,0.92911565,1.0413208,0.91317767,1.0127345,0.90442747,1.0211838,0.8852849,1.0115775,0.882773,0.99660206,0.85335,0.9785649,0.8376583,0.97863746,0.8387105,0.9565389,0.79570305,0.95210165,0.7866384,0.9330786
2025-01-01 09:16:00,0.91607493,1.0464906,0.92911714,1.0413226,0.9131744,1.0127318,0.9044194,1.0211765,0.885272,1.011566,0.882757,0.99658763,0.8533311,0.9785489,0.8376389,0.97862124,0.8386915,0.95652366,0.79568577,0.9520894,0.78662467,0.93307006
2025-01-01 09:17:00,0.9160816,1.0464975,0.92912024,1.0413253,0.9131729,1.0127299,0.9044133,1.02117,0.8852613,1.0115557,0.8827431,0.9965743,0.8533144,0.978534,0.83762175,0.9786061,0.83867484,0.9565097,0.795671,0.9520784,0.78661335,0.9330628
2025-01-01 09:18:00,0.91608924,1.0465047,0.9291243,1.0413283,0.9131726,1.0127285,0.90440834,1.0211642,0.885252,1.011546,0.8827305,0.99656165,0.8532993,0.9785198,0.837606,0.9785918,0.83865964,0.95649666,0.79565775,0.95206815,0.7866035,0.93305635
2025-01-01 09:19:00,0.9160975,1.0465121,0.929129,1.0413318,0.91317296,1.0127273,0.90440416,1.0211586,0.8852435,1.0115366,0.8827187,0.9965494,0.85328513,0.97850597,0.8375912,0.978578,0.83864546,0.95648414,0.79564565,0.9520585,0.7865947,0.93305045
2025-01-01 09:20:00,0.9161062,1.0465196,0.92913413,1.0413353,0.9131738,1.0127264,0.90440047,1.0211533,0.88523555,1.0115275,0.8827075,0.99653745,0.8532716,0.97849256,0.8375769,0.97856444,0.8386319,0.95647204,0.79563415,0.9520492,0.7865866,0.93304497
2025-01-01 09:21:00,0.91611516,1.0465273,0.92913955,1.0413389,0.9131749,1.0127257,0.90439713,1.0211481,0.885228,1.0115185,0.88269657,0.99652565,0.8532585,0.97847927,0.8375631,0.9785512,0.83861876,0.9564602,0.7956232,0.95204014,0.78657895,0.93303967
2025-01-01 09:22:00,0.9161243,1.0465349,0.92914504,1.0413426,0.9131761,1.0127249,0.9043939,1.0211428,0.8852206,1.0115095,0.8826859,0.99651396,0.8532457,0.9784661,0.8375495,0.97853804,0.83860594,0.95644844,0.7956125,0.95203125,0.7865717,0.9330346
2025-01-01 09:23:00,0.91613346,1.0465425,0.92915064,1.0413463,0.91317743,1.012724,0.90439075,1.0211378,0.8852133,1.0115007,0.88267535,0.9965023,0.8532329,0.978453,0.8375361,0.978525,0.83859336,0.9564369,0.795602,0.95202255,0.7865645,0.93302965
2025-01-01 09:24:00,0.9161427,1.0465502,0.9291563,1.0413499,0.9131788,1.0127232,0.90438765,1.0211326,0.88520616,1.0114918,0.88266486,0.99649066,0.8532202,0.9784399,0.83752286,0.9785119,0.83858085,0.9564254,0.7955918,0.9520139,0.7865576,0.9330248
2025-01-01 09:25:00,0.91615194,1.0465578,0.9291619,1.0413535,0.9131801,1.0127225,0.90438455,1.0211276,0.885199,1.011483,0.8826544,0.99647903,0.8532077,0.9784269,0.83750963,0.978499,0.83856845,0.95641404,0.7955816,0.9520053,0.7865508,0.9330201
2025-01-01 09:26:00,0.9161612,1.0465654,0.9291675,1.041357,0.9131815,1.0127217,0.90438145,1.0211225,0.8851918,1.0114741,0.882644,0.9964674,0.8531952,0.9784139,0.83749646,0.97848606,0.8385561,0.95640266,0.7955715,0.95199686,0.78654414,0.9330154
2025-01-01 09:27:00,0.91617036,1.0465729,0.92917305,1.0413606,0.9131828,1.0127208,0.90437835,1.0211172,0.88518465,1.0114652,0.8826335,0.9964558,0.8531827,0.9784009,0.8374833,0.97847325,0.8385438,0.9563914,0.79556143,0.95198846,0.7865375,0.9330109
2025-01-01 09:28:00,0.9161796,1.0465804,0.92917866,1.0413641,0.91318405,1.0127199,0.9043752,1.021112,0.8851774,1.0114563,0.882623,0.99644417,0.8531701,0.9783879,0.8374701,0.9784604,0.8385315,0.9563802,0.7955514,0.9519801,0.786531,0.9330064
2025-01-01 09:29:00,0.9161888,1.0465878,0.92918414,1.0413675,0.9131853,1.0127189,0.90437204,1.0211067,0.8851701,1.0114473,0.8826125,0.9964325,0.8531576,0.97837496,0.837457,0.97844756,0.83851933,0.956369,0.7955415,0.9519718,0.7865245,0.93300194
2025-01-01 09:30:00,0.91101927,1.0442628,0.92383736,1.038596,0.9073732,1.0097029,0.89818513,1.0177674,0.87840587,1.0080581,0.87612766,0.99282837,0.8460256,0.974795,0.8308334,0.9747388,0.8316003,0.952354,0.7884038,0.9482274,0.7796667,0.929374
2025-01-01 09:31:00,0.9076622,1.042754,0.9203638,1.0367956,0.9035957,1.0077422,0.89416254,1.015595,0.8740065,1.005852,0.8719088,0.9904816,0.8413854,0.9724635,0.8265234,0.97232354,0.8270987,0.9497404,0.78376085,0.9457907,0.77520704,0.9270144
2025-01-01 09:32:00,0.9054833,1.0417758,0.9181078,1.0356264,0.9011406,1.0064672,0.8915466,1.0141809,0.8711443,1.0044147,0.8691628,0.9889521,0.8383649,0.97094345,0.82371736,0.97074914,0.8241685,0.9480377,0.78073955,0.94420403,0.772306,0.9254792
2025-01-01 09:33:00,0.90407014,1.0411426,0.91664326,1.0348676,0.89954513,1.0056381,0.889845,1.0132598,0.86928123,1.0034773,0.8673741,0.9879538,0.83639723,0.96995085,0.82188886,0.9697214,0.82225966,0.9469271,0.7787723,0.9431699,0.77041817,0.92447984
2025-01-01 09:34:00,0.9031547,1.0407335,0.9156931,1.0343755,0.89850837,1.0050986,0.8887377,1.0126591,0.86806756,1.0028646,0.8662077,0.9873007,0.8351137,0.9693011,0.82069576,0.9690488,0.82101464,0.9462013,0.7774902,0.94249487,0.76918894,0.92382884
2025-01-01 09:35:00,0.90256274,1.04047,0.91507727,1.0340567,0.8978347,1.0047475,0.8880167,1.0122666,0.867276,1.0024632,0.86544585,0.9868721,0.83427507,0.9688742,0.8199157,0.9686072,0.82020116,0.94572574,0.7766535,0.9420534,0.76838785,0.9234043
2025-01-01 09:36:00,0.902181,1.0403012,0.91467875,1.0338503,0.8973971,1.0045187,0.8875468,1.0120096,0.8667588,1.002199,0.86494684,0.9865893,0.8337255,0.96859217,0.819404,0.9683157,0.81966823,0.94541276,0.77610636,0.94176364,0.767865,0.9231269
2025-01-01 09:37:00,0.901936,1.0401939,0.9144215,1.0337173,0.8971129,1.0043695,0.88724005,1.0118405,0.86642,1.002024,0.8646187,0.9864013,0.8333639,0.96840423,0.8190669,0.9681218,0.81931764,0.9452055,0.77574736,0.9415725,0.76752305,0.92294526
2025-01-01 09:38:00,0.9017798,1.0401267,0.914256,1.0336318,0.89692837,1.0042719,0.8870393,1.0117285,0.866197,1.001907,0.86440164,0.986275,0.8331244,0.9682775,0.8188431,0.9679913,0.8190856,0.945067,0.7755106,0.9414456,0.7672987,0.9228259
2025-01-01 09:39:00,0.90168124,1.0400853,0.91415006,1.0335772,0.8968087,1.0042078,0.88690746,1.0116535,0.86604935,1.0018276,0.86425674,0.9861887,0.8329643,0.9681906,0.81869316,0.96790206,0.81893057,0.9449732,0.7753535,0.94136035,0.7671508,0.9227469
2025-01-01 09:40:00,0.9016202,1.0400608,0.91408294,1.0335426,0.896731,1.0041656,0.88682044,1.0116028,0.86595064,1.0017726,0.86415875,0.9861284,0.83285576,0.9681295,0.8185911,0.9678396,0.81882566,0.9449084,0.77524805,0.94130224,0.7670527,0.9226943
2025-01-01 09:41:00,0.90158355,1.0400473,0.914041,1.033521,0.8966807,1.0041376,0.8867625,1.0115676,0.8658837,1.0017335,0.8640912,0.98608506,0.8327808,0.9680852,0.8185202,0.9677946,0.81875324,0.94486254,0.7751763,0.9412618,0.7669869,0.9226588
2025-01-01 09:42:00,0.90156275,1.0400409,0.91401535,1.0335081,0.8966481,1.0041187,0.8867234,1.0115427,0.8658374,1.0017048,0.8640435,0.98605263,0.83272755,0.9680519,0.8184695,0.9677609,0.8187021,0.9448289,0.77512634,0.94123286,0.7669421,0.9226344
2025-01-01 09:43:00,0.9015522,1.0400391,0.91400033,1.0335004,0.896627,1.0041058,0.8866966,1.0115244,0.86580455,1.0016828,0.8640086,0.9860273,0.8326885,0.9680256,0.81843203,0.96773463,0.8186646,0.9448034,0.77509063,0.94121134,0.76691103,0.9226174
2025-01-01 09:44:00,0.90154827,1.0400401,0.9139922,1.0334964,0.8966135,1.0040967,0.8866777,1.0115104,0.8657803,1.001665,0.8639821,0.9860067,0.83265865,0.968004,0.8184031,0.9677131,0.8186361,0.944783,0.7750642,0.9411948,0.76688886,0.92260504
2025-01-01 09:45:00,0.9015486,1.0400431,0.91398853,1.0334946,0.8966047,1.0040901,0.886664,1.0114989,0.86576176,1.0016501,0.863961,0.98598903,0.83263475,0.96798533,0.81837976,0.9676947,0.8186135,0.94476604,0.7750437,0.94118136,0.76687247,0.9225958
2025-01-01 09:46:00,0.90155184,1.0400474,0.91398776,1.0334942,0.8965991,1.004085,0.8866536,1.0114895,0.86574686,1.0016371,0.8639434,0.9859733,0.8326148,0.96796864,0.81836003,0.96767837,0.8185947,0.9447513,0.7750273,0.94117004,0.7668599,0.9225886
2025-01-01 09:47:00,0.90155685,1.0400524,0.91398877,1.0334948,0.8965955,1.004081,0.8866453,1.0114809,0.86573434,1.0016252,0.863928,0.9859588,0.8325973,0.96795315,0.8183426,0.96766335,0.81857836,0.94473803,0.7750134,0.9411601,0.7668498,0.92258275
2025-01-01 09:48:00,0.901563,1.040058,0.91399103,1.033496,0.89659315,1.0040777,0.88663846,1.0114733,0.86572325,1.0016139,0.86391413,0.98594517,0.83258146,0.96793854,0.8183268,0.96764916,0.81856364,0.9447257,0.77500117,0.9411511,0.7668414,0.9225778
2025-01-01 09:49:00,0.9015699,1.0400637,0.913994,1.0334975,0.8965916,1.0040747,0.88663244,1.011466,0.8657132,1.0016031,0.86390126,0.985932,0.8325667,0.9679245,0.8183119,0.9676356,0.81855,0.944714,0.77499,0.9411426,0.766834,0.9225734
2025-01-01 09:50:00,0.90157723,1.0400698,0.9139975,1.0334992,0.8965906,1.004072,0.88662696,1.011459,0.86570376,1.0015928,0.86388886,0.9859192,0.8325526,0.9679107,0.81829774,0.9676224,0.81853706,0.94470274,0.77497965,0.94113463,0.7668274,0.92256945
2025-01-01 09:51:00,0.90158486,1.040076,0.9140011,1.0335011,0.8965898,1.0040693,0.8866219,1.0114523,0.86569476,1.0015825,0.86387694,0.9859066,0.8325389,0.96789724,0.8182839,0.96760947,0.81852454,0.9446918,0.7749698,0.9411269,0.76682127,0.9225658
2025-01-01 09:52:00,0.9015926,1.0400821,0.91400504,1.033503,0.89658934,1.0040668,0.88661695,1.0114455,0.86568594,1.0015723,0.86386526,0.9858941,0.83252555,0.9678838,0.8182705,0.96759665,0.8185123,0.944681,0.7749603,0.9411194,0.7668155,0.9225623
2025-01-01 09:53:00,0.9016004,1.0400883,0.914009,1.033505,0.8965889,1.0040643,0.8866121,1.011439,0.8656772,1.0015622,0.8638537,0.9858817,0.8325123,0.96787053,0.81825715,0.967584,0.81850034,0.9446703,0.774951,0.941112,0.7668099,0.922559
2025-01-01 09:54:00,0.90160835,1.0400944,0.91401297,1.0335069,0.8965885,1.0040618,0.88660735,1.0114322,0.8656686,1.0015521,0.86384225,0.98586935,0.83249927,0.9678573,0.818244,0.96757144,0.8184885,0.94465977,0.77494186,0.9411047,0.7668045,0.9225558
2025-01-01 09:55:00,0.9016163,1.0401006,0.91401696,1.0335089,0.89658815,1.0040593,0.88660264,1.0114255,0.86566,1.001542,0.8638308,0.985857,0.8324863,0.9678441,0.8182309,0.9675589,0.8184768,0.94464934,0.77493286,0.94109756,0.7667993,0.92255276
2025-01-01 09:56:00,0.9016242,1.0401067,0.914021,1.0335108,0.8965878,1.0040568,0.8865979,1.0114188,0.8656515,1.001532,0.86381936,0.9858447,0.8324733,0.96783096,0.8182178,0.9675464,0.8184652,0.94463897,0.7749239,0.94109046,0.766794,0.9225497
2025-01-01 09:57:00,0.90163213,1.0401127,0.91402495,1.0335126,0.8965874,1.0040542,0.8865931,1.0114121,0.8656429,1.0015218,0.863808,0.9858324,0.83246034,0.9678179,0.8182048,0.96753395,0.8184536,0.9446286,0.7749151,0.9410834,0.76678896,0.9225468
2025-01-01 09:58:00,0.90164,1.0401188,0.91402894,1.0335144,0.8965869,1.0040516,0.8865883,1.0114053,0.86563426,1.0015117,0.86379653,0.98582006,0.83244735,0.9678048,0.8181918,0.96752155,0.81844205,0.94461834,0.7749063,0.9410764,0.76678395,0.92254394
2025-01-01 09:59:00,0.90164787,1.0401248,0.9140328,1.0335162,0.8965864,1.004049,0.88658345,1.0113986,0.8656257,1.0015016,0.8637851,0.9858077,0.8324345,0.9677917,0.8181789,0.96750915,0.8184306,0.94460815,0.7748976,0.94106954,0.766779,0.92254114
2025-01-01 10:00:00,0.8959104,1.0372258,0.90808266,1.03019,0.89017785,1.0005358,0.87983274,1.0075357,0.85835886,0.9976336,0.85682774,0.98173344,0.8248746,0.9638163,0.81120956,0.9634114,0.81116384,0.94028276,0.76751757,0.9370015,0.7597316,0.918672
2025-01-01 10:01:00,0.8921838,1.0353436,0.90421635,1.0280286,0.886012,0.9982514,0.875443,1.0050224,0.85363245,0.99511576,0.8523014,0.9790808,0.8199561,0.9612277,0.8066751,0.96074355,0.80643654,0.9374677,0.7627176,0.9343549,0.7551491,0.91615623
2025-01-01 10:02:00,0.8897641,1.0341221,0.90170455,1.0266242,0.883304,0.99676543,0.8725878,1.0033864,0.8505571,0.99347556,0.8493553,0.97735226,0.8167546,0.95954055,0.8037231,0.9590051,0.8033598,0.9356344,0.7595946,0.9326323,0.75216895,0.9145201
2025-01-01 10:03:00,0.88819396,1.0333302,0.9000731,1.0257119,0.88154346,0.9957985,0.8707302,1.0023204,0.8485551,0.9924058,0.84743625,0.97622436,0.8146691,0.9584393,0.80179983,0.9578709,0.8013559,0.93443924,0.75756174,0.9315103,0.7502302,0.9134557
2025-01-01 10:04:00,0.88717604,1.0328174,0.89901394,1.0251193,0.8803988,0.9951689,0.86952096,1.0016251,0.8472506,0.9917068,0.8461848,0.9754868,0.8133089,0.9577189,0.8005452,0.95712936,0.8000495,0.93365896,0.75623745,0.9307788,0.7489684,0.91276306
2025-01-01 10:05:00,0.886517,1.032486,0.8983267,1.0247346,0.87965447,0.99475867,0.86873305,1.0011705,0.8463996,0.9912488,0.8453673,0.97500306,0.81242025,0.95724607,0.7997252,0.95664304,0.79919636,0.93314826,0.7553737,0.93030095,0.74814665,0.912312
2025-01-01 10:06:00,0.88609123,1.0322725,0.89788115,1.0244849,0.8791703,0.9944908,0.8682191,1.0008726,0.84584326,0.9909474,0.8448318,0.97468424,0.8118381,0.9569341,0.7991877,0.95632267,0.7986379,0.93281287,0.7548094,0.9299881,0.747611,0.91201794
2025-01-01 10:07:00,0.8858171,1.0321356,0.8975928,1.024323,0.8788552,0.99431556,0.86788315,1.0006764,0.8454785,0.99074787,0.8444797,0.97447264,0.81145513,0.9567268,0.79883385,0.9561102,0.798271,0.9325914,0.75443965,0.92978245,0.7472613,0.9118261
2025-01-01 10:08:00,0.88564146,1.0320486,0.89740646,1.0242182,0.87865007,0.9942005,0.8676629,1.0005462,0.8452382,0.9906145,0.8442467,0.9743307,0.81120163,0.95658743,0.79859936,0.95596784,0.7980286,0.932444,0.75419647,0.9296466,0.7470324,0.9117006
2025-01-01 10:09:00,0.8855299,1.0319939,0.89728653,1.0241505,0.87851626,0.99412453,0.8675179,1.0004591,0.8450789,0.9905241,0.8440911,0.97423404,0.8110323,0.95649225,0.7984425,0.955871,0.7978672,0.9323448,0.75403553,0.9295561,0.7468822,0.91161823
2025-01-01 10:10:00,0.8854599,1.0319602,0.89720964,1.0241067,0.8784289,0.994074,0.8674216,1.0003998,0.8449721,0.9904616,0.8439859,0.97416687,0.81091774,0.9564258,0.798336,0.9558038,0.79775834,0.93227684,0.7539281,0.9294951,0.746783,0.91156405
2025-01-01 10:11:00,0.88541687,1.0319401,0.8971608,1.0240787,0.87837166,0.99403995,0.8673571,1.0003587,0.8448994,0.99041724,0.8439134,0.97411877,0.8108387,0.95637804,0.7982623,0.95575595,0.7976837,0.93222934,0.75385547,0.92945325,0.7467171,0.91152805
2025-01-01 10:12:00,0.8853915,1.0319289,0.89713013,1.0240607,0.878334,0.9940165,0.8673132,1.0003294,0.844849,0.9903847,0.84386206,0.97408307,0.81078273,0.9563424,0.79820997,0.9557206,0.7976314,0.932195,0.7538054,0.92942387,0.7466728,0.91150403
2025-01-01 10:13:00,0.88537747,1.0319234,0.8971113,1.0240494,0.878309,0.9940001,0.86728275,1.0003076,0.8448129,0.99035984,0.8438247,0.97405547,0.81074184,0.9563147,0.7981714,0.9556934,0.79759353,0.9321693,0.7537701,0.9294026,0.7466426,0.9114877
2025-01-01 10:14:00,0.8853708,1.0319217,0.8971001,1.0240424,0.87829226,0.99398816,0.86726093,1.0002909,0.8447862,0.9903398,0.8437962,0.97403306,0.81071067,0.95629203,0.79814196,0.95567155,0.79756504,0.9321493,0.75374436,0.9293867,0.74662155,0.91147643
2025-01-01 10:15:00,0.88536894,1.0319223,0.89709383,1.024038,0.8782809,0.9939791,0.8672447,1.0002773,0.84476566,0.9903231,0.8437735,0.97401416,0.8106858,0.9562728,0.79811835,0.95565313,0.7975427,0.93213296,0.7537248,0.9293743,0.7466065,0.9114685
2025-01-01 10:16:00,0.8853702,1.0319244,0.89709073,1.0240353,0.87827295,0.9939719,0.86723214,1.0002657,0.8447489,0.9903084,0.8437546,0.9739974,0.81066513,0.9562557,0.79809856,0.955637,0.79752433,0.932119,0.7537094,0.9293641,0.7465954,0.9114628
2025-01-01 10:17:00,0.88537335,1.0319276,0.8970897,1.0240338,0.87826717,0.99396586,0.8672219,1.0002555,0.8447348,0.9902951,0.84373814,0.97398204,0.8106471,0.95624,0.7980812,0.95562226,0.79750866,0.9321066,0.7536966,0.9293554,0.7465868,0.91145843
2025-01-01 10:18:00,0.8853779,1.0319313,0.89709,1.0240331,0.8782629,0.9939606,0.86721325,1.000246,0.84472233,0.9902826,0.84372324,0.9739677,0.8106308,0.9562253,0.79806554,0.9556086,0.79749465,0.9320952,0.7536856,0.9293477,0.7465798,0.91145504
2025-01-01 10:19:00,0.8853832,1.0319353,0.89709115,1.0240327,0.8782595,0.99395585,0.8672055,1.0002372,0.8447108,0.9902707,0.84370935,0.97395384,0.81061566,0.9562111,0.7980509,0.9555955,0.7974818,0.93208456,0.75367576,0.92934066,0.74657404,0.9114523
2025-01-01 10:20:00,0.88538903,1.0319397,0.8970928,1.0240326,0.8782566,0.9939514,0.86719835,1.0002286,0.84470004,0.9902591,0.8436961,0.9739404,0.8106012,0.95619726,0.798037,0.9555828,0.7974696,0.93207437,0.7536667,0.92933404,0.746569,0.91144997
2025-01-01 10:21:00,0.88539517,1.0319442,0.8970948,1.0240327,0.87825406,0.993947,0.8671916,1.0002204,0.84468967,0.9902478,0.8436833,0.9739272,0.8105872,0.9561838,0.79802346,0.9555704,0.797458,0.9320644,0.7536581,0.9293277,0.74656445,0.911448
2025-01-01 10:22:00,0.88540155,1.0319487,0.897097,1.024033,0.8782518,0.9939428,0.86718506,1.0002122,0.8446796,0.9902365,0.8436708,0.9739142,0.8105736,0.95617044,0.7980103,0.95555824,0.79744667,0.9320547,0.7536499,0.9293217,0.7465602,0.9114462
2025-01-01 10:23:00,0.8854079,1.0319533,0.8970993,1.0240332,0.87824965,0.99393857,0.8671786,1.0002041,0.84466964,0.9902254,0.8436584,0.9739013,0.81056017,0.9561572,0.7979973,0.95554614,0.7974356,0.9320452,0.7536419,0.92931575,0.7465562,0.9114446
2025-01-01 10:24:00,0.8854144,1.0319579,0.89710164,1.0240334,0.8782475,0.9939344,0.8671723,1.000196,0.84465975,0.9902143,0.8436461,0.9738884,0.8105468,0.95614403,0.79798454,0.95553416,0.7974246,0.93203586,0.7536341,0.92930996,0.7465524,0.91144305
2025-01-01 10:25:00,0.8854209,1.0319625,0.897104,1.0240335,0.8782454,0.9939302,0.867166,1.0001879,0.8446499,0.9902032,0.8436339,0.9738755,0.8105336,0.9561309,0.7979718,0.9555223,0.79741377,0.9320265,0.7536264,0.92930436,0.7465488,0.9114417
2025-01-01 10:26:00,0.8854275,1.031967,0.89710635,1.0240338,0.8782433,0.9939259,0.86715966,1.0001798,0.8446401,0.99019206,0.84362173,0.9738627,0.81052035,0.95611787,0.7979591,0.9555105,0.79740304,0.93201727,0.75361884,0.9292987,0.7465452,0.9114404
2025-01-01 10:27:00,0.8854339,1.0319716,0.8971087,1.0240339,0.87824124,0.9939217,0.86715335,1.0001715,0.84463024,0.9901809,0.8436096,0.97384983,0.8105072,0.9561048,0.79794645,0.9554987,0.79739237,0.932008,0.7536113,0.92929316,0.74654174,0.9114391
2025-01-01 10:28:00,0.88544035,1.031976,0.8971109,1.024034,0.87823904,0.9939174,0.86714697,1.0001633,0.8446204,0.99016976,0.84359735,0.973837,0.81049407,0.95609176,0.7979339,0.95548695,0.7973817,0.9319989,0.7536039,0.92928773,0.74653834,0.9114379
2025-01-01 10:29:00,0.8854468,1.0319804,0.89711314,1.024034,0.87823683,0.99391305,0.8671406,1.0001551,0.8446106,0.9901586,0.8435852,0.97382426,0.81048095,0.95607877,0.7979213,0.9554752,0.79737115,0.93198985,0.75359654,0.92928237,0.74653506,0.91143686
2025-01-01 10:30:00,0.87924385,1.0285593,0.8906659,1.0202123,0.8713462,0.9899655,0.8599465,0.9958379,0.836971,0.9858808,0.83627963,0.9693519,0.802628,0.9517788,0.790731,0.9510617,0.7898863,0.9274312,0.7461061,0.9249635,0.7394239,0.9073958
2025-01-01 10:31:00,0.8752141,1.026337,0.8864759,1.0177281,0.86686647,0.9873979,0.855268,0.9930288,0.8320017,0.9830963,0.8315267,0.96644044,0.79751897,0.9489793,0.786053,0.9481889,0.78501755,0.92446494,0.7412348,0.92215437,0.73480046,0.9047688
2025-01-01 10:32:00,0.8725969,1.024894,0.88375306,1.0161133,0.86395377,0.98572737,0.85222477,0.9911999,0.8287682,0.9812825,0.828433,0.9645434,0.79419357,0.9471551,0.78300786,0.94631755,0.7818492,0.9225338,0.73806596,0.9203267,0.73179424,0.903061
2025-01-01 10:33:00,0.8708979,1.0239575,0.88198394,1.0150635,0.86205965,0.98463994,0.8502443,0.99000823,0.82666284,0.98009944,0.8264178,0.9633059,0.7920274,0.9459649,0.7810242,0.9450971,0.7797861,0.9212755,0.73600376,0.91913694,0.72983915,0.90195066
2025-01-01 10:34:00,0.8697957,1.0233501,0.88083464,1.0143812,0.8608275,0.9839314,0.8489546,0.9892306,0.82529086,0.97932655,0.8251036,0.962497,0.79061484,0.9451867,0.7797305,0.94429976,0.7784415,0.92045444,0.73466086,0.91836184,0.72856736,0.90122867
2025-01-01 10:35:00,0.8690813,1.0229567,0.8800882,1.0139374,0.86002576,0.98346925,0.84811395,0.98872215,0.8243956,0.97882015,0.82424504,0.9619667,0.7896921,0.94467634,0.77888525,0.94377744,0.7775639,0.91991776,0.73378557,0.9178562,0.72773963,0.9007592
2025-01-01 10:36:00,0.868619,1.0227025,0.8796036,1.0136487,0.8595037,0.9831671,0.8475652,0.98838866,0.82381004,0.978487,0.8236827,0.9616174,0.7890877,0.9443401,0.7783315,0.94343394,0.77698994,0.91956586,0.73321414,0.9175259,0.7272007,0.9004538
2025-01-01 10:37:00,0.86832064,1.0225384,0.87928927,1.0134609,0.85916334,0.98296905,0.84720606,0.98816884,0.8234259,0.9782665,0.8233128,0.9613859,0.78869027,0.944117,0.7779673,0.94320667,0.7766133,0.9193341,0.7328404,0.91730946,0.7268494,0.9002551
2025-01-01 10:38:00,0.86812884,1.0224332,0.87908554,1.0133387,0.85894114,0.9828386,0.8469702,0.98802286,0.8231726,0.97811913,0.8230681,0.9612309,0.78842735,0.94396746,0.7777262,0.943055,0.7763649,0.91918045,0.732595,0.91716707,0.7266201,0.90012574
2025-01-01 10:39:00,0.8680061,1.022366,0.87895364,1.013259,0.8587957,0.982752,0.84681445,0.987925,0.8230044,0.9780193,0.8229047,0.9611257,0.7882519,0.9438657,0.7775652,0.9429524,0.77619994,0.9190776,0.7324332,0.9170729,0.7264701,0.9000416
2025-01-01 10:40:00,0.8679284,1.0223237,0.8788684,1.013207,0.85870016,0.982694,0.8467108,0.9878583,0.8228915,0.97795033,0.82279414,0.9610527,0.7881332,0.94379514,0.77745616,0.94288176,0.77608913,0.9190077,0.7323257,0.91701,0.72637177,0.89998674
2025-01-01 10:41:00,0.86787987,1.0222975,0.8788135,1.0131729,0.85863703,0.9826545,0.84664094,0.9878118,0.82281446,0.9779015,0.8227179,0.96100074,0.78805155,0.9437447,0.777381,0.9428319,0.7760136,0.9189593,0.7322534,0.91696745,0.7263069,0.899951
2025-01-01 10:42:00,0.8678503,1.0222818,0.8787784,1.0131505,0.85859495,0.98262703,0.846593,0.98777854,0.82276076,0.97786576,0.822664,0.96096236,0.78799385,0.94370747,0.7773279,0.9427955,0.77596104,0.9189249,0.73220414,0.9169382,0.72626394,0.8999276
2025-01-01 10:43:00,0.8678331,1.0222728,0.878756,1.0131356,0.8585665,0.98260736,0.8465594,0.9877538,0.82272214,0.9778384,0.82262456,0.9609329,0.78795177,0.94367874,0.7772891,0.9427679,0.7759233,0.91889966,0.7321698,0.9169176,0.72623515,0.89991236
2025-01-01 10:44:00,0.86782384,1.0222682,0.87874186,1.0131255,0.8585469,0.9825927,0.84653497,0.98773456,0.8226934,0.9778166,0.8225946,0.9609092,0.7879198,0.94365555,0.7772596,0.942746,0.77589536,0.91888034,0.7321452,0.91690266,0.7262156,0.8999024
2025-01-01 10:45:00,0.8678197,1.0222663,0.87873316,1.0131186,0.858533,0.9825814,0.8465166,0.9877189,0.8226711,0.9777983,0.82257074,0.9608893,0.7878944,0.94363606,0.77723616,0.94272786,0.7758737,0.91886485,0.73212695,0.9168914,0.72620213,0.8998959
2025-01-01 10:46:00,0.86781895,1.0222664,0.87872785,1.0131137,0.8585229,0.98257214,0.84650207,0.9877056,0.8226529,0.97778237,0.82255083,0.96087176,0.7878733,0.94361883,0.7772167,0.9427122,0.77585626,0.91885185,0.7321129,0.9168825,0.7261926,0.8998917
2025-01-01 10:47:00,0.8678203,1.0222675,0.8787249,1.0131103,0.8585152,0.9825642,0.84649014,0.9876937,0.82263744,0.9777679,0.8225335,0.96085584,0.787855,0.94360316,0.77719975,0.94269806,0.7758414,0.9188406,0.7321015,0.9168752,0.72618556,0.899889
2025-01-01 10:48:00,0.8678232,1.0222692,0.8787232,1.0131075,0.85850894,0.9825572,0.8464797,0.9876828,0.8226236,0.97775435,0.8225178,0.96084094,0.78783864,0.9435885,0.7771844,0.94268495,0.7758283,0.9188304,0.73209184,0.916869,0.7261803,0.8998872
2025-01-01 10:49:00,0.8678268,1.0222716,0.87872255,1.0131054,0.85850376,0.9825506,0.84647036,0.98767257,0.8226109,0.9777414,0.82250327,0.9608267,0.7878233,0.9435745,0.77717024,0.94267255,0.77581644,0.9188209,0.73208344,0.91686344,0.72617614,0.89988613
2025-01-01 10:50:00,0.86783105,1.0222743,0.8787224,1.0131035,0.8584991,0.9825445,0.84646165,0.9876627,0.822599,0.9777289,0.8224894,0.9608129,0.7878088,0.9435609,0.77715683,0.9426607,0.77580523,0.9188119,0.73207575,0.91685843,0.72617275,0.89988554
2025-01-01 10:51:00,0.86783564,1.022277,0.8787226,1.0131018,0.8584949,0.98253846,0.84645337,0.98765296,0.8225875,0.9777167,0.82247597,0.96079934,0.7877948,0.94354767,0.7771439,0.94264907,0.7757946,0.9188033,0.7320686,0.9168537,0.7261698,0.89988524
2025-01-01 10:52:00,0.8678404,1.0222799,0.8787231,1.0131003,0.8584909,0.9825326,0.8464453,0.9876434,0.8225762,0.9777045,0.82246286,0.960786,0.7877811,0.9435345,0.77713126,0.9426376,0.7757844,0.9187948,0.73206186,0.9168492,0.7261673,0.8998851
2025-01-01 10:53:00,0.8678453,1.0222828,0.8787237,1.0130988,0.85848695,0.98252684,0.84643745,0.987634,0.8225652,0.9776925,0.8224499,0.96077275,0.78776765,0.9435215,0.77711886,0.9426264,0.77577436,0.9187866,0.73205537,0.91684484,0.726165,0.8998852
2025-01-01 10:54:00,0.86785024,1.0222858,0.8787243,1.0130973,0.8584832,0.98252106,0.8464296,0.9876246,0.82255423,0.9776805,0.82243705,0.9607596,0.7877543,0.9435087,0.7771066,0.94261533,0.7757645,0.9187785,0.732049,0.9168407,0.7261629,0.8998854
2025-01-01 10:55:00,0.86785525,1.0222887,0.87872493,1.0130957,0.85847944,0.9825153,0.84642184,0.98761517,0.8225433,0.9776686,0.82242423,0.9607464,0.78774107,0.94349587,0.7770944,0.94260424,0.77575475,0.91877043,0.7320428,0.9168366,0.72616094,0.8998857
2025-01-01 10:56:00,0.86786014,1.0222915,0.8787256,1.0130942,0.8584756,0.98250943,0.846414,0.98760575,0.8225324,0.97765666,0.8224115,0.9607333,0.7877279,0.9434831,0.7770823,0.9425933,0.7757451,0.91876245,0.73203665,0.9168326,0.72615904,0.89988613
2025-01-01 10:57:00,0.8678651,1.0222944,0.8787261,1.0130926,0.8584718,0.98250353,0.8464063,0.9875963,0.8225215,0.9776447,0.8223987,0.9607202,0.7877147,0.94347036,0.7770703,0.9425823,0.7757355,0.9187546,0.73203063,0.91682863,0.72615725,0.89988655
2025-01-01 10:58:00,0.86787,1.0222973,0.87872666,1.013091,0.85846794,0.9824977,0.8463985,0.9875868,0.8225106,0.97763276,0.82238597,0.9607071,0.7877016,0.94345766,0.77705824,0.94257146,0.77572596,0.91874677,0.73202467,0.9168248,0.7261555,0.89988714
2025-01-01 10:59:00,0.8678748,1.0223,0.87872726,1.0130893,0.8584641,0.98249173,0.8463906,0.9875773,0.82249975,0.9776208,0.8223733,0.9606941,0.78768855,0.94344497,0.7770463,0.9425606,0.77571654,0.918739,0.7320188,0.916821,0.7261539,0.89988774
2025-01-01 11:00:00,0.86131704,1.0184176,0.87189806,1.0088404,0.8512144,0.97818047,0.8388816,0.98288274,0.8146237,0.9730097,0.81484985,0.9559039,0.7796827,0.9388976,0.7697632,0.9379104,0.76814723,0.91402864,0.72455156,0.91232824,0.7191058,0.89574665
2025-01-01 11:01:00,0.85705614,1.015895,0.8674592,1.0060781,0.84650064,0.975376,0.83399796,0.97982794,0.8095004,0.9700083,0.8099552,0.95278573,0.7744743,0.9359374,0.7650249,0.93488395,0.7632239,0.9109642,0.71969587,0.90940666,0.714524,0.8930553
2025-01-01 11:02:00,0.85428816,1.0142562,0.864574,1.004282,0.8434353,0.9735509,0.83082074,0.97783893,0.8061664,0.96805316,0.80676913,0.9507543,0.7710843,0.93400884,0.761941,0.93291306,0.76002055,0.90896964,0.71653765,0.90750647,0.71154535,0.8913062
2025-01-01 11:03:00,0.85249066,1.0131918,0.86269873,1.0031137,0.84144133,0.97236246,0.82875276,0.97654265,0.80399543,0.9667781,0.80469376,0.94942933,0.7688763,0.9327509,0.7599323,0.9316282,0.7579351,0.9076707,0.71448296,0.9062701,0.7096088,0.8901696
2025-01-01 11:04:00,0.8513238,1.0125009,0.8614798,1.0023537,0.8401438,0.9715878,0.8274057,0.9756967,0.8025804,0.965945,0.8033403,0.94856346,0.7674365,0.9319288,0.7586225,0.9307894,0.75657636,0.90682364,0.71314543,0.90546525,0.70834965,0.8894312
2025-01-01 11:05:00,0.85056686,1.0120525,0.8606876,1.0018588,0.8392989,0.971082,0.82652724,0.9751434,0.8016568,0.96539927,0.8024561,0.94799614,0.7664961,0.93139005,0.757767,0.9302405,0.75569004,0.9062705,0.71227413,0.9049409,0.7075308,0.88895166
2025-01-01 11:06:00,0.85007644,1.0117619,0.8601726,1.0015365,0.8387482,0.97075105,0.8259534,0.97478026,0.80105245,0.9650403,0.8018768,0.9476227,0.7658802,0.9310355,0.7572069,0.92987996,0.75511074,0.9059084,0.7117059,0.90459895,0.70699817,0.8886403
2025-01-01 11:07:00,0.84975916,1.0115737,0.8598379,1.0013261,0.83838874,0.97053367,0.82557756,0.9745408,0.8006558,0.96480274,0.8014958,0.9473754,0.7654754,0.9308006,0.75683874,0.92964196,0.754731,0.9056705,0.7113347,0.90437555,0.7066515,0.88843834
2025-01-01 11:08:00,0.8495545,1.0114522,0.85962033,1.0011886,0.8381535,0.9703901,0.8253303,0.9743817,0.800394,0.964644,0.80124366,0.94721013,0.7652077,0.9306436,0.7565954,0.9294836,0.7544811,0.90551335,0.7110915,0.9042292,0.7064259,0.8883075
2025-01-01 11:09:00,0.8494229,1.0113739,0.85947883,1.0010984,0.837999,0.9702945,0.82516664,0.97427475,0.8002199,0.9645366,0.8010753,0.9470981,0.7650292,0.93053716,0.75643307,0.929377,0.7543155,0.9054087,0.7109317,0.904133,0.7062789,0.88822293
2025-01-01 11:10:00,0.8493388,1.0113237,0.85938686,1.0010389,0.83789694,0.97023004,0.8250574,0.9742018,0.80010283,0.96446246,0.8009614,0.94702065,0.7649086,0.9304636,0.7563235,0.92930406,0.7542047,0.9053381,0.710826,0.90406936,0.7061831,0.8881684
2025-01-01 11:11:00,0.8492856,1.0112917,0.8593269,1.0009993,0.837829,0.9701859,0.82498336,0.97415084,0.8000227,0.96441,0.80088276,0.94696575,0.76482564,0.93041146,0.7562483,0.92925304,0.7541296,0.90528977,0.7107554,0.904027,0.7061205,0.88813347
2025-01-01 11:12:00,0.84925246,1.0112716,0.85928786,1.0009727,0.8377833,0.97015476,0.8249323,0.97411424,0.79996675,0.9643716,0.8008272,0.94692546,0.7647672,0.9303732,0.7561953,0.92921627,0.75407773,0.90525585,0.71070784,0.90399843,0.70607954,0.88811123
2025-01-01 11:13:00,0.8492323,1.0112593,0.8592623,1.0009546,0.83775187,0.97013223,0.82489616,0.97408694,0.79992634,0.96434236,0.80078655,0.9468947,0.7647247,0.930344,0.75615686,0.9291887,0.7540409,0.90523136,0.7106751,0.90397877,0.7060527,0.88809735
2025-01-01 11:14:00,0.8492206,1.0112519,0.8592456,1.0009419,0.8377298,0.9701152,0.8248696,0.9740656,0.7998961,0.964319,0.8007556,0.94687015,0.76469254,0.9303206,0.75612783,0.9291673,0.75401396,0.90521306,0.7106521,0.90396506,0.706035,0.8880889
2025-01-01 11:15:00,0.8492144,1.0112476,0.8592345,1.0009327,0.8377138,0.9701017,0.8248493,0.9740482,0.79987246,0.96429956,0.80073094,0.9468496,0.76466715,0.93030113,0.75610495,0.92914975,0.75399333,0.9051987,0.7106354,0.9039551,0.70602334,0.888084
2025-01-01 11:16:00,0.84921163,1.0112455,0.8592272,1.0009258,0.83770156,0.9700906,0.8248331,0.9740333,0.7998531,0.9642826,0.80071044,0.9468316,0.7646461,0.93028414,0.75608605,0.9291348,0.75397694,0.905187,0.7106229,0.9039477,0.7060155,0.8880813
2025-01-01 11:17:00,0.8492113,1.0112447,0.8592222,1.0009202,0.83769196,0.9700809,0.82481956,0.97402,0.7998365,0.9642672,0.80069256,0.9468153,0.7646279,0.9302688,0.7560698,0.92912155,0.75396323,0.905177,0.7106131,0.903942,0.7060103,0.88808024
2025-01-01 11:18:00,0.8492123,1.0112447,0.8592187,1.0009156,0.837684,0.9700722,0.82480764,0.9740078,0.7998217,0.9642528,0.8006764,0.9468002,0.76461154,0.9302545,0.75605524,0.92910933,0.7539514,0.9051681,0.71060497,0.90393734,0.70600677,0.8880802
2025-01-01 11:19:00,0.84921426,1.0112451,0.8592162,1.0009116,0.837677,0.9700641,0.82479686,0.9739962,0.79980797,0.9642392,0.8006614,0.94678575,0.76459646,0.9302409,0.7560418,0.9290979,0.7539407,0.90516,0.7105981,0.9039334,0.7060043,0.8880808
2025-01-01 11:20:00,0.8492168,1.011246,0.85921425,1.000908,0.83767074,0.97005635,0.8247868,0.97398514,0.79979503,0.9642259,0.8006471,0.94677174,0.76458204,0.93022776,0.7560291,0.9290869,0.7539308,0.90515244,0.71059203,0.90392995,0.70600265,0.88808185
2025-01-01 11:21:00,0.8492197,1.011247,0.85921276,1.0009046,0.83766484,0.97004884,0.82477707,0.9739743,0.79978263,0.96421295,0.80063325,0.9467581,0.7645682,0.93021494,0.75601697,0.9290763,0.7539214,0.9051452,0.7105864,0.90392685,0.70600146,0.8880832
2025-01-01 11:22:00,0.84922284,1.0112482,0.85921144,1.0009012,0.83765924,0.9700414,0.8247677,0.97396356,0.7997705,0.96420014,0.8006198,0.9467446,0.76455474,0.9302023,0.7560051,0.92906594,0.7539123,0.9051382,0.71058124,0.903924,0.7060006,0.8880848
2025-01-01 11:23:00,0.84922606,1.0112494,0.85921025,1.000898,0.8376537,0.9700341,0.82475847,0.97395295,0.79975843,0.9641875,0.8006064,0.94673127,0.76454145,0.9301898,0.7559935,0.9290557,0.75390357,0.90513134,0.7105763,0.9039213,0.7060001,0.8880866
2025-01-01 11:24:00,0.84922934,1.0112506,0.8592091,1.0008948,0.8376483,0.97002685,0.8247493,0.9739424,0.79974663,0.96417487,0.80059326,0.94671804,0.7645284,0.93017745,0.755982,0.9290456,0.7538949,0.9051246,0.7105715,0.9039188,0.7059997,0.8880885
2025-01-01 11:25:00,0.84923273,1.0112518,0.85920805,1.0008916,0.83764285,0.9700195,0.8247402,0.97393185,0.7997348,0.9641623,0.8005801,0.9467048,0.76451534,0.9301652,0.75597054,0.92903554,0.7538864,0.905118,0.7105669,0.9039164,0.70599943,0.88809055
2025-01-01 11:26:00,0.8492361,1.011253,0.859207,1.0008882,0.8376374,0.9700122,0.82473105,0.9739213,0.799723,0.9641497,0.800567,0.94669163,0.7645024,0.93015295,0.7559592,0.9290256,0.753878,0.9051115,0.7105623,0.9039141,0.70599926,0.88809264
2025-01-01 11:27:00,0.84923935,1.0112542,0.8592059,1.000885,0.837632,0.97000486,0.82472193,0.97391075,0.7997113,0.96413714,0.8005539,0.94667846,0.76448953,0.9301407,0.755948,0.9290157,0.7538697,0.905105,0.7105579,0.90391177,0.70599914,0.88809484
2025-01-01 11:28:00,0.84924257,1.0112553,0.8592047,1.0008817,0.8376265,0.96999747,0.8247128,0.9739002,0.7996995,0.96412456,0.8005408,0.9466654,0.76447666,0.9301285,0.7559368,0.92900586,0.7538614,0.9050987,0.71055347,0.9039096,0.70599914,0.8880971
2025-01-01 11:29:00,0.84924585,1.0112563,0.8592035,1.0008782,0.83762103,0.9699901,0.8247037,0.9738896,0.79968774,0.96411204,0.8005278,0.9466523,0.76446384,0.9301164,0.75592566,0.9289961,0.75385326,0.90509236,0.71054924,0.90390754,0.70599926,0.88809943
2025-01-01 11:30:00,0.84245026,1.0069822,0.852114,0.99627805,0.8301416,0.96539176,0.81701356,0.9689012,0.7917158,0.95924973,0.7929207,0.9416296,0.756448,0.92540216,0.7486796,0.92419183,0.74633443,0.90031415,0.70323837,0.89932096,0.69913995,0.88393235
2025-01-01 11:31:00,0.8380343,1.0042043,0.8475054,0.99328667,0.8252779,0.9624002,0.8120117,0.96565497,0.78652984,0.9560848,0.7879715,0.9383603,0.75123316,0.92233366,0.7439658,0.9210656,0.7414444,0.8972062,0.6984849,0.89633906,0.6946815,0.88122463
2025-01-01 11:32:00,0.83516484,1.0023988,0.84450924,0.991341,0.8221146,0.96045303,0.8087572,0.96354115,0.78315485,0.9540232,0.78475,0.9362306,0.7478391,0.92033494,0.740898,0.91903025,0.7382631,0.8951839,0.6953938,0.8944001,0.6917836,0.8794655
2025-01-01 11:33:00,0.83330077,1.0012256,0.8425612,0.99007505,0.8200564,0.95918465,0.80663854,0.9621634,0.7809569,0.9526787,0.7826514,0.9348418,0.74562854,0.91903156,0.7389001,0.9177039,0.73619246,0.8938673,0.69338316,0.89313924,0.68990016,0.8783231
2025-01-01 11:34:00,0.83209014,1.0004632,0.84129447,0.9892508,0.81871647,0.9583575,0.8052581,0.9612641,0.7795241,0.95180035,0.7812828,0.9339345,0.7441872,0.91818017,0.7375977,0.91683847,0.73484385,0.8930094,0.6920749,0.892319,0.6886761,0.8775814
2025-01-01 11:35:00,0.8313042,0.999968,0.8404705,0.98871374,0.8178435,0.95781714,0.8043575,0.9606757,0.77858853,0.951225,0.7803886,0.93334013,0.7432459,0.91762257,0.7367473,0.91627264,0.7339645,0.89244974,0.69122314,0.8917853,0.68788064,0.8771003
2025-01-01 11:36:00,0.83079433,0.9996461,0.83993435,0.9883633,0.817274,0.9574632,0.8037688,0.9602895,0.77797633,0.95084655,0.7798028,0.93294924,0.7426296,0.91725594,0.73619074,0.9159015,0.7333903,0.89208394,0.6906682,0.8914379,0.68736386,0.8767885
2025-01-01 11:37:00,0.83046377,0.99943715,0.83958524,0.98813415,0.81690174,0.9572303,0.8033829,0.9600346,0.7775741,0.95059615,0.77941746,0.9326906,0.7422246,0.9170135,0.73582524,0.91565704,0.7330143,0.8918441,0.69030625,0.89121145,0.6870281,0.8765869
2025-01-01 11:38:00,0.8302499,0.99930143,0.8393577,0.9879839,0.8166576,0.95707625,0.8031286,0.95986515,0.7773086,0.95042896,0.7791624,0.93251795,0.7419569,0.91685176,0.73558384,0.91549486,0.7327672,0.8916862,0.6900697,0.89106375,0.6868102,0.87645686
2025-01-01 11:39:00,0.83011174,0.9992134,0.83920914,0.98788476,0.81649685,0.9569733,0.80296004,0.9597511,0.77713174,0.9503158,0.778992,0.9324011,0.7417785,0.91674244,0.7354232,0.91538614,0.73260397,0.89158154,0.6899146,0.89096725,0.68666875,0.8763734
2025-01-01 11:40:00,0.83002293,0.99915624,0.8391119,0.9878189,0.8163902,0.9569036,0.802847,0.95967317,0.7770125,0.95023775,0.7788767,0.9323206,0.7416581,0.9166673,0.735315,0.91531223,0.7324952,0.89151156,0.68981254,0.89090407,0.6865772,0.87632024
2025-01-01 11:41:00,0.829966,0.99911916,0.83904797,0.9877746,0.81631875,0.9568555,0.8027702,0.9596186,0.7769308,0.95018256,0.7787972,0.93226373,0.7415754,0.9166143,0.735241,0.915261,0.7324219,0.8914641,0.68974495,0.8908625,0.68651795,0.87628675
2025-01-01 11:42:00,0.8299298,0.9990952,0.83900577,0.9877444,0.8162701,0.9568214,0.80271685,0.9595793,0.7768735,0.9501422,0.7787409,0.9322222,0.74151725,0.91657573,0.73518914,0.9152245,0.73237157,0.89143133,0.6896998,0.8908351,0.68647987,0.8762661
2025-01-01 11:43:00,0.8299071,0.99907964,0.8389776,0.9877233,0.81623626,0.95679635,0.8026788,0.95954984,0.776832,0.9501115,0.77869976,0.93219066,0.7414751,0.9165465,0.7351517,0.91519755,0.7323363,0.8914081,0.6896694,0.8908168,0.68645537,0.8762538
2025-01-01 11:44:00,0.82989323,0.9990696,0.8389585,0.98770803,0.8162121,0.9567772,0.80265063,0.9595268,0.77680075,0.95008713,0.7786684,0.93216556,0.7414433,0.91652346,0.73512363,0.9151768,0.7323107,0.89139104,0.68964833,0.8908045,0.6864399,0.8762469
2025-01-01 11:45:00,0.82988495,0.999063,0.8389454,0.9876966,0.8161941,0.9567619,0.8026289,0.95950794,0.7767762,0.95006675,0.7786434,0.93214476,0.7414182,0.9165044,0.7351018,0.9151602,0.7322916,0.8913781,0.68963355,0.8907962,0.68643016,0.87624365
2025-01-01 11:46:00,0.8298803,0.9990587,0.83893603,0.98768765,0.8161802,0.9567491,0.80261123,0.9594917,0.776756,0.950049,0.7786227,0.9321267,0.74139756,0.9164879,0.7350839,0.9151462,0.73227656,0.89136785,0.68962276,0.8907904,0.68642426,0.8762427
2025-01-01 11:47:00,0.8298781,0.999056,0.8389292,0.98768026,0.8161689,0.9567378,0.80259633,0.9594773,0.7767386,0.950033,0.77860457,0.93211037,0.7413797,0.9164731,0.7350686,0.91513395,0.7322643,0.8913593,0.68961465,0.89078623,0.6864209,0.8762433
2025-01-01 11:48:00,0.8298774,0.9990541,0.8389239,0.9876739,0.81615925,0.95672756,0.8025832,0.95946395,0.776723,0.95001805,0.7785882,0.9320952,0.74136376,0.9164594,0.735055,0.9151229,0.7322538,0.89135194,0.6896083,0.89078325,0.6864192,0.8762449
2025-01-01 11:49:00,0.82987756,0.99905276,0.83891964,0.9876681,0.81615067,0.95671797,0.8025711,0.9594514,0.7767086,0.9500039,0.77857304,0.93208086,0.7413491,0.91644645,0.7350425,0.9151126,0.7322445,0.8913454,0.6896031,0.89078104,0.68641853,0.8762471
2025-01-01 11:50:00,0.8298784,0.99905187,0.83891594,0.98766273,0.81614274,0.9567087,0.80255985,0.9594392,0.7766949,0.94999015,0.77855855,0.932067,0.74133515,0.916434,0.7350308,0.9151028,0.7322359,0.89133924,0.6895986,0.8907793,0.6864186,0.87624985
2025-01-01 11:51:00,0.82987964,0.99905115,0.83891267,0.98765767,0.8161353,0.9566998,0.80254894,0.95942736,0.7766817,0.9499768,0.77854455,0.9320534,0.74132174,0.91642183,0.73501956,0.91509336,0.7322279,0.8913336,0.68959475,0.8907779,0.6864191,0.87625295
2025-01-01 11:52:00,0.829881,0.99905056,0.8389096,0.98765266,0.81612813,0.956691,0.80253834,0.95941573,0.77666885,0.94996357,0.77853084,0.93204004,0.74130875,0.9164099,0.73500866,0.9150842,0.7322203,0.8913281,0.6895912,0.89077675,0.68641996,0.8762562
2025-01-01 11:53:00,0.82988256,0.99904996,0.83890676,0.9876478,0.8161211,0.95668226,0.80252784,0.9594041,0.77665615,0.94995046,0.77851737,0.93202686,0.7412959,0.9163981,0.734998,0.9150751,0.7322129,0.8913228,0.6895879,0.89077574,0.6864211,0.87625974
2025-01-01 11:54:00,0.82988423,0.9990495,0.8389039,0.9876429,0.8161141,0.9566736,0.80251753,0.9593926,0.7766436,0.94993734,0.778504,0.93201375,0.7412832,0.9163864,0.73498744,0.9150662,0.7322057,0.8913176,0.6895848,0.89077497,0.6864224,0.8762633
2025-01-01 11:55:00,0.8298859,0.99904895,0.83890116,0.987638,0.81610715,0.9566649,0.8025072,0.95938104,0.77663106,0.94992435,0.7784907,0.93200064,0.7412706,0.91637486,0.734977,0.9150573,0.73219854,0.8913125,0.68958175,0.8907742,0.6864239,0.87626696
2025-01-01 11:56:00,0.8298875,0.9990484,0.83889836,0.9876331,0.8161002,0.9566562,0.8024969,0.9593696,0.7766186,0.94991136,0.7784775,0.9319877,0.74125814,0.9163633,0.7349667,0.9150486,0.7321915,0.89130753,0.68957883,0.8907736,0.6864255,0.8762708
2025-01-01 11:57:00,0.8298891,0.9990478,0.8388955,0.98762816,0.81609327,0.9566475,0.80248666,0.9593581,0.7766062,0.94989836,0.7784643,0.9319747,0.7412457,0.91635185,0.73495644,0.9150399,0.73218465,0.89130265,0.6895761,0.890773,0.6864271,0.8762746
2025-01-01 11:58:00,0.82989067,0.9990472,0.83889264,0.9876232,0.8160863,0.9566388,0.80247635,0.9593466,0.77659374,0.9498854,0.77845114,0.9319618,0.7412333,0.9163404,0.73494625,0.9150313,0.7321778,0.8912978,0.68957335,0.8907725,0.68642884,0.8762785
2025-01-01 11:59:00,0.8298922,0.9990465,0.8388898,0.9876182,0.8160793,0.95663005,0.8024661,0.9593351,0.77658135,0.9498725,0.7784381,0.9319489,0.741221,0.916329,0.7349361,0.91502273,0.73217106,0.89129305,0.6895707,0.89077216,0.68643063,0.8762825
2025-01-01 12:00:00,0.82298017,0.99445677,0.83166677,0.98274875,0.8085036,0.95182675,0.7947322,0.9541421,0.7686556,0.9448458,0.770883,0.92678326,0.7333381,0.9115326,0.7278565,0.91015023,0.72483695,0.8865323,0.6825467,0.8861738,0.6798825,0.8721638
2025-01-01 12:01:00,0.81848776,0.99147314,0.8269707,0.97958183,0.8035769,0.9487015,0.7897015,0.95076257,0.7634995,0.9415739,0.76596767,0.92342114,0.7282099,0.9084109,0.7232513,0.90698016,0.72006756,0.8834362,0.6779802,0.88318473,0.67562693,0.86948806
2025-01-01 12:02:00,0.8155682,0.9895334,0.8239172,0.9775214,0.800372,0.94666696,0.7864279,0.9485618,0.76014364,0.93944263,0.7627681,0.9212312,0.7248723,0.9063779,0.72025436,0.90491664,0.71696514,0.88142216,0.67501116,0.8812418,0.6728616,0.8677503
2025-01-01 12:03:00,0.8136709,0.98827225,0.8219313,0.9761803,0.7982863,0.9453413,0.7842964,0.9471272,0.757958,0.9380527,0.7606838,0.91980326,0.7226986,0.90505254,0.71830297,0.90357256,0.71494627,0.88011146,0.6730805,0.8799789,0.6710648,0.86662227
2025-01-01 12:04:00,0.812438,0.98745215,0.8206394,0.97530675,0.79692805,0.9444765,0.78290725,0.9461906,0.7565329,0.93714476,0.7593244,0.9188706,0.72128147,0.90418714,0.7170311,0.90269595,0.7136318,0.879258,0.6718248,0.879158,0.66989774,0.86589056
2025-01-01 12:05:00,0.81163704,0.9869187,0.8197984,0.974737,0.79604256,0.9439112,0.7820006,0.9455778,0.7556022,0.93655,0.75843626,0.91826,0.72035605,0.9036207,0.71620095,0.9021233,0.7127752,0.8787017,0.6710078,0.87862444,0.66913986,0.8654165
2025-01-01 12:06:00,0.8111168,0.9865715,0.8192506,0.97436476,0.7954644,0.9435405,0.78140754,0.9451753,0.75499284,0.9361589,0.75785434,0.91785854,0.7197502,0.9032486,0.71565795,0.90174824,0.7122162,0.8783386,0.6704761,0.87827766,0.66864806,0.86511
2025-01-01 12:07:00,0.810779,0.9863454,0.8188933,0.97412086,0.795086,0.94329643,0.7810184,0.9449096,0.7545924,0.9359001,0.7574715,0.9175931,0.7193523,0.9030029,0.7153015,0.9015016,0.7118506,0.8781011,0.6701297,0.8780523,0.66832924,0.8649123
2025-01-01 12:08:00,0.81055975,0.98619795,0.8186599,0.9739604,0.7948374,0.94313455,0.7807617,0.9447327,0.7543277,0.93572736,0.75721806,0.91741616,0.7190893,0.90283936,0.7150665,0.9013385,0.7116108,0.8779453,0.6699038,0.8779059,0.6681229,0.86478543
2025-01-01 12:09:00,0.81041753,0.9861016,0.8185069,0.9738541,0.7946732,0.94302607,0.7805911,0.94461364,0.7541512,0.9356105,0.7570488,0.91729665,0.7189142,0.90272915,0.7149103,0.9012297,0.71145284,0.8778426,0.66975635,0.87781084,0.6679896,0.86470455
2025-01-01 12:10:00,0.81032544,0.9860386,0.8184062,0.9737831,0.7945639,0.9429523,0.7804765,0.9445321,0.75403214,0.93552995,0.75693417,0.9172145,0.71879613,0.9026537,0.7148054,0.90115607,0.711348,0.8777744,0.66965985,0.8777492,0.6679039,0.86465365
2025-01-01 12:11:00,0.81026584,0.9859971,0.81833947,0.97373486,0.7944901,0.9429011,0.7803982,0.94447494,0.75395024,0.935473,0.75685513,0.9171567,0.71871525,0.9026008,0.7147339,0.9011055,0.71127766,0.8777287,0.66959643,0.87770927,0.66784906,0.86462224
2025-01-01 12:12:00,0.8102273,0.98596954,0.8182948,0.97370154,0.7944395,0.94286454,0.78034353,0.94443357,0.75389266,0.9354315,0.7567991,0.9171146,0.71865845,0.9025626,0.7146841,0.9010699,0.7112299,0.8776976,0.66955465,0.87768346,0.6678144,0.86460346
2025-01-01 12:13:00,0.8102025,0.9859511,0.8182645,0.9736778,0.7944038,0.9428375,0.78030425,0.9444026,0.7538507,0.93539995,0.75675815,0.9170828,0.7186174,0.90253395,0.71464837,0.90104395,0.7111968,0.877676,0.6695269,0.87766683,0.6677928,0.86459297
2025-01-01 12:14:00,0.81018656,0.98593855,0.8182434,0.97366035,0.7943779,0.94281656,0.7802749,0.94437826,0.75381905,0.93537486,0.756727,0.9170577,0.71858644,0.90251154,0.71462184,0.9010244,0.7111732,0.87766063,0.6695083,0.8776563,0.66777974,0.8645879
2025-01-01 12:15:00,0.8101764,0.9859298,0.81822836,0.97364694,0.79435843,0.9427996,0.780252,0.9443582,0.753794,0.93535393,0.7567021,0.91703695,0.7185622,0.9024932,0.71460134,0.9010089,0.7111558,0.8776493,0.6694956,0.8776496,0.66777223,0.8645863
2025-01-01 12:16:00,0.81016994,0.9859235,0.8182172,0.9736361,0.79434294,0.9427853,0.78023326,0.94434106,0.7537733,0.9353358,0.7566814,0.917019,0.7185422,0.90247744,0.7145847,0.9009962,0.7111425,0.87764066,0.66948676,0.8776455,0.6677683,0.864587
2025-01-01 12:17:00,0.81016594,0.9859188,0.8182086,0.973627,0.7943301,0.9427727,0.78021735,0.9443257,0.7537554,0.93531936,0.7566633,0.9170029,0.7185251,0.90246344,0.71457064,0.90098524,0.7111318,0.8776338,0.66948056,0.8776431,0.66776687,0.8645893
2025-01-01 12:18:00,0.81016344,0.98591506,0.8182016,0.9736189,0.794319,0.9427611,0.7802031,0.9443115,0.7537393,0.93530416,0.75664705,0.9169881,0.71850985,0.9024506,0.7145582,0.90097547,0.7111228,0.877628,0.66947603,0.87764186,0.6677669,0.8645925
2025-01-01 12:19:00,0.81016195,0.985912,0.8181956,0.9736115,0.79430896,0.9427502,0.78019,0.944298,0.75372434,0.93528974,0.756632,0.916974,0.7184957,0.9024386,0.7145469,0.9009664,0.71111506,0.8776231,0.6694726,0.87764126,0.66776806,0.8645964
2025-01-01 12:20:00,0.81016105,0.9859093,0.8181902,0.9736045,0.7942996,0.9427397,0.78017765,0.94428504,0.75371015,0.93527573,0.75661755,0.9169605,0.7184825,0.90242696,0.7145363,0.90095794,0.7111081,0.87761855,0.6694699,0.8776412,0.66776985,0.8646008
2025-01-01 12:21:00,0.8101605,0.98590684,0.8181853,0.9735978,0.7942907,0.94272953,0.78016573,0.9442724,0.75369644,0.9352621,0.7566036,0.9169473,0.71846974,0.9024157,0.7145262,0.90094984,0.71110153,0.8776145,0.6694677,0.87764156,0.6677721,0.8646054
2025-01-01 12:22:00,0.8101602,0.9859045,0.8181806,0.97359127,0.7942821,0.9427195,0.7801541,0.94425994,0.7536831,0.93524855,0.75659,0.91693425,0.71845734,0.90240467,0.71451646,0.90094197,0.7110954,0.8776106,0.66946584,0.8776421,0.6677748,0.8646104
2025-01-01 12:23:00,0.81016004,0.98590225,0.8181761,0.97358483,0.7942736,0.9427095,0.7801426,0.94424754,0.7536699,0.93523526,0.7565766,0.91692144,0.7184452,0.9023938,0.7145069,0.9009343,0.71108955,0.8776069,0.66946423,0.87764287,0.6677776,0.8646154
2025-01-01 12:24:00,0.8101599,0.98590004,0.81817156,0.97357833,0.7942653,0.9426996,0.7801313,0.9442352,0.75365686,0.93522197,0.75656337,0.91690874,0.7184332,0.902383,0.7144975,0.90092665,0.7110838,0.8776034,0.6694628,0.87764376,0.66778064,0.8646206
2025-01-01 12:25:00,0.81015986,0.9858978,0.81816715,0.9735719,0.79425687,0.94268966,0.78011996,0.944223,0.7536439,0.93520874,0.75655013,0.91689605,0.7184213,0.90237236,0.7144883,0.9009192,0.7110782,0.87759995,0.66946155,0.8776447,0.6677838,0.86462593
2025-01-01 12:26:00,0.81015986,0.9858955,0.8181627,0.97356546,0.7942485,0.94267976,0.7801087,0.9442107,0.753631,0.9351956,0.756537,0.91688347,0.7184095,0.90236175,0.71447915,0.9009118,0.7110727,0.8775966,0.66946036,0.8776458,0.667787,0.8646313
2025-01-01 12:27:00,0.81015974,0.9858932,0.8181582,0.97355896,0.7942402,0.9426698,0.7800974,0.9441985,0.75361806,0.93518245,0.75652397,0.9168709,0.71839774,0.9023512,0.7144701,0.9009045,0.7110673,0.87759334,0.6694593,0.877647,0.66779035,0.8646367
2025-01-01 12:28:00,0.81015956,0.98589087,0.8181537,0.97355247,0.79423183,0.9426599,0.78008616,0.9441863,0.7536052,0.93516934,0.756511,0.9168584,0.718386,0.90234077,0.714461,0.90089726,0.711062,0.8775902,0.6694582,0.87764823,0.66779375,0.86464226
2025-01-01 12:29:00,0.8101594,0.9858885,0.81814915,0.9735459,0.7942234,0.94264996,0.7800749,0.94417405,0.7535923,0.9351562,0.756498,0.9168459,0.71837443,0.90233034,0.7144521,0.90089005,0.71105677,0.877587,0.6694573,0.87764955,0.66779727,0.86464787
2025-01-01 12:30:00,0.80325425,0.98106515,0.8109214,0.9684939,0.7866866,0.93772745,0.7724353,0.93886906,0.74585444,0.9300548,0.7491298,0.9116296,0.7107652,0.89753693,0.7076652,0.8960363,0.7040384,0.8729287,0.6628457,0.8731214,0.66167724,0.860651
2025-01-01 12:31:00,0.7987657,0.9779291,0.80622166,0.96520764,0.7817847,0.9345243,0.7674656,0.93541646,0.7408202,0.9267343,0.74433595,0.90823466,0.7058152,0.89441764,0.7032507,0.89287895,0.69947463,0.86989975,0.6585479,0.87017864,0.65770054,0.85805506
2025-01-01 12:32:00,0.7958481,0.97588974,0.80316514,0.96306926,0.7785955,0.93243873,0.7642313,0.933168,0.73754346,0.9245714,0.7412154,0.9060237,0.7025936,0.8923865,0.7003782,0.8908242,0.69650644,0.86793,0.655754,0.8682664,0.65511703,0.85636973
2025-01-01 12:33:00,0.7939514,0.9745632,0.8011768,0.9616769,0.7765194,0.93107957,0.762125,0.93170214,0.7354091,0.9231609,0.73918253,0.9045822,0.7004956,0.8910627,0.698508,0.88948625,0.6945754,0.8666486,0.6539379,0.86702406,0.65343904,0.8552763
2025-01-01 12:34:00,0.7927184,0.9737,0.7998826,0.9607695,0.775167,0.93019253,0.7607519,0.930745,0.73401725,0.9222395,0.7378566,0.90364087,0.699128,0.89019865,0.6972894,0.8886141,0.69331855,0.8658148,0.65275717,0.8662171,0.6523497,0.85456765
2025-01-01 12:35:00,0.7919167,0.97313786,0.79903966,0.96017724,0.7742849,0.92961234,0.7598554,0.93011856,0.733108,0.921636,0.7369903,0.9030247,0.698235,0.8896335,0.6964943,0.8880449,0.6924999,0.86527187,0.6519896,0.86569315,0.6516431,0.85410917
2025-01-01 12:36:00,0.7913954,0.9727715,0.79849,0.9597898,0.7737084,0.92923164,0.75926864,0.92970705,0.7325124,0.92123914,0.7364227,0.90261984,0.69765055,0.88926256,0.6959745,0.88767254,0.6919661,0.8649181,0.65149045,0.8653533,0.65118515,0.8538133
2025-01-01 12:37:00,0.79105633,0.97253233,0.7981309,0.95953554,0.7733306,0.9289806,0.7588832,0.9294352,0.73212075,0.9209766,0.73604923,0.9023524,0.6972667,0.88901794,0.6956336,0.88742816,0.69161755,0.8646872,0.65116596,0.86513305,0.6508889,0.85362303
2025-01-01 12:38:00,0.7908356,0.97237587,0.7978957,0.9593678,0.77308196,0.9288138,0.7586286,0.9292542,0.73186165,0.92080134,0.735802,0.9021743,0.6970132,0.8888554,0.69540906,0.887267,0.6913893,0.8645362,0.6509549,0.8649905,0.65069777,0.85350156
2025-01-01 12:39:00,0.79069185,0.9722731,0.79774106,0.9592563,0.7729173,0.92870176,0.7584591,0.9291321,0.73168874,0.92068285,0.7356368,0.9020542,0.69684446,0.8887463,0.69526017,0.88715994,0.69123936,0.8644372,0.65081763,0.86489856,0.650575,0.8534247
2025-01-01 12:40:00,0.7905981,0.9722052,0.7976388,0.95918125,0.77280706,0.9286252,0.7583448,0.9290484,0.73157173,0.92060125,0.7355249,0.90197194,0.6967309,0.8886719,0.69516045,0.887088,0.69114035,0.86437213,0.6507284,0.86483955,0.65049666,0.85337704
2025-01-01 12:41:00,0.7905368,0.97216,0.7975704,0.95913,0.7727323,0.9285719,0.75826645,0.92898965,0.7314912,0.9205437,0.73544765,0.9019141,0.6966531,0.8886201,0.69509274,0.887039,0.6910744,0.8643289,0.6506703,0.8648019,0.65044725,0.8533482
2025-01-01 12:42:00,0.7904966,0.97212946,0.7975241,0.9590941,0.7726805,0.9285335,0.75821143,0.92894703,0.7314343,0.9205016,0.7353929,0.9018723,0.69659865,0.8885829,0.6950458,0.8870049,0.69102997,0.8643001,0.6506325,0.86477816,0.6504167,0.8533317
2025-01-01 12:43:00,0.7904701,0.9721085,0.7974921,0.95906824,0.77264374,0.9285048,0.7581716,0.928915,0.73139274,0.92046964,0.73535293,0.9018408,0.69655937,0.8885552,0.69501245,0.8869805,0.69099957,0.8642805,0.65060794,0.86476356,0.65039825,0.85332316
2025-01-01 12:44:00,0.79045254,0.9720937,0.79746944,0.95904887,0.7726167,0.92848253,0.7581416,0.9288898,0.7313612,0.9204443,0.7353224,0.9018161,0.69652987,0.88853383,0.6949879,0.8869624,0.6909783,0.86426705,0.65059197,0.8647548,0.6503879,0.85331994
2025-01-01 12:45:00,0.7904407,0.9720829,0.7974528,0.9590337,0.7725959,0.92846435,0.758118,0.928869,0.7313361,0.92042327,0.7352981,0.9017958,0.69650686,0.88851655,0.69496906,0.88694847,0.6909629,0.8642576,0.6505817,0.86474997,0.65038264,0.85332006
2025-01-01 12:46:00,0.7904325,0.9720747,0.79744005,0.9590212,0.7725792,0.9284488,0.75809854,0.92885107,0.73131526,0.92040503,0.73527783,0.9017784,0.696488,0.8885019,0.694954,0.88693714,0.6909515,0.86425066,0.65057504,0.86474764,0.65038085,0.8533225
2025-01-01 12:47:00,0.7904268,0.9720681,0.7974298,0.9590105,0.772565,0.92843497,0.75808173,0.928835,0.7312972,0.9203886,0.7352601,0.90176284,0.6964719,0.88848895,0.69494134,0.88692766,0.69094265,0.86424553,0.6505708,0.864747,0.6503813,0.8533264
2025-01-01 12:48:00,0.79042256,0.9720626,0.79742116,0.9590009,0.7725526,0.9284223,0.7580667,0.92882013,0.7312808,0.92037326,0.7352442,0.90174854,0.69645756,0.8884772,0.6949303,0.8869193,0.69093543,0.8642415,0.6505681,0.8647474,0.65038323,0.8533312
2025-01-01 12:49:00,0.7904194,0.97205776,0.7974136,0.95899194,0.77254134,0.92841023,0.75805277,0.92880607,0.73126566,0.9203588,0.73522943,0.90173507,0.6964444,0.8884662,0.69492036,0.8869118,0.69092935,0.8642382,0.6505665,0.8647486,0.6503861,0.8533367
2025-01-01 12:50:00,0.7904168,0.97205335,0.7974066,0.9589835,0.77253073,0.92839867,0.7580396,0.92879254,0.73125124,0.92034477,0.73521537,0.901722,0.696432,0.8884556,0.6949111,0.8869048,0.690924,0.8642354,0.65056556,0.86475027,0.6503896,0.8533426
2025-01-01 12:51:00,0.7904145,0.9720492,0.7974001,0.9589753,0.77252054,0.92838734,0.75802684,0.92877924,0.7312373,0.9203311,0.7352017,0.9017094,0.69642013,0.8884455,0.6949024,0.88689816,0.6909191,0.864233,0.65056515,0.8647523,0.6503936,0.85334885
2025-01-01 12:52:00,0.7904125,0.9720452,0.79739386,0.9589672,0.7725106,0.9283762,0.7580144,0.9287662,0.73122364,0.92031765,0.7351884,0.901697,0.69640857,0.88843554,0.69489396,0.8868917,0.6909146,0.8642308,0.6505651,0.86475456,0.65039784,0.8533553
2025-01-01 12:53:00,0.79041064,0.97204125,0.7973877,0.9589593,0.7725009,0.9283652,0.7580021,0.92875326,0.7312102,0.9203043,0.7351754,0.9016847,0.6963973,0.88842577,0.69488573,0.8868855,0.6909103,0.86422884,0.6505652,0.864757,0.65040237,0.85336185
2025-01-01 12:54:00,0.79040885,0.97203726,0.79738164,0.9589514,0.7724912,0.9283542,0.75798994,0.92874044,0.7311969,0.92029107,0.73516244,0.90167254,0.69638616,0.8884161,0.6948776,0.8868794,0.69090617,0.864227,0.65056556,0.8647596,0.6504071,0.8533686
2025-01-01 12:55:00,0.79040706,0.9720333,0.79737556,0.9589435,0.77248156,0.9283432,0.75797784,0.9287276,0.73118365,0.9202779,0.73514956,0.9016605,0.69637513,0.8884065,0.69486976,0.88687336,0.69090223,0.86422527,0.650566,0.86476237,0.65041184,0.85337543
2025-01-01 12:56:00,0.7904053,0.9720294,0.79736954,0.9589356,0.77247196,0.92833227,0.75796574,0.9287149,0.7311705,0.9202648,0.7351368,0.9016485,0.69636416,0.88839704,0.69486195,0.88686746,0.69089836,0.8642236,0.6505665,0.8647651,0.65041673,0.8533823
2025-01-01 12:57:00,0.7904034,0.9720254,0.79736346,0.9589277,0.77246237,0.9283213,0.7579537,0.9287021,0.73115736,0.92025167,0.73512405,0.90163654,0.6963533,0.8883876,0.6948542,0.8868616,0.6908946,0.864222,0.6505672,0.86476797,0.6504217,0.8533892
2025-01-01 12:58:00,0.7904016,0.97202146,0.7973574,0.95891976,0.7724527,0.92831033,0.75794166,0.92868936,0.7311442,0.9202386,0.73511136,0.9016247,0.6963425,0.88837826,0.69484645,0.8868559,0.69089085,0.86422056,0.6505678,0.8647709,0.65042675,0.8533963
2025-01-01 12:59:00,0.79039973,0.9720174,0.7973513,0.9589118,0.7724431,0.92829937,0.7579296,0.9286766,0.73113114,0.92022556,0.7350988,0.9016128,0.6963318,0.88836896,0.6948389,0.88685024,0.6908873,0.8642191,0.65056866,0.8647739,0.6504319,0.8534034
2025-01-01 13:00:00,0.78362453,0.9670464,0.7902477,0.95376766,0.7650797,0.9233455,0.75052047,0.9233542,0.7237189,0.9151405,0.728049,0.89643884,0.6891319,0.8836642,0.68846583,0.8821018,0.6843096,0.8597463,0.644487,0.8603965,0.64484906,0.84959954
2025-01-01 13:01:00,0.7792199,0.9638137,0.7856281,0.95042104,0.76028997,0.9201216,0.74570036,0.9198901,0.7188964,0.9118306,0.7234623,0.89307165,0.68444836,0.88060284,0.68432075,0.8790134,0.68003297,0.8568385,0.64053434,0.85755235,0.6412221,0.84712964
2025-01-01 13:02:00,0.7763562,0.96171093,0.7826231,0.9482429,0.75717324,0.91802216,0.742563,0.917634,0.71575713,0.90967464,0.7204765,0.89087886,0.6814003,0.8786098,0.6816239,0.877004,0.67725194,0.85494804,0.63796544,0.8557048,0.63886654,0.84552675
2025-01-01 13:03:00,0.774494,0.96034265,0.78066766,0.9468243,0.75514394,0.9166536,0.7405194,0.916163,0.7137121,0.9082687,0.71853137,0.8894494,0.6794154,0.87731117,0.67986834,0.87569606,0.6754431,0.8537189,0.6362961,0.854505,0.63733727,0.8444875
2025-01-01 13:04:00,0.77328277,0.9594517,0.7793944,0.94589925,0.7538215,0.91576016,0.7391869,0.91520244,0.7123782,0.9073503,0.7172626,0.88851625,0.6781215,0.87646395,0.6787247,0.874844,0.67426634,0.8529196,0.6352114,0.8537263,0.6363452,0.84381455
2025-01-01 13:05:00,0.7724947,0.958871,0.7785645,0.9452951,0.7529584,0.91517544,0.7383164,0.91457355,0.7115066,0.9067488,0.7164336,0.88790554,0.67727685,0.87591004,0.6779789,0.8742883,0.6735003,0.85239965,0.6345068,0.8532214,0.63570225,0.8433797
2025-01-01 13:06:00,0.7719816,0.958492,0.77802277,0.94489944,0.7523939,0.91479146,0.73774636,0.91416025,0.7109355,0.90635324,0.71589035,0.8875046,0.67672414,0.87554693,0.6774915,0.8739253,0.6730013,0.8520614,0.6340493,0.8528944,0.6352863,0.8430997
2025-01-01 13:07:00,0.7716472,0.958244,0.77766836,0.9446394,0.7520235,0.91453797,0.7373715,0.91388714,0.7105597,0.9060916,0.7155329,0.8872399,0.6763612,0.87530774,0.6771722,0.87368757,0.67267585,0.8518413,0.6337524,0.8526831,0.6350179,0.84292036
2025-01-01 13:08:00,0.771429,0.95808125,0.77743566,0.9444673,0.75177914,0.91436917,0.7371236,0.91370505,0.7103108,0.90591705,0.71529615,0.88706374,0.6761218,0.8751492,0.6769622,0.8735312,0.67246324,0.85169786,0.63355994,0.85254705,0.63484544,0.84280646
2025-01-01 13:09:00,0.77128625,0.9579738,0.77728206,0.9443525,0.7516169,0.91425556,0.73695815,0.9135822,0.71014446,0.905799,0.71513796,0.88694525,0.67596245,0.87504303,0.67682326,0.87342787,0.67232406,0.8516044,0.6334353,0.8524599,0.63473535,0.8427351
2025-01-01 13:10:00,0.7711926,0.95790225,0.7771799,0.9442749,0.7515079,0.91417766,0.7368463,0.91349787,0.71003175,0.90571773,0.7150308,0.8868642,0.67585534,0.87497103,0.67673045,0.8733589,0.6722325,0.85154337,0.63335484,0.8524046,0.6346658,0.8426914
2025-01-01 13:11:00,0.7711308,0.95785415,0.7771111,0.94422144,0.75143343,0.91412306,0.73676926,0.91343856,0.7099539,0.9056604,0.71495676,0.88680744,0.67578214,0.8749211,0.67666775,0.87331235,0.67217207,0.85150355,0.6333031,0.8523699,0.6346227,0.84266573
2025-01-01 13:12:00,0.7710897,0.95782113,0.77706397,0.9441837,0.75138146,0.9140836,0.7367149,0.91339546,0.7098987,0.9056186,0.7149043,0.8867666,0.67573094,0.8748857,0.67662454,0.87328035,0.6721318,0.85147744,0.6332701,0.85234874,0.6345967,0.8426517
2025-01-01 13:13:00,0.771062,0.957798,0.77703094,0.9441561,0.75134414,0.9140539,0.7366752,0.9133629,0.70985824,0.9055869,0.7148659,0.8867361,0.6756941,0.8748596,0.6765941,0.8732579,0.6721046,0.8514603,0.6332492,0.8523363,0.63458186,0.8426454
2025-01-01 13:14:00,0.771043,0.95778126,0.77700704,0.9441351,0.7513163,0.9140306,0.7366451,0.9133373,0.7098273,0.9055618,0.71483666,0.88671225,0.67566663,0.87483966,0.67657185,0.8732416,0.67208606,0.851449,0.6332363,0.8523297,0.63457435,0.84264404
2025-01-01 13:15:00,0.7710296,0.95776856,0.7769891,0.9441185,0.7512946,0.9140115,0.73662114,0.9133161,0.7098027,0.905541,0.71481335,0.88669276,0.67564523,0.8748237,0.67655504,0.8732293,0.67207307,0.8514415,0.6332285,0.8523267,0.63457155,0.8426459
2025-01-01 13:16:00,0.77101994,0.95775855,0.7769749,0.94410455,0.7512769,0.91399497,0.7366013,0.9132977,0.70978206,0.90552294,0.71479386,0.88667613,0.67562777,0.87481034,0.67654186,0.87321967,0.67206377,0.85143656,0.633224,0.85232615,0.6345719,0.84264994
2025-01-01 13:17:00,0.7710126,0.95775026,0.77696323,0.9440924,0.7512618,0.9139802,0.73658395,0.91328126,0.70976406,0.90550673,0.7147769,0.88666135,0.675613,0.8747987,0.67653096,0.87321186,0.6720568,0.85143316,0.63322186,0.8523273,0.63457423,0.84265536
2025-01-01 13:18:00,0.7710067,0.95774305,0.77695316,0.9440814,0.75124824,0.91396654,0.7365684,0.91326606,0.7097478,0.90549165,0.71476156,0.8866478,0.6755998,0.87478817,0.6765215,0.8732051,0.6720514,0.85143095,0.63322115,0.85232943,0.634578,0.84266174
2025-01-01 13:19:00,0.7710018,0.9577366,0.7769441,0.9440711,0.7512359,0.9139536,0.73655385,0.9132516,0.7097326,0.90547734,0.7147473,0.886635,0.6755878,0.8747784,0.6765131,0.8731992,0.67204714,0.8514294,0.63322145,0.85233235,0.6345826,0.84266865
2025-01-01 13:20:00,0.7709975,0.95773053,0.7769357,0.9440613,0.75122416,0.9139411,0.7365401,0.91323763,0.70971817,0.9054636,0.71473384,0.8866228,0.67557645,0.87476915,0.6765053,0.87319374,0.6720435,0.8514284,0.6332223,0.85233575,0.63458776,0.84267604
2025-01-01 13:21:00,0.77099365,0.9577247,0.77692765,0.9440518,0.7512129,0.91392887,0.7365267,0.91322404,0.70970416,0.9054501,0.7147208,0.8866109,0.67556566,0.87476027,0.67649806,0.8731887,0.67204034,0.8514277,0.63322365,0.85233945,0.63459337,0.84268373
2025-01-01 13:22:00,0.77098995,0.9577191,0.7769199,0.9440424,0.75120187,0.9139169,0.7365137,0.91321063,0.7096905,0.9054369,0.71470803,0.8865993,0.6755552,0.87475157,0.6764911,0.87318385,0.67203754,0.8514272,0.63322526,0.8523434,0.63459927,0.8426916
2025-01-01 13:23:00,0.7709864,0.95771354,0.7769123,0.94403315,0.751191,0.91390496,0.7365008,0.9131974,0.7096771,0.9054238,0.7146955,0.88658786,0.675545,0.87474304,0.67648435,0.8731792,0.6720349,0.85142696,0.63322717,0.85234743,0.63460535,0.84269965
2025-01-01 13:24:00,0.7709829,0.957708,0.7769047,0.9440239,0.75118023,0.9138931,0.73648804,0.9131842,0.70966375,0.9054108,0.71468306,0.88657653,0.6755349,0.87473464,0.67647773,0.87317467,0.6720325,0.8514269,0.6332292,0.8523517,0.63461155,0.84270775
2025-01-01 13:25:00,0.77097946,0.95770246,0.77689725,0.94401467,0.7511695,0.91388124,0.73647535,0.9131711,0.70965046,0.9053979,0.71467084,0.88656527,0.67552495,0.87472636,0.67647123,0.8731702,0.6720302,0.85142684,0.63323134,0.8523561,0.6346179,0.842716
2025-01-01 13:26:00,0.77097595,0.9576969,0.7768897,0.9440055,0.75115883,0.91386944,0.73646265,0.913158,0.7096373,0.905385,0.71465856,0.8865541,0.6755151,0.8747181,0.6764649,0.8731659,0.67202806,0.8514269,0.63323367,0.85236055,0.63462436,0.84272426
2025-01-01 13:27:00,0.77097243,0.9576913,0.7768822,0.94399625,0.7511481,0.91385764,0.73645,0.91314495,0.7096241,0.9053722,0.7146464,0.886543,0.6755053,0.87470996,0.6764586,0.8731617,0.672026,0.851427,0.633236,0.852365,0.63463086,0.8427326
2025-01-01 13:28:00,0.7709689,0.9576857,0.7768746,0.943987,0.7511374,0.91384584,0.7364374,0.9131319,0.709611,0.90535945,0.7146343,0.8865319,0.67549556,0.8747019,0.67645234,0.8731575,0.67202395,0.85142726,0.6332384,0.8523696,0.6346374,0.842741
2025-01-01 13:29:00,0.77096534,0.9576801,0.77686703,0.9439778,0.7511267,0.913834,0.73642474,0.9131189,0.7095979,0.9053467,0.7146222,0.8865209,0.6754859,0.87469393,0.6764462,0.87315345,0.672022,0.85142756,0.6332409,0.85237426,0.6346441,0.8427495
2025-01-01 13:30:00,0.76444113,0.9526502,0.77001446,0.93883306,0.7440681,0.908937,0.7293784,0.9078741,0.70264375,0.90036863,0.70801663,0.88148165,0.66882396,0.87016165,0.6706008,0.868595,0.6660025,0.8472202,0.6277981,0.8482262,0.6296982,0.8392068
2025-01-01 13:31:00,0.760199,0.9493787,0.7655575,0.93548566,0.73947614,0.9057498,0.72479385,0.90446043,0.6981189,0.8971285,0.7037188,0.87820226,0.6644903,0.86721295,0.6667992,0.8656307,0.6620892,0.8444856,0.6242612,0.84553164,0.6264858,0.8369071
2025-01-01 13:32:00,0.7574403,0.94725025,0.7626578,0.9333066,0.7364876,0.90367395,0.7218095,0.90223694,0.69517326,0.8950179,0.700921,0.87606686,0.66167015,0.8652936,0.66432613,0.86370254,0.659545,0.8427083,0.6219632,0.84378195,0.6244002,0.8354153
2025-01-01 13:33:00,0.7556459,0.9458646,0.76077026,0.93188685,0.7345413,0.90232044,0.71986514,0.9007871,0.693254,0.89364165,0.6990982,0.87467504,0.6598337,0.86404335,0.6627165,0.8624479,0.65789074,0.8415533,0.6204705,0.8426463,0.62304693,0.8344487
2025-01-01 13:34:00,0.75447804,0.9449619,0.7595406,0.93096066,0.7332723,0.90143645,0.7185969,0.8998402,0.6920019,0.8927427,0.6979093,0.8737666,0.65863675,0.8632279,0.66166824,0.8616311,0.6568149,0.84080267,0.6195013,0.84190995,0.62216973,0.8338235
2025-01-01 13:35:00,0.7537176,0.944373,0.7587385,0.9303553,0.7324437,0.9008577,0.7177681,0.8992201,0.69118345,0.89215386,0.69713235,0.87317234,0.65785545,0.8626953,0.6609849,0.8610989,0.6561151,0.8403151,0.61887234,0.84143305,0.62160206,0.83342016
2025-01-01 13:36:00,0.75322187,0.94398814,0.7582144,0.92995846,0.7319012,0.90047723,0.7172249,0.8988124,0.6906469,0.8917667,0.69662315,0.87278235,0.6573444,0.86234635,0.6605387,0.86075175,0.65565974,0.8399985,0.6184645,0.84112483,0.62123555,0.8331611
2025-01-01 13:37:00,0.7528982,0.9437358,0.7578709,0.9296971,0.7315448,0.90022576,0.7168673,0.8985429,0.6902936,0.89151067,0.69628805,0.8725251,0.657009,0.86211693,0.66024673,0.86052483,0.65536326,0.8397929,0.61820054,0.8409264,0.6209999,0.83299583
2025-01-01 13:38:00,0.7526864,0.9435696,0.7576449,0.9295239,0.7313092,0.9000581,0.7166305,0.8983631,0.69005936,0.89133984,0.69606614,0.87235415,0.65678775,0.8619651,0.660055,0.86037606,0.65517014,0.8396597,0.6180301,0.8407992,0.62084913,0.8328915
2025-01-01 13:39:00,0.75254726,0.9434594,0.75749505,0.92940784,0.73115224,0.89994484,0.7164721,0.89824164,0.68990254,0.8912244,0.6959177,0.87223935,0.6566407,0.86186385,0.65992844,0.86027825,0.65504414,0.83957344,0.61792034,0.8407184,0.6207537,0.83282685
2025-01-01 13:40:00,0.7524553,0.94338554,0.75739485,0.929329,0.73104626,0.899867,0.71636456,0.8981581,0.6897961,0.89114493,0.6958172,0.872161,0.6565419,0.8617955,0.6598442,0.8602134,0.6549618,0.83951765,0.6178502,0.84066767,0.62069416,0.83278805
2025-01-01 13:41:00,0.752394,0.9433353,0.75732684,0.9292743,0.7309735,0.89981216,0.71629024,0.89809924,0.6897223,0.8910889,0.69574773,0.8721064,0.6564745,0.86174846,0.65978765,0.8601702,0.6549079,0.83948183,0.61780566,0.8406366,0.6206581,0.8327659
2025-01-01 13:42:00,0.7523527,0.9433004,0.75727975,0.92923534,0.73092234,0.8997722,0.7162374,0.8980564,0.68966985,0.8910481,0.6956985,0.87206715,0.6564275,0.86171526,0.659749,0.86014086,0.6548725,0.83945894,0.6177779,0.8406184,0.62063724,0.83275473
2025-01-01 13:43:00,0.7523243,0.94327545,0.75724626,0.9292065,0.73088515,0.89974207,0.7161987,0.898024,0.6896312,0.8910172,0.6956624,0.872038,0.6563939,0.86169124,0.659722,0.8601207,0.6548492,0.8394445,0.617761,0.84060836,0.6206263,0.8327507
2025-01-01 13:44:00,0.7523042,0.94325703,0.7572215,0.9291843,0.7308571,0.8997181,0.716169,0.89799833,0.68960154,0.89099276,0.69563484,0.87201536,0.65636885,0.86167306,0.65970254,0.8601065,0.6548336,0.8394355,0.61775136,0.8406038,0.62062174,0.8327513
2025-01-01 13:45:00,0.7522896,0.9432427,0.75720257,0.92916644,0.73083484,0.8996983,0.71614516,0.89797705,0.6895777,0.8909725,0.69561285,0.87199706,0.6563495,0.8616587,0.6596881,0.8600962,0.6548232,0.83943015,0.61774623,0.8406029,0.62062144,0.83275485
2025-01-01 13:46:00,0.7522785,0.94323117,0.7571873,0.92915136,0.7308165,0.89968115,0.7161252,0.89795864,0.6895577,0.8909549,0.69559455,0.8719815,0.65633374,0.8616469,0.6596769,0.8600884,0.6548161,0.8394272,0.61774415,0.8406042,0.6206239,0.8327604
2025-01-01 13:47:00,0.7522697,0.9432213,0.7571744,0.929138,0.73080057,0.8996657,0.71610767,0.89794207,0.6895401,0.8909392,0.6955786,0.87196773,0.65632045,0.86163676,0.65966785,0.8600823,0.6548112,0.8394257,0.6177441,0.84060705,0.6206281,0.8327673
2025-01-01 13:48:00,0.7522623,0.9432125,0.75716305,0.9291258,0.7307862,0.89965135,0.71609175,0.89792675,0.6895242,0.8909246,0.69556415,0.8719552,0.6563087,0.8616277,0.6596602,0.8600773,0.6548078,0.83942527,0.61774534,0.84061086,0.62063354,0.83277506
2025-01-01 13:49:00,0.75225586,0.9432045,0.7571527,0.92911434,0.730773,0.8996377,0.7160769,0.89791214,0.6895092,0.89091074,0.69555074,0.87194353,0.656298,0.86161935,0.6596535,0.8600731,0.65480536,0.8394255,0.61774737,0.84061545,0.6206398,0.8327834
2025-01-01 13:50:00,0.75224996,0.9431969,0.7571429,0.9291033,0.73076034,0.8996245,0.7160628,0.8978981,0.689495,0.89089745,0.69553804,0.8719323,0.656288,0.8616115,0.65964735,0.86006933,0.6548035,0.8394262,0.6177501,0.84062046,0.6206466,0.8327921
2025-01-01 13:51:00,0.7522445,0.94318956,0.7571336,0.9290926,0.7307481,0.89961165,0.7160491,0.89788437,0.68948126,0.89088446,0.6955257,0.8719214,0.6562785,0.861604,0.6596416,0.8600659,0.65480214,0.8394273,0.6177532,0.84062576,0.6206537,0.83280104
2025-01-01 13:52:00,0.75223917,0.94318235,0.7571245,0.92908204,0.7307362,0.89959896,0.7160356,0.89787084,0.6894678,0.8908717,0.6955138,0.87191075,0.65626925,0.8615967,0.65963626,0.8600627,0.654801,0.83942866,0.61775655,0.8406313,0.6206611,0.8328102
2025-01-01 13:53:00,0.752234,0.94317526,0.7571155,0.9290716,0.7307244,0.8995864,0.7160224,0.8978575,0.6894545,0.8908591,0.695502,0.8719003,0.6562602,0.8615896,0.6596311,0.86005974,0.6548002,0.83943003,0.6177601,0.84063697,0.62066865,0.8328195
2025-01-01 13:54:00,0.75222886,0.9431682,0.7571066,0.92906123,0.7307127,0.8995738,0.7160092,0.8978442,0.6894414,0.8908466,0.6954903,0.87188995,0.65625143,0.8615827,0.65962607,0.8600569,0.6547995,0.83943164,0.6177638,0.8406428,0.62067634,0.8328289
2025-01-01 13:55:00,0.75222373,0.94316113,0.7570978,0.92905086,0.7307011,0.8995613,0.71599615,0.89783096,0.6894283,0.89083415,0.6954788,0.8718797,0.6562427,0.8615758,0.6596212,0.86005414,0.6547989,0.8394334,0.61776763,0.8406488,0.6206841,0.83283836
2025-01-01 13:56:00,0.75221866,0.9431541,0.7570889,0.9290405,0.73068947,0.8995488,0.7159831,0.8978178,0.6894154,0.89082175,0.69546735,0.87186956,0.656234,0.861569,0.65961635,0.86005145,0.6547985,0.83943516,0.6177716,0.8406548,0.62069196,0.8328479
2025-01-01 13:57:00,0.75221354,0.943147,0.75708,0.9290301,0.7306779,0.8995364,0.71597004,0.8978046,0.68940246,0.8908094,0.69545597,0.87185943,0.6562255,0.86156225,0.65961164,0.8600489,0.6547981,0.839437,0.6177756,0.8406608,0.6206999,0.83285755
2025-01-01 13:58:00,0.7522084,0.9431399,0.75707114,0.9290198,0.7306663,0.8995239,0.71595705,0.89779156,0.6893895,0.89079714,0.6954446,0.8718494,0.656217,0.86155564,0.65960693,0.8600464,0.6547978,0.839439,0.61777973,0.840667,0.6207079,0.8328672
2025-01-01 13:59:00,0.7522032,0.94313276,0.7570622,0.9290094,0.73065466,0.89951146,0.71594405,0.89777845,0.68937665,0.8907849,0.6954333,0.87183946,0.6562086,0.861549,0.6596024,0.86004394,0.65479755,0.83944094,0.6177839,0.8406732,0.62071604,0.8328769
2025-01-01 14:00:00,0.74604636,0.93813366,0.75058293,0.92395616,0.72402686,0.894759,0.7093863,0.89270484,0.68300474,0.88600284,0.68938977,0.8670248,0.65020347,0.8572705,0.65438884,0.855757,0.6494438,0.83557385,0.613077,0.83682835,0.6164954,0.8296585
2025-01-01 14:01:00,0.7420426,0.9348816,0.74636817,0.9206679,0.7197147,0.8916656,0.70511913,0.8894024,0.6788585,0.88289016,0.6854575,0.8638918,0.6462973,0.8544871,0.6509985,0.85296977,0.64596385,0.83306104,0.610019,0.8343314,0.6137548,0.82757
2025-01-01 14:02:00,0.7394382,0.93276525,0.74362546,0.9185268,0.7169077,0.8896504,0.70234096,0.8872512,0.676159,0.8808627,0.6828977,0.86185193,0.6437554,0.85267574,0.6487932,0.85115725,0.64370185,0.83142847,0.6080328,0.8327107,0.6119764,0.8262159
2025-01-01 14:03:00,0.73774344,0.931387,0.74183947,0.91713136,0.715079,0.8883362,0.7005306,0.8858484,0.67439985,0.87954056,0.68122995,0.8605226,0.6421003,0.85149616,0.64735836,0.8499784,0.64223164,0.83036816,0.60674345,0.83165944,0.6108233,0.82533926
2025-01-01 14:04:00,0.7366399,0.9304885,0.74067533,0.9162206,0.7138862,0.8874775,0.6993492,0.884932,0.6732519,0.878677,0.680142,0.8596551,0.64102167,0.8507272,0.64642423,0.84921145,0.64127606,0.8296798,0.6059069,0.83097845,0.6100767,0.8247729
2025-01-01 14:05:00,0.73592067,0.9299019,0.7399155,0.9156249,0.7131068,0.88691497,0.69857687,0.8843317,0.67250127,0.8781114,0.67943096,0.8590878,0.64031774,0.85022527,0.64581555,0.8487122,0.640655,0.82923317,0.6053648,0.8305381,0.6095944,0.82440823
2025-01-01 14:06:00,0.73545116,0.9295179,0.7394183,0.91523397,0.712596,0.8865449,0.6980702,0.883937,0.67200893,0.8777396,0.6789649,0.8587158,0.63985735,0.8498968,0.6454185,0.84838706,0.6402514,0.8289438,0.605014,0.8302542,0.60928386,0.8241748
2025-01-01 14:07:00,0.735144,0.9292657,0.7390919,0.9149761,0.7122599,0.88629997,0.6977364,0.8836758,0.67168444,0.87749374,0.6786582,0.85847056,0.63955534,0.8496812,0.64515907,0.84817505,0.6399892,0.8287566,0.60478765,0.83007205,0.60908496,0.8240266
2025-01-01 14:08:00,0.7349424,0.9290991,0.73887646,0.9148047,0.71203727,0.8861363,0.6975148,0.8835015,0.67146903,0.8773297,0.678455,0.8583078,0.6393562,0.8495389,0.64498895,0.8480366,0.6398189,0.82863575,0.60464215,0.829956,0.6089587,0.8239337
2025-01-01 14:09:00,0.7348093,0.92898804,0.7387332,0.91468954,0.7118884,0.8860255,0.6973662,0.8833836,0.67132455,0.87721884,0.67831904,0.8581987,0.63922405,0.8494444,0.6448771,0.847946,0.63970846,0.8285582,0.6045493,0.829883,0.6088797,0.8238769
2025-01-01 14:10:00,0.73472077,0.92891324,0.7386367,0.9146109,0.71178746,0.885949,0.6972651,0.8833024,0.67122626,0.8771426,0.6782269,0.85812443,0.6391354,0.84938085,0.6448029,0.8478865,0.6396368,0.82850873,0.60449064,0.82983786,0.6088313,0.8238436
2025-01-01 14:11:00,0.73466116,0.9288618,0.73857063,0.9145559,0.7117176,0.8858949,0.69719476,0.88324505,0.6711579,0.8770889,0.67816323,0.8580728,0.6390751,0.84933746,0.6447534,0.8478472,0.6395904,0.82847756,0.6044542,0.829811,0.6088029,0.8238255
2025-01-01 14:12:00,0.73462033,0.9288257,0.73852444,0.91451645,0.7116681,0.88585526,0.69714445,0.88320315,0.6711091,0.87704986,0.678118,0.858036,0.6390332,0.84930724,0.6447199,0.8478212,0.63956046,0.8284583,0.60443234,0.82979596,0.6087875,0.8238173
2025-01-01 14:13:00,0.73459166,0.92879945,0.73849106,0.91448694,0.71163166,0.88582504,0.69710714,0.8831714,0.6710729,0.87702024,0.67808485,0.8580088,0.6390032,0.84928554,0.64469683,0.8478037,0.63954127,0.8284468,0.6044198,0.8297886,0.60878056,0.82381564
2025-01-01 14:14:00,0.7345709,0.9287796,0.738466,0.91446394,0.71160376,0.88580096,0.69707835,0.88314617,0.6710449,0.8769969,0.6780596,0.8579878,0.6389811,0.84926945,0.64468056,0.8477918,0.63952905,0.82844037,0.6044135,0.82978636,0.60877913,0.82381815
2025-01-01 14:15:00,0.7345553,0.9287639,0.73844635,0.9144451,0.71158147,0.8857809,0.69705504,0.8831252,0.6710223,0.87697756,0.6780394,0.85797095,0.63896406,0.849257,0.6446687,0.8477836,0.6395214,0.82843727,0.6044111,0.8297873,0.6087813,0.8238234
2025-01-01 14:16:00,0.734543,0.92875093,0.7384302,0.91442907,0.7115627,0.88576335,0.6970354,0.88310707,0.6710032,0.8769608,0.67802244,0.8579567,0.63895035,0.8492469,0.64465976,0.8477778,0.6395168,0.8284363,0.6044115,0.8297905,0.6087858,0.8238304
2025-01-01 14:17:00,0.7345329,0.92873967,0.7384163,0.9144147,0.7115463,0.8857475,0.69701797,0.8830907,0.6709864,0.8769458,0.6780077,0.85794425,0.6389387,0.84923846,0.6446528,0.8477736,0.639514,0.82843673,0.6044135,0.829795,0.6087919,0.82383865
2025-01-01 14:18:00,0.7345241,0.92872953,0.73840386,0.91440153,0.7115314,0.8857327,0.6970021,0.8830755,0.6709711,0.87693197,0.6779945,0.857933,0.63892865,0.849231,0.644647,0.8477704,0.6395126,0.82843816,0.60441667,0.8298005,0.608799,0.8238477
2025-01-01 14:19:00,0.73451614,0.92872006,0.73839235,0.9143891,0.71151745,0.8857186,0.69698715,0.88306105,0.6709567,0.87691885,0.67798215,0.8579225,0.6389195,0.8492242,0.64464206,0.8477679,0.63951206,0.8284402,0.6044206,0.82980657,0.6088068,0.82385725
2025-01-01 14:20:00,0.73450875,0.92871106,0.73838145,0.9143771,0.71150416,0.88570493,0.69697285,0.8830471,0.67094296,0.8769062,0.6779704,0.8579124,0.63891095,0.84921795,0.64463764,0.84776586,0.63951206,0.8284427,0.604425,0.8298131,0.60881495,0.82386714
2025-01-01 14:21:00,0.7345018,0.9287023,0.7383709,0.9143654,0.7114912,0.8856916,0.696959,0.8830335,0.6709297,0.87689394,0.67795914,0.85790277,0.63890284,0.849212,0.6446337,0.84776425,0.6395125,0.82844543,0.60442984,0.82982,0.60882354,0.8238773
2025-01-01 14:22:00,0.7344949,0.9286937,0.7383606,0.91435385,0.71147865,0.88567847,0.6969454,0.8830201,0.6709166,0.87688184,0.6779481,0.8578933,0.638895,0.8492062,0.64462996,0.84776276,0.63951313,0.8284485,0.6044349,0.8298271,0.60883224,0.8238876
2025-01-01 14:23:00,0.73448825,0.9286852,0.73835045,0.9143424,0.7114661,0.8856654,0.69693196,0.8830069,0.6709038,0.8768699,0.67793727,0.85788405,0.6388874,0.84920067,0.6446265,0.8477615,0.639514,0.82845163,0.6044401,0.8298342,0.6088412,0.82389796
2025-01-01 14:24:00,0.7344816,0.9286767,0.7383404,0.914331,0.7114537,0.88565236,0.69691867,0.8829937,0.6708911,0.87685806,0.6779266,0.8578749,0.63887995,0.84919524,0.6446231,0.8477604,0.63951504,0.8284549,0.6044454,0.82984155,0.6088502,0.82390845
2025-01-01 14:25:00,0.73447496,0.92866826,0.7383303,0.9143197,0.71144134,0.8856394,0.69690543,0.8829806,0.6708785,0.8768463,0.67791605,0.85786575,0.6388726,0.8491899,0.6446198,0.8477593,0.63951623,0.8284583,0.6044508,0.829849,0.6088593,0.82391906
2025-01-01 14:26:00,0.7344683,0.92865986,0.73832023,0.91430837,0.71142906,0.8856265,0.69689226,0.88296753,0.67086595,0.87683463,0.67790556,0.8578568,0.6388654,0.84918463,0.64461666,0.84775835,0.6395175,0.82846177,0.60445637,0.82985646,0.6088685,0.82392967
2025-01-01 14:27:00,0.73446167,0.9286514,0.7383102,0.91429704,0.7114167,0.88561356,0.6968791,0.88295454,0.67085344,0.876823,0.6778951,0.85784787,0.6388582,0.8491794,0.64461356,0.84775746,0.6395188,0.8284653,0.60446197,0.82986397,0.60887766,0.8239404
2025-01-01 14:28:00,0.73445493,0.9286429,0.7383001,0.9142857,0.7114044,0.8856007,0.6968659,0.88294154,0.6708409,0.87681144,0.6778847,0.85783905,0.6388511,0.8491743,0.6446106,0.8477567,0.6395203,0.8284689,0.6044677,0.8298716,0.608887,0.8239511
2025-01-01 14:29:00,0.73444825,0.9286344,0.73829,0.91427433,0.7113921,0.8855878,0.6968528,0.8829286,0.6708285,0.87679994,0.6778744,0.8578302,0.6388441,0.84916925,0.64460766,0.84775597,0.6395218,0.8284726,0.6044735,0.8298793,0.6088964,0.8239619
2025-01-01 14:30:00,0.7287687,0.92375535,0.73229957,0.9094025,0.7053132,0.8810645,0.6909004,0.8781168,0.66515243,0.8722991,0.6725007,0.853326,0.6336028,0.8452205,0.640119,0.84381694,0.63492906,0.82501507,0.60058635,0.8264059,0.6054762,0.8211251
2025-01-01 14:31:00,0.72507447,0.9205809,0.72840214,0.9062317,0.70135766,0.87811977,0.68702674,0.87498456,0.6614586,0.86936945,0.66900426,0.85039526,0.6301936,0.8426521,0.6372005,0.8412564,0.6319444,0.822769,0.5980618,0.8241509,0.6032564,0.819285
2025-01-01 14:32:00,0.7226709,0.9185145,0.7258653,0.90416664,0.69878215,0.87620115,0.68450433,0.87294406,0.6590533,0.86746126,0.666728,0.8484873,0.6279752,0.8409809,0.6353024,0.8395918,0.630005,0.82131046,0.596423,0.822688,0.6018169,0.8180927
2025-01-01 14:33:00,0.7211061,0.9171683,0.7242127,0.90282035,0.69710374,0.8749496,0.68286014,0.8716132,0.6574856,0.8662169,0.665245,0.8472441,0.6265309,0.839893,0.63406783,0.83850974,0.628745,0.8203638,0.59535986,0.82173985,0.6008846,0.8173216
2025-01-01 14:34:00,0.7200865,0.91629016,0.7231349,0.9019413,0.69600844,0.8741315,0.68178684,0.8707437,0.6564623,0.8654041,0.66427743,0.84643304,0.6255897,0.83918417,0.6332645,0.8378063,0.6279267,0.81974995,0.59467095,0.82112634,0.60028195,0.8168242
2025-01-01 14:35:00,0.7194213,0.9157163,0.72243065,0.90136576,0.6952921,0.8735952,0.6810846,0.87017405,0.65579283,0.8648719,0.663645,0.8459029,0.62497574,0.8387219,0.6327414,0.83734894,0.6273955,0.8193523,0.5942253,0.8207304,0.5998936,0.8165047
2025-01-01 14:36:00,0.71898645,0.9153401,0.7219693,0.9009877,0.69482213,0.8732421,0.68062353,0.86979926,0.65535337,0.8645219,0.66323054,0.8455554,0.6245743,0.8384198,0.6324006,0.83705163,0.62705094,0.8190953,0.5939378,0.8204758,0.59964466,0.816301
2025-01-01 14:37:00,0.71870124,0.9150925,0.72166574,0.9007378,0.69451225,0.873008,0.68031925,0.8695511,0.65506345,0.8642906,0.66295755,0.8453266,0.62431103,0.8382218,0.6321781,0.8368583,0.62682766,0.81892973,0.5937531,0.8203132,0.5994862,0.8161724
2025-01-01 14:38:00,0.7185133,0.91492844,0.7214648,0.90057135,0.6943065,0.8728513,0.6801169,0.86938536,0.65487075,0.8641363,0.66277665,0.84517497,0.6241377,0.8380916,0.63203275,0.83673257,0.6266833,0.81882364,0.5936353,0.82021034,0.59938663,0.8160928
2025-01-01 14:39:00,0.7183887,0.91481864,0.7213305,0.90045905,0.6941684,0.8727449,0.67998075,0.86927307,0.6547412,0.86403203,0.6626556,0.8450735,0.6240227,0.83800536,0.6319375,0.8366509,0.6265902,0.81875616,0.59356093,0.8201463,0.59932536,0.81604487
2025-01-01 14:40:00,0.71830505,0.9147441,0.7212395,0.900382,0.6940742,0.8726712,0.6798877,0.86919564,0.6546528,0.8639604,0.6625735,0.8450046,0.62394583,0.8379478,0.6318748,0.83659774,0.62653047,0.81871384,0.59351486,0.8201077,0.59928894,0.8160176
2025-01-01 14:41:00,0.7182481,0.91469246,0.7211767,0.90032774,0.6940086,0.87261873,0.6798226,0.8691408,0.654591,0.8639099,0.66251665,0.84495705,0.62389356,0.83790886,0.63183326,0.8365632,0.6264925,0.8186879,0.59348714,0.8200854,0.5992688,0.81600386
2025-01-01 14:42:00,0.71820855,0.9146557,0.72113216,0.90028834,0.69396156,0.87258005,0.6797757,0.8691007,0.6545467,0.86387324,0.6624763,0.84492326,0.62385744,0.8378821,0.63180554,0.8365409,0.62646854,0.81867266,0.5934714,0.8200739,0.59925914,0.81599885
2025-01-01 14:43:00,0.71818024,0.91462857,0.72109944,0.9002587,0.6939266,0.87255037,0.67974067,0.8690702,0.6545136,0.86384547,0.66244674,0.8448984,0.62383175,0.8378632,0.6317869,0.8365264,0.6264539,0.81866425,0.5934635,0.8200693,0.59925634,0.8159995
2025-01-01 14:44:00,0.71815914,0.9146077,0.72107446,0.90023524,0.69389945,0.8725265,0.67971337,0.8690458,0.65448785,0.8638236,0.6624241,0.8448795,0.62381285,0.8378495,0.631774,0.83651704,0.6264452,0.8186605,0.5934606,0.8200693,0.59925807,0.8160039
2025-01-01 14:45:00,0.7181428,0.9145909,0.72105455,0.9002159,0.6938774,0.87250644,0.67969096,0.8690255,0.6544669,0.8638055,0.66240597,0.84486437,0.6237985,0.8378392,0.63176495,0.83651114,0.62644047,0.8186596,0.59346116,0.8200723,0.59926265,0.8160107
2025-01-01 14:46:00,0.7181295,0.91457677,0.7210378,0.9001992,0.6938586,0.87248886,0.6796719,0.8690079,0.65444905,0.8637899,0.6623909,0.84485173,0.623787,0.837831,0.63175845,0.8365074,0.62643826,0.81866074,0.59346384,0.8200772,0.5992692,0.8160191
2025-01-01 14:47:00,0.7181182,0.91456425,0.72102314,0.9001841,0.69384205,0.8724728,0.67965484,0.868992,0.65443325,0.8637759,0.66237766,0.84484076,0.6237774,0.83782434,0.6317535,0.83650506,0.6264377,0.8186631,0.5934679,0.8200834,0.599277,0.81602854
2025-01-01 14:48:00,0.7181081,0.91455287,0.72100985,0.9001702,0.6938268,0.87245786,0.6796392,0.8689772,0.65441877,0.86376303,0.6623658,0.8448309,0.62376904,0.8378186,0.63174975,0.83650374,0.6264383,0.81866634,0.59347296,0.8200904,0.5992856,0.8160387
2025-01-01 14:49:00,0.7180989,0.91454214,0.72099745,0.9001569,0.6938125,0.87244356,0.6796245,0.8689632,0.65440524,0.8637509,0.6623547,0.84482175,0.6237616,0.83781356,0.6317467,0.836503,0.6264397,0.81867015,0.5934787,0.82009804,0.5992948,0.81604934
2025-01-01 14:50:00,0.7180902,0.9145319,0.7209856,0.90014416,0.69379866,0.87242967,0.6796103,0.8689496,0.65439224,0.86373913,0.6623443,0.84481305,0.6237547,0.8378089,0.63174415,0.8365028,0.62644154,0.8186744,0.59348476,0.82010597,0.5993043,0.8160602
2025-01-01 14:51:00,0.7180818,0.91452193,0.720974,0.9001317,0.6937853,0.8724161,0.67959654,0.86893636,0.6543796,0.8637277,0.6623341,0.8448047,0.6237482,0.83780456,0.63174194,0.83650285,0.62644374,0.8186788,0.59349114,0.8201142,0.5993141,0.8160713
2025-01-01 14:52:00,0.71807355,0.9145121,0.7209627,0.90011936,0.69377214,0.87240267,0.6795831,0.8689233,0.65436727,0.8637165,0.66232425,0.84479654,0.62374187,0.83780044,0.6317399,0.83650315,0.6264462,0.81868345,0.59349775,0.8201226,0.59932405,0.81608254
2025-01-01 14:53:00,0.71806544,0.9145023,0.7209515,0.90010715,0.69375914,0.87238944,0.6795697,0.8689104,0.65435505,0.8637055,0.66231453,0.8447887,0.6237357,0.8377965,0.6317381,0.8365036,0.6264488,0.8186883,0.59350455,0.8201312,0.5993341,0.8160939
2025-01-01 14:54:00,0.7180574,0.9144926,0.72094035,0.900095,0.6937462,0.8723762,0.6795565,0.86889756,0.65434295,0.8636946,0.662305,0.84478086,0.6237298,0.8377927,0.63173646,0.8365042,0.6264516,0.81869316,0.5935114,0.8201398,0.5993443,0.81610537
2025-01-01 14:55:00,0.7180493,0.9144829,0.7209293,0.9000828,0.6937334,0.87236303,0.6795433,0.8688848,0.65433097,0.8636837,0.6622956,0.8447731,0.623724,0.837789,0.63173497,0.83650494,0.6264544,0.81869817,0.59351844,0.8201486,0.59935457,0.81611687
2025-01-01 14:56:00,0.7180413,0.91447324,0.72091824,0.9000707,0.6937206,0.8723499,0.6795302,0.86887217,0.6543191,0.863673,0.6622862,0.8447655,0.6237182,0.83778536,0.6317335,0.8365057,0.6264574,0.8187033,0.59352547,0.8201574,0.59936494,0.8161284
2025-01-01 14:57:00,0.7180332,0.9144635,0.72090715,0.9000586,0.69370776,0.87233675,0.67951715,0.86885947,0.65430725,0.8636622,0.6622769,0.84475785,0.62371254,0.8377818,0.6317321,0.83650655,0.62646043,0.8187085,0.59353256,0.8201663,0.5993753,0.81614
2025-01-01 14:58:00,0.7180251,0.9144538,0.72089607,0.9000465,0.69369495,0.8723237,0.67950404,0.8688469,0.6542954,0.8636516,0.6622677,0.84475034,0.623707,0.83777833,0.6317308,0.83650744,0.62646353,0.8187137,0.5935398,0.8201753,0.59938574,0.8161516
2025-01-01 14:59:00,0.7180169,0.9144441,0.720885,0.9000344,0.69368213,0.8723106,0.67949104,0.8688343,0.6542836,0.86364096,0.66225857,0.8447429,0.62370145,0.8377749,0.6317296,0.83650845,0.62646675,0.818719,0.593547,0.82018423,0.5993962,0.81616324
2025-01-01 15:00:00,0.71291584,0.90977216,0.7154902,0.8954311,0.68826073,0.8680971,0.6742505,0.86437,0.6494045,0.85950154,0.6576506,0.84062964,0.6193177,0.83422625,0.6280459,0.83298755,0.6227172,0.8157326,0.5905492,0.8171449,0.5968375,0.8137589
2025-01-01 15:01:00,0.7095973,0.9067319,0.7119797,0.8924346,0.6847324,0.8653538,0.6708395,0.86146384,0.6462291,0.8568073,0.65465224,0.8379535,0.61646634,0.8319185,0.6256512,0.8306993,0.6202813,0.8137934,0.58860314,0.81517243,0.5951781,0.81220025
2025-01-01 15:02:00,0.7074373,0.9047523,0.70969397,0.8904826,0.68243444,0.8635661,0.66861784,0.8595705,0.644161,0.8550524,0.6527002,0.83621144,0.61461115,0.83041734,0.62409425,0.8292124,0.6186991,0.8125348,0.58734083,0.81389356,0.5941033,0.8111912
2025-01-01 15:03:00,0.70603037,0.90346205,0.70820427,0.88920957,0.6809362,0.86239946,0.6671692,0.85833544,0.6428126,0.85390806,0.6514282,0.8350767,0.61340344,0.8294405,0.623082,0.8282464,0.61767185,0.81171876,0.586523,0.8130655,0.59340835,0.8105394
2025-01-01 15:04:00,0.7051129,0.9026199,0.70723206,0.8883778,0.6799579,0.8616366,0.6662231,0.85752827,0.6419322,0.8531606,0.6505983,0.8343366,0.61261666,0.82880443,0.6224237,0.827619,0.61700547,0.81119025,0.585994,0.8125306,0.59296036,0.8101199
2025-01-01 15:05:00,0.7045136,0.90206903,0.70659614,0.8878328,0.6793175,0.86113614,0.6656036,0.8569993,0.6413558,0.85267115,0.6500558,0.833853,0.61210346,0.82839,0.62199557,0.8272117,0.6165736,0.8108487,0.5856529,0.8121861,0.59267294,0.8098514
2025-01-01 15:06:00,0.70412105,0.9017074,0.7061788,0.8874743,0.67889667,0.8608062,0.6651963,0.85665107,0.64097714,0.8523494,0.6497001,0.8335362,0.6117681,0.8281196,0.621717,0.82694745,0.61629415,0.8106288,0.58543384,0.8119655,0.59248984,0.80968106
2025-01-01 15:07:00,0.7038629,0.90146875,0.70590353,0.88723695,0.67861867,0.8605872,0.6649271,0.85642046,0.640727,0.8521366,0.64946586,0.8333279,0.61154836,0.8279428,0.62153566,0.8267762,0.6161138,0.8104878,0.5852941,0.8118254,0.5923747,0.8095745
2025-01-01 15:08:00,0.70369214,0.90131015,0.70572066,0.88707834,0.6784335,0.86044025,0.6647476,0.85626614,0.6405604,0.85199475,0.64931047,0.83319,0.61140376,0.8278269,0.62141764,0.82666546,0.6159979,0.8103983,0.58520603,0.8117376,0.5923036,0.8095094
2025-01-01 15:09:00,0.70357805,0.9012035,0.70559776,0.88697094,0.67830855,0.8603402,0.6646264,0.85616153,0.6404481,0.85189897,0.6492065,0.833098,0.61130816,0.8277506,0.6213407,0.82659405,0.6159239,0.81034213,0.5851515,0.8116839,0.5922612,0.80947125
2025-01-01 15:10:00,0.7035009,0.90113056,0.70551383,0.8868968,0.6782228,0.8602705,0.6645431,0.8560892,0.6403711,0.8518331,0.6491359,0.8330358,0.61124426,0.8277001,0.6212905,0.82654834,0.61587715,0.81030774,0.5851188,0.81165224,0.5922375,0.8094506
2025-01-01 15:11:00,0.7034477,0.9010796,0.70545536,0.8868443,0.6781625,0.8602206,0.6644844,0.8560379,0.640317,0.8517868,0.64908695,0.83299303,0.61120105,0.82766634,0.6212577,0.8265192,0.6158482,0.8102875,0.5851003,0.811635,0.59222585,0.8094414
2025-01-01 15:12:00,0.70341,0.9010428,0.7054132,0.8868058,0.6781188,0.8601836,0.6644417,0.85600024,0.640278,0.8517532,0.6490522,0.8329629,0.6111713,0.8276435,0.6212363,0.8265009,0.6158307,0.8102764,0.58509105,0.8116272,0.59222215,0.80943966
2025-01-01 15:13:00,0.7033825,0.90101534,0.7053819,0.88677645,0.6780859,0.860155,0.6644095,0.85597146,0.6402486,0.8517278,0.64902663,0.83294094,0.6111503,0.8276278,0.62122226,0.8264897,0.6158208,0.8102714,0.5850879,0.8116255,0.5922236,0.80944276
2025-01-01 15:14:00,0.70336145,0.9009938,0.7053574,0.88675296,0.67806,0.8601318,0.66438407,0.85594845,0.6402255,0.85170776,0.6490071,0.8329243,0.6111351,0.82761663,0.6212131,0.8264831,0.6158158,0.81027025,0.5850886,0.81162775,0.59222835,0.809449
2025-01-01 15:15:00,0.7033447,0.90097624,0.70533746,0.8867334,0.6780386,0.86011213,0.66436297,0.8559292,0.6402066,0.85169125,0.6489914,0.83291125,0.61112356,0.8276086,0.62120694,0.8264795,0.6158141,0.81027174,0.5850919,0.81163263,0.5922353,0.8094573
2025-01-01 15:16:00,0.7033307,0.90096116,0.70532036,0.8867163,0.6780201,0.8600948,0.66434485,0.8559124,0.6401903,0.85167706,0.6489783,0.83290046,0.6111145,0.82760245,0.62120295,0.8264779,0.6158144,0.81027484,0.5850969,0.8116392,0.59224373,0.8094669
2025-01-01 15:17:00,0.7033185,0.9009477,0.7053052,0.8867008,0.6780036,0.8600789,0.6643285,0.85589725,0.6401758,0.8516643,0.64896685,0.8328912,0.61110705,0.82759774,0.6212003,0.8264776,0.61581606,0.81027913,0.58510303,0.8116469,0.59225315,0.8094774
2025-01-01 15:18:00,0.70330733,0.90093523,0.70529133,0.8866863,0.6779883,0.86006397,0.66431344,0.8558831,0.64016247,0.8516526,0.64895654,0.8328829,0.6111007,0.8275938,0.6211986,0.8264781,0.6158187,0.8102841,0.58510983,0.81165534,0.5922631,0.8094885
2025-01-01 15:19:00,0.7032969,0.90092343,0.70527816,0.88667256,0.6779738,0.86004966,0.6642992,0.85586965,0.6401499,0.85164154,0.6489469,0.8328753,0.611095,0.8275905,0.6211975,0.82647926,0.6158219,0.81028956,0.58511716,0.8116643,0.59227353,0.8094999
2025-01-01 15:20:00,0.703287,0.9009121,0.7052655,0.8866592,0.67795986,0.8600358,0.6642854,0.8558567,0.64013785,0.8516309,0.6489378,0.8328681,0.6110898,0.82758766,0.6211968,0.8264808,0.6158256,0.8102954,0.58512485,0.8116736,0.5922842,0.80951166
2025-01-01 15:21:00,0.7032773,0.900901,0.7052532,0.8866461,0.6779462,0.86002225,0.664272,0.855844,0.6401261,0.8516206,0.64892906,0.83286124,0.61108494,0.82758504,0.62119645,0.82648265,0.6158296,0.8103015,0.5851328,0.8116831,0.59229505,0.8095235
2025-01-01 15:22:00,0.7032678,0.9008901,0.705241,0.8866332,0.6779328,0.86000884,0.6642588,0.8558315,0.64011467,0.85161054,0.64892054,0.8328546,0.6110803,0.8275826,0.6211962,0.8264846,0.6158337,0.8103077,0.5851408,0.8116928,0.5923061,0.80953556
2025-01-01 15:23:00,0.7032584,0.90087926,0.705229,0.8866204,0.67791945,0.85999554,0.66424567,0.8558192,0.64010334,0.8516006,0.64891213,0.8328482,0.6110758,0.82758033,0.6211962,0.8264868,0.61583805,0.8103141,0.58514905,0.8117026,0.5923172,0.80954766
2025-01-01 15:24:00,0.70324904,0.9008685,0.705217,0.8866077,0.6779063,0.8599824,0.66423273,0.855807,0.6400921,0.85159075,0.64890397,0.8328418,0.6110715,0.8275782,0.62119627,0.8264891,0.61584246,0.81032056,0.58515733,0.81171244,0.5923284,0.8095598
2025-01-01 15:25:00,0.7032397,0.9008577,0.7052051,0.886595,0.6778931,0.85996914,0.66421986,0.8557948,0.6400809,0.851581,0.6488958,0.8328355,0.61106735,0.82757616,0.62119645,0.82649153,0.61584705,0.8103271,0.58516574,0.8117224,0.5923397,0.80957204
2025-01-01 15:26:00,0.7032304,0.90084696,0.7051932,0.8865823,0.67788005,0.859956,0.66420704,0.8557827,0.64006984,0.85157126,0.6488877,0.83282936,0.61106324,0.8275742,0.62119675,0.826494,0.61585164,0.8103337,0.58517414,0.8117324,0.59235096,0.80958426
2025-01-01 15:27:00,0.70322096,0.90083617,0.7051813,0.8865696,0.67786694,0.85994285,0.6641943,0.8557706,0.6400588,0.8515616,0.6488797,0.8328232,0.6110591,0.82757235,0.62119704,0.82649654,0.6158563,0.81034046,0.58518267,0.8117425,0.5923623,0.8095966
2025-01-01 15:28:00,0.70321167,0.9008254,0.70516944,0.886557,0.6778539,0.8599298,0.66418153,0.8557586,0.6400479,0.85155207,0.6488718,0.8328172,0.6110552,0.82757056,0.62119746,0.8264992,0.61586106,0.8103472,0.58519125,0.8117526,0.5923737,0.8096089
2025-01-01 15:29:00,0.70320225,0.9008146,0.7051575,0.8865443,0.6778408,0.85991675,0.66416883,0.8557466,0.640037,0.85154253,0.648864,0.83281124,0.61105126,0.8275688,0.62119794,0.8265019,0.6158659,0.81035405,0.5851999,0.81176275,0.5923851,0.8096212
2025-01-01 15:30:00,0.6987709,0.8964331,0.7004549,0.8822915,0.6731737,0.85608834,0.6597334,0.8517096,0.6360422,0.8478384,0.64510405,0.82916224,0.6076032,0.82448405,0.6183851,0.82346207,0.6130264,0.807892,0.5831447,0.80921113,0.5907337,0.80769205
2025-01-01 15:31:00,0.69588715,0.89358133,0.69739395,0.8795227,0.67013556,0.8535953,0.6568459,0.8490814,0.6334418,0.8454274,0.6426574,0.8267884,0.6053606,0.8224784,0.61655694,0.8214872,0.6111825,0.80629414,0.58181196,0.8075562,0.58966434,0.8064424
2025-01-01 15:32:00,0.6940093,0.8917238,0.69540024,0.8777185,0.6681561,0.8519703,0.6549647,0.8473689,0.6317478,0.84385705,0.64106447,0.8252434,0.60390174,0.8211742,0.6153689,0.82020456,0.6099857,0.80525804,0.5809487,0.8064841,0.5889732,0.8056345
2025-01-01 15:33:00,0.6927854,0.8905126,0.6941,0.8765413,0.66686493,0.8509095,0.6537375,0.84625167,0.6306429,0.84283304,0.64002633,0.8242372,0.6029522,0.82032603,0.61459696,0.8193719,0.60920966,0.804587,0.58039075,0.8057909,0.5885281,0.80511373
2025-01-01 15:34:00,0.69198644,0.88972145,0.6932507,0.8757717,0.6660211,0.8502154,0.6529354,0.84552133,0.629921,0.84216416,0.6393489,0.82358116,0.6023337,0.8197742,0.6140955,0.81883174,0.60870695,0.8041534,0.58003116,0.805344,0.5882428,0.8047795
2025-01-01 15:35:00,0.69146377,0.88920337,0.6926944,0.87526697,0.665468,0.84975964,0.65240955,0.84504247,0.62944806,0.8417262,0.638906,0.8231528,0.6019305,0.81941503,0.61376995,0.81848174,0.6083821,0.803874,0.5798006,0.8050571,0.58806145,0.80456674
2025-01-01 15:36:00,0.6911206,0.8888627,0.6923286,0.87493443,0.6651039,0.8494588,0.65206337,0.8447271,0.6291369,0.8414383,0.6386155,0.8228724,0.60166717,0.8191812,0.61355865,0.81825536,0.6081728,0.80369496,0.57965386,0.8048743,0.58794767,0.80443275
2025-01-01 15:37:00,0.6908941,0.8886374,0.6920865,0.87471384,0.66486263,0.8492588,0.65183395,0.84451795,0.6289309,0.841248,0.6384241,0.8226883,0.60149485,0.81902874,0.6134217,0.81810933,0.6080386,0.8035811,0.57956165,0.8047592,0.5878778,0.8043501
2025-01-01 15:38:00,0.69074345,0.88848704,0.6919249,0.8745659,0.6647013,0.8491242,0.65168047,0.84437793,0.62879336,0.8411211,0.6382971,0.8225667,0.6013817,0.8189293,0.61333305,0.8180156,0.60795325,0.8035097,0.57950485,0.804688,0.5878365,0.8043007
2025-01-01 15:39:00,0.69064206,0.88838536,0.6918157,0.8744653,0.6645918,0.8490321,0.65157634,0.8442828,0.6287003,0.8410354,0.63821197,0.82248574,0.601307,0.8188643,0.61327577,0.81795585,0.6078997,0.80346584,0.5794712,0.8046455,0.58781374,0.80427307
2025-01-01 15:40:00,0.6905727,0.8883154,0.6917404,0.87439543,0.66451603,0.84896773,0.6515042,0.84421694,0.6286361,0.8409766,0.63815415,0.8224313,0.6012573,0.81882167,0.61323905,0.8179182,0.60786676,0.8034399,0.57945246,0.8046215,0.587803,0.8042594
2025-01-01 15:41:00,0.69052416,0.88826597,0.6916871,0.8743454,0.6644622,0.84892136,0.651453,0.84417003,0.6285907,0.8409353,0.638114,0.8223941,0.601224,0.81879365,0.6132156,0.8178949,0.60784733,0.8034258,0.5794435,0.80460966,0.5878002,0.804255
2025-01-01 15:42:00,0.6904891,0.88822985,0.69164824,0.87430847,0.66442263,0.84888667,0.65141535,0.84413546,0.6285576,0.84090525,0.63808537,0.822368,0.6012012,0.8187751,0.61320084,0.81788105,0.60783666,0.8034191,0.57944095,0.8046057,0.58780247,0.80425656
2025-01-01 15:43:00,0.6904628,0.8882025,0.6916187,0.87428,0.6643923,0.84885955,0.65138656,0.84410894,0.6285324,0.8408826,0.6380643,0.8223493,0.6011853,0.8187628,0.6131917,0.81787324,0.6078318,0.8034175,0.5794425,0.8046069,0.58780813,0.804262
2025-01-01 15:44:00,0.69044226,0.88818073,0.6915952,0.8742569,0.664368,0.84883744,0.6513635,0.84408766,0.62851244,0.84086484,0.6380482,0.82233536,0.601174,0.81875443,0.6131863,0.8178694,0.6078305,0.8034192,0.57944685,0.80461144,0.58781594,0.80426997
2025-01-01 15:45:00,0.69042534,0.8881626,0.6915756,0.8742374,0.6643476,0.8488185,0.6513441,0.84406984,0.6284959,0.8408502,0.6380352,0.8223246,0.6011656,0.81874883,0.6131833,0.81786823,0.6078317,0.80342287,0.5794529,0.8046182,0.58782524,0.8042795
2025-01-01 15:46:00,0.69041085,0.8881469,0.69155854,0.87422025,0.66432977,0.8488017,0.65132713,0.84405416,0.62848145,0.8408376,0.63802433,0.82231575,0.6011591,0.81874496,0.6131819,0.81786877,0.6078346,0.803428,0.57946014,0.8046263,0.58783543,0.8042902
2025-01-01 15:47:00,0.69039786,0.88813263,0.69154316,0.8742046,0.6643136,0.84878623,0.6513118,0.84404004,0.6284685,0.8408264,0.6380148,0.82230836,0.6011539,0.8187422,0.6131816,0.81787044,0.60783845,0.8034341,0.57946813,0.8046354,0.58784616,0.8043015
2025-01-01 15:48:00,0.6903858,0.88811934,0.6915288,0.87418985,0.6642985,0.84877163,0.6512975,0.8440268,0.62845653,0.840816,0.6380062,0.8223018,0.60114956,0.81874025,0.61318195,0.8178729,0.60784304,0.8034407,0.57947665,0.8046451,0.58785737,0.80431336
2025-01-01 15:49:00,0.69037443,0.88810676,0.69151515,0.8741758,0.6642841,0.8487577,0.65128386,0.84401417,0.62844515,0.8408063,0.6379982,0.82229584,0.6011458,0.81873876,0.6131828,0.81787586,0.60784817,0.8034477,0.5794855,0.80465525,0.5878688,0.8043255
2025-01-01 15:50:00,0.69036347,0.88809454,0.691502,0.8741621,0.66427016,0.84874403,0.65127075,0.844002,0.62843424,0.840797,0.6379907,0.82229036,0.6011424,0.8187377,0.6131839,0.8178792,0.60785353,0.8034552,0.5794946,0.8046656,0.5878805,0.80433786
2025-01-01 15:51:00,0.6903527,0.8880825,0.69148904,0.87414867,0.6642565,0.8487307,0.6512579,0.84399015,0.62842363,0.84078795,0.6379835,0.8222851,0.6011393,0.81873685,0.61318535,0.8178828,0.60785913,0.80346274,0.5795039,0.80467623,0.5878923,0.8043503
2025-01-01 15:52:00,0.69034207,0.8880707,0.6914763,0.8741354,0.66424304,0.8487175,0.6512452,0.84397846,0.6284132,0.8407791,0.6379764,0.82228005,0.6011364,0.81873614,0.6131869,0.8178865,0.607865,0.80347043,0.57951325,0.804687,0.5879042,0.8043629
2025-01-01 15:53:00,0.6903316,0.8880589,0.69146365,0.87412226,0.6642297,0.8487044,0.65123266,0.84396684,0.62840295,0.8407704,0.63796955,0.8222751,0.60113364,0.8187356,0.6131886,0.8178904,0.6078709,0.8034783,0.5795227,0.8046979,0.58791614,0.8043755
2025-01-01 15:54:00,0.69032115,0.8880473,0.6914511,0.8741092,0.66421646,0.8486914,0.65122026,0.8439554,0.62839276,0.8407618,0.63796276,0.82227033,0.601131,0.8187352,0.6131905,0.81789434,0.60787696,0.8034862,0.5795323,0.8047088,0.5879282,0.8043882
2025-01-01 15:55:00,0.69031066,0.8880356,0.69143856,0.8740961,0.6642032,0.84867847,0.6512079,0.8439441,0.6283827,0.8407533,0.6379561,0.8222657,0.60112846,0.8187349,0.6131924,0.8178984,0.6078831,0.8034942,0.5795419,0.80471975,0.58794016,0.8044009
2025-01-01 15:56:00,0.69030017,0.888024,0.691426,0.8740831,0.66419005,0.8486656,0.65119565,0.8439327,0.62837267,0.84074485,0.63794947,0.82226104,0.601126,0.8187346,0.61319435,0.81790257,0.60788924,0.8035022,0.5795517,0.8047308,0.58795226,0.8044137
2025-01-01 15:57:00,0.6902897,0.8880123,0.69141346,0.87407005,0.66417694,0.84865266,0.65118337,0.8439214,0.62836266,0.84073645,0.63794285,0.8222565,0.60112363,0.81873447,0.61319643,0.8179068,0.60789555,0.80351037,0.5795614,0.80474186,0.58796436,0.8044265
2025-01-01 15:58:00,0.69027925,0.8880006,0.69140095,0.87405705,0.6641638,0.84863985,0.65117115,0.8439102,0.62835276,0.8407281,0.6379364,0.82225204,0.60112137,0.8187344,0.6131986,0.8179111,0.6079019,0.80351853,0.5795712,0.804753,0.5879765,0.8044393
2025-01-01 15:59:00,0.6902687,0.8879889,0.6913884,0.87404406,0.6641507,0.84862703,0.651159,0.843899,0.62834287,0.8407199,0.63793,0.8222477,0.6011191,0.81873435,0.6132007,0.81791544,0.60790825,0.80352676,0.579581,0.80476415,0.5879887,0.8044521
2025-01-01 16:00:00,0.6865861,0.8839761,0.6874617,0.8702176,0.660321,0.84525204,0.64760786,0.8403613,0.6253037,0.8375173,0.6350851,0.81912804,0.5986683,0.816168,0.6113088,0.8154109,0.6060294,0.80163324,0.57850534,0.8027462,0.58727396,0.8030326
2025-01-01 16:01:00,0.68418854,0.88136363,0.6849049,0.86772585,0.65782714,0.8430538,0.6452954,0.8380579,0.62332475,0.8354328,0.6332338,0.81709886,0.59707445,0.8144999,0.61007994,0.8137845,0.60481036,0.8004053,0.5778096,0.80143845,0.5868137,0.80211437
2025-01-01 16:02:00,0.6826264,0.8796614,0.6832385,0.8661017,0.6562015,0.8416205,0.6437881,0.8365568,0.6220351,0.8340751,0.6320283,0.81577843,0.5960378,0.8134158,0.609282,0.812729,0.60402036,0.79961014,0.57736087,0.80059236,0.58651876,0.8015221
2025-01-01 16:03:00,0.68160737,0.87855077,0.682151,0.86504143,0.6551402,0.84068435,0.64280415,0.8355773,0.6211934,0.8331898,0.6312425,0.8149187,0.5953633,0.81271124,0.60876423,0.81204456,0.6035092,0.7990963,0.57707274,0.8000464,0.58633137,0.80114156
2025-01-01 16:04:00,0.6809412,0.8778247,0.6814397,0.8643477,0.6544459,0.84007144,0.6421603,0.83493674,0.620643,0.8326115,0.6307297,0.8143584,0.5949242,0.8122534,0.6084286,0.8116013,0.6031793,0.79876524,0.576889,0.79969543,0.5862139,0.80089873
2025-01-01 16:05:00,0.68050444,0.8773486,0.6809729,0.86389214,0.65399,0.8396686,0.64173764,0.8345165,0.6202819,0.8322329,0.6303942,0.8139929,0.5946382,0.8119559,0.60821134,0.8113148,0.6029672,0.79855305,0.57677305,0.7994714,0.5861418,0.8007454
2025-01-01 16:06:00,0.6802167,0.877035,0.6806651,0.8635915,0.6536891,0.8394023,0.64145875,0.8342396,0.6200438,0.83198404,0.63017404,0.81375396,0.5944517,0.81176275,0.6080711,0.81113034,0.6028317,0.7984182,0.5767013,0.79932964,0.5860993,0.80065036
2025-01-01 16:07:00,0.68002594,0.876827,0.6804606,0.8633915,0.65348893,0.83922476,0.6412732,0.83405584,0.61988574,0.83181953,0.63002884,0.81359726,0.5943299,0.8116374,0.60798085,0.81101215,0.60274607,0.7983335,0.5766582,0.79924154,0.586076,0.800593
2025-01-01 16:08:00,0.67989814,0.8766876,0.6803232,0.863257,0.6533542,0.8391049,0.64114845,0.8339326,0.6197797,0.83170986,0.62993246,0.81349415,0.5942501,0.8115561,0.60792315,0.81093705,0.6026928,0.79828155,0.57663375,0.7991883,0.5860652,0.8005603
2025-01-01 16:09:00,0.67981124,0.8765928,0.6802294,0.8631649,0.6532621,0.8390226,0.6410632,0.8338486,0.61970747,0.8316359,0.6298678,0.8134257,0.5941977,0.81150347,0.6078867,0.81088996,0.60266066,0.7982508,0.5766215,0.79915774,0.5860625,0.80054355
2025-01-01 16:10:00,0.6797509,0.876527,0.68016404,0.8631005,0.65319765,0.83896464,0.64100367,0.83379024,0.6196573,0.83158517,0.62982374,0.81338,0.5941631,0.8114695,0.607864,0.8108611,0.6026422,0.7982339,0.5766171,0.7991419,0.5860651,0.8005372
2025-01-01 16:11:00,0.6797079,0.87648004,0.6801171,0.8630541,0.6531512,0.83892256,0.6409608,0.8337486,0.61962134,0.8315495,0.62979305,0.813349,0.5941402,0.8114477,0.6078503,0.8108441,0.60263264,0.79822606,0.57661784,0.7991356,0.58607113,0.80053765
2025-01-01 16:12:00,0.67967606,0.8764453,0.68008214,0.86301935,0.65311646,0.8388908,0.64092875,0.83371776,0.61959475,0.83152366,0.6297712,0.8133276,0.59412473,0.8114338,0.60784245,0.81083494,0.6026289,0.79822403,0.57662195,0.7991356,0.5860794,0.8005424
2025-01-01 16:13:00,0.6796515,0.8764185,0.6800549,0.8629921,0.6530893,0.8388657,0.64090383,0.833694,0.61957425,0.8315042,0.62975496,0.8133125,0.5941142,0.8114251,0.60783845,0.8108307,0.602629,0.7982258,0.5766283,0.7991397,0.5860892,0.80055004
2025-01-01 16:14:00,0.6796317,0.87639683,0.68003273,0.8629699,0.6530671,0.838845,0.6408835,0.8336748,0.6195577,0.83148897,0.6297425,0.8133014,0.5941069,0.8114198,0.60783696,0.8108299,0.60263157,0.7982301,0.5766361,0.79914635,0.5860999,0.8005596
2025-01-01 16:15:00,0.67961496,0.8763785,0.68001384,0.8629508,0.6530481,0.8388272,0.64086616,0.83365864,0.61954373,0.83147645,0.62973243,0.813293,0.5941018,0.8114167,0.6078371,0.8108311,0.6026358,0.798236,0.57664484,0.7991548,0.58611125,0.80057037
2025-01-01 16:16:00,0.6796001,0.8763623,0.67999715,0.8629339,0.65303123,0.8388112,0.6408508,0.83364445,0.61953145,0.8314657,0.629724,0.81328636,0.594098,0.811415,0.6078383,0.8108338,0.6026411,0.7982431,0.57665414,0.7991644,0.586123,0.8005819
2025-01-01 16:17:00,0.6795866,0.8763476,0.67998177,0.86291826,0.6530157,0.83879644,0.6408367,0.8336315,0.61952025,0.8314562,0.62971663,0.81328094,0.5940952,0.81141436,0.60784024,0.81083745,0.6026471,0.7982508,0.5766639,0.7991748,0.58613497,0.8005939
2025-01-01 16:18:00,0.67957395,0.8763338,0.67996734,0.8629036,0.653001,0.83878237,0.6408234,0.83361936,0.6195098,0.8314474,0.62970996,0.81327623,0.5940929,0.8114143,0.6078427,0.81084174,0.6026537,0.798259,0.5766739,0.7991856,0.5861472,0.8006063
2025-01-01 16:19:00,0.6795618,0.8763205,0.6799534,0.8628894,0.65298694,0.8387689,0.6408107,0.83360785,0.6194999,0.8314392,0.62970376,0.81327206,0.5940912,0.8114147,0.6078454,0.81084645,0.6026605,0.7982676,0.5766842,0.7991967,0.5861596,0.80061895
2025-01-01 16:20:00,0.67954993,0.87630755,0.6799398,0.8628756,0.65297323,0.8387558,0.6407984,0.8335967,0.6194903,0.8314313,0.6296979,0.81326824,0.5940897,0.8114154,0.60784847,0.8108515,0.6026675,0.79827636,0.5766946,0.7992081,0.58617204,0.80063164
2025-01-01 16:21:00,0.6795383,0.8762949,0.6799265,0.86286205,0.6529598,0.83874285,0.64078635,0.8335858,0.619481,0.8314237,0.62969226,0.8132647,0.59408844,0.8114163,0.6078516,0.8108567,0.6026748,0.79828525,0.5767051,0.79921967,0.58618444,0.80064446
2025-01-01 16:22:00,0.67952675,0.8762824,0.6799134,0.86284864,0.65294653,0.8387301,0.6407744,0.83357507,0.6194718,0.83141625,0.62968683,0.81326133,0.5940873,0.81141746,0.607855,0.81086206,0.6026822,0.79829437,0.5767157,0.7992313,0.586197,0.8006574
2025-01-01 16:23:00,0.6795153,0.87626994,0.67990035,0.8628354,0.65293336,0.83871746,0.6407626,0.8335645,0.6194628,0.8314089,0.6296815,0.8132581,0.5940863,0.81141865,0.6078585,0.8108676,0.60268956,0.79830354,0.5767263,0.799243,0.58620954,0.8006703
2025-01-01 16:24:00,0.6795039,0.8762576,0.67988735,0.8628222,0.6529203,0.8387049,0.64075094,0.833554,0.6194538,0.8314017,0.6296763,0.81325495,0.5940854,0.81142,0.607862,0.8108732,0.60269713,0.7983128,0.576737,0.7992547,0.5862222,0.8006833
2025-01-01 16:25:00,0.67949253,0.8762452,0.6798744,0.862809,0.6529073,0.8386924,0.6407393,0.8335436,0.6194449,0.8313946,0.6296711,0.8132519,0.5940846,0.81142145,0.6078656,0.8108789,0.6027047,0.798322,0.5767477,0.7992666,0.5862348,0.8006964
2025-01-01 16:26:00,0.6794811,0.8762328,0.6798615,0.8627958,0.65289426,0.83867997,0.64072776,0.8335332,0.6194361,0.8313875,0.62966603,0.81324893,0.59408385,0.8114229,0.60786927,0.8108846,0.6027124,0.7983314,0.5767585,0.79927844,0.58624744,0.8007094
2025-01-01 16:27:00,0.67946965,0.87622046,0.6798485,0.86278266,0.65288126,0.8386676,0.64071625,0.833523,0.6194273,0.8313806,0.629661,0.81324613,0.5940832,0.81142443,0.607873,0.8108904,0.6027201,0.7983408,0.57676935,0.79929036,0.58626014,0.8007225
2025-01-01 16:28:00,0.67945826,0.8762081,0.6798356,0.86276954,0.65286833,0.8386552,0.64070475,0.8335128,0.6194187,0.8313737,0.62965614,0.8132433,0.5940826,0.8114261,0.60787684,0.8108963,0.6027279,0.7983503,0.57678014,0.7993023,0.5862728,0.80073553
2025-01-01 16:29:00,0.6794468,0.8761957,0.6798227,0.86275643,0.65285546,0.83864284,0.6406933,0.8335026,0.61941,0.83136684,0.62965125,0.8132406,0.59408206,0.8114278,0.6078807,0.81090224,0.6027357,0.79835975,0.57679105,0.79931426,0.5862855,0.8007486
2025-01-01 16:30:00,0.6765784,0.8726232,0.67674196,0.85942477,0.6499316,0.8357815,0.63809,0.83052707,0.6173804,0.82872283,0.62777215,0.810706,0.5926721,0.8094259,0.6069434,0.8089776,0.60185117,0.79706836,0.5767139,0.7978658,0.58652025,0.79986423
2025-01-01 16:31:00,0.67471,0.8702967,0.67473495,0.85725456,0.64802665,0.8339173,0.63639385,0.8285895,0.6160581,0.827002,0.6265491,0.80905765,0.5917555,0.80812544,0.6063356,0.8077287,0.6012791,0.7962323,0.57666767,0.7969285,0.58667725,0.79929394
2025-01-01 16:32:00,0.67349136,0.86878014,0.67342585,0.8558394,0.6467838,0.8327013,0.6352874,0.8273266,0.6151957,0.82588106,0.62575257,0.80798537,0.59115964,0.8072808,0.605942,0.8069191,0.60090995,0.79569227,0.57664144,0.79632354,0.5867838,0.79892784
2025-01-01 16:33:00,0.6726953,0.86779,0.67257035,0.85491496,0.64597154,0.8319067,0.6345643,0.8265022,0.6146322,0.8251502,0.6252332,0.8072875,0.5907723,0.8067324,0.60568756,0.80639505,0.6006729,0.79534465,0.5766283,0.7959345,0.58685756,0.7986945
2025-01-01 16:34:00,0.6721737,0.867142,0.67200977,0.85430944,0.645439,0.83138585,0.6340903,0.82596284,0.614263,0.8246728,0.624894,0.80683315,0.5905204,0.80637676,0.6055237,0.8060566,0.6005216,0.79512215,0.5766236,0.7956859,0.58690995,0.7985473
2025-01-01 16:35:00,0.67183065,0.8667165,0.6716408,0.8539113,0.64508843,0.83104306,0.6337783,0.8256088,0.6140201,0.8243603,0.624672,0.8065369,0.59035665,0.8061463,0.6054187,0.8058388,0.6004262,0.7949809,0.57662445,0.79552853,0.58694845,0.7984563
2025-01-01 16:36:00,0.67160356,0.86643547,0.6713965,0.8536479,0.64485604,0.830816,0.63357157,0.82537526,0.61385936,0.8241549,0.62452614,0.8063436,0.59025025,0.8059973,0.6053519,0.80569947,0.60036707,0.7948925,0.576629,0.7954305,0.586978,0.7984017
2025-01-01 16:37:00,0.6714518,0.8662485,0.6712331,0.8534721,0.6447005,0.8306641,0.6334333,0.82522,0.613752,0.8240192,0.6244298,0.8062172,0.5901811,0.8059012,0.6053101,0.8056112,0.6003315,0.79483855,0.5766358,0.79537106,0.5870017,0.79837084
2025-01-01 16:38:00,0.6713491,0.86612254,0.6711224,0.8533533,0.64459497,0.83056116,0.6333395,0.8251156,0.61367935,0.8239287,0.62436575,0.80613434,0.5901361,0.8058396,0.6052845,0.80555606,0.6003113,0.79480696,0.5766442,0.79533666,0.5870216,0.79835534
2025-01-01 16:39:00,0.6712782,0.86603624,0.6710458,0.8532715,0.6445219,0.83049,0.6332747,0.8250444,0.6136293,0.82386774,0.6243226,0.8060797,0.59010696,0.8058003,0.6052694,0.8055225,0.6003011,0.79478985,0.5766535,0.7953186,0.587039,0.79834986
2025-01-01 16:40:00,0.67122805,0.8659758,0.6709915,0.85321367,0.64446986,0.83043945,0.63322866,0.8249947,0.6135939,0.8238259,0.624293,0.8060435,0.5900881,0.80577564,0.6052612,0.80550295,0.60029733,0.7947823,0.57666355,0.79531115,0.5870548,0.7983508
2025-01-01 16:41:00,0.6711913,0.86593205,0.67095166,0.8531716,0.64443165,0.83040243,0.6331949,0.82495904,0.61356807,0.8237966,0.6242724,0.80601925,0.5900759,0.80576044,0.6052575,0.80549264,0.6002979,0.79478085,0.576674,0.7953106,0.58706963,0.79835606
2025-01-01 16:42:00,0.67116326,0.8658992,0.67092115,0.8531396,0.64440227,0.8303741,0.6331692,0.82493246,0.61354846,0.82377535,0.62425756,0.8060028,0.59006816,0.8057515,0.60525674,0.8054882,0.6003012,0.7947834,0.5766848,0.7953146,0.5870837,0.7983641
2025-01-01 16:43:00,0.67114085,0.8658734,0.6708968,0.8531142,0.6443787,0.83035153,0.63314855,0.82491183,0.613533,0.82375944,0.62424654,0.8059915,0.59006315,0.8057466,0.60525787,0.80548775,0.6003064,0.7947886,0.57669574,0.7953214,0.5870974,0.7983739
2025-01-01 16:44:00,0.6711222,0.86585224,0.6708764,0.85309315,0.644359,0.83033264,0.63313127,0.824895,0.61352015,0.82374704,0.62423795,0.80598354,0.5900601,0.8057443,0.6052603,0.8054898,0.60031277,0.7947955,0.5767069,0.79533017,0.5871109,0.79838485
2025-01-01 16:45:00,0.67110586,0.86583406,0.67085856,0.8530749,0.64434177,0.8303161,0.63311625,0.8248808,0.613509,0.82373685,0.62423104,0.80597776,0.59005827,0.80574375,0.60526353,0.80549353,0.6003199,0.79480356,0.57671815,0.79534024,0.5871241,0.7983966
2025-01-01 16:46:00,0.6710911,0.8658177,0.6708424,0.85305846,0.64432603,0.8303013,0.6331027,0.82486826,0.6134991,0.82372814,0.62422514,0.8059734,0.59005725,0.80574435,0.60526735,0.8054983,0.6003276,0.7948124,0.5767294,0.7953511,0.5871372,0.7984088
2025-01-01 16:47:00,0.67107725,0.86580276,0.6708273,0.8530432,0.6443114,0.8302874,0.6330901,0.82485676,0.6134899,0.82372046,0.62422,0.80597,0.5900569,0.8057457,0.6052715,0.8055039,0.6003356,0.79482174,0.5767408,0.7953625,0.5871503,0.7984213
2025-01-01 16:48:00,0.67106414,0.8657885,0.67081296,0.8530287,0.6442975,0.8302742,0.63307804,0.824846,0.6134812,0.8237134,0.62421536,0.8059673,0.59005684,0.8057477,0.605276,0.8055099,0.6003439,0.7948314,0.5767522,0.79537416,0.58716327,0.798434
2025-01-01 16:49:00,0.6710514,0.86577487,0.6707991,0.85301477,0.644284,0.8302615,0.63306653,0.8248358,0.61347294,0.8237068,0.6242111,0.80596495,0.590057,0.80574995,0.6052807,0.8055163,0.60035235,0.7948413,0.57676363,0.79538614,0.58717626,0.79844683
2025-01-01 16:50:00,0.67103887,0.8657615,0.6707855,0.8530011,0.6442708,0.8302491,0.6330552,0.8248258,0.6134649,0.8237005,0.62420696,0.8059629,0.59005743,0.80575246,0.6052855,0.8055229,0.60036093,0.7948513,0.57677513,0.7953983,0.58718926,0.79845977
2025-01-01 16:51:00,0.6710265,0.8657484,0.670772,0.85298765,0.6442578,0.83023685,0.6330441,0.8248161,0.61345696,0.82369447,0.624203,0.8059611,0.590058,0.80575514,0.6052905,0.8055297,0.6003696,0.79486144,0.5767867,0.7954105,0.5872022,0.79847276
2025-01-01 16:52:00,0.67101425,0.86573535,0.6707587,0.85297436,0.64424497,0.83022475,0.6330332,0.8248066,0.61344916,0.8236885,0.6241993,0.80595946,0.5900587,0.80575794,0.6052955,0.8055367,0.6003784,0.7948717,0.57679826,0.79542285,0.5872152,0.7984858
2025-01-01 16:53:00,0.6710021,0.8657224,0.67074543,0.8529611,0.6442323,0.8302128,0.6330224,0.8247972,0.61344147,0.8236827,0.6241957,0.805958,0.59005946,0.80576086,0.6053006,0.80554366,0.60038716,0.794882,0.5768098,0.79543525,0.5872281,0.79849887
2025-01-01 16:54:00,0.67098993,0.86570954,0.67073226,0.852948,0.6442195,0.8302009,0.6330117,0.82478786,0.6134339,0.82367706,0.6241921,0.8059566,0.5900603,0.8057639,0.6053058,0.8055508,0.6003961,0.7948924,0.57682145,0.79544765,0.5872411,0.798512
2025-01-01 16:55:00,0.67097783,0.8656967,0.6707191,0.8529349,0.6442069,0.8301891,0.63300097,0.82477856,0.6134263,0.82367146,0.62418854,0.80595523,0.59006125,0.805767,0.60531104,0.80555797,0.6004051,0.7949028,0.57683307,0.79546016,0.5872541,0.7985251
2025-01-01 16:56:00,0.6709656,0.86568385,0.670706,0.85292184,0.64419425,0.83017725,0.6329903,0.8247694,0.61341894,0.8236659,0.62418514,0.805954,0.59006226,0.8057702,0.6053164,0.8055652,0.6004141,0.7949133,0.57684475,0.7954727,0.5872671,0.79853815
2025-01-01 16:57:00,0.6709535,0.8656711,0.67069286,0.85290885,0.64418167,0.83016557,0.63297975,0.82476026,0.61341155,0.82366043,0.6241818,0.80595285,0.59006333,0.8057735,0.60532176,0.8055725,0.6004231,0.79492384,0.57685643,0.7954852,0.5872801,0.79855126
2025-01-01 16:58:00,0.67094135,0.8656583,0.67067975,0.85289586,0.64416915,0.8301538,0.6329692,0.8247512,0.6134042,0.82365507,0.6241785,0.8059517,0.59006447,0.8057768,0.6053271,0.80557984,0.6004322,0.7949344,0.5768682,0.7954977,0.5872931,0.7985644
2025-01-01 16:59:00,0.67092913,0.8656454,0.6706667,0.85288286,0.64415663,0.83014214,0.6329587,0.82474214,0.6133969,0.8236497,0.62417525,0.8059507,0.5900656,0.8057802,0.6053326,0.8055873,0.60044134,0.79494494,0.5768799,0.7955103,0.5873061,0.7985775
2025-01-01 17:00:00,0.6689264,0.8625768,0.6684869,0.85010535,0.64219075,0.82784545,0.6313495,0.8223823,0.61241317,0.8216116,0.62329566,0.80404645,0.58972174,0.8043786,0.6053668,0.80427694,0.60056674,0.79427886,0.5778028,0.7946572,0.58848614,0.79824376
2025-01-01 17:01:00,0.6676203,0.8605777,0.66706544,0.8482954,0.6409086,0.82634854,0.6302999,0.82084525,0.6117712,0.8202851,0.62272286,0.8028084,0.5894987,0.8034688,0.605391,0.8034279,0.6006515,0.7938496,0.57840675,0.7941071,0.58925766,0.7980315
2025-01-01 17:02:00,0.666767,0.8592738,0.6661369,0.8471144,0.64007086,0.82537144,0.62961406,0.81984305,0.6113515,0.81942105,0.62234944,0.80200344,0.5893542,0.8028787,0.6054088,0.8028786,0.60070986,0.7935744,0.5788035,0.793754,0.58976376,0.79789805
2025-01-01 17:03:00,0.66620815,0.85842174,0.6655288,0.84634227,0.63952196,0.82473236,0.62916464,0.8191886,0.61107624,0.81885767,0.6221057,0.80147994,0.5892608,0.80249643,0.6054223,0.8025243,0.60075104,0.7933992,0.57906556,0.79352885,0.5900973,0.7978159
2025-01-01 17:04:00,0.6658405,0.85786337,0.6651289,0.8458358,0.6391608,0.82431287,0.62886894,0.8187601,0.6108949,0.8184897,0.62194633,0.8011394,0.5892007,0.80224925,0.60543317,0.8022967,0.60078114,0.7932891,0.5792401,0.793387,0.5903186,0.7977671
2025-01-01 17:05:00,0.6655972,0.8574959,0.6648644,0.8455021,0.63892174,0.82403624,0.62867314,0.8184785,0.6107746,0.8182488,0.6218417,0.8009179,0.5891621,0.8020899,0.6054423,0.8021515,0.600804,0.7932214,0.5793577,0.7932992,0.5904671,0.7977399
2025-01-01 17:06:00,0.6654348,0.85725254,0.6646879,0.84528065,0.638762,0.8238524,0.6285423,0.8182925,0.610694,0.81809056,0.62177277,0.80077374,0.58913773,0.8019877,0.6054503,0.8020598,0.60082215,0.7931812,0.57943827,0.79324657,0.5905682,0.7977268
2025-01-01 17:07:00,0.6653248,0.8570899,0.66456854,0.8451322,0.6386539,0.8237289,0.62845373,0.8181686,0.6106392,0.81798595,0.621727,0.80067986,0.5891224,0.8019227,0.60545754,0.802003,0.60083735,0.7931588,0.5794949,0.79321676,0.59063846,0.79772294
2025-01-01 17:08:00,0.66524905,0.85697955,0.6644864,0.84503114,0.63857925,0.82364464,0.62839264,0.818085,0.61060125,0.8179163,0.62169635,0.8006187,0.5891132,0.8018818,0.6054644,0.8019688,0.6008505,0.79314816,0.57953584,0.79320186,0.59068877,0.79772496
2025-01-01 17:09:00,0.6651954,0.8569033,0.6644284,0.84496105,0.63852644,0.82358587,0.62834936,0.81802773,0.61057425,0.8178694,0.6216755,0.8005788,0.58910775,0.80185664,0.60547096,0.8019494,0.6008625,0.79314506,0.5795668,0.7931967,0.59072596,0.7977308
2025-01-01 17:10:00,0.66515625,0.85684925,0.66438615,0.8449109,0.6384879,0.8235437,0.6283178,0.8179875,0.61055434,0.8178373,0.62166107,0.8005527,0.58910495,0.80184174,0.6054774,0.8019396,0.6008736,0.7931469,0.57959104,0.79319775,0.59075475,0.79773915
2025-01-01 17:11:00,0.66512644,0.85680956,0.6643541,0.84487385,0.63845843,0.82351243,0.62829363,0.8179584,0.6105391,0.81781477,0.6216509,0.80053574,0.58910376,0.80183345,0.6054837,0.80193603,0.6008842,0.793152,0.57961106,0.79320294,0.59077805,0.79774916
2025-01-01 17:12:00,0.6651027,0.85677916,0.66432863,0.84484524,0.63843507,0.8234881,0.6282745,0.8179366,0.61052686,0.81779855,0.62164336,0.8005246,0.5891037,0.8018296,0.60549,0.8019365,0.6008945,0.7931591,0.5796283,0.79321074,0.5907977,0.79776025
2025-01-01 17:13:00,0.6650829,0.85675496,0.66430753,0.8448221,0.63841563,0.8234683,0.6282586,0.8179195,0.6105166,0.81778646,0.6216377,0.8005173,0.5891044,0.80182844,0.60549635,0.80193967,0.60090464,0.79316765,0.5796437,0.7932203,0.5908151,0.79777193
2025-01-01 17:14:00,0.6650656,0.85673463,0.66428924,0.8448027,0.63839865,0.8234516,0.6282448,0.8179054,0.6105077,0.817777,0.62163323,0.80051255,0.5891056,0.8018293,0.60550267,0.8019446,0.60091466,0.7931771,0.57965803,0.79323095,0.590831,0.79778415
2025-01-01 17:15:00,0.66505,0.8567169,0.6642728,0.8447855,0.63838345,0.8234368,0.62823236,0.8178934,0.6104997,0.81776935,0.6216295,0.80050945,0.58910716,0.8018313,0.605509,0.8019507,0.6009246,0.79318714,0.57967156,0.79324245,0.59084594,0.7977966
2025-01-01 17:16:00,0.6650355,0.8567008,0.66425747,0.8447699,0.63836926,0.82342327,0.62822086,0.8178827,0.6104923,0.8177628,0.6216263,0.8005075,0.58910894,0.80183417,0.60551536,0.8019576,0.6009345,0.7931976,0.5796846,0.7932544,0.59086025,0.7978093
2025-01-01 17:17:00,0.66502166,0.85668576,0.6642429,0.84475523,0.6383558,0.8234106,0.62820995,0.8178729,0.6104852,0.8177571,0.62162346,0.8005062,0.5891109,0.8018376,0.60552174,0.80196494,0.6009444,0.7932083,0.5796974,0.79326665,0.5908741,0.79782206
2025-01-01 17:18:00,0.6650083,0.85667145,0.66422886,0.8447412,0.6383428,0.8233985,0.6281994,0.81786364,0.6104784,0.8177519,0.62162095,0.8005054,0.58911306,0.80184144,0.6055282,0.8019727,0.60095435,0.7932192,0.57970995,0.7932791,0.59088767,0.79783493
2025-01-01 17:19:00,0.6649952,0.8566576,0.6642152,0.84472764,0.6383301,0.8233867,0.6281892,0.8178549,0.6104718,0.8177471,0.62161857,0.800505,0.58911526,0.8018455,0.6055347,0.8019806,0.6009643,0.79323024,0.5797224,0.7932917,0.59090114,0.7978478
2025-01-01 17:20:00,0.66498226,0.85664403,0.6642017,0.8447144,0.63831764,0.8233752,0.6281792,0.8178463,0.61046535,0.8177425,0.62161636,0.80050474,0.5891176,0.8018498,0.60554117,0.8019888,0.60097426,0.7932414,0.5797348,0.7933044,0.5909144,0.7978607
2025-01-01 17:21:00,0.66496944,0.8566307,0.6641884,0.84470123,0.6383053,0.82336384,0.6281693,0.81783795,0.610459,0.8177381,0.6216142,0.80050474,0.58912,0.8018542,0.6055478,0.801997,0.6009843,0.7932526,0.5797472,0.79331714,0.59092766,0.7978736
2025-01-01 17:22:00,0.6649567,0.8566174,0.6641751,0.84468824,0.63829315,0.82335263,0.62815946,0.8178297,0.61045283,0.8177338,0.6216122,0.8005049,0.5891224,0.8018587,0.6055544,0.8020053,0.6009943,0.79326385,0.57975954,0.79332995,0.59094083,0.79788655
2025-01-01 17:23:00,0.66494393,0.8566042,0.6641619,0.8446754,0.638281,0.82334155,0.6281498,0.8178216,0.61044663,0.81772965,0.6216103,0.80050516,0.589125,0.8018633,0.6055611,0.80201375,0.60100436,0.7932751,0.5797719,0.79334277,0.590954,0.79789954
2025-01-01 17:24:00,0.66493124,0.85659105,0.66414875,0.8446626,0.6382689,0.8233305,0.62814015,0.81781363,0.6104406,0.81772554,0.62160844,0.8005055,0.5891276,0.80186796,0.6055678,0.8020222,0.60101444,0.7932865,0.57978415,0.79335564,0.5909672,0.7979125
2025-01-01 17:25:00,0.66491854,0.85657793,0.66413563,0.84464985,0.63825685,0.82331955,0.62813056,0.8178057,0.6104346,0.81772155,0.62160665,0.8005059,0.5891302,0.8018728,0.6055746,0.8020308,0.60102457,0.7932979,0.5797965,0.7933685,0.5909803,0.7979254
2025-01-01 17:26:00,0.66490585,0.8565648,0.6641226,0.84463704,0.63824487,0.82330865,0.628121,0.81779784,0.61042863,0.8177177,0.6216049,0.8005064,0.58913296,0.8018776,0.60558146,0.80203944,0.60103476,0.79330933,0.57980883,0.79338145,0.5909934,0.79793835
2025-01-01 17:27:00,0.66489315,0.85655177,0.6641095,0.8446244,0.6382329,0.82329774,0.62811154,0.81779003,0.61042273,0.8177138,0.62160325,0.80050695,0.5891357,0.8018825,0.6055883,0.8020481,0.60104495,0.7933208,0.5798212,0.7933944,0.5910065,0.7979512
2025-01-01 17:28:00,0.66488045,0.85653865,0.6640964,0.8446117,0.63822097,0.82328695,0.6281021,0.8177823,0.6104169,0.81771004,0.62160164,0.80050755,0.5891385,0.80188745,0.60559523,0.80205685,0.6010552,0.7933322,0.57983357,0.7934073,0.59101963,0.79796416
2025-01-01 17:29:00,0.66486776,0.8565256,0.6640834,0.84459907,0.6382091,0.8232761,0.62809277,0.8177746,0.61041105,0.8177063,0.6216001,0.8005082,0.5891414,0.80189246,0.6056022,0.80206555,0.60106546,0.7933437,0.57984596,0.79342026,0.59103274,0.79797703
2025-01-01 17:30:00,0.6637663,0.85401595,0.6628435,0.8424252,0.6372363,0.82158494,0.6275065,0.8160723,0.61049086,0.81631035,0.62173545,0.7992682,0.58986986,0.8011161,0.6066073,0.8013931,0.6021987,0.7933147,0.5817525,0.7931778,0.593137,0.7982002
2025-01-01 17:31:00,0.6630459,0.8523801,0.662033,0.8410078,0.63659984,0.82048196,0.6271222,0.81496316,0.61054075,0.8154017,0.621823,0.79846245,0.59034437,0.8006132,0.60726315,0.80095905,0.602939,0.79329985,0.5829961,0.7930248,0.59450936,0.79834974
2025-01-01 17:32:00,0.66257316,0.85131216,0.66150165,0.84008217,0.63618207,0.8197613,0.6268692,0.8142396,0.61057127,0.81480986,0.62187946,0.79793906,0.59065396,0.80028826,0.60769194,0.8006801,0.60342383,0.79329425,0.5838088,0.79292977,0.59540594,0.7984514
2025-01-01 17:33:00,0.6622614,0.8506135,0.6611517,0.83947605,0.6359064,0.81928915,0.62670153,0.8137667,0.61058915,0.814424,0.62191576,0.7975992,0.59085625,0.80007887,0.6079733,0.80050194,0.60374266,0.7932947,0.5843414,0.7928726,0.59599334,0.79852206
2025-01-01 17:34:00,0.6620543,0.8501547,0.66091967,0.8390777,0.63572305,0.8189785,0.62658936,0.8134568,0.61059886,0.81417197,0.6219389,0.79737866,0.59098893,0.7999447,0.60815865,0.80038935,0.6039536,0.79329914,0.58469194,0.79284,0.59637976,0.7985724
2025-01-01 17:35:00,0.6619152,0.8498519,0.66076434,0.83881444,0.63559985,0.818773,0.6265133,0.8132527,0.61060333,0.81400704,0.62195355,0.7972357,0.5910763,0.79985934,0.60828173,0.8003193,0.6040944,0.7933061,0.5849242,0.7928234,0.5966355,0.7986096
2025-01-01 17:36:00,0.6618203,0.84965056,0.6606587,0.83863884,0.63551563,0.81863564,0.6264607,0.8131175,0.61060435,0.8138987,0.6219627,0.7971432,0.5911343,0.79980576,0.60836434,0.80027694,0.6041896,0.79331475,0.58507967,0.7928171,0.59680635,0.7986383
2025-01-01 17:37:00,0.66175413,0.8495151,0.6605856,0.8385204,0.63545686,0.8185427,0.6264233,0.8130271,0.6106031,0.81382716,0.6219683,0.7970835,0.59117323,0.79977286,0.6084206,0.8002526,0.6042552,0.7933245,0.58518505,0.7928176,0.5969219,0.7986614
2025-01-01 17:38:00,0.66170657,0.8494224,0.6605335,0.83843905,0.63541454,0.8184787,0.6263959,0.8129658,0.61060053,0.81377953,0.62197167,0.7970452,0.5911997,0.7997534,0.6084598,0.80024004,0.6043016,0.7933349,0.585258,0.7928225,0.5970017,0.7986809
2025-01-01 17:39:00,0.6616712,0.84935755,0.6604951,0.83838177,0.63538295,0.81843346,0.62637496,0.8129235,0.610597,0.8137475,0.6219736,0.79702073,0.5912182,0.7997427,0.6084879,0.8002351,0.6043354,0.79334587,0.5853098,0.7928302,0.59705806,0.798698
2025-01-01 17:40:00,0.66164374,0.8493109,0.66046566,0.8383402,0.6353584,0.8184004,0.6263583,0.81289345,0.61059296,0.81372565,0.62197447,0.79700536,0.59123147,0.7997378,0.6085088,0.80023515,0.60436124,0.7933571,0.5853479,0.79283977,0.59709924,0.7987136
2025-01-01 17:41:00,0.66162133,0.84927595,0.66044194,0.8383088,0.6353384,0.81837523,0.62634426,0.8128715,0.61058855,0.8137104,0.62197477,0.7969959,0.5912413,0.79973656,0.60852516,0.80023843,0.60438174,0.7933686,0.5853771,0.7928506,0.59713066,0.7987282
2025-01-01 17:42:00,0.66160226,0.84924865,0.66042197,0.8382841,0.6353214,0.8183553,0.62633216,0.81285477,0.6105839,0.8136995,0.62197477,0.79699016,0.591249,0.7997378,0.6085384,0.80024385,0.60439885,0.79338014,0.58540046,0.79286224,0.5971556,0.7987422
2025-01-01 17:43:00,0.66158533,0.8492263,0.6604045,0.83826363,0.63530624,0.8183388,0.6263212,0.8128415,0.6105791,0.8136914,0.62197447,0.79698706,0.59125537,0.7997407,0.6085498,0.80025065,0.6044138,0.79339194,0.5854201,0.79287434,0.5971764,0.7987557
2025-01-01 17:44:00,0.66156983,0.84920716,0.6603886,0.83824605,0.6352925,0.81832445,0.62631106,0.81283045,0.6105743,0.8136851,0.6219742,0.7969856,0.5912608,0.7997446,0.60855985,0.8002584,0.6044273,0.7934037,0.5854373,0.7928868,0.5971945,0.7987689
2025-01-01 17:45:00,0.66155523,0.8491902,0.66037375,0.83823025,0.6352795,0.8183116,0.6263014,0.81282085,0.6105695,0.8136801,0.6219737,0.7969852,0.5912657,0.7997492,0.6085691,0.80026674,0.6044398,0.79341555,0.5854529,0.7928994,0.5972108,0.79878193
2025-01-01 17:46:00,0.66154116,0.8491745,0.66035956,0.83821565,0.6352671,0.81829965,0.62629217,0.8128122,0.6105646,0.8136759,0.6219732,0.7969856,0.59127027,0.79975426,0.6085779,0.80027544,0.6044518,0.7934274,0.5854675,0.7929122,0.597226,0.7987948
2025-01-01 17:47:00,0.6615276,0.8491597,0.6603458,0.8382019,0.635255,0.8182883,0.62628317,0.8128042,0.6105598,0.81367224,0.6219728,0.7969865,0.5912746,0.7997597,0.6085864,0.80028456,0.60446346,0.7934394,0.58548146,0.79292506,0.59724045,0.79880756
2025-01-01 17:48:00,0.66151416,0.84914553,0.6603324,0.83818865,0.6352431,0.8182775,0.6262743,0.8127967,0.61055505,0.81366897,0.6219724,0.7969877,0.59127885,0.79976535,0.60859466,0.8002938,0.60447484,0.79345137,0.585495,0.792938,0.5972544,0.7988204
2025-01-01 17:49:00,0.66150093,0.84913176,0.6603191,0.8381758,0.6352315,0.81826687,0.6262656,0.8127895,0.6105503,0.8136659,0.6219721,0.79698914,0.5912831,0.7997712,0.6086029,0.80030316,0.6044861,0.7934634,0.5855083,0.79295105,0.59726804,0.7988331
2025-01-01 17:50:00,0.66148776,0.84911823,0.66030604,0.838163,0.63521993,0.8182565,0.62625694,0.81278247,0.61054564,0.8136631,0.6219717,0.7969908,0.59128726,0.79977715,0.60861105,0.80031264,0.60449725,0.79347545,0.5855214,0.79296404,0.59728146,0.79884577
2025-01-01 17:51:00,0.6614747,0.8491048,0.66029304,0.8381505,0.6352085,0.81824625,0.6262484,0.8127756,0.610541,0.81366044,0.6219714,0.7969926,0.59129137,0.7997832,0.60861915,0.80032223,0.6045084,0.7934875,0.5855344,0.79297715,0.5972947,0.79885834
2025-01-01 17:52:00,0.66146165,0.84909153,0.66028005,0.8381381,0.63519716,0.8182361,0.6262399,0.8127689,0.61053634,0.8136579,0.6219712,0.7969945,0.5912956,0.7997893,0.6086273,0.8003319,0.60451955,0.7934996,0.58554727,0.7929902,0.5973079,0.7988709
2025-01-01 17:53:00,0.66144866,0.8490783,0.6602672,0.8381257,0.63518584,0.8182261,0.62623155,0.81276226,0.6105318,0.81365544,0.621971,0.79699653,0.59129983,0.7997955,0.6086354,0.80034155,0.6045307,0.7935117,0.5855601,0.7930033,0.59732103,0.79888356
2025-01-01 17:54:00,0.6614356,0.8490651,0.66025424,0.8381134,0.6351746,0.81821615,0.6262232,0.8127557,0.61052734,0.81365305,0.6219709,0.79699856,0.5913041,0.79980177,0.60864365,0.8003513,0.60454184,0.7935238,0.58557296,0.7930164,0.59733415,0.7988961
2025-01-01 17:55:00,0.6614226,0.84905195,0.6602414,0.8381012,0.63516337,0.8182062,0.6262149,0.81274915,0.6105229,0.8136507,0.62197083,0.7970007,0.5913084,0.79980814,0.6086519,0.8003611,0.604553,0.79353595,0.58558583,0.7930295,0.5973472,0.79890865
2025-01-01 17:56:00,0.6614096,0.84903884,0.6602286,0.83808905,0.6351522,0.8181963,0.62620664,0.81274277,0.6105185,0.8136485,0.6219708,0.7970029,0.59131277,0.7998145,0.6086601,0.800371,0.60456413,0.7935481,0.58559865,0.7930426,0.5973602,0.79892117
2025-01-01 17:57:00,0.6613966,0.8490257,0.6602158,0.8380769,0.6351411,0.8181865,0.6261985,0.8127364,0.6105142,0.8136464,0.62197083,0.7970052,0.5913172,0.79982096,0.6086684,0.8003808,0.60457534,0.79356027,0.58561146,0.7930557,0.5973732,0.7989337
2025-01-01 17:58:00,0.66138357,0.8490126,0.660203,0.83806473,0.6351299,0.81817675,0.6261903,0.81273013,0.61050993,0.81364423,0.62197095,0.7970075,0.59132165,0.79982746,0.6086767,0.8003908,0.6045866,0.7935725,0.5856243,0.79306877,0.5973862,0.79894614
2025-01-01 17:59:00,0.6613706,0.84899956,0.6601902,0.83805263,0.6351189,0.818167,0.6261822,0.8127239,0.6105057,0.8136422,0.62197113,0.7970099,0.5913262,0.79983395,0.6086851,0.80040073,0.6045978,0.7935847,0.58563715,0.7930819,0.5973991,0.79895866
2025-01-01 18:00:00,0.6611901,0.84709316,0.65991235,0.8365213,0.6351565,0.8171117,0.62662923,0.8117095,0.61164755,0.81291324,0.6231191,0.7964563,0.59311384,0.79969656,0.610643,0.8003778,0.6067187,0.7941933,0.5884931,0.7934544,0.6003901,0.79973465
2025-01-01 18:01:00,0.66106814,0.84584945,0.6597272,0.8355218,0.63517714,0.8164223,0.62691706,0.8110481,0.6123883,0.8124387,0.6238655,0.7960973,0.5942775,0.7996096,0.6119187,0.80036646,0.6081012,0.7945933,0.590354,0.7937011,0.6023387,0.80024344
2025-01-01 18:02:00,0.66098434,0.84503645,0.6596025,0.83486795,0.63518673,0.8159709,0.62710136,0.8106161,0.6128684,0.81212974,0.6243508,0.79586494,0.5950355,0.7995555,0.6127508,0.8003626,0.60900384,0.7948575,0.5915681,0.7938661,0.60360986,0.8005784
2025-01-01 18:03:00,0.66092527,0.84450346,0.65951693,0.8344387,0.6351891,0.8156741,0.6272184,0.81033313,0.61317915,0.8119283,0.6246664,0.79571486,0.59553,0.7995227,0.6132948,0.80036366,0.6095945,0.7950336,0.59236175,0.7939779,0.6044406,0.8008005
2025-01-01 18:04:00,0.6608823,0.84415245,0.6594569,0.8341555,0.6351869,0.81547797,0.62729174,0.81014717,0.6133798,0.8117967,0.6248718,0.79561824,0.59585303,0.7995038,0.61365134,0.80036795,0.60998255,0.79515237,0.5928822,0.79405516,0.6049851,0.8009492
2025-01-01 18:05:00,0.6608498,0.8439197,0.65941346,0.83396727,0.63518167,0.81534714,0.62733674,0.8100243,0.6135089,0.8117107,0.6250054,0.7955564,0.5960648,0.7994939,0.6138861,0.8003743,0.61023873,0.7952339,0.593225,0.79411,0.6053436,0.8010501
2025-01-01 18:06:00,0.6608241,0.8437638,0.65938073,0.8338408,0.63517445,0.8152588,0.62736326,0.80994236,0.61359143,0.8116542,0.6250926,0.79551727,0.59620416,0.79949,0.61404186,0.800382,0.6104093,0.7952913,0.59345233,0.7941502,0.60558105,0.8011201
2025-01-01 18:07:00,0.66080284,0.843658,0.65935504,0.83375436,0.63516605,0.8151981,0.6273778,0.80988705,0.6136439,0.81161696,0.6251495,0.7954929,0.59629655,0.7994898,0.6141461,0.80039066,0.6105242,0.7953329,0.5936046,0.79418087,0.60573995,0.8011698
2025-01-01 18:08:00,0.6607845,0.8435846,0.65933394,0.83369404,0.6351568,0.8151554,0.6273846,0.80984914,0.61367667,0.8115922,0.6251868,0.79547805,0.59635836,0.7994922,0.614217,0.80039984,0.6106029,0.7953643,0.59370816,0.7942054,0.6058477,0.80120647
2025-01-01 18:09:00,0.6607679,0.8435323,0.6593158,0.8336507,0.63514704,0.8151244,0.62738633,0.80982256,0.61369675,0.81157565,0.6252113,0.79546946,0.5964003,0.79949623,0.6142662,0.80040956,0.61065817,0.79538906,0.59378004,0.794226,0.6059223,0.8012346
2025-01-01 18:10:00,0.6607526,0.8434938,0.6592996,0.8336184,0.63513696,0.815101,0.6273849,0.80980325,0.61370856,0.81156445,0.6252275,0.79546493,0.5964294,0.79950136,0.61430126,0.80041945,0.6106981,0.79540956,0.59383124,0.79424393,0.6059753,0.8012572
2025-01-01 18:11:00,0.6607381,0.8434642,0.65928465,0.8335933,0.63512665,0.8150826,0.6273813,0.8097888,0.613715,0.8115567,0.62523836,0.7954631,0.5964502,0.79950726,0.6143272,0.8004296,0.61072814,0.79542726,0.59386915,0.7942602,0.6060142,0.8012761
2025-01-01 18:12:00,0.66072404,0.84344035,0.6592706,0.83357286,0.6351163,0.8150674,0.6273764,0.8097775,0.6137181,0.8115513,0.62524587,0.795463,0.5964656,0.7995136,0.6143472,0.8004398,0.61075175,0.7954431,0.59389824,0.79427534,0.606044,0.8012927
2025-01-01 18:13:00,0.6607104,0.8434204,0.65925705,0.83355546,0.63510585,0.81505436,0.62737054,0.8097682,0.61371887,0.8115473,0.62525105,0.79546416,0.59647745,0.79952025,0.61436343,0.80045015,0.61077124,0.79545784,0.5939217,0.7942897,0.60606784,0.8013077
2025-01-01 18:14:00,0.66069686,0.8434028,0.6592438,0.8335401,0.63509536,0.8150427,0.6273643,0.8097603,0.6137182,0.81154436,0.6252548,0.79546607,0.59648705,0.79952717,0.61437714,0.8004606,0.6107879,0.7954718,0.59394157,0.7943037,0.6060878,0.80132174
2025-01-01 18:15:00,0.66068345,0.8433868,0.6592308,0.83352596,0.63508487,0.815032,0.6273576,0.80975324,0.61371666,0.8115421,0.6252577,0.79546845,0.5964952,0.79953426,0.61438924,0.80047107,0.61080295,0.7954852,0.59395903,0.79431736,0.60610527,0.8013351
2025-01-01 18:16:00,0.6606702,0.8433719,0.659218,0.8335127,0.6350744,0.8150219,0.62735075,0.80974686,0.6137146,0.81154025,0.62526,0.79547125,0.5965024,0.79954153,0.61440027,0.80048156,0.6108168,0.7954984,0.5939749,0.79433084,0.6061211,0.80134803
2025-01-01 18:17:00,0.660657,0.8433577,0.6592053,0.8335,0.6350639,0.8150121,0.6273438,0.8097409,0.6137121,0.8115387,0.62526196,0.7954743,0.5965091,0.79954886,0.6144107,0.8004921,0.6108299,0.7955113,0.5939898,0.7943441,0.6061359,0.8013606
2025-01-01 18:18:00,0.6606438,0.84334385,0.6591927,0.8334877,0.6350534,0.81500274,0.6273367,0.8097352,0.6137094,0.81153744,0.6252637,0.79547745,0.5965154,0.79955626,0.6144207,0.8005028,0.6108426,0.7955241,0.59400403,0.7943574,0.6061499,0.80137306
2025-01-01 18:19:00,0.66063064,0.8433303,0.65918016,0.83347565,0.63504297,0.8149935,0.62732965,0.80972964,0.6137066,0.8115364,0.6252653,0.7954808,0.5965215,0.7995637,0.6144305,0.80051345,0.610855,0.79553694,0.59401786,0.7943706,0.6061635,0.80138534
2025-01-01 18:20:00,0.66061753,0.84331703,0.65916765,0.8334638,0.6350326,0.81498444,0.62732255,0.80972433,0.6137037,0.81153536,0.62526685,0.79548424,0.5965274,0.7995713,0.6144401,0.8005241,0.6108672,0.79554963,0.5940314,0.79438376,0.6061768,0.8013975
2025-01-01 18:21:00,0.6606044,0.84330386,0.6591552,0.83345205,0.6350222,0.81497544,0.6273155,0.8097191,0.6137008,0.81153446,0.6252684,0.79548776,0.5965333,0.79957885,0.6144496,0.80053484,0.6108793,0.7955623,0.5940448,0.7943969,0.6061899,0.80140966
2025-01-01 18:22:00,0.66059136,0.8432908,0.6591428,0.83344036,0.6350119,0.81496656,0.62730855,0.80971396,0.613698,0.81153363,0.62527,0.79549134,0.59653914,0.79958653,0.6144591,0.80054563,0.61089134,0.795575,0.59405804,0.79441,0.6062029,0.8014217
2025-01-01 18:23:00,0.66057825,0.84327775,0.65913033,0.8334288,0.6350016,0.81495774,0.6273016,0.80970883,0.61369514,0.8115329,0.62527156,0.7954951,0.59654504,0.7995942,0.6144686,0.8005564,0.6109034,0.79558766,0.5940712,0.79442304,0.6062157,0.80143374
2025-01-01 18:24:00,0.66056514,0.84326476,0.659118,0.83341724,0.63499135,0.814949,0.6272946,0.8097038,0.61369234,0.81153226,0.6252732,0.79549885,0.59655094,0.799602,0.61447805,0.8005672,0.61091536,0.79560035,0.5940844,0.7944361,0.60622853,0.8014457
2025-01-01 18:25:00,0.660552,0.84325176,0.6591056,0.8334058,0.63498116,0.8149403,0.62728775,0.80969894,0.6136896,0.81153166,0.6252749,0.79550266,0.5965569,0.7996097,0.6144876,0.80057806,0.61092734,0.79561305,0.5940975,0.79444915,0.6062413,0.8014577
2025-01-01 18:26:00,0.6605389,0.84323883,0.65909326,0.83339435,0.63497096,0.81493163,0.6272809,0.80969405,0.61368686,0.8115312,0.62527657,0.79550654,0.5965628,0.7996176,0.61449707,0.80058897,0.6109393,0.79562575,0.5941106,0.7944622,0.606254,0.80146956
2025-01-01 18:27:00,0.6605258,0.84322596,0.6590809,0.83338296,0.63496083,0.81492305,0.6272741,0.8096893,0.6136842,0.8115307,0.62527835,0.7955105,0.5965688,0.79962546,0.6145066,0.8005999,0.6109513,0.79563844,0.5941237,0.79447526,0.6062666,0.8014815
2025-01-01 18:28:00,0.6605127,0.843213,0.6590686,0.8333716,0.6349507,0.81491446,0.6272673,0.8096845,0.61368155,0.8115303,0.62528014,0.79551446,0.59657484,0.7996334,0.6145162,0.80061084,0.61096334,0.7956512,0.5941368,0.7944883,0.6062793,0.80149335
2025-01-01 18:29:00,0.6604996,0.84320015,0.6590563,0.8333602,0.6349406,0.814906,0.6272606,0.8096798,0.613679,0.81152993,0.62528205,0.7955185,0.596581,0.7996413,0.6145258,0.8006218,0.6109753,0.79566395,0.5941499,0.79450136,0.6062919,0.8015052
2025-01-01 18:30:00,0.6612432,0.84193134,0.6597453,0.8324987,0.63598806,0.8145053,0.62873304,0.8093715,0.6158625,0.8114811,0.62742233,0.7956612,0.599396,0.8001455,0.6174017,0.80124915,0.614046,0.79689926,0.5979044,0.7954823,0.6101162,0.80282015
2025-01-01 18:31:00,0.661722,0.8411021,0.66018885,0.8319348,0.6366654,0.8142419,0.6296879,0.80916953,0.61728096,0.81144935,0.6288142,0.79575545,0.60122794,0.800476,0.6192745,0.8016608,0.6160461,0.7977068,0.6003494,0.7961244,0.6126063,0.803679
2025-01-01 18:32:00,0.6620287,0.84055865,0.6604728,0.83156437,0.63710225,0.81406784,0.63030624,0.80903673,0.61820215,0.81142867,0.62971973,0.7958182,0.60242087,0.80069375,0.6204952,0.8019323,0.61735046,0.7982361,0.60194325,0.79654634,0.61422926,0.8042413
2025-01-01 18:33:00,0.6622234,0.84020084,0.6606532,0.8313197,0.6373827,0.8139518,0.63070595,0.8089489,0.61880016,0.8114153,0.63030905,0.7958605,0.6031986,0.8008382,0.6212921,0.8021127,0.6182025,0.79858464,0.60298383,0.7968251,0.6152886,0.80461097
2025-01-01 18:34:00,0.66234535,0.83996385,0.6607662,0.83115673,0.63756156,0.81387347,0.6309635,0.8088902,0.6191881,0.8114066,0.6306929,0.7958896,0.6037063,0.8009349,0.6218136,0.8022339,0.61876065,0.79881567,0.60366476,0.7970109,0.6159815,0.8048553
2025-01-01 18:35:00,0.66242003,0.8398053,0.6608354,0.83104694,0.6376744,0.8138197,0.6311287,0.8088506,0.6194395,0.8114009,0.63094324,0.79591006,0.60403866,0.8010008,0.622156,0.8023165,0.6191277,0.79897034,0.60411197,0.7971362,0.6164363,0.8050181
2025-01-01 18:36:00,0.6624641,0.8396978,0.6608761,0.83097166,0.6377443,0.8137819,0.6312339,0.8088234,0.61960214,0.8113973,0.63110685,0.7959249,0.6042569,0.8010465,0.6223821,0.8023742,0.6193705,0.79907537,0.60440725,0.7972222,0.6167363,0.8051281
2025-01-01 18:37:00,0.66248804,0.8396234,0.6608983,0.83091885,0.6377864,0.8137545,0.63130015,0.8088042,0.6197072,0.81139505,0.631214,0.79593617,0.6044011,0.8010791,0.6225325,0.8024156,0.61953264,0.79914814,0.60460377,0.79728264,0.6169357,0.8052036
2025-01-01 18:38:00,0.66249907,0.83957064,0.6609086,0.83088064,0.63781035,0.8137339,0.63134104,0.8087904,0.6197748,0.8113937,0.63128453,0.7959451,0.6044972,0.8011033,0.62263376,0.8024465,0.6196423,0.79919994,0.6047361,0.79732645,0.6170696,0.8052568
2025-01-01 18:39:00,0.6625017,0.8395319,0.6609111,0.83085203,0.6378225,0.8137177,0.6313655,0.8087799,0.6198181,0.8113929,0.6313312,0.79595256,0.6045619,0.80112195,0.62270314,0.8024705,0.61971796,0.79923815,0.6048266,0.7973594,0.617161,0.8052954
2025-01-01 18:40:00,0.6624988,0.8395022,0.6609084,0.83082956,0.6378271,0.8137044,0.63137925,0.80877167,0.61984557,0.81139255,0.6313625,0.7959591,0.60460645,0.8011371,0.6227517,0.8024901,0.6197714,0.7992675,0.6048901,0.79738545,0.61722475,0.8053245
2025-01-01 18:41:00,0.66249233,0.8394785,0.6609025,0.83081114,0.63782674,0.813693,0.63138604,0.808765,0.61986285,0.8113924,0.6313838,0.795965,0.6046377,0.80114996,0.6227869,0.80250686,0.61981046,0.7992911,0.60493594,0.79740685,0.6172705,0.8053474
2025-01-01 18:42:00,0.6624835,0.8394586,0.6608945,0.83079535,0.63782316,0.81368285,0.6313884,0.8087593,0.61987346,0.81139255,0.63139856,0.7959705,0.6046604,0.8011613,0.62281334,0.80252177,0.6198402,0.7993109,0.60497034,0.79742527,0.6173046,0.8053663
2025-01-01 18:43:00,0.66247326,0.83944124,0.66088504,0.8307813,0.63781756,0.81367356,0.6313879,0.8087542,0.6198798,0.81139284,0.63140917,0.79597586,0.60467756,0.8011717,0.6228341,0.8025355,0.61986387,0.7993284,0.6049973,0.7974418,0.6173311,0.8053826
2025-01-01 18:44:00,0.662462,0.8394255,0.6608748,0.83076835,0.63781065,0.8136648,0.6313855,0.8087496,0.6198833,0.8113932,0.631417,0.79598105,0.60469115,0.80118155,0.62285113,0.80254835,0.61988354,0.7993442,0.6050194,0.79745704,0.61735266,0.8053972
2025-01-01 18:45:00,0.66245013,0.83941084,0.66086394,0.8307562,0.63780284,0.8136564,0.63138187,0.80874527,0.619885,0.81139374,0.6314231,0.7959862,0.6047025,0.80119103,0.6228658,0.80256075,0.61990064,0.799359,0.60503834,0.7974715,0.61737096,0.8054106
2025-01-01 18:46:00,0.66243786,0.8393969,0.66085273,0.83074445,0.6377945,0.8136482,0.6313775,0.8087412,0.6198856,0.8113943,0.63142806,0.7959913,0.60471225,0.8012002,0.62287897,0.80257285,0.61991614,0.7993732,0.6050553,0.79748535,0.6173872,0.8054234
2025-01-01 18:47:00,0.6624253,0.8393834,0.66084135,0.8307331,0.6377858,0.81364024,0.6313727,0.8087373,0.6198856,0.811395,0.6314324,0.79599637,0.60472107,0.80120933,0.6228912,0.80258477,0.61993057,0.7993869,0.6050709,0.7974989,0.61740196,0.80543554
2025-01-01 18:48:00,0.6624126,0.83937025,0.6608297,0.830722,0.6377769,0.81363237,0.6313676,0.80873346,0.6198851,0.8113957,0.6314362,0.7960015,0.6047293,0.80121833,0.62290275,0.8025966,0.61994433,0.79940045,0.6050856,0.7975122,0.61741585,0.80544746
2025-01-01 18:49:00,0.66239977,0.83935726,0.6608181,0.830711,0.6377679,0.8136247,0.6313623,0.8087298,0.61988425,0.81139654,0.63143986,0.7960066,0.60473716,0.8012273,0.62291384,0.8026084,0.61995757,0.79941374,0.6050997,0.79752535,0.6174292,0.8054591
2025-01-01 18:50:00,0.66238683,0.83934444,0.66080636,0.83070016,0.6377588,0.81361705,0.631357,0.8087262,0.6198833,0.8113974,0.6314433,0.7960118,0.60474485,0.8012363,0.6229248,0.80262005,0.61997056,0.799427,0.6051135,0.7975384,0.61744213,0.80547065
2025-01-01 18:51:00,0.6623739,0.8393317,0.6607946,0.8306894,0.63774973,0.8136095,0.6313516,0.8087226,0.6198822,0.81139827,0.63144666,0.79601705,0.60475236,0.8012453,0.6229356,0.80263174,0.61998343,0.7994401,0.60512704,0.7975514,0.6174548,0.80548203
2025-01-01 18:52:00,0.6623609,0.839319,0.66078293,0.83067864,0.6377406,0.81360203,0.63134617,0.80871916,0.61988115,0.8113992,0.63145,0.7960223,0.60475975,0.80125433,0.6229462,0.8026435,0.61999613,0.7994531,0.60514045,0.79756427,0.6174673,0.8054934
2025-01-01 18:53:00,0.662348,0.83930635,0.6607712,0.83066803,0.6377315,0.8135946,0.63134074,0.8087158,0.61988,0.8114003,0.63145334,0.79602766,0.6047672,0.80126333,0.6229568,0.80265516,0.6200088,0.79946613,0.60515374,0.79757714,0.6174797,0.8055046
2025-01-01 18:54:00,0.662335,0.8392938,0.6607595,0.8306574,0.63772243,0.8135872,0.6313354,0.8087125,0.61987895,0.81140137,0.6314567,0.796033,0.6047746,0.8012724,0.6229675,0.80266684,0.6200215,0.79947925,0.6051669,0.79758996,0.61749196,0.8055159
2025-01-01 18:55:00,0.662322,0.83928126,0.66074777,0.83064693,0.63771343,0.8135799,0.63133,0.8087092,0.61987793,0.8114025,0.6314601,0.79603845,0.60478204,0.80128145,0.6229781,0.8026786,0.6200341,0.79949224,0.6051801,0.7976028,0.6175042,0.805527
2025-01-01 18:56:00,0.662309,0.83926874,0.66073614,0.83063644,0.6377044,0.8135726,0.63132465,0.8087059,0.6198769,0.8114037,0.63146347,0.79604393,0.60478956,0.80129063,0.62298876,0.8026903,0.62004673,0.79950523,0.60519326,0.7976156,0.61751634,0.8055381
2025-01-01 18:57:00,0.662296,0.8392562,0.66072446,0.83062595,0.63769543,0.8135654,0.6313194,0.80870277,0.61987597,0.81140494,0.6314669,0.7960495,0.604797,0.8012998,0.62299937,0.80270207,0.6200593,0.7995183,0.6052064,0.79762834,0.6175285,0.80554914
2025-01-01 18:58:00,0.662283,0.83924377,0.66071284,0.8306155,0.6376865,0.8135582,0.63131416,0.80869967,0.619875,0.81140625,0.63147044,0.796055,0.6048045,0.801309,0.62301004,0.8027139,0.6200719,0.7995313,0.6052195,0.7976411,0.6175406,0.80556023
2025-01-01 18:59:00,0.66227,0.8392313,0.6607013,0.83060515,0.6376776,0.81355107,0.63130903,0.8086966,0.6198742,0.8114076,0.63147396,0.7960607,0.6048121,0.8013183,0.62302077,0.80272573,0.6200845,0.79954433,0.60523254,0.79765385,0.61755264,0.8055712
2025-01-01 19:00:00,0.66392463,0.8386226,0.66234493,0.8304289,0.639716,0.81381214,0.63378054,0.8090999,0.6230603,0.81203973,0.63456815,0.7968972,0.6086042,0.8024549,0.62676334,0.8039919,0.6240501,0.8013847,0.6098187,0.7992257,0.62214196,0.8074016
2025-01-01 19:01:00,0.6649956,0.8382226,0.6634093,0.8303108,0.64103794,0.8139794,0.6353853,0.8093611,0.6251311,0.8124511,0.63658065,0.7974429,0.6110718,0.80319697,0.6291998,0.80481917,0.62663215,0.8025854,0.61280423,0.8002518,0.62512916,0.8085952
2025-01-01 19:02:00,0.6656872,0.83795834,0.66409713,0.8302304,0.64189416,0.81408566,0.6364267,0.8095299,0.6264769,0.81271917,0.63789016,0.7977997,0.61267847,0.80368257,0.6307873,0.80536103,0.6283149,0.8033705,0.61474943,0.8009232,0.627075,0.8093748
2025-01-01 19:03:00,0.6661322,0.8377822,0.6645402,0.8301746,0.6424477,0.81415236,0.6371019,0.8096386,0.62735146,0.8128939,0.6387427,0.7980337,0.61372554,0.80400157,0.631823,0.80571747,0.6294132,0.80388534,0.6160184,0.80136406,0.628344,0.8098854
2025-01-01 19:04:00,0.66641694,0.8376634,0.6648242,0.8301348,0.6428045,0.81419337,0.637539,0.80970836,0.62791973,0.8130082,0.6392982,0.7981879,0.61440885,0.8042123,0.6325,0.8059534,0.6301315,0.80422467,0.61684775,0.801655,0.629173,0.810221
2025-01-01 19:05:00,0.6665975,0.8375819,0.6650048,0.83010536,0.6430334,0.8142176,0.63782156,0.8097528,0.62828904,0.81308305,0.63966066,0.79829025,0.6148559,0.8043525,0.6329439,0.8061109,0.63060284,0.80444974,0.6173914,0.8018486,0.629716,0.8104429
2025-01-01 19:06:00,0.6667104,0.8375246,0.6651183,0.8300827,0.64317924,0.81423104,0.6380035,0.8097808,0.62852895,0.8131324,0.6398977,0.79835886,0.6151492,0.8044471,0.6332363,0.8062175,0.6309137,0.8046006,0.6177494,0.8019788,0.63007313,0.8105909
2025-01-01 19:07:00,0.6667792,0.83748305,0.6651881,0.8300645,0.643271,0.8142374,0.63812023,0.80979806,0.62868476,0.8131651,0.6400532,0.7984057,0.6153427,0.80451196,0.6334302,0.8062909,0.6311202,0.80470324,0.61798656,0.8020679,0.6303094,0.81069094
2025-01-01 19:08:00,0.66681945,0.83745176,0.6652295,0.8300491,0.6433277,0.8142393,0.63819444,0.80980843,0.628786,0.8131871,0.64015573,0.79843825,0.61547124,0.80455756,0.63356006,0.80634296,0.63125885,0.8047746,0.61814535,0.8021302,0.63046706,0.81075966
2025-01-01 19:09:00,0.66684115,0.83742714,0.66525245,0.8300357,0.6433617,0.8142382,0.6382411,0.80981433,0.6288517,0.8132021,0.64022386,0.7984616,0.6155576,0.8045905,0.6336484,0.80638105,0.6313535,0.8048255,0.6182531,0.8021751,0.6305737,0.810808
2025-01-01 19:10:00,0.66685075,0.8374068,0.6652635,0.83002347,0.6433808,0.8142352,0.63826984,0.80981743,0.6288944,0.8132126,0.64026964,0.798479,0.6156167,0.8046154,0.6337097,0.80640996,0.63141954,0.8048632,0.6183277,0.8022087,0.63064706,0.81084317
2025-01-01 19:11:00,0.66685253,0.83738935,0.6652667,0.830012,0.6433904,0.81423104,0.638287,0.8098186,0.6289221,0.81322014,0.6403009,0.79849255,0.61565787,0.80463505,0.6337535,0.806433,0.63146687,0.8048923,0.6183807,0.80223495,0.6306989,0.8108697
2025-01-01 19:12:00,0.66684914,0.83737373,0.66526484,0.8300012,0.6433937,0.8142261,0.6382966,0.80981857,0.6289401,0.8132258,0.64032274,0.7985036,0.61568755,0.80465114,0.6337858,0.80645233,0.63150215,0.8049157,0.6184197,0.80225635,0.6307367,0.8108906
2025-01-01 19:13:00,0.66684246,0.83735937,0.6652598,0.8299907,0.643393,0.81422055,0.6383014,0.8098178,0.62895185,0.81323034,0.6403385,0.79851294,0.6157097,0.80466515,0.6338107,0.80646914,0.63152957,0.8049356,0.6184496,0.8022747,0.6307653,0.8109079
2025-01-01 19:14:00,0.66683364,0.8373458,0.66525257,0.82998043,0.6433897,0.8142148,0.638303,0.80981654,0.6289595,0.8132341,0.6403503,0.7985214,0.61572707,0.8046777,0.6338308,0.8064843,0.6315519,0.8049531,0.6184736,0.802291,0.63078797,0.8109228
2025-01-01 19:15:00,0.66682345,0.8373327,0.665244,0.82997036,0.6433847,0.8142089,0.6383025,0.80981505,0.62896454,0.8132373,0.6403595,0.79852915,0.6157413,0.80468935,0.63384783,0.8064984,0.63157094,0.804969,0.61849374,0.80230594,0.6308068,0.81093615
2025-01-01 19:16:00,0.6668123,0.83731997,0.66523457,0.8299604,0.6433786,0.8142029,0.6383008,0.8098134,0.6289679,0.8132403,0.64036715,0.7985365,0.6157534,0.80470043,0.6338629,0.8065119,0.63158774,0.804984,0.6185114,0.80231994,0.6308231,0.81094843
2025-01-01 19:17:00,0.6668007,0.83730745,0.6652246,0.8299506,0.6433718,0.8141968,0.63829815,0.8098116,0.62897015,0.8132431,0.6403737,0.7985436,0.6157643,0.80471116,0.6338766,0.806525,0.63160324,0.8049983,0.6185274,0.8023335,0.63083774,0.81096005
2025-01-01 19:18:00,0.66678864,0.8372952,0.6652143,0.8299408,0.64336467,0.81419075,0.63829505,0.8098098,0.62897176,0.81324583,0.6403796,0.79855055,0.61577433,0.80472165,0.6338895,0.80653775,0.6316178,0.80501217,0.6185423,0.8023466,0.6308513,0.8109712
2025-01-01 19:19:00,0.66677636,0.8372829,0.66520375,0.8299311,0.6433572,0.81418467,0.6382917,0.809808,0.62897295,0.8132485,0.6403851,0.7985574,0.6157839,0.80473197,0.6339019,0.8065504,0.6316318,0.8050258,0.61855656,0.8023594,0.63086414,0.81098205
2025-01-01 19:20:00,0.6667639,0.83727074,0.6651931,0.8299215,0.6433496,0.81417865,0.6382881,0.80980617,0.6289739,0.8132512,0.64039034,0.79856426,0.6157931,0.8047423,0.6339139,0.8065629,0.6316454,0.8050393,0.6185703,0.80237216,0.6308765,0.8109927
2025-01-01 19:21:00,0.6667513,0.8372587,0.6651823,0.8299119,0.6433419,0.81417257,0.6382844,0.8098044,0.6289747,0.8132539,0.64039546,0.7985711,0.61580205,0.8047525,0.6339257,0.80657536,0.63165873,0.80505264,0.6185838,0.80238473,0.6308885,0.81100315
2025-01-01 19:22:00,0.66673875,0.83724666,0.6651715,0.82990235,0.6433342,0.8141666,0.63828063,0.80980265,0.62897533,0.8132566,0.64040047,0.79857796,0.615811,0.8047627,0.63393736,0.8065878,0.63167197,0.8050658,0.6185971,0.8023972,0.6309004,0.8110135
2025-01-01 19:23:00,0.6667261,0.8372347,0.66516066,0.8298929,0.64332646,0.81416065,0.6382769,0.8098009,0.62897605,0.81325936,0.64040554,0.7985849,0.6158198,0.804773,0.633949,0.8066002,0.6316851,0.805079,0.61861026,0.80240965,0.63091207,0.81102383
2025-01-01 19:24:00,0.6667135,0.83722275,0.66514987,0.8298834,0.6433188,0.81415474,0.6382731,0.8097993,0.62897676,0.8132621,0.64041054,0.79859173,0.6158286,0.8047832,0.63396055,0.8066127,0.6316981,0.80509216,0.6186233,0.80242205,0.63092357,0.8110341
2025-01-01 19:25:00,0.6667009,0.83721083,0.6651391,0.829874,0.6433111,0.8141489,0.63826936,0.8097977,0.6289774,0.81326497,0.64041555,0.7985987,0.61583734,0.8047935,0.6339721,0.806625,0.63171107,0.8051053,0.6186363,0.80243444,0.6309351,0.8110442
2025-01-01 19:26:00,0.6666882,0.8371989,0.6651283,0.8298646,0.6433034,0.8141431,0.6382657,0.80979615,0.6289782,0.8132678,0.6404207,0.7986057,0.6158462,0.8048038,0.6339837,0.80663747,0.6317241,0.80511844,0.61864924,0.8024467,0.6309465,0.81105435
2025-01-01 19:27:00,0.66667557,0.83718705,0.6651175,0.82985526,0.6432957,0.8141374,0.6382621,0.80979466,0.6289789,0.8132708,0.64042574,0.7986127,0.61585504,0.8048141,0.6339953,0.80664986,0.6317371,0.80513155,0.61866224,0.802459,0.6309579,0.8110644
2025-01-01 19:28:00,0.66666293,0.8371752,0.6651068,0.82984596,0.64328814,0.81413174,0.63825846,0.80979323,0.62897974,0.8132738,0.6404308,0.7986198,0.6158639,0.8048245,0.63400686,0.8066623,0.63175005,0.80514467,0.61867505,0.8024713,0.6309692,0.81107444
2025-01-01 19:29:00,0.66665035,0.8371634,0.6650961,0.8298367,0.64328057,0.8141261,0.6382549,0.8097919,0.6289806,0.8132769,0.640436,0.79862696,0.6158728,0.80483484,0.6340185,0.8066748,0.63176304,0.8051578,0.6186879,0.80248356,0.6309805,0.8110844
2025-01-01 19:30:00,0.6691863,0.8372258,0.66766506,0.8303488,0.6462737,0.8150442,0.6416814,0.8108996,0.6331126,0.8145788,0.64442897,0.80014217,0.62057436,0.8065838,0.6385609,0.80855733,0.6365528,0.80757,0.6240239,0.80461794,0.636253,0.8133977
2025-01-01 19:31:00,0.6708302,0.8372622,0.6693312,0.83067846,0.64821666,0.8156392,0.6439074,0.8116192,0.6357988,0.8154261,0.6470263,0.8011296,0.62363356,0.80772436,0.6415175,0.80978537,0.63967067,0.8091425,0.6274968,0.8060095,0.639684,0.8149048
2025-01-01 19:32:00,0.67189443,0.8372818,0.67041045,0.8308896,0.649477,0.816024,0.6453532,0.8120866,0.6375452,0.81597805,0.64871645,0.801774,0.6256252,0.8084694,0.64344347,0.810588,0.6417018,0.81016916,0.6297586,0.8069183,0.6419181,0.81588787
2025-01-01 19:33:00,0.67258173,0.83729047,0.6711083,0.83102363,0.65029365,0.81627226,0.6462918,0.81239,0.6386809,0.816338,0.64981693,0.8021955,0.62692297,0.80895734,0.64469945,0.8111141,0.64302665,0.81084114,0.6312333,0.8075133,0.64337415,0.8165303
2025-01-01 19:34:00,0.6730241,0.837292,0.67155826,0.8311076,0.650822,0.81643176,0.64690083,0.81258684,0.63941944,0.8165732,0.6505342,0.80247205,0.62776977,0.8092783,0.64552,0.8114605,0.64389235,0.8112825,0.6321963,0.8079042,0.6443245,0.8169512
2025-01-01 19:35:00,0.6733073,0.837289,0.67184705,0.8311591,0.65116286,0.8165336,0.64729553,0.8127145,0.63989997,0.8167273,0.6510024,0.80265445,0.6283234,0.8094906,0.6460574,0.81169003,0.64445955,0.8115739,0.63282675,0.80816257,0.64494604,0.81722826
2025-01-01 19:36:00,0.673487,0.83728296,0.67203116,0.8311895,0.65138197,0.81659806,0.64755106,0.8127972,0.6402128,0.81682867,0.6513087,0.8027756,0.6286865,0.80963236,0.64641094,0.81184363,0.64483285,0.811768,0.63324094,0.8083347,0.6453539,0.81741166
2025-01-01 19:37:00,0.6735995,0.83727497,0.6721472,0.83120614,0.6515219,0.8166381,0.6477161,0.81285065,0.64041656,0.81689584,0.6515098,0.8028571,0.62892574,0.80972826,0.64664483,0.8119479,0.64508003,0.81189865,0.63351464,0.80845076,0.64562285,0.8175343
2025-01-01 19:38:00,0.6736682,0.8372658,0.67221904,0.8312139,0.6516104,0.81666243,0.6478224,0.81288517,0.6405496,0.8169408,0.65164256,0.80291265,0.6290845,0.8097943,0.646801,0.8120201,0.6452453,0.8119882,0.63369703,0.8085305,0.6458015,0.8176173
2025-01-01 19:39:00,0.67370856,0.8372558,0.6722621,0.8312158,0.65166545,0.81667644,0.64789045,0.8129073,0.64063656,0.8169713,0.6517308,0.8029515,0.62919104,0.8098411,0.64690673,0.81207144,0.6453573,0.81205094,0.63382006,0.8085864,0.6459214,0.8176746
2025-01-01 19:40:00,0.67373043,0.83724517,0.6722865,0.8312141,0.6516988,0.8166838,0.64793366,0.8129215,0.64069366,0.81699246,0.65179026,0.8029795,0.6292636,0.80987525,0.6469796,0.8121093,0.6454347,0.8120963,0.6339044,0.808627,0.6460032,0.81771517
2025-01-01 19:41:00,0.6737403,0.8372343,0.6722988,0.83120984,0.6517181,0.81668687,0.6479608,0.8129305,0.6407314,0.81700754,0.6518309,0.80300045,0.62931406,0.80990124,0.6470311,0.8121383,0.6454895,0.8121304,0.6339637,0.8086576,0.6460601,0.81774485
2025-01-01 19:42:00,0.6737424,0.83722323,0.6723032,0.8312041,0.6517282,0.81668717,0.6479775,0.81293625,0.6407565,0.81701875,0.6518594,0.8030168,0.6293502,0.809922,0.64706886,0.8121617,0.64552975,0.8121571,0.6340067,0.8086816,0.64610094,0.81776744
2025-01-01 19:43:00,0.67373943,0.8372121,0.67230254,0.8311973,0.6517324,0.8166857,0.64798737,0.8129398,0.6407734,0.81702733,0.65188,0.80303013,0.629377,0.80993927,0.6470975,0.81218123,0.64556044,0.812179,0.63403904,0.80870146,0.6461313,0.8177854
2025-01-01 19:44:00,0.67373323,0.8372008,0.67229855,0.83118993,0.65173274,0.816683,0.6479929,0.8129419,0.6407851,0.8170343,0.6518956,0.8030416,0.62939775,0.80995435,0.6471204,0.81219846,0.645585,0.81219786,0.63406456,0.80871844,0.6461547,0.81780034
2025-01-01 19:45:00,0.6737249,0.83718956,0.6722925,0.8311822,0.6517307,0.81667966,0.6479956,0.81294316,0.64079326,0.8170403,0.65190786,0.8030518,0.6294146,0.809968,0.6471395,0.8122141,0.6456055,0.8122147,0.6340855,0.80873364,0.6461737,0.81781334
2025-01-01 19:46:00,0.6737152,0.83717823,0.672285,0.8311742,0.65172696,0.81667584,0.6479964,0.81294394,0.6407993,0.8170456,0.65191793,0.80306137,0.629429,0.8099807,0.6471561,0.8122287,0.64562345,0.81223017,0.63410354,0.80874765,0.6461898,0.817825
2025-01-01 19:47:00,0.67370456,0.83716697,0.6722766,0.831166,0.65172225,0.8166718,0.6479961,0.8129443,0.64080393,0.8170506,0.6519267,0.80307025,0.6294417,0.80999285,0.64717114,0.8122427,0.64563966,0.8122448,0.6341197,0.8087609,0.646204,0.81783587
2025-01-01 19:48:00,0.6736934,0.83715564,0.6722677,0.83115774,0.65171695,0.81666756,0.6479952,0.81294453,0.6408076,0.8170552,0.65193456,0.80307895,0.6294534,0.81000465,0.64718515,0.8122562,0.6456548,0.8122588,0.63413453,0.8087736,0.6462169,0.81784606
2025-01-01 19:49:00,0.67368186,0.8371444,0.67225844,0.83114946,0.65171117,0.81666327,0.6479937,0.8129446,0.6408108,0.8170597,0.6519419,0.8030874,0.6294644,0.81001616,0.6471985,0.81226957,0.64566916,0.8122725,0.6341486,0.808786,0.6462291,0.8178559
2025-01-01 19:50:00,0.6736701,0.8371331,0.67224896,0.83114123,0.65170515,0.8166589,0.64799196,0.8129446,0.6408136,0.81706417,0.65194887,0.8030958,0.629475,0.81002754,0.64721143,0.8122827,0.64568317,0.8122859,0.6341621,0.80879813,0.64624065,0.8178655
2025-01-01 19:51:00,0.6736582,0.8371219,0.6722393,0.83113295,0.65169907,0.81665456,0.64799005,0.8129446,0.6408162,0.81706864,0.65195566,0.80310416,0.6294853,0.81003886,0.6472241,0.8122957,0.6456968,0.8122992,0.63417536,0.8088101,0.64625186,0.8178749
2025-01-01 19:52:00,0.6736462,0.8371107,0.67222965,0.8311247,0.6516928,0.8166502,0.647988,0.81294465,0.64081866,0.81707305,0.6519623,0.8031125,0.62949544,0.81005013,0.64723665,0.8123086,0.64571023,0.8123124,0.6341883,0.80882204,0.6462628,0.81788415
2025-01-01 19:53:00,0.6736342,0.83709955,0.6722199,0.8311165,0.65168655,0.8166459,0.647986,0.81294477,0.64082104,0.8170775,0.6519689,0.8031208,0.6295056,0.8100614,0.647249,0.81232154,0.6457236,0.81232554,0.63420105,0.80883384,0.64627355,0.8178933
2025-01-01 19:54:00,0.6736221,0.8370884,0.67221016,0.8311083,0.65168035,0.81664157,0.64798397,0.8129449,0.6408235,0.817082,0.65197545,0.80312914,0.6295156,0.81007266,0.64726126,0.8123344,0.6457369,0.8123386,0.63421375,0.8088455,0.6462842,0.8179024
2025-01-01 19:55:00,0.67361003,0.8370773,0.67220044,0.83110017,0.6516741,0.81663734,0.6479819,0.812945,0.6408259,0.81708646,0.651982,0.8031375,0.6295256,0.8100839,0.6472736,0.8123473,0.6457501,0.8123516,0.6342264,0.80885726,0.6462948,0.8179114
2025-01-01 19:56:00,0.673598,0.83706623,0.6721908,0.83109206,0.6516679,0.81663316,0.6479799,0.8129452,0.6408284,0.81709105,0.6519886,0.8031459,0.6295356,0.8100952,0.64728594,0.81236017,0.6457632,0.81236464,0.6342389,0.8088688,0.64630526,0.8179203
2025-01-01 19:57:00,0.6735859,0.83705515,0.67218107,0.831084,0.65166175,0.816629,0.64797795,0.8129454,0.6408309,0.81709564,0.6519953,0.8031543,0.6295457,0.8101065,0.6472982,0.81237304,0.6457764,0.81237763,0.6342514,0.80888045,0.6463157,0.8179292
2025-01-01 19:58:00,0.67357385,0.8370442,0.6721714,0.83107597,0.6516556,0.8166249,0.64797604,0.8129457,0.6408334,0.8171003,0.652002,0.80316275,0.62955576,0.8101178,0.6473105,0.8123859,0.6457895,0.81239057,0.6342639,0.808892,0.64632607,0.817938
2025-01-01 19:59:00,0.6735618,0.83703315,0.6721618,0.83106804,0.6516495,0.8166209,0.64797413,0.812946,0.64083594,0.81710494,0.65200865,0.8031713,0.62956583,0.81012917,0.6473228,0.8123988,0.6458026,0.8124035,0.6342763,0.8089035,0.6463364,0.8179468
2025-01-01 20:00:00,0.67693377,0.83776546,0.6756102,0.83225924,0.6555438,0.8181798,0.65229446,0.8147383,0.64584005,0.81905305,0.65682906,0.80533826,0.6350929,0.8124591,0.6525841,0.8148642,0.65133107,0.8153445,0.64026654,0.81156266,0.65219796,0.8207016
2025-01-01 20:01:00,0.6791214,0.83823764,0.67784834,0.83303076,0.65807307,0.81919175,0.655102,0.8159034,0.6490937,0.8203211,0.6599648,0.8067498,0.63868916,0.81397754,0.65600824,0.8164713,0.65492916,0.8172607,0.64416456,0.81329507,0.6560116,0.8224952
2025-01-01 20:02:00,0.68053913,0.83854073,0.6792998,0.83352953,0.659715,0.8198482,0.65692645,0.816661,0.65120953,0.82114697,0.66200536,0.8076704,0.6410303,0.8149686,0.6582383,0.8175204,0.6572725,0.8185107,0.6467026,0.8144252,0.65849394,0.82366407
2025-01-01 20:03:00,0.68145657,0.838734,0.68024,0.8338511,0.66078025,0.8202736,0.65811175,0.8171537,0.65258586,0.8216856,0.66333425,0.8082719,0.6425556,0.8156167,0.65969217,0.81820685,0.65880024,0.8193278,0.6483566,0.81516373,0.66011095,0.82442683
2025-01-01 20:04:00,0.68204874,0.8388558,0.6808478,0.8340574,0.66147065,0.8205488,0.65888166,0.8174741,0.6534815,0.82203746,0.66420054,0.8086659,0.6435507,0.8160421,0.66064155,0.8186576,0.6597979,0.8198633,0.64943606,0.8156477,0.6611656,0.8249256
2025-01-01 20:05:00,0.68242943,0.83893126,0.68123966,0.8341888,0.66191745,0.8207264,0.6593816,0.81768274,0.6540647,0.82226795,0.6647661,0.80892503,0.64420116,0.8163226,0.661263,0.81895506,0.66045094,0.820216,0.65014195,0.8159663,0.6618546,0.8252528
2025-01-01 20:06:00,0.6826728,0.83897656,0.68149114,0.8342716,0.6622059,0.82084066,0.6597061,0.81781864,0.6544449,0.82241964,0.66513616,0.80909663,0.6446276,0.81650907,0.6616713,0.81915295,0.66087997,0.8204497,0.6506051,0.8161773,0.66230595,0.8254683
2025-01-01 20:07:00,0.6828269,0.83900225,0.68165135,0.83432275,0.6623914,0.8209136,0.6599166,0.8179073,0.65469307,0.82252,0.6653792,0.8092113,0.64490837,0.8166343,0.66194105,0.81928617,0.66116345,0.8206061,0.6509104,0.81631845,0.6626028,0.8256114
2025-01-01 20:08:00,0.68292284,0.83901525,0.68175226,0.8343534,0.66251004,0.82095987,0.66005296,0.81796527,0.6548555,0.8225871,0.66553974,0.809289,0.6450945,0.8167198,0.66212076,0.81937724,0.6613523,0.8207122,0.65111315,0.81641406,0.66279924,0.8257073
2025-01-01 20:09:00,0.68298113,0.83901995,0.68181473,0.83437073,0.66258526,0.8209887,0.66014117,0.8180033,0.65496224,0.8226326,0.6656467,0.8093426,0.6452192,0.81677943,0.662242,0.8194411,0.66147965,0.8207857,0.6512492,0.8164801,0.6629304,0.8257725
2025-01-01 20:10:00,0.6830149,0.83901936,0.6818521,0.83437943,0.6626322,0.82100636,0.6601981,0.81802845,0.6550327,0.8226641,0.6657187,0.8093807,0.64530396,0.8168223,0.66232514,0.8194871,0.66156703,0.820838,0.6513418,0.81652695,0.6630191,0.82581776
2025-01-01 20:11:00,0.6830328,0.8390153,0.6818732,0.83438253,0.6626609,0.82101667,0.66023475,0.81804514,0.65507966,0.8226864,0.6657681,0.8094086,0.64536273,0.81685424,0.6623836,0.81952155,0.6616284,0.8208764,0.65140635,0.81656134,0.66308016,0.82585007
2025-01-01 20:12:00,0.6830403,0.8390089,0.68188375,0.834382,0.66267765,0.8210222,0.6602582,0.8180564,0.65511143,0.8227029,0.6658028,0.80942994,0.6454047,0.8168791,0.662426,0.8195485,0.66167283,0.82090586,0.6514525,0.81658757,0.66312325,0.8258739
2025-01-01 20:13:00,0.68304116,0.8390012,0.6818875,0.83437914,0.6626867,0.8210247,0.6602731,0.8180642,0.65513325,0.82271546,0.665828,0.80944705,0.64543563,0.8168994,0.6624579,0.81957054,0.6617063,0.8209295,0.6514867,0.8166085,0.6631547,0.8258922
2025-01-01 20:14:00,0.68303764,0.8389925,0.6818868,0.8343747,0.66269076,0.8210253,0.66028243,0.8180697,0.6551487,0.8227256,0.665847,0.80946136,0.64545953,0.8169167,0.6624831,0.8195895,0.6617327,0.8209494,0.6515132,0.81662595,0.6631785,0.825907
2025-01-01 20:15:00,0.6830313,0.8389832,0.6818833,0.83436936,0.6626916,0.8210246,0.6602882,0.81807375,0.65515995,0.8227342,0.66586196,0.8094739,0.64547884,0.81693214,0.6625039,0.8196063,0.66175437,0.8209667,0.6515347,0.81664115,0.66319734,0.82591933
2025-01-01 20:16:00,0.6830231,0.8389736,0.68187785,0.8343634,0.66269034,0.82102305,0.6602917,0.81807685,0.65516853,0.82274175,0.66587436,0.8094853,0.6454951,0.8169463,0.66252184,0.81962186,0.6617731,0.82098246,0.6515528,0.81665486,0.663213,0.8259302
2025-01-01 20:17:00,0.68301374,0.8389636,0.68187124,0.8343571,0.6626878,0.821021,0.6602937,0.8180794,0.6551754,0.8227487,0.6658851,0.80949605,0.6455094,0.81695974,0.6625379,0.81963646,0.6617898,0.8209971,0.6515688,0.8166676,0.6632265,0.82593995
2025-01-01 20:18:00,0.68300366,0.8389536,0.6818639,0.8343505,0.6626843,0.8210187,0.6602948,0.8180817,0.65518117,0.8227552,0.6658948,0.80950624,0.64552253,0.8169725,0.6625528,0.8196506,0.6618053,0.8210111,0.6515834,0.8166797,0.6632386,0.82594913
2025-01-01 20:19:00,0.68299305,0.8389435,0.68185604,0.83434385,0.6626803,0.8210162,0.66029525,0.81808364,0.65518624,0.82276154,0.6659038,0.8095162,0.6455349,0.8169851,0.6625669,0.81966436,0.6618199,0.82102466,0.651597,0.8166914,0.6632498,0.82595783
2025-01-01 20:20:00,0.68298215,0.8389333,0.68184793,0.83433706,0.66267604,0.8210136,0.6602953,0.81808555,0.6551908,0.8227677,0.6659124,0.80952597,0.6455466,0.81699735,0.66258055,0.8196778,0.6618339,0.8210379,0.65161014,0.8167028,0.6632604,0.8259661
2025-01-01 20:21:00,0.68297106,0.83892316,0.68183964,0.83433026,0.66267157,0.82101095,0.66029525,0.81808734,0.65519524,0.82277375,0.6659207,0.8095357,0.6455581,0.8170096,0.6625938,0.8196912,0.6618476,0.82105094,0.6516228,0.816714,0.6632706,0.8259743
2025-01-01 20:22:00,0.68295985,0.838913,0.68183124,0.83432347,0.662667,0.8210083,0.66029507,0.81808907,0.65519947,0.8227798,0.66592884,0.8095453,0.6455694,0.8170217,0.6626069,0.8197044,0.66186106,0.8210639,0.65163517,0.816725,0.6632804,0.82598233
2025-01-01 20:23:00,0.68294865,0.8389029,0.6818228,0.83431673,0.6626623,0.82100564,0.6602947,0.8180909,0.65520364,0.82278585,0.6659369,0.80955493,0.6455806,0.8170338,0.6626198,0.81971765,0.6618744,0.82107663,0.6516474,0.8167359,0.66329014,0.82599014
2025-01-01 20:24:00,0.6829373,0.83889276,0.6818143,0.83431,0.6626576,0.8210031,0.6602944,0.81809276,0.65520775,0.82279193,0.665945,0.80956453,0.64559174,0.81704587,0.66263276,0.81973076,0.66188765,0.8210894,0.6516595,0.81674683,0.6632997,0.8259979
2025-01-01 20:25:00,0.68292606,0.8388827,0.6818058,0.83430326,0.66265297,0.8210005,0.6602941,0.8180947,0.65521187,0.8227981,0.66595304,0.8095742,0.64560276,0.81705797,0.6626456,0.8197439,0.6619008,0.8211021,0.65167147,0.8167576,0.6633091,0.8260056
2025-01-01 20:26:00,0.68291473,0.8388726,0.6817974,0.8342966,0.6626483,0.820998,0.6602939,0.8180966,0.655216,0.82280415,0.6659611,0.80958384,0.64561385,0.81707,0.6626584,0.81975704,0.66191393,0.8211147,0.65168333,0.8167684,0.66331846,0.8260132
2025-01-01 20:27:00,0.68290347,0.8388626,0.6817889,0.8342899,0.6626438,0.8209955,0.66029364,0.8180985,0.65522015,0.82281035,0.6659692,0.8095935,0.64562494,0.81708205,0.6626712,0.8197701,0.66192704,0.82112736,0.6516952,0.8167791,0.66332775,0.8260208
2025-01-01 20:28:00,0.68289214,0.8388526,0.6817805,0.83428335,0.6626392,0.82099307,0.66029346,0.8181005,0.6552243,0.82281655,0.66597724,0.8096032,0.64563596,0.81709415,0.66268396,0.8197832,0.66194004,0.82113993,0.65170705,0.81678975,0.663337,0.8260282
2025-01-01 20:29:00,0.68288094,0.83884263,0.6817722,0.8342768,0.6626347,0.8209907,0.6602933,0.8181026,0.65522856,0.8228228,0.66598535,0.80961293,0.64564705,0.81710625,0.6626968,0.81979626,0.66195303,0.8211525,0.6517188,0.81680036,0.6633462,0.8260357
2025-01-01 20:30:00,0.68702877,0.8402318,0.68603843,0.83612597,0.6673608,0.8231625,0.66543025,0.82054746,0.6610154,0.8253827,0.6715473,0.8123931,0.6519012,0.8199758,0.66858304,0.82280034,0.66812164,0.82457006,0.6582569,0.8199368,0.6696923,0.829183
2025-01-01 20:31:00,0.689721,0.8411312,0.6888086,0.8373257,0.67043126,0.8245734,0.6687693,0.8221375,0.6647785,0.82704884,0.6751655,0.81420374,0.6559703,0.82184523,0.6724136,0.8247576,0.6721358,0.82679576,0.66251075,0.8219792,0.6738204,0.83123136
2025-01-01 20:32:00,0.691467,0.8417125,0.6906064,0.83810335,0.67242557,0.82548976,0.6709398,0.82317173,0.667226,0.8281342,0.67752016,0.8153841,0.6586191,0.8230646,0.6749079,0.8260343,0.6747495,0.8282469,0.66527987,0.82331043,0.6765068,0.83256525
2025-01-01 20:33:00,0.69259804,0.8420869,0.69177216,0.83860666,0.6737204,0.8260847,0.67235065,0.82384485,0.6688185,0.8288419,0.67905366,0.8161548,0.6603448,0.82386154,0.6765337,0.82686883,0.676453,0.8291945,0.66708386,0.8241793,0.67825615,0.8334348
2025-01-01 20:34:00,0.6933294,0.8423269,0.69252706,0.83893156,0.67456055,0.8264707,0.6732678,0.82428324,0.6698552,0.8293042,0.6800534,0.8166593,0.6614705,0.82438385,0.67759496,0.8274159,0.6775648,0.82981473,0.66826046,0.8247478,0.6793963,0.8340025
2025-01-01 20:35:00,0.6938009,0.84247947,0.6930149,0.83914065,0.6751053,0.82672095,0.673864,0.82456905,0.67053074,0.8296071,0.6807062,0.8169907,0.6622061,0.82472765,0.6782893,0.827776,0.678292,0.8302223,0.6690293,0.82512087,0.6801405,0.83437395
2025-01-01 20:36:00,0.69410354,0.84257525,0.6933293,0.8392744,0.67545795,0.82688296,0.6742517,0.8247557,0.67097145,0.82980627,0.6811335,0.81720966,0.6626882,0.8249554,0.67874515,0.82801473,0.67876923,0.83049154,0.66953313,0.825367,0.6806273,0.83461785
2025-01-01 20:37:00,0.6942965,0.8426342,0.69353086,0.8393592,0.67568576,0.8269876,0.6745038,0.824878,0.6712596,0.8299381,0.68141425,0.81735545,0.6630056,0.82510775,0.679046,0.8281745,0.6790839,0.8306709,0.66986465,0.8255306,0.6809468,0.83477885
2025-01-01 20:38:00,0.69441795,0.8426692,0.69365907,0.8394123,0.67583245,0.827055,0.67466784,0.8249584,0.6714485,0.8300262,0.68159974,0.8174538,0.6632159,0.8252111,0.679246,0.8282829,0.67929304,0.8307918,0.6700841,0.8256405,0.6811575,0.83488595
2025-01-01 20:39:00,0.6944932,0.8426886,0.69373965,0.8394447,0.67592645,0.82709825,0.67477465,0.8250116,0.67157304,0.8300859,0.6817233,0.81752133,0.66335654,0.8252826,0.6793806,0.8283579,0.67943347,0.8308747,0.6702308,0.8257155,0.68129754,0.83495796
2025-01-01 20:40:00,0.69453824,0.8426979,0.69378936,0.83946365,0.67598623,0.8271258,0.67484426,0.8250472,0.67165565,0.83012706,0.6818066,0.8175688,0.66345197,0.82533336,0.6794725,0.8284112,0.67952925,0.8309329,0.6703301,0.8257678,0.68139154,0.83500713
2025-01-01 20:41:00,0.69456375,0.8427006,0.693819,0.839474,0.6760237,0.8271431,0.67488974,0.8250713,0.67171115,0.83015627,0.68186396,0.81760323,0.6635181,0.8253708,0.6795368,0.8284505,0.679596,0.83097506,0.67039865,0.82580537,0.6814556,0.83504146
2025-01-01 20:42:00,0.69457656,0.84269917,0.69383556,0.8394787,0.67604685,0.82715386,0.67491955,0.82508796,0.671749,0.8301777,0.6819042,0.8176292,0.66356504,0.8253994,0.6795832,0.82848066,0.6796439,0.83100677,0.67044723,0.8258333,0.68150026,0.83506614
2025-01-01 20:43:00,0.6945811,0.84269494,0.6938436,0.8394797,0.67606056,0.8271603,0.67493916,0.8250999,0.67177534,0.8301941,0.68193346,0.8176497,0.6635996,0.82542235,0.6796178,0.8285048,0.6796796,0.8310317,0.67048275,0.825855,0.68153226,0.83508456
2025-01-01 20:44:00,0.6945803,0.8426889,0.69384617,0.8394784,0.6760682,0.827164,0.6749522,0.82510865,0.67179424,0.8302072,0.6819556,0.8176667,0.66362613,0.8254416,0.6796449,0.8285251,0.6797073,0.83105224,0.67050976,0.8258726,0.681556,0.8350988
2025-01-01 20:45:00,0.6945761,0.84268177,0.6938452,0.8394756,0.67607194,0.82716596,0.67496103,0.8251154,0.67180836,0.83021826,0.6819731,0.8176813,0.6636474,0.8254585,0.679667,0.8285429,0.67972976,0.8310698,0.67053133,0.82588756,0.68157434,0.83511037
2025-01-01 20:46:00,0.6945696,0.8426739,0.69384193,0.83947176,0.67607313,0.82716674,0.67496705,0.8251209,0.6718194,0.8302279,0.6819876,0.8176945,0.6636653,0.8254739,0.67968595,0.82855904,0.6797489,0.8310855,0.6705492,0.82590073,0.68158925,0.8351202
2025-01-01 20:47:00,0.69456166,0.84266555,0.6938372,0.8394674,0.67607266,0.8271668,0.67497134,0.8251256,0.6718284,0.83023673,0.68200016,0.81770676,0.66368103,0.82548827,0.67970276,0.8285741,0.67976576,0.83110005,0.6705648,0.8259128,0.6816018,0.83512884
2025-01-01 20:48:00,0.6945528,0.84265697,0.69383156,0.8394626,0.6760712,0.82716644,0.6749745,0.82512975,0.6718361,0.8302451,0.6820115,0.8177184,0.66369534,0.8255019,0.67971826,0.8285885,0.67978126,0.83111376,0.67057884,0.82592404,0.6816129,0.83513665
2025-01-01 20:49:00,0.6945433,0.8426482,0.6938253,0.8394576,0.6760691,0.8271658,0.6749769,0.8251336,0.671843,0.830253,0.68202204,0.8177296,0.6637087,0.8255152,0.6797329,0.82860243,0.6797958,0.83112687,0.67059183,0.8259348,0.681623,0.83514404
2025-01-01 20:50:00,0.69453347,0.8426393,0.6938187,0.8394525,0.67606664,0.827165,0.67497885,0.82513726,0.67184937,0.8302608,0.68203205,0.8177406,0.6637215,0.82552826,0.679747,0.8286161,0.67980975,0.8311397,0.6706042,0.82594526,0.6816324,0.835151
2025-01-01 20:51:00,0.6945234,0.8426304,0.6938118,0.83944726,0.67606384,0.8271641,0.6749805,0.8251409,0.67185545,0.83026844,0.68204176,0.81775147,0.663734,0.82554114,0.6797607,0.82862955,0.6798233,0.83115226,0.67061615,0.82595545,0.6816414,0.83515775
2025-01-01 20:52:00,0.69451314,0.84262145,0.6938048,0.839442,0.6760609,0.8271632,0.6749821,0.8251444,0.6718613,0.830276,0.6820513,0.8177623,0.66374624,0.82555395,0.67977417,0.82864285,0.6798366,0.8311646,0.6706277,0.82596546,0.68165004,0.8351643
2025-01-01 20:53:00,0.6945029,0.8426125,0.69379777,0.8394368,0.676058,0.8271623,0.67498356,0.8251479,0.67186713,0.8302835,0.6820608,0.81777304,0.6637583,0.82556665,0.67978746,0.8286561,0.6798497,0.83117694,0.67063916,0.82597536,0.68165845,0.83517075
2025-01-01 20:54:00,0.6944925,0.8426036,0.6937907,0.8394316,0.676055,0.82716143,0.674985,0.82515144,0.67187285,0.8302911,0.68207014,0.8177837,0.6637702,0.8255793,0.6798006,0.8286693,0.6798626,0.8311891,0.6706505,0.8259852,0.68166673,0.83517706
2025-01-01 20:55:00,0.6944822,0.8425947,0.6937836,0.83942646,0.67605203,0.8271606,0.6749864,0.825155,0.6718786,0.83029866,0.6820795,0.81779444,0.6637822,0.8255919,0.6798138,0.8286824,0.6798755,0.83120126,0.6706616,0.82599497,0.6816749,0.8351833
2025-01-01 20:56:00,0.6944719,0.8425858,0.69377655,0.83942133,0.67604905,0.82715976,0.6749879,0.82515866,0.6718843,0.8303063,0.6820888,0.81780523,0.6637941,0.8256046,0.6798269,0.8286956,0.67988837,0.83121336,0.6706727,0.8260046,0.681683,0.83518946
2025-01-01 20:57:00,0.69446164,0.842577,0.6937695,0.8394162,0.67604613,0.827159,0.6749894,0.8251623,0.67189,0.8303139,0.6820982,0.81781596,0.663806,0.82561725,0.67984,0.82870865,0.6799011,0.8312254,0.67068374,0.8260142,0.681691,0.83519554
2025-01-01 20:58:00,0.69445133,0.84256816,0.6937625,0.83941114,0.67604315,0.8271583,0.6749909,0.825166,0.67189586,0.8303216,0.68210757,0.81782675,0.66381794,0.8256299,0.67985314,0.8287217,0.67991394,0.8312374,0.6706947,0.8260238,0.681699,0.83520156
2025-01-01 20:59:00,0.694441,0.84255946,0.6937555,0.83940613,0.6760403,0.82715756,0.67499244,0.8251697,0.67190164,0.8303293,0.6821169,0.81783754,0.66382986,0.8256425,0.67986614,0.82873476,0.67992663,0.83124936,0.6707056,0.8260333,0.68170685,0.8352075
2025-01-01 21:00:00,0.69929075,0.84458065,0.69876355,0.8418802,0.6815138,0.82990354,0.6808545,0.8282236,0.67836815,0.8334552,0.68832105,0.8211812,0.67069924,0.8290003,0.6862724,0.83222413,0.6866252,0.83508235,0.67767465,0.8295911,0.6884242,0.8386912
2025-01-01 21:01:00,0.70243955,0.8458915,0.7020164,0.84348667,0.68507063,0.8316883,0.6846655,0.83021,0.68257344,0.8354898,0.6923571,0.82335836,0.6751686,0.8311873,0.69044095,0.8344968,0.6909837,0.83757794,0.68220824,0.831907,0.69279325,0.8409575
2025-01-01 21:02:00,0.7044828,0.8467405,0.7041284,0.8445292,0.6873816,0.83284825,0.68714327,0.83150256,0.685309,0.8368151,0.69498396,0.82477736,0.6780778,0.8326133,0.6931551,0.83597857,0.69382113,0.8392042,0.6851589,0.8334155,0.69563574,0.8424327
2025-01-01 21:03:00,0.7058073,0.8472894,0.7054988,0.84520525,0.68888295,0.8336021,0.6887545,0.8323441,0.68708926,0.8376793,0.69669473,0.8257036,0.67997307,0.8335447,0.6949239,0.8369463,0.6956699,0.8402654,0.68708056,0.83439934,0.69748604,0.84339345
2025-01-01 21:04:00,0.70666474,0.8476432,0.70638734,0.8456431,0.68985784,0.834092,0.68980247,0.83289254,0.6882486,0.83824384,0.6978101,0.8263095,0.6812092,0.8341545,0.6960782,0.8375799,0.696876,0.8409593,0.6883334,0.83504206,0.69869137,0.84401995
2025-01-01 21:05:00,0.7072186,0.8478703,0.7069625,0.84592605,0.6904907,0.83441037,0.69048434,0.83325046,0.68900436,0.8386136,0.69853854,0.8267072,0.6820169,0.8345554,0.696833,0.83799624,0.6976644,0.8414145,0.68915147,0.835463,0.69947743,0.84442914
2025-01-01 21:06:00,0.70757514,0.8480149,0.70733416,0.84610844,0.6909012,0.83461726,0.6909282,0.83348465,0.68949777,0.8388569,0.6990154,0.82696956,0.68254614,0.83482045,0.69732827,0.83827144,0.6981812,0.8417145,0.6896869,0.83573985,0.69999105,0.844697
2025-01-01 21:07:00,0.7078034,0.848106,0.7075734,0.8462254,0.69116724,0.83475167,0.69121754,0.8336383,0.68982065,0.8390178,0.6993288,0.827144,0.6828944,0.8349972,0.6976547,0.83845484,0.6985216,0.84191364,0.6900386,0.835923,0.7003274,0.844873
2025-01-01 21:08:00,0.7079483,0.84816235,0.70772666,0.8462998,0.69133943,0.83483905,0.69140637,0.83373976,0.69003284,0.8391253,0.6995359,0.8272613,0.683125,0.83511657,0.69787157,0.8385787,0.69874716,0.84204715,0.69027096,0.8360452,0.70054865,0.84498936
2025-01-01 21:09:00,0.70803905,0.848196,0.70782405,0.8463467,0.69145054,0.8348958,0.69152987,0.83380723,0.690173,0.83919805,0.699674,0.82734144,0.6832792,0.83519864,0.698017,0.8386637,0.6988982,0.84213805,0.6904257,0.8361278,0.70069504,0.84506685
2025-01-01 21:10:00,0.70809466,0.84821504,0.70788515,0.84637564,0.691522,0.83493274,0.691611,0.83385265,0.69026625,0.83924824,0.69976723,0.82739747,0.6833837,0.8352565,0.6981162,0.8387235,0.6990007,0.8422012,0.6905299,0.8361847,0.70079273,0.84511906
2025-01-01 21:11:00,0.7081273,0.8482246,0.70792264,0.846393,0.6915677,0.8349568,0.69166446,0.83388376,0.69032925,0.83928376,0.6998313,0.8274378,0.6834559,0.8352986,0.69818527,0.8387669,0.6990718,0.8422463,0.6906013,0.83622473,0.7008587,0.8451548
2025-01-01 21:12:00,0.70814514,0.848228,0.7079448,0.8464028,0.69159675,0.8349725,0.6917001,0.8339055,0.6903724,0.83930975,0.6998764,0.827468,0.6835071,0.8353304,0.69823474,0.83879966,0.6991223,0.8422797,0.69065136,0.83625394,0.70090413,0.8451799
2025-01-01 21:13:00,0.70815337,0.8482273,0.7079571,0.8464078,0.6916149,0.83498275,0.6917241,0.8339213,0.69040287,0.83932966,0.6999092,0.8274915,0.68354464,0.83535564,0.69827145,0.8388255,0.69915956,0.8423054,0.69068754,0.836276,0.70093614,0.84519804
2025-01-01 21:14:00,0.70815533,0.84822416,0.7079629,0.84640956,0.691626,0.83498955,0.69174063,0.8339332,0.6904249,0.8393456,0.6999341,0.8275108,0.6835733,0.83537656,0.69829994,0.83884686,0.69918805,0.8423262,0.69071466,0.83629346,0.70095944,0.84521157
2025-01-01 21:15:00,0.7081532,0.8482193,0.70796454,0.84640926,0.6916326,0.8349941,0.69175225,0.83394253,0.6904416,0.8393589,0.6999538,0.8275273,0.6835963,0.8353946,0.698323,0.8388652,0.69921094,0.84234375,0.6907359,0.8363078,0.700977,0.8452222
2025-01-01 21:16:00,0.7081485,0.8482133,0.70796347,0.8464077,0.69163626,0.83499724,0.6917607,0.8339503,0.69045484,0.83937055,0.6999701,0.827542,0.6836155,0.8354109,0.6983426,0.8388817,0.69923013,0.8423592,0.6907533,0.8363203,0.70099086,0.84523076
2025-01-01 21:17:00,0.7081421,0.8482067,0.7079607,0.84640527,0.691638,0.8349994,0.69176716,0.833957,0.6904658,0.8393811,0.6999843,0.82755554,0.6836324,0.835426,0.69835997,0.838897,0.699247,0.8423732,0.6907682,0.8363314,0.7010023,0.84523803
2025-01-01 21:18:00,0.70813465,0.84819967,0.70795685,0.84640235,0.6916385,0.835001,0.6917723,0.8339631,0.6904754,0.839391,0.69999707,0.82756835,0.68364763,0.83544034,0.6983758,0.8389114,0.69926226,0.84238636,0.6907814,0.8363417,0.70101213,0.8452445
2025-01-01 21:19:00,0.7081265,0.84819233,0.70795226,0.8463992,0.69163835,0.83500224,0.6917766,0.83396876,0.690484,0.8394005,0.7000089,0.82758075,0.6836619,0.83545417,0.6983907,0.8389253,0.69927645,0.8423989,0.69079363,0.83635134,0.70102096,0.84525037
2025-01-01 21:20:00,0.7081179,0.8481849,0.7079472,0.84639573,0.6916376,0.83500326,0.6917804,0.8339742,0.69049203,0.83940965,0.70002025,0.8275928,0.68367547,0.8354677,0.69840497,0.83893883,0.6992901,0.84241104,0.6908051,0.83636063,0.701029,0.8452559
2025-01-01 21:21:00,0.70810896,0.8481773,0.70794195,0.8463922,0.6916366,0.8350042,0.6917839,0.8339794,0.6904997,0.8394187,0.7000312,0.82760465,0.6836887,0.83548105,0.69841886,0.8389522,0.6993032,0.8424229,0.69081604,0.8363697,0.7010366,0.84526116
2025-01-01 21:22:00,0.7080999,0.8481698,0.7079365,0.84638864,0.6916355,0.835005,0.6917872,0.8339847,0.6905072,0.83942765,0.70004195,0.8276164,0.6837016,0.8354942,0.69843245,0.8389653,0.699316,0.8424346,0.6908267,0.8363785,0.7010439,0.8452662
2025-01-01 21:23:00,0.7080908,0.84816223,0.707931,0.84638506,0.69163424,0.8350058,0.6917904,0.8339898,0.69051445,0.83943665,0.70005256,0.8276281,0.6837144,0.83550733,0.6984458,0.8389784,0.6993287,0.8424461,0.69083714,0.8363872,0.70105094,0.8452711
2025-01-01 21:24:00,0.70808166,0.84815466,0.70792544,0.8463815,0.691633,0.8350067,0.69179356,0.833995,0.69052166,0.8394456,0.70006305,0.82763976,0.683727,0.83552045,0.69845915,0.8389914,0.6993412,0.84245753,0.6908474,0.83639586,0.70105785,0.8452759
2025-01-01 21:25:00,0.7080725,0.8481471,0.7079199,0.8463779,0.6916317,0.8350076,0.6917967,0.83400023,0.6905289,0.8394545,0.70007354,0.8276514,0.6837396,0.83553344,0.6984724,0.83900434,0.6993535,0.8424689,0.6908575,0.8364043,0.7010646,0.8452806
2025-01-01 21:26:00,0.7080633,0.8481396,0.70791435,0.84637445,0.69163036,0.8350085,0.6917998,0.8340055,0.69053614,0.8394635,0.7000841,0.82766306,0.6837521,0.8355465,0.69848555,0.8390172,0.6993659,0.84248024,0.6908676,0.8364128,0.7010712,0.8452852
2025-01-01 21:27:00,0.7080541,0.8481321,0.7079088,0.846371,0.6916292,0.83500946,0.69180304,0.8340107,0.6905434,0.8394724,0.7000946,0.8276747,0.6837647,0.8355594,0.6984987,0.8390301,0.6993782,0.8424915,0.6908776,0.83642113,0.70107776,0.84528965
2025-01-01 21:28:00,0.70804495,0.8481246,0.7079033,0.84636754,0.6916279,0.83501047,0.69180626,0.83401597,0.69055074,0.8394814,0.70010513,0.82768637,0.6837773,0.8355724,0.6985119,0.8390429,0.6993904,0.8425027,0.6908876,0.8364294,0.7010843,0.8452941
2025-01-01 21:29:00,0.7080358,0.84811723,0.70789784,0.8463642,0.6916267,0.8350115,0.69180954,0.83402133,0.690558,0.8394904,0.7001156,0.82769805,0.6837898,0.8355854,0.69852495,0.8390557,0.69940263,0.8425139,0.6908974,0.8364377,0.70109075,0.8452985
2025-01-01 21:30:00,0.7135009,0.8507343,0.7135582,0.8494191,0.69774985,0.83828247,0.698292,0.8376297,0.69758856,0.84312654,0.70685136,0.8315455,0.6911519,0.8393715,0.70533663,0.842968,0.7065117,0.8466939,0.69817305,0.8403533,0.7080595,0.8490561
2025-01-01 21:31:00,0.7170501,0.85243285,0.7172356,0.85140365,0.7017296,0.840409,0.70250684,0.839977,0.702161,0.84549326,0.71123326,0.8340504,0.69594175,0.841837,0.70976883,0.84551543,0.71113676,0.84941477,0.7029056,0.8429013,0.71259135,0.85150003
2025-01-01 21:32:00,0.7193539,0.8535344,0.7196241,0.8526926,0.7043161,0.84179175,0.7052477,0.84150475,0.70513576,0.8470349,0.7140852,0.83568275,0.6990595,0.8434441,0.7126543,0.8471757,0.7141473,0.85118717,0.7059852,0.84456027,0.7155393,0.85309005
2025-01-01 21:33:00,0.7208483,0.8542479,0.72117484,0.85352933,0.705997,0.84269094,0.7070306,0.84249973,0.707072,0.8480401,0.7159428,0.83674794,0.7010905,0.8444933,0.71453446,0.8482594,0.71610844,0.8523431,0.7079903,0.84564143,0.71745753,0.85412496
2025-01-01 21:34:00,0.72181654,0.85470927,0.722181,0.85407215,0.7070893,0.843276,0.7081907,0.8431485,0.7083332,0.8486968,0.71715397,0.8374444,0.70241505,0.84517986,0.7157611,0.8489682,0.7173874,0.8530983,0.70929694,0.8463469,0.7187065,0.8547991
2025-01-01 21:35:00,0.7224428,0.8550067,0.7228333,0.85442394,0.7077991,0.8436568,0.70894605,0.8435722,0.7091557,0.849127,0.717945,0.83790135,0.70328045,0.8456307,0.7165631,0.8494334,0.71822286,0.853593,0.7101496,0.8468083,0.71952045,0.8552387
2025-01-01 21:36:00,0.7228468,0.8551975,0.72325546,0.85465163,0.7082602,0.8439048,0.70943826,0.84384966,0.70969296,0.8494098,0.71846294,0.8382025,0.7038474,0.8459283,0.7170889,0.8497402,0.71877015,0.8539184,0.7107071,0.847111,0.72005165,0.85552573
2025-01-01 21:37:00,0.7231064,0.8553191,0.72352815,0.8547986,0.7085597,0.84406656,0.7097596,0.84403205,0.7100449,0.849597,0.7188034,0.8384024,0.7042203,0.8461263,0.7174353,0.8499441,0.71913004,0.85413367,0.7110729,0.8473104,0.72039896,0.85571367
2025-01-01 21:38:00,0.7232721,0.8553958,0.72370374,0.8548932,0.7087541,0.84417236,0.7099698,0.8441526,0.7102764,0.84972197,0.7190285,0.83853656,0.7044671,0.8462596,0.71766496,0.8500811,0.71936816,0.8542774,0.7113139,0.8474428,0.7206268,0.8558372
2025-01-01 21:39:00,0.72337675,0.8554432,0.72381616,0.85495377,0.70888036,0.8442417,0.7101078,0.84423316,0.71042967,0.8498065,0.7191786,0.83862793,0.70463204,0.8463508,0.71781886,0.85017455,0.71952707,0.8543746,0.7114739,0.84753156,0.7207769,0.85591877
2025-01-01 21:40:00,0.72344184,0.8554717,0.72388756,0.85499215,0.7089623,0.8442874,0.7101988,0.8442876,0.710532,0.8498648,0.71928,0.8386915,0.7047437,0.8464146,0.7179234,0.8502397,0.7196346,0.8544416,0.7115811,0.8475919,0.7208765,0.8559731
2025-01-01 21:41:00,0.7234811,0.8554878,0.7239323,0.85501623,0.7090154,0.84431773,0.71025944,0.84432507,0.71060133,0.8499061,0.71934974,0.838737,0.7048207,0.8464607,0.71799594,0.8502865,0.71970856,0.8544889,0.7116541,0.8476338,0.7209433,0.8560097
2025-01-01 21:42:00,0.72350365,0.855496,0.72395974,0.855031,0.7090499,0.8443381,0.7103002,0.8443516,0.71064913,0.84993625,0.719399,0.83877087,0.7048752,0.8464953,0.7180477,0.8503213,0.71976084,0.85452336,0.7117048,0.8476637,0.7209886,0.8560347
2025-01-01 21:43:00,0.7235154,0.85549897,0.7239759,0.85503966,0.7090721,0.84435207,0.7103282,0.84437096,0.7106831,0.84995925,0.7194348,0.83879703,0.7049151,0.8465223,0.7180859,0.85034835,0.7197989,0.8545495,0.711741,0.84768575,0.72102004,0.8560522
2025-01-01 21:44:00,0.72352,0.8554986,0.7239849,0.8550445,0.70908654,0.84436184,0.71034783,0.8443857,0.71070796,0.8499776,0.7194619,0.8388183,0.7049455,0.84654444,0.71811527,0.85037035,0.7198278,0.8545702,0.71176773,0.8477027,0.72104245,0.8560648
2025-01-01 21:45:00,0.72352016,0.8554961,0.72398907,0.85504675,0.7090958,0.84436893,0.7103621,0.8443975,0.710727,0.84999293,0.71948344,0.8388364,0.70496976,0.8465634,0.7181389,0.850389,0.71985066,0.8545874,0.7117883,0.84771633,0.7210589,0.85607415
2025-01-01 21:46:00,0.7235173,0.8554921,0.7239903,0.85504746,0.7091018,0.84437424,0.71037287,0.8444074,0.7107422,0.85000634,0.7195014,0.83885235,0.70498997,0.8465803,0.71815884,0.8504056,0.7198697,0.8546023,0.71180487,0.84772784,0.72107154,0.8560814
2025-01-01 21:47:00,0.7235126,0.85548735,0.72398955,0.8550471,0.7091057,0.8443785,0.7103814,0.844416,0.710755,0.85001844,0.71951693,0.838867,0.7050077,0.8465959,0.7181763,0.8504207,0.7198861,0.8546156,0.7118188,0.8477378,0.7210816,0.8560873
2025-01-01 21:48:00,0.72350657,0.855482,0.7239875,0.8550461,0.70910823,0.844382,0.7103885,0.8444239,0.71076614,0.8500298,0.7195309,0.83888084,0.70502365,0.8466106,0.7181922,0.85043496,0.7199009,0.85462797,0.71183103,0.84774685,0.7210901,0.85609233
2025-01-01 21:49:00,0.72349983,0.85547626,0.7239847,0.85504466,0.7091099,0.844385,0.7103946,0.8444313,0.7107763,0.8500406,0.719544,0.83889407,0.7050384,0.8466248,0.7182071,0.85044855,0.71991456,0.8546397,0.7118421,0.84775525,0.7210974,0.8560966
2025-01-01 21:50:00,0.72349256,0.85547036,0.7239814,0.85504305,0.7091111,0.8443879,0.71040016,0.8444384,0.7107858,0.85005116,0.71955633,0.83890694,0.7050526,0.84663856,0.7182214,0.8504618,0.71992755,0.854651,0.71185243,0.8477633,0.721104,0.85610056
2025-01-01 21:51:00,0.72348505,0.85546434,0.7239777,0.85504127,0.70911187,0.84439063,0.7104054,0.8444453,0.7107949,0.8500615,0.7195683,0.8389196,0.7050663,0.8466521,0.71823514,0.8504748,0.71994007,0.85466194,0.7118623,0.847771,0.7211101,0.8561042
2025-01-01 21:52:00,0.72347736,0.8554583,0.7239739,0.8550394,0.70911247,0.8443932,0.7104104,0.8444521,0.71080387,0.8500717,0.7195801,0.8389321,0.7050797,0.8466655,0.71824867,0.85048753,0.7199522,0.8546727,0.7118718,0.8477785,0.7211159,0.8561076
2025-01-01 21:53:00,0.72346956,0.8554522,0.72397,0.85503757,0.709113,0.84439576,0.71041524,0.8444588,0.71081257,0.85008186,0.71959174,0.8389445,0.7050929,0.8466788,0.718262,0.85050017,0.7199642,0.85468334,0.71188104,0.84778583,0.72112143,0.8561109
2025-01-01 21:54:00,0.7234617,0.8554461,0.72396606,0.8550357,0.7091134,0.8443984,0.71042,0.84446555,0.7108213,0.850092,0.7196033,0.8389569,0.705106,0.846692,0.7182751,0.85051274,0.719976,0.85469383,0.71189016,0.84779304,0.72112674,0.856114
2025-01-01 21:55:00,0.7234538,0.85544,0.72396207,0.8550339,0.70911384,0.84440094,0.71042484,0.8444723,0.71082985,0.8501021,0.71961474,0.83896923,0.7051191,0.8467052,0.71828824,0.85052526,0.7199877,0.8547042,0.71189916,0.84780014,0.721132,0.856117
2025-01-01 21:56:00,0.7234459,0.855434,0.72395813,0.8550321,0.70911425,0.84440356,0.71042967,0.8444791,0.7108385,0.85011226,0.7196261,0.83898157,0.70513207,0.8467183,0.7183013,0.8505377,0.7199993,0.8547146,0.71190804,0.8478072,0.7211371,0.85612
2025-01-01 21:57:00,0.7234381,0.855428,0.7239542,0.85503024,0.70911473,0.84440625,0.7104345,0.8444858,0.71084714,0.85012245,0.7196376,0.83899397,0.70514506,0.8467315,0.7183143,0.8505502,0.7200109,0.8547249,0.71191686,0.84781426,0.7211422,0.8561229
2025-01-01 21:58:00,0.7234302,0.855422,0.7239504,0.8550285,0.70911527,0.8444089,0.7104394,0.8444927,0.7108558,0.8501326,0.7196491,0.8390063,0.705158,0.8467446,0.7183273,0.8505626,0.7200224,0.8547351,0.7119256,0.8478211,0.7211471,0.8561257
2025-01-01 21:59:00,0.7234224,0.85541606,0.7239465,0.85502684,0.7091158,0.8444117,0.7104442,0.8444995,0.7108645,0.8501428,0.7196605,0.83901864,0.7051709,0.8467577,0.7183402,0.8505749,0.7200338,0.85474527,0.71193427,0.847828,0.721152,0.85612845
2025-01-01 22:00:00,0.7294053,0.85858244,0.73015827,0.85860795,0.71577954,0.84814954,0.7174315,0.84859806,0.7183338,0.8542243,0.72680753,0.84330136,0.7128945,0.85090464,0.725436,0.8548403,0.7274265,0.85919774,0.71938676,0.8520315,0.72824794,0.8600931
2025-01-01 22:01:00,0.7332915,0.86063856,0.73419464,0.8609351,0.7201112,0.8505802,0.721975,0.85126454,0.723192,0.8568809,0.7314572,0.8460895,0.71791935,0.85360473,0.73005277,0.8576171,0.7322358,0.86209536,0.7242339,0.85476613,0.7328619,0.862671
2025-01-01 22:02:00,0.73581487,0.86197305,0.736817,0.8624473,0.7229271,0.85216117,0.72493005,0.8530003,0.7263529,0.85861135,0.7344835,0.84790605,0.72119004,0.8553644,0.73305815,0.85942626,0.7353658,0.8639823,0.7273875,0.856546,0.7358626,0.8643475
2025-01-01 22:03:00,0.73745245,0.8628385,0.7385203,0.8634297,0.72475773,0.8531899,0.72685266,0.854131,0.7284106,0.8597397,0.73645467,0.84909123,0.72332054,0.8565127,0.73501617,0.8606065,0.7374042,0.8652123,0.7294403,0.8577051,0.73781466,0.8654381
2025-01-01 22:04:00,0.73851424,0.8633991,0.7396263,0.8640679,0.725948,0.8538596,0.72810423,0.85486853,0.72975117,0.86047685,0.73774,0.849866,0.72470987,0.85726374,0.7362934,0.86137795,0.7387331,0.8660153,0.73077744,0.85846084,0.73908514,0.8661478
2025-01-01 22:05:00,0.7392018,0.86376154,0.740344,0.8644822,0.726722,0.8542961,0.72891957,0.85535043,0.73062575,0.86095965,0.7385795,0.8503739,0.7256175,0.8577565,0.737128,0.86188364,0.73960084,0.8665407,0.7316496,0.8589543,0.73991245,0.86661
2025-01-01 22:06:00,0.7396461,0.86399525,0.7408092,0.86475116,0.7272255,0.85458094,0.7294514,0.8556662,0.73119736,0.86127716,0.7391293,0.8507084,0.726212,0.85808134,0.7376751,0.86221665,0.74016875,0.86688566,0.73221934,0.85927737,0.7404517,0.8669111
2025-01-01 22:07:00,0.73993236,0.8641452,0.7411105,0.86492556,0.72755307,0.8547672,0.729799,0.855874,0.7315721,0.8614872,0.7394908,0.8509303,0.72660303,0.8582971,0.7380351,0.8624373,0.7405418,0.86711335,0.7325925,0.85948956,0.7408038,0.86710757
2025-01-01 22:08:00,0.7401158,0.8642409,0.7413052,0.8650385,0.72776645,0.8548895,0.7300268,0.8560117,0.73181885,0.86162746,0.7397299,0.85107887,0.7268617,0.85844195,0.73827356,0.86258507,0.74078816,0.86726475,0.732838,0.85962975,0.7410341,0.8672361
2025-01-01 22:09:00,0.7402325,0.86430115,0.74143064,0.86511165,0.7279056,0.85497016,0.7301768,0.8561038,0.73198247,0.86172235,0.7398893,0.8511799,0.7270344,0.85854065,0.73843306,0.8626853,0.7409522,0.8673666,0.73300034,0.859723,0.7411853,0.8673203
2025-01-01 22:10:00,0.7403059,0.86433846,0.74151105,0.8651588,0.7279964,0.8550238,0.7302763,0.85616624,0.732092,0.86178774,0.73999715,0.85124993,0.7271512,0.8586094,0.73854125,0.86275464,0.7410627,0.8674362,0.7331087,0.8597858,0.7412851,0.8673758
2025-01-01 22:11:00,0.7403511,0.8643609,0.74156225,0.86518914,0.72805595,0.8550599,0.73034286,0.8562095,0.73216647,0.861834,0.7400714,0.8512999,0.72723174,0.8586587,0.738616,0.86280394,0.7411384,0.8674848,0.733182,0.85982877,0.74135137,0.8674125
2025-01-01 22:12:00,0.74037796,0.86437374,0.74159443,0.86520857,0.7280951,0.8550846,0.7303881,0.8562403,0.73221815,0.8618678,0.74012375,0.8513367,0.7272886,0.8586952,0.7386691,0.86284024,0.7411914,0.8675198,0.73323244,0.8598589,0.7413959,0.86743706
2025-01-01 22:13:00,0.7403929,0.8643803,0.74161434,0.8652209,0.7281211,0.85510194,0.7304195,0.856263,0.732255,0.86189353,0.7401619,0.85136515,0.72733015,0.85872364,0.738708,0.8628681,0.7412297,0.86754584,0.733268,0.8598805,0.7414262,0.8674537
2025-01-01 22:14:00,0.7404002,0.8643828,0.74162626,0.8652288,0.7281385,0.85511446,0.730442,0.8562804,0.73228216,0.861914,0.7401909,0.851388,0.72736174,0.85874665,0.7387378,0.86289036,0.7412585,0.8675661,0.7332939,0.85989666,0.7414473,0.86746514
2025-01-01 22:15:00,0.74040246,0.8643826,0.741633,0.8652336,0.72815037,0.85512394,0.7304586,0.8562944,0.73230314,0.86193115,0.74021393,0.8514073,0.7273868,0.8587662,0.7387616,0.86290896,0.741281,0.8675827,0.73331344,0.8599093,0.7414624,0.8674731
2025-01-01 22:16:00,0.74040157,0.86438084,0.7416364,0.8652365,0.72815865,0.85513145,0.7304715,0.85630625,0.7323201,0.861946,0.740233,0.85142434,0.72740763,0.8587834,0.7387815,0.8629253,0.7412994,0.86759675,0.7333289,0.8599196,0.7414735,0.8674789
2025-01-01 22:17:00,0.7403986,0.8643779,0.74163765,0.8652382,0.7281646,0.85513765,0.73048186,0.8563166,0.7323344,0.8619595,0.74024963,0.8514398,0.72742575,0.8587992,0.73879886,0.86294,0.7413152,0.8676092,0.73334163,0.85992837,0.7414821,0.86748326
2025-01-01 22:18:00,0.74039423,0.86437434,0.74163747,0.86523914,0.7281691,0.8551431,0.73049074,0.8563261,0.7323471,0.8619721,0.7402646,0.8514543,0.72744215,0.85881406,0.7388146,0.86295384,0.7413292,0.8676206,0.73335266,0.85993606,0.74148893,0.8674866
2025-01-01 22:19:00,0.740389,0.86437035,0.74163646,0.86523956,0.7281726,0.85514796,0.7304986,0.85633504,0.73235863,0.8619841,0.7402786,0.8514682,0.7274574,0.85882825,0.7388292,0.86296695,0.74134207,0.86763126,0.7333625,0.8599431,0.7414947,0.86748934
2025-01-01 22:20:00,0.74038327,0.86436605,0.7416349,0.86523974,0.7281756,0.85515255,0.7305058,0.8563437,0.7323695,0.86199576,0.7402919,0.8514817,0.7274718,0.85884213,0.7388432,0.86297965,0.74135417,0.86764145,0.7333715,0.8599497,0.7414997,0.8674916
2025-01-01 22:21:00,0.7403772,0.86436164,0.741633,0.86523974,0.72817814,0.8551569,0.7305127,0.8563521,0.7323799,0.8620072,0.7403047,0.85149485,0.7274858,0.8588556,0.7388567,0.862992,0.74136585,0.86765134,0.7333801,0.8599559,0.74150425,0.86749357
2025-01-01 22:22:00,0.740371,0.8643572,0.74163085,0.8652397,0.7281805,0.85516125,0.7305193,0.8563603,0.73239005,0.86201847,0.7403173,0.85150796,0.7274995,0.85886896,0.73886985,0.8630042,0.7413771,0.867661,0.73338825,0.8599619,0.7415084,0.8674953
2025-01-01 22:23:00,0.7403646,0.8643527,0.74162865,0.8652395,0.7281828,0.8551655,0.7305258,0.8563685,0.73240006,0.8620296,0.7403297,0.8515209,0.72751296,0.85888225,0.7388828,0.86301625,0.7413882,0.8676705,0.7333962,0.8599678,0.74151236,0.8674969
2025-01-01 22:24:00,0.7403582,0.8643482,0.7416264,0.8652394,0.728185,0.8551697,0.7305322,0.85637665,0.73240995,0.86204076,0.740342,0.8515338,0.72752625,0.85889536,0.73889565,0.8630282,0.7413991,0.86767983,0.7334039,0.8599735,0.7415161,0.86749834
2025-01-01 22:25:00,0.7403517,0.8643437,0.7416241,0.86523926,0.72818714,0.855174,0.73053855,0.8563849,0.73241985,0.86205196,0.74035424,0.85154665,0.72753954,0.8589085,0.73890835,0.86304003,0.7414099,0.8676891,0.73341155,0.85997915,0.7415197,0.86749965
2025-01-01 22:26:00,0.74034524,0.86433923,0.7416218,0.86523914,0.72818923,0.8551783,0.7305449,0.85639304,0.73242974,0.8620631,0.74036646,0.8515595,0.7275528,0.8589215,0.73892105,0.86305183,0.7414206,0.8676983,0.7334191,0.8599847,0.7415232,0.8675009
2025-01-01 22:27:00,0.7403388,0.86433476,0.7416196,0.8652391,0.72819144,0.85518265,0.7305513,0.85640126,0.7324396,0.8620743,0.7403787,0.8515724,0.7275659,0.85893464,0.7389336,0.86306363,0.7414313,0.8677075,0.7334266,0.8599902,0.7415266,0.86750215
2025-01-01 22:28:00,0.7403324,0.8643304,0.7416174,0.865239,0.7281937,0.855187,0.73055774,0.8564095,0.7324495,0.86208546,0.7403909,0.85158515,0.72757906,0.85894763,0.73894626,0.8630754,0.7414419,0.86771655,0.73343396,0.85999554,0.74152994,0.8675032
2025-01-01 22:29:00,0.74032605,0.86432606,0.7416152,0.8652391,0.72819597,0.85519135,0.7305642,0.8564178,0.7324593,0.86209667,0.74040306,0.851598,0.7275922,0.8589606,0.7389588,0.86308706,0.7414524,0.86772555,0.73344123,0.8600009,0.74153316,0.8675043
2025-01-01 22:30:00,0.74671996,0.8679851,0.7482675,0.8692825,0.73528117,0.8593293,0.73793155,0.8609331,0.7402341,0.8665506,0.74783397,0.85623956,0.7355394,0.86339426,0.74621195,0.86762947,0.7489968,0.8723711,0.74093753,0.86441743,0.7486295,0.87160534
2025-01-01 22:31:00,0.75087386,0.8703621,0.75259084,0.87191087,0.7398874,0.86202055,0.74272263,0.8638711,0.7452911,0.8694496,0.7526683,0.8592611,0.7407096,0.8662806,0.7509309,0.8705861,0.7539043,0.87539375,0.7458126,0.8672899,0.75324315,0.8742714
2025-01-01 22:32:00,0.75357175,0.8719057,0.7554003,0.8736194,0.7428823,0.86377144,0.7458392,0.8657837,0.74858177,0.871338,0.7558149,0.86122954,0.7440749,0.8681613,0.7540026,0.872512,0.75709784,0.87736154,0.74898386,0.8691588,0.7562431,0.8760045
2025-01-01 22:33:00,0.75532323,0.8729076,0.7572258,0.87473,0.74482995,0.86491126,0.7478673,0.8670299,0.7507242,0.8725693,0.75786453,0.86251354,0.7462669,0.86938834,0.7560035,0.8737678,0.7591772,0.87864375,0.7510476,0.87037534,0.758194,0.87713134
2025-01-01 22:34:00,0.7564596,0.87355745,0.75841177,0.8754521,0.7460968,0.86565375,0.74918795,0.8678429,0.75212026,0.8733737,0.7592011,0.86335266,0.7476963,0.8701904,0.7573084,0.87458813,0.7605324,0.87948024,0.7523915,0.8711679,0.7594632,0.87786394
2025-01-01 22:35:00,0.7571962,0.8739785,0.75918204,0.8759216,0.7469212,0.86613804,0.75004876,0.8683744,0.7530313,0.87390053,0.76007414,0.8639026,0.74863,0.8707163,0.75816095,0.87512535,0.76141685,0.88002694,0.7532675,0.87168473,0.760289,0.87834036
2025-01-01 22:36:00,0.75767285,0.87425077,0.7596821,0.87622696,0.74745804,0.86645454,0.7506107,0.86872286,0.75362706,0.874247,0.760646,0.8642646,0.7492415,0.87106264,0.75871944,0.87547857,0.7619953,0.88038534,0.75383925,0.8720224,0.7608268,0.87865025
2025-01-01 22:37:00,0.7579806,0.8744264,0.76000655,0.8764257,0.747808,0.866662,0.75097835,0.86895245,0.75401783,0.8744762,0.76102203,0.86450446,0.7496435,0.8712923,0.7590868,0.8757121,0.7623748,0.8806213,0.7542133,0.8722436,0.76117736,0.87885183
2025-01-01 22:38:00,0.75817865,0.8745394,0.7602169,0.8765551,0.74803644,0.86679864,0.75121975,0.8691047,0.75427544,0.8746292,0.76127076,0.8646648,0.74990946,0.8714461,0.75932986,0.8758679,0.7626251,0.8807777,0.7544588,0.87238896,0.7614061,0.878983
2025-01-01 22:39:00,0.7583054,0.87461144,0.7603531,0.8766394,0.74818593,0.8668892,0.75137913,0.8692067,0.75444657,0.87473273,0.7614368,0.86477363,0.7500869,0.8715505,0.75949216,0.87597317,0.76279134,0.8808823,0.7546207,0.87248516,0.76155573,0.8790684
2025-01-01 22:40:00,0.75838566,0.874657,0.7604411,0.87669456,0.74828416,0.86694974,0.75148517,0.86927617,0.75456136,0.874804,0.76154906,0.86484885,0.75020677,0.871623,0.759602,0.8760455,0.76290286,0.8809533,0.7547283,0.8725493,0.76165384,0.879124
2025-01-01 22:41:00,0.7584359,0.87468535,0.7604978,0.8767307,0.7483491,0.866991,0.75155663,0.8693244,0.7546396,0.8748544,0.7616264,0.8649024,0.7502893,0.87167454,0.75967765,0.87609655,0.76297885,0.8810024,0.7548005,0.8725926,0.76171845,0.8791602
2025-01-01 22:42:00,0.7584666,0.8747026,0.7605342,0.8767544,0.74839234,0.86701953,0.7516055,0.86935884,0.75469416,0.8748912,0.761681,0.86494166,0.75034755,0.87171257,0.7597311,0.8761336,0.7630318,0.88103724,0.7548498,0.8726224,0.7617613,0.8791838
2025-01-01 22:43:00,0.7584846,0.8747125,0.7605575,0.8767702,0.74842155,0.86704004,0.7516399,0.8693844,0.75473326,0.87491924,0.7617209,0.86497176,0.75039,0.8717418,0.75977015,0.8761617,0.7630696,0.8810628,0.75488406,0.8726433,0.76179,0.8791992
2025-01-01 22:44:00,0.7584944,0.87471783,0.7605721,0.8767808,0.7484417,0.8670552,0.75166476,0.8694042,0.7547623,0.8749415,0.7617512,0.86499584,0.7504222,0.87176526,0.7597998,0.87618387,0.7630977,0.88108236,0.7549086,0.87265843,0.7618094,0.8792093
2025-01-01 22:45:00,0.75849885,0.8747201,0.76058125,0.8767881,0.74845594,0.86706686,0.7516835,0.8694202,0.7547849,0.8749601,0.7617753,0.86501604,0.7504477,0.871785,0.7598233,0.87620217,0.76311934,0.8810979,0.7549268,0.8726698,0.7618228,0.8792158
2025-01-01 22:46:00,0.75849986,0.8747204,0.76058674,0.8767932,0.74846625,0.86707634,0.75169814,0.86943376,0.7548032,0.87497634,0.76179534,0.86503375,0.75046885,0.8718023,0.7598428,0.87621796,0.76313686,0.8811109,0.75494087,0.87267876,0.76183236,0.87922
2025-01-01 22:47:00,0.7584986,0.87471944,0.76059,0.8767969,0.7484742,0.86708444,0.75171036,0.8694458,0.75481886,0.87499094,0.76181275,0.8650498,0.75048715,0.871818,0.7598598,0.87623215,0.76315176,0.88112223,0.75495225,0.872686,0.7618392,0.87922275
2025-01-01 22:48:00,0.758496,0.8747177,0.76059175,0.8767997,0.7484805,0.86709166,0.75172085,0.86945677,0.75483274,0.8750046,0.7618285,0.86506474,0.75050366,0.8718327,0.75987506,0.87624526,0.76316476,0.8811324,0.7549618,0.8726923,0.76184446,0.8792245
2025-01-01 22:49:00,0.7584924,0.87471545,0.7605925,0.876802,0.74848586,0.8670982,0.75173026,0.86946714,0.75484544,0.8750176,0.76184314,0.8650791,0.750519,0.8718468,0.7598892,0.8762576,0.7631767,0.8811419,0.7549702,0.8726977,0.7618485,0.8792255
2025-01-01 22:50:00,0.75848824,0.87471294,0.76059276,0.876804,0.7484906,0.86710453,0.751739,0.86947715,0.7548575,0.8750301,0.76185703,0.86509293,0.75053346,0.8718603,0.7599026,0.8762695,0.76318777,0.88115084,0.7549778,0.8727027,0.7618519,0.8792261
2025-01-01 22:51:00,0.75848377,0.8747102,0.7605926,0.8768057,0.74849486,0.86711055,0.7517474,0.86948687,0.75486904,0.87504244,0.7618705,0.86510646,0.7505475,0.8718737,0.75991553,0.87628114,0.7631984,0.8811595,0.7549849,0.8727074,0.7618547,0.8792264
2025-01-01 22:52:00,0.75847906,0.8747074,0.7605922,0.8768074,0.748499,0.86711645,0.7517555,0.86949646,0.7548803,0.8750546,0.7618836,0.8651199,0.7505612,0.8718868,0.7599281,0.8762925,0.7632086,0.8811678,0.7549916,0.8727119,0.7618572,0.8792264
2025-01-01 22:53:00,0.75847423,0.8747046,0.76059175,0.876809,0.7485029,0.8671223,0.75176346,0.86950594,0.75489146,0.8750667,0.7618966,0.86513317,0.7505747,0.87189966,0.7599405,0.87630373,0.7632186,0.88117605,0.7549981,0.8727162,0.7618594,0.8792262
2025-01-01 22:54:00,0.7584693,0.87470174,0.76059115,0.8768106,0.7485068,0.86712813,0.75177133,0.86951536,0.7549024,0.8750787,0.7619095,0.86514634,0.750588,0.87191254,0.7599528,0.8763148,0.7632284,0.8811841,0.75500435,0.8727203,0.7618615,0.87922597
2025-01-01 22:55:00,0.7584644,0.8746989,0.76059055,0.87681216,0.7485106,0.86713403,0.7517792,0.86952484,0.7549134,0.8750906,0.7619223,0.8651595,0.75060123,0.87192535,0.75996494,0.8763258,0.76323813,0.88119215,0.75501055,0.8727243,0.7618634,0.8792256
2025-01-01 22:56:00,0.7584595,0.8746961,0.7605901,0.8768138,0.7485145,0.86713994,0.751787,0.8695343,0.75492436,0.8751026,0.7619351,0.8651726,0.75061446,0.8719381,0.75997704,0.87633675,0.7632478,0.8812,0.7550166,0.8727283,0.76186526,0.8792252
2025-01-01 22:57:00,0.7584546,0.87469333,0.76058954,0.8768155,0.74851835,0.86714584,0.7517948,0.86954385,0.75493526,0.87511456,0.7619479,0.86518574,0.7506276,0.87195086,0.7599891,0.87634766,0.7632573,0.8812079,0.7550226,0.87273216,0.761867,0.87922466
2025-01-01 22:58:00,0.75844985,0.8746906,0.760589,0.87681717,0.7485222,0.8671518,0.75180274,0.8695533,0.7549462,0.87512654,0.7619606,0.8651988,0.7506407,0.87196356,0.76000106,0.8763585,0.7632668,0.88121563,0.7550285,0.872736,0.76186866,0.87922406
2025-01-01 22:59:00,0.758445,0.8746879,0.7605885,0.8768189,0.74852616,0.86715776,0.7518106,0.86956286,0.7549571,0.8751385,0.7619733,0.86521184,0.75065374,0.8719762,0.7600129,0.8763693,0.76327616,0.8812233,0.7550343,0.8727397,0.7618702,0.8792234
2025-01-01 23:00:00,0.76513577,0.87877434,0.7675626,0.88125247,0.7559064,0.87162185,0.7594265,0.87441456,0.7628984,0.87988555,0.76955533,0.8701292,0.75868255,0.8766177,0.76729417,0.88110775,0.77083766,0.88597894,0.7624406,0.87729025,0.7688403,0.88338757
2025-01-01 23:01:00,0.76948315,0.88142973,0.7720957,0.88413495,0.760705,0.87452567,0.7643797,0.8775716,0.768064,0.88297534,0.77448815,0.87333006,0.7639058,0.879639,0.77203107,0.88419145,0.7757559,0.8890727,0.7672567,0.88024926,0.77337134,0.88609403
2025-01-01 23:02:00,0.77230734,0.88315487,0.7750421,0.8860093,0.7638256,0.8764153,0.7676021,0.87962705,0.7714256,0.88498795,0.77769893,0.8754152,0.76730555,0.88160735,0.77511424,0.8861996,0.77895594,0.8910862,0.770389,0.8821739,0.77631694,0.88785285
2025-01-01 23:03:00,0.7741415,0.8842754,0.7769573,0.8872283,0.76585543,0.87764573,0.7696995,0.8809665,0.7736145,0.8863004,0.7797904,0.87677515,0.7695199,0.8828911,0.7771224,0.88750863,0.7810392,0.8923977,0.772427,0.8834261,0.778232,0.88899577
2025-01-01 23:04:00,0.77533215,0.88500285,0.778202,0.8880214,0.76717633,0.8784478,0.7710657,0.8818406,0.77504116,0.88715774,0.78115433,0.8776637,0.7709638,0.88372993,0.7784318,0.8883632,0.7823965,0.8932527,0.7737536,0.88424116,0.7794772,0.8897382
2025-01-01 23:05:00,0.7761045,0.885475,0.77901113,0.8885377,0.7680364,0.87897134,0.77195656,0.8824122,0.7759724,0.8877192,0.7820454,0.87824583,0.7719069,0.8842796,0.779287,0.88892233,0.78328186,0.893811,0.77461773,0.8847721,0.7802869,0.89022046
2025-01-01 23:06:00,0.77660507,0.88578105,0.7795371,0.88887405,0.768597,0.8793139,0.7725385,0.88278717,0.77658165,0.88808846,0.78262913,0.87862885,0.7725244,0.8846413,0.77984697,0.88928944,0.78386056,0.8941764,0.7751813,0.88511837,0.7808137,0.8905335
2025-01-01 23:07:00,0.7769289,0.8859793,0.7798789,0.88909346,0.768963,0.87953883,0.77291965,0.8830344,0.77698153,0.8883327,0.7830129,0.8788823,0.7729304,0.8848807,0.780215,0.88953173,0.7842398,0.8944165,0.77554953,0.88534456,0.78115636,0.8907365
2025-01-01 23:08:00,0.7771379,0.88610744,0.78010124,0.8892369,0.7692024,0.8796873,0.77317035,0.8831986,0.77724546,0.8884958,0.783267,0.8790517,0.7731988,0.8850407,0.78045833,0.88969284,0.7844895,0.89457506,0.77579063,0.8854927,0.7813794,0.89086807
2025-01-01 23:09:00,0.7772723,0.88619,0.7802457,0.88933104,0.76935965,0.87978613,0.77333623,0.88330877,0.77742094,0.8886061,0.7834366,0.87916636,0.7733778,0.8851491,0.7806205,0.88980126,0.7846549,0.8946807,0.77594924,0.8855901,0.7815248,0.89095306
2025-01-01 23:10:00,0.7773582,0.886243,0.7803398,0.88939303,0.7694635,0.87985265,0.7734471,0.8833839,0.77753896,0.88868207,0.7835514,0.8792455,0.7734987,0.88522387,0.78073,0.88987535,0.78476554,0.8947517,0.77605414,0.8856544,0.7816195,0.89100784
2025-01-01 23:11:00,0.7774126,0.8862768,0.780401,0.8894343,0.76953256,0.8798983,0.7735221,0.88343626,0.7776196,0.8887357,0.78363043,0.87930155,0.7735818,0.88527685,0.78080523,0.8899271,0.7848405,0.8948004,0.776124,0.8856972,0.78168136,0.89104295
2025-01-01 23:12:00,0.77744657,0.88629806,0.780441,0.889462,0.7695792,0.87993026,0.77357376,0.8834738,0.77767605,0.88877493,0.78368634,0.87934256,0.7736404,0.88531566,0.78085816,0.88996434,0.7848924,0.8948345,0.7761712,0.8857261,0.7817218,0.89106524
2025-01-01 23:13:00,0.77746725,0.8863113,0.7804671,0.8894809,0.76961106,0.87995344,0.7736104,0.88350177,0.7777167,0.88880473,0.7837272,0.8793737,0.77368295,0.8853452,0.7808966,0.8899921,0.78492904,0.89485914,0.77620363,0.8857458,0.7817483,0.8910791
2025-01-01 23:14:00,0.7774793,0.8863193,0.78048426,0.8894942,0.76963353,0.8799709,0.77363724,0.8835235,0.77774715,0.8888284,0.78375834,0.87939864,0.77371514,0.88536876,0.7809256,0.8900138,0.784956,0.89487755,0.7762265,0.88575965,0.7817657,0.8910876
2025-01-01 23:15:00,0.77748585,0.88632387,0.7804956,0.8895037,0.76964986,0.8799846,0.7736577,0.88354117,0.77777094,0.8888481,0.783783,0.8794194,0.7737406,0.8853884,0.78094834,0.89003146,0.7849765,0.8948919,0.77624303,0.8857696,0.78177726,0.89109254
2025-01-01 23:16:00,0.7774887,0.8863263,0.78050315,0.88951087,0.7696622,0.879996,0.77367395,0.8835563,0.77779037,0.88886523,0.78380364,0.8794375,0.77376163,0.8854054,0.78096724,0.8900465,0.7849929,0.89490366,0.7762554,0.885777,0.78178495,0.8910951
2025-01-01 23:17:00,0.7774893,0.8863273,0.7805083,0.88951653,0.769672,0.8800058,0.77368766,0.8835697,0.777807,0.8888807,0.7838216,0.87945384,0.77377987,0.88542086,0.78098345,0.89005977,0.7850065,0.8949136,0.7762652,0.8857827,0.78179,0.8910961
2025-01-01 23:18:00,0.77748835,0.88632745,0.78051186,0.8895213,0.76968,0.8800146,0.77369964,0.88358206,0.7778219,0.8888951,0.78383774,0.87946904,0.7737962,0.8854351,0.78099793,0.8900719,0.7850183,0.89492244,0.77627313,0.88578737,0.7817935,0.8910962
2025-01-01 23:19:00,0.7774865,0.88632697,0.78051454,0.8895254,0.76968706,0.8800228,0.7737105,0.8835936,0.7778356,0.88890886,0.7838528,0.8794835,0.77381134,0.88544875,0.78101134,0.8900834,0.78502893,0.8949305,0.77628,0.88579124,0.78179586,0.8910955
2025-01-01 23:20:00,0.77748406,0.88632625,0.7805165,0.8895291,0.76969343,0.88003063,0.7737207,0.8836048,0.77784854,0.88892215,0.7838671,0.8794975,0.77382565,0.88546187,0.781024,0.8900943,0.7850388,0.89493805,0.776286,0.88579464,0.78179747,0.89109445
2025-01-01 23:21:00,0.7774812,0.8863253,0.7805181,0.8895326,0.7696994,0.88003826,0.7737304,0.88361573,0.77786106,0.88893515,0.78388095,0.87951124,0.7738395,0.8854747,0.7810362,0.89010483,0.7850482,0.89494526,0.77629155,0.8857977,0.7817986,0.891093
2025-01-01 23:22:00,0.77747816,0.8863242,0.7805195,0.889536,0.7697051,0.8800457,0.7737399,0.88362646,0.7778733,0.8889479,0.78389454,0.8795247,0.77385294,0.8854873,0.78104806,0.8901152,0.7850572,0.89495224,0.7762967,0.8858005,0.7817993,0.8910913
2025-01-01 23:23:00,0.777475,0.8863231,0.78052074,0.8895393,0.76971066,0.88005304,0.7737492,0.88363713,0.77788526,0.88896066,0.7839079,0.879538,0.77386624,0.8854998,0.7810596,0.8901254,0.78506595,0.89495903,0.77630156,0.8858031,0.78179985,0.8910895
2025-01-01 23:24:00,0.7774717,0.88632196,0.7805219,0.8895426,0.76971614,0.8800604,0.77375835,0.88364774,0.7778972,0.8889733,0.78392106,0.8795513,0.77387935,0.8855121,0.7810711,0.8901355,0.78507453,0.8949657,0.7763063,0.88580555,0.78180015,0.89108753
2025-01-01 23:25:00,0.77746844,0.88632077,0.78052306,0.88954586,0.7697216,0.88006777,0.77376753,0.88365835,0.777909,0.88898593,0.78393424,0.8795645,0.77389234,0.8855244,0.7810825,0.89014554,0.785083,0.89497226,0.7763109,0.88580793,0.7818003,0.89108545
2025-01-01 23:26:00,0.77746516,0.8863197,0.78052413,0.8895492,0.7697271,0.8800751,0.7737767,0.8836689,0.7779208,0.8889985,0.78394735,0.8795777,0.7739053,0.8855367,0.7810938,0.89015543,0.78509134,0.89497876,0.7763154,0.88581026,0.7818005,0.89108324
2025-01-01 23:27:00,0.77746195,0.8863186,0.7805253,0.8895526,0.7697326,0.88008255,0.7737858,0.8836795,0.7779326,0.88901114,0.78396046,0.8795908,0.77391815,0.8855489,0.781105,0.8901653,0.7850996,0.89498514,0.7763198,0.88581246,0.7818005,0.89108104
2025-01-01 23:28:00,0.7774587,0.8863176,0.7805266,0.88955593,0.76973814,0.88008994,0.773795,0.8836901,0.7779444,0.88902366,0.7839735,0.8796039,0.773931,0.885561,0.7811162,0.8901751,0.78510785,0.89499146,0.7763241,0.88581455,0.78180045,0.8910787
2025-01-01 23:29:00,0.77745557,0.8863166,0.78052783,0.8895594,0.7697436,0.8800974,0.7738042,0.8837007,0.7779561,0.88903624,0.7839865,0.87961704,0.7739438,0.8855731,0.7811272,0.8901848,0.78511596,0.8949977,0.7763283,0.88581663,0.78180027,0.8910763
2025-01-01 23:30:00,0.78432393,0.8907577,0.7876992,0.89430416,0.7772874,0.8848081,0.7815329,0.8888024,0.7859225,0.8939917,0.79158455,0.88472265,0.7819112,0.8903394,0.7883066,0.89503455,0.7925596,0.89977866,0.7835126,0.8904202,0.7885198,0.8952292
2025-01-01 23:31:00,0.78878736,0.89364415,0.7923612,0.89738953,0.7821929,0.8878727,0.7865599,0.8921222,0.7911048,0.8972171,0.7965278,0.8880459,0.7870946,0.8934416,0.79297704,0.8981902,0.79740083,0.9028884,0.78818375,0.8934132,0.79288745,0.89792776
2025-01-01 23:32:00,0.79168755,0.8955201,0.79539204,0.8993963,0.7853834,0.8898674,0.7898306,0.8942839,0.79447746,0.8993181,0.7997455,0.89021057,0.79046816,0.8954623,0.79601663,0.9002447,0.8005504,0.9049118,0.7912214,0.8953592,0.7957262,0.89968085
2025-01-01 23:33:00,0.79357165,0.8967392,0.79736257,0.90070206,0.7874593,0.8911667,0.79195994,0.89569277,0.7966739,0.9006882,0.8018416,0.8916222,0.7926655,0.89677995,0.79799616,0.9015835,0.8026003,0.90622914,0.7931972,0.8966248,0.7975712,0.9008194
2025-01-01 23:34:00,0.79479533,0.8975314,0.79864407,0.90155214,0.78881073,0.8920139,0.7933473,0.89661235,0.7981058,0.90158314,0.80320865,0.89254427,0.79409814,0.8976406,0.79928666,0.902457,0.8039355,0.9070875,0.7944829,0.897448,0.7987703,0.9015585
2025-01-01 23:35:00,0.7955898,0.8980462,0.7994776,0.90210605,0.7896912,0.89256734,0.7942524,0.8972139,0.7990406,0.90216935,0.80410177,0.8931482,0.7950338,0.8982042,0.8001293,0.90302813,0.8048061,0.90764743,0.79531986,0.8979836,0.79954946,0.902038
2025-01-01 23:36:00,0.7961053,0.89838064,0.8000199,0.9024674,0.79026556,0.89292985,0.794844,0.8976087,0.7996525,0.90255475,0.80468684,0.8935453,0.7956464,0.89857465,0.80068076,0.90340257,0.8053747,0.9080134,0.7958652,0.8983323,0.80005574,0.9023486
2025-01-01 23:37:00,0.7964394,0.89859784,0.80037314,0.90270364,0.79064107,0.8931682,0.79523194,0.8978691,0.8000544,0.90280974,0.8050717,0.893808,0.79604906,0.8988196,0.80104303,0.90364933,0.805747,0.9082533,0.79622096,0.8985595,0.80038446,0.90254945
2025-01-01 23:38:00,0.7966557,0.8987389,0.80060333,0.9028587,0.79088724,0.8933259,0.7954874,0.89804226,0.80031985,0.90298,0.8053265,0.89398336,0.79631513,0.89898306,0.8012822,0.9038129,0.8059916,0.9084113,0.7964535,0.8987077,0.8005979,0.9026789
2025-01-01 23:39:00,0.79679537,0.8988305,0.80075365,0.90296084,0.79104936,0.89343125,0.79565686,0.89815867,0.80049664,0.90309507,0.8054967,0.8941019,0.7964925,0.8990934,0.8014415,0.9039225,0.8061533,0.90851593,0.7966058,0.8988045,0.8007363,0.90276206
2025-01-01 23:40:00,0.7968853,0.8988899,0.80085206,0.90302867,0.79115695,0.89350253,0.7957704,0.8982382,0.8006158,0.9031744,0.80561185,0.8941835,0.79661226,0.89916927,0.8015487,0.90399694,0.80626094,0.90858585,0.79670614,0.89886785,0.800826,0.90281504
2025-01-01 23:41:00,0.79694295,0.8989284,0.80091673,0.90307426,0.79122907,0.8935517,0.7958476,0.89829373,0.80069745,0.9032304,0.80569136,0.89424115,0.7966945,0.8992227,0.8016221,0.90404856,0.8063336,0.9086333,0.79677254,0.8989095,0.80088395,0.9028483
2025-01-01 23:42:00,0.7969796,0.89895344,0.80095947,0.9031054,0.7912781,0.8935865,0.7959012,0.8983337,0.8007548,0.90327126,0.80574757,0.8942831,0.79675233,0.89926153,0.80167353,0.90408534,0.8063834,0.9086661,0.7968168,0.898937,0.80092126,0.90286887
2025-01-01 23:43:00,0.79700255,0.8989697,0.800988,0.90312713,0.7913122,0.893612,0.79593945,0.89836365,0.8007962,0.9033023,0.8057887,0.894315,0.79679435,0.8992909,0.8017107,0.9041124,0.80641836,0.90868926,0.79684687,0.8989552,0.80094516,0.9028811
2025-01-01 23:44:00,0.79701674,0.89898026,0.80100733,0.90314275,0.79133666,0.89363146,0.79596776,0.89838696,0.8008275,0.903327,0.80582005,0.8943402,0.79682606,0.89931405,0.8017385,0.90413314,0.80644363,0.9087062,0.7968675,0.8989675,0.8009603,0.9028878
2025-01-01 23:45:00,0.7970252,0.8989872,0.8010207,0.90315443,0.7913547,0.89364696,0.79598963,0.898406,0.80085206,0.9033475,0.80584496,0.89436114,0.796851,0.89933324,0.8017603,0.90414983,0.80646265,0.90871906,0.79688203,0.8989758,0.8009697,0.90289104
2025-01-01 23:46:00,0.7970299,0.89899164,0.80103016,0.9031636,0.7913687,0.89365995,0.79600734,0.89842236,0.80087227,0.90336525,0.80586576,0.8943793,0.7968716,0.89934975,0.8017781,0.9041638,0.80647755,0.9087293,0.7968926,0.8989816,0.8009753,0.90289193
2025-01-01 23:47:00,0.79703224,0.8989946,0.80103713,0.9031711,0.79138017,0.89367133,0.79602224,0.8984369,0.8008897,0.9033814,0.8058839,0.89439565,0.79688936,0.89936453,0.8017933,0.904176,0.8064897,0.90873784,0.7969006,0.8989856,0.8009786,0.9028913
2025-01-01 23:48:00,0.7970331,0.89899665,0.8010425,0.9031776,0.7913899,0.89368165,0.7960355,0.8984503,0.8009053,0.90339637,0.8059003,0.89441085,0.7969052,0.8993782,0.80180687,0.9041871,0.80650014,0.9087451,0.7969068,0.89898854,0.8009802,0.90288967
2025-01-01 23:49:00,0.7970329,0.898998,0.8010469,0.90318346,0.7913985,0.89369136,0.79604757,0.898463,0.8009197,0.9034106,0.8059154,0.8944253,0.79691994,0.8993911,0.8018193,0.90419734,0.80650944,0.90875167,0.796912,0.89899075,0.8009808,0.9028873
2025-01-01 23:50:00,0.7970321,0.89899904,0.80105066,0.9031889,0.79140645,0.8937006,0.79605895,0.89847517,0.8009334,0.9034243,0.8059299,0.89443916,0.7969338,0.89940363,0.801831,0.9042071,0.80651784,0.9087577,0.79691637,0.8989925,0.8009806,0.9028845
2025-01-01 23:51:00,0.79703104,0.8989998,0.801054,0.90319407,0.79141396,0.89370954,0.79606986,0.89848703,0.80094665,0.9034378,0.8059439,0.8944527,0.7969472,0.89941573,0.8018422,0.90421647,0.8065258,0.90876335,0.7969202,0.8989938,0.80098003,0.9028814
2025-01-01 23:52:00,0.7970297,0.8990005,0.80105704,0.9031991,0.79142123,0.8937184,0.7960805,0.89849883,0.8009595,0.903451,0.8059576,0.89446604,0.79696023,0.89942765,0.80185306,0.90422565,0.8065334,0.9087688,0.7969237,0.8989949,0.8009791,0.902878
2025-01-01 23:53:00,0.7970282,0.89900106,0.80106,0.9032041,0.7914283,0.8937272,0.796091,0.8985104,0.8009723,0.9034642,0.8059711,0.8944792,0.79697305,0.8994394,0.80186373,0.90423465,0.8065407,0.908774,0.7969269,0.8989958,0.8009779,0.9028745
2025-01-01 23:54:00,0.7970266,0.89900166,0.8010629,0.90320903,0.79143536,0.89373595,0.7961014,0.89852196,0.8009848,0.90347725,0.80598444,0.8944923,0.79698575,0.899451,0.8018742,0.9042436,0.80654794,0.9087792,0.79693,0.8989966,0.8009765,0.9028709
2025-01-01 23:55:00,0.79702497,0.89900225,0.8010657,0.903214,0.7914424,0.8937447,0.79611176,0.8985335,0.8009974,0.9034903,0.8059977,0.8945054,0.7969983,0.89946264,0.80188453,0.90425235,0.80655503,0.9087842,0.79693294,0.89899725,0.80097497,0.9028671
2025-01-01 23:56:00,0.7970234,0.89900285,0.8010686,0.9032189,0.79144937,0.8937534,0.7961221,0.898545,0.80100983,0.9035033,0.80601096,0.8945184,0.7970108,0.8994741,0.80189484,0.90426105,0.80656195,0.9087891,0.79693574,0.89899784,0.80097336,0.90286326
2025-01-01 23:57:00,0.79702187,0.8990035,0.80107147,0.90322393,0.79145634,0.8937622,0.7961324,0.8985566,0.8010223,0.9035163,0.8060241,0.89453137,0.7970232,0.8994856,0.80190504,0.9042697,0.8065688,0.908794,0.7969385,0.8989984,0.8009716,0.9028594
2025-01-01 23:58:00,0.7970204,0.8990042,0.8010744,0.90322894,0.7914634,0.89377093,0.7961427,0.8985681,0.80103475,0.9035292,0.80603725,0.89454424,0.7970355,0.899497,0.8019152,0.9042783,0.80657566,0.90879875,0.79694116,0.89899874,0.8009699,0.9028554
2025-01-01 23:59:00,0.7970189,0.89900494,0.8010773,0.903234,0.7914704,0.89377975,0.796153,0.8985796,0.80104715,0.90354216,0.80605036,0.8945571,0.7970478,0.8995083,0.8019253,0.90428674,0.80658233,0.9088034,0.7969437,0.8989991,0.800968,0.90285134
