TIME,TE_001_v000,TE_002_v000,TE_005_v000,TE_008_v000,TE_014_v000,TE_016_v000,TE_017_v000,TE_019_v000,TE_021_v000,TE_022_v000,TE_023_v000
2025-01-01 00:01:00,0.753,0.7463352,0.75263155,0.74464697,0.75126433,0.74509865,0.7542236,0.7501388,0.7459923,0.75495946,0.74861014
2025-01-01 00:02:00,0.75299996,0.746327,0.75261873,0.7446353,0.75125897,0.745102,0.75423414,0.75015193,0.74600214,0.7549616,0.74860364
2025-01-01 00:03:00,0.7529999,0.7463187,0.7526059,0.74462366,0.75125366,0.7451054,0.75424474,0.750165,0.74601185,0.75496364,0.74859715
2025-01-01 00:04:00,0.7529998,0.74631035,0.75259304,0.74461204,0.7512484,0.74510884,0.7542554,0.7501781,0.74602157,0.75496566,0.7485905
2025-01-01 00:05:00,0.7529996,0.74630195,0.7525802,0.7446004,0.75124323,0.7451124,0.7542661,0.7501912,0.7460312,0.75496763,0.7485839
2025-01-01 00:06:00,0.75299937,0.74629354,0.75256735,0.7445888,0.75123805,0.745116,0.7542768,0.75020427,0.7460409,0.7549695,0.7485772
2025-01-01 00:07:00,0.75299907,0.7462851,0.7525545,0.7445773,0.751233,0.74511963,0.75428754,0.7502173,0.7460504,0.7549713,0.7485705
2025-01-01 00:08:00,0.7529987,0.74627656,0.7525416,0.7445657,0.7512279,0.7451233,0.7542983,0.75023043,0.74606,0.7549731,0.7485637
2025-01-01 00:09:00,0.7529983,0.746268,0.75252867,0.7445542,0.75122297,0.7451271,0.7543092,0.7502435,0.7460695,0.75497484,0.74855685
2025-01-01 00:10:00,0.7529978,0.7462594,0.7525158,0.7445428,0.751218,0.74513084,0.75431997,0.75025654,0.74607897,0.7549765,0.74855
2025-01-01 00:11:00,0.7529973,0.74625075,0.75250286,0.74453133,0.75121313,0.7451347,0.7543309,0.7502696,0.7460884,0.7549781,0.748543
2025-01-01 00:12:00,0.75299674,0.74624205,0.7524899,0.7445199,0.7512083,0.74513865,0.7543418,0.75028265,0.7460978,0.75497967,0.74853605
2025-01-01 00:13:00,0.7529961,0.74623334,0.752477,0.74450856,0.75120354,0.7451426,0.7543527,0.7502957,0.7461071,0.75498116,0.748529
2025-01-01 00:14:00,0.7529954,0.7462245,0.75246406,0.7444972,0.7511988,0.74514663,0.75436366,0.75030875,0.74611646,0.7549826,0.748522
2025-01-01 00:15:00,0.75299466,0.7462157,0.75245106,0.74448586,0.7511942,0.7451507,0.7543747,0.7503218,0.7461257,0.75498396,0.74851483
2025-01-01 00:16:00,0.7529938,0.7462069,0.7524381,0.74447453,0.75118953,0.7451548,0.7543857,0.7503348,0.74613494,0.7549853,0.7485077
2025-01-01 00:17:00,0.7529929,0.746198,0.75242513,0.74446326,0.751185,0.745159,0.7543968,0.7503478,0.7461441,0.7549866,0.74850047
2025-01-01 00:18:00,0.75299203,0.746189,0.7524122,0.744452,0.75118047,0.7451632,0.7544079,0.75036085,0.7461533,0.7549878,0.7484932
2025-01-01 00:19:00,0.752991,0.74618006,0.7523992,0.7444408,0.75117606,0.74516755,0.754419,0.75037384,0.7461624,0.7549889,0.74848586
2025-01-01 00:20:00,0.75299,0.746171,0.7523862,0.74442965,0.75117165,0.74517184,0.7544302,0.75038683,0.7461715,0.75499004,0.74847853
2025-01-01 00:21:00,0.7529889,0.74616194,0.7523732,0.74441844,0.7511673,0.74517626,0.7544413,0.7503998,0.7461805,0.75499105,0.7484711
2025-01-01 00:22:00,0.75298774,0.7461528,0.75236017,0.74440736,0.751163,0.7451807,0.7544526,0.7504128,0.7461895,0.75499207,0.74846363
2025-01-01 00:23:00,0.75298655,0.7461437,0.7523472,0.74439627,0.7511588,0.74518526,0.7544638,0.7504258,0.7461984,0.75499296,0.7484561
2025-01-01 00:24:00,0.75298524,0.7461345,0.7523341,0.7443852,0.7511546,0.7451898,0.75447506,0.7504388,0.7462073,0.75499386,0.7484486
2025-01-01 00:25:00,0.7529839,0.7461253,0.7523211,0.74437416,0.7511505,0.74519444,0.7544864,0.75045174,0.7462162,0.75499463,0.748441
2025-01-01 00:26:00,0.75298256,0.746116,0.7523081,0.7443631,0.7511464,0.7451991,0.7544977,0.75046474,0.746225,0.7549954,0.74843335
2025-01-01 00:27:00,0.7529811,0.7461067,0.752295,0.7443522,0.7511424,0.7452038,0.7545091,0.7504777,0.74623376,0.75499606,0.74842566
2025-01-01 00:28:00,0.75297964,0.7460973,0.75228196,0.74434125,0.7511384,0.74520856,0.7545205,0.7504906,0.74624246,0.7549967,0.7484179
2025-01-01 00:29:00,0.752978,0.7460879,0.7522689,0.74433035,0.7511345,0.7452134,0.75453186,0.75050354,0.74625117,0.7549973,0.74841017
2025-01-01 00:30:00,0.75476694,0.7502256,0.7541505,0.74843967,0.7530883,0.74915,0.7562419,0.75445485,0.7482828,0.7593846,0.75033695
2025-01-01 00:31:00,0.75619763,0.75353384,0.75565314,0.75172496,0.7546506,0.7523003,0.7576123,0.75761855,0.74990976,0.76289445,0.7518768
2025-01-01 00:32:00,0.7573418,0.75617856,0.7568526,0.754351,0.7558998,0.7548216,0.7587109,0.760152,0.751213,0.7657023,0.753107
2025-01-01 00:33:00,0.75825673,0.7582923,0.7578096,0.75644976,0.7568984,0.75683963,0.7595921,0.7621814,0.7522573,0.7679487,0.7540896
2025-01-01 00:34:00,0.75898826,0.75998145,0.7585726,0.7581267,0.7576966,0.7584552,0.76029944,0.7638074,0.7530944,0.7697458,0.754874
2025-01-01 00:35:00,0.75957304,0.7613307,0.75918037,0.75946605,0.7583345,0.7597487,0.7608676,0.76511085,0.75376564,0.7711835,0.7554999
2025-01-01 00:36:00,0.76004046,0.7624082,0.75966394,0.7605355,0.7588442,0.76078457,0.76132447,0.76615614,0.75430435,0.7723336,0.7559989
2025-01-01 00:37:00,0.760414,0.7632682,0.7600482,0.76138896,0.75925124,0.7616143,0.7616923,0.7669949,0.7547369,0.77325374,0.75639653
2025-01-01 00:38:00,0.7607123,0.76395416,0.76035297,0.7620696,0.75957626,0.7622793,0.76198894,0.76766855,0.75508463,0.7739898,0.75671285
2025-01-01 00:39:00,0.7609505,0.76450104,0.7605941,0.762612,0.75983566,0.7628123,0.7622286,0.76820993,0.75536436,0.77457863,0.75696427
2025-01-01 00:40:00,0.7611406,0.76493657,0.7607845,0.7630438,0.76004255,0.7632399,0.7624227,0.7686456,0.7555898,0.77504957,0.7571637
2025-01-01 00:41:00,0.7612921,0.7652829,0.7609341,0.76338726,0.7602075,0.76358306,0.76258034,0.7689967,0.75577176,0.77542627,0.75732154
2025-01-01 00:42:00,0.76141286,0.765558,0.7610512,0.7636599,0.7603388,0.7638588,0.76270884,0.7692802,0.75591886,0.77572757,0.75744617
2025-01-01 00:43:00,0.76150894,0.76577604,0.76114225,0.76387596,0.76044333,0.76408046,0.76281404,0.76950943,0.7560381,0.77596855,0.7575441
2025-01-01 00:44:00,0.76158524,0.7659485,0.7612125,0.7640467,0.7605263,0.764259,0.76290053,0.7696954,0.75613517,0.7761612,0.75762075
2025-01-01 00:45:00,0.7616458,0.7660844,0.76126605,0.7641813,0.76059216,0.76440305,0.7629722,0.76984674,0.7562143,0.77631515,0.7576803
2025-01-01 00:46:00,0.7616937,0.76619107,0.7613063,0.764287,0.76064426,0.76451945,0.76303184,0.76997036,0.7562792,0.7764383,0.75772625
2025-01-01 00:47:00,0.76173145,0.7662744,0.76133585,0.7643695,0.7606855,0.7646137,0.76308197,0.77007174,0.7563326,0.7765366,0.75776124
2025-01-01 00:48:00,0.76176107,0.76633894,0.7613569,0.76443344,0.7607179,0.76469034,0.76312447,0.7701554,0.7563769,0.77661514,0.75778747
2025-01-01 00:49:00,0.7617842,0.76638854,0.7613711,0.76448256,0.7607433,0.7647529,0.7631609,0.7702248,0.7564138,0.7766778,0.7578067
2025-01-01 00:50:00,0.7618021,0.76642615,0.7613798,0.7645199,0.76076317,0.7648042,0.7631925,0.7702829,0.75644493,0.77672774,0.75782025
2025-01-01 00:51:00,0.7618158,0.7664542,0.7613841,0.76454777,0.76077855,0.7648464,0.76322013,0.77033186,0.7564713,0.7767675,0.7578293
2025-01-01 00:52:00,0.76182616,0.76647455,0.761385,0.76456803,0.7607903,0.76488143,0.7632446,0.7703736,0.75649387,0.77679914,0.7578348
2025-01-01 00:53:00,0.7618338,0.76648873,0.7613831,0.7645823,0.7607993,0.7649107,0.7632667,0.77040946,0.7565134,0.77682424,0.75783736
2025-01-01 00:54:00,0.7618393,0.766498,0.761379,0.7645917,0.760806,0.76493543,0.76328677,0.77044064,0.7565305,0.7768441,0.7578376
2025-01-01 00:55:00,0.7618431,0.76650333,0.76137304,0.76459724,0.7608109,0.7649565,0.7633053,0.7704682,0.75654566,0.77685976,0.75783604
2025-01-01 00:56:00,0.7618454,0.7665054,0.76136565,0.76459974,0.7608144,0.76497453,0.76332253,0.7704927,0.75655925,0.77687204,0.7578329
2025-01-01 00:57:00,0.76184666,0.766505,0.7613571,0.76459974,0.7608168,0.7649904,0.76333874,0.7705147,0.7565716,0.77688164,0.75782853
2025-01-01 00:58:00,0.7618469,0.76650256,0.76134765,0.76459783,0.7608183,0.76500434,0.7633542,0.77053493,0.75658286,0.776889,0.7578232
2025-01-01 00:59:00,0.7618464,0.7664985,0.76133746,0.7645944,0.76081914,0.7650168,0.76336896,0.7705535,0.75659335,0.7768947,0.75781715
2025-01-01 01:00:00,0.76235175,0.7669951,0.7620009,0.7649891,0.76160485,0.7658425,0.76381236,0.77132976,0.7574704,0.7776755,0.7585158
2025-01-01 01:01:00,0.76275533,0.7673902,0.762529,0.76530296,0.7622331,0.76650435,0.7641696,0.7719531,0.75817347,0.77829987,0.75907284
2025-01-01 01:02:00,0.7630775,0.7677041,0.7629489,0.7655521,0.7627353,0.76703525,0.7644578,0.77245426,0.75873727,0.77879906,0.75951666
2025-01-01 01:03:00,0.76333445,0.7679531,0.7632822,0.7657495,0.7631367,0.76746136,0.7646908,0.7728578,0.7591897,0.77919805,0.75986975
2025-01-01 01:04:00,0.76353925,0.76815015,0.7635462,0.76590556,0.7634575,0.76780355,0.76487976,0.773183,0.7595531,0.77951694,0.7601504
2025-01-01 01:05:00,0.76370233,0.7683056,0.7637548,0.76602846,0.7637138,0.7680787,0.76503336,0.77344567,0.7598451,0.7797717,0.76037306
2025-01-01 01:06:00,0.76383203,0.7684278,0.763919,0.7661249,0.76391846,0.7683002,0.7651588,0.7736582,0.7600801,0.7799752,0.7605492
2025-01-01 01:07:00,0.763935,0.76852334,0.7640478,0.7662002,0.7640819,0.76847875,0.76526153,0.7738308,0.7602694,0.78013754,0.76068825
2025-01-01 01:08:00,0.7640166,0.7685976,0.76414824,0.76625854,0.76421237,0.76862305,0.7653462,0.7739712,0.7604222,0.78026706,0.76079756
2025-01-01 01:09:00,0.7640811,0.7686548,0.76422596,0.76630336,0.76431644,0.7687399,0.76541644,0.7740861,0.76054585,0.78037035,0.76088303
2025-01-01 01:10:00,0.76413184,0.7686984,0.76428556,0.7663374,0.76439947,0.76883477,0.76547515,0.7741805,0.76064605,0.78045255,0.7609495
2025-01-01 01:11:00,0.76417166,0.76873106,0.7643306,0.7663628,0.76446563,0.76891214,0.76552457,0.7742583,0.76072747,0.78051794,0.76100075
2025-01-01 01:12:00,0.76420265,0.76875496,0.76436406,0.76638114,0.76451826,0.76897544,0.7655666,0.77432305,0.7607939,0.7805698,0.76103973
2025-01-01 01:13:00,0.7642266,0.7687719,0.7643882,0.7663941,0.7645601,0.7690276,0.76560277,0.77437735,0.7608484,0.78061086,0.761069
2025-01-01 01:14:00,0.7642449,0.7687832,0.7644049,0.7664026,0.76459336,0.7690707,0.7656342,0.7744232,0.7608933,0.7806432,0.76109046
2025-01-01 01:15:00,0.7642587,0.76879,0.7644157,0.7664076,0.76461977,0.7691067,0.76566184,0.7744623,0.76093036,0.78066874,0.7611056
2025-01-01 01:16:00,0.7642688,0.76879317,0.76442164,0.76640975,0.7646406,0.76913697,0.7656865,0.774496,0.7609614,0.78068864,0.7611158
2025-01-01 01:17:00,0.764276,0.7687935,0.7644239,0.76640975,0.7646572,0.76916265,0.76570874,0.7745254,0.76098746,0.7807041,0.7611219
2025-01-01 01:18:00,0.7642809,0.76879156,0.7644231,0.7664079,0.7646702,0.7691847,0.76572895,0.77455133,0.7610095,0.78071594,0.76112485
2025-01-01 01:19:00,0.7642839,0.76878774,0.7644198,0.7664047,0.7646805,0.7692039,0.7657477,0.7745745,0.7610284,0.7807249,0.76112515
2025-01-01 01:20:00,0.7642854,0.7687824,0.7644146,0.7664003,0.7646885,0.7692207,0.76576525,0.77459544,0.76104474,0.78073156,0.76112336
2025-01-01 01:21:00,0.7642857,0.7687758,0.76440793,0.7663951,0.7646948,0.76923573,0.7657818,0.7746146,0.761059,0.7807364,0.76111996
2025-01-01 01:22:00,0.7642849,0.7687683,0.76439995,0.7663891,0.7646997,0.76924926,0.76579756,0.7746323,0.7610716,0.7807397,0.76111525
2025-01-01 01:23:00,0.76428336,0.76876,0.76439095,0.7663826,0.76470345,0.7692616,0.7658127,0.77464885,0.76108295,0.78074193,0.76110935
2025-01-01 01:24:00,0.7642811,0.76875114,0.7643811,0.7663756,0.7647064,0.7692731,0.76582736,0.77466446,0.76109314,0.78074306,0.7611026
2025-01-01 01:25:00,0.76427835,0.7687417,0.76437074,0.7663683,0.7647086,0.76928383,0.7658416,0.77467936,0.76110244,0.7807434,0.7610952
2025-01-01 01:26:00,0.7642752,0.7687319,0.76435983,0.76636076,0.76471025,0.769294,0.76585555,0.77469367,0.7611111,0.7807431,0.76108724
2025-01-01 01:27:00,0.7642717,0.76872176,0.7643485,0.76635295,0.7647115,0.76930374,0.7658693,0.7747075,0.7611191,0.78074235,0.7610788
2025-01-01 01:28:00,0.76426786,0.7687113,0.7643369,0.7663451,0.76471245,0.7693131,0.76588285,0.7747209,0.7611267,0.78074104,0.76106995
2025-01-01 01:29:00,0.7642638,0.76870066,0.764325,0.7663371,0.7647131,0.76932216,0.7658962,0.774734,0.7611339,0.78073937,0.7610608
2025-01-01 01:30:00,0.7648063,0.7692073,0.7650016,0.76668024,0.76548684,0.77011794,0.7662974,0.77545106,0.7619414,0.7814413,0.76167214
2025-01-01 01:31:00,0.7652392,0.76961035,0.76554024,0.7669531,0.76610583,0.77075624,0.7666209,0.776027,0.76258844,0.78200215,0.76215917
2025-01-01 01:32:00,0.7655845,0.76993036,0.7659686,0.7671697,0.7666009,0.7712684,0.7668823,0.77649015,0.76310724,0.78245014,0.76254666
2025-01-01 01:33:00,0.76585966,0.7701841,0.7663088,0.7673413,0.766997,0.7716799,0.76709396,0.776863,0.7635234,0.78280795,0.7628546
2025-01-01 01:34:00,0.76607877,0.7703847,0.7665783,0.767477,0.76731384,0.7720107,0.76726586,0.7771636,0.7638573,0.7830935,0.7630988
2025-01-01 01:35:00,0.76625293,0.77054286,0.76679134,0.76758385,0.76756734,0.772277,0.7674059,0.7774064,0.7641255,0.78332126,0.76329195
2025-01-01 01:36:00,0.7663912,0.7706671,0.76695925,0.7676677,0.7677702,0.77249163,0.7675206,0.777603,0.7643412,0.78350276,0.7634444
2025-01-01 01:37:00,0.7665007,0.77076405,0.767091,0.7677332,0.7679325,0.7726651,0.7676149,0.7777626,0.76451474,0.7836473,0.7635642
2025-01-01 01:38:00,0.76658726,0.77083933,0.7671939,0.767784,0.7680623,0.7728055,0.76769286,0.7778926,0.76465464,0.7837622,0.763658
2025-01-01 01:39:00,0.7666553,0.77089715,0.76727366,0.767823,0.76816624,0.7729195,0.76775783,0.7779989,0.7647676,0.7838534,0.7637309
2025-01-01 01:40:00,0.7667086,0.770941,0.7673349,0.7678526,0.7682495,0.77301246,0.76781243,0.77808625,0.7648589,0.7839256,0.763787
2025-01-01 01:41:00,0.76675016,0.7709738,0.76738137,0.7678747,0.76831615,0.7730885,0.7678586,0.7781584,0.764933,0.78398263,0.7638297
2025-01-01 01:42:00,0.7667822,0.7709976,0.76741594,0.7678908,0.76836956,0.77315104,0.7678982,0.7782185,0.76499325,0.7840275,0.7638618
2025-01-01 01:43:00,0.7668067,0.7710143,0.7674411,0.7679021,0.76841235,0.77320284,0.7679324,0.7782688,0.7650425,0.7840626,0.7638852
2025-01-01 01:44:00,0.76682514,0.7710252,0.7674587,0.7679096,0.76844674,0.773246,0.7679624,0.7783114,0.76508284,0.78409,0.76390177
2025-01-01 01:45:00,0.76683867,0.7710316,0.76747024,0.76791406,0.76847434,0.77328223,0.7679889,0.7783477,0.765116,0.784111,0.76391286
2025-01-01 01:46:00,0.76684827,0.7710343,0.76747686,0.7679161,0.76849663,0.773313,0.76801276,0.77837896,0.7651436,0.7841271,0.7639195
2025-01-01 01:47:00,0.7668548,0.77103406,0.76747966,0.76791614,0.7685145,0.7733394,0.76803446,0.7784064,0.7651665,0.78413916,0.76392263
2025-01-01 01:48:00,0.76685876,0.7710315,0.76747936,0.76791465,0.768529,0.7733622,0.7680543,0.77843046,0.7651858,0.784148,0.763923
2025-01-01 01:49:00,0.7668607,0.77102697,0.7674767,0.767912,0.7685408,0.7733823,0.76807284,0.7784521,0.76520216,0.7841541,0.76392096
2025-01-01 01:50:00,0.7668611,0.77102095,0.7674719,0.7679083,0.7685504,0.7734001,0.76809025,0.7784715,0.7652162,0.78415823,0.7639172
2025-01-01 01:51:00,0.7668601,0.77101374,0.76746565,0.76790386,0.76855826,0.7734162,0.7681068,0.7784894,0.7652282,0.7841607,0.7639119
2025-01-01 01:52:00,0.7668581,0.7710055,0.7674581,0.76789886,0.76856476,0.7734309,0.7681226,0.77850586,0.76523876,0.7841618,0.76390547
2025-01-01 01:53:00,0.7668552,0.7709965,0.7674495,0.7678934,0.7685702,0.7734444,0.76813793,0.77852136,0.76524806,0.7841618,0.76389813
2025-01-01 01:54:00,0.7668516,0.7709869,0.7674402,0.76788753,0.7685748,0.773457,0.7681527,0.77853596,0.7652564,0.7841609,0.76388997
2025-01-01 01:55:00,0.76684743,0.7709768,0.76743025,0.7678814,0.76857865,0.773469,0.7681672,0.77854985,0.7652639,0.78415936,0.7638812
2025-01-01 01:56:00,0.76684284,0.77096623,0.76741976,0.767875,0.768582,0.77348036,0.7681814,0.7785632,0.76527077,0.78415716,0.76387197
2025-01-01 01:57:00,0.76683784,0.7709553,0.76740885,0.76786846,0.7685849,0.7734913,0.76819533,0.7785761,0.7652771,0.78415453,0.76386225
2025-01-01 01:58:00,0.76683253,0.7709442,0.76739764,0.7678618,0.76858747,0.77350193,0.76820904,0.7785886,0.7652829,0.7841515,0.76385224
2025-01-01 01:59:00,0.7668269,0.77093285,0.7673862,0.76785505,0.76858985,0.77351224,0.7682227,0.7786008,0.7652885,0.78414804,0.763842
2025-01-01 02:00:00,0.7673987,0.77144516,0.7680655,0.76814514,0.7693394,0.7742679,0.7685761,0.7792498,0.76601356,0.78476286,0.76435655
2025-01-01 02:01:00,0.76785475,0.77185255,0.7686065,0.7683758,0.7699393,0.7748743,0.7688615,0.77977115,0.76659447,0.78525376,0.7647659
2025-01-01 02:02:00,0.7682182,0.772176,0.76903677,0.76855904,0.7704196,0.7753613,0.7690923,0.7801904,0.76706,0.7856455,0.7650911
2025-01-01 02:03:00,0.76850766,0.77243227,0.76937854,0.7687042,0.7708041,0.7757528,0.76927966,0.78052795,0.76743305,0.78595793,0.765349
2025-01-01 02:04:00,0.7687378,0.7726348,0.76964945,0.76881886,0.7711121,0.77606785,0.7694321,0.7808002,0.7677323,0.78620684,0.765553
2025-01-01 02:05:00,0.76892054,0.77279437,0.7698637,0.76890934,0.77135885,0.7763219,0.7695567,0.78102016,0.76797247,0.78640497,0.76571393
2025-01-01 02:06:00,0.7690654,0.7729196,0.7700327,0.7689803,0.77155656,0.776527,0.769659,0.78119826,0.76816535,0.7865625,0.7658403
2025-01-01 02:07:00,0.76917976,0.7730172,0.77016544,0.76903576,0.77171516,0.7766929,0.76974344,0.78134286,0.7683204,0.7866875,0.7659391
2025-01-01 02:08:00,0.76926994,0.7730928,0.7702691,0.7690788,0.77184236,0.7768277,0.7698136,0.78146076,0.7684451,0.7867864,0.7660158
2025-01-01 02:09:00,0.76934063,0.77315086,0.7703497,0.7691119,0.7719446,0.77693737,0.7698723,0.7815571,0.7685455,0.7868645,0.7660749
2025-01-01 02:10:00,0.76939577,0.77319473,0.7704116,0.7691371,0.7720267,0.77702713,0.76992196,0.78163636,0.76862663,0.786926,0.76611984
2025-01-01 02:11:00,0.76943845,0.7732274,0.7704587,0.76915586,0.7720928,0.77710086,0.7699643,0.78170186,0.76869214,0.7869741,0.7661534
2025-01-01 02:12:00,0.7694711,0.77325106,0.77049404,0.7691697,0.7721462,0.7771618,0.77000076,0.7817564,0.76874524,0.7870115,0.76617795
2025-01-01 02:13:00,0.7694958,0.77326745,0.7705198,0.7691794,0.7721893,0.7772125,0.7700325,0.7818021,0.76878834,0.7870403,0.76619524
2025-01-01 02:14:00,0.7695141,0.773278,0.77053803,0.7691859,0.77222425,0.77725506,0.7700606,0.78184086,0.7688235,0.7870622,0.7662067
2025-01-01 02:15:00,0.7695272,0.773284,0.77055013,0.7691899,0.7722527,0.77729106,0.77008563,0.7818739,0.7688523,0.78707874,0.76621354
2025-01-01 02:16:00,0.7695362,0.7732863,0.7705574,0.76919174,0.77227587,0.7773219,0.77010834,0.78190243,0.7688759,0.7870908,0.76621664
2025-01-01 02:17:00,0.7695419,0.77328557,0.7705608,0.76919204,0.77229494,0.7773485,0.77012914,0.7819273,0.7688954,0.78709924,0.7662167
2025-01-01 02:18:00,0.76954496,0.7732824,0.7705611,0.769191,0.7723107,0.7773719,0.7701484,0.7819493,0.7689116,0.7871049,0.7662145
2025-01-01 02:19:00,0.7695459,0.77327746,0.77055895,0.769189,0.7723238,0.7773925,0.77016634,0.78196895,0.76892513,0.7871083,0.76621026
2025-01-01 02:20:00,0.7695452,0.7732709,0.7705548,0.7691862,0.7723348,0.77741104,0.7701834,0.7819867,0.7689366,0.7871099,0.76620454
2025-01-01 02:21:00,0.769543,0.77326316,0.77054906,0.76918274,0.7723442,0.777428,0.77019966,0.782003,0.7689463,0.78711,0.76619756
2025-01-01 02:22:00,0.7695397,0.77325445,0.77054214,0.7691788,0.7723521,0.77744347,0.7702153,0.782018,0.7689546,0.78710884,0.7661896
2025-01-01 02:23:00,0.76953554,0.7732449,0.7705342,0.7691744,0.7723591,0.77745795,0.7702304,0.78203213,0.7689618,0.78710675,0.76618075
2025-01-01 02:24:00,0.76953065,0.7732348,0.77052546,0.7691698,0.7723652,0.77747154,0.77024513,0.7820454,0.76896805,0.7871039,0.7661714
2025-01-01 02:25:00,0.7695252,0.77322406,0.7705161,0.7691649,0.77237064,0.77748454,0.7702595,0.78205806,0.76897365,0.7871003,0.7661614
2025-01-01 02:26:00,0.7695192,0.773213,0.7705062,0.76915985,0.77237564,0.77749693,0.7702736,0.78207016,0.7689786,0.7870963,0.7661511
2025-01-01 02:27:00,0.7695128,0.7732016,0.77049595,0.76915467,0.7723802,0.7775089,0.7702876,0.7820819,0.76898307,0.78709185,0.7661404
2025-01-01 02:28:00,0.7695061,0.7731899,0.77048534,0.7691494,0.77238446,0.7775206,0.77030134,0.7820933,0.76898706,0.787087,0.7661294
2025-01-01 02:29:00,0.7694992,0.77317804,0.7704745,0.7691441,0.7723885,0.7775321,0.77031493,0.78210443,0.7689908,0.78708196,0.76611817
2025-01-01 02:30:00,0.77008975,0.77368677,0.77114433,0.76937586,0.7731002,0.77823395,0.7706142,0.7826736,0.7696205,0.78759867,0.7665267
2025-01-01 02:31:00,0.77056056,0.7740911,0.7716778,0.76956016,0.77367026,0.7787975,0.77085626,0.7831309,0.77012455,0.7880108,0.766851
2025-01-01 02:32:00,0.77093565,0.7744121,0.7721023,0.76970655,0.7741269,0.77925044,0.77105254,0.78349876,0.7705283,0.7883392,0.767108
2025-01-01 02:33:00,0.77123404,0.7746663,0.7724395,0.76982254,0.77449286,0.7796149,0.77121216,0.783795,0.7708518,0.7886006,0.7673112
2025-01-01 02:34:00,0.7714711,0.7748671,0.7727069,0.76991427,0.77478635,0.7799086,0.7713425,0.7840339,0.77111095,0.78880847,0.7674714
2025-01-01 02:35:00,0.7716591,0.7750251,0.7729185,0.7699866,0.77502185,0.7801457,0.7714494,0.784227,0.7713187,0.7889734,0.767597
2025-01-01 02:36:00,0.7718078,0.775149,0.77308553,0.7700435,0.7752109,0.7803375,0.7715375,0.7843834,0.77148527,0.78910404,0.76769507
2025-01-01 02:37:00,0.7719251,0.77524555,0.7732168,0.7700879,0.77536285,0.7804931,0.7716106,0.7845105,0.7716189,0.7892073,0.767771
2025-01-01 02:38:00,0.77201724,0.77532023,0.7733194,0.7701224,0.77548516,0.7806197,0.7716717,0.784614,0.77172625,0.78928846,0.76782936
2025-01-01 02:39:00,0.7720893,0.7753774,0.7733993,0.770149,0.77558374,0.7807231,0.77172315,0.7846988,0.77181244,0.7893521,0.7678736
2025-01-01 02:40:00,0.7721452,0.7754205,0.77346087,0.77016926,0.7756633,0.78080803,0.771767,0.7847685,0.77188176,0.78940165,0.7679064
2025-01-01 02:41:00,0.77218825,0.7754524,0.7735078,0.77018446,0.77572775,0.7808781,0.77180463,0.7848262,0.7719376,0.78943986,0.7679303
2025-01-01 02:42:00,0.7722209,0.7754754,0.7735431,0.7701957,0.77578,0.78093636,0.77183735,0.78487426,0.77198255,0.7894691,0.7679469
2025-01-01 02:43:00,0.77224535,0.7754912,0.77356905,0.77020365,0.7758227,0.7809851,0.7718662,0.7849146,0.7720188,0.78949106,0.7679577
2025-01-01 02:44:00,0.7722631,0.7755012,0.77358747,0.7702091,0.77585757,0.7810263,0.77189183,0.7849487,0.7720482,0.78950727,0.7679639
2025-01-01 02:45:00,0.77227557,0.7755067,0.7736,0.7702125,0.77588624,0.7810615,0.771915,0.78497785,0.7720719,0.78951883,0.7679663
2025-01-01 02:46:00,0.77228385,0.7755084,0.77360773,0.77021426,0.77591,0.7810918,0.77193606,0.78500307,0.7720912,0.7895267,0.7679658
2025-01-01 02:47:00,0.7722887,0.7755072,0.77361166,0.77021474,0.77592987,0.7811183,0.7719556,0.78502506,0.77210695,0.78953147,0.7679629
2025-01-01 02:48:00,0.77229077,0.7755037,0.7736125,0.7702142,0.77594656,0.78114164,0.77197385,0.7850445,0.77211976,0.78953385,0.767958
2025-01-01 02:49:00,0.77229065,0.7754983,0.773611,0.7702129,0.77596074,0.78116256,0.77199095,0.7850619,0.7721303,0.78953433,0.76795167
2025-01-01 02:50:00,0.77228874,0.77549136,0.7736075,0.7702109,0.77597296,0.7811815,0.7720073,0.78507763,0.77213895,0.78953326,0.7679441
2025-01-01 02:51:00,0.7722854,0.77548325,0.7736024,0.7702085,0.77598363,0.7811989,0.77202296,0.78509206,0.7721461,0.789531,0.76793545
2025-01-01 02:52:00,0.77228093,0.7754741,0.77359617,0.7702056,0.775993,0.7812151,0.7720381,0.7851054,0.772152,0.78952765,0.7679261
2025-01-01 02:53:00,0.77227557,0.7754642,0.77358896,0.7702025,0.7760014,0.7812302,0.7720528,0.7851178,0.77215695,0.78952354,0.7679161
2025-01-01 02:54:00,0.77226937,0.7754537,0.7735809,0.7701991,0.77600896,0.7812446,0.7720672,0.7851296,0.7721611,0.78951865,0.76790553
2025-01-01 02:55:00,0.77226263,0.7754426,0.77357227,0.7701956,0.776016,0.78125834,0.77208126,0.7851408,0.77216464,0.7895133,0.7678946
2025-01-01 02:56:00,0.7722554,0.7754312,0.7735632,0.77019197,0.7760225,0.7812716,0.77209514,0.78515154,0.7721676,0.78950757,0.76788336
2025-01-01 02:57:00,0.77224773,0.7754194,0.7735537,0.7701882,0.77602863,0.78128445,0.77210885,0.7851619,0.7721701,0.78950137,0.76787174
2025-01-01 02:58:00,0.7722398,0.77540743,0.7735439,0.7701844,0.7760345,0.781297,0.7721224,0.785172,0.7721723,0.7894949,0.76786
2025-01-01 02:59:00,0.77223164,0.7753953,0.77353394,0.7701806,0.7760401,0.7813093,0.7721358,0.78518176,0.7721742,0.7894882,0.7678481
2025-01-01 03:00:00,0.7728306,0.77589124,0.77418226,0.7703499,0.7767014,0.78194493,0.77237564,0.78566116,0.77269703,0.7898976,0.7681431
2025-01-01 03:01:00,0.773308,0.7762854,0.77469873,0.7704846,0.77723145,0.78245574,0.7725702,0.78604645,0.77311546,0.79022366,0.7683767
2025-01-01 03:02:00,0.77368796,0.7765982,0.77510977,0.7705916,0.77765644,0.78286666,0.7727284,0.78635633,0.77345026,0.7904829,0.76856095
2025-01-01 03:03:00,0.7739901,0.7768458,0.7754364,0.77067643,0.77799743,0.7831977,0.7728575,0.786606,0.77371824,0.7906887,0.76870584
2025-01-01 03:04:00,0.7742299,0.77704126,0.7756956,0.77074355,0.7782712,0.7834648,0.7729634,0.7868074,0.77393264,0.7908518,0.7688192
2025-01-01 03:05:00,0.7744198,0.777195,0.7759008,0.77079654,0.77849126,0.7836808,0.7730507,0.7869703,0.77410424,0.79098064,0.76890737
2025-01-01 03:06:00,0.77456975,0.7773154,0.7760628,0.77083814,0.7786683,0.7838559,0.77312315,0.7871022,0.7742416,0.7910821,0.7689753
2025-01-01 03:07:00,0.7746878,0.7774091,0.7761902,0.77087075,0.778811,0.7839983,0.7731836,0.7872096,0.77435154,0.79116166,0.7690272
2025-01-01 03:08:00,0.77478033,0.7774814,0.77629006,0.7708961,0.7789262,0.7841146,0.7732346,0.787297,0.7744395,0.7912237,0.76906604
2025-01-01 03:09:00,0.7748524,0.77753663,0.7763678,0.77091575,0.7790194,0.7842099,0.77327794,0.7873687,0.7745099,0.7912717,0.7690946
2025-01-01 03:10:00,0.7749081,0.77757823,0.77642787,0.77093077,0.77909505,0.7842885,0.7733152,0.78742766,0.77456623,0.7913084,0.7691149
2025-01-01 03:11:00,0.7749507,0.7776089,0.7764738,0.77094215,0.77915657,0.7843538,0.77334756,0.7874765,0.77461123,0.7913362,0.7691285
2025-01-01 03:12:00,0.77498275,0.77763075,0.77650845,0.77095056,0.77920693,0.78440833,0.773376,0.7875172,0.7746473,0.7913567,0.7691369
2025-01-01 03:13:00,0.7750065,0.77764565,0.776534,0.77095664,0.7792483,0.7844543,0.77340126,0.78755134,0.77467614,0.7913715,0.769141
2025-01-01 03:14:00,0.7750235,0.77765495,0.7765525,0.77096087,0.77928257,0.7844934,0.7734241,0.7875803,0.77469915,0.79138166,0.76914173
2025-01-01 03:15:00,0.7750351,0.7776598,0.7765651,0.7709636,0.77931106,0.784527,0.7734449,0.7876051,0.77471745,0.79138803,0.76913977
2025-01-01 03:16:00,0.77504236,0.77766097,0.7765732,0.7709652,0.77933496,0.7845563,0.773464,0.78762656,0.7747321,0.7913915,0.7691356
2025-01-01 03:17:00,0.7750462,0.7776593,0.77657753,0.77096593,0.7793552,0.78458214,0.77348197,0.7876453,0.77474374,0.7913925,0.76912963
2025-01-01 03:18:00,0.77504724,0.77765536,0.7765789,0.7709659,0.7793726,0.78460515,0.7734989,0.78766185,0.774753,0.7913916,0.76912236
2025-01-01 03:19:00,0.77504605,0.7776496,0.776578,0.7709652,0.7793876,0.784626,0.7735149,0.7876767,0.77476025,0.7913892,0.76911384
2025-01-01 03:20:00,0.77504313,0.7776424,0.77657527,0.7709642,0.7794008,0.784645,0.7735303,0.78769016,0.77476597,0.7913856,0.7691046
2025-01-01 03:21:00,0.7750387,0.777634,0.776571,0.77096283,0.77941257,0.7846626,0.7735451,0.78770244,0.77477044,0.7913809,0.7690946
2025-01-01 03:22:00,0.7750331,0.77762467,0.7765655,0.7709611,0.7794232,0.78467906,0.7735595,0.7877138,0.7747739,0.7913754,0.7690839
2025-01-01 03:23:00,0.7750266,0.77761453,0.7765591,0.77095926,0.77943283,0.7846946,0.7735735,0.7877245,0.7747765,0.79136926,0.7690728
2025-01-01 03:24:00,0.77501935,0.7776038,0.77655196,0.77095723,0.7794418,0.78470945,0.7735873,0.7877345,0.7747784,0.7913626,0.7690613
2025-01-01 03:25:00,0.7750115,0.7775926,0.7765443,0.7709551,0.7794502,0.7847238,0.7736008,0.7877441,0.7747798,0.79135543,0.7690496
2025-01-01 03:26:00,0.77500314,0.77758104,0.77653605,0.77095294,0.77945805,0.7847377,0.7736142,0.7877533,0.77478075,0.791348,0.7690376
2025-01-01 03:27:00,0.7749944,0.77756923,0.7765275,0.7709507,0.7794657,0.7847512,0.7736274,0.78776205,0.7747813,0.79134023,0.7690254
2025-01-01 03:28:00,0.7749853,0.7775571,0.77651864,0.7709484,0.77947295,0.78476435,0.77364045,0.7877706,0.7747815,0.79133224,0.769013
2025-01-01 03:29:00,0.7749759,0.77754474,0.7765096,0.7709461,0.7794801,0.78477734,0.77365345,0.7877789,0.7747816,0.791324,0.76900053
2025-01-01 03:30:00,0.7755726,0.7780193,0.777125,0.77105,0.78007925,0.7853353,0.7738295,0.78815997,0.77518845,0.7916189,0.76917696
2025-01-01 03:31:00,0.7760478,0.7783963,0.77761537,0.77113265,0.78055984,0.7857841,0.7739729,0.7884663,0.7755137,0.79185295,0.7693155
2025-01-01 03:32:00,0.7764259,0.7786953,0.7780057,0.77119833,0.78094554,0.78614557,0.7740902,0.78871274,0.7757737,0.7920384,0.7694237
2025-01-01 03:33:00,0.77672625,0.77893186,0.77831596,0.7712505,0.7812555,0.7864372,0.77418643,0.78891134,0.7759814,0.7921849,0.76950777
2025-01-01 03:34:00,0.77696437,0.77911854,0.77856225,0.7712918,0.78150475,0.7866729,0.77426594,0.7890716,0.77614737,0.7923003,0.7695723
2025-01-01 03:35:00,0.7771527,0.7792652,0.77875733,0.77132446,0.78170544,0.786864,0.7743321,0.7892013,0.7762798,0.79239064,0.7696214
2025-01-01 03:36:00,0.7773013,0.77937996,0.7789115,0.7713502,0.7818673,0.78701925,0.7743875,0.7893065,0.7763855,0.79246116,0.76965797
2025-01-01 03:37:00,0.7774181,0.7794692,0.77903295,0.77137035,0.78199816,0.787146,0.7744342,0.78939205,0.77646977,0.7925157,0.76968473
2025-01-01 03:38:00,0.7775093,0.7795379,0.7791281,0.7713862,0.7821042,0.7872498,0.7744741,0.78946185,0.7765368,0.7925574,0.7697035
2025-01-01 03:39:00,0.77758014,0.77959025,0.77920234,0.7713985,0.7821904,0.78733534,0.7745085,0.78951913,0.77659017,0.7925889,0.76971585
2025-01-01 03:40:00,0.77763456,0.7796295,0.77925986,0.771408,0.78226066,0.7874062,0.7745385,0.7895663,0.7766325,0.7926122,0.7697232
2025-01-01 03:41:00,0.777676,0.7796583,0.7793039,0.77141523,0.78231835,0.7874654,0.774565,0.7896054,0.77666605,0.79262894,0.7697264
2025-01-01 03:42:00,0.777707,0.77967876,0.77933735,0.7714208,0.78236586,0.7875152,0.7745886,0.78963804,0.7766925,0.79264045,0.76972634
2025-01-01 03:43:00,0.7777296,0.77969253,0.7793622,0.77142483,0.78240526,0.78755754,0.77461,0.78966546,0.7767133,0.7926477,0.7697237
2025-01-01 03:44:00,0.7777455,0.77970093,0.7793802,0.7714278,0.7824382,0.78759396,0.7746296,0.7896888,0.7767296,0.79265153,0.769719
2025-01-01 03:45:00,0.7777559,0.779705,0.7793927,0.7714299,0.78246593,0.7876255,0.77464765,0.78970873,0.7767422,0.7926527,0.76971257
2025-01-01 03:46:00,0.7777622,0.77970564,0.7794009,0.77143127,0.7824896,0.78765327,0.7746646,0.789726,0.7767519,0.7926517,0.7697048
2025-01-01 03:47:00,0.7777649,0.77970356,0.7794056,0.7714321,0.7825099,0.78767794,0.77468055,0.78974116,0.7767592,0.79264903,0.76969606
2025-01-01 03:48:00,0.77776486,0.77969927,0.7794075,0.7714325,0.7825276,0.78770024,0.77469575,0.78975457,0.77676463,0.79264486,0.76968634
2025-01-01 03:49:00,0.77776265,0.7796933,0.7794072,0.7714327,0.78254324,0.78772056,0.7747104,0.78976655,0.77676857,0.79263955,0.769676
2025-01-01 03:50:00,0.7777586,0.77968585,0.7794052,0.7714326,0.7825572,0.7877393,0.77472454,0.78977746,0.7767713,0.79263335,0.7696652
2025-01-01 03:51:00,0.7777532,0.77967733,0.7794017,0.7714322,0.7825699,0.7877568,0.77473825,0.7897874,0.776773,0.79262644,0.7696538
2025-01-01 03:52:00,0.77774656,0.7796679,0.7793972,0.77143174,0.78258145,0.7877734,0.77475166,0.78979665,0.7767738,0.7926189,0.76964206
2025-01-01 03:53:00,0.77773905,0.7796577,0.77939177,0.77143115,0.7825923,0.7877891,0.77476484,0.7898053,0.77677405,0.7926109,0.7696301
2025-01-01 03:54:00,0.77773076,0.77964705,0.7793856,0.7714305,0.78260237,0.7878042,0.77477777,0.78981346,0.7767737,0.7926024,0.7696179
2025-01-01 03:55:00,0.77772194,0.7796359,0.77937895,0.77142984,0.782612,0.7878188,0.77479047,0.7898212,0.776773,0.79259366,0.7696055
2025-01-01 03:56:00,0.7777126,0.7796244,0.77937186,0.7714291,0.78262126,0.78783303,0.7748031,0.78982866,0.7767719,0.7925846,0.769593
2025-01-01 03:57:00,0.77770287,0.77961266,0.7793644,0.7714284,0.78263015,0.7878469,0.7748156,0.78983575,0.7767705,0.79257536,0.76958036
2025-01-01 03:58:00,0.7776928,0.7796006,0.77935666,0.77142775,0.7826388,0.7878606,0.77482796,0.78984267,0.7767688,0.79256594,0.76956767
2025-01-01 03:59:00,0.7776825,0.7795884,0.7793487,0.77142704,0.78264725,0.78787404,0.7748403,0.7898494,0.77676696,0.7925564,0.7695548
2025-01-01 04:00:00,0.7782662,0.78003293,0.77992016,0.77146363,0.7831735,0.7883445,0.7749496,0.79012525,0.77705055,0.7927314,0.7696096
2025-01-01 04:01:00,0.7787309,0.7803859,0.78037554,0.7714928,0.7835961,0.7887234,0.7750395,0.7903471,0.7772768,0.7928693,0.7696507
2025-01-01 04:02:00,0.77910036,0.78066576,0.7807382,0.771516,0.7839357,0.78902906,0.77511376,0.79052573,0.7774573,0.7929776,0.7696809
2025-01-01 04:03:00,0.7793937,0.78088707,0.7810266,0.7715345,0.784209,0.7892761,0.7751756,0.79066986,0.77760106,0.79306215,0.7697026
2025-01-01 04:04:00,0.77962595,0.78106153,0.78125566,0.7715493,0.78442925,0.78947634,0.77522737,0.7907862,0.7777155,0.7931278,0.7697173
2025-01-01 04:05:00,0.7798095,0.78119856,0.78143716,0.77156097,0.78460705,0.78963906,0.7752712,0.79088044,0.77780646,0.7931782,0.7697264
2025-01-01 04:06:00,0.779954,0.78130555,0.7815807,0.7715703,0.78475094,0.78977174,0.77530855,0.790957,0.7778786,0.7932164,0.76973104
2025-01-01 04:07:00,0.7800673,0.78138864,0.7816938,0.7715778,0.7848676,0.7898805,0.7753408,0.79101926,0.7779356,0.79324484,0.76973224
2025-01-01 04:08:00,0.7801556,0.78145254,0.7817827,0.7715837,0.7849626,0.7899701,0.775369,0.79107016,0.7779806,0.7932656,0.76973045
2025-01-01 04:09:00,0.7802239,0.78150105,0.7818521,0.77158844,0.78504026,0.7900443,0.77539384,0.791112,0.778016,0.79328,0.7697265
2025-01-01 04:10:00,0.7802762,0.7815373,0.78190595,0.7715922,0.785104,0.79010624,0.7754161,0.7911466,0.77804357,0.7932894,0.7697206
2025-01-01 04:11:00,0.78031576,0.7815637,0.78194743,0.77159524,0.78515667,0.79015833,0.77543616,0.79117525,0.77806497,0.79329485,0.7697134
2025-01-01 04:12:00,0.78034496,0.78158236,0.78197896,0.7715977,0.7852005,0.7902026,0.7754546,0.79119927,0.77808136,0.79329705,0.76970494
2025-01-01 04:13:00,0.78036606,0.78159463,0.78200257,0.7715997,0.7852372,0.7902406,0.7754717,0.79121953,0.7780938,0.7932967,0.7696956
2025-01-01 04:14:00,0.78038055,0.781602,0.78201985,0.77160144,0.78526825,0.79027355,0.77548766,0.79123676,0.77810305,0.7932943,0.7696855
2025-01-01 04:15:00,0.7803897,0.7816053,0.78203213,0.7716028,0.7852948,0.79030246,0.77550274,0.79125154,0.77810967,0.79329014,0.7696748
2025-01-01 04:16:00,0.78039473,0.78160536,0.7820403,0.771604,0.7853177,0.7903282,0.7755171,0.79126436,0.77811426,0.7932847,0.7696636
2025-01-01 04:17:00,0.7803964,0.7816029,0.78204525,0.771605,0.7853378,0.79035133,0.77553093,0.7912756,0.7781172,0.7932782,0.76965207
2025-01-01 04:18:00,0.7803953,0.7815984,0.7820476,0.77160585,0.78535557,0.79037243,0.7755442,0.7912857,0.7781188,0.7932708,0.7696402
2025-01-01 04:19:00,0.78039205,0.7815922,0.7820479,0.7716067,0.7853715,0.7903919,0.7755572,0.79129463,0.77811927,0.7932628,0.76962805
2025-01-01 04:20:00,0.78038704,0.78158474,0.7820466,0.77160746,0.78538597,0.7904101,0.77556986,0.7913028,0.77811885,0.79325414,0.76961577
2025-01-01 04:21:00,0.78038067,0.7815762,0.7820441,0.77160823,0.78539926,0.7904272,0.77558225,0.7913103,0.7781178,0.7932451,0.7696034
2025-01-01 04:22:00,0.7803732,0.7815669,0.7820405,0.771609,0.7854117,0.7904435,0.7755945,0.79131716,0.7781161,0.7932356,0.76959074
2025-01-01 04:23:00,0.7803648,0.7815569,0.7820361,0.7716097,0.78542346,0.7904591,0.7756065,0.79132366,0.7781139,0.79322577,0.76957816
2025-01-01 04:24:00,0.7803557,0.78154635,0.7820311,0.7716105,0.78543454,0.7904742,0.7756184,0.79132974,0.7781114,0.79321575,0.7695654
2025-01-01 04:25:00,0.780346,0.78153545,0.7820256,0.7716113,0.7854453,0.79048884,0.7756302,0.7913356,0.77810854,0.79320556,0.7695525
2025-01-01 04:26:00,0.7803358,0.7815241,0.7820196,0.77161205,0.7854556,0.79050314,0.7756418,0.7913411,0.7781054,0.7931951,0.7695398
2025-01-01 04:27:00,0.7803252,0.7815126,0.78201336,0.7716129,0.78546566,0.7905173,0.7756534,0.79134643,0.77810204,0.7931845,0.7695269
2025-01-01 04:28:00,0.78031427,0.7815009,0.7820069,0.7716137,0.7854755,0.7905311,0.77566487,0.7913516,0.77809846,0.7931739,0.76951396
2025-01-01 04:29:00,0.7803031,0.781489,0.78200024,0.7716147,0.7854852,0.7905448,0.77567625,0.79135656,0.7780947,0.7931631,0.7695011
2025-01-01 04:30:00,0.7808636,0.78189564,0.78251755,0.77158326,0.7859292,0.7909193,0.7757168,0.7915223,0.7782501,0.7932152,0.76943296
2025-01-01 04:31:00,0.78130955,0.7822185,0.78292996,0.77155846,0.78628623,0.79122156,0.7757514,0.7916558,0.7783735,0.7932546,0.76937586
2025-01-01 04:32:00,0.7816639,0.7824743,0.78325844,0.7715388,0.7865737,0.791466,0.7757814,0.79176337,0.7784713,0.7932839,0.7693276
2025-01-01 04:33:00,0.7819449,0.78267634,0.78351974,0.77152336,0.7868055,0.7916641,0.77580756,0.79185027,0.7785486,0.7933051,0.7692864
2025-01-01 04:34:00,0.78216726,0.78283554,0.7837274,0.7715113,0.78699285,0.79182523,0.7758307,0.7919206,0.7786096,0.79331976,0.7692508
2025-01-01 04:35:00,0.78234273,0.7829604,0.7838921,0.77150196,0.78714454,0.7919568,0.77585137,0.79197764,0.7786574,0.7933292,0.7692198
2025-01-01 04:36:00,0.7824806,0.7830578,0.78402245,0.77149475,0.7872678,0.79206455,0.77587014,0.7920241,0.7786947,0.7933345,0.76919234
2025-01-01 04:37:00,0.7825884,0.78313327,0.7841254,0.77148926,0.78736824,0.7921534,0.7758873,0.79206204,0.77872354,0.7933364,0.76916784
2025-01-01 04:38:00,0.7826723,0.78319114,0.7842063,0.7714852,0.78745055,0.79222715,0.77590317,0.79209316,0.77874565,0.7933357,0.76914567
2025-01-01 04:39:00,0.78273684,0.78323495,0.78426963,0.7714823,0.78751826,0.79228866,0.77591807,0.7921188,0.77876234,0.7933328,0.7691253
2025-01-01 04:40:00,0.782786,0.78326756,0.7843189,0.7714803,0.78757435,0.7923405,0.7759322,0.7921401,0.77877474,0.79332817,0.7691065
2025-01-01 04:41:00,0.7828229,0.78329116,0.7843571,0.7714791,0.7876211,0.7923846,0.7759456,0.7921579,0.7787836,0.7933222,0.76908886
2025-01-01 04:42:00,0.7828499,0.7833076,0.78438616,0.77147853,0.78766036,0.79242253,0.7759585,0.7921728,0.7787897,0.7933151,0.7690721
2025-01-01 04:43:00,0.782869,0.7833183,0.78440815,0.7714784,0.78769374,0.79245555,0.77597094,0.7921855,0.7787936,0.79330707,0.76905614
2025-01-01 04:44:00,0.78288186,0.7833244,0.78442436,0.7714787,0.7877224,0.7924845,0.7759831,0.79219633,0.7787956,0.7932984,0.7690408
2025-01-01 04:45:00,0.7828896,0.78332686,0.78443605,0.77147937,0.78774726,0.7925103,0.7759949,0.7922057,0.7787962,0.7932891,0.76902604
2025-01-01 04:46:00,0.7828933,0.7833263,0.7844441,0.7714803,0.7877691,0.7925335,0.77600646,0.79221386,0.77879554,0.7932793,0.7690116
2025-01-01 04:47:00,0.7828937,0.78332347,0.7844492,0.77148145,0.78778845,0.7925548,0.77601784,0.79222107,0.778794,0.79326916,0.76899743
2025-01-01 04:48:00,0.78289163,0.78331876,0.7844521,0.7714828,0.787806,0.79257435,0.77602905,0.79222757,0.77879167,0.7932587,0.7689836
2025-01-01 04:49:00,0.78288746,0.78331256,0.78445303,0.7714843,0.78782195,0.79259264,0.77604014,0.79223335,0.77878875,0.79324794,0.76897
2025-01-01 04:50:00,0.78288156,0.7833051,0.78445256,0.77148604,0.78783673,0.79260993,0.7760511,0.7922386,0.7787853,0.79323703,0.7689565
2025-01-01 04:51:00,0.7828744,0.7832968,0.7844509,0.77148783,0.7878505,0.7926263,0.7760619,0.7922435,0.7787814,0.79322594,0.7689432
2025-01-01 04:52:00,0.7828661,0.7832877,0.7844483,0.7714898,0.7878635,0.7926421,0.7760727,0.79224795,0.77877724,0.7932147,0.76893
2025-01-01 04:53:00,0.782857,0.78327805,0.78444505,0.7714918,0.78787595,0.7926574,0.7760834,0.7922522,0.7787727,0.79320335,0.76891685
2025-01-01 04:54:00,0.7828471,0.78326786,0.78444123,0.771494,0.78788793,0.7926722,0.776094,0.7922562,0.778768,0.79319185,0.76890385
2025-01-01 04:55:00,0.78283674,0.78325737,0.7844369,0.7714962,0.7878995,0.79268664,0.77610457,0.7922599,0.77876306,0.7931803,0.76889086
2025-01-01 04:56:00,0.7828259,0.7832465,0.78443223,0.77149844,0.78791076,0.7927008,0.77611506,0.79226345,0.77875787,0.79316866,0.7688779
2025-01-01 04:57:00,0.7828146,0.78323543,0.78442734,0.7715008,0.78792185,0.79271483,0.7761255,0.7922669,0.77875257,0.793157,0.76886505
2025-01-01 04:58:00,0.7828032,0.7832242,0.7844222,0.77150327,0.78793275,0.79272866,0.77613586,0.7922702,0.7787472,0.7931453,0.76885223
2025-01-01 04:59:00,0.78279144,0.78321284,0.7844169,0.7715058,0.7879435,0.7927423,0.77614623,0.79227334,0.77874166,0.7931335,0.7688394
2025-01-01 05:00:00,0.7833184,0.7835742,0.7848707,0.771407,0.7882973,0.7930142,0.7761172,0.7923261,0.7787658,0.7930616,0.7686498
2025-01-01 05:01:00,0.7837375,0.78386104,0.78523254,0.77132857,0.7885824,0.7932343,0.776096,0.7923688,0.7787839,0.7930017,0.76849556
2025-01-01 05:02:00,0.78407013,0.7840881,0.78552085,0.7712664,0.7888125,0.79341304,0.776081,0.7924035,0.7787972,0.7929514,0.7683696
2025-01-01 05:03:00,0.7843337,0.7842673,0.7857503,0.7712173,0.78899866,0.79355866,0.7760711,0.7924317,0.7788065,0.79290867,0.7682664
2025-01-01 05:04:00,0.784542,0.78440833,0.7859329,0.7711786,0.7891497,0.79367775,0.7760651,0.79245484,0.77881277,0.79287213,0.7681812
2025-01-01 05:05:00,0.7847062,0.78451884,0.7860778,0.7711482,0.7892726,0.7937757,0.7760623,0.79247373,0.7788166,0.79284054,0.76811063
2025-01-01 05:06:00,0.78483486,0.78460485,0.78619254,0.7711246,0.78937304,0.7938566,0.776062,0.7924893,0.7788183,0.7928127,0.7680516
2025-01-01 05:07:00,0.7849353,0.7846713,0.7862833,0.77110636,0.7894555,0.793924,0.77606386,0.7925023,0.77881837,0.7927881,0.768002
2025-01-01 05:08:00,0.78501314,0.78472215,0.78635484,0.7710924,0.78952354,0.7939805,0.7760672,0.792513,0.7788172,0.7927659,0.7679597
2025-01-01 05:09:00,0.78507274,0.7847605,0.7864109,0.7710819,0.7895801,0.79402834,0.7760719,0.7925221,0.778815,0.79274577,0.7679234
2025-01-01 05:10:00,0.7851179,0.7847888,0.7864548,0.77107424,0.78962743,0.7940692,0.77607757,0.79252976,0.7788118,0.7927272,0.7678918
2025-01-01 05:11:00,0.7851515,0.7848091,0.78648883,0.77106875,0.7896675,0.7941045,0.776084,0.79253626,0.778808,0.7927099,0.7678641
2025-01-01 05:12:00,0.78517574,0.7848231,0.786515,0.77106506,0.7897016,0.7941354,0.77609116,0.7925419,0.7788037,0.7926936,0.76783943
2025-01-01 05:13:00,0.7851926,0.78483194,0.7865349,0.7710628,0.7897311,0.79416275,0.77609885,0.7925468,0.7787989,0.7926781,0.7678172
2025-01-01 05:14:00,0.7852035,0.7848367,0.7865498,0.7710617,0.78975683,0.7941872,0.77610683,0.7925511,0.7787937,0.7926633,0.76779693
2025-01-01 05:15:00,0.78520966,0.7848382,0.78656065,0.7710616,0.78977954,0.7942094,0.7761152,0.7925548,0.77878815,0.7926489,0.7677783
2025-01-01 05:16:00,0.785212,0.78483707,0.7865684,0.77106225,0.78979987,0.79422975,0.7761237,0.7925582,0.77878237,0.792635,0.7677608
2025-01-01 05:17:00,0.78521127,0.78483385,0.7865736,0.77106357,0.78981835,0.7942487,0.77613246,0.79256123,0.77877635,0.7926213,0.76774436
2025-01-01 05:18:00,0.7852081,0.7848291,0.7865768,0.77106535,0.7898353,0.7942664,0.77614135,0.792564,0.7787702,0.79260796,0.76772887
2025-01-01 05:19:00,0.785203,0.7848229,0.78657836,0.7710676,0.789851,0.7942832,0.77615035,0.7925665,0.77876383,0.7925948,0.76771384
2025-01-01 05:20:00,0.7851963,0.78481567,0.78657866,0.7710701,0.7898658,0.7942993,0.7761594,0.79256886,0.77875733,0.7925817,0.7676995
2025-01-01 05:21:00,0.7851884,0.7848076,0.78657794,0.771073,0.7898798,0.79431474,0.7761685,0.792571,0.7787508,0.7925688,0.7676855
2025-01-01 05:22:00,0.7851795,0.7847989,0.78657645,0.7710761,0.7898932,0.7943297,0.7761777,0.792573,0.7787441,0.79255605,0.7676718
2025-01-01 05:23:00,0.7851697,0.7847897,0.78657436,0.7710794,0.78990614,0.7943443,0.7761868,0.7925748,0.7787373,0.79254323,0.7676585
2025-01-01 05:24:00,0.78515935,0.7847801,0.78657174,0.7710829,0.78991866,0.79435855,0.77619606,0.7925766,0.77873045,0.79253054,0.7676453
2025-01-01 05:25:00,0.78514844,0.7847702,0.7865687,0.7710865,0.78993094,0.79437256,0.77620524,0.7925782,0.7787235,0.7925179,0.7676324
2025-01-01 05:26:00,0.78513706,0.78475994,0.7865654,0.77109027,0.789943,0.7943863,0.7762144,0.7925797,0.77871644,0.7925052,0.7676196
2025-01-01 05:27:00,0.78512543,0.78474957,0.7865619,0.77109414,0.78995484,0.79440004,0.77622354,0.7925812,0.77870935,0.7924926,0.7676069
2025-01-01 05:28:00,0.7851135,0.784739,0.7865582,0.77109814,0.7899665,0.7944135,0.77623266,0.7925826,0.7787022,0.79248005,0.7675944
2025-01-01 05:29:00,0.78510135,0.78472835,0.78655446,0.7711022,0.78997815,0.794427,0.7762417,0.7925839,0.778695,0.7924674,0.7675819
2025-01-01 05:30:00,0.7855856,0.785038,0.7869368,0.7709378,0.7902355,0.7945915,0.7761438,0.7925226,0.7785877,0.79227287,0.76727414
2025-01-01 05:31:00,0.7859703,0.78528357,0.7872419,0.7708072,0.79044366,0.7947257,0.77606714,0.7924738,0.77850026,0.7921147,0.76702553
2025-01-01 05:32:00,0.7862755,0.7854778,0.78748506,0.7707036,0.7906124,0.7948356,0.7760076,0.79243493,0.77842885,0.7919857,0.76682425
2025-01-01 05:33:00,0.78651696,0.78563106,0.7876788,0.7706217,0.79074967,0.79492617,0.77596176,0.79240394,0.7783702,0.79187995,0.76666075
2025-01-01 05:34:00,0.7867076,0.78575134,0.787833,0.7705571,0.7908618,0.7950012,0.7759268,0.7923793,0.77832174,0.79179275,0.76652765
2025-01-01 05:35:00,0.7868575,0.78584546,0.7879555,0.7705063,0.7909537,0.79506385,0.77590066,0.79235977,0.7782814,0.7917205,0.76641876
2025-01-01 05:36:00,0.7869748,0.78591853,0.78805274,0.77046674,0.7910295,0.7951165,0.77588147,0.7923442,0.7782476,0.79166025,0.76632917
2025-01-01 05:37:00,0.787066,0.78597486,0.7881298,0.770436,0.79109246,0.79516125,0.7758678,0.7923319,0.778219,0.7916094,0.7662552
2025-01-01 05:38:00,0.7871363,0.78601766,0.78819066,0.7704124,0.79114515,0.79519963,0.77585864,0.7923221,0.7781945,0.79156625,0.76619357
2025-01-01 05:39:00,0.7871901,0.78604984,0.7882386,0.7703945,0.79118955,0.7952329,0.77585304,0.7923144,0.7781734,0.7915292,0.76614195
2025-01-01 05:40:00,0.7872304,0.7860734,0.78827626,0.77038115,0.7912274,0.7952621,0.77585024,0.79230833,0.77815485,0.79149693,0.7660983
2025-01-01 05:41:00,0.78726,0.7860901,0.7883056,0.77037156,0.79126,0.795288,0.7758497,0.7923035,0.77813846,0.7914686,0.766061
2025-01-01 05:42:00,0.7872811,0.7861013,0.78832835,0.77036494,0.7912884,0.79531133,0.7758509,0.7922997,0.77812374,0.7914434,0.76602876
2025-01-01 05:43:00,0.7872954,0.78610814,0.7883459,0.7703606,0.7913134,0.7953326,0.7758536,0.79229665,0.7781103,0.79142064,0.7660006
2025-01-01 05:44:00,0.7873042,0.7861115,0.7883591,0.7703582,0.7913358,0.79535216,0.7758574,0.79229426,0.778098,0.79139996,0.7659758
2025-01-01 05:45:00,0.78730863,0.78611195,0.78836906,0.7703574,0.79135597,0.79537034,0.7758621,0.79229236,0.7780865,0.79138076,0.7659536
2025-01-01 05:46:00,0.7873095,0.7861103,0.7883764,0.7703577,0.79137444,0.7953875,0.7758675,0.79229087,0.77807564,0.7913629,0.76593345
2025-01-01 05:47:00,0.7873076,0.7861068,0.7883816,0.7703591,0.7913916,0.7954038,0.77587354,0.7922897,0.77806526,0.791346,0.765915
2025-01-01 05:48:00,0.7873035,0.78610194,0.78838503,0.7703613,0.79140764,0.79541934,0.77588,0.79228866,0.77805537,0.79132986,0.7658979
2025-01-01 05:49:00,0.78729755,0.786096,0.78838724,0.7703641,0.7914229,0.79543436,0.7758867,0.7922878,0.7780457,0.7913145,0.76588196
2025-01-01 05:50:00,0.7872902,0.7860891,0.7883883,0.77036756,0.79143745,0.79544896,0.77589375,0.7922872,0.7780363,0.7912996,0.7658669
2025-01-01 05:51:00,0.7872817,0.7860815,0.78838855,0.77037144,0.7914514,0.79546314,0.77590096,0.7922865,0.7780271,0.7912851,0.76585245
2025-01-01 05:52:00,0.7872723,0.7860734,0.7883882,0.7703756,0.7914649,0.79547703,0.7759083,0.792286,0.77801806,0.7912709,0.7658386
2025-01-01 05:53:00,0.78726214,0.7860648,0.78838724,0.7703801,0.7914781,0.79549074,0.7759158,0.79228544,0.7780091,0.79125696,0.7658252
2025-01-01 05:54:00,0.78725135,0.78605586,0.7883859,0.77038485,0.7914911,0.7955042,0.7759234,0.79228497,0.77800024,0.79124326,0.7658123
2025-01-01 05:55:00,0.78724015,0.7860466,0.78838426,0.7703898,0.79150385,0.79551756,0.775931,0.7922844,0.7779914,0.79122967,0.7657995
2025-01-01 05:56:00,0.7872285,0.7860372,0.7883824,0.770395,0.7915164,0.7955308,0.7759387,0.79228395,0.77798265,0.79121625,0.7657871
2025-01-01 05:57:00,0.7872166,0.7860276,0.7883804,0.7704003,0.7915289,0.7955439,0.77594644,0.7922834,0.7779739,0.79120296,0.7657749
2025-01-01 05:58:00,0.78720444,0.7860179,0.7883782,0.77040577,0.7915412,0.7955569,0.77595407,0.7922829,0.7779651,0.79118973,0.7657628
2025-01-01 05:59:00,0.7871921,0.7860081,0.7883759,0.7704113,0.7915535,0.79556984,0.77596176,0.7922823,0.7779563,0.7911765,0.7657509
2025-01-01 06:00:00,0.7876249,0.7862607,0.7886799,0.77018416,0.7917097,0.79562396,0.7757966,0.7921081,0.7777193,0.7908628,0.7653304
2025-01-01 06:01:00,0.7879685,0.7864608,0.7889225,0.77000374,0.7918371,0.7956698,0.77566594,0.79196864,0.7775279,0.79060924,0.76499164
2025-01-01 06:02:00,0.78824085,0.78661895,0.78911614,0.76986057,0.7919414,0.79570895,0.77556294,0.7918568,0.777373,0.79040384,0.7647185
2025-01-01 06:03:00,0.788456,0.78674334,0.7892706,0.7697473,0.7920273,0.79574287,0.77548206,0.79176724,0.7772473,0.79023695,0.7644977
2025-01-01 06:04:00,0.78862554,0.786841,0.7893936,0.76965797,0.7920984,0.79577243,0.7754188,0.79169536,0.7771449,0.79010075,0.76431876
2025-01-01 06:05:00,0.7887586,0.78691703,0.78949165,0.76958776,0.79215777,0.7957986,0.7753697,0.7916376,0.7770612,0.78998923,0.76417345
2025-01-01 06:06:00,0.78886235,0.7869759,0.78956956,0.7695328,0.79220766,0.7958221,0.7753319,0.79159117,0.7769925,0.78989744,0.76405495
2025-01-01 06:07:00,0.78894275,0.7870211,0.7896314,0.7694901,0.79225004,0.79584336,0.77530307,0.7915538,0.77693564,0.7898214,0.763958
2025-01-01 06:08:00,0.78900445,0.78705525,0.7896806,0.76945734,0.79228634,0.79586285,0.7752815,0.79152364,0.7768883,0.7897579,0.7638781
2025-01-01 06:09:00,0.78905123,0.78708065,0.78971946,0.7694324,0.7923178,0.7958809,0.7752657,0.7914993,0.7768486,0.78970456,0.76381207
2025-01-01 06:10:00,0.789086,0.787099,0.78975016,0.7694137,0.79234546,0.79589796,0.7752544,0.7914795,0.77681506,0.78965926,0.76375693
2025-01-01 06:11:00,0.7891112,0.78711176,0.7897743,0.7694001,0.7923701,0.79591405,0.77524686,0.79146343,0.7767863,0.7896204,0.7637107
2025-01-01 06:12:00,0.7891287,0.78712,0.78979325,0.76939064,0.7923922,0.79592943,0.77524227,0.79145026,0.7767615,0.7895867,0.76367146
2025-01-01 06:13:00,0.78914016,0.7871247,0.78980803,0.7693843,0.7924123,0.79594415,0.77523994,0.7914395,0.77673966,0.7895572,0.76363796
2025-01-01 06:14:00,0.78914666,0.78712654,0.7898195,0.7693806,0.7924309,0.7959584,0.77523947,0.7914305,0.77672035,0.78953093,0.76360893
2025-01-01 06:15:00,0.7891492,0.78712606,0.7898283,0.7693791,0.7924482,0.7959723,0.7752405,0.79142296,0.776703,0.78950727,0.76358354
2025-01-01 06:16:00,0.78914875,0.78712386,0.78983504,0.7693792,0.7924645,0.7959859,0.7752426,0.79141665,0.77668726,0.7894858,0.7635611
2025-01-01 06:17:00,0.78914577,0.7871201,0.7898401,0.7693807,0.7924801,0.7959993,0.7752458,0.79141116,0.7766728,0.7894659,0.763541
2025-01-01 06:18:00,0.7891407,0.78711534,0.78984386,0.76938325,0.7924951,0.7960124,0.7752496,0.7914065,0.77665925,0.7894475,0.7635226
2025-01-01 06:19:00,0.7891341,0.7871096,0.7898465,0.7693867,0.79250944,0.79602534,0.775254,0.7914024,0.7766465,0.7894301,0.7635059
2025-01-01 06:20:00,0.78912616,0.7871032,0.7898483,0.7693909,0.7925235,0.7960382,0.7752589,0.79139864,0.7766344,0.7894135,0.7634904
2025-01-01 06:21:00,0.7891172,0.7870962,0.7898495,0.76939565,0.7925372,0.7960509,0.77526414,0.7913953,0.7766228,0.7893977,0.7634758
2025-01-01 06:22:00,0.78910744,0.7870887,0.7898502,0.7694009,0.7925507,0.7960635,0.7752696,0.79139227,0.77661157,0.7893824,0.763462
2025-01-01 06:23:00,0.789097,0.7870809,0.7898505,0.76940656,0.7925639,0.79607606,0.77527535,0.79138935,0.7766006,0.78936756,0.7634489
2025-01-01 06:24:00,0.78908604,0.7870728,0.7898504,0.76941246,0.79257697,0.7960885,0.77528113,0.7913866,0.7765899,0.7893531,0.76343626
2025-01-01 06:25:00,0.78907466,0.7870645,0.78985023,0.76941866,0.79258996,0.7961009,0.7752871,0.791384,0.77657926,0.7893388,0.76342404
2025-01-01 06:26:00,0.78906304,0.787056,0.7898498,0.7694251,0.79260284,0.7961133,0.7752931,0.7913814,0.7765689,0.7893249,0.7634122
2025-01-01 06:27:00,0.78905106,0.7870475,0.7898493,0.76943177,0.7926157,0.79612565,0.77529925,0.7913789,0.7765585,0.78931105,0.76340055
2025-01-01 06:28:00,0.78903896,0.7870388,0.7898486,0.76943856,0.7926285,0.79613787,0.77530533,0.7913764,0.7765483,0.78929734,0.7633892
2025-01-01 06:29:00,0.7890266,0.7870301,0.7898479,0.7694455,0.7926413,0.79615015,0.7753115,0.79137397,0.77653813,0.7892838,0.763378
2025-01-01 06:30:00,0.78940016,0.787221,0.7900681,0.76915973,0.7926936,0.7960929,0.77508205,0.7910901,0.77617574,0.7888565,0.7628523
2025-01-01 06:31:00,0.7896964,0.78737193,0.79024404,0.7689327,0.792738,0.7960496,0.7748997,0.79086244,0.77588385,0.78851205,0.7624297
2025-01-01 06:32:00,0.78993076,0.7874909,0.79038465,0.7687526,0.7927761,0.79601735,0.77475506,0.7906799,0.7756483,0.7882339,0.7620895
2025-01-01 06:33:00,0.7901157,0.78758436,0.790497,0.76861006,0.79280907,0.7959939,0.7746405,0.79053324,0.77545786,0.78800875,0.7618153
2025-01-01 06:34:00,0.79026103,0.7876573,0.7905867,0.7684975,0.792838,0.7959776,0.77455,0.79041535,0.7753035,0.78782594,0.76159394
2025-01-01 06:35:00,0.7903747,0.78771394,0.79065835,0.7684091,0.79286367,0.795967,0.7744789,0.7903206,0.7751779,0.78767717,0.76141477
2025-01-01 06:36:00,0.7904631,0.7877575,0.7907156,0.7683399,0.79288673,0.7959608,0.7744231,0.7902441,0.7750754,0.78755546,0.76126945
2025-01-01 06:37:00,0.7905312,0.7877907,0.7907613,0.7682861,0.7929077,0.7959583,0.7743797,0.7901824,0.7749914,0.7874555,0.76115113
2025-01-01 06:38:00,0.7905831,0.7878155,0.79079777,0.7682446,0.7929271,0.79595864,0.77434605,0.7901324,0.7749221,0.7873729,0.76105446
2025-01-01 06:39:00,0.79062206,0.78783363,0.79082686,0.7682131,0.7929451,0.79596126,0.77432036,0.7900919,0.77486455,0.78730416,0.7609752
2025-01-01 06:40:00,0.79065067,0.78784645,0.7908501,0.7681894,0.7929621,0.79596573,0.7743009,0.79005885,0.77481645,0.7872466,0.76090974
2025-01-01 06:41:00,0.79067093,0.78785497,0.7908686,0.7681721,0.79297817,0.7959717,0.7742864,0.7900318,0.77477586,0.7871979,0.7608553
2025-01-01 06:42:00,0.79068464,0.78786016,0.79088336,0.76815987,0.79299366,0.7959788,0.77427596,0.79000944,0.7747413,0.78715634,0.76080984
2025-01-01 06:43:00,0.79069304,0.7878626,0.79089516,0.7681517,0.79300857,0.79598683,0.7742687,0.78999096,0.7747116,0.78712046,0.7607715
2025-01-01 06:44:00,0.7906971,0.78786296,0.7909046,0.7681468,0.79302305,0.79599565,0.774264,0.7899755,0.7746857,0.78708917,0.76073885
2025-01-01 06:45:00,0.7906978,0.7878615,0.7909121,0.76814455,0.7930372,0.796005,0.7742613,0.78996253,0.7746629,0.78706145,0.7607108
2025-01-01 06:46:00,0.7906959,0.7878587,0.7909181,0.7681444,0.79305106,0.7960148,0.7742602,0.78995144,0.7746425,0.7870367,0.7606864
2025-01-01 06:47:00,0.79069173,0.7878549,0.79092294,0.7681459,0.7930648,0.79602504,0.77426046,0.78994197,0.77462405,0.7870143,0.7606648
2025-01-01 06:48:00,0.7906859,0.78785014,0.7909269,0.7681488,0.7930783,0.79603547,0.77426165,0.7899336,0.7746072,0.78699374,0.7606457
2025-01-01 06:49:00,0.79067856,0.7878448,0.79093,0.7681528,0.7930917,0.7960462,0.7742636,0.78992623,0.77459157,0.7869747,0.7606284
2025-01-01 06:50:00,0.7906703,0.7878389,0.7909326,0.76815766,0.793105,0.7960571,0.77426624,0.7899196,0.7745769,0.78695685,0.7606127
2025-01-01 06:51:00,0.79066104,0.78783256,0.7909347,0.76816326,0.7931182,0.7960681,0.77426934,0.78991354,0.774563,0.7869399,0.76059824
2025-01-01 06:52:00,0.7906511,0.7878259,0.79093647,0.76816946,0.79313135,0.79607916,0.77427286,0.78990793,0.7745497,0.7869238,0.7605847
2025-01-01 06:53:00,0.7906406,0.787819,0.79093796,0.76817614,0.7931444,0.79609036,0.7742766,0.78990275,0.77453697,0.7869083,0.760572
2025-01-01 06:54:00,0.7906297,0.78781193,0.7909393,0.76818323,0.79315746,0.7961016,0.77428067,0.78989786,0.77452457,0.78689325,0.76056
2025-01-01 06:55:00,0.79061836,0.78780466,0.7909404,0.76819056,0.7931705,0.79611295,0.77428484,0.7898931,0.77451247,0.78687865,0.7605485
2025-01-01 06:56:00,0.7906068,0.78779733,0.7909415,0.7681982,0.7931835,0.7961242,0.77428913,0.78988856,0.77450067,0.7868643,0.7605374
2025-01-01 06:57:00,0.79059505,0.7877899,0.79094243,0.76820606,0.7931965,0.79613554,0.7742935,0.78988415,0.774489,0.7868502,0.7605266
2025-01-01 06:58:00,0.7905831,0.78778243,0.7909433,0.7682141,0.7932095,0.79614687,0.77429795,0.7898798,0.7744775,0.7868363,0.7605161
2025-01-01 06:59:00,0.790571,0.78777486,0.7909442,0.76822233,0.7932225,0.7961582,0.7743025,0.7898755,0.77446604,0.7868226,0.760506
2025-01-01 07:00:00,0.79087865,0.7879007,0.7910767,0.76788294,0.79317003,0.79599065,0.7740128,0.7894868,0.7739848,0.7862894,0.7598844
2025-01-01 07:01:00,0.7911223,0.7879998,0.7911829,0.7676133,0.79313076,0.795859,0.773782,0.7891751,0.7735974,0.7858602,0.75938535
2025-01-01 07:02:00,0.79131466,0.7880776,0.791268,0.7673994,0.79310185,0.7957558,0.7735983,0.7889248,0.77328545,0.78551424,0.75898427
2025-01-01 07:03:00,0.79146606,0.78813833,0.7913363,0.76723003,0.79308134,0.7956755,0.7734522,0.7887237,0.77303356,0.7852349,0.7586616
2025-01-01 07:04:00,0.79158473,0.7881855,0.79139113,0.76709634,0.7930676,0.7956135,0.77333623,0.788562,0.7728298,0.7850088,0.7584017
2025-01-01 07:05:00,0.79167706,0.78822166,0.79143524,0.76699126,0.7930591,0.79556614,0.7732443,0.7884317,0.7726646,0.78482527,0.758192
2025-01-01 07:06:00,0.79174846,0.78824914,0.7914707,0.76690894,0.793055,0.7955305,0.7731716,0.7883266,0.77253014,0.7846759,0.75802237
2025-01-01 07:07:00,0.79180306,0.78826976,0.7914994,0.766845,0.7930543,0.7955042,0.77311426,0.7882416,0.7724204,0.7845538,0.75788486
2025-01-01 07:08:00,0.79184425,0.7882848,0.79152256,0.76679564,0.7930563,0.7954853,0.77306926,0.7881727,0.77233034,0.7844536,0.75777316
2025-01-01 07:09:00,0.79187477,0.7882953,0.7915414,0.76675797,0.7930606,0.7954725,0.7730341,0.7881167,0.77225596,0.7843708,0.75768197
2025-01-01 07:10:00,0.79189664,0.7883024,0.7915567,0.7667297,0.79306656,0.7954644,0.77300674,0.7880709,0.7721942,0.78430194,0.7576073
2025-01-01 07:11:00,0.79191166,0.7883066,0.7915693,0.766709,0.79307395,0.7954601,0.7729857,0.78803337,0.7721426,0.78424424,0.75754577
2025-01-01 07:12:00,0.7919212,0.78830856,0.7915796,0.7666943,0.79308254,0.79545885,0.7729696,0.7880023,0.77209896,0.78419554,0.7574948
2025-01-01 07:13:00,0.7919263,0.78830874,0.79158825,0.7666844,0.79309195,0.79546005,0.7729575,0.7879765,0.7720618,0.78415394,0.7574523
2025-01-01 07:14:00,0.791928,0.78830755,0.7915954,0.7666784,0.79310215,0.7954632,0.7729486,0.7879549,0.7720298,0.7841181,0.75741655
2025-01-01 07:15:00,0.7919268,0.7883052,0.79160154,0.7666755,0.7931129,0.79546785,0.77294225,0.7879366,0.7720018,0.7840869,0.75738627
2025-01-01 07:16:00,0.79192334,0.78830194,0.7916067,0.76667506,0.7931241,0.79547375,0.77293795,0.787921,0.7719772,0.78405935,0.75736034
2025-01-01 07:17:00,0.7919182,0.78829795,0.79161125,0.7666766,0.79313564,0.7954806,0.7729352,0.78790754,0.7719552,0.7840347,0.75733787
2025-01-01 07:18:00,0.7919116,0.7882934,0.7916153,0.76667976,0.7931475,0.79548824,0.7729337,0.78789574,0.7719352,0.7840125,0.7573182
2025-01-01 07:19:00,0.79190385,0.7882885,0.7916189,0.7666843,0.7931596,0.7954965,0.7729333,0.78788525,0.771917,0.78399205,0.7573008
2025-01-01 07:20:00,0.7918953,0.7882832,0.79162216,0.7666898,0.7931719,0.7955052,0.7729336,0.78787583,0.77190006,0.78397316,0.75728524
2025-01-01 07:21:00,0.7918859,0.7882777,0.79162514,0.76669616,0.7931844,0.79551435,0.77293456,0.7878672,0.77188414,0.7839555,0.75727105
2025-01-01 07:22:00,0.79187596,0.78827196,0.79162794,0.7667032,0.793197,0.79552376,0.77293605,0.7878592,0.7718691,0.78393877,0.75725806
2025-01-01 07:23:00,0.7918656,0.78826606,0.7916306,0.76671076,0.79320973,0.7955334,0.7729379,0.7878518,0.77185476,0.78392285,0.757246
2025-01-01 07:24:00,0.79185486,0.7882601,0.79163325,0.76671875,0.7932225,0.7955432,0.77294,0.7878448,0.77184093,0.78390753,0.7572348
2025-01-01 07:25:00,0.7918438,0.788254,0.79163575,0.76672715,0.79323536,0.7955532,0.7729423,0.7878381,0.7718275,0.7838927,0.75722414
2025-01-01 07:26:00,0.7918325,0.78824794,0.79163826,0.76673585,0.79324824,0.7955633,0.7729448,0.7878316,0.7718144,0.7838783,0.757214
2025-01-01 07:27:00,0.7918211,0.78824174,0.7916407,0.7667448,0.7932612,0.7955734,0.77294743,0.7878253,0.7718016,0.7838643,0.7572043
2025-01-01 07:28:00,0.7918095,0.78823555,0.79164314,0.766754,0.79327416,0.7955836,0.7729502,0.78781915,0.77178895,0.78385043,0.7571949
2025-01-01 07:29:00,0.7917978,0.7882294,0.7916456,0.76676327,0.7932871,0.7955938,0.7729529,0.78781307,0.7717765,0.78383684,0.75718576
2025-01-01 07:30:00,0.7920342,0.7882879,0.791688,0.7663765,0.7931309,0.795319,0.7726083,0.78732663,0.7711848,0.7832071,0.75647944
2025-01-01 07:31:00,0.7922209,0.7883334,0.7917225,0.7660691,0.7930085,0.7951012,0.7723332,0.78693634,0.77070904,0.7827007,0.7559128
2025-01-01 07:32:00,0.7923678,0.78836864,0.79175055,0.7658253,0.79291326,0.794929,0.7721136,0.7866229,0.770326,0.78229314,0.7554579
2025-01-01 07:33:00,0.79248303,0.7883956,0.7917736,0.7656322,0.7928397,0.79479337,0.77193856,0.786371,0.7700173,0.7819645,0.7550924
2025-01-01 07:34:00,0.7925728,0.788416,0.7917926,0.76547974,0.7927834,0.79468685,0.771799,0.7861683,0.76976794,0.78169906,0.75479853
2025-01-01 07:35:00,0.7926422,0.78843117,0.7918083,0.7653599,0.792741,0.7946037,0.771688,0.7860049,0.769566,0.7814842,0.7545618
2025-01-01 07:36:00,0.79269534,0.78844213,0.7918214,0.76526606,0.7927097,0.79453915,0.7715996,0.785873,0.769402,0.7813097,0.7543709
2025-01-01 07:37:00,0.79273546,0.78844976,0.7918325,0.765193,0.7926873,0.79448956,0.77152944,0.78576624,0.7692685,0.7811677,0.75421673
2025-01-01 07:38:00,0.7927652,0.78845465,0.791842,0.76513666,0.79267204,0.79445183,0.7714738,0.78567964,0.76915926,0.7810516,0.7540918
2025-01-01 07:39:00,0.79278666,0.7884575,0.7918502,0.7650937,0.79266244,0.79442376,0.77142984,0.7856091,0.76906943,0.7809561,0.7539905
2025-01-01 07:40:00,0.79280144,0.78845865,0.79185736,0.7650614,0.7926574,0.79440325,0.77139515,0.7855514,0.7689951,0.78087723,0.7539078
2025-01-01 07:41:00,0.7928109,0.78845847,0.79186374,0.76503754,0.79265594,0.7943888,0.77136785,0.78550404,0.76893324,0.7808116,0.75384027
2025-01-01 07:42:00,0.7928161,0.7884572,0.79186946,0.76502067,0.79265743,0.79437923,0.77134645,0.7854649,0.7688813,0.7807566,0.7537847
2025-01-01 07:43:00,0.7928179,0.7884551,0.7918747,0.7650092,0.79266125,0.7943736,0.77132976,0.7854322,0.76883733,0.7807101,0.7537388
2025-01-01 07:44:00,0.792817,0.7884524,0.79187953,0.7650022,0.79266685,0.79437095,0.7713168,0.78540486,0.7687997,0.78067046,0.7537007
2025-01-01 07:45:00,0.79281396,0.7884491,0.7918841,0.7649987,0.792674,0.79437083,0.77130693,0.7853816,0.76876724,0.78063613,0.7536687
2025-01-01 07:46:00,0.7928092,0.7884454,0.7918885,0.764998,0.79268235,0.7943727,0.7712995,0.78536177,0.76873875,0.7806062,0.75364166
2025-01-01 07:47:00,0.79280305,0.7884414,0.7918926,0.76499957,0.79269165,0.79437613,0.7712939,0.78534454,0.76871353,0.7805798,0.7536186
2025-01-01 07:48:00,0.79279584,0.7884372,0.79189664,0.76500297,0.79270166,0.7943808,0.77128977,0.7853294,0.76869094,0.78055614,0.7535988
2025-01-01 07:49:00,0.79278773,0.78843284,0.79190063,0.76500785,0.79271233,0.79438645,0.7712869,0.785316,0.7686704,0.7805348,0.75358146
2025-01-01 07:50:00,0.7927789,0.78842825,0.7919045,0.7650139,0.7927235,0.79439294,0.77128494,0.78530395,0.7686515,0.7805152,0.75356627
2025-01-01 07:51:00,0.7927696,0.7884236,0.7919083,0.7650209,0.792735,0.7944,0.77128375,0.7852929,0.76863384,0.780497,0.75355273
2025-01-01 07:52:00,0.79275984,0.7884189,0.7919122,0.76502866,0.79274684,0.7944076,0.7712831,0.78528273,0.7686173,0.7804801,0.7535405
2025-01-01 07:53:00,0.79274976,0.78841406,0.791916,0.76503706,0.7927589,0.79441553,0.7712829,0.78527313,0.7686016,0.780464,0.75352937
2025-01-01 07:54:00,0.7927394,0.7884093,0.7919198,0.76504594,0.7927712,0.79442376,0.7712831,0.78526413,0.7685866,0.7804487,0.7535191
2025-01-01 07:55:00,0.79272884,0.7884045,0.7919237,0.76505524,0.7927836,0.7944322,0.7712835,0.78525555,0.76857203,0.78043395,0.7535095
2025-01-01 07:56:00,0.79271805,0.7883997,0.7919276,0.7650649,0.79279613,0.79444087,0.77128416,0.7852473,0.76855797,0.7804197,0.7535005
2025-01-01 07:57:00,0.7927072,0.7883949,0.7919315,0.7650748,0.79280883,0.79444957,0.771285,0.7852392,0.76854414,0.7804059,0.753492
2025-01-01 07:58:00,0.79269624,0.7883902,0.79193544,0.76508486,0.7928215,0.79445845,0.77128595,0.78523135,0.7685306,0.7803924,0.75348383
2025-01-01 07:59:00,0.79268515,0.7883855,0.7919394,0.7650952,0.79283434,0.79446745,0.77128696,0.78522366,0.7685173,0.7803791,0.753476
2025-01-01 08:00:00,0.7928459,0.7883755,0.791891,0.7646678,0.792577,0.7940902,0.77089345,0.78464806,0.76782566,0.7796641,0.7526976
2025-01-01 08:01:00,0.7929723,0.7883666,0.7918531,0.76432806,0.7923738,0.7937902,0.77057886,0.7841861,0.7672699,0.7790896,0.7520735
2025-01-01 08:02:00,0.7930712,0.7883586,0.7918237,0.7640585,0.7922138,0.79355204,0.77032745,0.7838151,0.76682276,0.7786276,0.75157297
2025-01-01 08:03:00,0.79314804,0.7883513,0.791801,0.76384515,0.7920884,0.79336333,0.7701265,0.7835168,0.7664625,0.7782555,0.75117123
2025-01-01 08:04:00,0.7932073,0.7883446,0.79178375,0.76367664,0.7919907,0.7932142,0.76996595,0.78327674,0.7661719,0.77795553,0.75084865
2025-01-01 08:05:00,0.79325247,0.7883384,0.7917708,0.7635441,0.7919151,0.79309666,0.7698377,0.78308314,0.7659368,0.777713,0.7505893
2025-01-01 08:06:00,0.7932863,0.7883326,0.7917614,0.7634403,0.79185724,0.79300445,0.7697353,0.78292674,0.7657462,0.7775166,0.7503806
2025-01-01 08:07:00,0.7933113,0.78832704,0.7917548,0.7633596,0.7918136,0.79293245,0.76965356,0.7828001,0.7655912,0.77735704,0.75021243
2025-01-01 08:08:00,0.79332906,0.78832185,0.79175043,0.7632972,0.7917812,0.7928766,0.7695883,0.7826973,0.7654647,0.77722704,0.7500767
2025-01-01 08:09:00,0.79334104,0.78831685,0.79174787,0.7632496,0.7917579,0.7928337,0.76953626,0.7826136,0.76536095,0.77712065,0.74996686
2025-01-01 08:10:00,0.79334843,0.7883121,0.79174674,0.76321375,0.79174185,0.79280114,0.7694948,0.78254503,0.7652754,0.7770331,0.7498778
2025-01-01 08:11:00,0.7933522,0.7883074,0.7917468,0.76318735,0.7917316,0.7927768,0.7694617,0.7824886,0.7652045,0.7769607,0.7498054
2025-01-01 08:12:00,0.79335296,0.78830296,0.7917478,0.7631686,0.79172593,0.7927591,0.7694354,0.78244185,0.7651452,0.77690035,0.74974626
2025-01-01 08:13:00,0.7933514,0.78829855,0.79174966,0.7631558,0.7917241,0.79274666,0.7694144,0.782403,0.76509523,0.7768497,0.7496978
2025-01-01 08:14:00,0.793348,0.7882943,0.79175204,0.7631479,0.79172516,0.79273844,0.76939774,0.78237027,0.7650527,0.77680683,0.7496578
2025-01-01 08:15:00,0.7933432,0.7882902,0.79175496,0.76314384,0.79172856,0.79273355,0.76938444,0.7823425,0.76501614,0.7767701,0.7496247
2025-01-01 08:16:00,0.7933371,0.78828615,0.79175836,0.76314294,0.79173386,0.79273134,0.7693739,0.7823187,0.7649843,0.77673835,0.74959713
2025-01-01 08:17:00,0.7933301,0.7882822,0.79176205,0.7631445,0.79174066,0.7927313,0.76936555,0.7822981,0.7649563,0.7767107,0.7495739
2025-01-01 08:18:00,0.7933224,0.7882783,0.791766,0.76314807,0.7917487,0.7927329,0.7693589,0.78227997,0.7649313,0.77668613,0.7495542
2025-01-01 08:19:00,0.79331404,0.78827447,0.7917702,0.76315325,0.7917577,0.7927359,0.76935357,0.7822639,0.76490885,0.77666414,0.74953735
2025-01-01 08:20:00,0.7933052,0.7882708,0.7917747,0.76315975,0.7917675,0.7927399,0.7693494,0.78224933,0.7648883,0.7766442,0.7495228
2025-01-01 08:21:00,0.7932961,0.7882671,0.7917793,0.7631672,0.79177785,0.7927448,0.76934606,0.7822361,0.7648693,0.7766259,0.74951005
2025-01-01 08:22:00,0.7932867,0.78826344,0.7917841,0.7631756,0.79178876,0.79275036,0.7693434,0.7822238,0.7648515,0.7766089,0.7494988
2025-01-01 08:23:00,0.793277,0.7882599,0.791789,0.76318467,0.7918,0.7927565,0.76934123,0.7822124,0.7648347,0.77659297,0.7494887
2025-01-01 08:24:00,0.7932672,0.78825647,0.79179406,0.7631942,0.7918116,0.792763,0.7693395,0.7822016,0.7648187,0.77657783,0.74947965
2025-01-01 08:25:00,0.79325724,0.78825307,0.7917992,0.7632042,0.7918234,0.79276985,0.7693381,0.7821912,0.76480335,0.7765635,0.7494713
2025-01-01 08:26:00,0.7932472,0.7882497,0.7918044,0.7632146,0.7918354,0.7927769,0.7693369,0.78218126,0.76478845,0.7765497,0.7494636
2025-01-01 08:27:00,0.7932371,0.7882464,0.7918096,0.7632252,0.7918476,0.79278415,0.76933587,0.7821716,0.76477396,0.77653635,0.74945647
2025-01-01 08:28:00,0.7932269,0.7882432,0.791815,0.7632361,0.7918598,0.79279155,0.769335,0.78216213,0.76475984,0.77652335,0.7494497
2025-01-01 08:29:00,0.79321665,0.78823996,0.79182047,0.76324725,0.7918722,0.79279906,0.7693342,0.7821529,0.7647459,0.77651066,0.7494433
2025-01-01 08:30:00,0.793299,0.78816175,0.79168206,0.762787,0.79151845,0.79232633,0.7688989,0.78149855,0.7639669,0.77572316,0.74860656
2025-01-01 08:31:00,0.7933628,0.7880986,0.7915726,0.76242113,0.791238,0.7919496,0.7685505,0.7809734,0.7633412,0.775091,0.74793625
2025-01-01 08:32:00,0.7934118,0.7880475,0.7914861,0.7621308,0.79101616,0.7916499,0.76827174,0.78055155,0.762838,0.77458286,0.747399
2025-01-01 08:33:00,0.793449,0.78800607,0.79141814,0.761901,0.7908413,0.79141164,0.7680486,0.7802123,0.7624329,0.77417415,0.7469682
2025-01-01 08:34:00,0.7934767,0.7879724,0.79136497,0.7617195,0.7907039,0.7912226,0.7678699,0.7799391,0.7621061,0.7738449,0.7466227
2025-01-01 08:35:00,0.79349685,0.7879449,0.7913236,0.7615768,0.7905964,0.7910729,0.76772684,0.7797188,0.76184213,0.77357924,0.74634534
2025-01-01 08:36:00,0.7935109,0.7879224,0.7912918,0.76146495,0.79051304,0.7909546,0.7676122,0.77954084,0.76162845,0.7733644,0.74612254
2025-01-01 08:37:00,0.79352015,0.7879039,0.7912675,0.76137793,0.7904489,0.7908615,0.7675203,0.77939665,0.7614548,0.7731903,0.74594337
2025-01-01 08:38:00,0.7935256,0.7878886,0.79124933,0.7613107,0.7904,0.79078853,0.76744664,0.77927953,0.7613134,0.77304876,0.74579906
2025-01-01 08:39:00,0.7935279,0.7878759,0.79123604,0.7612594,0.7903635,0.79073167,0.7673875,0.7791841,0.7611976,0.7729333,0.74568284
2025-01-01 08:40:00,0.7935278,0.7878653,0.7912267,0.7612207,0.7903368,0.7906877,0.76733994,0.77910584,0.7611024,0.77283865,0.7455889
2025-01-01 08:41:00,0.79352576,0.78785634,0.7912204,0.76119226,0.79031795,0.7906539,0.76730174,0.77904147,0.76102364,0.7727607,0.74551296
2025-01-01 08:42:00,0.7935221,0.7878487,0.79121673,0.7611719,0.7903053,0.7906284,0.7672709,0.7789881,0.760958,0.7726962,0.7454513
2025-01-01 08:43:00,0.7935173,0.78784215,0.79121506,0.76115805,0.79029775,0.7906094,0.76724607,0.77894366,0.7609029,0.7726423,0.7454011
2025-01-01 08:44:00,0.7935114,0.7878365,0.791215,0.76114947,0.79029423,0.79059565,0.7672259,0.7789062,0.7608562,0.772597,0.7453601
2025-01-01 08:45:00,0.7935048,0.7878316,0.79121625,0.76114494,0.7902939,0.7905861,0.76720953,0.77887446,0.7608163,0.77255857,0.74532646
2025-01-01 08:46:00,0.79349756,0.7878272,0.7912186,0.7611438,0.79029614,0.7905799,0.7671962,0.7788472,0.7607817,0.7725256,0.74529874
2025-01-01 08:47:00,0.7934898,0.7878234,0.7912218,0.7611454,0.79030037,0.79057634,0.76718515,0.7788235,0.7607514,0.77249706,0.74527574
2025-01-01 08:48:00,0.79348165,0.78781986,0.7912257,0.7611491,0.79030627,0.7905749,0.76717603,0.7788027,0.76072454,0.77247196,0.7452566
2025-01-01 08:49:00,0.79347324,0.78781676,0.79123014,0.76115453,0.7903134,0.79057515,0.76716846,0.7787842,0.76070046,0.77244973,0.7452405
2025-01-01 08:50:00,0.7934646,0.78781384,0.791235,0.7611613,0.79032165,0.79057676,0.7671621,0.77876747,0.76067865,0.77242976,0.7452268
2025-01-01 08:51:00,0.7934558,0.78781116,0.7912404,0.76116925,0.7903307,0.79057944,0.76715666,0.7787522,0.7606585,0.77241164,0.74521506
2025-01-01 08:52:00,0.7934469,0.7878087,0.791246,0.761178,0.7903404,0.7905829,0.76715195,0.77873814,0.7606398,0.772395,0.745205
2025-01-01 08:53:00,0.79343784,0.7878065,0.7912519,0.76118755,0.7903507,0.790587,0.7671479,0.7787249,0.7606222,0.77237946,0.74519616
2025-01-01 08:54:00,0.79342866,0.78780437,0.79125804,0.7611977,0.79036134,0.7905917,0.7671442,0.77871245,0.7606055,0.772365,0.74518836
2025-01-01 08:55:00,0.79341954,0.78780234,0.7912643,0.7612082,0.7903723,0.7905968,0.76714087,0.77870053,0.7605896,0.7723512,0.7451814
2025-01-01 08:56:00,0.79341036,0.78780043,0.79127073,0.76121914,0.7903836,0.7906022,0.7671378,0.7786891,0.7605742,0.77233803,0.7451751
2025-01-01 08:57:00,0.7934012,0.78779864,0.79127735,0.7612304,0.790395,0.7906078,0.767135,0.778678,0.76055926,0.77232534,0.7451694
2025-01-01 08:58:00,0.79339194,0.787797,0.791284,0.7612419,0.7904066,0.7906136,0.76713234,0.77866715,0.7605447,0.7723131,0.74516416
2025-01-01 08:59:00,0.7933827,0.78779536,0.7912908,0.7612536,0.7904183,0.79061955,0.7671298,0.7786565,0.7605305,0.7723012,0.7451593
2025-01-01 09:00:00,0.7933851,0.7876503,0.7910649,0.7607686,0.7899745,0.79005957,0.7666604,0.777935,0.7596778,0.7714553,0.74427927
2025-01-01 09:01:00,0.79338515,0.78753394,0.7908857,0.76038307,0.78962195,0.7896128,0.7662844,0.77735585,0.75899315,0.77077645,0.7435746
2025-01-01 09:02:00,0.7933835,0.7874407,0.79074377,0.7600772,0.7893423,0.78925675,0.7659832,0.7768905,0.7584427,0.7702313,0.74301016
2025-01-01 09:03:00,0.79338026,0.7873659,0.7906317,0.759835,0.789121,0.7889731,0.7657418,0.7765163,0.7579997,0.7697931,0.74255806
2025-01-01 09:04:00,0.79337585,0.7873059,0.79054356,0.7596438,0.78894633,0.78874743,0.76554817,0.7762149,0.7576428,0.7694404,0.7421957
2025-01-01 09:05:00,0.79337054,0.7872576,0.79047453,0.7594933,0.78880906,0.7885682,0.7653928,0.77597183,0.7573546,0.7691562,0.7419053
2025-01-01 09:06:00,0.7933646,0.78721887,0.79042083,0.7593754,0.78870165,0.788426,0.76526797,0.7757753,0.75712144,0.7689268,0.7416723
2025-01-01 09:07:00,0.793358,0.7871877,0.7903794,0.75928366,0.78861815,0.78831345,0.7651676,0.7756161,0.7569323,0.76874113,0.7414853
2025-01-01 09:08:00,0.793351,0.78716266,0.79034775,0.7592128,0.7885537,0.78822464,0.76508677,0.7754867,0.7567783,0.7685906,0.74133515
2025-01-01 09:09:00,0.7933436,0.78714246,0.790324,0.7591586,0.78850454,0.7881547,0.76502156,0.7753812,0.75665253,0.76846814,0.74121445
2025-01-01 09:10:00,0.793336,0.7871262,0.7903065,0.75911784,0.7884677,0.78810006,0.7649689,0.7752947,0.7565493,0.7683681,0.74111736
2025-01-01 09:11:00,0.7933281,0.787113,0.7902941,0.75908774,0.7884406,0.78805745,0.76492614,0.7752235,0.75646406,0.76828605,0.74103916
2025-01-01 09:12:00,0.7933201,0.7871024,0.79028577,0.75906616,0.7884212,0.78802454,0.7648914,0.7751645,0.75639325,0.7682184,0.74097604
2025-01-01 09:13:00,0.793312,0.7870938,0.79028064,0.75905144,0.7884081,0.7879994,0.764863,0.7751152,0.756334,0.76816225,0.7409251
2025-01-01 09:14:00,0.79330385,0.78708684,0.79027814,0.75904226,0.78840005,0.7879804,0.7648397,0.7750737,0.75628394,0.76811534,0.7408837
2025-01-01 09:15:00,0.79329556,0.7870812,0.7902777,0.75903744,0.788396,0.7879664,0.7648205,0.7750384,0.75624126,0.76807576,0.7408502
2025-01-01 09:16:00,0.7932872,0.7870766,0.790279,0.75903606,0.78839505,0.78795624,0.7648045,0.7750082,0.7562046,0.76804215,0.7408229
2025-01-01 09:17:00,0.7932788,0.78707296,0.79028165,0.7590376,0.7883967,0.78794926,0.7647911,0.77498186,0.75617254,0.76801324,0.74080056
2025-01-01 09:18:00,0.7932705,0.78707,0.79028535,0.75904137,0.78840035,0.78794485,0.76477975,0.7749587,0.75614434,0.76798815,0.74078226
2025-01-01 09:19:00,0.7932622,0.78706753,0.79029,0.759047,0.78840566,0.78794235,0.76477,0.7749381,0.75611913,0.7679661,0.7407671
2025-01-01 09:20:00,0.79325384,0.78706557,0.7902953,0.759054,0.7884122,0.7879414,0.76476157,0.7749195,0.75609636,0.7679465,0.74075454
2025-01-01 09:21:00,0.79324555,0.787064,0.79030126,0.7590622,0.7884198,0.78794175,0.7647542,0.77490246,0.7560755,0.76792884,0.7407441
2025-01-01 09:22:00,0.7932372,0.78706276,0.7903076,0.75907123,0.7884282,0.7879431,0.76474756,0.7748868,0.75605625,0.7679128,0.74073535
2025-01-01 09:23:00,0.7932289,0.7870618,0.7903144,0.7590811,0.78843725,0.7879453,0.76474154,0.77487206,0.7560381,0.76789796,0.7407279
2025-01-01 09:24:00,0.7932207,0.7870611,0.7903214,0.7590916,0.78844684,0.787948,0.76473606,0.7748582,0.7560211,0.7678842,0.7407216
2025-01-01 09:25:00,0.7932125,0.7870605,0.7903288,0.7591025,0.7884568,0.78795123,0.76473093,0.77484494,0.7560048,0.76787126,0.7407161
2025-01-01 09:26:00,0.79320437,0.78706014,0.7903363,0.75911385,0.78846705,0.7879548,0.7647261,0.7748322,0.75598913,0.767859,0.7407114
2025-01-01 09:27:00,0.7931962,0.7870599,0.7903441,0.7591255,0.7884776,0.78795874,0.7647215,0.7748198,0.75597405,0.76784724,0.7407073
2025-01-01 09:28:00,0.7931881,0.7870598,0.79035205,0.7591374,0.7884883,0.78796285,0.7647171,0.7748078,0.75595933,0.7678359,0.7407036
2025-01-01 09:29:00,0.79318,0.7870597,0.7903601,0.7591495,0.7884992,0.78796715,0.76471287,0.77479595,0.75594497,0.767825,0.7407003
2025-01-01 09:30:00,0.79310244,0.78685045,0.79005075,0.75864846,0.78797317,0.78732985,0.7642178,0.7740201,0.755034,0.7669357,0.73979264
2025-01-01 09:31:00,0.79303885,0.78668314,0.7898051,0.7582502,0.7875547,0.78682107,0.76382095,0.7733972,0.7543026,0.7662225,0.73906624
2025-01-01 09:32:00,0.7929864,0.7865494,0.78961027,0.75793415,0.78722215,0.786415,0.7635027,0.77289677,0.7537149,0.76565003,0.7384848
2025-01-01 09:33:00,0.7929429,0.7864426,0.7894562,0.757684,0.78695834,0.786091,0.7632474,0.77249414,0.7532422,0.7651901,0.73801935
2025-01-01 09:34:00,0.7929066,0.7863572,0.7893347,0.75748634,0.78674966,0.7858328,0.7630422,0.7721699,0.7528613,0.7648204,0.73764664
2025-01-01 09:35:00,0.792876,0.78628916,0.7892393,0.7573309,0.786585,0.78562725,0.7628773,0.7719083,0.7525541,0.76452273,0.73734826
2025-01-01 09:36:00,0.79285,0.7862348,0.7891647,0.7572091,0.78645545,0.78546363,0.76274455,0.7716968,0.7523057,0.7642828,0.73710924
2025-01-01 09:37:00,0.7928277,0.7861915,0.78910685,0.7571143,0.786354,0.7853337,0.7626375,0.7715254,0.75210434,0.764089,0.73691785
2025-01-01 09:38:00,0.79280835,0.78615713,0.7890624,0.75704104,0.7862752,0.7852306,0.762551,0.771386,0.75194067,0.7639321,0.7367645
2025-01-01 09:39:00,0.79279137,0.7861298,0.7890285,0.756985,0.7862143,0.785149,0.7624809,0.7712723,0.75180715,0.7638048,0.7366416
2025-01-01 09:40:00,0.79277635,0.7861081,0.7890033,0.7569428,0.7861679,0.7850846,0.762424,0.77117914,0.7516977,0.7637012,0.736543
2025-01-01 09:41:00,0.7927629,0.78609097,0.78898495,0.7569116,0.786133,0.78503394,0.76237756,0.77110225,0.7516076,0.76361644,0.736464
2025-01-01 09:42:00,0.79275066,0.78607756,0.7889721,0.7568893,0.78610724,0.78499424,0.7623395,0.7710386,0.75153285,0.7635469,0.7364006
2025-01-01 09:43:00,0.7927394,0.78606707,0.7889636,0.756874,0.7860889,0.78496337,0.7623082,0.77098536,0.7514705,0.7634895,0.7363497
2025-01-01 09:44:00,0.792729,0.7860589,0.78895867,0.7568644,0.78607637,0.78493947,0.76228213,0.7709405,0.751418,0.76344174,0.7363088
2025-01-01 09:45:00,0.79271924,0.78605264,0.7889566,0.7568594,0.7860686,0.78492117,0.76226044,0.7709024,0.7513734,0.7634018,0.7362759
2025-01-01 09:46:00,0.79271,0.78604794,0.78895676,0.75685793,0.78606457,0.7849074,0.76224214,0.7708696,0.75133514,0.7633681,0.7362495
2025-01-01 09:47:00,0.7927012,0.7860445,0.7889588,0.75685936,0.78606355,0.7848971,0.76222646,0.7708411,0.751302,0.7633394,0.7362282
2025-01-01 09:48:00,0.7926928,0.78604203,0.7889623,0.7568632,0.7860649,0.7848897,0.76221305,0.7708161,0.75127286,0.7633147,0.73621106
2025-01-01 09:49:00,0.7926846,0.7860403,0.78896695,0.7568688,0.7860682,0.7848845,0.7622013,0.77079374,0.751247,0.7632932,0.73619723
2025-01-01 09:50:00,0.7926767,0.78603935,0.7889726,0.7568759,0.78607297,0.7848812,0.762191,0.77077353,0.7512237,0.76327425,0.7361861
2025-01-01 09:51:00,0.792669,0.78603894,0.78897905,0.75688416,0.786079,0.7848792,0.7621817,0.7707552,0.7512024,0.7632574,0.7361771
2025-01-01 09:52:00,0.7926614,0.78603894,0.7889861,0.7568934,0.7860859,0.7848784,0.76217324,0.77073807,0.75118285,0.7632422,0.7361698
2025-01-01 09:53:00,0.7926541,0.78603923,0.7889936,0.7569034,0.78609365,0.78487843,0.7621655,0.7707221,0.7511647,0.76322836,0.73616385
2025-01-01 09:54:00,0.7926469,0.7860399,0.7890016,0.756914,0.78610194,0.7848792,0.7621582,0.770707,0.7511475,0.7632156,0.7361591
2025-01-01 09:55:00,0.7926398,0.78604084,0.78900987,0.7569252,0.78611076,0.7848805,0.7621514,0.77069265,0.75113124,0.7632037,0.7361553
2025-01-01 09:56:00,0.79263276,0.7860419,0.78901845,0.7569367,0.7861199,0.7848823,0.76214486,0.7706788,0.7511156,0.7631925,0.7361522
2025-01-01 09:57:00,0.79262584,0.7860433,0.7890272,0.75694853,0.78612936,0.78488445,0.7621386,0.7706654,0.75110054,0.7631818,0.7361496
2025-01-01 09:58:00,0.792619,0.7860447,0.7890363,0.75696063,0.7861391,0.7848868,0.7621325,0.77065235,0.75108594,0.7631717,0.73614764
2025-01-01 09:59:00,0.79261225,0.7860463,0.78904545,0.7569729,0.7861489,0.78488934,0.76212656,0.7706396,0.7510717,0.76316196,0.73614603
2025-01-01 10:00:00,0.79245603,0.7857765,0.78865814,0.7564648,0.78555006,0.78418624,0.76161474,0.7698233,0.75011855,0.76224524,0.7352269
2025-01-01 10:01:00,0.7923298,0.785561,0.78835034,0.75606084,0.78507304,0.7836245,0.7612041,0.7691679,0.74935347,0.7615102,0.7344917
2025-01-01 10:02:00,0.79222757,0.7853891,0.7881061,0.75574034,0.78469354,0.7831756,0.7608745,0.76864123,0.7487388,0.76092064,0.7339035
2025-01-01 10:03:00,0.79214454,0.7852521,0.7879126,0.75548655,0.784392,0.7828172,0.76060975,0.76821756,0.7482446,0.7604473,0.73343307
2025-01-01 10:04:00,0.7920768,0.785143,0.78775984,0.75528616,0.78415287,0.782531,0.7603968,0.7678762,0.74784666,0.76006705,0.7330567
2025-01-01 10:05:00,0.7920215,0.7850562,0.7876397,0.7551285,0.7839636,0.78230274,0.7602253,0.7676008,0.74752575,0.7597613,0.7327558
2025-01-01 10:06:00,0.791976,0.7849872,0.7875455,0.755005,0.78381425,0.78212065,0.76008695,0.76737803,0.7472665,0.7595151,0.73251504
2025-01-01 10:07:00,0.79193836,0.7849326,0.7874722,0.7549088,0.7836969,0.78197557,0.7599751,0.7671975,0.74705654,0.7593165,0.7323226
2025-01-01 10:08:00,0.7919071,0.78488946,0.7874156,0.7548345,0.783605,0.78186005,0.7598844,0.7670507,0.746886,0.7591561,0.73216873
2025-01-01 10:09:00,0.79188085,0.7848554,0.7873724,0.7547776,0.7835336,0.7817682,0.7598107,0.76693076,0.7467471,0.7590263,0.73204577
2025-01-01 10:10:00,0.7918587,0.7848288,0.7873398,0.7547347,0.78347844,0.78169525,0.75975055,0.7668325,0.7466334,0.75892085,0.73194754
2025-01-01 10:11:00,0.7918397,0.78480804,0.78731585,0.75470304,0.78343636,0.7816375,0.7597012,0.76675147,0.7465399,0.75883496,0.7318691
2025-01-01 10:12:00,0.79182345,0.78479207,0.7872987,0.75468034,0.7834047,0.7815917,0.75966054,0.7666842,0.74646264,0.75876474,0.73180646
2025-01-01 10:13:00,0.7918093,0.7847798,0.78728706,0.7546648,0.7833814,0.7815556,0.7596268,0.766628,0.74639827,0.75870705,0.7317565
2025-01-01 10:14:00,0.79179686,0.7847706,0.7872798,0.75465494,0.7833648,0.7815273,0.75959855,0.76658064,0.7463442,0.7586594,0.73171675
2025-01-01 10:15:00,0.7917858,0.7847639,0.7872761,0.7546497,0.78335345,0.78150505,0.7595747,0.76654035,0.7462985,0.7586198,0.73168516
2025-01-01 10:16:00,0.7917757,0.78475916,0.78727525,0.75464815,0.7833464,0.78148776,0.75955445,0.76650566,0.7462594,0.7585866,0.73166007
2025-01-01 10:17:00,0.7917666,0.78475595,0.7872766,0.7546495,0.7833427,0.7814744,0.75953686,0.7664755,0.7462256,0.7585586,0.7316402
2025-01-01 10:18:00,0.7917582,0.78475404,0.78727984,0.7546533,0.78334177,0.78146416,0.7595216,0.766449,0.7461961,0.7585346,0.73162454
2025-01-01 10:19:00,0.79175043,0.7847532,0.7872845,0.7546589,0.783343,0.7814564,0.7595081,0.7664253,0.74616987,0.758514,0.73161227
2025-01-01 10:20:00,0.7917431,0.78475314,0.78729033,0.7546659,0.78334594,0.7814506,0.759496,0.7664039,0.7461465,0.7584961,0.73160267
2025-01-01 10:21:00,0.7917362,0.7847538,0.7872971,0.7546742,0.7833502,0.78144646,0.759485,0.76638436,0.7461252,0.7584803,0.7315952
2025-01-01 10:22:00,0.79172957,0.784755,0.7873047,0.7546835,0.7833556,0.78144354,0.7594749,0.76636624,0.7461058,0.7584663,0.73158956
2025-01-01 10:23:00,0.79172325,0.78475666,0.7873129,0.75469345,0.78336185,0.78144157,0.75946546,0.7663493,0.74608773,0.75845367,0.7315853
2025-01-01 10:24:00,0.7917172,0.78475875,0.78732157,0.7547041,0.78336877,0.7814404,0.75945663,0.7663333,0.74607074,0.7584421,0.73158216
2025-01-01 10:25:00,0.7917113,0.78476113,0.7873307,0.75471526,0.7833762,0.7814398,0.75944823,0.7663181,0.74605465,0.75843143,0.73158
2025-01-01 10:26:00,0.79170555,0.78476375,0.78734016,0.7547268,0.78338414,0.78143966,0.7594401,0.76630336,0.74603933,0.75842154,0.7315785
2025-01-01 10:27:00,0.79169995,0.78476655,0.7873498,0.7547386,0.7833923,0.7814399,0.75943226,0.7662892,0.74602467,0.75841224,0.73157775
2025-01-01 10:28:00,0.79169446,0.7847696,0.7873598,0.75475067,0.7834008,0.78144044,0.7594246,0.7662754,0.7460104,0.7584035,0.7315774
2025-01-01 10:29:00,0.79168916,0.78477275,0.7873699,0.75476295,0.7834094,0.7814413,0.7594171,0.7662618,0.7459966,0.758395,0.7315775
2025-01-01 10:30:00,0.7914572,0.78444725,0.78691167,0.7542567,0.7827484,0.78068477,0.7588974,0.76541954,0.74501824,0.75746703,0.73066324
2025-01-01 10:31:00,0.7912706,0.78418756,0.78654724,0.7538544,0.7822215,0.7800799,0.7584803,0.7647432,0.74423313,0.7567233,0.7299322
2025-01-01 10:32:00,0.79112035,0.78398067,0.7862579,0.75353515,0.7818019,0.7795963,0.75814515,0.7641996,0.7436026,0.756127,0.7293478
2025-01-01 10:33:00,0.7909993,0.7838159,0.7860286,0.75328237,0.781468,0.7792097,0.7578756,0.7637623,0.74309564,0.7556486,0.72888064
2025-01-01 10:34:00,0.7909015,0.78368497,0.7858474,0.75308275,0.78120273,0.7789007,0.75765854,0.7634099,0.7426877,0.7552646,0.72850734
2025-01-01 10:35:00,0.79082227,0.783581,0.7857047,0.75292563,0.7809924,0.7786537,0.7574835,0.7631255,0.74235886,0.75495607,0.7282091
2025-01-01 10:36:00,0.790758,0.7834987,0.7855927,0.75280255,0.780826,0.7784564,0.757342,0.7628955,0.7420934,0.754708,0.7279709
2025-01-01 10:37:00,0.7907058,0.78343374,0.7855053,0.75270665,0.78069466,0.77829874,0.7572273,0.762709,0.74187857,0.7545082,0.7277808
2025-01-01 10:38:00,0.79066306,0.7833826,0.78543764,0.75263256,0.7805914,0.7781729,0.7571341,0.7625573,0.7417042,0.7543471,0.7276292
2025-01-01 10:39:00,0.790628,0.78334254,0.7853858,0.75257593,0.7805106,0.7780725,0.757058,0.76243347,0.74156237,0.75421697,0.72750837
2025-01-01 10:40:00,0.7905991,0.7833114,0.78534645,0.7525332,0.7804478,0.7779923,0.75699574,0.76233184,0.7414465,0.75411165,0.72741216
2025-01-01 10:41:00,0.79057515,0.78328735,0.7853173,0.7525016,0.7803993,0.7779283,0.75694436,0.76224804,0.7413513,0.7540261,0.7273357
2025-01-01 10:42:00,0.79055506,0.78326905,0.7852962,0.75247896,0.78036237,0.77787733,0.7569018,0.7621785,0.74127275,0.75395644,0.72727495
2025-01-01 10:43:00,0.79053825,0.7832553,0.7852816,0.7524634,0.78033453,0.77783674,0.7568662,0.76212025,0.74120754,0.75389946,0.727227
2025-01-01 10:44:00,0.790524,0.7832452,0.7852722,0.7524535,0.780314,0.7778044,0.7568363,0.7620712,0.74115294,0.75385267,0.72718906
2025-01-01 10:45:00,0.7905117,0.7832382,0.7852669,0.7524482,0.78029937,0.7777786,0.7568107,0.7620294,0.7411068,0.753814,0.72715926
2025-01-01 10:46:00,0.7905012,0.78323346,0.78526497,0.7524466,0.7802894,0.7777582,0.7567888,0.7619934,0.7410676,0.7537819,0.727136
2025-01-01 10:47:00,0.7904919,0.78323066,0.78526574,0.7524479,0.78028315,0.77774197,0.75676966,0.7619621,0.7410338,0.75375503,0.7271179
2025-01-01 10:48:00,0.79048365,0.78322935,0.7852686,0.7524515,0.78027993,0.7777291,0.7567528,0.7619345,0.74100435,0.7537324,0.727104
2025-01-01 10:49:00,0.7904763,0.78322923,0.7852732,0.7524569,0.78027904,0.77771896,0.7567377,0.76190984,0.7409785,0.7537131,0.72709346
2025-01-01 10:50:00,0.7904697,0.7832302,0.78527915,0.75246394,0.78028005,0.77771086,0.7567241,0.76188767,0.74095535,0.7536965,0.7270856
2025-01-01 10:51:00,0.7904637,0.783232,0.7852862,0.75247204,0.78028256,0.7777045,0.75671166,0.7618674,0.7409345,0.75368214,0.7270799
2025-01-01 10:52:00,0.79045814,0.78323436,0.7852942,0.75248116,0.7802863,0.7776994,0.75670004,0.7618485,0.7409154,0.75366944,0.727076
2025-01-01 10:53:00,0.790453,0.78323734,0.7853029,0.752491,0.78029096,0.7776955,0.75668913,0.761831,0.7408978,0.75365824,0.72707343
2025-01-01 10:54:00,0.7904482,0.7832408,0.7853122,0.7525014,0.7802964,0.7776923,0.7566788,0.7618143,0.7408814,0.75364816,0.727072
2025-01-01 10:55:00,0.7904436,0.78324455,0.7853219,0.7525124,0.7803024,0.7776898,0.7566689,0.7617984,0.7408659,0.753639,0.7270715
2025-01-01 10:56:00,0.79043925,0.7832486,0.785332,0.7525237,0.7803089,0.77768785,0.7566594,0.7617832,0.7408511,0.7536305,0.7270718
2025-01-01 10:57:00,0.7904351,0.7832529,0.78534245,0.75253534,0.78031576,0.77768624,0.75665015,0.7617684,0.740837,0.7536227,0.7270727
2025-01-01 10:58:00,0.79043114,0.7832574,0.7853531,0.75254714,0.78032285,0.777685,0.75664103,0.761754,0.7408234,0.7536153,0.727074
2025-01-01 10:59:00,0.79042727,0.7832622,0.78536403,0.7525592,0.7803302,0.7776839,0.75663215,0.76173997,0.7408101,0.7536084,0.7270758
2025-01-01 11:00:00,0.7901235,0.7828868,0.784843,0.75206405,0.779619,0.7768878,0.75611407,0.76088697,0.7398241,0.75268584,0.726183
2025-01-01 11:01:00,0.7898799,0.7825875,0.7844285,0.7516704,0.77905154,0.77625084,0.7556979,0.760202,0.73903304,0.7519468,0.7254694
2025-01-01 11:02:00,0.7896844,0.7823492,0.7840993,0.7513582,0.77859926,0.7757412,0.7553633,0.7596514,0.73839784,0.7513545,0.72489935
2025-01-01 11:03:00,0.78952736,0.78215975,0.7838383,0.75111085,0.7782391,0.77533346,0.75509393,0.7592084,0.7378874,0.75087965,0.724444
2025-01-01 11:04:00,0.7894011,0.7820093,0.7836318,0.7509156,0.77795243,0.7750072,0.75487673,0.7588514,0.7374767,0.75049883,0.72408044
2025-01-01 11:05:00,0.78929955,0.7818901,0.78346896,0.75076187,0.77772474,0.7747461,0.75470126,0.7585633,0.73714584,0.7501931,0.72379035
2025-01-01 11:06:00,0.78921765,0.7817959,0.7833411,0.75064147,0.7775442,0.7745371,0.75455916,0.7583301,0.7368789,0.74994755,0.723559
2025-01-01 11:07:00,0.78915167,0.7817217,0.7832413,0.7505477,0.77740127,0.77436984,0.75444376,0.7581411,0.736663,0.74975014,0.7233747
2025-01-01 11:08:00,0.7890983,0.7816635,0.7831637,0.7504752,0.77728856,0.7742359,0.7543497,0.75798726,0.736488,0.7495913,0.7232281
2025-01-01 11:09:00,0.7890551,0.7816182,0.7831041,0.7504198,0.77719986,0.7741286,0.7542727,0.75786155,0.73634577,0.7494632,0.72311157
2025-01-01 11:10:00,0.78901994,0.7815831,0.7830588,0.75037795,0.7771305,0.77404267,0.7542093,0.7577584,0.73622966,0.74935985,0.7230192
2025-01-01 11:11:00,0.78899133,0.7815562,0.7830249,0.750347,0.7770765,0.7739737,0.7541568,0.7576733,0.7361345,0.74927616,0.7229461
2025-01-01 11:12:00,0.7889679,0.7815359,0.7830003,0.7503247,0.7770348,0.7739184,0.7541131,0.75760263,0.7360562,0.74920833,0.72288847
2025-01-01 11:13:00,0.7889487,0.78152096,0.782983,0.7503095,0.777003,0.773874,0.75407636,0.7575435,0.7359912,0.74915314,0.72284317
2025-01-01 11:14:00,0.7889328,0.7815102,0.78297156,0.7502998,0.77697897,0.7738382,0.7540452,0.7574936,0.735937,0.7491081,0.72280777
2025-01-01 11:15:00,0.7889196,0.78150284,0.7829649,0.75029457,0.77696127,0.7738095,0.7540184,0.75745106,0.7358914,0.7490712,0.72278035
2025-01-01 11:16:00,0.7889086,0.7814982,0.7829619,0.7502929,0.77694863,0.77378625,0.7539952,0.75741446,0.73585266,0.7490408,0.72275925
2025-01-01 11:17:00,0.7888994,0.7814958,0.78296196,0.7502941,0.7769399,0.7737674,0.75397474,0.7573826,0.7358195,0.74901557,0.7227432
2025-01-01 11:18:00,0.78889155,0.78149515,0.78296447,0.75029755,0.7769345,0.7737521,0.7539566,0.75735444,0.7357907,0.7489946,0.7227313
2025-01-01 11:19:00,0.7888848,0.7814959,0.7829689,0.7503028,0.7769316,0.7737397,0.7539403,0.75732934,0.73576546,0.7489769,0.7227227
2025-01-01 11:20:00,0.78887904,0.78149784,0.78297484,0.75030947,0.7769307,0.77372944,0.7539254,0.75730664,0.73574305,0.7489619,0.72271675
2025-01-01 11:21:00,0.78887403,0.7815007,0.7829821,0.75031734,0.7769314,0.77372104,0.7539116,0.7572859,0.73572296,0.74894917,0.7227129
2025-01-01 11:22:00,0.7888696,0.7815043,0.78299034,0.7503261,0.77693343,0.77371395,0.75389874,0.7572667,0.7357046,0.7489381,0.7227107
2025-01-01 11:23:00,0.7888656,0.7815085,0.7829994,0.75033563,0.7769365,0.77370805,0.7538866,0.7572487,0.7356878,0.7489284,0.7227099
2025-01-01 11:24:00,0.7888621,0.7815132,0.7830091,0.7503457,0.7769403,0.773703,0.753875,0.7572317,0.7356721,0.7489199,0.72271025
2025-01-01 11:25:00,0.78885895,0.78151834,0.7830193,0.75035626,0.7769447,0.7736987,0.7538639,0.7572155,0.7356574,0.74891233,0.72271144
2025-01-01 11:26:00,0.7888561,0.7815238,0.78303,0.75036716,0.77694964,0.77369493,0.753853,0.7571999,0.7356435,0.74890554,0.7227135
2025-01-01 11:27:00,0.7888534,0.78152955,0.78304094,0.7503784,0.776955,0.77369153,0.7538425,0.75718486,0.7356301,0.74889934,0.72271603
2025-01-01 11:28:00,0.78885096,0.78153557,0.7830522,0.7503898,0.7769606,0.7736885,0.7538321,0.7571702,0.7356173,0.74889356,0.7227191
2025-01-01 11:29:00,0.78884864,0.7815417,0.78306365,0.75040144,0.77696645,0.7736857,0.7538219,0.75715584,0.73560494,0.74888825,0.7227226
2025-01-01 11:30:00,0.78847873,0.78112304,0.7824892,0.7499262,0.7762177,0.772864,0.7533146,0.75630707,0.73462886,0.74798775,0.72186697
2025-01-01 11:31:00,0.78818244,0.78078955,0.782032,0.74954844,0.77562,0.77220625,0.75290686,0.7556255,0.7338459,0.74726665,0.72118354
2025-01-01 11:32:00,0.7879452,0.7805242,0.7816688,0.74924874,0.7751431,0.7716796,0.7525787,0.75507754,0.73321736,0.746689,0.72063774
2025-01-01 11:33:00,0.7877551,0.7803133,0.7813807,0.74901134,0.7747629,0.77125794,0.75231427,0.7546366,0.7327124,0.74622625,0.7202022
2025-01-01 11:34:00,0.7876027,0.780146,0.7811527,0.74882394,0.77446014,0.77092016,0.75210077,0.7542812,0.7323063,0.74585533,0.7198549
2025-01-01 11:35:00,0.78748065,0.7800137,0.7809729,0.7486764,0.77421916,0.7706496,0.75192803,0.7539943,0.73197937,0.74555796,0.719578
2025-01-01 11:36:00,0.7873827,0.77990925,0.7808315,0.74856085,0.77402765,0.77043265,0.7517878,0.7537622,0.7317156,0.7453194,0.7193577
2025-01-01 11:37:00,0.7873041,0.7798272,0.7807209,0.7484708,0.7738757,0.77025867,0.75167364,0.75357383,0.7315026,0.7451279,0.7191825
2025-01-01 11:38:00,0.78724104,0.779763,0.7806349,0.74840117,0.7737555,0.770119,0.7515804,0.75342053,0.73133004,0.7449741,0.71904343
2025-01-01 11:39:00,0.7871904,0.7797131,0.78056866,0.74834794,0.7736605,0.7700068,0.75150377,0.7532953,0.7311899,0.7448504,0.7189333
2025-01-01 11:40:00,0.78714967,0.77967477,0.7805182,0.74830776,0.7735858,0.7699166,0.7514405,0.7531924,0.73107576,0.74475086,0.7188463
2025-01-01 11:41:00,0.7871169,0.77964556,0.78048027,0.748278,0.77352726,0.7698439,0.7513879,0.75310755,0.73098236,0.74467057,0.71877784
2025-01-01 11:42:00,0.7870905,0.7796236,0.7804525,0.7482567,0.77348167,0.76978517,0.7513438,0.75303704,0.7309055,0.7446058,0.71872425
2025-01-01 11:43:00,0.7870692,0.7796077,0.7804328,0.74824196,0.77344644,0.7697378,0.7513065,0.7529779,0.73084205,0.7445533,0.71868247
2025-01-01 11:44:00,0.78705204,0.77959645,0.7804196,0.7482326,0.7734194,0.7696993,0.7512746,0.7529281,0.7307892,0.7445108,0.7186503
2025-01-01 11:45:00,0.7870382,0.779589,0.78041154,0.74822754,0.773399,0.769668,0.7512471,0.7528856,0.73074484,0.74447626,0.71862566
2025-01-01 11:46:00,0.787027,0.7795846,0.78040767,0.74822587,0.77338386,0.7696424,0.751223,0.7528489,0.73070735,0.7444481,0.7186072
2025-01-01 11:47:00,0.7870179,0.7795826,0.7804071,0.74822694,0.77337295,0.7696213,0.75120175,0.752817,0.73067534,0.744425,0.7185936
2025-01-01 11:48:00,0.78701055,0.7795826,0.7804091,0.74823016,0.7733654,0.7696039,0.7511826,0.7527889,0.7306477,0.744406,0.71858394
2025-01-01 11:49:00,0.7870046,0.77958417,0.7804133,0.7482351,0.77336043,0.7695894,0.75116533,0.7527637,0.73062354,0.74439025,0.7185774
2025-01-01 11:50:00,0.7869997,0.77958703,0.78041923,0.7482415,0.7733576,0.7695772,0.75114936,0.7527409,0.7306022,0.7443772,0.71857345
2025-01-01 11:51:00,0.78699577,0.7795909,0.78042644,0.7482489,0.77335656,0.76956683,0.7511346,0.7527202,0.7305832,0.7443662,0.7185715
2025-01-01 11:52:00,0.7869925,0.77959555,0.78043485,0.7482572,0.77335674,0.7695579,0.7511206,0.75270087,0.73056597,0.744357,0.7185711
2025-01-01 11:53:00,0.7869899,0.779601,0.7804441,0.7482662,0.77335805,0.76955014,0.7511074,0.75268286,0.73055017,0.7443491,0.7185722
2025-01-01 11:54:00,0.7869878,0.7796069,0.7804541,0.74827576,0.7733602,0.7695433,0.75109464,0.75266576,0.7305356,0.7443424,0.7185743
2025-01-01 11:55:00,0.7869861,0.77961326,0.7804646,0.7482858,0.773363,0.76953715,0.7510824,0.75264955,0.730522,0.74433655,0.71857715
2025-01-01 11:56:00,0.7869847,0.77962005,0.78047556,0.7482961,0.77336633,0.7695316,0.75107044,0.7526339,0.73050904,0.7443315,0.7185808
2025-01-01 11:57:00,0.7869836,0.7796271,0.78048694,0.7483067,0.7733701,0.7695265,0.7510588,0.7526188,0.7304968,0.74432695,0.71858495
2025-01-01 11:58:00,0.7869827,0.77963436,0.78049856,0.7483175,0.77337414,0.76952165,0.75104743,0.75260407,0.7304851,0.74432296,0.71858966
2025-01-01 11:59:00,0.786982,0.77964187,0.7805105,0.74832845,0.77337843,0.7695172,0.7510361,0.7525897,0.7304737,0.7443193,0.71859473
2025-01-01 12:00:00,0.78655237,0.7791876,0.7798926,0.74788153,0.77260536,0.7686845,0.75054866,0.75176036,0.72952497,0.7434566,0.71779156
2025-01-01 12:01:00,0.7862088,0.7788259,0.77940094,0.7475263,0.771988,0.7680177,0.7501566,0.7510943,0.728764,0.742766,0.7171504
2025-01-01 12:02:00,0.785934,0.77853817,0.7790101,0.74724436,0.77149504,0.76748353,0.74984074,0.75055885,0.72815335,0.74221325,0.7166388
2025-01-01 12:03:00,0.78571415,0.7783097,0.7787001,0.74702114,0.7711017,0.76705545,0.7495859,0.75012785,0.7276629,0.7417706,0.71623087
2025-01-01 12:04:00,0.7855384,0.7781287,0.7784546,0.7468449,0.770788,0.7667122,0.74937993,0.7497805,0.7272687,0.74141616,0.7159059
2025-01-01 12:05:00,0.7853979,0.7779855,0.7782608,0.7467062,0.7705381,0.7664369,0.7492129,0.7495,0.7269514,0.7411323,0.7156473
2025-01-01 12:06:00,0.7852856,0.77787274,0.77810836,0.7465975,0.7703391,0.76621586,0.7490772,0.7492729,0.72669566,0.74090487,0.71544176
2025-01-01 12:07:00,0.7851959,0.7777843,0.777989,0.7465129,0.7701809,0.76603824,0.7489664,0.74908864,0.7264891,0.7407226,0.7152788
2025-01-01 12:08:00,0.78512424,0.77771527,0.7778961,0.7464474,0.77005523,0.7658954,0.7488756,0.7489387,0.7263221,0.7405765,0.7151498
2025-01-01 12:09:00,0.7850671,0.7776618,0.77782434,0.7463973,0.7699557,0.7657803,0.74880075,0.748816,0.72618663,0.7404593,0.715048
2025-01-01 12:10:00,0.7850215,0.7776208,0.77776957,0.7463595,0.769877,0.7656874,0.74873865,0.74871534,0.7260764,0.7403653,0.7149681
2025-01-01 12:11:00,0.7849851,0.77758974,0.7777283,0.7463316,0.76981497,0.76561224,0.7486868,0.7486322,0.72598636,0.74028987,0.7149055
2025-01-01 12:12:00,0.7849563,0.7775667,0.7776979,0.7463114,0.7697663,0.7655513,0.7486431,0.74856305,0.7259125,0.74022925,0.71485686
2025-01-01 12:13:00,0.7849334,0.77755004,0.77767617,0.74629754,0.7697282,0.7655017,0.7486059,0.7485052,0.72585154,0.7401805,0.71481943
2025-01-01 12:14:00,0.7849152,0.77753854,0.77766144,0.7462887,0.7696986,0.76546115,0.7485739,0.7484562,0.725801,0.7401413,0.714791
2025-01-01 12:15:00,0.7849009,0.7775311,0.7776522,0.7462839,0.76967585,0.7654278,0.74854606,0.74841446,0.72575873,0.7401097,0.71476966
2025-01-01 12:16:00,0.7848897,0.77752703,0.77764744,0.7462823,0.76965845,0.7654003,0.74852157,0.7483785,0.72572315,0.7400842,0.7147541
2025-01-01 12:17:00,0.78488094,0.77752554,0.7776462,0.74628323,0.76964545,0.76537734,0.74849975,0.7483471,0.7256928,0.7400636,0.71474314
2025-01-01 12:18:00,0.7848742,0.77752614,0.77764785,0.74628615,0.76963586,0.7653581,0.74848,0.7483194,0.72566676,0.740047,0.71473587
2025-01-01 12:19:00,0.784869,0.7775285,0.7776517,0.7462907,0.76962906,0.7653419,0.748462,0.74829465,0.7256442,0.74003345,0.7147315
2025-01-01 12:20:00,0.7848652,0.7775323,0.7776575,0.7462966,0.7696244,0.76532793,0.7484454,0.74827224,0.7256243,0.7400225,0.71472955
2025-01-01 12:21:00,0.78486234,0.7775371,0.77766466,0.74630344,0.76962155,0.76531583,0.7484297,0.74825174,0.7256067,0.74001354,0.7147296
2025-01-01 12:22:00,0.7848604,0.7775428,0.777673,0.7463111,0.76962006,0.76530516,0.748415,0.7482328,0.7255908,0.74000627,0.71473116
2025-01-01 12:23:00,0.7848591,0.77754927,0.77768236,0.74631953,0.76961964,0.76529574,0.7484009,0.7482149,0.7255764,0.7400003,0.7147339
2025-01-01 12:24:00,0.7848584,0.7775563,0.7776924,0.7463284,0.76962006,0.76528716,0.74838734,0.7481981,0.7255631,0.7399955,0.7147377
2025-01-01 12:25:00,0.78485817,0.77756387,0.77770305,0.74633765,0.76962125,0.76527935,0.7483742,0.74818206,0.7255508,0.7399914,0.7147423
2025-01-01 12:26:00,0.7848583,0.7775718,0.7777142,0.7463473,0.76962286,0.76527214,0.74836147,0.7481666,0.72553915,0.73998815,0.71474755
2025-01-01 12:27:00,0.78485876,0.77758,0.7777257,0.7463571,0.76962495,0.76526535,0.74834883,0.7481518,0.7255281,0.7399854,0.7147533
2025-01-01 12:28:00,0.78485954,0.77758855,0.77773756,0.7463671,0.76962733,0.7652589,0.7483365,0.7481372,0.72551763,0.73998314,0.7147595
2025-01-01 12:29:00,0.7848605,0.77759725,0.77774966,0.7463772,0.76963,0.76525277,0.74832433,0.74812305,0.72550756,0.7399813,0.7147661
2025-01-01 12:30:00,0.78437877,0.7771153,0.77709967,0.7459667,0.7688465,0.764424,0.7478654,0.7473281,0.72460306,0.739172,0.7140298
2025-01-01 12:31:00,0.78399384,0.7767316,0.7765823,0.7456404,0.76822037,0.76376003,0.7474959,0.7466895,0.7238777,0.73852456,0.7134424
2025-01-01 12:32:00,0.7836863,0.7764267,0.77617097,0.7453814,0.7677202,0.7632278,0.74719805,0.7461761,0.72329587,0.73800653,0.712974
2025-01-01 12:33:00,0.78344065,0.7761847,0.7758446,0.74517643,0.76732075,0.76280093,0.74695736,0.7457628,0.7228286,0.7375921,0.712601
2025-01-01 12:34:00,0.7832446,0.77599305,0.77558607,0.74501455,0.76700187,0.7624584,0.7467625,0.74542964,0.7224533,0.7372606,0.71230423
2025-01-01 12:35:00,0.7830882,0.77584165,0.7753819,0.7448871,0.7667474,0.76218325,0.74660426,0.74516046,0.72215134,0.7369954,0.7120685
2025-01-01 12:36:00,0.78296345,0.77572256,0.77522117,0.7447872,0.7665445,0.76196206,0.74647534,0.7449426,0.7219082,0.73678327,0.7118815
2025-01-01 12:37:00,0.78286415,0.7756293,0.7750952,0.74470943,0.7663828,0.761784,0.74636984,0.7447657,0.72171205,0.7366136,0.7117337
2025-01-01 12:38:00,0.78278524,0.7755566,0.7749971,0.74464935,0.76625407,0.7616404,0.7462831,0.7446217,0.72155344,0.7364778,0.71161705
2025-01-01 12:39:00,0.78272253,0.7755004,0.7749212,0.74460334,0.7661517,0.76152444,0.74621135,0.744504,0.721425,0.7363693,0.71152544
2025-01-01 12:40:00,0.7826729,0.77545756,0.77486306,0.7445686,0.7660704,0.76143056,0.74615157,0.7444072,0.7213207,0.7362826,0.7114538
2025-01-01 12:41:00,0.7826336,0.77542526,0.7748192,0.7445429,0.766006,0.76135427,0.7461013,0.7443272,0.7212356,0.73621327,0.7113983
2025-01-01 12:42:00,0.7826027,0.77540135,0.7747867,0.74452436,0.765955,0.7612921,0.74605876,0.74426067,0.72116596,0.7361579,0.71135557
2025-01-01 12:43:00,0.7825786,0.77538437,0.77476335,0.7445116,0.7659148,0.7612412,0.74602234,0.74420494,0.72110873,0.7361137,0.71132314
2025-01-01 12:44:00,0.78255975,0.77537274,0.7747473,0.74450344,0.7658832,0.76119924,0.7459908,0.7441578,0.7210613,0.7360785,0.71129894
2025-01-01 12:45:00,0.78254527,0.7753655,0.7747371,0.7444989,0.7658585,0.76116455,0.7459633,0.7441175,0.72102183,0.7360504,0.7112813
2025-01-01 12:46:00,0.78253424,0.7753617,0.7747316,0.74449736,0.76583916,0.76113564,0.7459388,0.7440828,0.72098875,0.73602813,0.7112689
2025-01-01 12:47:00,0.78252596,0.77536076,0.7747297,0.74449813,0.7658243,0.76111126,0.7459168,0.7440525,0.7209607,0.7360104,0.7112608
2025-01-01 12:48:00,0.78252,0.77536213,0.7747309,0.7445008,0.76581293,0.7610905,0.7458968,0.74402577,0.7209368,0.7359964,0.711256
2025-01-01 12:49:00,0.7825157,0.7753652,0.7747345,0.7445049,0.76580435,0.76107275,0.74587846,0.74400187,0.7209161,0.73598534,0.711254
2025-01-01 12:50:00,0.78251296,0.77536976,0.77474,0.7445102,0.765798,0.7610573,0.74586123,0.7439802,0.72089803,0.73597676,0.71125424
2025-01-01 12:51:00,0.78251135,0.7753755,0.77474695,0.74451643,0.7657934,0.76104367,0.74584514,0.7439603,0.7208821,0.73597,0.71125615
2025-01-01 12:52:00,0.7825107,0.77538216,0.7747552,0.7445234,0.76579016,0.7610315,0.7458298,0.7439419,0.7208679,0.73596483,0.71125954
2025-01-01 12:53:00,0.7825108,0.77538955,0.7747643,0.744531,0.765788,0.7610205,0.74581516,0.7439247,0.720855,0.73596096,0.711264
2025-01-01 12:54:00,0.78251153,0.7753976,0.77477425,0.744539,0.7657868,0.7610104,0.745801,0.74390835,0.72084326,0.73595804,0.7112694
2025-01-01 12:55:00,0.7825128,0.7754062,0.77478486,0.74454737,0.76578623,0.7610011,0.74578714,0.7438928,0.7208324,0.73595595,0.7112756
2025-01-01 12:56:00,0.78251445,0.7754151,0.77479595,0.74455607,0.7657862,0.7609923,0.7457737,0.7438779,0.7208223,0.7359545,0.7112823
2025-01-01 12:57:00,0.7825165,0.7754244,0.77480745,0.74456495,0.7657866,0.760984,0.7457605,0.7438634,0.7208128,0.7359536,0.7112896
2025-01-01 12:58:00,0.78251874,0.77543396,0.7748193,0.744574,0.76578724,0.760976,0.7457474,0.7438494,0.72080374,0.7359532,0.7112973
2025-01-01 12:59:00,0.78252137,0.77544373,0.77483135,0.74458313,0.76578826,0.7609683,0.7457345,0.7438357,0.7207951,0.73595315,0.71130526
2025-01-01 13:00:00,0.78199637,0.7749428,0.77416074,0.7442162,0.76500833,0.76015836,0.74531233,0.7430891,0.7199509,0.73521155,0.7106489
2025-01-01 13:01:00,0.78157705,0.77454424,0.77362686,0.7439246,0.7643847,0.7595091,0.74497205,0.74248934,0.7192742,0.7346186,0.71012574
2025-01-01 13:02:00,0.7812424,0.77422756,0.7732023,0.74369323,0.7638862,0.75898826,0.74469745,0.742007,0.71873146,0.73414457,0.70970905
2025-01-01 13:03:00,0.78097534,0.7739763,0.77286536,0.74351,0.76348776,0.75857025,0.74447525,0.74161875,0.7182959,0.73376566,0.7093775
2025-01-01 13:04:00,0.7807625,0.77377754,0.7725983,0.74336535,0.76316935,0.75823444,0.744295,0.7413056,0.71794605,0.73346287,0.7091144
2025-01-01 13:05:00,0.780593,0.77362067,0.7723874,0.7432515,0.7629149,0.75796443,0.7441484,0.7410526,0.71766484,0.73322093,0.70890564
2025-01-01 13:06:00,0.78045815,0.77349734,0.7722212,0.7431623,0.76271164,0.75774705,0.74402857,0.74084777,0.71743846,0.7330278,0.70874053
2025-01-01 13:07:00,0.7803511,0.7734009,0.77209085,0.74309283,0.76254934,0.7575717,0.74393016,0.74068147,0.717256,0.7328737,0.7086105
2025-01-01 13:08:00,0.7802662,0.7733259,0.7719892,0.74303913,0.7624198,0.75743,0.74384904,0.7405459,0.7171088,0.7327507,0.7085083
2025-01-01 13:09:00,0.78019917,0.7732681,0.7719105,0.742998,0.76231647,0.7573153,0.7437817,0.7404351,0.71698964,0.7326528,0.70842844
2025-01-01 13:10:00,0.7801463,0.7732241,0.7718501,0.74296695,0.76223403,0.75722206,0.7437252,0.740344,0.71689296,0.7325748,0.70836663
2025-01-01 13:11:00,0.78010494,0.77319115,0.77180445,0.74294394,0.76216835,0.757146,0.74367756,0.7402686,0.7168144,0.73251295,0.70831907
2025-01-01 13:12:00,0.7800726,0.77316695,0.77177054,0.7429274,0.7621161,0.7570837,0.7436369,0.74020594,0.7167502,0.73246384,0.708283
2025-01-01 13:13:00,0.78004766,0.7731498,0.771746,0.7429159,0.7620745,0.75703245,0.7436019,0.7401533,0.7166976,0.73242503,0.70825607
2025-01-01 13:14:00,0.7800285,0.77313834,0.77172893,0.7429086,0.7620414,0.75698996,0.74357146,0.7401088,0.7166543,0.7323944,0.7082365
2025-01-01 13:15:00,0.78001416,0.77313143,0.7717179,0.7429046,0.76201516,0.7569545,0.7435445,0.74007076,0.7166183,0.7323703,0.7082229
2025-01-01 13:16:00,0.7800035,0.77312815,0.77171165,0.7429031,0.76199436,0.75692457,0.7435205,0.7400379,0.7165883,0.73235154,0.708214
2025-01-01 13:17:00,0.77999586,0.77312773,0.77170926,0.74290377,0.761978,0.7568991,0.74349874,0.7400092,0.7165631,0.73233706,0.70820886
2025-01-01 13:18:00,0.7799907,0.77312964,0.77171,0.74290603,0.761965,0.7568773,0.7434788,0.73998386,0.71654165,0.732326,0.7082068
2025-01-01 13:19:00,0.77998745,0.77313346,0.77171314,0.74290967,0.7619548,0.75685835,0.74346036,0.7399611,0.71652335,0.73231757,0.70820713
2025-01-01 13:20:00,0.7799858,0.77313876,0.77171826,0.7429143,0.76194674,0.75684166,0.7434431,0.7399405,0.71650743,0.73231137,0.70820934
2025-01-01 13:21:00,0.7799854,0.7731453,0.7717249,0.7429198,0.7619405,0.75682676,0.7434267,0.7399216,0.7164935,0.73230696,0.7082132
2025-01-01 13:22:00,0.7799861,0.7731528,0.7717328,0.7429259,0.7619356,0.7568132,0.74341106,0.73990417,0.7164811,0.7323039,0.7082184
2025-01-01 13:23:00,0.77998763,0.77316105,0.7717417,0.74293256,0.7619317,0.7568009,0.743396,0.7398878,0.71647006,0.7323021,0.7082245
2025-01-01 13:24:00,0.7799898,0.77317,0.77175146,0.7429396,0.7619288,0.75678945,0.74338144,0.7398723,0.7164601,0.73230124,0.70823145
2025-01-01 13:25:00,0.7799925,0.7731795,0.77176183,0.7429469,0.76192653,0.7567787,0.74336725,0.73985755,0.7164509,0.7323011,0.7082391
2025-01-01 13:26:00,0.7799957,0.7731893,0.7717727,0.7429545,0.7619248,0.7567686,0.74335337,0.73984337,0.71644247,0.73230153,0.70824724
2025-01-01 13:27:00,0.77999926,0.77319944,0.77178395,0.7429623,0.7619235,0.75675887,0.7433396,0.73982966,0.71643454,0.73230255,0.7082558
2025-01-01 13:28:00,0.78000313,0.77320987,0.7717956,0.7429703,0.76192254,0.7567495,0.7433262,0.7398163,0.7164271,0.732304,0.70826477
2025-01-01 13:29:00,0.7800072,0.7732206,0.77180743,0.7429783,0.7619218,0.7567404,0.7433128,0.73980325,0.71642,0.7323057,0.70827407
2025-01-01 13:30:00,0.7794481,0.77270967,0.7711281,0.74266154,0.7611594,0.75596356,0.7429348,0.7391184,0.7156513,0.73164517,0.70770943
2025-01-01 13:31:00,0.77900183,0.7723032,0.77058727,0.7424098,0.7605495,0.75534046,0.7426299,0.7385682,0.71503514,0.7311174,0.70725983
2025-01-01 13:32:00,0.77864593,0.7719804,0.77015716,0.7422102,0.76006156,0.7548404,0.74238336,0.7381257,0.71454114,0.73069584,0.7069022
2025-01-01 13:33:00,0.7783622,0.77172446,0.7698156,0.7420521,0.7596712,0.75443864,0.74218357,0.7377693,0.71414495,0.73035926,0.70661825
2025-01-01 13:34:00,0.7781364,0.7715221,0.76954496,0.74192727,0.75935894,0.7541156,0.7420212,0.73748183,0.7138269,0.7300907,0.7063932
2025-01-01 13:35:00,0.7779568,0.77136254,0.769331,0.74182904,0.7591091,0.7538555,0.7418887,0.73724955,0.71357137,0.72987646,0.7062153
2025-01-01 13:36:00,0.7778142,0.7712372,0.76916236,0.741752,0.75890917,0.7536458,0.74178016,0.73706144,0.7133659,0.7297058,0.7060751
2025-01-01 13:37:00,0.7777012,0.7711393,0.76903003,0.7416921,0.75874925,0.75347626,0.74169075,0.73690856,0.71320057,0.72957003,0.70596504
2025-01-01 13:38:00,0.777612,0.77106345,0.76892674,0.7416457,0.7586212,0.75333905,0.74161667,0.736784,0.7130672,0.7294621,0.7058793
2025-01-01 13:39:00,0.77754176,0.7710051,0.76884663,0.7416102,0.7585187,0.75322753,0.7415548,0.73668206,0.7129595,0.7293765,0.7058127
2025-01-01 13:40:00,0.7774867,0.77096075,0.7687851,0.74158347,0.7584367,0.75313663,0.7415027,0.7365982,0.7128724,0.7293088,0.70576155
2025-01-01 13:41:00,0.77744377,0.77092767,0.7687384,0.74156356,0.75837094,0.7530622,0.7414585,0.7365288,0.71280164,0.7292553,0.7057229
2025-01-01 13:42:00,0.7774106,0.7709036,0.7687036,0.74154925,0.75831825,0.75300086,0.7414205,0.73647094,0.7127441,0.72921336,0.70569414
2025-01-01 13:43:00,0.7773853,0.77088666,0.7686783,0.74153936,0.7582759,0.75295013,0.7413876,0.7364224,0.7126971,0.7291805,0.7056733
2025-01-01 13:44:00,0.7773662,0.7708756,0.76866055,0.741533,0.758242,0.75290775,0.7413586,0.73638135,0.71265846,0.72915506,0.70565885
2025-01-01 13:45:00,0.77735215,0.7708691,0.7686489,0.7415294,0.7582147,0.7528721,0.7413328,0.7363462,0.7126267,0.72913545,0.70564944
2025-01-01 13:46:00,0.777342,0.7708663,0.7686421,0.7415281,0.7581928,0.75284183,0.7413096,0.7363158,0.71260035,0.7291206,0.70564413
2025-01-01 13:47:00,0.7773352,0.77086645,0.76863927,0.7415286,0.7581751,0.75281584,0.7412885,0.7362892,0.71257836,0.7291095,0.7056421
2025-01-01 13:48:00,0.77733094,0.770869,0.7686395,0.7415305,0.75816065,0.7527933,0.741269,0.73626566,0.71255976,0.7291016,0.70564264
2025-01-01 13:49:00,0.7773288,0.7708735,0.7686422,0.7415335,0.758149,0.75277346,0.7412508,0.7362446,0.712544,0.72909606,0.7056453
2025-01-01 13:50:00,0.7773283,0.77087945,0.76864684,0.7415374,0.7581395,0.7527558,0.74123365,0.73622555,0.71253055,0.7290924,0.7056497
2025-01-01 13:51:00,0.7773292,0.77088666,0.7686531,0.74154204,0.7581317,0.75273985,0.74121726,0.73620796,0.7125189,0.7290904,0.7056554
2025-01-01 13:52:00,0.7773312,0.7708948,0.7686606,0.7415472,0.75812525,0.7527253,0.7412016,0.73619175,0.7125087,0.7290897,0.7056622
2025-01-01 13:53:00,0.777334,0.77090377,0.76866907,0.7415528,0.75811976,0.7527119,0.7411865,0.73617655,0.7124996,0.72909,0.7056699
2025-01-01 13:54:00,0.77733755,0.7709134,0.76867837,0.7415588,0.75811523,0.75269926,0.7411718,0.7361621,0.7124916,0.72909105,0.7056782
2025-01-01 13:55:00,0.77734166,0.77092355,0.7686883,0.7415649,0.75811136,0.75268734,0.7411574,0.73614836,0.7124843,0.7290929,0.7056872
2025-01-01 13:56:00,0.77734625,0.7709341,0.7686988,0.74157137,0.75810796,0.75267595,0.7411433,0.7361351,0.71247756,0.7290952,0.7056967
2025-01-01 13:57:00,0.77735126,0.770945,0.76870966,0.7415779,0.75810504,0.75266504,0.7411294,0.7361224,0.7124714,0.729098,0.7057065
2025-01-01 13:58:00,0.7773566,0.77095616,0.76872087,0.74158454,0.75810236,0.75265443,0.7411156,0.73611003,0.71246564,0.72910124,0.7057166
2025-01-01 13:59:00,0.77736217,0.77096754,0.7687323,0.74159133,0.7580999,0.75264406,0.7411021,0.7360978,0.7124603,0.7291048,0.705727
2025-01-01 14:00:00,0.776779,0.7704556,0.76805645,0.74133044,0.7573683,0.7519142,0.74077505,0.7354869,0.7117806,0.728537,0.705264
2025-01-01 14:01:00,0.7763138,0.7700485,0.7675183,0.74112314,0.75678277,0.75132847,0.74051076,0.7349961,0.71123606,0.72808367,0.70489585
2025-01-01 14:02:00,0.775943,0.7697253,0.7670902,0.7409587,0.75631404,0.750858,0.7402967,0.73460114,0.71079975,0.72772205,0.7046036
2025-01-01 14:03:00,0.77564776,0.76946926,0.7667503,0.7408285,0.75593865,0.75047976,0.74012285,0.73428303,0.7104499,0.72743374,0.7043722
2025-01-01 14:04:00,0.775413,0.7692669,0.76648074,0.7407257,0.755638,0.75017524,0.7399812,0.73402643,0.71016926,0.7272041,0.70418936
2025-01-01 14:05:00,0.7752265,0.7691074,0.7662676,0.7406448,0.75539714,0.7499296,0.73986524,0.73381895,0.709944,0.7270214,0.70404536
2025-01-01 14:06:00,0.7750787,0.7689824,0.7660995,0.74058145,0.755204,0.74973124,0.7397699,0.73365086,0.70976305,0.72687626,0.7039325
2025-01-01 14:07:00,0.7749619,0.76888484,0.7659675,0.74053204,0.7550492,0.74957067,0.73969096,0.73351425,0.7096176,0.72676116,0.70384455
2025-01-01 14:08:00,0.77486986,0.76880926,0.76586443,0.7404939,0.75492495,0.7494403,0.7396252,0.7334027,0.7095006,0.7266702,0.7037765
2025-01-01 14:09:00,0.7747977,0.7687514,0.7657843,0.7404646,0.7548252,0.749334,0.73956996,0.7333115,0.70940626,0.72659844,0.7037244
2025-01-01 14:10:00,0.77474135,0.7687075,0.7657227,0.7404425,0.7547449,0.749247,0.7395232,0.7332363,0.70933014,0.7265421,0.703685
2025-01-01 14:11:00,0.7746978,0.76867485,0.76567584,0.7404262,0.7546802,0.7491754,0.7394831,0.73317415,0.7092685,0.72649807,0.70365584
2025-01-01 14:12:00,0.77466434,0.7686513,0.7656408,0.7404144,0.75462806,0.7491162,0.7394484,0.7331222,0.7092186,0.726464,0.70363486
2025-01-01 14:13:00,0.77463907,0.768635,0.7656152,0.7404062,0.75458586,0.7490668,0.739418,0.7330786,0.70917803,0.7264378,0.70362043
2025-01-01 14:14:00,0.77462035,0.76862437,0.7655971,0.7404009,0.75455165,0.7490254,0.73939115,0.73304164,0.70914495,0.72641796,0.70361125
2025-01-01 14:15:00,0.7746069,0.76861846,0.7655851,0.740398,0.7545238,0.74899024,0.739367,0.73301,0.7091178,0.7264032,0.7036063
2025-01-01 14:16:00,0.7745976,0.7686162,0.7655779,0.7403968,0.75450104,0.74896014,0.7393451,0.7329826,0.70909554,0.72639257,0.70360464
2025-01-01 14:17:00,0.7745916,0.7686169,0.7655746,0.74039716,0.7544823,0.74893403,0.7393249,0.73295856,0.7090771,0.7263852,0.7036057
2025-01-01 14:18:00,0.77458847,0.7686201,0.76557434,0.74039865,0.75446683,0.74891114,0.73930615,0.73293734,0.7090618,0.72638035,0.703609
2025-01-01 14:19:00,0.7745874,0.7686251,0.76557654,0.740401,0.75445396,0.7488908,0.7392885,0.7329182,0.709049,0.7263777,0.70361394
2025-01-01 14:20:00,0.77458805,0.76863164,0.7655807,0.7404041,0.7544431,0.7488725,0.73927176,0.7329009,0.70903814,0.7263767,0.7036203
2025-01-01 14:21:00,0.7745902,0.76863945,0.7655864,0.7404078,0.7544339,0.7488558,0.7392558,0.73288506,0.7090289,0.72637707,0.70362777
2025-01-01 14:22:00,0.7745934,0.76864815,0.76559335,0.740412,0.754426,0.74884045,0.73924035,0.7328703,0.7090209,0.7263786,0.7036361
2025-01-01 14:23:00,0.7745976,0.7686577,0.76560134,0.7404164,0.7544191,0.7488261,0.7392254,0.7328565,0.70901406,0.726381,0.7036453
2025-01-01 14:24:00,0.7746025,0.7686678,0.76561004,0.7404212,0.754413,0.74881256,0.7392108,0.7328434,0.7090081,0.72638416,0.7036549
2025-01-01 14:25:00,0.77460796,0.76867855,0.7656194,0.7404261,0.7544075,0.7487997,0.73919654,0.73283094,0.70900273,0.7263879,0.7036651
2025-01-01 14:26:00,0.774614,0.76868963,0.76562923,0.7404312,0.7544026,0.7487873,0.7391824,0.73281896,0.70899796,0.72639215,0.7036756
2025-01-01 14:27:00,0.77462035,0.7687011,0.7656395,0.7404364,0.7543979,0.7487753,0.7391686,0.7328074,0.70899373,0.7263968,0.7036865
2025-01-01 14:28:00,0.7746271,0.76871276,0.7656501,0.7404416,0.75439364,0.7487636,0.7391549,0.7327961,0.7089898,0.72640175,0.70369756
2025-01-01 14:29:00,0.77463406,0.7687246,0.7656609,0.740447,0.7543896,0.7487522,0.7391413,0.7327851,0.70898616,0.72640693,0.70370895
2025-01-01 14:30:00,0.7740373,0.768221,0.7650007,0.7402467,0.7537023,0.74808246,0.7388711,0.7322591,0.7084079,0.7259421,0.70335615
2025-01-01 14:31:00,0.7735615,0.7678207,0.76447487,0.7400875,0.75315183,0.7475446,0.73865235,0.7318363,0.70794475,0.7255715,0.7030763
2025-01-01 14:32:00,0.7731825,0.767503,0.7640566,0.73996127,0.7527108,0.7471122,0.7384747,0.7314962,0.70757383,0.72527635,0.70285493
2025-01-01 14:33:00,0.772881,0.76725143,0.76372427,0.73986137,0.7523573,0.7467641,0.73833007,0.7312221,0.7072767,0.7250415,0.70268023
2025-01-01 14:34:00,0.77264136,0.7670527,0.7634607,0.7397825,0.7520738,0.74648356,0.7382117,0.7310009,0.7070386,0.72485495,0.70254296
2025-01-01 14:35:00,0.77245134,0.7668963,0.7632522,0.73972046,0.7518463,0.74625695,0.73811436,0.730822,0.70684767,0.724707,0.70243555
2025-01-01 14:36:00,0.772301,0.76677376,0.76308775,0.7396719,0.7516636,0.74607354,0.73803383,0.73067695,0.7066946,0.72459,0.7023521
2025-01-01 14:37:00,0.77218246,0.7666783,0.76295847,0.739634,0.7515167,0.7459247,0.73796684,0.73055905,0.7065717,0.72449774,0.7022878
2025-01-01 14:38:00,0.7720893,0.7666045,0.7628573,0.7396047,0.75139844,0.7458035,0.7379106,0.7304628,0.70647305,0.72442526,0.7022388
2025-01-01 14:39:00,0.7720165,0.76654804,0.76277876,0.7395823,0.75130314,0.74570423,0.73786306,0.7303838,0.7063938,0.72436863,0.702202
2025-01-01 14:40:00,0.77196,0.7665055,0.7627182,0.7395654,0.75122607,0.74562275,0.73782235,0.7303187,0.70633,0.72432476,0.7021752
2025-01-01 14:41:00,0.7719165,0.76647395,0.762672,0.73955274,0.7511637,0.7455554,0.73778725,0.7302648,0.7062787,0.72429097,0.7021561
2025-01-01 14:42:00,0.7718834,0.7664514,0.7626374,0.73954374,0.751113,0.7454994,0.73775655,0.7302197,0.7062373,0.7242654,0.7021433
2025-01-01 14:43:00,0.77185875,0.7664359,0.762612,0.7395374,0.7510717,0.74545234,0.7377293,0.7301818,0.7062039,0.7242463,0.7021357
2025-01-01 14:44:00,0.7718407,0.7664261,0.76259387,0.7395333,0.75103784,0.7454125,0.73770493,0.7301496,0.7061769,0.7242324,0.702132
2025-01-01 14:45:00,0.77182806,0.76642084,0.76258165,0.7395309,0.75100994,0.7453785,0.7376828,0.730122,0.70615494,0.7242228,0.7021315
2025-01-01 14:46:00,0.77181965,0.76641923,0.7625742,0.73953,0.7509868,0.74534905,0.7376625,0.73009807,0.7061371,0.72421646,0.70213366
2025-01-01 14:47:00,0.7718148,0.76642054,0.7625705,0.7395302,0.7509675,0.7453233,0.7376437,0.7300771,0.7061227,0.7242129,0.7021378
2025-01-01 14:48:00,0.7718126,0.7664242,0.7625697,0.7395312,0.7509512,0.7453005,0.737626,0.73005843,0.70611084,0.72421145,0.7021437
2025-01-01 14:49:00,0.77181274,0.76642966,0.76257145,0.73953295,0.7509373,0.74527997,0.73760927,0.73004174,0.7061011,0.7242117,0.70215094
2025-01-01 14:50:00,0.7718146,0.7664367,0.76257503,0.7395352,0.7509253,0.7452613,0.73759323,0.7300265,0.70609313,0.7242135,0.70215917
2025-01-01 14:51:00,0.77181786,0.76644486,0.7625801,0.7395379,0.7509149,0.7452442,0.73757786,0.73001254,0.7060866,0.7242163,0.7021682
2025-01-01 14:52:00,0.7718223,0.76645404,0.7625864,0.73954093,0.7509056,0.74522823,0.7375629,0.72999954,0.7060811,0.72422004,0.70217806
2025-01-01 14:53:00,0.7718277,0.766464,0.7625937,0.7395443,0.7508973,0.74521327,0.7375484,0.7299873,0.7060765,0.72422457,0.70218843
2025-01-01 14:54:00,0.77183384,0.76647455,0.76260173,0.7395477,0.7508897,0.745199,0.73753417,0.7299758,0.7060726,0.7242297,0.7021993
2025-01-01 14:55:00,0.7718406,0.7664855,0.7626103,0.7395513,0.7508828,0.7451854,0.7375203,0.72996485,0.70606935,0.72423524,0.7022104
2025-01-01 14:56:00,0.77184784,0.766497,0.76261944,0.739555,0.7508763,0.7451722,0.7375065,0.7299543,0.7060666,0.72424126,0.7022218
2025-01-01 14:57:00,0.77185553,0.76650876,0.762629,0.7395588,0.75087017,0.7451593,0.73749286,0.7299441,0.7060643,0.7242476,0.70223355
2025-01-01 14:58:00,0.77186346,0.76652074,0.7626387,0.7395626,0.7508643,0.7451468,0.7374794,0.72993416,0.7060622,0.7242542,0.7022454
2025-01-01 14:59:00,0.77187175,0.766533,0.76264876,0.73956645,0.75085866,0.74513453,0.73746604,0.7299245,0.70606047,0.7242611,0.7022575
2025-01-01 15:00:00,0.77127206,0.7660466,0.76201594,0.7394303,0.75022775,0.7445368,0.73725736,0.7294926,0.70559376,0.7239075,0.702021
2025-01-01 15:01:00,0.7707942,0.76566,0.7615118,0.7393222,0.74972206,0.74405634,0.73708785,0.72914547,0.7052203,0.7236262,0.7018343
2025-01-01 15:02:00,0.77041376,0.7653534,0.7611107,0.7392364,0.7493165,0.74366957,0.7369497,0.728866,0.70492136,0.7234027,0.7016875
2025-01-01 15:03:00,0.7701114,0.76511073,0.76079196,0.7391685,0.7489911,0.74335796,0.73683655,0.72864074,0.70468223,0.7232255,0.70157266
2025-01-01 15:04:00,0.7698713,0.7649192,0.7605391,0.73911494,0.74872965,0.7431063,0.73674345,0.72845876,0.70449084,0.72308534,0.7014833
2025-01-01 15:05:00,0.7696812,0.7647686,0.76033896,0.73907286,0.74851954,0.7429027,0.73666644,0.72831154,0.70433766,0.72297484,0.70141435
2025-01-01 15:06:00,0.7695311,0.7646507,0.760181,0.73903984,0.74835044,0.74273753,0.7366022,0.72819215,0.7042151,0.722888,0.7013617
2025-01-01 15:07:00,0.76941293,0.7645591,0.7600568,0.7390142,0.7482141,0.742603,0.73654824,0.7280949,0.704117,0.72282016,0.7013222
2025-01-01 15:08:00,0.7693203,0.76448834,0.7599596,0.7389943,0.748104,0.7424931,0.7365025,0.7280154,0.7040385,0.72276753,0.7012931
2025-01-01 15:09:00,0.7692482,0.76443434,0.7598839,0.7389791,0.7480148,0.74240273,0.7364633,0.72795016,0.7039757,0.7227271,0.7012725
2025-01-01 15:10:00,0.76919246,0.7643938,0.7598254,0.7389676,0.74794245,0.7423282,0.7364295,0.72789633,0.7039255,0.72269636,0.7012585
2025-01-01 15:11:00,0.76914984,0.76436394,0.75978076,0.7389591,0.7478834,0.74226624,0.7363998,0.72785157,0.70388526,0.7226734,0.70124984
2025-01-01 15:12:00,0.7691177,0.7643427,0.7597472,0.7389529,0.7478351,0.7422143,0.73637354,0.7278142,0.70385313,0.7226568,0.70124555
2025-01-01 15:13:00,0.769094,0.76432836,0.75972235,0.7389486,0.7477953,0.7421704,0.73635,0.72778267,0.70382744,0.72264516,0.70124465
2025-01-01 15:14:00,0.769077,0.7643195,0.75970465,0.7389458,0.7477624,0.74213284,0.73632854,0.72775584,0.703807,0.72263753,0.7012465
2025-01-01 15:15:00,0.76906544,0.764315,0.7596925,0.7389441,0.7477349,0.74210054,0.7363089,0.7277328,0.70379066,0.7226331,0.70125055
2025-01-01 15:16:00,0.76905817,0.76431406,0.7596849,0.7389434,0.7477118,0.7420723,0.7362906,0.7277127,0.7037777,0.7226313,0.7012564
2025-01-01 15:17:00,0.76905435,0.7643159,0.75968087,0.7389434,0.74769217,0.7420473,0.73627335,0.72769505,0.70376736,0.7226315,0.70126367
2025-01-01 15:18:00,0.76905334,0.76431996,0.7596797,0.73894405,0.74767536,0.74202496,0.7362571,0.7276794,0.7037592,0.7226335,0.701272
2025-01-01 15:19:00,0.76905453,0.76432586,0.75968075,0.73894507,0.7476607,0.74200463,0.7362416,0.72766525,0.70375276,0.72263676,0.7012813
2025-01-01 15:20:00,0.7690575,0.76433325,0.7596837,0.73894644,0.7476478,0.74198604,0.73622656,0.72765243,0.70374775,0.7226411,0.7012914
2025-01-01 15:21:00,0.769062,0.7643418,0.7596881,0.7389481,0.7476363,0.74196875,0.736212,0.7276406,0.7037439,0.7226463,0.70130193
2025-01-01 15:22:00,0.7690676,0.7643512,0.7596936,0.73894995,0.7476258,0.74195254,0.7361979,0.72762966,0.7037409,0.72265226,0.70131296
2025-01-01 15:23:00,0.76907414,0.7643614,0.75970006,0.738952,0.7476163,0.74193716,0.736184,0.72761935,0.7037387,0.72265875,0.70132446
2025-01-01 15:24:00,0.7690815,0.7643721,0.7597073,0.7389541,0.7476074,0.74192244,0.73617035,0.7276096,0.7037371,0.7226657,0.70133615
2025-01-01 15:25:00,0.76908934,0.7643833,0.75971496,0.7389563,0.7475991,0.7419083,0.736157,0.7276003,0.70373595,0.72267306,0.7013481
2025-01-01 15:26:00,0.76909775,0.76439494,0.7597232,0.73895854,0.7475912,0.7418945,0.7361437,0.72759134,0.70373523,0.72268075,0.70136034
2025-01-01 15:27:00,0.76910657,0.76440686,0.75973177,0.7389608,0.7475837,0.7418811,0.73613065,0.72758263,0.7037349,0.7226887,0.7013727
2025-01-01 15:28:00,0.7691156,0.76441896,0.7597406,0.73896307,0.7475764,0.7418679,0.73611766,0.7275742,0.70373476,0.72269684,0.70138514
2025-01-01 15:29:00,0.76912504,0.7644313,0.7597496,0.73896533,0.74756926,0.74185497,0.7361047,0.72756606,0.70373493,0.7227052,0.7013978
2025-01-01 15:30:00,0.76853305,0.7639708,0.7591554,0.7388957,0.747006,0.74133986,0.73596144,0.72723615,0.7033881,0.72246915,0.70128185
2025-01-01 15:31:00,0.7680616,0.763605,0.758682,0.7388404,0.7465541,0.7409253,0.7358443,0.7269709,0.7031108,0.7222822,0.70119166
2025-01-01 15:32:00,0.7676865,0.76331496,0.7583053,0.7387966,0.74619126,0.7405913,0.73574805,0.72675717,0.7028893,0.72213435,0.70112216
2025-01-01 15:33:00,0.7673886,0.7630856,0.75800586,0.73876196,0.7458997,0.74032164,0.7356686,0.7265848,0.70271236,0.722018,0.7010691
2025-01-01 15:34:00,0.76715237,0.76290464,0.7577682,0.73873466,0.74566513,0.74010354,0.7356025,0.72644544,0.7025711,0.7219267,0.7010293
2025-01-01 15:35:00,0.7669655,0.76276255,0.75758,0.7387132,0.7454761,0.7399265,0.7355472,0.7263326,0.7024583,0.7218556,0.70100003
2025-01-01 15:36:00,0.76681817,0.7626515,0.7574314,0.73869646,0.7453236,0.73978245,0.7355004,0.7262409,0.70236844,0.72180057,0.7009793
2025-01-01 15:37:00,0.76670253,0.76256526,0.75731444,0.73868334,0.7452002,0.7396647,0.7354605,0.7261661,0.70229685,0.7217584,0.7009653
2025-01-01 15:38:00,0.76661205,0.7624989,0.7572227,0.73867327,0.74510014,0.73956805,0.7354261,0.726105,0.7022399,0.72172654,0.70095664
2025-01-01 15:39:00,0.76654196,0.7624484,0.7571513,0.7386655,0.7450188,0.73948824,0.73539615,0.7260546,0.70219463,0.721703,0.7009524
2025-01-01 15:40:00,0.766488,0.76241064,0.7570961,0.7386597,0.7449522,0.73942196,0.73536974,0.72601295,0.7021588,0.72168607,0.70095164
2025-01-01 15:41:00,0.766447,0.762383,0.7570538,0.73865527,0.7448976,0.7393664,0.73534614,0.7259783,0.7021305,0.72167444,0.7009536
2025-01-01 15:42:00,0.7664164,0.7623635,0.7570217,0.7386521,0.74485254,0.73931956,0.73532474,0.7259492,0.7021082,0.72166705,0.7009578
2025-01-01 15:43:00,0.766394,0.76235056,0.75699806,0.7386498,0.74481505,0.7392795,0.73530513,0.7259247,0.70209074,0.721663,0.70096374
2025-01-01 15:44:00,0.76637846,0.7623428,0.75698096,0.7386483,0.7447837,0.73924506,0.73528713,0.72590363,0.70207715,0.72166175,0.7009711
2025-01-01 15:45:00,0.7663681,0.7623392,0.7569691,0.73864734,0.7447571,0.73921496,0.7352702,0.7258855,0.7020667,0.72166264,0.70097965
2025-01-01 15:46:00,0.7663621,0.7623389,0.75696146,0.73864686,0.74473447,0.73918843,0.73525417,0.7258697,0.7020588,0.7216653,0.7009891
2025-01-01 15:47:00,0.76635945,0.76234126,0.75695723,0.73864675,0.7447149,0.73916465,0.73523897,0.72585577,0.7020529,0.7216695,0.70099926
2025-01-01 15:48:00,0.76635957,0.76234573,0.7569556,0.7386468,0.7446978,0.73914313,0.7352243,0.72584337,0.7020486,0.72167474,0.70101005
2025-01-01 15:49:00,0.7663619,0.762352,0.75695616,0.73864716,0.74468267,0.7391234,0.7352102,0.72583216,0.70204556,0.72168094,0.7010213
2025-01-01 15:50:00,0.766366,0.76235956,0.7569584,0.73864764,0.744669,0.73910517,0.7351965,0.7258219,0.70204365,0.7216879,0.7010329
2025-01-01 15:51:00,0.76637155,0.7623682,0.75696206,0.73864824,0.7446567,0.73908806,0.73518306,0.72581244,0.7020426,0.7216954,0.7010448
2025-01-01 15:52:00,0.76637816,0.7623777,0.7569667,0.7386489,0.7446453,0.73907185,0.7351699,0.7258036,0.70204216,0.7217034,0.70105696
2025-01-01 15:53:00,0.76638573,0.76238793,0.75697225,0.73864967,0.7446347,0.7390563,0.735157,0.7257953,0.7020423,0.7217119,0.70106924
2025-01-01 15:54:00,0.766394,0.7623987,0.75697845,0.7386504,0.7446247,0.7390413,0.73514426,0.72578746,0.70204294,0.7217206,0.70108175
2025-01-01 15:55:00,0.76640296,0.7624099,0.7569852,0.7386511,0.7446152,0.7390269,0.7351316,0.72578,0.70204395,0.7217295,0.7010944
2025-01-01 15:56:00,0.7664124,0.7624215,0.7569923,0.7386518,0.744606,0.73901284,0.73511916,0.7257728,0.7020453,0.7217388,0.70110714
2025-01-01 15:57:00,0.7664222,0.7624333,0.7569998,0.7386525,0.74459714,0.73899907,0.73510677,0.7257658,0.70204693,0.72174823,0.70111996
2025-01-01 15:58:00,0.7664323,0.7624454,0.75700754,0.7386533,0.7445885,0.7389855,0.7350945,0.725759,0.7020488,0.7217578,0.70113283
2025-01-01 15:59:00,0.76644266,0.7624576,0.7570154,0.73865396,0.74458003,0.73897207,0.7350822,0.7257525,0.7020508,0.72176754,0.7011457
2025-01-01 16:00:00,0.7658689,0.76203126,0.75647044,0.7386522,0.74409443,0.7385488,0.73500675,0.72553045,0.70183015,0.7216532,0.7011525
2025-01-01 16:01:00,0.7654122,0.7616927,0.7560362,0.73865086,0.74370444,0.73820764,0.73494405,0.7253517,0.70165414,0.7215639,0.7011605
2025-01-01 16:02:00,0.7650491,0.7614245,0.7556905,0.7386499,0.74339086,0.7379322,0.73489153,0.7252075,0.70151395,0.72149444,0.70116955
2025-01-01 16:03:00,0.764761,0.76121247,0.7554156,0.7386492,0.7431384,0.73770934,0.7348471,0.7250911,0.70140237,0.721441,0.7011794
2025-01-01 16:04:00,0.76453274,0.7610454,0.75519747,0.7386487,0.7429348,0.7375284,0.7348093,0.7249968,0.7013137,0.7214003,0.7011899
2025-01-01 16:05:00,0.7643525,0.7609144,0.7550247,0.7386483,0.7427703,0.7373811,0.7347766,0.7249202,0.7012434,0.7213698,0.7012009
2025-01-01 16:06:00,0.7642106,0.7608121,0.754888,0.73864806,0.74263716,0.73726076,0.7347481,0.72485787,0.70118785,0.7213475,0.70121235
2025-01-01 16:07:00,0.7640994,0.7607328,0.75478035,0.7386479,0.742529,0.7371619,0.734723,0.7248069,0.70114404,0.72133183,0.70122415
2025-01-01 16:08:00,0.7640128,0.760672,0.7546959,0.7386477,0.74244076,0.7370803,0.73470056,0.72476506,0.7011096,0.72132134,0.7012362
2025-01-01 16:09:00,0.7639459,0.7606259,0.75462997,0.7386476,0.7423686,0.7370124,0.73468024,0.7247305,0.70108277,0.7213151,0.7012484
2025-01-01 16:10:00,0.7638947,0.76059157,0.7545789,0.7386475,0.74230915,0.73695546,0.7346617,0.7247018,0.70106196,0.7213122,0.7012608
2025-01-01 16:11:00,0.7638561,0.76056665,0.75453967,0.7386474,0.7422599,0.73690736,0.73464453,0.7246778,0.70104605,0.72131205,0.7012734
2025-01-01 16:12:00,0.7638275,0.76054925,0.7545099,0.7386473,0.74221885,0.73686635,0.73462844,0.72465754,0.70103395,0.7213141,0.7012861
2025-01-01 16:13:00,0.763807,0.7605379,0.7544877,0.7386471,0.74218434,0.73683095,0.73461324,0.7246403,0.701025,0.7213178,0.7012988
2025-01-01 16:14:00,0.763793,0.7605314,0.7544715,0.7386469,0.742155,0.7368001,0.73459876,0.72462547,0.70101863,0.7213229,0.7013116
2025-01-01 16:15:00,0.76378417,0.7605288,0.75446016,0.73864675,0.74212986,0.7367728,0.7345849,0.7246126,0.7010142,0.7213292,0.7013244
2025-01-01 16:16:00,0.7637795,0.76052916,0.7544527,0.7386465,0.742108,0.7367484,0.7345716,0.7246013,0.7010115,0.72133636,0.70133734
2025-01-01 16:17:00,0.76377815,0.7605321,0.7544483,0.73864627,0.74208885,0.7367262,0.7345585,0.72459126,0.70101005,0.7213443,0.70135033
2025-01-01 16:18:00,0.7637794,0.7605369,0.7544464,0.7386459,0.7420718,0.736706,0.7345458,0.7245823,0.70100963,0.72135276,0.70136327
2025-01-01 16:19:00,0.7637828,0.7605433,0.7544463,0.7386455,0.74205637,0.73668724,0.7345334,0.72457415,0.70101005,0.72136176,0.7013762
2025-01-01 16:20:00,0.763788,0.760551,0.7544479,0.7386451,0.74204236,0.73666966,0.7345212,0.7245667,0.70101124,0.7213711,0.7013892
2025-01-01 16:21:00,0.7637944,0.7605596,0.7544507,0.7386446,0.7420293,0.7366529,0.7345091,0.7245598,0.70101297,0.72138083,0.7014022
2025-01-01 16:22:00,0.76380205,0.7605691,0.7544544,0.7386441,0.74201715,0.7366369,0.7344972,0.7245533,0.7010152,0.72139084,0.70141524
2025-01-01 16:23:00,0.7638105,0.76057917,0.75445884,0.7386435,0.7420057,0.73662156,0.73448545,0.7245472,0.70101774,0.721401,0.70142823
2025-01-01 16:24:00,0.76381975,0.7605898,0.754464,0.7386429,0.7419947,0.7366067,0.73447376,0.72454137,0.7010206,0.72141135,0.7014412
2025-01-01 16:25:00,0.7638295,0.76060075,0.75446963,0.7386422,0.7419841,0.73659223,0.73446214,0.7245358,0.7010238,0.72142184,0.70145434
2025-01-01 16:26:00,0.7638398,0.7606121,0.7544756,0.73864144,0.74197394,0.73657805,0.73445064,0.7245305,0.7010272,0.72143245,0.70146734
2025-01-01 16:27:00,0.7638504,0.76062363,0.75448185,0.73864067,0.74196386,0.73656404,0.73443913,0.72452533,0.7010308,0.72144324,0.7014803
2025-01-01 16:28:00,0.7638613,0.7606354,0.75448835,0.7386398,0.741954,0.7365503,0.73442775,0.7245204,0.70103455,0.721454,0.7014934
2025-01-01 16:29:00,0.7638725,0.7606473,0.754495,0.7386389,0.7419444,0.7365367,0.73441637,0.7245155,0.7010384,0.72146493,0.70150644
2025-01-01 16:30:00,0.76332724,0.76026267,0.754009,0.73870486,0.7415451,0.7362128,0.73441017,0.7244052,0.70094776,0.72147447,0.70163566
2025-01-01 16:31:00,0.7628935,0.7599574,0.75362164,0.73875743,0.7412239,0.73595107,0.73440295,0.7243162,0.7008761,0.72148436,0.70174164
2025-01-01 16:32:00,0.762549,0.7597157,0.75331324,0.7387992,0.740965,0.7357391,0.734395,0.7242441,0.70081973,0.72149456,0.701829
2025-01-01 16:33:00,0.76227576,0.75952476,0.7530679,0.7388323,0.7407561,0.735567,0.7343865,0.72418565,0.7007755,0.7215049,0.70190156
2025-01-01 16:34:00,0.7620596,0.75937456,0.75287306,0.7388585,0.7405871,0.7354266,0.7343774,0.7241381,0.7007411,0.7215155,0.7019622
2025-01-01 16:35:00,0.7618892,0.7592569,0.75271857,0.7388792,0.74044997,0.7353117,0.73436797,0.7240992,0.7007145,0.72152627,0.7020132
2025-01-01 16:36:00,0.76175535,0.7591652,0.7525964,0.7388955,0.74033844,0.7352172,0.73435825,0.7240674,0.7006942,0.7215371,0.7020566
2025-01-01 16:37:00,0.76165074,0.75909436,0.75250006,0.7389082,0.74024737,0.735139,0.7343483,0.7240411,0.700679,0.72154814,0.70209396
2025-01-01 16:38:00,0.7615695,0.7590402,0.75242436,0.738918,0.74017256,0.73507375,0.73433816,0.72401935,0.7006678,0.7215593,0.7021264
2025-01-01 16:39:00,0.761507,0.7589992,0.7523652,0.7389255,0.7401108,0.73501897,0.73432785,0.72400117,0.7006598,0.7215704,0.702155
2025-01-01 16:40:00,0.7614594,0.75896895,0.75231916,0.7389312,0.74005955,0.73497254,0.7343175,0.72398585,0.70065445,0.72158164,0.7021803
2025-01-01 16:41:00,0.7614239,0.75894725,0.7522837,0.7389353,0.7400166,0.73493284,0.73430705,0.7239729,0.7006511,0.72159296,0.7022033
2025-01-01 16:42:00,0.76139796,0.75893235,0.75225663,0.7389382,0.73998034,0.7348984,0.7342965,0.72396183,0.70064956,0.7216043,0.7022242
2025-01-01 16:43:00,0.76137966,0.7589228,0.75223637,0.7389402,0.73994935,0.7348682,0.734286,0.72395223,0.7006493,0.72161573,0.70224345
2025-01-01 16:44:00,0.76136756,0.7589177,0.75222147,0.7389413,0.73992264,0.73484147,0.7342755,0.7239439,0.70065016,0.72162724,0.70226145
2025-01-01 16:45:00,0.76136035,0.758916,0.75221086,0.73894185,0.73989934,0.7348174,0.7342649,0.72393656,0.70065194,0.7216387,0.7022785
2025-01-01 16:46:00,0.76135707,0.7589171,0.75220364,0.7389419,0.7398788,0.7347956,0.7342543,0.72393,0.7006544,0.7216502,0.7022946
2025-01-01 16:47:00,0.76135695,0.75892043,0.7521992,0.73894143,0.73986024,0.73477554,0.73424375,0.72392404,0.7006574,0.7216618,0.7023101
2025-01-01 16:48:00,0.7613594,0.75892556,0.75219685,0.73894066,0.73984355,0.7347568,0.73423314,0.7239187,0.70066094,0.72167337,0.70232505
2025-01-01 16:49:00,0.76136386,0.75893205,0.7521963,0.7389395,0.7398282,0.73473924,0.7342226,0.7239137,0.7006649,0.7216851,0.70233953
2025-01-01 16:50:00,0.7613699,0.7589396,0.7521971,0.7389382,0.7398139,0.7347226,0.7342121,0.72390914,0.7006691,0.72169673,0.7023536
2025-01-01 16:51:00,0.7613773,0.7589482,0.752199,0.7389366,0.7398005,0.73470664,0.7342016,0.7239049,0.70067364,0.7217085,0.70236754
2025-01-01 16:52:00,0.7613857,0.75895745,0.75220174,0.7389349,0.73978776,0.7346912,0.7341911,0.72390085,0.7006784,0.7217202,0.70238113
2025-01-01 16:53:00,0.761395,0.7589673,0.75220513,0.73893297,0.73977554,0.7346763,0.7341807,0.72389704,0.70068336,0.72173196,0.70239466
2025-01-01 16:54:00,0.7614049,0.7589775,0.7522091,0.73893094,0.7397638,0.7346617,0.7341702,0.7238934,0.7006885,0.7217437,0.70240796
2025-01-01 16:55:00,0.7614154,0.7589881,0.75221354,0.7389288,0.73975235,0.7346474,0.7341598,0.7238899,0.7006937,0.72175556,0.7024211
2025-01-01 16:56:00,0.7614263,0.758999,0.7522182,0.7389266,0.73974115,0.73463327,0.7341494,0.72388655,0.70069915,0.72176737,0.70243424
2025-01-01 16:57:00,0.76143754,0.7590101,0.75222313,0.73892426,0.7397301,0.7346195,0.7341391,0.72388333,0.7007046,0.7217792,0.7024473
2025-01-01 16:58:00,0.7614491,0.75902134,0.7522283,0.7389218,0.7397193,0.7346058,0.7341288,0.7238802,0.7007102,0.72179115,0.7024602
2025-01-01 16:59:00,0.76146084,0.7590328,0.75223356,0.7389193,0.73970854,0.73459226,0.7341185,0.72387713,0.7007159,0.72180307,0.7024731
2025-01-01 17:00:00,0.7609539,0.7586967,0.75181526,0.73905194,0.73940283,0.73437357,0.73418164,0.72388065,0.70075685,0.7219362,0.7027226
2025-01-01 17:01:00,0.760551,0.75843024,0.75148183,0.73915744,0.73915625,0.73419595,0.73423016,0.723883,0.7007908,0.7220452,0.70292467
2025-01-01 17:02:00,0.76023114,0.7582195,0.75121623,0.73924124,0.7389568,0.73405117,0.73426694,0.72388434,0.7008193,0.7221347,0.70308894
2025-01-01 17:03:00,0.7599778,0.7580532,0.7510048,0.7393077,0.7387952,0.7339328,0.7342944,0.72388494,0.7008433,0.72220874,0.7032228
2025-01-01 17:04:00,0.7597777,0.7579226,0.75083685,0.7393603,0.73866385,0.7338355,0.7343144,0.7238849,0.70086366,0.7222705,0.7033324
2025-01-01 17:05:00,0.75962025,0.7578204,0.75070363,0.73940164,0.7385567,0.73375505,0.7343283,0.72388446,0.7008813,0.7223222,0.70342267
2025-01-01 17:06:00,0.7594968,0.75774103,0.7505981,0.73943406,0.7384688,0.73368806,0.73433757,0.7238836,0.7008967,0.7223661,0.70349735
2025-01-01 17:07:00,0.75940055,0.7576799,0.7505147,0.7394594,0.73839647,0.73363185,0.734343,0.72388256,0.7009102,0.7224036,0.7035596
2025-01-01 17:08:00,0.75932616,0.75763327,0.7504491,0.739479,0.7383364,0.7335842,0.73434526,0.72388124,0.7009224,0.722436,0.7036119
2025-01-01 17:09:00,0.7592692,0.75759834,0.7503977,0.73949397,0.7382862,0.7335435,0.7343452,0.72387975,0.7009334,0.72246444,0.70365626
2025-01-01 17:10:00,0.7592262,0.75757265,0.7503576,0.7395053,0.73824394,0.7335084,0.73434323,0.7238782,0.7009435,0.7224896,0.7036942
2025-01-01 17:11:00,0.7591944,0.75755453,0.7503266,0.73951364,0.73820806,0.7334777,0.7343397,0.72387654,0.700953,0.7225122,0.70372707
2025-01-01 17:12:00,0.7591715,0.7575423,0.7503028,0.7395196,0.7381771,0.7334504,0.734335,0.7238748,0.7009619,0.72253275,0.70375586
2025-01-01 17:13:00,0.75915575,0.75753486,0.7502848,0.7395236,0.73815024,0.733426,0.7343293,0.72387314,0.7009703,0.72255164,0.7037813
2025-01-01 17:14:00,0.75914574,0.75753117,0.75027144,0.73952615,0.73812664,0.73340386,0.7343228,0.7238714,0.70097846,0.72256917,0.7038042
2025-01-01 17:15:00,0.7591403,0.75753057,0.75026166,0.7395274,0.73810554,0.7333836,0.7343157,0.7238697,0.7009863,0.72258574,0.703825
2025-01-01 17:16:00,0.7591386,0.7575324,0.7502549,0.73952764,0.7380865,0.73336476,0.7343081,0.72386795,0.700994,0.7226014,0.70384413
2025-01-01 17:17:00,0.7591398,0.7575361,0.75025046,0.73952705,0.7380691,0.733347,0.7343002,0.7238662,0.70100147,0.72261643,0.70386183
2025-01-01 17:18:00,0.7591433,0.75754136,0.7502479,0.7395258,0.7380531,0.73333025,0.734292,0.72386456,0.7010089,0.72263104,0.7038785
2025-01-01 17:19:00,0.75914866,0.75754786,0.75024676,0.73952407,0.738038,0.73331416,0.7342835,0.7238628,0.70101625,0.72264504,0.7038943
2025-01-01 17:20:00,0.7591556,0.75755537,0.7502468,0.7395218,0.73802376,0.7332987,0.73427486,0.7238612,0.7010235,0.7226588,0.7039094
2025-01-01 17:21:00,0.7591637,0.7575636,0.7502478,0.73951924,0.73801017,0.73328376,0.7342661,0.72385967,0.70103073,0.72267234,0.7039239
2025-01-01 17:22:00,0.7591728,0.7575725,0.75024945,0.7395163,0.73799706,0.7332692,0.7342572,0.7238582,0.70103794,0.7226856,0.70393795
2025-01-01 17:23:00,0.75918263,0.7575818,0.7502517,0.73951316,0.7379844,0.733255,0.7342483,0.7238567,0.70104516,0.72269875,0.7039516
2025-01-01 17:24:00,0.7591931,0.7575914,0.75025445,0.7395098,0.7379721,0.73324096,0.73423934,0.72385526,0.7010524,0.7227118,0.703965
2025-01-01 17:25:00,0.75920415,0.7576015,0.7502575,0.73950624,0.7379599,0.73322713,0.7342303,0.7238539,0.70105964,0.7227247,0.7039782
2025-01-01 17:26:00,0.75921553,0.75761175,0.7502609,0.73950255,0.737948,0.7332135,0.73422134,0.7238525,0.7010669,0.72273755,0.7039911
2025-01-01 17:27:00,0.7592273,0.7576222,0.75026447,0.7394987,0.73793626,0.7332,0.7342123,0.72385126,0.7010742,0.7227503,0.70400393
2025-01-01 17:28:00,0.75923926,0.75763273,0.7502681,0.7394947,0.7379246,0.73318654,0.7342032,0.72385,0.7010815,0.72276306,0.7040166
2025-01-01 17:29:00,0.7592514,0.75764346,0.7502719,0.7394906,0.737913,0.73317325,0.7341943,0.7238489,0.70108885,0.72277576,0.70402914
2025-01-01 17:30:00,0.75879174,0.75736207,0.7499288,0.73968756,0.7377062,0.7330636,0.7343256,0.72396606,0.70126075,0.72303015,0.7043944
2025-01-01 17:31:00,0.7584267,0.75713927,0.7496551,0.73984426,0.73753846,0.73297316,0.7344288,0.72405964,0.70139986,0.7232362,0.704689
2025-01-01 17:32:00,0.7581372,0.75696313,0.74943703,0.7399686,0.73740196,0.73289835,0.73450965,0.7241344,0.7015126,0.7234036,0.704927
2025-01-01 17:33:00,0.7579082,0.7568245,0.74926335,0.7400672,0.73729056,0.7328358,0.7345725,0.724194,0.7016043,0.72354,0.70511997
2025-01-01 17:34:00,0.7577277,0.7567157,0.7491252,0.7401451,0.7371991,0.73278326,0.73462105,0.72424155,0.7016793,0.72365165,0.7052766
2025-01-01 17:35:00,0.7575858,0.75663096,0.74901545,0.7402064,0.7371237,0.73273855,0.73465824,0.72427946,0.7017408,0.7237436,0.70540434
2025-01-01 17:36:00,0.757475,0.7565652,0.7489284,0.7402545,0.73706114,0.7327002,0.73468614,0.7243097,0.7017916,0.7238196,0.70550895
2025-01-01 17:37:00,0.75738895,0.75651485,0.7488596,0.740292,0.73700875,0.732667,0.7347068,0.72433376,0.7018338,0.723883,0.70559496
2025-01-01 17:38:00,0.7573227,0.7564767,0.7488053,0.74032104,0.7369645,0.7326379,0.73472166,0.72435296,0.7018691,0.72393626,0.7056661
2025-01-01 17:39:00,0.75727236,0.7564483,0.7487625,0.7403433,0.73692685,0.73261195,0.73473173,0.7243682,0.70189893,0.72398144,0.7057255
2025-01-01 17:40:00,0.75723463,0.7564278,0.74872905,0.74036,0.7368944,0.7325887,0.7347382,0.7243804,0.7019244,0.7240201,0.7057753
2025-01-01 17:41:00,0.75720716,0.7564135,0.748703,0.74037236,0.7368662,0.7325675,0.7347416,0.7243901,0.7019464,0.72405356,0.7058176
2025-01-01 17:42:00,0.7571877,0.7564042,0.74868286,0.74038124,0.7368412,0.7325479,0.7347427,0.7243978,0.70196563,0.7240829,0.7058537
2025-01-01 17:43:00,0.7571748,0.7563989,0.74866754,0.7403873,0.7368189,0.7325297,0.73474187,0.7244039,0.7019826,0.724109,0.705885
2025-01-01 17:44:00,0.75716704,0.75639683,0.7486559,0.7403911,0.73679876,0.7325126,0.7347396,0.7244088,0.7019978,0.7241323,0.70591235
2025-01-01 17:45:00,0.7571635,0.75639725,0.7486473,0.74039304,0.7367803,0.7324963,0.7347361,0.72441274,0.70201164,0.7241536,0.7059366
2025-01-01 17:46:00,0.75716335,0.7563997,0.748641,0.7403935,0.73676324,0.7324807,0.7347317,0.72441584,0.7020244,0.7241732,0.7059583
2025-01-01 17:47:00,0.75716573,0.7564038,0.7486367,0.7403928,0.7367472,0.7324657,0.7347265,0.7244184,0.7020362,0.72419137,0.705978
2025-01-01 17:48:00,0.7571703,0.75640917,0.74863386,0.7403912,0.736732,0.7324511,0.73472065,0.7244205,0.7020474,0.72420853,0.7059961
2025-01-01 17:49:00,0.7571766,0.7564155,0.74863225,0.74038875,0.7367175,0.7324369,0.73471445,0.72442216,0.70205796,0.72422487,0.70601285
2025-01-01 17:50:00,0.75718427,0.7564227,0.7486316,0.74038565,0.7367036,0.732423,0.7347078,0.7244236,0.70206815,0.7242405,0.7060286
2025-01-01 17:51:00,0.757193,0.7564305,0.7486316,0.7403821,0.73669004,0.7324093,0.734701,0.7244247,0.702078,0.7242555,0.70604354
2025-01-01 17:52:00,0.7572026,0.75643885,0.74863225,0.7403781,0.7366769,0.73239577,0.7346938,0.7244258,0.7020875,0.72427016,0.7060577
2025-01-01 17:53:00,0.7572129,0.75644755,0.7486333,0.74037373,0.7366639,0.73238236,0.73468655,0.7244267,0.7020969,0.72428447,0.70607144
2025-01-01 17:54:00,0.7572238,0.7564566,0.74863476,0.7403691,0.7366511,0.7323692,0.7346792,0.7244275,0.7021061,0.7242984,0.70608467
2025-01-01 17:55:00,0.7572351,0.75646585,0.7486365,0.7403642,0.73663855,0.7323561,0.7346718,0.72442824,0.70211524,0.72431225,0.70609754
2025-01-01 17:56:00,0.7572468,0.7564753,0.7486384,0.74035907,0.7366261,0.7323431,0.7346642,0.724429,0.70212424,0.72432584,0.7061101
2025-01-01 17:57:00,0.7572588,0.7564849,0.7486405,0.7403538,0.73661375,0.7323301,0.7346567,0.7244297,0.70213324,0.7243393,0.70612246
2025-01-01 17:58:00,0.757271,0.75649464,0.7486427,0.74034834,0.73660153,0.7323172,0.7346491,0.72443044,0.7021421,0.7243527,0.7061346
2025-01-01 17:59:00,0.7572834,0.7565044,0.74864495,0.7403428,0.73658925,0.73230433,0.73464155,0.72443116,0.70215106,0.724366,0.7061466
2025-01-01 18:00:00,0.7568794,0.75628275,0.7483831,0.7406004,0.73648494,0.7323057,0.73483866,0.7246599,0.7024509,0.7247372,0.70662117
2025-01-01 18:01:00,0.7565587,0.75610745,0.7481741,0.7408054,0.7363991,0.7323043,0.7349949,0.72484314,0.7026925,0.7250368,0.7070031
2025-01-01 18:02:00,0.75630486,0.75596917,0.74800736,0.74096805,0.73632807,0.73230064,0.7351183,0.7249899,0.7028876,0.72527903,0.707311
2025-01-01 18:03:00,0.7561044,0.7558605,0.7478745,0.7410969,0.7362688,0.7322951,0.7352156,0.7251075,0.7030455,0.72547543,0.7075594
2025-01-01 18:04:00,0.75594664,0.7557756,0.7477686,0.7411987,0.7362189,0.73228824,0.73529196,0.7252018,0.7031736,0.7256351,0.70776045
2025-01-01 18:05:00,0.7558231,0.7557096,0.74768436,0.74127895,0.73617655,0.7322802,0.7353515,0.7252774,0.7032779,0.7257655,0.70792353
2025-01-01 18:06:00,0.7557268,0.75565875,0.7476174,0.74134177,0.73614025,0.7322713,0.73539776,0.7253382,0.7033631,0.72587246,0.70805615
2025-01-01 18:07:00,0.7556524,0.75562006,0.74756426,0.7413908,0.7361088,0.7322617,0.7354333,0.7253871,0.70343316,0.72596055,0.7081646
2025-01-01 18:08:00,0.7555955,0.75559103,0.7475222,0.74142873,0.7360812,0.7322515,0.7354603,0.7254264,0.7034911,0.72603357,0.70825344
2025-01-01 18:09:00,0.75555265,0.7555698,0.7474889,0.7414578,0.7360566,0.73224086,0.7354804,0.72545815,0.70353925,0.7260947,0.7083267
2025-01-01 18:10:00,0.755521,0.75555474,0.7474627,0.7414797,0.7360345,0.7322298,0.73549515,0.72548383,0.70357966,0.72614616,0.70838755
2025-01-01 18:11:00,0.75549823,0.7555446,0.7474421,0.74149585,0.7360144,0.7322185,0.73550546,0.7255047,0.7036138,0.7261899,0.70843846
2025-01-01 18:12:00,0.7554827,0.75553846,0.74742603,0.7415075,0.7359958,0.732207,0.7355124,0.7255216,0.7036431,0.7262276,0.7084813
2025-01-01 18:13:00,0.75547284,0.7555354,0.7474135,0.7415154,0.73597854,0.7321953,0.7355164,0.7255355,0.7036683,0.72626036,0.7085178
2025-01-01 18:14:00,0.75546753,0.75553495,0.74740386,0.74152035,0.7359623,0.7321835,0.73551834,0.72554696,0.7036904,0.7262891,0.7085492
2025-01-01 18:15:00,0.755466,0.7555364,0.74739647,0.74152297,0.7359467,0.73217154,0.7355185,0.72555643,0.70370996,0.72631484,0.7085764
2025-01-01 18:16:00,0.7554673,0.75553954,0.74739087,0.7415236,0.73593175,0.7321595,0.73551726,0.7255644,0.7037275,0.7263379,0.7086004
2025-01-01 18:17:00,0.755471,0.7555438,0.7473867,0.74152285,0.7359173,0.7321474,0.735515,0.7255711,0.70374346,0.72635907,0.7086217
2025-01-01 18:18:00,0.75547653,0.7555492,0.7473837,0.7415208,0.7359033,0.7321353,0.7355118,0.7255769,0.7037581,0.72637856,0.7086409
2025-01-01 18:19:00,0.75548357,0.75555533,0.74738157,0.7415178,0.7358897,0.7321232,0.7355079,0.7255818,0.7037718,0.7263968,0.7086584
2025-01-01 18:20:00,0.7554918,0.7555621,0.74738014,0.7415139,0.73587626,0.732111,0.7355035,0.7255862,0.7037847,0.72641397,0.70867455
2025-01-01 18:21:00,0.75550103,0.75556934,0.7473793,0.7415094,0.73586303,0.7320988,0.7354986,0.72559005,0.7037969,0.72643036,0.70868963
2025-01-01 18:22:00,0.755511,0.75557697,0.7473788,0.74150425,0.7358499,0.7320866,0.73549336,0.7255936,0.70380867,0.72644603,0.70870376
2025-01-01 18:23:00,0.7555216,0.75558496,0.74737877,0.74149877,0.7358369,0.7320744,0.73548794,0.7255969,0.70382005,0.7264613,0.7087172
2025-01-01 18:24:00,0.7555327,0.7555932,0.7473789,0.7414929,0.7358241,0.7320622,0.7354823,0.72559994,0.70383114,0.7264761,0.7087301
2025-01-01 18:25:00,0.7555441,0.7556015,0.74737924,0.7414868,0.7358113,0.73205006,0.7354765,0.72560287,0.703842,0.7264905,0.70874244
2025-01-01 18:26:00,0.7555559,0.75561,0.7473797,0.74148035,0.7357985,0.73203784,0.73547053,0.72560567,0.7038526,0.7265047,0.7087544
2025-01-01 18:27:00,0.7555679,0.75561863,0.7473803,0.74147373,0.7357857,0.7320257,0.7354646,0.72560835,0.70386314,0.7265187,0.7087661
2025-01-01 18:28:00,0.75558007,0.75562733,0.747381,0.74146694,0.735773,0.7320135,0.73545855,0.725611,0.7038735,0.72653246,0.70877755
2025-01-01 18:29:00,0.75559247,0.75563604,0.7473816,0.74146,0.7357604,0.7320014,0.73545253,0.7256136,0.7038838,0.7265461,0.70878875
2025-01-01 18:30:00,0.75525117,0.7554779,0.74720573,0.7417739,0.73576057,0.73211366,0.7357119,0.7259499,0.7043061,0.7270275,0.7093642
2025-01-01 18:31:00,0.75498074,0.75535315,0.7470652,0.74202347,0.7357583,0.73220104,0.73591816,0.72621936,0.704646,0.72741514,0.70982647
2025-01-01 18:32:00,0.754767,0.7552551,0.7469529,0.7422216,0.7357539,0.7322685,0.736082,0.72643554,0.7049199,0.727728,0.7101984
2025-01-01 18:33:00,0.75459856,0.75517845,0.7468632,0.7423786,0.7357478,0.7323201,0.7362119,0.726609,0.70514107,0.72798085,0.7104981
2025-01-01 18:34:00,0.7544664,0.75511885,0.74679154,0.7425026,0.7357404,0.732359,0.7363146,0.7267483,0.70532,0.72818583,0.7107398
2025-01-01 18:35:00,0.75436324,0.7550729,0.7467343,0.74260026,0.73573196,0.7323878,0.73639566,0.72686034,0.7054652,0.7283523,0.7109352
2025-01-01 18:36:00,0.7542833,0.75503784,0.74668866,0.7426768,0.73572266,0.7324084,0.7364593,0.7269505,0.7055835,0.7284882,0.71109354
2025-01-01 18:37:00,0.754222,0.75501156,0.7466522,0.7427365,0.7357127,0.7324225,0.7365091,0.7270233,0.70568013,0.72859955,0.7112223
2025-01-01 18:38:00,0.7541754,0.7549922,0.7466231,0.74278265,0.73570216,0.7324314,0.73654777,0.7270821,0.7057595,0.7286912,0.7113272
2025-01-01 18:39:00,0.7541408,0.75497836,0.7465999,0.742818,0.7356912,0.7324362,0.7365775,0.7271297,0.7058251,0.72876716,0.7114132
2025-01-01 18:40:00,0.7541157,0.75496906,0.74658144,0.74284464,0.7356798,0.7324376,0.7366003,0.7271684,0.7058797,0.7288306,0.71148396
2025-01-01 18:41:00,0.7540982,0.7549633,0.74656665,0.7428643,0.7356682,0.7324364,0.7366173,0.72720003,0.7059254,0.7288839,0.71154255
2025-01-01 18:42:00,0.75408673,0.7549603,0.74655485,0.74287844,0.7356564,0.7324331,0.7366299,0.72722596,0.705964,0.72892916,0.7115914
2025-01-01 18:43:00,0.7540801,0.7549596,0.74654543,0.7428881,0.73564434,0.7324281,0.73663884,0.72724736,0.70599705,0.7289681,0.71163243
2025-01-01 18:44:00,0.75407743,0.7549607,0.7465379,0.7428942,0.7356321,0.73242176,0.7366449,0.7272651,0.7060256,0.7290017,0.7116673
2025-01-01 18:45:00,0.7540778,0.7549632,0.7465319,0.7428974,0.7356198,0.7324143,0.73664874,0.72727996,0.70605063,0.72903126,0.71169704
2025-01-01 18:46:00,0.7540807,0.75496686,0.7465271,0.74289834,0.7356073,0.7324061,0.7366507,0.7272926,0.7060727,0.72905755,0.7117228
2025-01-01 18:47:00,0.75408554,0.75497144,0.74652314,0.7428974,0.73559487,0.7323972,0.7366512,0.7273034,0.70609254,0.72908115,0.7117454
2025-01-01 18:48:00,0.754092,0.75497663,0.74652004,0.74289495,0.7355823,0.7323878,0.7366506,0.72731274,0.70611054,0.72910273,0.71176535
2025-01-01 18:49:00,0.75409967,0.7549825,0.7465174,0.7428913,0.73556966,0.7323778,0.73664904,0.7273209,0.7061271,0.7291226,0.7117833
2025-01-01 18:50:00,0.75410837,0.75498873,0.74651533,0.7428867,0.73555696,0.7323676,0.73664683,0.72732824,0.7061425,0.72914106,0.71179956
2025-01-01 18:51:00,0.7541179,0.75499535,0.74651355,0.74288136,0.7355442,0.7323571,0.7366441,0.72733486,0.70615697,0.72915846,0.7118144
2025-01-01 18:52:00,0.75412804,0.75500214,0.74651206,0.74287534,0.73553145,0.7323464,0.7366409,0.7273408,0.7061707,0.72917503,0.71182823
2025-01-01 18:53:00,0.7541387,0.7550092,0.74651074,0.7428688,0.7355187,0.73233557,0.73663723,0.72734636,0.70618385,0.7291908,0.7118412
2025-01-01 18:54:00,0.7541498,0.75501645,0.7465096,0.7428618,0.7355059,0.7323246,0.7366334,0.7273516,0.7061965,0.72920614,0.71185344
2025-01-01 18:55:00,0.75416124,0.7550237,0.74650854,0.7428545,0.73549306,0.7323136,0.7366294,0.72735655,0.7062088,0.729221,0.7118651
2025-01-01 18:56:00,0.75417286,0.75503117,0.7465076,0.74284685,0.7354802,0.7323024,0.7366253,0.7273613,0.7062209,0.7292355,0.7118764
2025-01-01 18:57:00,0.7541847,0.7550386,0.7465067,0.74283904,0.73546726,0.7322913,0.736621,0.727366,0.7062328,0.72924966,0.7118872
2025-01-01 18:58:00,0.7541967,0.7550461,0.7465058,0.742831,0.7354543,0.7322801,0.7366167,0.7273705,0.70624447,0.7292636,0.71189773
2025-01-01 18:59:00,0.75420886,0.75505364,0.7465049,0.7428228,0.73544145,0.73226887,0.7366123,0.7273749,0.70625603,0.7292774,0.711908
2025-01-01 19:00:00,0.75393647,0.75496197,0.74641806,0.7431872,0.7355461,0.73249006,0.7369294,0.72781265,0.70679325,0.72986025,0.7125739
2025-01-01 19:01:00,0.75372106,0.7548902,0.7463484,0.74347687,0.73562723,0.7326649,0.7371822,0.72816366,0.7072253,0.73032916,0.71310854
2025-01-01 19:02:00,0.75355124,0.75483423,0.7462925,0.7437069,0.7356896,0.73280245,0.73738354,0.7284453,0.7075731,0.7307069,0.71353805
2025-01-01 19:03:00,0.75341785,0.75479096,0.74624753,0.7438891,0.7357368,0.7329103,0.73754376,0.72867155,0.7078536,0.7310117,0.7138834
2025-01-01 19:04:00,0.7533137,0.7547578,0.74621135,0.744033,0.73577195,0.7329943,0.737671,0.72885334,0.70808035,0.7312581,0.7141616
2025-01-01 19:05:00,0.7532329,0.7547327,0.7461822,0.74414635,0.7357976,0.73305935,0.73777205,0.72899973,0.7082639,0.7314578,0.71438587
2025-01-01 19:06:00,0.7531707,0.75471413,0.7461586,0.74423516,0.7358154,0.73310906,0.73785204,0.72911775,0.70841295,0.73162025,0.71456707
2025-01-01 19:07:00,0.7531235,0.7547007,0.74613947,0.74430436,0.7358271,0.73314667,0.7379151,0.72921306,0.70853454,0.73175275,0.7147139
2025-01-01 19:08:00,0.75308824,0.7546914,0.74612385,0.7443579,0.73583376,0.73317456,0.73796475,0.72929025,0.70863396,0.73186135,0.714833
2025-01-01 19:09:00,0.7530625,0.75468534,0.74611115,0.74439883,0.73583657,0.7331947,0.73800373,0.72935295,0.7087158,0.7319508,0.7149301
2025-01-01 19:10:00,0.75304437,0.75468194,0.74610066,0.7444297,0.7358362,0.7332086,0.73803407,0.72940403,0.7087836,0.7320249,0.71500957
2025-01-01 19:11:00,0.7530324,0.75468063,0.746092,0.7444526,0.73583335,0.7332175,0.73805755,0.7294459,0.70884013,0.7320869,0.71507484
2025-01-01 19:12:00,0.7530252,0.754681,0.74608475,0.744469,0.7358284,0.7332225,0.73807555,0.72948027,0.7088876,0.732139,0.7151288
2025-01-01 19:13:00,0.753022,0.7546826,0.7460786,0.7444802,0.7358218,0.7332243,0.7380892,0.7295088,0.70892787,0.7321833,0.7151737
2025-01-01 19:14:00,0.7530219,0.75468534,0.7460733,0.74448735,0.7358139,0.73322356,0.73809934,0.72953266,0.7089623,0.73222125,0.7152114
2025-01-01 19:15:00,0.75302434,0.7546888,0.7460688,0.74449104,0.735805,0.7332208,0.73810667,0.7295527,0.7089923,0.7322542,0.7152433
2025-01-01 19:16:00,0.75302863,0.754693,0.7460648,0.7444922,0.73579526,0.73321646,0.73811185,0.72956973,0.7090185,0.7322832,0.7152704
2025-01-01 19:17:00,0.7530346,0.7546977,0.7460612,0.7444911,0.7357848,0.73321086,0.7381153,0.7295844,0.70904183,0.7323089,0.7152938
2025-01-01 19:18:00,0.75304186,0.75470275,0.746058,0.74448836,0.7357739,0.7332042,0.7381173,0.72959715,0.7090628,0.73233205,0.7153142
2025-01-01 19:19:00,0.75305,0.7547081,0.746055,0.7444842,0.73576254,0.73319674,0.73811823,0.7296084,0.7090819,0.73235315,0.7153322
2025-01-01 19:20:00,0.7530591,0.7547138,0.7460522,0.74447894,0.7357508,0.7331886,0.73811823,0.7296185,0.7090995,0.73237264,0.7153483
2025-01-01 19:21:00,0.7530688,0.7547196,0.7460496,0.7444728,0.7357388,0.73318005,0.7381176,0.7296276,0.7091159,0.73239076,0.71536285
2025-01-01 19:22:00,0.753079,0.7547256,0.746047,0.7444659,0.73572665,0.7331711,0.73811644,0.72963595,0.70913136,0.7324078,0.7153761
2025-01-01 19:23:00,0.75308955,0.7547316,0.7460446,0.74445844,0.73571426,0.73316175,0.73811483,0.72964376,0.7091461,0.7324241,0.7153883
2025-01-01 19:24:00,0.75310045,0.7547377,0.74604213,0.7444505,0.7357017,0.7331522,0.73811287,0.72965103,0.70916027,0.7324396,0.71539974
2025-01-01 19:25:00,0.7531116,0.7547438,0.74603975,0.74444216,0.73568904,0.7331425,0.73811066,0.72965795,0.70917386,0.73245454,0.71541053
2025-01-01 19:26:00,0.7531229,0.75475,0.74603736,0.7444335,0.7356763,0.73313266,0.7381083,0.7296646,0.70918715,0.73246914,0.7154207
2025-01-01 19:27:00,0.7531344,0.7547562,0.7460349,0.7444246,0.7356635,0.73312265,0.7381057,0.7296711,0.70920014,0.73248327,0.71543056
2025-01-01 19:28:00,0.75314605,0.7547624,0.74603254,0.74441546,0.73565066,0.73311263,0.73810315,0.72967744,0.7092129,0.7324972,0.7154399
2025-01-01 19:29:00,0.75315773,0.75476855,0.7460301,0.74440616,0.7356377,0.7331025,0.73810047,0.72968364,0.7092255,0.7325109,0.71544904
2025-01-01 19:30:00,0.7529591,0.75474495,0.74603385,0.7448146,0.7358449,0.73342866,0.73846954,0.730215,0.7098682,0.73318493,0.71619374
2025-01-01 19:31:00,0.75280255,0.7547273,0.74603635,0.74513936,0.73600805,0.7336876,0.7387643,0.73064137,0.7103848,0.7337267,0.71679103
2025-01-01 19:32:00,0.75267965,0.7547144,0.7460378,0.74539715,0.7361359,0.7338926,0.7389995,0.73098356,0.71080035,0.73416257,0.7172704
2025-01-01 19:33:00,0.75258374,0.75470525,0.74603844,0.7456013,0.73623556,0.7340546,0.73918706,0.7312585,0.7111353,0.7345139,0.7176555
2025-01-01 19:34:00,0.7525094,0.7546991,0.7460383,0.7457626,0.73631275,0.7341822,0.7393366,0.7314797,0.71140563,0.7347974,0.71796507
2025-01-01 19:35:00,0.7524523,0.75469536,0.7460377,0.74588954,0.73637176,0.7342822,0.73945576,0.73165786,0.71162426,0.7350268,0.7182143
2025-01-01 19:36:00,0.75240904,0.7546935,0.74603665,0.745989,0.73641646,0.7343602,0.73955053,0.7318016,0.7118016,0.7352128,0.7184152
2025-01-01 19:37:00,0.7523768,0.7546932,0.7460352,0.74606663,0.7364495,0.7344206,0.7396259,0.73191786,0.7119459,0.7353642,0.7185774
2025-01-01 19:38:00,0.75235337,0.75469404,0.7460334,0.74612653,0.7364734,0.73446697,0.73968565,0.73201203,0.7120638,0.73548776,0.7187087
2025-01-01 19:39:00,0.752337,0.7546959,0.74603134,0.7461724,0.73648983,0.7345021,0.739733,0.7320886,0.71216047,0.73558915,0.7188152
2025-01-01 19:40:00,0.7523262,0.7546984,0.7460291,0.7462071,0.7365004,0.7345281,0.73977035,0.7321512,0.71224016,0.7356728,0.7189019
2025-01-01 19:41:00,0.75231993,0.75470155,0.74602664,0.7462327,0.7365062,0.73454696,0.7397998,0.73220253,0.71230644,0.73574215,0.7189727
2025-01-01 19:42:00,0.7523173,0.75470513,0.7460241,0.7462511,0.73650825,0.7345601,0.7398229,0.7322448,0.7123619,0.73580015,0.7190308
2025-01-01 19:43:00,0.75231755,0.75470906,0.74602133,0.7462637,0.73650724,0.73456866,0.739841,0.73227996,0.7124086,0.73584914,0.7190787
2025-01-01 19:44:00,0.7523201,0.7547133,0.7460184,0.74627167,0.7365039,0.73457354,0.73985505,0.7323094,0.71244854,0.73589075,0.7191186
2025-01-01 19:45:00,0.75232446,0.75471777,0.7460154,0.7462759,0.73649853,0.73457545,0.73986584,0.73233426,0.71248287,0.73592657,0.71915185
2025-01-01 19:46:00,0.75233024,0.75472236,0.7460124,0.7462772,0.7364917,0.7345751,0.7398741,0.7323554,0.7125128,0.7359577,0.71917987
2025-01-01 19:47:00,0.75233716,0.7547271,0.7460092,0.746276,0.73648345,0.7345728,0.7398804,0.7323737,0.7125392,0.7359851,0.71920377
2025-01-01 19:48:00,0.752345,0.75473195,0.7460059,0.746273,0.73647434,0.7345692,0.7398849,0.73238975,0.71256274,0.73600954,0.7192243
2025-01-01 19:49:00,0.75235367,0.7547368,0.74600255,0.7462684,0.73646444,0.73456424,0.73988825,0.7324038,0.7125841,0.73603153,0.71924204
2025-01-01 19:50:00,0.75236285,0.75474167,0.74599916,0.74626255,0.73645395,0.73455846,0.7398905,0.7324165,0.7126036,0.7360516,0.71925765
2025-01-01 19:51:00,0.75237256,0.75474656,0.74599564,0.74625576,0.73644286,0.73455185,0.73989207,0.73242795,0.71262175,0.73607016,0.7192715
2025-01-01 19:52:00,0.7523826,0.7547515,0.7459921,0.7462481,0.7364314,0.73454475,0.7398929,0.7324385,0.7126387,0.73608744,0.71928394
2025-01-01 19:53:00,0.7523929,0.7547564,0.74598855,0.74623984,0.7364196,0.7345371,0.73989326,0.73244834,0.7126547,0.7361038,0.71929526
2025-01-01 19:54:00,0.7524034,0.7547613,0.74598485,0.746231,0.7364076,0.7345292,0.73989326,0.7324577,0.71266997,0.7361193,0.7193057
2025-01-01 19:55:00,0.7524141,0.75476617,0.7459811,0.7462218,0.73639536,0.734521,0.73989296,0.73246646,0.71268475,0.7361341,0.71931535
2025-01-01 19:56:00,0.7524249,0.754771,0.7459773,0.7462122,0.73638296,0.7345125,0.7398924,0.732475,0.712699,0.7361485,0.7193244
2025-01-01 19:57:00,0.75243586,0.7547758,0.7459734,0.74620235,0.73637044,0.7345039,0.7398917,0.73248315,0.71271294,0.7361625,0.719333
2025-01-01 19:58:00,0.7524469,0.7547806,0.74596953,0.7461923,0.7363578,0.73449516,0.7398909,0.73249114,0.71272653,0.736176,0.71934116
2025-01-01 19:59:00,0.752458,0.7547853,0.74596554,0.74618196,0.7363451,0.73448634,0.73989,0.732499,0.7127399,0.7361893,0.71934897
2025-01-01 20:00:00,0.7523365,0.75483024,0.74605995,0.7466272,0.73665124,0.7349118,0.7403046,0.7331148,0.71347666,0.7369426,0.7201591
2025-01-01 20:01:00,0.7522416,0.7548671,0.7461346,0.74698114,0.73689353,0.73525035,0.74063605,0.73360884,0.7140686,0.7375476,0.72080857
2025-01-01 20:02:00,0.75216794,0.7548975,0.74619347,0.7472621,0.7370848,0.73551935,0.740901,0.73400563,0.71454465,0.73803407,0.72132933
2025-01-01 20:03:00,0.7521112,0.7549226,0.74623966,0.7474847,0.73723525,0.73573273,0.7411127,0.73432446,0.714928,0.7384256,0.7217473
2025-01-01 20:04:00,0.752068,0.7549436,0.7462757,0.7476604,0.7373529,0.73590165,0.7412819,0.73458105,0.7152372,0.73874134,0.72208285
2025-01-01 20:05:00,0.75203574,0.75496125,0.7463037,0.7477988,0.73744446,0.73603505,0.7414171,0.7347878,0.71548706,0.7389963,0.7223526
2025-01-01 20:06:00,0.7520121,0.7549762,0.74632514,0.7479072,0.73751515,0.73613995,0.74152505,0.7349548,0.7156895,0.73920274,0.7225696
2025-01-01 20:07:00,0.7519954,0.75498897,0.74634135,0.7479917,0.73756915,0.73622215,0.7416113,0.73508984,0.715854,0.7393702,0.72274435
2025-01-01 20:08:00,0.75198424,0.755,0.7463534,0.748057,0.7376097,0.7362861,0.74168015,0.7351994,0.71598804,0.73950666,0.72288543
2025-01-01 20:09:00,0.7519775,0.75500965,0.74636215,0.7481069,0.73763955,0.7363355,0.74173504,0.7352886,0.7160979,0.73961824,0.72299945
2025-01-01 20:10:00,0.7519743,0.7550182,0.7463681,0.7481447,0.7376608,0.7363733,0.74177885,0.7353615,0.7161883,0.73970985,0.7230919
2025-01-01 20:11:00,0.7519739,0.75502574,0.7463719,0.7481726,0.73767525,0.73640174,0.7418137,0.7354214,0.7162631,0.73978555,0.723167
2025-01-01 20:12:00,0.75197583,0.7550326,0.7463741,0.74819255,0.73768425,0.73642284,0.7418416,0.7354709,0.7163256,0.73984843,0.7232282
2025-01-01 20:13:00,0.7519795,0.7550388,0.7463748,0.7482063,0.73768884,0.736438,0.7418638,0.735512,0.71637803,0.7399011,0.7232784
2025-01-01 20:14:00,0.75198454,0.7550445,0.74637437,0.748215,0.73769,0.73644835,0.7418815,0.7355465,0.7164225,0.7399457,0.72331965
2025-01-01 20:15:00,0.7519908,0.7550499,0.74637294,0.7482196,0.7376882,0.73645496,0.7418955,0.7355757,0.7164607,0.7399837,0.7233538
2025-01-01 20:16:00,0.7519979,0.75505483,0.7463708,0.748221,0.7376843,0.73645854,0.74190664,0.7356007,0.7164938,0.74001646,0.7233823
2025-01-01 20:17:00,0.75200576,0.75505954,0.7463681,0.7482198,0.7376786,0.73645973,0.7419156,0.7356223,0.7165228,0.7400451,0.7234062
2025-01-01 20:18:00,0.7520142,0.755064,0.7463649,0.7482165,0.73767143,0.736459,0.7419227,0.7356412,0.7165486,0.7400703,0.7234264
2025-01-01 20:19:00,0.7520231,0.75506824,0.74636126,0.7482115,0.73766315,0.73645675,0.74192834,0.73565793,0.7165718,0.7400928,0.7234436
2025-01-01 20:20:00,0.7520323,0.75507236,0.7463573,0.74820524,0.737654,0.7364533,0.7419328,0.73567295,0.71659285,0.74011314,0.72345847
2025-01-01 20:21:00,0.7520417,0.7550763,0.74635303,0.74819785,0.737644,0.7364488,0.7419364,0.7356866,0.71661234,0.7401318,0.72347146
2025-01-01 20:22:00,0.7520515,0.7550801,0.74634856,0.7481896,0.7376335,0.7364437,0.7419393,0.73569924,0.71663046,0.7401491,0.72348297
2025-01-01 20:23:00,0.7520613,0.7550838,0.7463439,0.7481807,0.73762256,0.7364379,0.74194163,0.7357109,0.71664757,0.7401651,0.72349316
2025-01-01 20:24:00,0.75207126,0.7550874,0.746339,0.74817115,0.73761123,0.7364318,0.74194354,0.735722,0.7166638,0.7401804,0.7235024
2025-01-01 20:25:00,0.75208133,0.75509095,0.746334,0.7481612,0.7375997,0.73642516,0.7419451,0.73573256,0.71667933,0.74019486,0.7235108
2025-01-01 20:26:00,0.75209147,0.75509435,0.74632895,0.7481508,0.73758775,0.73641825,0.7419464,0.7357427,0.7166944,0.7402088,0.7235186
2025-01-01 20:27:00,0.75210166,0.7550977,0.7463237,0.7481402,0.73757577,0.73641115,0.74194753,0.7357525,0.71670896,0.7402222,0.72352576
2025-01-01 20:28:00,0.7521119,0.75510097,0.74631834,0.74812937,0.73756355,0.73640394,0.74194854,0.73576206,0.71672314,0.74023527,0.7235325
2025-01-01 20:29:00,0.7521221,0.7551041,0.746313,0.7481183,0.7375513,0.7363965,0.74194944,0.7357714,0.71673715,0.74024796,0.72353894
2025-01-01 20:30:00,0.7520802,0.75521684,0.7464962,0.7485923,0.73795074,0.73691344,0.742402,0.73646027,0.7175547,0.7410669,0.7243999
2025-01-01 20:31:00,0.75204873,0.75530756,0.7466415,0.74896914,0.73826784,0.73732543,0.7427641,0.7370131,0.7182113,0.7417243,0.7250897
2025-01-01 20:32:00,0.75202554,0.7553807,0.7467567,0.7492682,0.73851895,0.73765343,0.743054,0.7374571,0.7187392,0.7422525,0.7256425
2025-01-01 20:33:00,0.7520091,0.75543976,0.74684757,0.74950504,0.7387173,0.7379143,0.743286,0.737814,0.7191641,0.74267733,0.72608566
2025-01-01 20:34:00,0.7519979,0.7554875,0.74691916,0.74969214,0.7388734,0.73812145,0.74347174,0.7381014,0.71950656,0.7430195,0.72644114
2025-01-01 20:35:00,0.751991,0.75552624,0.7469751,0.74983937,0.73899585,0.7382857,0.7436206,0.738333,0.7197831,0.74329543,0.7267265
2025-01-01 20:36:00,0.75198746,0.7555577,0.74701864,0.7499548,0.7390912,0.7384156,0.7437397,0.7385201,0.720007,0.74351853,0.7269556
2025-01-01 20:37:00,0.7519866,0.7555834,0.74705225,0.7500447,0.73916507,0.738518,0.7438353,0.73867154,0.7201886,0.74369913,0.7271399
2025-01-01 20:38:00,0.751988,0.75560445,0.74707794,0.75011414,0.7392216,0.7385984,0.74391186,0.73879445,0.7203366,0.7438459,0.7272881
2025-01-01 20:39:00,0.75199103,0.75562173,0.7470972,0.7501673,0.7392642,0.7386612,0.74397343,0.73889464,0.72045755,0.74396557,0.72740763
2025-01-01 20:40:00,0.75199544,0.755636,0.7471113,0.7502074,0.7392959,0.7387101,0.74402285,0.7389766,0.7205569,0.7440635,0.7275041
2025-01-01 20:41:00,0.752001,0.75564784,0.74712133,0.75023705,0.7393187,0.73874766,0.74406266,0.739044,0.72063905,0.74414414,0.72758216
2025-01-01 20:42:00,0.7520074,0.7556578,0.74712807,0.7502584,0.73933446,0.7387762,0.74409467,0.7390997,0.72070736,0.74421084,0.72764546
2025-01-01 20:43:00,0.75201446,0.75566614,0.7471322,0.7502729,0.73934454,0.73879766,0.74412054,0.7391462,0.7207646,0.74426645,0.7276969
2025-01-01 20:44:00,0.752022,0.7556732,0.74713415,0.75028217,0.73935014,0.73881334,0.7441415,0.7391851,0.720813,0.7443131,0.7277389
2025-01-01 20:45:00,0.7520301,0.75567937,0.74713445,0.7502872,0.7393521,0.7388245,0.74415857,0.7392182,0.7208543,0.74435264,0.7277733
2025-01-01 20:46:00,0.75203836,0.7556846,0.7471333,0.7502886,0.7393512,0.73883206,0.7441726,0.7392464,0.72089,0.74438643,0.7278017
2025-01-01 20:47:00,0.75204694,0.7556892,0.74713105,0.75028735,0.73934805,0.7388366,0.744184,0.7392709,0.7209211,0.7444157,0.7278251
2025-01-01 20:48:00,0.75205576,0.7556932,0.7471279,0.7502839,0.73934305,0.7388389,0.7441935,0.73929244,0.7209486,0.7444413,0.72784466
2025-01-01 20:49:00,0.7520647,0.75569683,0.7471241,0.7502786,0.7393365,0.7388393,0.74420136,0.7393115,0.7209732,0.7444639,0.7278611
2025-01-01 20:50:00,0.75207376,0.75570005,0.74711967,0.750272,0.73932886,0.7388383,0.744208,0.7393286,0.72099555,0.7444842,0.72787505
2025-01-01 20:51:00,0.7520829,0.755703,0.74711466,0.75026417,0.7393202,0.7388361,0.7442136,0.7393443,0.721016,0.7445026,0.72788686
2025-01-01 20:52:00,0.7520921,0.7557056,0.7471093,0.7502554,0.73931086,0.738833,0.74421847,0.73935866,0.721035,0.7445195,0.7278971
2025-01-01 20:53:00,0.7521014,0.75570804,0.74710363,0.7502459,0.7393009,0.73882914,0.74422276,0.7393721,0.7210528,0.74453515,0.72790605
2025-01-01 20:54:00,0.75211066,0.7557103,0.74709773,0.750236,0.7392905,0.7388248,0.7442266,0.7393848,0.7210697,0.74454975,0.7279139
2025-01-01 20:55:00,0.75211996,0.7557124,0.7470916,0.7502254,0.7392796,0.7388199,0.74423003,0.7393968,0.7210858,0.74456364,0.7279209
2025-01-01 20:56:00,0.7521292,0.7557143,0.7470852,0.7502145,0.73926854,0.7388147,0.74423313,0.7394085,0.7211013,0.7445769,0.72792715
2025-01-01 20:57:00,0.7521385,0.7557161,0.7470787,0.7502033,0.7392573,0.7388092,0.74423605,0.7394197,0.7211163,0.74458957,0.7279329
2025-01-01 20:58:00,0.75214773,0.7557178,0.74707204,0.7501918,0.7392458,0.73880357,0.74423885,0.7394306,0.7211309,0.74460185,0.7279381
2025-01-01 20:59:00,0.752157,0.7557194,0.7470653,0.7501801,0.73923415,0.7387977,0.7442415,0.7394414,0.7211453,0.74461377,0.727943
2025-01-01 21:00:00,0.75219524,0.7558978,0.7473341,0.75067437,0.7397198,0.739397,0.744724,0.74019116,0.72202903,0.7454838,0.72883964
2025-01-01 21:01:00,0.7522276,0.7560407,0.74754775,0.75106734,0.7401059,0.7398752,0.7451104,0.740793,0.7227386,0.7461819,0.72955763
2025-01-01 21:02:00,0.7522553,0.7561552,0.74771714,0.7513792,0.7404124,0.7402565,0.74542,0.7412765,0.7233089,0.7467425,0.7301326
2025-01-01 21:03:00,0.75227934,0.756247,0.74785113,0.75162613,0.7406552,0.74056023,0.7456682,0.74166524,0.7237679,0.74719304,0.7305932
2025-01-01 21:04:00,0.7523003,0.75632066,0.7479568,0.7518212,0.740847,0.74080205,0.7458672,0.7419782,0.72413754,0.74755555,0.73096234
2025-01-01 21:05:00,0.75231886,0.7563797,0.7480399,0.75197476,0.74099797,0.7409942,0.7460269,0.74223065,0.7244359,0.7478476,0.73125815
2025-01-01 21:06:00,0.7523355,0.7564272,0.7481048,0.752095,0.74111634,0.74114674,0.74615514,0.7424346,0.72467726,0.74808335,0.73149544
2025-01-01 21:07:00,0.75235057,0.7564653,0.74815524,0.75218874,0.7412087,0.74126756,0.7462583,0.7425998,0.7248729,0.748274,0.7316859
2025-01-01 21:08:00,0.7523644,0.75649595,0.7481941,0.75226116,0.74128014,0.74136305,0.74634135,0.74273396,0.7250321,0.7484286,0.73183876
2025-01-01 21:09:00,0.75237715,0.75652057,0.74822354,0.75231653,0.7413349,0.7414382,0.74640834,0.74284333,0.7251621,0.7485543,0.7319616
2025-01-01 21:10:00,0.75238913,0.7565404,0.74824554,0.7523583,0.7413764,0.7414971,0.7464625,0.74293286,0.72526866,0.74865687,0.73206043
2025-01-01 21:11:00,0.75240046,0.75655633,0.74826163,0.7523892,0.74140716,0.7415431,0.7465064,0.7430066,0.7253566,0.7487409,0.73214
2025-01-01 21:12:00,0.7524112,0.7565692,0.7482729,0.75241137,0.7414294,0.74157876,0.7465421,0.74306756,0.72542953,0.74881023,0.73220426
2025-01-01 21:13:00,0.75242156,0.7565796,0.7482803,0.75242656,0.7414447,0.7416062,0.74657124,0.74311846,0.7254905,0.7488677,0.7322561
2025-01-01 21:14:00,0.75243145,0.756588,0.7482847,0.7524362,0.74145466,0.7416269,0.74659514,0.7431612,0.72554183,0.7489157,0.7322981
2025-01-01 21:15:00,0.7524411,0.7565947,0.7482866,0.7524413,0.7414603,0.7416424,0.74661493,0.7431975,0.72558564,0.748956,0.73233217
2025-01-01 21:16:00,0.7524506,0.75660014,0.7482864,0.75244284,0.7414624,0.7416537,0.7466314,0.7432287,0.7256232,0.7489903,0.7323599
2025-01-01 21:17:00,0.75245976,0.75660455,0.74828476,0.7524416,0.74146175,0.7416616,0.7466451,0.7432557,0.7256559,0.74901974,0.7323825
2025-01-01 21:18:00,0.7524688,0.75660807,0.7482817,0.75243795,0.7414589,0.7416668,0.7466568,0.7432794,0.7256847,0.74904525,0.7324011
2025-01-01 21:19:00,0.7524777,0.75661093,0.7482777,0.7524325,0.7414542,0.7416699,0.7466667,0.7433005,0.7257104,0.74906766,0.7324164
2025-01-01 21:20:00,0.7524865,0.7566132,0.7482728,0.75242555,0.74144816,0.74167126,0.7466754,0.7433194,0.7257335,0.74908745,0.732429
2025-01-01 21:21:00,0.7524951,0.756615,0.7482673,0.75241745,0.74144095,0.7416713,0.74668294,0.7433367,0.7257547,0.7491053,0.7324396
2025-01-01 21:22:00,0.7525037,0.7566164,0.74826115,0.75240844,0.7414329,0.7416703,0.7466898,0.74335265,0.72577417,0.7491215,0.73244846
2025-01-01 21:23:00,0.75251216,0.75661755,0.74825454,0.7523986,0.7414241,0.74166846,0.74669594,0.74336755,0.72579247,0.7491364,0.7324559
2025-01-01 21:24:00,0.7525205,0.75661844,0.7482476,0.7523882,0.7414148,0.74166596,0.74670154,0.7433816,0.72580963,0.7491502,0.7324623
2025-01-01 21:25:00,0.75252885,0.75661904,0.7482405,0.7523773,0.741405,0.7416629,0.7467067,0.74339503,0.72582597,0.7491632,0.7324677
2025-01-01 21:26:00,0.7525371,0.75661945,0.74823296,0.75236595,0.7413949,0.7416595,0.7467116,0.74340785,0.7258417,0.74917555,0.7324725
2025-01-01 21:27:00,0.75254524,0.7566197,0.7482253,0.7523544,0.74138445,0.74165577,0.74671626,0.7434203,0.7258569,0.7491873,0.7324766
2025-01-01 21:28:00,0.7525534,0.7566199,0.74821734,0.75234246,0.74137384,0.7416518,0.7467208,0.74343246,0.7258716,0.7491986,0.7324802
2025-01-01 21:29:00,0.75256145,0.7566199,0.7482093,0.75233036,0.74136305,0.7416476,0.74672514,0.7434443,0.7258861,0.7492095,0.73248345
2025-01-01 21:30:00,0.7526793,0.7568608,0.74855894,0.7528362,0.7419263,0.7423185,0.7472289,0.7442417,0.7268203,0.7501151,0.7333996
2025-01-01 21:31:00,0.7527751,0.75705343,0.74883693,0.7532383,0.74237466,0.74285424,0.7476328,0.7448818,0.72757024,0.7508414,0.7341328
2025-01-01 21:32:00,0.7528533,0.75720733,0.74905753,0.7535574,0.74273103,0.7432819,0.7479567,0.745396,0.72817284,0.75142425,0.73471975
2025-01-01 21:33:00,0.75291735,0.75733036,0.74923223,0.75381005,0.7430139,0.743623,0.7482166,0.7458097,0.7286574,0.7518924,0.7351895
2025-01-01 21:34:00,0.75297016,0.7574286,0.7493702,0.75400966,0.7432379,0.74389505,0.74842536,0.7461428,0.7290478,0.7522688,0.7355656
2025-01-01 21:35:00,0.7530139,0.757507,0.7494789,0.75416666,0.7434148,0.7441118,0.7485932,0.7464115,0.7293627,0.75257176,0.7358668
2025-01-01 21:36:00,0.7530504,0.7575696,0.749564,0.75428975,0.7435541,0.7442842,0.74872833,0.7466287,0.7296172,0.752816,0.7361079
2025-01-01 21:37:00,0.7530811,0.75761944,0.7496303,0.75438553,0.7436633,0.7444213,0.7488373,0.74680465,0.7298234,0.75301313,0.73630106
2025-01-01 21:38:00,0.75310713,0.75765914,0.74968153,0.7544596,0.7437485,0.7445301,0.7489253,0.74694765,0.729991,0.7531727,0.7364558
2025-01-01 21:39:00,0.7531294,0.75769067,0.7497207,0.75451624,0.74381435,0.7446162,0.7489966,0.7470643,0.73012763,0.7533022,0.73657984
2025-01-01 21:40:00,0.75314873,0.7577157,0.7497502,0.754559,0.7438648,0.7446843,0.74905455,0.7471598,0.73023957,0.7534076,0.73667926
2025-01-01 21:41:00,0.7531656,0.7577355,0.749772,0.7545906,0.7439029,0.74473786,0.7491018,0.7472385,0.7303317,0.7534936,0.73675895
2025-01-01 21:42:00,0.7531806,0.757751,0.7497876,0.7546133,0.74393123,0.7447799,0.7491405,0.7473037,0.730408,0.7535643,0.7368229
2025-01-01 21:43:00,0.753194,0.7577632,0.74979824,0.7546287,0.7439517,0.7448127,0.7491724,0.7473581,0.7304717,0.7536226,0.7368742
2025-01-01 21:44:00,0.75320613,0.7577727,0.74980485,0.75463855,0.7439658,0.7448382,0.7491988,0.74740386,0.7305252,0.75367093,0.73691547
2025-01-01 21:45:00,0.7532173,0.75777996,0.7498084,0.7546438,0.7439749,0.74485767,0.74922085,0.7474428,0.7305706,0.75371146,0.73694855
2025-01-01 21:46:00,0.75322765,0.7577855,0.74980927,0.75464535,0.74398005,0.7448725,0.7492395,0.7474762,0.73060954,0.75374556,0.7369752
2025-01-01 21:47:00,0.75323737,0.7577896,0.7498081,0.75464404,0.7439819,0.74488354,0.74925536,0.74750525,0.7306432,0.7537747,0.7369966
2025-01-01 21:48:00,0.7532464,0.75779265,0.7498053,0.7546404,0.7439813,0.74489164,0.74926895,0.7475307,0.7306727,0.7537997,0.7370138
2025-01-01 21:49:00,0.7532551,0.7577947,0.74980116,0.75463474,0.7439786,0.74489737,0.74928087,0.74755335,0.730699,0.7538214,0.7370277
2025-01-01 21:50:00,0.7532634,0.757796,0.7497959,0.7546277,0.74397427,0.7449012,0.7492914,0.74757385,0.73072255,0.75384045,0.7370389
2025-01-01 21:51:00,0.75327146,0.75779665,0.7497899,0.7546194,0.74396867,0.7449035,0.74930084,0.7475925,0.7307439,0.75385743,0.737048
2025-01-01 21:52:00,0.7532792,0.7577969,0.7497831,0.7546101,0.743962,0.74490464,0.74930936,0.74760973,0.7307637,0.7538727,0.7370553
2025-01-01 21:53:00,0.7532868,0.75779665,0.74977577,0.7546002,0.74395454,0.7449048,0.7493173,0.7476258,0.730782,0.75388664,0.7370612
2025-01-01 21:54:00,0.75329417,0.75779605,0.74976796,0.75458956,0.74394643,0.7449042,0.7493246,0.747641,0.73079926,0.7538994,0.7370659
2025-01-01 21:55:00,0.7533014,0.7577952,0.7497598,0.7545785,0.74393785,0.7449031,0.7493316,0.7476555,0.7308156,0.7539113,0.7370697
2025-01-01 21:56:00,0.7533084,0.7577941,0.74975127,0.75456697,0.7439288,0.7449014,0.74933815,0.74766946,0.73083127,0.7539225,0.7370728
2025-01-01 21:57:00,0.7533154,0.75779283,0.74974257,0.7545551,0.74391943,0.74489945,0.74934447,0.7476829,0.73084635,0.7539331,0.73707527
2025-01-01 21:58:00,0.75332224,0.7577914,0.7497336,0.75454307,0.7439099,0.7448972,0.7493506,0.74769604,0.730861,0.7539432,0.73707724
2025-01-01 21:59:00,0.75332904,0.75778973,0.74972445,0.7545308,0.7439001,0.7448948,0.74935657,0.7477089,0.73087525,0.753953,0.73707885
2025-01-01 22:00:00,0.7535243,0.7580889,0.75014865,0.7550391,0.7445309,0.7456253,0.74987274,0.7485397,0.73184335,0.754878,0.7379983
2025-01-01 22:01:00,0.7536818,0.7583277,0.7504861,0.75544316,0.74503344,0.74620914,0.7502868,0.74920666,0.73262036,0.7556196,0.7387339
2025-01-01 22:02:00,0.753809,0.75851834,0.75075394,0.75576377,0.7454334,0.74667555,0.7506192,0.74974257,0.7332444,0.75621456,0.73932225
2025-01-01 22:03:00,0.75391203,0.7586703,0.75096625,0.7560176,0.74575126,0.7470481,0.7508862,0.7501737,0.73374635,0.7566921,0.7397929
2025-01-01 22:04:00,0.75399566,0.7587914,0.7511341,0.75621814,0.7460035,0.7473455,0.75110096,0.750521,0.73415035,0.7570757,0.7401693
2025-01-01 22:05:00,0.7540638,0.75888777,0.7512663,0.75637585,0.74620324,0.74758285,0.75127393,0.75080115,0.7344761,0.75738424,0.74047035
2025-01-01 22:06:00,0.7541195,0.7589643,0.7513701,0.7564994,0.74636096,0.74777216,0.75141346,0.7510277,0.7347393,0.7576326,0.74071115
2025-01-01 22:07:00,0.7541653,0.75902504,0.7514511,0.7565957,0.7464851,0.7479231,0.75152624,0.75121135,0.73495233,0.7578328,0.7409036
2025-01-01 22:08:00,0.7542031,0.75907314,0.75151384,0.7566701,0.7465824,0.74804324,0.75161767,0.7513606,0.73512536,0.75799453,0.7410575
2025-01-01 22:09:00,0.7542345,0.759111,0.75156206,0.7567269,0.7466581,0.74813884,0.75169194,0.75148237,0.73526627,0.7581255,0.7411805
2025-01-01 22:10:00,0.75426084,0.7591407,0.75159854,0.75676984,0.7467167,0.7482147,0.7517526,0.7515823,0.73538154,0.75823176,0.7412787
2025-01-01 22:11:00,0.7542831,0.75916386,0.75162566,0.7568014,0.74676156,0.748275,0.7518023,0.7516645,0.7354764,0.7583183,0.74135715
2025-01-01 22:12:00,0.7543019,0.75918186,0.75164527,0.7568242,0.7467955,0.74832267,0.75184333,0.75173277,0.73555464,0.75838906,0.74141973
2025-01-01 22:13:00,0.7543182,0.7591956,0.75165886,0.75683975,0.74682057,0.7483603,0.75187737,0.7517898,0.7356198,0.75844723,0.7414696
2025-01-01 22:14:00,0.7543323,0.75920606,0.75166774,0.7568496,0.7468386,0.74838996,0.75190586,0.7518378,0.7356745,0.75849515,0.7415093
2025-01-01 22:15:00,0.75434476,0.75921375,0.7516727,0.75685483,0.74685115,0.74841315,0.7519299,0.7518786,0.73572075,0.758535,0.7415409
2025-01-01 22:16:00,0.7543558,0.7592193,0.7516746,0.7568564,0.74685913,0.74843127,0.7519504,0.7519138,0.7357602,0.75856847,0.74156594
2025-01-01 22:17:00,0.75436574,0.7592231,0.751674,0.756855,0.74686354,0.74844533,0.751968,0.75194424,0.73579437,0.7585966,0.74158573
2025-01-01 22:18:00,0.75437474,0.7592254,0.75167143,0.7568513,0.7468651,0.7484561,0.75198346,0.7519711,0.73582417,0.75862056,0.74160135
2025-01-01 22:19:00,0.7543831,0.7592267,0.75166726,0.7568458,0.7468644,0.7484643,0.7519971,0.751995,0.7358505,0.75864124,0.74161357
2025-01-01 22:20:00,0.75439084,0.759227,0.75166184,0.7568386,0.7468619,0.7484704,0.75200933,0.7520166,0.7358741,0.7586592,0.74162316
2025-01-01 22:21:00,0.75439805,0.75922656,0.7516553,0.7568304,0.7468579,0.74847496,0.7520204,0.75203633,0.73589545,0.75867504,0.7416305
2025-01-01 22:22:00,0.75440484,0.7592255,0.751648,0.75682116,0.74685276,0.7484782,0.75203055,0.7520545,0.735915,0.7586891,0.7416361
2025-01-01 22:23:00,0.75441134,0.75922394,0.75164,0.7568111,0.7468468,0.7484804,0.7520401,0.7520715,0.7359331,0.7587018,0.7416403
2025-01-01 22:24:00,0.7544176,0.759222,0.7516315,0.7568005,0.74684006,0.74848175,0.75204897,0.75208765,0.7359501,0.75871336,0.74164337
2025-01-01 22:25:00,0.75442356,0.7592197,0.7516225,0.7567894,0.7468328,0.74848247,0.75205743,0.752103,0.73596615,0.758724,0.7416455
2025-01-01 22:26:00,0.7544294,0.7592171,0.7516132,0.7567778,0.746825,0.7484827,0.7520656,0.7521177,0.7359815,0.7587338,0.7416469
2025-01-01 22:27:00,0.75443506,0.7592142,0.75160354,0.75676596,0.7468169,0.7484826,0.7520735,0.752132,0.73599625,0.75874305,0.74164766
2025-01-01 22:28:00,0.7544405,0.75921124,0.75159365,0.7567539,0.7468085,0.74848217,0.7520813,0.7521459,0.73601055,0.75875187,0.7416479
2025-01-01 22:29:00,0.75444585,0.759208,0.7515836,0.75674164,0.7468,0.74848145,0.7520888,0.7521594,0.73602444,0.7587603,0.7416478
2025-01-01 22:30:00,0.754715,0.7595601,0.7520747,0.7572434,0.74748707,0.74925876,0.7526081,0.75300884,0.7370091,0.7596883,0.74255425
2025-01-01 22:31:00,0.7549314,0.7598409,0.75246555,0.7576422,0.74803483,0.74988025,0.753025,0.75369084,0.73779935,0.76043206,0.743279
2025-01-01 22:32:00,0.7551054,0.7600648,0.75277597,0.75795865,0.74847126,0.75037724,0.75336,0.7542389,0.73843396,0.76102835,0.7438584
2025-01-01 22:33:00,0.75524545,0.76024306,0.7530221,0.75820917,0.7488185,0.7507745,0.7536293,0.75467986,0.73894405,0.76150674,0.7443215
2025-01-01 22:34:00,0.75535846,0.76038486,0.7532168,0.758407,0.7490945,0.7510921,0.7538463,0.7550351,0.73935467,0.7618907,0.7446916
2025-01-01 22:35:00,0.7554497,0.76049745,0.75337034,0.7585626,0.7493134,0.7513459,0.7540213,0.75532186,0.7396856,0.7621992,0.74498725
2025-01-01 22:36:00,0.7555237,0.7605867,0.7534909,0.7586846,0.7494868,0.7515487,0.7541627,0.7555537,0.7399527,0.76244736,0.74522334
2025-01-01 22:37:00,0.75558376,0.7606572,0.7535852,0.75877947,0.7496236,0.7517107,0.75427735,0.7557417,0.74016887,0.7626471,0.74541175
2025-01-01 22:38:00,0.7556327,0.7607128,0.75365835,0.7588528,0.74973124,0.7518401,0.75437057,0.75589466,0.7403442,0.76280814,0.745562
2025-01-01 22:39:00,0.7556727,0.7607563,0.7537146,0.75890887,0.74981564,0.7519434,0.75444657,0.7560195,0.7404869,0.76293826,0.74568176
2025-01-01 22:40:00,0.75570554,0.7607903,0.7537574,0.75895107,0.7498813,0.7520259,0.7545089,0.7561219,0.74060357,0.7630435,0.7457771
2025-01-01 22:41:00,0.7557327,0.7608165,0.75378937,0.7589823,0.74993205,0.7520917,0.7545603,0.75620633,0.74069923,0.76312906,0.7458528
2025-01-01 22:42:00,0.7557552,0.7608366,0.75381273,0.7590048,0.7499709,0.75214416,0.7546029,0.75627637,0.74077815,0.7631987,0.7459129
2025-01-01 22:43:00,0.755774,0.7608517,0.7538291,0.75902003,0.7500001,0.752186,0.75463855,0.75633496,0.7408438,0.7632556,0.7459604
2025-01-01 22:44:00,0.75578994,0.7608629,0.7538399,0.75902975,0.7500218,0.7522193,0.75466853,0.7563844,0.74089855,0.7633024,0.74599797
2025-01-01 22:45:00,0.7558034,0.7608709,0.7538463,0.7590348,0.7500374,0.75224584,0.7546941,0.75642645,0.74094486,0.76334095,0.7460274
2025-01-01 22:46:00,0.755815,0.7608763,0.75384915,0.75903636,0.7500481,0.75226694,0.7547161,0.7564626,0.74098426,0.763373,0.7460505
2025-01-01 22:47:00,0.7558251,0.76087964,0.75384915,0.759035,0.75005496,0.7522837,0.7547353,0.75649405,0.7410182,0.76339984,0.7460683
2025-01-01 22:48:00,0.7558339,0.7608814,0.7538469,0.7590313,0.75005877,0.7522969,0.7547522,0.75652176,0.7410477,0.7634224,0.746082
2025-01-01 22:49:00,0.75584173,0.7608818,0.7538427,0.75902575,0.75006,0.7523075,0.7547673,0.75654644,0.74107367,0.7634417,0.74609244
2025-01-01 22:50:00,0.7558487,0.76088107,0.7538371,0.75901884,0.75005937,0.7523159,0.75478095,0.75656885,0.7410968,0.7634582,0.7461002
2025-01-01 22:51:00,0.755855,0.7608795,0.7538303,0.7590106,0.7500571,0.75232255,0.75479347,0.75658923,0.7411178,0.7634725,0.7461057
2025-01-01 22:52:00,0.75586075,0.76087725,0.75382257,0.75900155,0.75005364,0.75232774,0.7548051,0.7566081,0.74113685,0.76348513,0.7461095
2025-01-01 22:53:00,0.75586605,0.76087433,0.75381404,0.7589917,0.7500492,0.7523319,0.754816,0.75662583,0.74115443,0.76349634,0.7461119
2025-01-01 22:54:00,0.75587106,0.760871,0.7538049,0.7589812,0.7500439,0.75233525,0.7548264,0.75664246,0.7411709,0.76350635,0.74611324
2025-01-01 22:55:00,0.7558757,0.7608673,0.75379527,0.75897026,0.750038,0.7523378,0.7548363,0.75665843,0.7411864,0.7635155,0.74611366
2025-01-01 22:56:00,0.7558801,0.76086324,0.7537852,0.75895894,0.75003165,0.75233996,0.75484586,0.75667363,0.7412011,0.7635239,0.7461133
2025-01-01 22:57:00,0.7558843,0.76085895,0.7537748,0.7589473,0.7500249,0.7523416,0.7548552,0.7566884,0.74121535,0.7635317,0.7461124
2025-01-01 22:58:00,0.7558883,0.7608544,0.7537641,0.7589355,0.75001794,0.752343,0.75486434,0.75670284,0.741229,0.76353896,0.7461109
2025-01-01 22:59:00,0.75589216,0.7608497,0.75375324,0.7589235,0.7500107,0.7523441,0.7548733,0.75671697,0.7412422,0.7635458,0.74610907
2025-01-01 23:00:00,0.7562305,0.7612483,0.7543027,0.75940955,0.7507418,0.753154,0.7553866,0.7575697,0.74222577,0.76446015,0.746986
2025-01-01 23:01:00,0.7565018,0.7615661,0.75473976,0.75979584,0.751325,0.753802,0.75579894,0.7582544,0.74301493,0.7651926,0.74768674
2025-01-01 23:02:00,0.75671947,0.76181924,0.7550871,0.76010233,0.75179,0.75432044,0.75613046,0.75880474,0.7436486,0.76577955,0.74824667
2025-01-01 23:03:00,0.7568942,0.7620206,0.75536263,0.76034504,0.75216043,0.7547353,0.75639737,0.75924754,0.7441578,0.76625013,0.7486938
2025-01-01 23:04:00,0.75703454,0.7621805,0.75558066,0.7605367,0.7524552,0.7550672,0.75661266,0.7596045,0.74456745,0.76662767,0.74905086
2025-01-01 23:05:00,0.7571475,0.7623073,0.75575274,0.76068735,0.75268936,0.75533295,0.7567866,0.7598925,0.74489754,0.76693064,0.7493357
2025-01-01 23:06:00,0.7572383,0.76240754,0.755888,0.76080537,0.7528752,0.75554556,0.75692743,0.7601256,0.7451638,0.76717395,0.7495628
2025-01-01 23:07:00,0.7573116,0.7624866,0.7559938,0.7608973,0.75302225,0.7557158,0.7570419,0.76031464,0.7453792,0.76736957,0.7497437
2025-01-01 23:08:00,0.7573707,0.76254857,0.75607604,0.7609682,0.7531384,0.7558521,0.7571352,0.7604684,0.7455538,0.76752704,0.7498876
2025-01-01 23:09:00,0.7574186,0.762597,0.75613946,0.7610225,0.7532298,0.7559613,0.75721157,0.760594,0.74569565,0.76765394,0.7500019
2025-01-01 23:10:00,0.7574573,0.7626346,0.75618774,0.7610634,0.7533014,0.7560488,0.75727445,0.7606972,0.74581146,0.7677564,0.75009257
2025-01-01 23:11:00,0.7574889,0.76266336,0.75622404,0.76109356,0.75335705,0.75611895,0.7573266,0.7607822,0.7459064,0.7678393,0.7501642
2025-01-01 23:12:00,0.7575146,0.7626852,0.7562506,0.7611152,0.7534001,0.7561753,0.75737,0.7608529,0.7459845,0.76790655,0.7502207
2025-01-01 23:13:00,0.7575357,0.7627014,0.75626945,0.76113,0.75343305,0.7562205,0.75740653,0.760912,0.7460493,0.7679612,0.7502651
2025-01-01 23:14:00,0.75755304,0.7627131,0.7562821,0.7611392,0.753458,0.7562569,0.75743765,0.7609619,0.74610335,0.76800585,0.7502997
2025-01-01 23:15:00,0.7575674,0.7627212,0.7562898,0.7611442,0.7534764,0.7562862,0.75746423,0.76100445,0.7461488,0.76804245,0.7503266
2025-01-01 23:16:00,0.75757927,0.76272637,0.75629354,0.7611457,0.7534897,0.7563099,0.7574873,0.76104105,0.74618745,0.76807255,0.7503472
2025-01-01 23:17:00,0.7575893,0.7627293,0.7562941,0.7611443,0.7534988,0.7563291,0.7575077,0.76107293,0.7462206,0.76809746,0.7503627
2025-01-01 23:18:00,0.7575977,0.7627303,0.7562921,0.7611407,0.7535047,0.7563447,0.75752574,0.76110107,0.7462493,0.7681183,0.75037426
2025-01-01 23:19:00,0.75760484,0.7627299,0.7562881,0.7611354,0.753508,0.75635743,0.7575421,0.76112616,0.7462745,0.7681358,0.7503826
2025-01-01 23:20:00,0.757611,0.76272815,0.7562824,0.76112854,0.75350916,0.75636786,0.757557,0.7611488,0.7462969,0.7681506,0.7503883
2025-01-01 23:21:00,0.7576163,0.7627255,0.75627536,0.7611206,0.7535086,0.7563765,0.75757074,0.7611696,0.7463169,0.7681633,0.750392
2025-01-01 23:22:00,0.75762093,0.76272196,0.7562673,0.7611118,0.75350684,0.75638366,0.7575836,0.7611888,0.7463352,0.76817423,0.750394
2025-01-01 23:23:00,0.757625,0.76271784,0.7562584,0.76110226,0.753504,0.75638974,0.7575958,0.76120675,0.74635196,0.76818377,0.7503946
2025-01-01 23:24:00,0.7576286,0.7627132,0.75624883,0.7610922,0.75350034,0.75639486,0.7576074,0.7612238,0.7463676,0.7681922,0.75039417
2025-01-01 23:25:00,0.75763184,0.7627081,0.7562387,0.7610816,0.75349605,0.7563993,0.7576186,0.76123995,0.7463823,0.7681997,0.7503928
2025-01-01 23:26:00,0.7576348,0.7627027,0.75622815,0.76107067,0.75349116,0.7564032,0.75762945,0.76125556,0.7463961,0.7682064,0.75039077
2025-01-01 23:27:00,0.7576375,0.7626969,0.7562172,0.76105946,0.753486,0.75640666,0.75764,0.76127064,0.7464095,0.7682126,0.75038815
2025-01-01 23:28:00,0.75764,0.76269096,0.7562059,0.76104796,0.75348043,0.75640976,0.7576504,0.7612853,0.7464223,0.7682182,0.7503849
2025-01-01 23:29:00,0.75764227,0.7626848,0.75619453,0.7610364,0.75347465,0.7564126,0.75766057,0.76129967,0.7464346,0.7682235,0.7503814
2025-01-01 23:30:00,0.7580438,0.7631229,0.75679225,0.7614983,0.7542365,0.75724095,0.7581585,0.7621405,0.7473996,0.7691079,0.7512135
2025-01-01 23:31:00,0.7583653,0.76347196,0.757268,0.76186526,0.7548448,0.75790393,0.7585588,0.7628158,0.7481738,0.7698161,0.751878
2025-01-01 23:32:00,0.75862277,0.76374984,0.757646,0.7621564,0.75533,0.7584347,0.758881,0.7633586,0.7487952,0.7703834,0.7524086
2025-01-01 23:33:00,0.758829,0.7639707,0.757946,0.7623869,0.7557169,0.75885975,0.7591407,0.7637955,0.74929446,0.7708379,0.75283206
2025-01-01 23:34:00,0.75899416,0.76414585,0.75818354,0.7625689,0.75602514,0.7592002,0.75935036,0.7641476,0.749696,0.7712022,0.75316966
2025-01-01 23:35:00,0.7591266,0.76428455,0.758371,0.762712,0.75627047,0.75947297,0.75952005,0.76443195,0.7500194,0.77149427,0.7534387
2025-01-01 23:36:00,0.75923276,0.7643941,0.75851846,0.7628241,0.75646544,0.75969166,0.7596578,0.764662,0.75028014,0.7717286,0.7536529
2025-01-01 23:37:00,0.75931793,0.76448023,0.758634,0.7629113,0.7566201,0.7598671,0.75977004,0.76484865,0.75049084,0.7719166,0.75382304
2025-01-01 23:38:00,0.75938624,0.76454765,0.7587238,0.7629787,0.75674266,0.7600079,0.75986177,0.7650007,0.75066155,0.7720677,0.7539581
2025-01-01 23:39:00,0.7594411,0.76460004,0.7587932,0.7630301,0.7568394,0.760121,0.75993717,0.76512486,0.7508002,0.7721892,0.75406504
2025-01-01 23:40:00,0.7594851,0.7646405,0.75884616,0.76306885,0.75691557,0.760212,0.75999945,0.7652268,0.75091314,0.772287,0.7541495
2025-01-01 23:41:00,0.75952053,0.7646714,0.758886,0.76309747,0.75697523,0.7602853,0.7600513,0.76531106,0.75100553,0.7723658,0.75421584
2025-01-01 23:42:00,0.759549,0.7646945,0.7589153,0.7631179,0.7570218,0.76034445,0.7600948,0.765381,0.7510816,0.77242947,0.75426775
2025-01-01 23:43:00,0.75957197,0.7647115,0.75893635,0.7631319,0.75705785,0.7603923,0.7601316,0.7654396,0.7511444,0.7724809,0.75430816
2025-01-01 23:44:00,0.75959045,0.76472354,0.75895053,0.7631407,0.75708544,0.7604312,0.76016307,0.76548916,0.75119674,0.7725227,0.7543393
2025-01-01 23:45:00,0.75960535,0.76473165,0.75895935,0.7631453,0.75710636,0.76046276,0.7601903,0.7655314,0.7512406,0.7725566,0.754363
2025-01-01 23:46:00,0.75961745,0.76473653,0.75896394,0.76314664,0.757122,0.7604886,0.76021415,0.7655678,0.7512778,0.7725843,0.75438076
2025-01-01 23:47:00,0.75962716,0.76473886,0.758965,0.7631453,0.75713325,0.76050985,0.7602353,0.7655996,0.7513095,0.772607,0.75439376
2025-01-01 23:48:00,0.75963503,0.7647392,0.75896335,0.7631419,0.7571411,0.76052743,0.7602543,0.7656276,0.75133693,0.7726257,0.75440294
2025-01-01 23:49:00,0.75964147,0.7647379,0.7589595,0.76313674,0.7571463,0.7605421,0.7602715,0.76565266,0.7513609,0.7726411,0.7544091
2025-01-01 23:50:00,0.7596466,0.7647352,0.7589538,0.7631303,0.75714934,0.76055443,0.76028734,0.7656753,0.75138205,0.77265394,0.7544128
2025-01-01 23:51:00,0.7596508,0.7647315,0.7589467,0.76312274,0.7571506,0.7605649,0.7603022,0.765696,0.751401,0.77266467,0.75441444
2025-01-01 23:52:00,0.7596542,0.7647269,0.75893855,0.7631144,0.7571505,0.7605739,0.760316,0.76571524,0.7514181,0.7726737,0.75441456
2025-01-01 23:53:00,0.759657,0.7647216,0.7589294,0.76310533,0.7571493,0.7605818,0.7603292,0.7657332,0.75143373,0.7726814,0.7544134
2025-01-01 23:54:00,0.75965923,0.7647157,0.75891954,0.76309574,0.75714725,0.7605887,0.76034194,0.7657502,0.7514483,0.77268803,0.75441116
2025-01-01 23:55:00,0.759661,0.7647093,0.75890905,0.7630857,0.7571446,0.7605949,0.76035416,0.76576644,0.7514618,0.7726938,0.75440806
2025-01-01 23:56:00,0.7596624,0.7647026,0.75889814,0.76307535,0.7571413,0.76060057,0.76036614,0.76578206,0.7514746,0.7726988,0.75440425
2025-01-01 23:57:00,0.7596635,0.7646956,0.7588869,0.76306474,0.75713766,0.7606058,0.76037776,0.76579714,0.75148684,0.77270323,0.75439996
2025-01-01 23:58:00,0.7596644,0.76468825,0.75887525,0.7630539,0.75713366,0.76061064,0.76038927,0.76581186,0.7514985,0.7727072,0.7543952
2025-01-01 23:59:00,0.7596651,0.76468074,0.7588634,0.76304287,0.7571295,0.76061517,0.7604006,0.7658262,0.75150985,0.77271074,0.75439006
