TIME,C_001_v000,C_001_v001,C_001_v002,C_002_v000,C_002_v001,C_002_v002,C_005_v000,C_005_v001,C_005_v002,C_008_v000,C_008_v001,C_008_v002,C_014_v000,C_014_v001,C_014_v002,C_016_v000,C_016_v001,C_016_v002,C_017_v000,C_017_v001,C_017_v002,C_019_v000,C_019_v001,C_019_v002,C_021_v000,C_021_v001,C_021_v002,C_022_v000,C_022_v001,C_022_v002,C_023_v000,C_023_v001,C_023_v002
2025-01-01 00:01:00,0.85151106,0.9540189,1.0065262,0.847481,0.94990104,1.0022663,0.85679203,0.95893747,0.99699825,0.8508611,0.9526672,1.0043963,0.8576574,0.9452104,0.99672854,0.8497163,0.95121515,1.0027366,0.8419015,0.943569,0.9953067,0.8490202,0.9510043,1.0030749,0.8434645,0.94577235,0.9981443,0.8530367,0.95553124,0.99403936,0.84903747,0.95149875,1.0039167
2025-01-01 00:02:00,0.851524,0.954032,1.0065391,0.8474924,0.9499112,1.0022749,0.8567968,0.9589401,0.99699867,0.85085714,0.95266116,1.0043885,0.8576464,0.94519836,0.9967158,0.8497033,0.9512025,1.0027246,0.8418921,0.9435613,0.99530095,0.8490187,0.9510051,1.0030779,0.8434715,0.9457812,0.9981547,0.8530491,0.9555442,0.99405247,0.84904975,0.9515101,1.0039269
2025-01-01 00:03:00,0.8515369,0.9540451,1.006552,0.8475037,0.94992125,1.0022833,0.8568015,0.95894265,0.996999,0.8508531,0.9526551,1.0043805,0.85763544,0.9451864,0.9967031,0.84969026,0.9511899,1.0027128,0.8418828,0.94355375,0.9952952,0.84901726,0.9510059,1.0030808,0.8434786,0.94579,0.998165,0.85306156,0.9555571,0.9940655,0.849062,0.9515214,1.0039369
2025-01-01 00:04:00,0.8515499,0.95405823,1.0065649,0.84751505,0.9499313,1.0022918,0.85680616,0.9589452,0.9969993,0.85084903,0.95264894,1.0043725,0.8576244,0.94517434,0.99669033,0.8496772,0.95117724,1.0027009,0.8418735,0.9435462,0.9952896,0.8490159,0.9510067,1.003084,0.8434857,0.9457989,0.99817544,0.853074,0.9555701,0.9940787,0.84907424,0.95153266,1.0039469
2025-01-01 00:05:00,0.85156286,0.95407134,1.0065777,0.8475264,0.94994134,1.0023003,0.8568108,0.95894766,0.99699956,0.85084486,0.95264274,1.0043645,0.8576134,0.94516224,0.9966775,0.8496642,0.95116466,1.0026891,0.8418643,0.94353867,0.995284,0.8490146,0.95100766,1.003087,0.8434929,0.9458078,0.9981859,0.8530865,0.9555831,0.99409175,0.84908646,0.9515439,1.0039568
2025-01-01 00:06:00,0.85157585,0.95408446,1.0065906,0.84753764,0.9499513,1.0023087,0.85681534,0.95895004,0.9969998,0.8508407,0.95263654,1.0043564,0.8576023,0.94515014,0.99666476,0.84965116,0.9511521,1.0026773,0.8418551,0.94353116,0.9952785,0.8490133,0.9510086,1.0030901,0.84350014,0.94581676,0.9981963,0.853099,0.9555961,0.9941049,0.8490987,0.95155513,1.0039667
2025-01-01 00:07:00,0.85158885,0.9540975,1.0066035,0.8475489,0.94996125,1.0023171,0.85681987,0.9589524,0.9969999,0.85083646,0.9526303,1.0043483,0.8575912,0.94513804,0.996652,0.8496381,0.9511395,1.0026656,0.841846,0.94352376,0.995273,0.8490121,0.95100963,1.0030934,0.8435074,0.94582576,0.9982068,0.8531115,0.9556091,0.994118,0.8491109,0.95156634,1.0039766
2025-01-01 00:08:00,0.85160184,0.9541106,1.0066162,0.8475601,0.94997114,1.0023253,0.8568243,0.9589547,0.997,0.85083216,0.9526239,1.00434,0.85758007,0.9451259,0.9966392,0.8496251,0.951127,1.002654,0.84183687,0.9435164,0.9952675,0.84901094,0.9510107,1.0030967,0.84351474,0.9458348,0.99821734,0.853124,0.9556221,0.994131,0.84912306,0.9515775,1.0039865
2025-01-01 00:09:00,0.85161483,0.95412374,1.0066291,0.84757125,0.949981,1.0023336,0.8568287,0.95895696,0.99700004,0.8508278,0.9526175,1.0043318,0.8575689,0.9451137,0.9966264,0.8496121,0.9511144,1.0026422,0.8418278,0.94350904,0.99526215,0.8490099,0.95101184,1.0031,0.8435221,0.94584394,0.9982279,0.8531366,0.95563513,0.9941442,0.8491352,0.95158863,1.0039963
2025-01-01 00:10:00,0.8516278,0.9541368,1.0066419,0.8475824,0.9499908,1.0023417,0.85683304,0.95895916,0.997,0.8508234,0.95261115,1.0043236,0.8575578,0.94510156,0.99661356,0.8495991,0.9511019,1.0026305,0.8418188,0.9435018,0.99525684,0.84900886,0.951013,1.0031034,0.84352946,0.94585305,0.99823844,0.8531491,0.9556481,0.99415725,0.8491473,0.9515997,1.004006
2025-01-01 00:11:00,0.8516408,0.9541499,1.0066547,0.84759355,0.9500006,1.00235,0.85683733,0.95896125,0.9969999,0.85081893,0.95260465,1.0043153,0.8575465,0.94508934,0.9966007,0.8495862,0.95108944,1.0026189,0.8418098,0.94349456,0.99525154,0.84900784,0.9510143,1.0031068,0.843537,0.94586223,0.9982491,0.8531617,0.9556611,0.9941703,0.8491594,0.9516108,1.0040158
2025-01-01 00:12:00,0.8516539,0.954163,1.0066675,0.84760463,0.95001036,1.0023581,0.85684156,0.95896333,0.99699974,0.8508144,0.9525981,1.0043069,0.8575353,0.9450771,0.9965879,0.84957314,0.9510769,1.0026072,0.84180087,0.94348735,0.9952463,0.84900695,0.9510156,1.0031103,0.8435445,0.9458714,0.9982598,0.8531743,0.9556742,0.9941834,0.8491715,0.95162183,1.0040255
2025-01-01 00:13:00,0.85166687,0.95417607,1.0066803,0.84761566,0.9500201,1.0023662,0.85684574,0.95896536,0.99699956,0.8508099,0.95259154,1.0042984,0.85752404,0.9450649,0.996575,0.8495602,0.95106447,1.0025957,0.841792,0.94348025,0.99524117,0.84900606,0.95101696,1.0031139,0.843552,0.94588065,0.99827045,0.8531869,0.95568717,0.99419653,0.84918356,0.95163286,1.0040351
2025-01-01 00:14:00,0.8516799,0.9541892,1.006693,0.84762675,0.95002973,1.0023742,0.85684985,0.9589673,0.99699926,0.8508052,0.9525849,1.00429,0.8575127,0.94505256,0.9965621,0.84954727,0.95105207,1.0025841,0.8417831,0.9434731,0.99523604,0.8490053,0.95101833,1.0031174,0.8435596,0.94589,0.9982812,0.85319954,0.9557002,0.9942096,0.8491956,0.9516439,1.0040447
2025-01-01 00:15:00,0.8516929,0.95420223,1.0067058,0.8476377,0.9500394,1.0023822,0.8568539,0.95896924,0.99699897,0.8508006,0.95257825,1.0042815,0.8575014,0.94504035,0.99654925,0.8495343,0.9510396,1.0025725,0.84177434,0.94346607,0.995231,0.8490045,0.9510198,1.0031211,0.84356725,0.9458993,0.9982919,0.8532122,0.9557133,0.9942227,0.8492076,0.9516548,1.0040543
2025-01-01 00:16:00,0.85170597,0.95421535,1.0067185,0.8476487,0.950049,1.0023901,0.8568579,0.9589711,0.99699855,0.85079587,0.9525715,1.004273,0.85749,0.945028,0.9965363,0.84952134,0.9510272,1.002561,0.8417655,0.9434591,0.9952259,0.84900385,0.9510214,1.0031248,0.843575,0.9459087,0.99830276,0.8532248,0.9557263,0.99423575,0.84921956,0.95166576,1.0040638
2025-01-01 00:17:00,0.851719,0.9542284,1.0067313,0.84765965,0.9500585,1.002398,0.8568619,0.9589728,0.99699813,0.85079104,0.9525647,1.0042645,0.8574786,0.94501567,0.99652344,0.8495084,0.9510148,1.0025495,0.8417568,0.9434521,0.99522096,0.8490032,0.951023,1.0031286,0.8435827,0.94591814,0.99831355,0.8532375,0.9557394,0.9942488,0.84923154,0.9516766,1.0040733
2025-01-01 00:18:00,0.8517321,0.95424145,1.0067439,0.84767056,0.95006806,1.0024059,0.85686576,0.9589746,0.99699765,0.8507862,0.9525579,1.0042558,0.8574672,0.94500333,0.99651057,0.8494955,0.9510024,1.0025381,0.8417482,0.94344527,0.9952161,0.8490026,0.9510246,1.0031325,0.8435905,0.94592756,0.9983244,0.8532502,0.95575243,0.99426186,0.84924346,0.95168746,1.0040828
2025-01-01 00:19:00,0.8517451,0.95425457,1.0067567,0.8476814,0.95007753,1.0024137,0.85686964,0.95897627,0.9969971,0.8507813,0.952551,1.0042472,0.85745573,0.94499093,0.99649763,0.84948254,0.9509901,1.0025266,0.8417395,0.9434384,0.9952112,0.8490021,0.9510263,1.0031363,0.8435983,0.9459371,0.9983353,0.8532629,0.9557655,0.9942749,0.84925544,0.9516983,1.0040922
2025-01-01 00:20:00,0.8517582,0.95426756,1.0067693,0.84769225,0.95008695,1.0024215,0.85687345,0.9589779,0.99699646,0.85077643,0.9525441,1.0042385,0.8574443,0.9449786,0.9964847,0.84946966,0.95097774,1.0025153,0.8417309,0.9434316,0.9952064,0.84900165,0.95102805,1.0031402,0.8436062,0.94594663,0.9983462,0.8532756,0.95577854,0.99428797,0.8492673,0.9517091,1.0041015
2025-01-01 00:21:00,0.85177124,0.9542807,1.0067819,0.84770304,0.95009637,1.0024291,0.85687715,0.9589794,0.9969958,0.8507714,0.9525371,1.0042297,0.8574328,0.9449662,0.99647176,0.8494567,0.9509654,1.0025039,0.84172237,0.9434249,0.99520165,0.8490012,0.9510299,1.0031443,0.8436141,0.9459562,0.9983572,0.85328835,0.95579165,0.994301,0.84927917,0.9517198,1.0041108
2025-01-01 00:22:00,0.85178435,0.9542937,1.0067946,0.8477138,0.9501057,1.0024369,0.85688084,0.9589809,0.9969951,0.85076636,0.9525301,1.004221,0.8574212,0.94495374,0.99645877,0.84944385,0.9509531,1.0024925,0.84171385,0.94341815,0.99519694,0.8490009,0.95103174,1.0031483,0.8436221,0.9459658,0.9983682,0.85330105,0.9558047,0.994314,0.84929097,0.95173055,1.0041202
2025-01-01 00:23:00,0.8517974,0.9543067,1.0068072,0.84772456,0.950115,1.0024445,0.8568845,0.95898235,0.9969943,0.8507613,0.95252305,1.004212,0.85740966,0.94494134,0.99644583,0.849431,0.95094085,1.0024812,0.8417054,0.9434115,0.9951923,0.8490006,0.9510337,1.0031524,0.84363014,0.9459755,0.9983792,0.85331386,0.9558178,0.9943271,0.8493028,0.9517412,1.0041294
2025-01-01 00:24:00,0.8518105,0.9543198,1.0068198,0.8477353,0.9501243,1.002452,0.85688806,0.9589838,0.9969935,0.8507561,0.95251596,1.0042032,0.8573981,0.9449289,0.9964329,0.8494181,0.9509286,1.0024699,0.841697,0.9434049,0.9951877,0.84900033,0.9510357,1.0031565,0.8436382,0.94598514,0.9983902,0.8533266,0.9558309,0.9943401,0.84931463,0.9517519,1.0041386
2025-01-01 00:25:00,0.85182357,0.9543328,1.0068325,0.84774595,0.95013356,1.0024595,0.8568916,0.9589851,0.9969926,0.8507509,0.95250875,1.0041943,0.85738647,0.9449164,0.9964199,0.8494053,0.9509164,1.0024587,0.8416886,0.94339836,0.99518317,0.8490002,0.9510377,1.0031607,0.8436463,0.9459949,0.9984013,0.8533394,0.955844,0.9943531,0.84932643,0.95176256,1.0041478
2025-01-01 00:26:00,0.8518367,0.9543458,1.006845,0.8477566,0.95014274,1.002467,0.856895,0.95898634,0.99699163,0.8507457,0.95250154,1.0041853,0.85737485,0.9449039,0.9964069,0.8493924,0.95090413,1.0024474,0.8416802,0.94339186,0.9951787,0.8490001,0.95103985,1.003165,0.8436544,0.9460046,0.99841243,0.8533522,0.9558571,0.99436617,0.8493382,0.9517731,1.004157
2025-01-01 00:27:00,0.85184973,0.9543588,1.0068576,0.8477672,0.95015186,1.0024745,0.8568984,0.9589876,0.9969906,0.8507404,0.9524943,1.0041764,0.8573632,0.94489145,0.996394,0.8493796,0.950892,1.0024362,0.84167194,0.9433854,0.9951743,0.84900004,0.951042,1.0031693,0.8436626,0.94601446,0.9984235,0.85336494,0.95587015,0.99437916,0.84934986,0.95178366,1.004166
2025-01-01 00:28:00,0.85186285,0.95437187,1.0068702,0.8477778,0.950161,1.0024819,0.8569018,0.9589887,0.99698955,0.850735,0.952487,1.0041673,0.8573515,0.9448789,0.9963809,0.8493668,0.9508798,1.0024251,0.8416637,0.943379,0.9951699,0.849,0.9510442,1.0031737,0.84367085,0.9460243,0.9984347,0.85337776,0.95588326,0.99439216,0.84936154,0.9517942,1.0041751
2025-01-01 00:29:00,0.85187596,0.95438486,1.0068827,0.84778833,0.9501701,1.0024892,0.8569051,0.95898986,0.9969885,0.8507296,0.95247966,1.0041581,0.8573398,0.94486636,0.99636793,0.84935397,0.95086765,1.0024139,0.8416555,0.94337267,0.9951656,0.84900004,0.95104647,1.0031781,0.84367913,0.9460342,0.9984459,0.85339063,0.9558964,0.99440515,0.8493732,0.9518047,1.0041841
2025-01-01 00:30:00,0.8512688,0.9546691,1.0109187,0.84648615,0.9508514,1.0032746,0.8564795,0.9591225,1.001115,0.84882003,0.95233554,1.0049,0.85663825,0.945164,0.9983267,0.84766597,0.9510911,1.0031538,0.84051657,0.94312286,0.9972948,0.84717834,0.95099753,1.0039504,0.8425812,0.945751,1.0003419,0.85128844,0.95545477,0.9951042,0.8481192,0.9512066,1.0062935
2025-01-01 00:31:00,0.8507858,0.95489913,1.0135465,0.8454465,0.9513982,1.0037875,0.8561397,0.95922875,1.0037968,0.8472913,0.95221865,1.0053788,0.8560746,0.94539964,0.99959534,0.84631306,0.9512674,1.0036309,0.8396037,0.9429218,0.9986773,0.84572107,0.9509589,1.0044539,0.84170455,0.94552654,1.0015783,0.8496093,0.95510405,0.9955631,0.8471183,0.95073026,1.0076678
2025-01-01 00:32:00,0.850402,0.9550857,1.0152589,0.84461683,0.95183736,1.0041234,0.8558684,0.9593139,1.0055395,0.8460671,0.9521237,1.0056869,0.85562134,0.9455856,1.0004154,0.8452282,0.951406,1.0039371,0.83887196,0.9427598,0.99957466,0.8445554,0.9509285,1.0047829,0.84100497,0.9453489,1.002386,0.84826857,0.9548261,0.99586594,0.8463199,0.95035124,1.0085641
2025-01-01 00:33:00,0.8500976,0.9552375,1.0163764,0.84395516,0.95219046,1.0043442,0.855652,0.9593822,1.0066717,0.8450866,0.9520461,1.0058838,0.85525626,0.9457318,1.0009438,0.8443578,0.95151454,1.0041324,0.8382849,0.942629,1.0001564,0.8436229,0.9509048,1.0049984,0.84044707,0.9452089,1.0029149,0.84719855,0.9546064,0.9960673,0.8456834,0.95005006,1.0091498
2025-01-01 00:34:00,0.8498567,0.9553616,1.017107,0.8434278,0.9524747,1.0044903,0.85547936,0.9594369,1.0074072,0.84430104,0.9519825,1.0060086,0.8549619,0.9458463,1.0012828,0.84365886,0.95159906,1.0042555,0.8378138,0.9425231,1.0005332,0.84287703,0.95088637,1.0051402,0.8400024,0.94509894,1.0032626,0.84634507,0.95443326,0.9962027,0.8451766,0.94981116,1.0095335
2025-01-01 00:35:00,0.8496666,0.9554634,1.0175862,0.84300804,0.95270383,1.0045875,0.8553418,0.9594808,1.0078846,0.8436714,0.95193005,1.0060863,0.85472405,0.9459353,1.0014986,0.8430972,0.9516642,1.0043317,0.8374353,0.9424373,1.0007769,0.8422805,0.9508722,1.005234,0.8396484,0.945013,1.0034927,0.845665,0.95429736,0.9962953,0.84477335,0.94962204,1.0097861
2025-01-01 00:36:00,0.8495171,0.9555475,1.0179021,0.84267426,0.95288885,1.0046532,0.8552323,0.95951605,1.0081944,0.8431665,0.95188653,1.0061337,0.8545313,0.9460039,1.0016341,0.8426454,0.951714,1.0043774,0.83713096,0.94236743,1.0009339,0.84180343,0.95086133,1.0052967,0.8393671,0.9449463,1.0036463,0.84512347,0.95419127,0.99635994,0.8444531,0.9494728,1.0099533
2025-01-01 00:37:00,0.8494001,0.95561725,1.0181117,0.8424092,0.9530386,1.0046983,0.8551452,0.9595443,1.0083952,0.84276134,0.9518501,1.0061611,0.8543747,0.94605637,1.0017178,0.8422814,0.9517514,1.0044034,0.836886,0.9423104,1.0010345,0.84142184,0.95085335,1.0053393,0.83914375,0.944895,1.0037501,0.84469277,0.95410895,0.99640644,0.8441991,0.94935536,1.0100648
2025-01-01 00:38:00,0.84930915,0.9556757,1.0182524,0.84219915,0.95316005,1.00473,0.8550761,0.9595669,1.0085251,0.8424361,0.9518194,1.0061755,0.85424703,0.9460957,1.0017675,0.84198767,0.95177895,1.0044165,0.83668846,0.9422637,1.0010986,0.8411168,0.9508475,1.0053686,0.8389668,0.94485605,1.0038216,0.8443509,0.95404583,0.99644125,0.8439982,0.94926345,1.0101404
2025-01-01 00:39:00,0.84923905,0.9557251,1.0183481,0.84203315,0.95325893,1.004753,0.8550213,0.9595851,1.0086088,0.84217453,0.9517932,1.0061816,0.8541425,0.9461247,1.0017953,0.8417502,0.9517986,1.0044212,0.83652896,0.94222516,1.001139,0.8408729,0.95084345,1.0053893,0.8388271,0.94482696,1.0038722,0.8440799,0.95399785,0.99646837,0.8438397,0.9491919,1.0101925
2025-01-01 00:40:00,0.8491856,0.95576715,1.0184145,0.8419024,0.9533397,1.0047703,0.85497797,0.9595997,1.0086627,0.8419641,0.9517707,1.0061822,0.8540564,0.9461453,1.0018089,0.8415577,0.951812,1.0044206,0.83639985,0.9421932,1.0011641,0.840678,0.95084083,1.0054047,0.838717,0.9448058,1.0039091,0.84386575,0.95396215,0.9964905,0.8437152,0.9491367,1.0102292
2025-01-01 00:41:00,0.8491454,0.95580333,1.0184621,0.8417997,0.95340604,1.0047839,0.85494375,0.9596114,1.008697,0.84179455,0.95175105,1.0061792,0.8539852,0.94615924,1.001813,0.8414011,0.9518204,1.0044163,0.83629507,0.94216657,1.001179,0.84052217,0.9508394,1.0054165,0.8386308,0.94479096,1.003937,0.8436971,0.9539362,0.9965094,0.8436178,0.9490945,1.0102562
2025-01-01 00:42:00,0.8491159,0.95583487,1.0184972,0.8417196,0.95346075,1.004795,0.8549169,0.95962083,1.0087186,0.8416576,0.95173365,1.0061738,0.85392576,0.94616777,1.0018111,0.84127337,0.9518248,1.0044099,0.8362097,0.9421441,1.0011876,0.8403978,0.95083886,1.005426,0.8385637,0.9447812,1.0039594,0.8435647,0.9539181,0.9965261,0.8435422,0.9490627,1.0102766
2025-01-01 00:43:00,0.8490949,0.9558627,1.0185244,0.84165746,0.9535062,1.0048045,0.85489583,0.9596284,1.008732,0.84154683,0.95171815,1.0061669,0.8538758,0.9461721,1.0018054,0.84116864,0.95182586,1.0044019,0.83614,0.94212514,1.0011919,0.84029853,0.9508391,1.005434,0.83851177,0.94477546,1.0039779,0.8434614,0.9539062,0.99654156,0.8434839,0.9490392,1.0102926
2025-01-01 00:44:00,0.84908074,0.95588744,1.0185463,0.8416098,0.95354414,1.004813,0.85487944,0.9596344,1.0087398,0.8414569,0.9517041,1.0061591,0.8538334,0.946173,1.0017971,0.8410824,0.9518244,1.0043931,0.83608276,0.9421088,1.0011935,0.8402193,0.95084,1.0054411,0.838472,0.944773,1.003994,0.8433813,0.95389926,0.9965561,0.84343946,0.9490224,1.0103061
2025-01-01 00:45:00,0.84907204,0.95590985,1.0185648,0.84157354,0.9535762,1.0048207,0.85486674,0.95963925,1.0087442,0.84138364,0.95169115,1.0061505,0.853797,0.9461711,1.0017871,0.84101087,0.95182097,1.0043837,0.8360355,0.9420947,1.0011934,0.84015614,0.95084137,1.0054475,0.8384421,0.9447732,1.0040087,0.8433199,0.95389634,0.99657,0.84340614,0.9490109,1.0103178
2025-01-01 00:46:00,0.8490677,0.95593035,1.0185812,0.84154654,0.95360345,1.0048281,0.85485697,0.95964307,1.0087464,0.8413238,0.9516791,1.0061414,0.8537655,0.94616705,1.001776,0.84095114,0.9518158,1.0043738,0.8359962,0.94208235,1.0011922,0.84010595,0.95084316,1.0054537,0.8384199,0.94477534,1.0040222,0.8432734,0.9538967,0.9965835,0.8433817,0.9490037,1.0103282
2025-01-01 00:47:00,0.8490668,0.95594925,1.0185959,0.84152687,0.9536269,1.0048351,0.85484964,0.9596461,1.008747,0.8412746,0.95166785,1.0061321,0.8537378,0.9461612,1.0017642,0.8409009,0.9518094,1.0043637,0.8359634,0.94207144,1.0011903,0.840066,0.95084524,1.0054595,0.83840406,0.9447793,1.0040351,0.8432387,0.9538995,0.99659675,0.84336436,0.9489998,1.0103378
2025-01-01 00:48:00,0.84906876,0.95596695,1.0186099,0.84151304,0.95364726,1.0048419,0.8548441,0.95964855,1.0087465,0.8412339,0.9516572,1.0061227,0.85371315,0.946154,1.0017519,0.8408582,0.95180196,1.0043535,0.8359357,0.9420617,1.0011879,0.8400343,0.9508476,1.0054653,0.8383933,0.9447845,1.0040476,0.8432136,0.95390445,0.99660987,0.84335274,0.9489987,1.0103469
2025-01-01 00:49:00,0.84907293,0.9559837,1.0186231,0.841504,0.9536652,1.0048485,0.8548401,0.9596504,1.0087454,0.84120005,0.9516469,1.006113,0.85369104,0.94614565,1.0017394,0.84082156,0.9517936,1.0043433,0.83591217,0.94205284,1.0011853,0.8400092,0.95085025,1.005471,0.8383864,0.9447909,1.00406,0.8431962,0.953911,0.99662286,0.8433456,0.94899964,1.0103556
2025-01-01 00:50:00,0.8490789,0.9559996,1.018636,0.8414987,0.9536811,1.0048549,0.8548373,0.95965177,1.0087439,0.8411716,0.9516371,1.0061033,0.85367084,0.94613636,1.0017266,0.84078974,0.95178473,1.0043329,0.83589184,0.9420448,1.0011824,0.8399895,0.9508531,1.0054767,0.83838284,0.9447982,1.0040722,0.8431848,0.9539188,0.99663574,0.843342,0.9490024,1.010364
2025-01-01 00:51:00,0.8490862,0.9560149,1.0186486,0.8414963,0.9536954,1.0048614,0.8548354,0.95965284,1.008742,0.8411475,0.9516275,1.0060934,0.85365224,0.9461264,1.0017138,0.84076184,0.9517753,1.0043226,0.83587426,0.9420373,1.0011796,0.839974,0.95085615,1.0054824,0.8383819,0.9448061,1.0040842,0.8431784,0.9539277,0.99664855,0.84334135,0.94900644,1.0103724
2025-01-01 00:52:00,0.84909475,0.95602965,1.018661,0.84149635,0.9537084,1.0048676,0.85483426,0.95965356,1.00874,0.84112686,0.951618,1.0060834,0.85363495,0.9461158,1.0017008,0.8407369,0.9517654,1.0043122,0.83585876,0.9420304,1.0011767,0.8399619,0.95085937,1.005488,0.83838296,0.9448147,1.0040962,0.8431758,0.9539375,0.99666137,0.843343,0.9490116,1.0103805
2025-01-01 00:53:00,0.84910417,0.956044,1.0186733,0.84149826,0.95372045,1.0048738,0.8548337,0.9596541,1.0087377,0.8411089,0.9516088,1.0060734,0.8536186,0.94610476,1.0016878,0.84071463,0.9517552,1.0043018,0.835845,0.94202375,1.0011737,0.8399526,0.95086265,1.0054938,0.83838576,0.9448237,1.0041081,0.8431763,0.95394784,0.9966742,0.8433466,0.94901764,1.0103886
2025-01-01 00:54:00,0.8491143,0.956058,1.0186855,0.84150165,0.9537316,1.0048798,0.85483354,0.9596544,1.0087353,0.84109324,0.9515996,1.0060633,0.85360307,0.9460934,1.0016747,0.8406943,0.9517448,1.0042915,0.8358326,0.9420176,1.001171,0.8399455,0.95086604,1.0054995,0.8383898,0.9448331,1.00412,0.84317935,0.95395875,0.9966869,0.84335154,0.9490243,1.0103966
2025-01-01 00:55:00,0.8491251,0.9560718,1.0186976,0.8415063,0.9537421,1.0048859,0.8548338,0.9596545,1.0087328,0.8410793,0.95159054,1.0060532,0.85358816,0.9460817,1.0016615,0.84067553,0.9517342,1.0042812,0.83582133,0.9420117,1.0011681,0.8399401,0.9508696,1.0055053,0.838395,0.9448427,1.0041318,0.8431844,0.95397013,0.9966996,0.8433577,0.94903153,1.0104045
2025-01-01 00:56:00,0.84913623,0.9560853,1.0187097,0.8415119,0.95375204,1.0048919,0.85483426,0.95965445,1.0087302,0.84106684,0.95158154,1.0060431,0.85357374,0.9460697,1.0016484,0.8406581,0.9517234,1.004271,0.83581096,0.942006,1.0011653,0.8399362,0.9508732,1.005511,0.83840114,0.94485265,1.0041438,0.8431911,0.9539818,0.99671227,0.8433648,0.9490392,1.0104123
2025-01-01 00:57:00,0.8491478,0.9560987,1.0187216,0.8415182,0.95376146,1.0048978,0.854835,0.9596543,1.0087274,0.8410554,0.9515726,1.006033,0.85355973,0.9460575,1.0016353,0.8406417,0.95171255,1.0042608,0.83580136,0.9420005,1.0011624,0.83993345,0.9508769,1.005517,0.8384079,0.9448628,1.0041558,0.843199,0.95399374,0.99672496,0.8433725,0.94904715,1.0104201
2025-01-01 00:58:00,0.84915966,0.9561119,1.0187335,0.84152514,0.9537706,1.0049038,0.8548358,0.959654,1.0087247,0.84104484,0.9515637,1.0060227,0.8535461,0.9460452,1.0016223,0.8406261,0.9517016,1.0042505,0.8357923,0.9419952,1.0011598,0.83993167,0.9508807,1.005523,0.83841527,0.94487315,1.0041677,0.843208,0.95400596,0.99673766,0.8433809,0.9490554,1.0104278
2025-01-01 00:59:00,0.8491718,0.956125,1.0187455,0.8415326,0.9537794,1.0049096,0.85483676,0.95965356,1.0087218,0.84103495,0.9515548,1.0060126,0.85353255,0.9460327,1.0016091,0.84061116,0.95169055,1.0042404,0.8357838,0.94199,1.001157,0.8399306,0.9508846,1.0055289,0.8384231,0.94488364,1.0041797,0.8432178,0.95401824,0.9967503,0.8433898,0.9490638,1.0104356
2025-01-01 01:00:00,0.84895855,0.95625645,1.0227305,0.8412757,0.9542721,1.0056725,0.8547385,0.95960176,1.0126637,0.84023404,0.95124024,1.0067302,0.8531353,0.94609493,1.0035157,0.8399071,0.9516368,1.0049591,0.83503073,0.9415859,1.0032309,0.83908063,0.9505636,1.0062827,0.8376316,0.9443542,1.0060245,0.84215194,0.95331717,0.99743015,0.8424319,0.94823533,1.0124811
2025-01-01 01:01:00,0.8487905,0.9563641,1.025325,0.841072,0.95466775,1.0061702,0.8546601,0.95956016,1.0152249,0.8395919,0.9509868,1.0071931,0.85281485,0.9461421,1.0047504,0.83934146,0.95159155,1.0054228,0.834427,0.94126165,1.0045781,0.838401,0.9503077,1.0067748,0.8370004,0.94393283,1.0072277,0.8413018,0.95275885,0.99787647,0.8416677,0.9475743,1.0138133
2025-01-01 01:02:00,0.84865874,0.9564528,1.0270154,0.8409109,0.9549858,1.0064957,0.8545977,0.95952666,1.0168886,0.8390767,0.9507823,1.0074903,0.85255605,0.9461772,1.0055482,0.8388865,0.9515531,1.0057207,0.83394265,0.94100136,1.005453,0.83785784,0.9501038,1.0070969,0.8364974,0.9435981,1.0080142,0.8406243,0.9523148,0.998171,0.84105855,0.9470474,1.0146819
2025-01-01 01:03:00,0.8485559,0.9565262,1.0281184,0.8407839,0.9552417,1.0067092,0.8545479,0.95949966,1.017969,0.83866304,0.9506169,1.0076798,0.85234654,0.94620264,1.0060623,0.83852005,0.9515201,1.0059109,0.83355397,0.94079226,1.0060208,0.8374237,0.94994164,1.0073084,0.83609706,0.94333243,1.0085295,0.84008497,0.9519622,0.99836683,0.8405733,0.9466276,1.015249
2025-01-01 01:04:00,0.84847623,0.95658743,1.0288393,0.84068406,0.95544785,1.0068499,0.85450834,0.9594778,1.0186701,0.8383307,0.9504828,1.0077994,0.85217637,0.94622046,1.0063919,0.83822453,0.95149153,1.006031,0.8332417,0.9406241,1.0063891,0.83707684,0.94981277,1.0074481,0.8357787,0.94312215,1.0088687,0.83965605,0.9516827,0.99849844,0.8401872,0.94629365,1.0156204
2025-01-01 01:05:00,0.84841514,0.956639,1.0293121,0.840606,0.9556143,1.0069433,0.85447687,0.9594601,1.0191246,0.8380633,0.9503736,1.0078734,0.8520377,0.9462321,1.0066015,0.8379857,0.95146644,1.0061055,0.83299065,0.94048876,1.0066277,0.8367998,0.94971055,1.0075412,0.835526,0.9429562,1.0090935,0.8393156,0.9514617,0.99858844,0.8398804,0.94602823,1.0158641
2025-01-01 01:06:00,0.8483689,0.9566827,1.0296235,0.8405453,0.9557489,1.0070059,0.85445195,0.95944566,1.0194191,0.8378479,0.9502844,1.0079179,0.85192436,0.94623876,1.0067332,0.83779216,0.95144403,1.0061506,0.8327886,0.9403797,1.006782,0.83657867,0.9496297,1.0076039,0.8353258,0.9428257,1.009244,0.8390459,0.95128745,0.9986513,0.83963704,0.9458177,1.0160252
2025-01-01 01:07:00,0.84833443,0.9567202,1.0298301,0.84049857,0.95585805,1.0070484,0.85443217,0.95943385,1.0196091,0.8376741,0.9502112,1.007943,0.851831,0.94624144,1.0068141,0.8376349,0.951424,1.0061766,0.8326256,0.9402915,1.0068816,0.8364023,0.94956595,1.0076469,0.8351677,0.9427236,1.0093461,0.8388327,0.95115066,0.99869657,0.8394444,0.94565105,1.0161324
2025-01-01 01:08:00,0.84830946,0.9567526,1.0299684,0.8404629,0.95594674,1.0070779,0.85441655,0.95942414,1.0197314,0.8375335,0.9501509,1.0079557,0.8517539,0.9462411,1.0068622,0.8375067,0.95140576,1.0061901,0.8324941,0.94022024,1.0069456,0.83626163,0.9495158,1.0076772,0.8350432,0.94264406,1.0094167,0.83866477,0.95104384,0.9987303,0.83929235,0.94551945,1.0162046
2025-01-01 01:09:00,0.84829205,0.9567811,1.0300623,0.8404362,0.9560191,1.0070989,0.85440415,0.9594161,1.0198097,0.8374195,0.9501008,1.0079601,0.8516897,0.94623816,1.006889,0.83740175,0.95138896,1.0061953,0.8323876,0.94016236,1.0069866,0.83614963,0.9494767,1.0076993,0.83494556,0.9425828,1.0094668,0.83853304,0.950961,0.99875665,0.8391728,0.945416,1.016254
2025-01-01 01:10:00,0.8482807,0.95680636,1.0301275,0.8404166,0.9560784,1.0071144,0.85439444,0.95940936,1.0198594,0.8373268,0.95005876,1.0079592,0.85163575,0.94623315,1.0069016,0.83731544,0.95137334,1.0061954,0.83230126,0.9401153,1.0070124,0.8360605,0.9494464,1.0077157,0.8348695,0.94253606,1.0095037,0.8384303,0.9508973,0.9987781,0.8390792,0.945335,1.0162886
2025-01-01 01:11:00,0.8482743,0.956829,1.0301739,0.8404026,0.9561273,1.0071263,0.85438675,0.95940363,1.0198904,0.8372511,0.9500233,1.0079551,0.8515901,0.9462266,1.0069054,0.8372439,0.9513587,1.0061922,0.8322309,0.94007677,1.0070287,0.8359898,0.9494231,1.0077289,0.83481073,0.9425009,1.0095319,0.83835065,0.9508489,0.9987964,0.83900636,0.94527185,1.0163136
2025-01-01 01:12:00,0.84827167,0.9568497,1.030208,0.84039325,0.95616776,1.0071357,0.8543808,0.9593988,1.0199093,0.837189,0.949993,1.0079485,0.85155106,0.9462188,1.0069032,0.8371843,0.9513447,1.0061867,0.8321735,0.94004524,1.0070385,0.83593374,0.9494054,1.0077399,0.83476573,0.9424751,1.0095545,0.8382897,0.9508128,0.9988126,0.83895016,0.9452231,1.0163323
2025-01-01 01:13:00,0.8482722,0.9568687,1.0302343,0.8403875,0.9562015,1.0071436,0.8543761,0.9593946,1.0199202,0.8371378,0.9499669,1.0079404,0.85151726,0.94620985,1.0068971,0.8371343,0.95133144,1.0061797,0.83212644,0.94001925,1.0070443,0.83588946,0.94939214,1.0077493,0.83473176,0.9424567,1.0095737,0.8382434,0.9507865,0.99882746,0.83890724,0.94518584,1.0163468
2025-01-01 01:14:00,0.8482752,0.95688635,1.0302553,0.8403846,0.95622987,1.0071505,0.85437244,0.9593908,1.0199261,0.83709526,0.94994414,1.0079315,0.8514877,0.94620013,1.0068887,0.83709186,0.9513186,1.006172,0.8320875,0.93999773,1.0070474,0.83585465,0.9493826,1.0077578,0.83470666,0.9424443,1.0095904,0.8382091,0.950768,0.99884146,0.8388749,0.94515777,1.0163586
2025-01-01 01:15:00,0.84828013,0.9569029,1.0302731,0.84038407,0.95625395,1.0071567,0.85436964,0.95938754,1.0199286,0.8370596,0.949924,1.0079217,0.8514615,0.9461897,1.0068786,0.83705556,0.95130616,1.0061635,0.8320553,0.93997973,1.007049,0.8358273,0.949376,1.0077658,0.8346886,0.9424367,1.0096055,0.83818424,0.9507558,0.9988549,0.83885103,0.94513696,1.0163687
2025-01-01 01:16:00,0.8482867,0.95691866,1.0302886,0.84038526,0.9562745,1.0071626,0.8543675,0.9593845,1.0199289,0.8370295,0.94990605,1.0079117,0.851438,0.9461788,1.0068674,0.8370241,0.9512941,1.0061547,0.8320283,0.93996453,1.0070493,0.8358061,0.9493717,1.0077734,0.83467627,0.94243294,1.0096198,0.83816695,0.9507486,0.998868,0.838834,0.945122,1.0163778
2025-01-01 01:17:00,0.84829456,0.95693374,1.0303028,0.84038794,0.95629233,1.0071679,0.85436577,0.95938176,1.0199277,0.8370039,0.94988966,1.0079012,0.85141665,0.9461674,1.0068557,0.83699656,0.95128226,1.0061456,0.8320056,0.9399517,1.0070491,0.8357897,0.94936925,1.0077808,0.8346684,0.9424322,1.0096334,0.8381558,0.95074546,0.99888074,0.83882236,0.9451118,1.0163859
2025-01-01 01:18:00,0.84830344,0.9569482,1.0303158,0.8403918,0.95630795,1.0071732,0.8543645,0.9593791,1.0199255,0.8369817,0.9498747,1.0078907,0.85139704,0.9461557,1.0068436,0.83697224,0.9512707,1.0061365,0.8319863,0.93994075,1.0070484,0.83577716,0.9493684,1.0077881,0.8346642,0.942434,1.0096465,0.8381494,0.95074546,0.9988934,0.83881503,0.9451053,1.0163935
2025-01-01 01:19:00,0.8483131,0.9569623,1.0303283,0.8403966,0.9563217,1.0071782,0.85436356,0.95937663,1.0199226,0.8369624,0.94986075,1.0078801,0.8513788,0.9461437,1.006831,0.83695036,0.9512593,1.0061275,0.8319698,0.93993133,1.0070474,0.8357678,0.9493687,1.0077952,0.834663,0.9424377,1.0096595,0.838147,0.950748,0.99890584,0.83881116,0.94510174,1.0164008
2025-01-01 01:20:00,0.84832335,0.956976,1.0303404,0.84040207,0.9563341,1.0071831,0.85436285,0.9593742,1.0199194,0.8369453,0.94984764,1.0078692,0.85136163,0.9461315,1.0068184,0.8369305,0.95124805,1.0061182,0.8319555,0.93992305,1.0070463,0.8357609,0.94937,1.0078025,0.83466405,0.942443,1.0096723,0.83814764,0.95075274,0.99891824,0.8388101,0.9451006,1.0164078
2025-01-01 01:21:00,0.84833413,0.95698935,1.0303522,0.84040815,0.95634526,1.0071878,0.85436225,0.95937186,1.0199158,0.83693004,0.94983524,1.0078584,0.8513453,0.9461192,1.0068055,0.8369123,0.9512369,1.006109,0.8319429,0.9399158,1.0070451,0.83575606,0.9493722,1.0078096,0.834667,0.94244957,1.0096849,0.8381508,0.950759,0.9989306,0.83881116,0.94510126,1.0164148
2025-01-01 01:22:00,0.84834534,0.9570025,1.0303639,0.84041464,0.9563555,1.0071925,0.85436183,0.9593696,1.019912,0.8369162,0.9498233,1.0078474,0.8513297,0.9461066,1.0067927,0.83689535,0.95122594,1.0060998,0.83193177,0.9399093,1.0070438,0.83575284,0.9493749,1.0078168,0.8346715,0.9424572,1.0096976,0.8381559,0.9507666,0.99894285,0.838814,0.94510347,1.0164214
2025-01-01 01:23:00,0.8483569,0.9570155,1.0303755,0.8404215,0.956365,1.0071971,0.8543615,0.95936733,1.0199081,0.8369034,0.9498118,1.0078363,0.85131466,0.946094,1.0067798,0.83687943,0.951215,1.0060905,0.83192176,0.9399034,1.0070426,0.83575094,0.94937825,1.007824,0.8346772,0.9424656,1.0097101,0.8381627,0.95077527,0.9989552,0.8388182,0.94510686,1.0164281
2025-01-01 01:24:00,0.8483687,0.95702827,1.0303868,0.84042865,0.9563739,1.0072017,0.8543612,0.959365,1.019904,0.83689153,0.94980067,1.0078253,0.85130006,0.9460812,1.0067667,0.83686435,0.9512042,1.0060813,0.8319127,0.9398981,1.0070416,0.8357501,0.949382,1.0078312,0.83468395,0.9424747,1.0097227,0.8381707,0.9507847,0.99896735,0.8388235,0.9451113,1.0164347
2025-01-01 01:25:00,0.8483807,0.9570409,1.0303981,0.840436,0.9563822,1.0072062,0.85436094,0.95936275,1.0198998,0.83688045,0.94978976,1.0078142,0.8512859,0.9460684,1.0067537,0.83685,0.9511934,1.0060723,0.8319045,0.9398932,1.0070404,0.8357501,0.94938606,1.0078385,0.8346914,0.9424844,1.0097351,0.83817977,0.9507948,0.9989795,0.83882976,0.9451164,1.0164411
2025-01-01 01:26:00,0.84839284,0.9570534,1.0304093,0.84044343,0.95639014,1.0072106,0.8543607,0.9593604,1.0198956,0.8368699,0.949779,1.007803,0.85127187,0.9460556,1.0067407,0.83683616,0.9511827,1.0060631,0.8318968,0.93988866,1.0070392,0.8357508,0.9493905,1.0078458,0.8346995,0.94249445,1.0097476,0.8381896,0.9508055,0.9989917,0.83883667,0.9451221,1.0164475
2025-01-01 01:27:00,0.8484051,0.95706594,1.0304205,0.84045106,0.9563978,1.007215,0.8543605,0.9593581,1.0198911,0.8368597,0.9497684,1.0077919,0.85125804,0.94604266,1.0067277,0.8368228,0.95117205,1.0060542,0.83188957,0.9398844,1.0070381,0.83575207,0.9493951,1.0078532,0.83470815,0.9425049,1.0097603,0.83820003,0.9508166,0.9990038,0.8388442,0.94512826,1.0164539
2025-01-01 01:28:00,0.84841746,0.9570783,1.0304317,0.8404587,0.9564051,1.0072193,0.8543603,0.9593557,1.0198869,0.8368499,0.949758,1.0077807,0.85124457,0.94602966,1.0067147,0.8368099,0.9511615,1.0060451,0.83188283,0.93988043,1.0070372,0.8357538,0.94939995,1.0078605,0.8347172,0.94251555,1.0097728,0.83821106,0.95082796,0.9990159,0.83885205,0.9451348,1.0164602
2025-01-01 01:29:00,0.8484299,0.9570906,1.0304428,0.84046644,0.9564121,1.0072236,0.85436,0.9593533,1.0198823,0.83684033,0.94974756,1.0077695,0.8512311,0.9460167,1.0067017,0.8367971,0.95115095,1.0060362,0.8318764,0.9398767,1.0070362,0.83575594,0.9494051,1.007868,0.8347266,0.94252646,1.0097854,0.8382225,0.95083964,0.9990281,0.8388602,0.94514155,1.0164664
2025-01-01 01:30:00,0.8481921,0.9570665,1.0343062,0.840164,0.95670646,1.00795,0.8541958,0.9591177,1.0235697,0.8360181,0.94926816,1.0084503,0.8507532,0.94584155,1.008522,0.83601385,0.9508204,1.0067208,0.83111006,0.9393254,1.009018,0.8348202,0.9488174,1.00859,0.8338598,0.9417601,1.011546,0.83707416,0.9498916,0.9996767,0.83783925,0.9440978,1.0184118
2025-01-01 01:31:00,0.84800434,0.95704955,1.0368212,0.8399237,0.9569432,1.0084236,0.8540644,0.9589286,1.0259649,0.83535856,0.94888264,1.008889,0.8503684,0.94569886,1.0097008,0.83538496,0.95055383,1.0071627,0.83049595,0.9388838,1.0103059,0.8340725,0.94834846,1.0090618,0.83316857,0.9411494,1.012695,0.8361581,0.9491357,1.0001025,0.83702433,0.94326437,1.0196784
2025-01-01 01:32:00,0.84785664,0.9570384,1.0384598,0.83973294,0.95713377,1.0087329,0.85395914,0.9587768,1.0275201,0.8348292,0.9485721,1.00917,0.8500579,0.94558203,1.0104625,0.8348795,0.95033854,1.0074469,0.8300038,0.9385299,1.0111427,0.83347505,0.94797444,1.0093713,0.83261776,0.9406632,1.0134462,0.83542794,0.9485336,1.0003835,0.83637434,0.9425991,1.0205038
2025-01-01 01:33:00,0.84774107,0.9570319,1.0395286,0.83958197,0.9572874,1.0089353,0.85387486,0.95865476,1.0285293,0.834404,0.94832164,1.0093489,0.8498069,0.94548595,1.010953,0.83447295,0.95016426,1.0076286,0.82960904,0.9382463,1.0116864,0.83299786,0.9476765,1.0095752,0.8321793,0.9402767,1.0139389,0.8348464,0.9480544,1.0005703,0.83585626,0.9420685,1.0210423
2025-01-01 01:34:00,0.8476511,0.9570291,1.0402272,0.83946276,0.95741147,1.0090683,0.8538073,0.95855665,1.0291835,0.8340621,0.9481193,1.0094609,0.84960353,0.9454065,1.0112672,0.83414537,0.95002276,1.0077436,0.8292923,0.9380189,1.0120397,0.8326169,0.9474393,1.0097104,0.8318307,0.93996984,1.0142636,0.8343838,0.94767356,1.000696,0.83544356,0.94164556,1.0213945
2025-01-01 01:35:00,0.8475817,0.9570292,1.0406852,0.8393689,0.9575119,1.0091561,0.8537531,0.9584775,1.029607,0.83378685,0.9479553,1.00953,0.8494383,0.9453403,1.0114671,0.833881,0.9499076,1.0078154,0.82903796,0.9378364,1.0122691,0.83231294,0.9472508,1.009801,0.83155394,0.93972677,1.0144792,0.83401626,0.94737136,1.0007818,0.8351153,0.9413087,1.0216254
2025-01-01 01:36:00,0.8475287,0.95703167,1.0409865,0.8392953,0.9575934,1.0092144,0.8537096,0.95841366,1.0298806,0.8335649,0.94782203,1.0095707,0.8493035,0.94528466,1.0115924,0.8336673,0.9498135,1.007859,0.82883346,0.93768996,1.012418,0.8320705,0.9471012,1.0098628,0.8313348,0.9395347,1.0146236,0.83372486,0.9471322,1.0008417,0.83485454,0.94104075,1.0217775
2025-01-01 01:37:00,0.8474888,0.957036,1.0411863,0.8392379,0.9576597,1.0092536,0.85367465,0.9583619,1.0300567,0.83338547,0.9477134,1.0095932,0.84919304,0.9452376,1.0116694,0.833494,0.9497361,1.0078843,0.828669,0.93757224,1.0125147,0.8318775,0.94698274,1.0099056,0.8311617,0.9393835,1.0147221,0.83349437,0.9469434,1.0008849,0.8346479,0.94082785,1.0218784
2025-01-01 01:38:00,0.8474594,0.95704186,1.0413198,0.8391936,0.9577139,1.0092804,0.85364646,0.95831996,1.0301695,0.8332402,0.9476244,1.0096037,0.84910214,0.94519734,1.0117149,0.83335316,0.9496723,1.0078979,0.82853657,0.9374776,1.0125774,0.83172387,0.9468892,1.0099363,0.83102536,0.93926495,1.0147904,0.8333126,0.94679487,1.000917,0.83448434,0.94065905,1.0219458
2025-01-01 01:39:00,0.84743845,0.95704883,1.0414104,0.83915967,0.95775837,1.009299,0.8536238,0.9582858,1.030241,0.8331222,0.94755113,1.0096066,0.84902674,0.9451624,1.0117401,0.83323824,0.94961923,1.0079037,0.82842964,0.9374015,1.0126182,0.8316018,0.9468156,1.009959,0.8309186,0.93917257,1.0148394,0.8331697,0.9466785,1.000942,0.8343553,0.94052553,1.0219917
2025-01-01 01:40:00,0.84742415,0.9570569,1.041473,0.839134,0.9577951,1.0093125,0.85360545,0.9582578,1.0302856,0.83302605,0.94749033,1.0096043,0.84896386,0.94513196,1.0117519,0.833144,0.9495747,1.0079044,0.8283433,0.9373401,1.0126445,0.831505,0.94675803,1.0099765,0.83083534,0.93910104,1.0148757,0.8330581,0.946588,1.0009625,0.8342539,0.94042015,1.0220236
2025-01-01 01:41:00,0.84741527,0.9570656,1.0415175,0.8391149,0.9578255,1.0093225,0.8535906,0.9582348,1.0303128,0.8329473,0.94743973,1.0095989,0.848911,0.94510496,1.011755,0.8330664,0.94953716,1.007902,0.82827324,0.9372905,1.0126617,0.83142847,0.9467132,1.0099907,0.83077097,0.9390462,1.0149037,0.83297133,0.946518,1.0009798,0.83417463,0.94033736,1.0220461
2025-01-01 01:42:00,0.8474106,0.95707494,1.0415502,0.83910114,0.95785093,1.0093302,0.85357845,0.9582157,1.0303286,0.8328825,0.9473971,1.0095912,0.84886605,0.9450807,1.0117525,0.8330021,0.9495052,1.0078976,0.8282163,0.9372504,1.0126728,0.8313681,0.94667864,1.0100029,0.83072174,0.93900484,1.0149264,0.8329045,0.94646454,1.0009953,0.834113,0.94027257,1.0220628
2025-01-01 01:43:00,0.8474095,0.9570848,1.0415751,0.8390916,0.9578724,1.0093362,0.85356855,0.9581998,1.030337,0.8328288,0.9473609,1.009582,0.8488275,0.9450587,1.0117464,0.8329484,0.9494776,1.0078919,0.82816994,0.93721783,1.0126799,0.83132064,0.9466523,1.0100136,0.8306846,0.93897414,1.0149456,0.83285373,0.9464243,1.0010095,0.8340655,0.94022214,1.0220754
2025-01-01 01:44:00,0.84741104,0.95709497,1.041595,0.83908546,0.9578906,1.0093415,0.8535604,0.9581864,1.0303407,0.83278406,0.94732976,1.0095721,0.84879404,0.94503844,1.011738,0.83290327,0.94945365,1.0078852,0.828132,0.9371914,1.0126846,0.8312836,0.9466325,1.0100235,0.8306572,0.9389521,1.0149627,0.83281565,0.9463946,1.0010227,0.8340293,0.94018334,1.0220855
2025-01-01 01:45:00,0.8474148,0.95710546,1.0416116,0.83908194,0.95790625,1.0093459,0.8535536,0.95817494,1.030341,0.83274645,0.9473028,1.0095615,0.84876466,0.9450196,1.011728,0.83286494,0.94943255,1.007878,0.8281008,0.93716985,1.0126876,0.8312549,0.94661796,1.0100328,0.83063745,0.9389369,1.0149782,0.8327878,0.94637334,1.0010353,0.83400214,0.94015366,1.022094
2025-01-01 01:46:00,0.8474203,0.9571162,1.041626,0.8390806,0.9579198,1.0093501,0.8535479,0.9581651,1.0303395,0.8327145,0.94727904,1.0095506,0.8487386,0.945002,1.0117171,0.83283204,0.94941366,1.0078704,0.82807505,0.9371522,1.0126896,0.83123285,0.9466077,1.0100417,0.8306239,0.9389271,1.0149928,0.8327682,0.9463588,1.0010477,0.8339821,0.9401313,1.0221013
2025-01-01 01:47:00,0.8474272,0.95712703,1.0416391,0.8390809,0.9579317,1.0093538,0.85354304,0.9581565,1.0303365,0.8326871,0.94725794,1.0095394,0.84871507,0.9449853,1.0117055,0.83280355,0.94939667,1.0078628,0.82805353,0.9371377,1.012691,0.8312161,0.9466008,1.0100505,0.83061534,0.9389218,1.0150068,0.83275497,0.9463497,1.0010598,0.8339679,0.9401149,1.0221078
2025-01-01 01:48:00,0.8474351,0.95713806,1.0416512,0.8390826,0.9579422,1.0093573,0.8535389,0.95814896,1.0303326,0.8326633,0.94723886,1.0095278,0.8486937,0.94496924,1.0116935,0.8327786,0.9493811,1.0078548,0.8280356,0.93712574,1.012692,0.8312037,0.9465966,1.0100592,0.83061075,0.93891996,1.0150204,0.83274704,0.94634485,1.0010717,0.83395827,0.9401032,1.022114
2025-01-01 01:49:00,0.847444,0.95714915,1.0416628,0.83908534,0.95795166,1.0093608,0.85353523,0.9581421,1.0303282,0.8326423,0.94722146,1.0095162,0.84867406,0.94495386,1.0116812,0.83275634,0.9493667,1.007847,0.8280204,0.93711585,1.0126927,0.8311947,0.94659466,1.0100678,0.8306094,0.938921,1.0150337,0.8327433,0.94634354,1.0010835,0.83395237,0.9400952,1.0221198
2025-01-01 01:50:00,0.84745365,0.9571604,1.0416739,0.839089,0.95796025,1.009364,0.853532,0.9581359,1.0303233,0.8326238,0.94720536,1.0095046,0.84865564,0.9449389,1.0116688,0.8327364,0.94935334,1.0078391,0.8280075,0.9371075,1.0126933,0.83118844,0.9465944,1.0100764,0.8306106,0.93892425,1.015047,0.8327428,0.9463449,1.0010952,0.8339494,0.94009024,1.0221252
2025-01-01 01:51:00,0.8474638,0.9571716,1.0416849,0.83909327,0.9579681,1.0093672,0.85352916,0.95813024,1.0303181,0.832607,0.9471903,1.0094929,0.8486383,0.94492435,1.0116563,0.83271825,0.9493407,1.0078311,0.8279964,0.9371005,1.0126939,0.83118445,0.9465956,1.010085,0.8306138,0.9389294,1.0150601,0.8327451,0.9463485,1.0011069,0.8339487,0.94008756,1.0221306
2025-01-01 01:52:00,0.84747434,0.95718294,1.0416954,0.83909804,0.9579753,1.0093702,0.8535266,0.9581249,1.0303127,0.8325917,0.9471761,1.0094811,0.84862185,0.9449101,1.0116436,0.83270156,0.9493287,1.0078231,0.8279867,0.9370946,1.0126944,0.83118224,0.94659793,1.0100935,0.8306186,0.93893594,1.0150731,0.8327494,0.9463538,1.0011184,0.83394986,0.94008684,1.0221357
2025-01-01 01:53:00,0.8474853,0.95719427,1.041706,0.8391032,0.9579821,1.0093732,0.85352415,0.95811987,1.030307,0.8325775,0.9471626,1.0094692,0.848606,0.94489604,1.011631,0.8326861,0.9493172,1.0078152,0.82797825,0.93708956,1.0126948,0.8311814,0.94660115,1.010102,0.8306248,0.9389437,1.015086,0.8327555,0.9463605,1.0011299,0.8339525,0.9400876,1.0221409
2025-01-01 01:54:00,0.8474965,0.9572056,1.0417163,0.8391087,0.9579885,1.009376,0.8535218,0.95811504,1.0303013,0.8325643,0.94714963,1.0094572,0.8485908,0.9448822,1.0116184,0.8326715,0.9493062,1.0078074,0.82797074,0.9370853,1.0126953,0.8311818,0.9466052,1.0101106,0.8306321,0.9389523,1.0150989,0.832763,0.9463684,1.0011414,0.83395636,0.9400896,1.0221459
2025-01-01 01:55:00,0.84750795,0.957217,1.0417267,0.8391145,0.9579945,1.0093789,0.8535197,0.9581104,1.0302956,0.83255184,0.947137,1.0094453,0.848576,0.94486856,1.0116056,0.83265775,0.9492955,1.0077995,0.827964,0.93708146,1.0126958,0.83118314,0.94660974,1.0101193,0.8306402,0.93896174,1.0151119,0.83277154,0.9463771,1.0011529,0.8339611,0.94009244,1.0221508
2025-01-01 01:56:00,0.8475196,0.9572283,1.041737,0.83912045,0.9580003,1.0093817,0.85351753,0.95810586,1.0302898,0.8325399,0.9471247,1.0094334,0.84856147,0.944855,1.011593,0.8326446,0.9492851,1.0077918,0.82795787,0.9370781,1.0126964,0.83118516,0.94661486,1.0101279,0.8306491,0.93897176,1.0151248,0.8327809,0.9463865,1.0011642,0.8339667,0.94009614,1.0221555
2025-01-01 01:57:00,0.8475313,0.9572397,1.0417472,0.8391266,0.9580059,1.0093844,0.8535154,0.9581014,1.0302838,0.8325285,0.9471127,1.0094215,0.8485473,0.9448415,1.0115803,0.8326319,0.9492749,1.007784,0.82795227,0.93707526,1.0126971,0.83118784,0.9466204,1.0101367,0.8306584,0.9389822,1.0151378,0.83279103,0.9463965,1.0011756,0.8339727,0.9401003,1.0221603
2025-01-01 01:58:00,0.8475432,0.957251,1.0417573,0.8391328,0.95801127,1.0093871,0.85351336,0.95809704,1.0302778,0.8325174,0.9471009,1.0094094,0.84853333,0.9448282,1.0115677,0.8326196,0.94926494,1.0077764,0.8279471,0.93707263,1.0126977,0.8311911,0.94662625,1.0101454,0.8306682,0.9389931,1.0151507,0.83280164,0.94640696,1.001187,0.83397925,0.940105,1.0221651
2025-01-01 01:59:00,0.84755516,0.95726234,1.0417675,0.83913904,0.9580164,1.0093898,0.85351133,0.9580927,1.0302718,0.83250654,0.94708925,1.0093975,0.8485195,0.94481486,1.011555,0.8326077,0.9492551,1.0077688,0.8279422,0.9370703,1.0126985,0.83119476,0.9466324,1.0101542,0.8306784,0.93900436,1.0151637,0.8328127,0.94641775,1.0011983,0.8339861,0.9401101,1.0221697
2025-01-01 02:00:00,0.84729636,0.95708305,1.0454391,0.8387951,0.9581072,1.0100669,0.8532837,0.9576773,1.0336379,0.8316765,0.94645363,1.0100292,0.8479693,0.9444057,1.0132564,0.831758,0.9486536,1.0084069,0.827176,0.9363819,1.0145524,0.83018893,0.94578874,1.0108312,0.82975143,0.938015,1.0168085,0.8316015,0.94523996,1.001804,0.83291996,0.9388698,1.0239798
2025-01-01 02:01:00,0.84709173,0.95694184,1.0478293,0.8385213,0.95818067,1.0105078,0.85310125,0.9573441,1.0358238,0.83101046,0.94594294,1.0104356,0.8475265,0.94407564,1.0143579,0.83107626,0.94817054,1.008819,0.8265623,0.9358309,1.0157578,0.8293854,0.94511527,1.0112743,0.8290123,0.937226,1.0178821,0.830635,0.9443002,1.0022016,0.83206874,0.93787885,1.0251578
2025-01-01 02:02:00,0.84693044,0.9568311,1.0493864,0.83830357,0.95824033,1.0107954,0.85295486,0.9570768,1.0372424,0.8304757,0.94553214,1.0106955,0.84716964,0.94380903,1.0150695,0.8305288,0.94778234,1.0090845,0.8260707,0.9353899,1.0165415,0.8287436,0.94457793,1.0115656,0.82842326,0.9365973,1.0185844,0.8298644,0.94355077,1.002464,0.8313893,0.9370873,1.0259252
2025-01-01 02:03:00,0.8468039,0.95674473,1.0504019,0.8381306,0.9582889,1.010983,0.8528372,0.956862,1.0381622,0.8300458,0.9452012,1.0108602,0.84688157,0.9435932,1.0155276,0.8300886,0.94746983,1.0092543,0.8256768,0.93503684,1.0170515,0.8282313,0.9441496,1.0117581,0.82795435,0.9360968,1.0190455,0.8292505,0.9429537,1.0026385,0.8308474,0.93645537,1.0264254
2025-01-01 02:04:00,0.8467051,0.95667785,1.0510654,0.8379935,0.95832866,1.0111057,0.8527427,0.95668924,1.0387579,0.8297,0.9449343,1.010963,0.84664845,0.94341785,1.015821,0.8297344,0.9472181,1.0093622,0.8253611,0.93475425,1.0173832,0.8278225,0.94380844,1.0118862,0.82758164,0.935699,1.0193498,0.82876194,0.9424785,1.0027558,0.8304154,0.93595105,1.026752
2025-01-01 02:05:00,0.8466284,0.9566266,1.0515002,0.8378851,0.95836127,1.0111862,0.85266656,0.9565501,1.0391427,0.82942134,0.94471854,1.0110254,0.8464593,0.9432751,1.0160073,0.82944894,0.947015,1.0094298,0.8251079,0.934528,1.0175995,0.82749665,0.943537,1.0119728,0.8272858,0.9353832,1.0195521,0.8283736,0.94210064,1.0028359,0.8300715,0.93554884,1.0269659
2025-01-01 02:06:00,0.84656954,0.9565878,1.0517863,0.8377996,0.95838815,1.0112394,0.85260516,0.95643795,1.0393908,0.8291964,0.9445436,1.0110618,0.8463055,0.9431582,1.016124,0.82921857,0.94685066,1.0094712,0.8249047,0.9343468,1.0177402,0.82723707,0.94332135,1.0120324,0.82705146,0.9351331,1.0196882,0.8280655,0.94180083,1.0028919,0.82979804,0.9352283,1.0271063
2025-01-01 02:07:00,0.84652483,0.95655894,1.0519756,0.8377324,0.95841056,1.0112746,0.8525556,0.9563473,1.0395497,0.8290145,0.9444014,1.0110812,0.84617966,0.94306207,1.0161955,0.8290321,0.94671744,1.0094956,0.82474154,0.9342017,1.0178323,0.82703054,0.94315034,1.0120742,0.82686645,0.93493557,1.0197814,0.82782155,0.94156337,1.0029321,0.8295808,0.93497306,1.027199
2025-01-01 02:08:00,0.8464915,0.956538,1.0521021,0.83767986,0.9584293,1.0112982,0.8525154,0.9562738,1.0396506,0.8288669,0.9442854,1.0110894,0.8460765,0.9429827,1.0162376,0.8288809,0.9466091,1.009509,0.8246104,0.9340855,1.0178926,0.8268665,0.9430151,1.0121049,0.8267207,0.93478006,1.0198463,0.82762897,0.94137585,1.0029621,0.8294086,0.93477005,1.0272608
2025-01-01 02:09:00,0.84646726,0.95652354,1.0521877,0.8376391,0.958445,1.0113142,0.85248274,0.9562141,1.0397139,0.8287468,0.94419026,1.0110906,0.84599125,0.9429165,1.0162607,0.8287579,0.9465207,1.0095152,0.824505,0.9339924,1.0179323,0.82673645,0.9429084,1.0121279,0.8266066,0.93465817,1.019893,0.82747746,0.94122815,1.0029854,0.8292724,0.9346089,1.0273024
2025-01-01 02:10:00,0.84645027,0.9565142,1.0522466,0.8376076,0.9584584,1.0113252,0.85245603,0.9561653,1.0397527,0.82864875,0.94411194,1.0110871,0.84592044,0.94286096,1.0162714,0.82865745,0.9464482,1.0095167,0.82442003,0.9339177,1.0179586,0.8266336,0.9428246,1.0121461,0.82651764,0.9345632,1.0199281,0.8273588,0.9411124,1.0030043,0.829165,0.93448114,1.0273308
2025-01-01 02:11:00,0.846439,0.9565088,1.0522883,0.83758366,0.9584699,1.0113331,0.85243416,0.9561253,1.0397755,0.8285682,0.944047,1.0110804,0.8458612,0.942814,1.016274,0.828575,0.9463885,1.0095153,0.82435155,0.9338579,1.0179763,0.82655245,0.94275916,1.0121613,0.82644886,0.9344898,1.0199554,0.8272664,0.9410222,1.0030205,0.82908064,0.9343801,1.0273505
2025-01-01 02:12:00,0.8464324,0.95650667,1.0523188,0.8375657,0.9584799,1.0113388,0.8524161,0.9560924,1.039788,0.8285018,0.94399273,1.0110718,0.84581125,0.9427738,1.0162714,0.82850707,0.946339,1.009512,0.82429624,0.93381,1.0179883,0.8264887,0.9427083,1.0121744,0.8263962,0.9344336,1.0199777,0.827195,0.9409524,1.0030348,0.82901466,0.9343004,1.0273647
2025-01-01 02:13:00,0.8464295,0.95650715,1.0523418,0.8375525,0.9584886,1.0113431,0.85240114,0.95606506,1.0397938,0.82844657,0.943947,1.0110619,0.8457686,0.94273907,1.0162652,0.8284507,0.9462977,1.0095073,0.8242514,0.93377155,1.0179967,0.8264389,0.9426692,1.0121863,0.8263566,0.9343912,1.0199969,0.8271404,0.94089895,1.0030481,0.82896346,0.93423784,1.0273753
2025-01-01 02:14:00,0.8464296,0.95650965,1.0523602,0.8375431,0.95849633,1.0113466,0.8523885,0.9560422,1.0397952,0.8284004,0.9439081,1.011051,0.8457319,0.9427088,1.0162569,0.82840353,0.9462629,1.0095019,0.82421505,0.9337407,1.0180027,0.82640034,0.9426396,1.0121973,0.8263272,0.9343598,1.0200138,0.82709926,0.9408586,1.0030603,0.828924,0.9341889,1.0273834
2025-01-01 02:15:00,0.846432,0.9565139,1.0523754,0.8375367,0.95850325,1.0113494,0.85237783,0.95602286,1.0397935,0.82836133,0.9438747,1.0110397,0.8456999,0.9426819,1.0162472,0.82836384,0.9462334,1.009496,0.82418543,0.93371594,1.0180074,0.8263706,0.9426174,1.0122077,0.82630616,0.93433726,1.0200294,0.82706887,0.9408287,1.0030721,0.82889396,0.93415093,1.0273901
2025-01-01 02:16:00,0.8464363,0.95651937,1.0523885,0.8375327,0.95850956,1.0113518,0.8523687,0.95600635,1.0397902,0.828328,0.9438457,1.011028,0.84567165,0.9426578,1.0162365,0.82833004,0.94620806,1.0094899,0.8241613,0.9336961,1.018011,0.8263481,0.9426013,1.012218,0.82629174,0.93432176,1.0200442,0.82704705,0.9408071,1.0030835,0.8288715,0.93412167,1.0273957
2025-01-01 02:17:00,0.84644216,0.9565259,1.0524004,0.8375307,0.9585152,1.0113537,0.8523608,0.95599216,1.0397854,0.8282993,0.9438201,1.0110161,0.84564644,0.942636,1.0162253,0.828301,0.9461861,1.0094835,0.82414144,0.9336802,1.018014,0.8263314,0.9425901,1.0122279,0.82628256,0.93431187,1.0200583,0.82703215,0.9407922,1.0030947,0.828855,0.9340993,1.0274006
2025-01-01 02:18:00,0.8464492,0.95653325,1.0524113,0.83753014,0.95852053,1.0113555,0.8523539,0.95597976,1.0397799,0.8282742,0.94379735,1.011004,0.8456237,0.9426159,1.0162137,0.8282758,0.94616693,1.009477,0.8241251,0.93366736,1.0180166,0.8263192,0.9425827,1.0122378,0.8262777,0.93430656,1.0200721,0.82702273,0.94078255,1.0031056,0.82884324,0.93408257,1.027405
2025-01-01 02:19:00,0.8464571,0.95654124,1.0524218,0.8375308,0.9585254,1.0113572,0.8523477,0.95596874,1.0397738,0.82825214,0.94377685,1.0109917,0.8456028,0.9425973,1.0162019,0.8282536,0.94614995,1.0094706,0.8241116,0.93365717,1.018019,0.82631075,0.9425784,1.0122476,0.8262762,0.9343049,1.0200857,0.82701766,0.94077724,1.0031165,0.8288353,0.9340702,1.0274091
2025-01-01 02:20:00,0.8464659,0.9565498,1.0524318,0.83753246,0.95853007,1.0113587,0.852342,0.95595884,1.0397673,0.8282322,0.943758,1.0109793,0.8455835,0.94257987,1.01619,0.8282339,0.9461346,1.009464,0.82410026,0.93364894,1.0180212,0.82630527,0.94257665,1.0122575,0.82627743,0.9343061,1.0200989,0.8270162,0.94077533,1.0031273,0.8288304,0.93406147,1.027413
2025-01-01 02:21:00,0.8464752,0.95655876,1.0524415,0.8375349,0.9585344,1.0113603,0.8523369,0.9559499,1.0397606,0.8282143,0.94374067,1.010967,0.84556544,0.94256335,1.016178,0.8282162,0.9461208,1.0094576,0.8240908,0.93364245,1.0180235,0.8263022,0.9425769,1.0122672,0.8262809,0.93430966,1.0201123,0.8270175,0.94077617,1.0031381,0.82882804,0.93405557,1.0274167
2025-01-01 02:22:00,0.84648496,0.956568,1.052451,0.8375379,0.95853853,1.0113616,0.8523321,0.9559416,1.0397536,0.82819784,0.94372445,1.0109545,0.84554833,0.9425476,1.0161659,0.82820004,0.94610804,1.009451,0.82408285,0.9336372,1.0180258,0.826301,0.94257873,1.0122769,0.8262861,0.934315,1.0201255,0.82702094,0.94077915,1.0031487,0.82882756,0.9340519,1.0274203
2025-01-01 02:23:00,0.84649515,0.9565775,1.0524603,0.83754134,0.95854247,1.0113629,0.85232764,0.9559339,1.0397465,0.8281825,0.9437091,1.010942,0.8455321,0.9425325,1.0161538,0.82818514,0.9460962,1.0094445,0.824076,0.933633,1.0180279,0.82630134,0.9425819,1.0122868,0.8262927,0.9343219,1.0201387,0.82702637,0.9407839,1.0031593,0.82882863,0.93404996,1.0274237
2025-01-01 02:24:00,0.84650564,0.9565872,1.0524696,0.8375452,0.9585463,1.0113641,0.85232335,0.9559267,1.0397394,0.82816815,0.94369453,1.0109295,0.84551644,0.94251776,1.0161415,0.8281714,0.94608516,1.009438,0.82407016,0.93362975,1.0180302,0.8263029,0.94258606,1.0122966,0.82630044,0.93433005,1.0201519,0.8270331,0.94079,1.0031698,0.82883096,0.9340495,1.0274271
2025-01-01 02:25:00,0.8465164,0.9565971,1.0524788,0.8375493,0.9585499,1.0113652,0.85231924,0.95591974,1.0397321,0.8281545,0.9436804,1.010917,0.8455013,0.94250345,1.0161295,0.8281584,0.94607466,1.0094317,0.8240651,0.9336272,1.0180323,0.8263055,0.94259113,1.0123065,0.826309,0.934339,1.020165,0.827041,0.9407972,1.0031804,0.8288342,0.9340501,1.0274303
2025-01-01 02:26:00,0.8465272,0.956607,1.0524879,0.8375536,0.95855343,1.0113662,0.85231525,0.95591307,1.0397248,0.82814145,0.9436668,1.0109044,0.84548664,0.9424895,1.0161173,0.828146,0.9460647,1.0094254,0.8240606,0.93362516,1.0180346,0.8263089,0.94259685,1.0123163,0.8263183,0.93434876,1.020178,0.8270498,0.9408053,1.0031908,0.8288381,0.93405163,1.0274335
2025-01-01 02:27:00,0.84653825,0.956617,1.0524969,0.8375581,0.9585569,1.0113673,0.8523113,0.95590657,1.0397173,0.8281289,0.9436536,1.0108919,0.8454722,0.94247574,1.0161052,0.82813424,0.9460552,1.0094191,0.8240567,0.9336236,1.018037,0.82631296,0.9426031,1.0123262,0.82632834,0.9343592,1.0201911,0.82705927,0.9408141,1.0032012,0.8288427,0.93405384,1.0274366
2025-01-01 02:28:00,0.84654933,0.95662713,1.0525059,0.83756274,0.9585603,1.0113683,0.8523075,0.9559003,1.0397099,0.82811666,0.9436406,1.0108793,0.8454581,0.94246215,1.016093,0.82812285,0.9460459,1.0094128,0.8240531,0.9336225,1.0180393,0.8263176,0.94260985,1.0123363,0.82633877,0.93437016,1.0202042,0.8270694,0.9408234,1.0032116,0.82884777,0.93405664,1.0274397
2025-01-01 02:29:00,0.84656054,0.95663726,1.0525148,0.83756745,0.9585635,1.0113692,0.8523036,0.95589405,1.0397024,0.82810473,0.94362783,1.0108666,0.8454442,0.9424488,1.016081,0.8281119,0.946037,1.0094067,0.82404995,0.93362164,1.0180418,0.8263226,0.94261694,1.0123463,0.82634956,0.9343814,1.0202173,0.8270799,0.9408331,1.003222,0.82885325,0.9340599,1.0274427
2025-01-01 02:30:00,0.84628546,0.956306,1.0559299,0.8371881,0.958449,1.011985,0.8520167,0.9553064,1.0426877,0.82728153,0.9428473,1.0114381,0.84483135,0.9418127,1.0176331,0.827211,0.9451752,1.0099871,0.8232973,0.93280834,1.0197349,0.8252646,0.9415322,1.0129663,0.8253789,0.9331866,1.0217172,0.8258271,0.93944645,1.003774,0.8277608,0.9326452,1.0290853
2025-01-01 02:31:00,0.84606767,0.956043,1.0581529,0.8368857,0.95835805,1.0123855,0.85178643,0.9548352,1.0446255,0.8266207,0.94222045,1.011805,0.84433854,0.94130135,1.0186378,0.82648844,0.9444842,1.0103623,0.8226949,0.9321578,1.0208362,0.82441956,0.9406662,1.0133728,0.82460487,0.9322333,1.0226966,0.8248274,0.93833953,1.0041364,0.82688826,0.93151444,1.030154
2025-01-01 02:32:00,0.84589565,0.9558346,1.0596008,0.8366447,0.95828575,1.012646,0.85160136,0.954457,1.0458822,0.82609,0.9417166,1.0120392,0.8439416,0.94088966,1.0192868,0.8259084,0.9439299,1.010604,0.82221264,0.9316375,1.0215532,0.8237449,0.93997514,1.0136406,0.8239881,0.9314732,1.0233378,0.82403,0.93745625,1.0043756,0.82619154,0.9306108,1.0308496
2025-01-01 02:33:00,0.8457604,0.95567,1.0605451,0.8364529,0.95822847,1.0128156,0.8514526,0.95415324,1.0466965,0.82566315,0.9413112,1.0121869,0.84362143,0.9405578,1.0197043,0.82544255,0.9434849,1.0107591,0.8218266,0.9312214,1.0220201,0.82320654,0.93942404,1.0138183,0.8234972,0.93086773,1.0237592,0.8233946,0.93675184,1.0045345,0.8256355,0.9298888,1.0313026
2025-01-01 02:34:00,0.8456545,0.9555403,1.0611619,0.83630043,0.9581831,1.012926,0.8513328,0.95390904,1.047223,0.82531947,0.9409843,1.0122784,0.84336275,0.94028974,1.0199716,0.82506806,0.94312733,1.0108579,0.82151735,0.9308887,1.0223247,0.8227773,0.93898493,1.0139374,0.8231069,0.93038595,1.0240377,0.82288873,0.93619066,1.0046414,0.82519203,0.92931217,1.031598
2025-01-01 02:35:00,0.845572,0.95543855,1.0615658,0.8361794,0.9581474,1.0129979,0.8512361,0.95371246,1.0475625,0.82504237,0.9407205,1.0123335,0.8431532,0.9400728,1.0201411,0.8247665,0.9428398,1.0109202,0.82126975,0.93062264,1.0225235,0.8224353,0.9386354,1.0140184,0.8227972,0.9300031,1.0242233,0.8224864,0.9357439,1.0047144,0.82483864,0.9288518,1.031791
2025-01-01 02:36:00,0.8455082,0.95535916,1.0618312,0.8360834,0.95811933,1.0130447,0.85115796,0.953554,1.0477803,0.82481855,0.940507,1.012365,0.8429829,0.9398967,1.0202471,0.8245235,0.94260824,1.0109586,0.8210713,0.93040997,1.0226539,0.8221631,0.93835753,1.0140746,0.8225519,0.9296994,1.0243486,0.8221671,0.9353888,1.0047654,0.8245571,0.9284844,1.0319172
2025-01-01 02:37:00,0.8454595,0.95529765,1.062007,0.8360076,0.95809734,1.0130754,0.85109454,0.9534259,1.0479192,0.8246372,0.9403338,1.0123808,0.84284407,0.93975335,1.020312,0.8243272,0.9424215,1.0109816,0.8209124,0.93024004,1.0227396,0.82194686,0.9381371,1.0141149,0.8223582,0.9294591,1.0244346,0.8219141,0.935107,1.0048021,0.8243333,0.92819136,1.0320002
2025-01-01 02:38:00,0.8454228,0.95525044,1.0621239,0.8359479,0.95808023,1.0130954,0.85104305,0.95332223,1.0480065,0.82448995,0.94019276,1.0123867,0.8427304,0.9396361,1.0203499,0.8241684,0.94227064,1.0109946,0.820785,0.9301043,1.0227965,0.82177526,0.9379625,1.0141447,0.8222057,0.9292694,1.0244951,0.8217141,0.9348838,1.0048294,0.82415545,0.92795783,1.032055
2025-01-01 02:39:00,0.8453956,0.9552147,1.062203,0.8359009,0.958067,1.0131084,0.85100096,0.95323807,1.0480605,0.82436985,0.9400776,1.0123861,0.8426369,0.9395398,1.0203705,0.82403946,0.9421485,1.011001,0.8206828,0.9299959,1.0228347,0.8216395,0.9378246,1.0141675,0.8220863,0.92912024,1.024539,0.8215565,0.9347074,1.0048506,0.8240145,0.9277719,1.0320915
2025-01-01 02:40:00,0.84537613,0.95518804,1.0622574,0.8358643,0.95805687,1.0131171,0.85096645,0.95316947,1.0480928,0.82427156,0.93998295,1.0123812,0.8425595,0.9394603,1.0203798,0.8239345,0.94204926,1.0110033,0.8206009,0.9299094,1.0228604,0.8215323,0.9377161,1.0141863,0.8219932,0.9290035,1.0245721,0.82143295,0.9345685,1.0048679,0.823903,0.927624,1.0321159
2025-01-01 02:41:00,0.8453628,0.9551687,1.0622956,0.8358359,0.95804924,1.0131227,0.85093796,0.95311326,1.0481111,0.82419074,0.93990487,1.0123736,0.84249496,0.9393941,1.0203816,0.8238488,0.94196844,1.0110028,0.8205351,0.9298404,1.0228784,0.8214481,0.93763113,1.0142019,0.8219212,0.92891276,1.0245982,0.8213365,0.9344597,1.0048826,0.8238151,0.92750657,1.0321326
2025-01-01 02:42:00,0.8453543,0.9551552,1.0623233,0.835814,0.9580436,1.0131263,0.8509143,0.953067,1.04812,0.8241238,0.93983996,1.0123641,0.8424407,0.93933874,1.0203788,0.82377833,0.94190234,1.0110006,0.82048225,0.9297855,1.022891,0.8213821,0.937565,1.0142158,0.8218662,0.9288428,1.0246197,0.8212617,0.9343748,1.0048956,0.823746,0.9274134,1.0321442
2025-01-01 02:43:00,0.84534985,0.9551464,1.0623442,0.83579737,0.95803946,1.0131286,0.85089445,0.9530287,1.0481229,0.82406807,0.93978554,1.0123534,0.84239477,0.9392919,1.0203727,0.8237202,0.941848,1.0109973,0.8204398,0.9297418,1.0229005,0.8213309,0.937514,1.0142286,0.82182467,0.9287894,1.0246383,0.82120436,0.9343091,1.0049074,0.82369196,0.92733973,1.0321525
2025-01-01 02:44:00,0.8453484,0.95514125,1.0623608,0.83578485,0.9580366,1.0131303,0.8508777,0.9529968,1.0481218,0.8240212,0.9397396,1.0123421,0.8423553,0.9392519,1.0203648,0.82367194,0.94180304,1.0109932,0.82040566,0.92970717,1.0229079,0.8212914,0.93747497,1.0142406,0.821794,0.92874926,1.024655,0.82116085,0.93425876,1.0049185,0.82365,0.9272816,1.0321586
2025-01-01 02:45:00,0.8453495,0.95513904,1.0623742,0.8357757,0.9580347,1.0131313,0.85086334,0.95296985,1.0481182,0.8239814,0.93970037,1.01233,0.8423212,0.93921745,1.0203556,0.8236315,0.9417657,1.0109888,0.8203782,0.9296797,1.0229138,0.82126135,0.93744564,1.0142522,0.821772,0.92871976,1.0246705,0.8211285,0.93422073,1.0049292,0.8236177,0.92723596,1.0321634
2025-01-01 02:46:00,0.8453526,0.9551392,1.0623859,0.83576924,0.9580335,1.0131317,0.85085094,0.952947,1.0481131,0.82394737,0.9396665,1.0123179,0.84229136,0.93918747,1.0203454,0.82359743,0.94173443,1.0109842,0.820356,0.92965806,1.022919,0.82123876,0.937424,1.0142633,0.82175684,0.9286988,1.0246851,0.821105,0.9341925,1.0049394,0.823593,0.92720026,1.0321671
2025-01-01 02:47:00,0.84535724,0.9551413,1.0623963,0.8357648,0.95803297,1.0131321,0.8508401,0.9529274,1.0481067,0.8239178,0.93963706,1.0123054,0.84226483,0.93916094,1.0203348,0.82356834,0.94170797,1.0109793,0.82033813,0.92964095,1.0229236,0.82122225,0.93740857,1.0142744,0.82174736,0.92868465,1.0246992,0.82108855,0.93417203,1.0049496,0.8235745,0.9271725,1.0321702
2025-01-01 02:48:00,0.84536314,0.95514494,1.0624058,0.83576214,0.9580329,1.0131322,0.85083044,0.95291036,1.0480996,0.82389194,0.93961096,1.0122927,0.8422411,0.9391373,1.020324,0.82354337,0.9416854,1.0109743,0.8203237,0.9296276,1.0229278,0.8212106,0.9373981,1.0142852,0.82174224,0.92867595,1.0247128,0.8210779,0.93415785,1.0049595,0.8235609,0.927151,1.0321729
2025-01-01 02:49:00,0.84537005,0.95514965,1.0624149,0.8357607,0.9580332,1.0131321,0.85082173,0.9528954,1.048092,0.823869,0.93958765,1.01228,0.8422195,0.9391158,1.0203128,0.82352173,0.941666,1.0109693,0.8203121,0.9296172,1.0229318,0.8212029,0.93739164,1.0142962,0.8217407,0.92867154,1.0247263,0.8210717,0.9341487,1.0049692,0.8235511,0.92713463,1.0321753
2025-01-01 02:50:00,0.84537774,0.9551554,1.0624235,0.8357604,0.9580338,1.013132,0.8508138,0.95288205,1.0480841,0.8238483,0.9395665,1.0122674,0.84219956,0.93909615,1.0203015,0.82350266,0.94164914,1.0109643,0.82030267,0.92960936,1.0229359,0.8211982,0.9373883,1.014307,0.821742,0.92867064,1.0247396,0.8210691,0.9341436,1.0049789,0.8235445,0.9271223,1.0321773
2025-01-01 02:51:00,0.84538615,0.95516187,1.0624318,0.8357609,0.9580346,1.0131317,0.85080653,0.95287,1.048076,0.8238295,0.93954706,1.0122545,0.8421811,0.93907803,1.0202901,0.8234856,0.9416342,1.0109594,0.82029504,0.92960334,1.0229397,0.821196,0.9373876,1.014318,0.8217456,0.92867255,1.0247529,0.8210694,0.93414164,1.0049886,0.8235404,0.9271131,1.0321794
2025-01-01 02:52:00,0.84539497,0.95516896,1.06244,0.835762,0.9580355,1.0131313,0.8507997,0.952859,1.0480677,0.82381207,0.9395291,1.0122416,0.84216374,0.939061,1.0202787,0.8234703,0.94162095,1.0109544,0.82028884,0.92959887,1.0229436,0.8211959,0.9373889,1.0143287,0.821751,0.9286767,1.0247661,0.82107204,0.93414223,1.004998,0.8235383,0.92710656,1.0321813
2025-01-01 02:53:00,0.8454042,0.9551764,1.0624481,0.8357637,0.95803654,1.0131309,0.8507932,0.95284873,1.0480592,0.8237959,0.9395123,1.0122287,0.8421473,0.9390449,1.0202674,0.82345635,0.9416089,1.0109494,0.8202838,0.92959565,1.0229475,0.8211974,0.9373919,1.0143396,0.82175785,0.92868257,1.0247793,0.8210765,0.9341448,1.0050075,0.8235377,0.927102,1.032183
2025-01-01 02:54:00,0.8454137,0.95518434,1.0624561,0.8357658,0.95803773,1.0131303,0.85078704,0.95283914,1.0480506,0.82378066,0.9394963,1.0122157,0.84213156,0.93902963,1.0202559,0.8234434,0.941598,1.0109445,0.82027966,0.9295935,1.0229514,0.8212002,0.9373962,1.0143504,0.8217659,0.9286899,1.0247923,0.82108253,0.9341491,1.0050169,0.82353836,0.9270991,1.0321846
2025-01-01 02:55:00,0.8454235,0.9551925,1.062464,0.8357682,0.958039,1.0131297,0.8507811,0.95283,1.048042,0.8237661,0.939481,1.0122029,0.84211636,0.9390149,1.0202445,0.82343143,0.9415879,1.0109397,0.8202763,0.92959213,1.0229553,0.82120395,0.9374016,1.0143614,0.8217749,0.9286985,1.0248054,0.8210897,0.93415457,1.0050263,0.82354,0.9270975,1.0321863
2025-01-01 02:56:00,0.8454334,0.9552009,1.0624717,0.8357708,0.95804024,1.0131291,0.8507753,0.9528214,1.0480334,0.82375216,0.9394663,1.01219,0.84210163,0.93900067,1.0202332,0.82342017,0.9415786,1.0109348,0.8202736,0.9295915,1.0229592,0.82120866,0.9374078,1.0143722,0.8217847,0.9287079,1.0248184,0.82109773,0.93416107,1.0050356,0.8235424,0.9270969,1.0321877
2025-01-01 02:57:00,0.8454435,0.95520943,1.0624794,0.8357735,0.9580414,1.0131284,0.8507695,0.95281297,1.0480245,0.8237387,0.939452,1.012177,0.8420873,0.9389869,1.0202218,0.8234095,0.9415698,1.0109302,0.82027143,0.9295913,1.0229632,0.821214,0.93741477,1.0143832,0.821795,0.92871803,1.0248314,0.82110655,0.93416846,1.005045,0.82354546,0.9270971,1.0321891
2025-01-01 02:58:00,0.84545374,0.95521814,1.0624871,0.8357765,0.9580427,1.0131277,0.8507639,0.95280474,1.0480157,0.8237256,0.9394381,1.012164,0.84207326,0.93897337,1.0202104,0.82339925,0.94156146,1.0109255,0.82026964,0.92959166,1.0229672,0.8212199,0.9374223,1.0143942,0.82180583,0.9287288,1.0248445,0.821116,0.9341765,1.0050542,0.823549,0.9270979,1.0321906
2025-01-01 02:59:00,0.84546405,0.9552269,1.0624946,0.8357795,0.95804393,1.013127,0.85075843,0.9527968,1.0480069,0.82371277,0.9394245,1.0121511,0.84205943,0.9389602,1.0201992,0.8233895,0.94155353,1.0109209,0.8202682,0.9295924,1.0229714,0.8212263,0.93743026,1.0144053,0.82181704,0.92874,1.0248575,0.82112575,0.934185,1.0050635,0.8235529,0.9270992,1.0321919
2025-01-01 03:00:00,0.8451776,0.9547495,1.0655924,0.8353717,0.9577263,1.0136702,0.85041726,0.9520474,1.050558,0.82291114,0.9385129,1.0126519,0.84139484,0.9381087,1.0215745,0.82245326,0.9404469,1.0114331,0.81954265,0.92866856,1.0244734,0.8201349,0.93612397,1.0149573,0.82082,0.927361,1.0261855,0.8198539,0.9326144,1.005552,0.8224537,0.9255353,1.0336378
2025-01-01 03:01:00,0.84495056,0.9543695,1.0676085,0.83504605,0.9574724,1.0140232,0.8501432,0.9514464,1.0522131,0.8222675,0.9377812,1.0129728,0.8408606,0.93742496,1.0224645,0.8217027,0.93956035,1.0117646,0.8189623,0.92792994,1.0254513,0.8192634,0.9350809,1.0153201,0.82002497,0.9262604,1.0270534,0.81883866,0.9313599,1.0058727,0.8215754,0.9242849,1.0345778
2025-01-01 03:02:00,0.8447711,0.95406723,1.0689214,0.83478624,0.9572695,1.0142521,0.8499229,0.95096415,1.0532857,0.82175016,0.9371933,1.0131769,0.8404307,0.93687564,1.0230391,0.82110065,0.93884987,1.0119785,0.81849796,0.92733955,1.0260885,0.81856793,0.93424845,1.0155597,0.8193914,0.9253825,1.027622,0.8180288,0.93035847,1.0060843,0.8208738,0.92328507,1.0351894
2025-01-01 03:03:00,0.8446295,0.9538272,1.0697776,0.83457893,0.95710737,1.0144006,0.8497455,0.95057684,1.0539798,0.82133394,0.93672043,1.0133051,0.8400842,0.9364337,1.0234088,0.82061744,0.9382802,1.0121161,0.81812656,0.9268677,1.0265043,0.81801313,0.9335844,1.0157194,0.81888723,0.9246828,1.0279961,0.8173832,0.92955935,1.006225,0.8203136,0.9224858,1.0355872
2025-01-01 03:04:00,0.8445184,0.953637,1.0703365,0.83441377,0.95697784,1.0144967,0.8496025,0.95026547,1.0544277,0.82099867,0.9363397,1.0133837,0.8398045,0.9360777,1.0236452,0.82022923,0.93782336,1.012204,0.81782955,0.9264907,1.026776,0.81757104,0.9330552,1.0158271,0.8184865,0.9241257,1.0282438,0.8168691,0.9289221,1.0063196,0.8198664,0.9218471,1.0358461
2025-01-01 03:05:00,0.8444316,0.9534866,1.0707024,0.8342822,0.95687443,1.0145587,0.849487,0.9500149,1.0547158,0.82072806,0.9360325,1.0134304,0.8395781,0.93579054,1.023795,0.819917,0.93745655,1.0122596,0.8175919,0.9261896,1.0269543,0.8172191,0.9326339,1.0159011,0.8181684,0.9236826,1.0284094,0.81646013,0.92841446,1.0063844,0.8195097,0.92133665,1.0360147
2025-01-01 03:06:00,0.84436417,0.95336807,1.0709428,0.8341776,0.9567918,1.0145985,0.8493934,0.94981295,1.0548997,0.8205092,0.9357843,1.0134561,0.8393945,0.93555844,1.0238885,0.81966573,0.9371619,1.0122944,0.8174019,0.9259493,1.0270716,0.8169392,0.93229884,1.0159532,0.8179165,0.9233307,1.0285215,0.8161352,0.92801034,1.0064294,0.8192253,0.92092896,1.0361246
2025-01-01 03:07:00,0.84431237,0.953275,1.0711015,0.83409446,0.95672584,1.014624,0.84931743,0.9496498,1.0550159,0.82033175,0.9355832,1.0134683,0.839245,0.9353703,1.0239453,0.8194631,0.936925,1.0123155,0.81724995,0.9257575,1.0271497,0.816717,0.9320328,1.015991,0.8177176,0.9230519,1.028599,0.81587756,0.92768914,1.0064617,0.8189988,0.92060333,1.0361964
2025-01-01 03:08:00,0.844273,0.95320237,1.0712072,0.8340286,0.9566732,1.01464,0.84925544,0.9495178,1.0550883,0.82018733,0.9354197,1.0134716,0.83912295,0.93521744,1.0239785,0.8192994,0.93673426,1.0123278,0.8171285,0.92560464,1.0272019,0.81654096,0.93182206,1.0160196,0.8175611,0.9228314,1.0286537,0.8156738,0.9274342,1.0064859,0.8188186,0.92034334,1.0362432
2025-01-01 03:09:00,0.84424347,0.9531459,1.0712783,0.83397645,0.9566313,1.0146499,0.8492047,0.9494106,1.055132,0.8200695,0.93528646,1.0134692,0.8390227,0.9350927,1.0239962,0.8191669,0.93658054,1.0123345,0.8170315,0.9254829,1.0272375,0.81640184,0.93165547,1.0160421,0.8174384,0.92265767,1.028694,0.8155131,0.92723227,1.0065047,0.8186754,0.920136,1.0362738
2025-01-01 03:10:00,0.84422195,0.9531025,1.071327,0.83393526,0.9565978,1.0146557,0.84916294,0.9493233,1.0551572,0.8199729,0.93517727,1.0134631,0.83893996,0.9349905,1.0240039,0.8190593,0.9364563,1.0123373,0.81695396,0.9253861,1.0272624,0.8162923,0.9315242,1.0160607,0.8173429,0.9225213,1.0287247,0.8153868,0.92707276,1.0065198,0.8185618,0.9199706,1.036294
2025-01-01 03:11:00,0.84420675,0.95306957,1.0713611,0.8339029,0.9565711,1.014659,0.84912837,0.9492519,1.0551703,0.81989306,0.9350874,1.0134546,0.8388713,0.9349064,1.024005,0.8189717,0.93635577,1.0123379,0.8168921,0.9253092,1.0272803,0.81620646,0.9314213,1.0160769,0.817269,0.9224148,1.0287491,0.815288,0.9269472,1.0065328,0.8184719,0.9198388,1.0363072
2025-01-01 03:12:00,0.8441966,0.9530449,1.0713856,0.8338775,0.9565499,1.0146606,0.8490995,0.9491932,1.0551754,0.8198269,0.93501294,1.0134445,0.83881384,0.93483675,1.024002,0.81890005,0.93627423,1.012337,0.81684273,0.92524827,1.0272937,0.81613946,0.93134105,1.0160913,0.8172126,0.9223323,1.0287696,0.81521124,0.92684877,1.0065442,0.81840086,0.9197339,1.036316
2025-01-01 03:13:00,0.84419054,0.95302683,1.071404,0.8338577,0.95653296,1.014661,0.8490752,0.9491446,1.0551754,0.8197715,0.9349509,1.0134333,0.8387653,0.93477863,1.0239962,0.8188412,0.93620783,1.012335,0.8168034,0.9252001,1.0273042,0.81608766,0.9312788,1.0161047,0.81716996,0.92226887,1.0287874,0.8151521,0.92677206,1.0065546,0.818345,0.91965044,1.036322
2025-01-01 03:14:00,0.8441877,0.95301414,1.0714183,0.83384234,0.95651954,1.0146606,0.8490545,0.94910413,1.0551722,0.8197248,0.9348987,1.0134214,0.83872396,0.9347298,1.0239887,0.81879264,0.93615353,1.0123323,0.81677204,0.9251622,1.0273126,0.8160481,0.9312312,1.0161176,0.8171385,0.9222207,1.0288033,0.8151071,0.92671263,1.0065645,0.81830126,0.9195842,1.0363259
2025-01-01 03:15:00,0.8441874,0.9530057,1.07143,0.8338306,0.9565089,1.0146598,0.84903675,0.94907016,1.0551667,0.81968504,0.9348543,1.0134093,0.8386883,0.9346884,1.02398,0.8187522,0.936109,1.0123295,0.8167472,0.9251325,1.02732,0.8160181,0.93119514,1.0161299,0.8171159,0.9221849,1.0288184,0.8150733,0.92666715,1.0065737,0.81826717,0.9195317,1.0363286
2025-01-01 03:16:00,0.84418917,0.9530005,1.0714399,0.83382165,0.9565003,1.0146586,0.84902126,0.9490414,1.0551598,0.8196509,0.9348163,1.0133966,0.8386573,0.9346529,1.0239707,0.81871843,0.9360723,1.0123264,0.81672746,0.9251094,1.0273266,0.81599593,0.93116844,1.0161419,0.8171004,0.9221588,1.0288326,0.8150485,0.9266327,1.0065827,0.81824076,0.91949016,1.0363305
2025-01-01 03:17:00,0.84419256,0.9529981,1.0714487,0.83381504,0.9564935,1.0146571,0.84900767,0.9490168,1.0551519,0.819621,0.9347833,1.0133839,0.8386301,0.93462217,1.023961,0.81868994,0.9360418,1.012323,0.8167119,0.92509145,1.0273327,0.81598,0.9311492,1.0161539,0.8170906,0.92214054,1.0288463,0.81503093,0.9266072,1.0065916,0.81822056,0.91945744,1.0363317
2025-01-01 03:18:00,0.8441973,0.95299786,1.0714567,0.8338102,0.9564881,1.0146555,0.84899545,0.9489955,1.0551434,0.8195948,0.9347543,1.0133711,0.83860564,0.93459517,1.0239508,0.8186657,0.9360163,1.0123197,0.8166997,0.9250778,1.0273384,0.8159691,0.9311358,1.0161657,0.8170854,0.92212856,1.0288597,0.81501913,0.9265887,1.0066003,0.8182053,0.9194316,1.0363325
2025-01-01 03:19:00,0.84420305,0.9529993,1.0714641,0.83380675,0.9564838,1.0146537,0.8489845,0.94897676,1.0551344,0.8195713,0.9347286,1.0133581,0.83858365,0.93457127,1.0239404,0.81864476,0.93599486,1.0123162,0.8166901,0.92506754,1.027344,0.8159622,0.93112725,1.0161774,0.81708384,0.9221216,1.028873,0.8150119,0.9265759,1.0066087,0.8181939,0.9194114,1.0363331
2025-01-01 03:20:00,0.84420955,0.9530021,1.0714713,0.8338044,0.9564803,1.0146518,0.8489744,0.94896007,1.0551252,0.8195501,0.9347055,1.0133451,0.83856356,0.9345498,1.0239301,0.8186265,0.93597656,1.0123129,0.8166827,0.92506,1.0273495,0.8159584,0.9311225,1.0161892,0.81708515,0.9221186,1.028886,0.8150084,0.9265676,1.0066172,0.8181857,0.91939574,1.0363334
2025-01-01 03:21:00,0.84421676,0.95300597,1.0714782,0.833803,0.9564776,1.0146497,0.84896505,0.9489451,1.0551157,0.8195308,0.93468446,1.0133321,0.83854496,0.93453026,1.0239195,0.81861055,0.93596095,1.0123094,0.81667703,0.92505467,1.027355,0.81595725,0.9311208,1.0162008,0.81708884,0.92211896,1.028899,0.8150077,0.9265629,1.0066255,0.8181799,0.9193835,1.0363338
2025-01-01 03:22:00,0.8442245,0.95301074,1.0714849,0.8338023,0.9564753,1.0146476,0.8489562,0.94893146,1.0551062,0.8195128,0.934665,1.0133189,0.83852756,0.9345123,1.0239091,0.81859624,0.93594736,1.0123061,0.8166727,0.92505103,1.0273604,0.8159582,0.9311216,1.0162125,0.8170944,0.92212176,1.0289118,0.8150094,0.9265611,1.0066338,0.81817615,0.9193742,1.0363339
2025-01-01 03:23:00,0.8442327,0.95301616,1.0714915,0.8338021,0.95647347,1.0146455,0.84894794,0.94891894,1.0550965,0.819496,0.9346469,1.0133059,0.8385112,0.9344957,1.0238986,0.8185834,0.93593544,1.0123028,0.8166695,0.9250488,1.0273659,0.81596076,0.9311244,1.0162241,0.8171014,0.92212665,1.0289248,0.815013,0.92656153,1.006642,0.818174,0.91936713,1.036334
2025-01-01 03:24:00,0.8442411,0.95302206,1.071498,0.8338024,0.9564719,1.0146432,0.84893996,0.9489072,1.0550867,0.81948006,0.93462986,1.0132928,0.83849555,0.93448,1.0238881,0.81857175,0.9359249,1.0122995,0.8166672,0.9250479,1.0273714,0.8159647,0.93112874,1.016236,0.8171097,0.9221332,1.0289376,0.81501806,0.92656386,1.0066502,0.81817305,0.9193619,1.0363339
2025-01-01 03:25:00,0.8442497,0.95302844,1.0715045,0.833803,0.95647067,1.0146409,0.8489322,0.94889605,1.0550768,0.81946486,0.9346136,1.0132797,0.83848065,0.93446517,1.0238776,0.81856096,0.9359154,1.0122963,0.8166657,0.92504776,1.0273769,0.8159697,0.93113446,1.0162477,0.8171189,0.922141,1.0289505,0.8150243,0.9265677,1.0066583,0.8181731,0.9193581,1.0363337
2025-01-01 03:26:00,0.8442586,0.9530351,1.0715108,0.8338039,0.9564696,1.0146387,0.8489247,0.9488855,1.055067,0.81945026,0.934598,1.0132666,0.83846617,0.9344509,1.0238671,0.818551,0.9359068,1.0122932,0.81666476,0.9250484,1.0273824,0.81597555,0.9311411,1.0162594,0.8171289,0.9221499,1.0289632,0.81503147,0.9265726,1.0066664,0.818174,0.91935533,1.0363336
2025-01-01 03:27:00,0.84426767,0.953042,1.071517,0.8338049,0.9564687,1.0146363,0.8489173,0.9488753,1.0550569,0.81943613,0.93458307,1.0132535,0.83845216,0.93443733,1.0238568,0.8185415,0.93589896,1.0122901,0.81666434,0.9250497,1.027388,0.81598204,0.9311486,1.0162712,0.81713945,0.92215955,1.028976,0.8150394,0.92657846,1.0066744,0.81817544,0.9193534,1.0363333
2025-01-01 03:28:00,0.8442767,0.9530491,1.0715232,0.8338061,0.95646787,1.0146338,0.84891003,0.9488655,1.0550469,0.8194223,0.9345684,1.0132403,0.83843845,0.93442416,1.0238464,0.81853265,0.9358916,1.012287,0.81666434,0.9250515,1.0273937,0.8159892,0.93115675,1.0162832,0.81715053,0.92217,1.0289887,0.8150479,0.9265851,1.0066824,0.81817734,0.9193523,1.036333
2025-01-01 03:29:00,0.8442859,0.9530564,1.0715294,0.8338074,0.9564671,1.0146313,0.8489029,0.9488559,1.0550369,0.8194089,0.9345542,1.0132272,0.838425,0.9344112,1.023836,0.8185241,0.9358849,1.012284,0.81666464,0.9250537,1.0273994,0.8159969,0.93116546,1.016295,0.81716204,0.9221809,1.0290015,0.8150569,0.92659223,1.0066904,0.8181796,0.9193517,1.0363326
2025-01-01 03:30:00,0.8439931,0.9524416,1.0742543,0.8333783,0.95595187,1.0150927,0.8485136,0.94795805,1.0571085,0.8186431,0.93352795,1.0136487,0.8377207,0.9333593,1.0250099,0.8175695,0.9345532,1.0127192,0.8159791,0.924036,1.0286837,0.81489146,0.9296607,1.0167693,0.8161564,0.92064226,1.0301341,0.8137885,0.9248655,1.0071065,0.8170933,0.9176666,1.0375559
2025-01-01 03:31:00,0.8437608,0.95195127,1.0760275,0.8330354,0.9555396,1.0153917,0.84820074,0.9472381,1.0584514,0.818028,0.93270427,1.0139179,0.8371548,0.9325155,1.0257692,0.8168044,0.9334869,1.013001,0.81543106,0.9232226,1.0295205,0.81400913,0.9284591,1.0170817,0.8153545,0.919414,1.0308747,0.8127759,0.923486,1.0073799,0.81622505,0.91631883,1.0383509
2025-01-01 03:32:00,0.8435768,0.95156056,1.0771822,0.83276135,0.9552096,1.015585,0.8479491,0.9466603,1.0593208,0.8175334,0.9320428,1.0140885,0.8366996,0.93183815,1.0262593,0.816191,0.9326329,1.0131832,0.814993,0.92257273,1.0300665,0.81330514,0.9275,1.017289,0.8147156,0.918434,1.0313605,0.811968,0.9223842,1.0075601,0.8155312,0.9152409,1.0388674
2025-01-01 03:33:00,0.8434315,0.9512495,1.0779347,0.8325424,0.9549455,1.0157096,0.8477463,0.9461963,1.0598822,0.8171352,0.931511,1.0141947,0.83633304,0.9312941,1.0265743,0.8156989,0.9319488,1.0133008,0.814643,0.92205364,1.0304235,0.8127439,0.9267349,1.0174279,0.81420714,0.9176526,1.0316808,0.8113238,0.92150474,1.00768,0.81497675,0.9143788,1.0392028
2025-01-01 03:34:00,0.8433171,0.9510022,1.0784259,0.83236754,0.954734,1.0157897,0.84758276,0.94582343,1.0602436,0.8168142,0.93108296,1.0142591,0.8360373,0.93085647,1.0267755,0.815304,0.9314006,1.0133762,0.81436336,0.92163914,1.0306576,0.81229687,0.92612505,1.0175225,0.81380296,0.9170301,1.0318934,0.8108107,0.920803,1.0077606,0.81453395,0.9136895,1.0394206
2025-01-01 03:35:00,0.84322745,0.95080584,1.0787472,0.83222795,0.9545647,1.0158408,0.84745044,0.94552326,1.0604748,0.8165549,0.930738,1.0142965,0.8357982,0.93050414,1.0269028,0.81498665,0.9309611,1.0134244,0.81414,0.92130846,1.0308121,0.81194115,0.9256394,1.017588,0.8134823,0.9165347,1.032036,0.8104023,0.9202434,1.0078157,0.8141804,0.9131382,1.0395619
2025-01-01 03:36:00,0.8431576,0.9506503,1.078958,0.83211654,0.9544291,1.0158728,0.84734315,0.9452814,1.0606215,0.816345,0.9304593,1.0143161,0.83560455,0.93022,1.026982,0.8147315,0.9306086,1.0134548,0.81396174,0.9210447,1.0309147,0.81165856,0.9252531,1.017635,0.8132283,0.91614103,1.0321331,0.8100776,0.9197976,1.0078541,0.8138982,0.91269743,1.0396534
2025-01-01 03:37:00,0.84310347,0.9505273,1.079097,0.8320276,0.9543203,1.0158926,0.8472559,0.94508606,1.0607133,0.8161745,0.93023384,1.0143243,0.8354472,0.9299905,1.02703,0.8145261,0.9303257,1.0134737,0.8138196,0.92083454,1.0309834,0.8114344,0.92494625,1.0176697,0.81302774,0.91582865,1.0322007,0.80982006,0.9194427,1.0078818,0.8136731,0.91234505,1.0397125
2025-01-01 03:38:00,0.84306204,0.95043045,1.0791893,0.83195674,0.95423317,1.0159044,0.8471846,0.94492805,1.0607692,0.8160357,0.93005085,1.014325,0.83531874,0.9298046,1.0270576,0.81436044,0.9300985,1.0134852,0.8137063,0.9206673,1.0310304,0.811257,0.924703,1.0176965,0.8128699,0.91558135,1.032249,0.809616,0.91916066,1.0079023,0.8134937,0.9120634,1.0397506
2025-01-01 03:39:00,0.84303075,0.9503544,1.0792513,0.8319003,0.9541632,1.0159109,0.84712607,0.9447997,1.0608019,0.815922,0.92990184,1.014321,0.83521366,0.9296537,1.0270722,0.8142266,0.9299159,1.0134919,0.8136161,0.9205344,1.0310631,0.8111171,0.92451066,1.0177182,0.8127462,0.9153861,1.0322847,0.809455,0.91893685,1.0079182,0.81335086,0.9118383,1.039775
2025-01-01 03:40:00,0.84300745,0.95029503,1.0792934,0.83185536,0.954107,1.015914,0.8470778,0.94469535,1.0608195,0.8158287,0.92978007,1.0143137,0.8351272,0.9295308,1.0270783,0.8141184,0.9297689,1.0134954,0.8135444,0.92042893,1.0310866,0.8110072,0.924359,1.0177364,0.81264997,0.9152325,1.0323123,0.8093282,0.9187595,1.0079311,0.8132372,0.91165835,1.0397905
2025-01-01 03:41:00,0.84299064,0.95024896,1.0793228,0.8318196,0.95406175,1.0159148,0.84703773,0.94460994,1.0608273,0.8157515,0.92968005,1.0143044,0.83505553,0.9294302,1.0270786,0.81403047,0.9296505,1.013497,0.81348747,0.9203455,1.0311041,0.8109212,0.92423993,1.0177526,0.8125756,0.91511226,1.0323347,0.80922884,0.9186195,1.0079421,0.8131469,0.91151464,1.0398002
2025-01-01 03:42:00,0.84297895,0.9502136,1.0793438,0.83179116,0.9540253,1.0159142,0.8470042,0.94453984,1.0608286,0.8156871,0.9295974,1.0142938,0.8349958,0.9293475,1.0270755,0.8139589,0.92955494,1.0134972,0.81344247,0.9202796,1.0311177,0.81085443,0.924147,1.0177674,0.8125186,0.9150186,1.0323536,0.80915153,0.91850924,1.0079519,0.81307524,0.9113998,1.039806
2025-01-01 03:43:00,0.84297144,0.9501867,1.0793592,0.8317686,0.95399594,1.0159128,0.8469758,0.9444819,1.0608258,0.8156332,0.9295287,1.0142822,0.8349456,0.92927915,1.02707,0.8139004,0.92947763,1.0134966,0.81340694,0.9202279,1.0311289,0.810803,0.9240748,1.0177813,0.8124757,0.9149463,1.0323703,0.8090917,0.9184229,1.0079607,0.81301856,0.9113081,1.0398093
2025-01-01 03:44:00,0.8429672,0.95016664,1.0793711,0.8317507,0.9539721,1.0159105,0.8469516,0.9444337,1.0608202,0.8155875,0.92947114,1.0142703,0.834903,0.9292222,1.0270631,0.8138524,0.929415,1.0134957,0.813379,0.92018735,1.0311384,0.81076384,0.9240194,1.0177946,0.812444,0.91489106,1.0323855,0.80904585,0.91835546,1.0079688,0.8129738,0.91123486,1.039811
2025-01-01 03:45:00,0.8429656,0.950152,1.0793808,0.83173656,0.9539528,1.0159078,0.84693074,0.9443933,1.0608128,0.8155484,0.92942244,1.0142579,0.8348666,0.92917454,1.0270551,0.81381285,0.9293641,1.0134943,0.81335723,0.92015594,1.0311469,0.81073457,0.9239773,1.0178075,0.81242126,0.91484946,1.0323997,0.80901134,0.9183034,1.0079767,0.8129386,0.91117644,1.0398116
2025-01-01 03:46:00,0.8429661,0.95014167,1.0793887,0.83172536,0.95393705,1.0159048,0.84691244,0.944359,1.0608044,0.8155146,0.9293809,1.0142453,0.834835,0.9291342,1.0270466,0.8137799,0.9293226,1.0134926,0.8133403,0.92013174,1.0311548,0.8107132,0.9239459,1.0178202,0.8124057,0.91481876,1.0324132,0.8089857,0.9182634,1.0079843,0.8129109,0.9111299,1.0398116
2025-01-01 03:47:00,0.84296817,0.9501349,1.0793958,0.8317166,0.9539242,1.0159017,0.8468963,0.9443298,1.0607951,0.81548506,0.929345,1.0142324,0.83480734,0.92909974,1.0270377,0.8137524,0.9292886,1.0134909,0.81332725,0.9201134,1.0311621,0.8106981,0.9239231,1.0178329,0.8123959,0.91479677,1.0324265,0.8089673,0.9182331,1.0079916,0.8128894,0.9110927,1.039811
2025-01-01 03:48:00,0.8429716,0.95013076,1.0794021,0.8317097,0.9539135,1.0158983,0.8468818,0.94430447,1.0607853,0.81545883,0.9293137,1.0142194,0.8347829,0.92907,1.0270287,0.8137292,0.9292606,1.0134892,0.8133174,0.9200996,1.0311694,0.8106881,0.92390716,1.0178454,0.81239057,0.91478175,1.0324394,0.80895454,0.9182107,1.0079988,0.81287277,0.9110631,1.0398101
2025-01-01 03:49:00,0.84297615,0.95012885,1.0794079,0.83170426,0.9539047,1.0158949,0.8468687,0.94428235,1.0607752,0.81543535,0.9292861,1.0142065,0.83476084,0.929044,1.0270194,0.8137095,0.9292375,1.0134875,0.8133101,0.9200896,1.0311766,0.81068206,0.9238967,1.0178578,0.8123891,0.9147724,1.0324521,0.80894643,0.9181944,1.0080059,0.81285995,0.9110395,1.0398089
2025-01-01 03:50:00,0.8429814,0.95012873,1.0794135,0.8317001,0.95389724,1.0158913,0.84685665,0.94426274,1.0607647,0.815414,0.9292614,1.0141935,0.8347409,0.92902106,1.0270101,0.81369257,0.9292182,1.0134858,0.8133048,0.92008257,1.0311835,0.8106793,0.9238906,1.0178702,0.8123904,0.91476744,1.0324647,0.80894196,0.9181831,1.008013,0.8128502,0.9110207,1.0398076
2025-01-01 03:51:00,0.84298736,0.95013,1.0794189,0.83169675,0.9538909,1.0158876,0.84684545,0.94424516,1.0607542,0.8153944,0.9292389,1.0141804,0.8347225,0.9290006,1.0270007,0.81367785,0.929202,1.013484,0.81330115,0.920078,1.0311905,0.81067926,0.923888,1.0178826,0.8123941,0.914766,1.0324773,0.8089404,0.91817576,1.0080199,0.8128429,0.91100574,1.039806
2025-01-01 03:52:00,0.84299386,0.9501323,1.079424,0.8316942,0.9538855,1.0158838,0.8468349,0.9442291,1.0607435,0.8153762,0.9292185,1.0141674,0.8347054,0.928982,1.0269912,0.8136649,0.9291884,1.0134823,0.8132988,0.92007536,1.0311974,0.81068116,0.9238882,1.0178949,0.8123997,0.91476756,1.0324897,0.8089412,0.9181716,1.0080267,0.8128376,0.9109938,1.0398045
2025-01-01 03:53:00,0.84300077,0.9501355,1.079429,0.8316922,0.9538808,1.01588,0.8468248,0.94421446,1.0607327,0.81535906,0.9291994,1.0141543,0.8346894,0.92896503,1.0269818,0.81365347,0.92917675,1.0134807,0.81329757,0.9200742,1.0312043,0.81068486,0.92389077,1.0179073,0.8124068,0.91477126,1.032502,0.80894375,0.91817,1.0080335,0.81283385,0.91098434,1.0398027
2025-01-01 03:54:00,0.843008,0.95013946,1.079434,0.83169067,0.9538766,1.015876,0.84681517,0.9442007,1.0607219,0.8153428,0.9291816,1.0141413,0.83467424,0.92894936,1.0269724,0.81364316,0.9291668,1.0134791,0.8132972,0.9200744,1.0312113,0.8106899,0.9238951,1.0179197,0.81241506,0.9147768,1.0325143,0.80894786,0.91817033,1.0080403,0.81283134,0.91097677,1.0398009
2025-01-01 03:55:00,0.84301543,0.9501439,1.0794388,0.83168954,0.953873,1.0158721,0.8468059,0.9441878,1.060711,0.8153272,0.9291647,1.0141282,0.8346597,0.9289346,1.0269631,0.8136338,0.9291581,1.0134777,0.8132975,0.92007554,1.0312183,0.81069595,0.9239009,1.017932,0.81242436,0.9147839,1.0325266,0.8089531,0.9181723,1.008047,0.8128298,0.91097075,1.0397991
2025-01-01 03:56:00,0.84302306,0.9501487,1.0794436,0.8316886,0.9538696,1.0158681,0.84679675,0.94417554,1.0607,0.8153122,0.9291485,1.0141152,0.83464575,0.9289207,1.0269537,0.8136252,0.9291504,1.0134761,0.8132984,0.92007756,1.0312254,0.8107029,0.9239079,1.0179446,0.8124344,0.91479206,1.0325389,0.8089593,0.9181756,1.0080537,0.8128291,0.910966,1.0397972
2025-01-01 03:57:00,0.84303087,0.9501539,1.0794482,0.83168787,0.9538664,1.015864,0.8467878,0.9441638,1.0606891,0.81529766,0.929133,1.0141021,0.8346323,0.9289075,1.0269445,0.8136172,0.9291436,1.0134748,0.8132998,0.92008024,1.0312325,0.8107106,0.9239158,1.017957,0.812445,0.9148011,1.0325512,0.80896616,0.9181798,1.0080603,0.8128289,0.91096216,1.0397952
2025-01-01 03:58:00,0.84303874,0.9501593,1.0794529,0.83168733,0.9538635,1.01586,0.84677905,0.9441524,1.060678,0.8152835,0.929118,1.0140891,0.8346191,0.92889476,1.0269352,0.8136098,0.9291375,1.0134734,0.81330156,0.92008346,1.0312396,0.81071883,0.9239245,1.0179695,0.8124562,0.914811,1.0325634,0.80897367,0.9181848,1.0080669,0.8128292,0.91095906,1.0397931
2025-01-01 03:59:00,0.84304667,0.950165,1.0794574,0.83168685,0.9538607,1.0158558,0.8467704,0.9441413,1.0606669,0.81526953,0.9291033,1.0140761,0.83460623,0.92888254,1.026926,0.81360275,0.929132,1.0134721,0.8133036,0.9200871,1.0312469,0.8107276,0.9239338,1.017982,0.8124677,0.9148215,1.0325756,0.80898166,0.91819054,1.0080733,0.81282985,0.91095656,1.039791
2025-01-01 04:00:00,0.8427529,0.9494235,1.0817609,0.8312441,0.95315725,1.0162269,0.8463399,0.9431112,1.0622218,0.8145532,0.92798054,1.0144104,0.83387464,0.9276491,1.0278776,0.81264657,0.9275989,1.0138222,0.81267035,0.91899365,1.0322903,0.80962807,0.92225766,1.0183698,0.81147146,0.9131509,1.0334924,0.8077394,0.9163386,1.0084099,0.8117758,0.9091802,1.0407699
2025-01-01 04:01:00,0.8425195,0.9488316,1.0832597,0.8308899,0.952594,1.0164665,0.84599376,0.942285,1.0632285,0.81397766,0.9270798,1.0146232,0.833287,0.9266602,1.0284928,0.81188065,0.9263719,1.0140494,0.81216437,0.91811997,1.0329714,0.80875057,0.92091906,1.0186263,0.8106771,0.91181695,1.0340928,0.8067476,0.9148587,1.0086309,0.81093293,0.90775913,1.0414054
2025-01-01 04:02:00,0.84233445,0.9483594,1.0842354,0.83060646,0.9521429,1.0166208,0.84571517,0.94162214,1.063879,0.8135146,0.9263565,1.0147568,0.8328146,0.925867,1.0288897,0.8112668,0.9253896,1.0141968,0.81176037,0.9174221,1.0334165,0.8080508,0.9198505,1.0187975,0.81004417,0.91075236,1.0344872,0.8059561,0.9136764,1.0087768,0.8102591,0.9066222,1.0418177
2025-01-01 04:03:00,0.842188,0.94798285,1.084871,0.8303796,0.9517815,1.0167195,0.84549063,0.94108975,1.0642978,0.8131416,0.92577523,1.0148392,0.83243424,0.9252304,1.0291444,0.8107747,0.9246032,1.0142921,0.81143785,0.91686505,1.0337085,0.8074931,0.91899806,1.0189131,0.8095405,0.9099032,1.0347478,0.8053248,0.9127321,1.0088738,0.80972034,0.90571254,1.0420848
2025-01-01 04:04:00,0.8420724,0.9476828,1.0852859,0.8301981,0.95149195,1.016782,0.8453093,0.9406619,1.0645661,0.81284064,0.9253077,1.0148883,0.83212775,0.9247191,1.029307,0.81038,0.92397344,1.0143539,0.81118053,0.91642046,1.033901,0.80704904,0.91831845,1.0189927,0.8091402,0.9092265,1.0349214,0.80482167,0.9119783,1.0089389,0.80928975,0.9049848,1.0422575
2025-01-01 04:05:00,0.8419816,0.947444,1.0855569,0.83005285,0.9512598,1.016821,0.8451626,0.94031763,1.0647366,0.8125972,0.92493093,1.0149155,0.8318803,0.92430794,1.0294095,0.81006324,0.92346907,1.0143937,0.81097543,0.91606593,1.0340286,0.806696,0.9177772,1.0190488,0.8088225,0.9086876,1.0350385,0.80442107,0.91137683,1.0089834,0.80894566,0.90440243,1.0423689
2025-01-01 04:06:00,0.8419105,0.9472542,1.0857344,0.82993656,0.95107347,1.0168449,0.8450434,0.9400402,1.0648434,0.8123999,0.924627,1.0149288,0.8316799,0.92397696,1.0294731,0.80980885,0.92306507,1.0144192,0.8108122,0.9157835,1.0341145,0.8064157,0.91734654,1.0190898,0.80857104,0.9082591,1.0351188,0.8041025,0.9108972,1.0090145,0.8086707,0.9039365,1.0424404
2025-01-01 04:07:00,0.84185517,0.9471035,1.0858512,0.82984346,0.9509239,1.0168586,0.84494644,0.9398162,1.0649089,0.8122396,0.9243812,1.0149329,0.83151734,0.9237101,1.0295113,0.80960435,0.92274123,1.0144356,0.8106823,0.91555876,1.0341728,0.8061936,0.9170044,1.0191207,0.8083724,0.90791875,1.0351752,0.8038495,0.91051507,1.0090368,0.808451,0.9035636,1.0424861
2025-01-01 04:08:00,0.84181243,0.9469842,1.0859287,0.82976884,0.95080376,1.0168658,0.8448671,0.939635,1.0649476,0.81210864,0.9241819,1.014931,0.8313851,0.9234946,1.0295331,0.8094397,0.9224816,1.0144461,0.81057906,0.9153801,1.0342134,0.8060182,0.9167331,1.0191454,0.8082161,0.9076491,1.035216,0.8036491,0.91021097,1.0090533,0.80827564,0.90326524,1.0425147
2025-01-01 04:09:00,0.8417799,0.9468899,1.0859802,0.82970905,0.950707,1.016869,0.8448019,0.9394879,1.0649686,0.81200135,0.9240198,1.0149252,0.8312769,0.9233201,1.0295442,0.80930704,0.9222734,1.0144527,0.8104974,0.91523844,1.0342426,0.80588,0.9165184,1.0191658,0.8080937,0.9074359,1.0352467,0.8034906,0.90996915,1.0090661,0.8081356,0.90302634,1.0425323
2025-01-01 04:10:00,0.8417554,0.94681567,1.0860152,0.8296611,0.95062906,1.0168693,0.84474796,0.93936825,1.0649784,0.81191295,0.92388755,1.0149169,0.8311881,0.92317855,1.0295483,0.80920005,0.92210627,1.0144567,0.81043273,0.91512626,1.0342642,0.8057716,0.9163491,1.0191835,0.8079984,0.90726775,1.0352709,0.80336565,0.9097773,1.0090765,0.8080239,0.90283513,1.0425428
2025-01-01 04:11:00,0.8417373,0.9467574,1.0860393,0.8296226,0.9505661,1.0168679,0.8447031,0.93927044,1.0649806,0.8118396,0.92377913,1.0149071,0.8311148,0.92306334,1.029548,0.80911344,0.9219721,1.0144593,0.8103819,0.91503775,1.034281,0.80568707,0.9162161,1.0191995,0.80792475,0.90713584,1.0352908,0.80326754,0.9096253,1.0090854,0.8079349,0.90268195,1.0425487
2025-01-01 04:12:00,0.84172434,0.94671196,1.0860562,0.82959163,0.95051515,1.0168651,0.8446654,0.93919003,1.0649781,0.81177837,0.92368984,1.014896,0.8310539,0.92296904,1.0295448,0.8090432,0.9218642,1.0144607,0.810342,0.91496813,1.0342947,0.8056216,0.91611207,1.0192144,0.8078685,0.90703285,1.0353079,0.8031909,0.9095052,1.0090932,0.8078639,0.9025593,1.0425515
2025-01-01 04:13:00,0.8417155,0.9466767,1.0860685,0.82956666,0.95047385,1.0168617,0.84463346,0.93912375,1.0649724,0.8117267,0.92361563,1.0148845,0.8310029,0.9228917,1.0295398,0.8089861,0.92177737,1.0144615,0.8103109,0.9149137,1.0343064,0.80557156,0.91603124,1.0192285,0.807826,0.9069529,1.0353231,0.80313146,0.9094106,1.0091002,0.8078074,0.90246093,1.0425521
2025-01-01 04:14:00,0.84171,0.9466496,1.0860778,0.8295465,0.95044017,1.0168575,0.84460616,0.9390686,1.0649648,0.8116829,0.92355376,1.0148724,0.83095986,0.9228278,1.0295335,0.8089396,0.92170745,1.0144619,0.8102869,0.9148714,1.0343168,0.80553365,0.915969,1.019242,0.80779463,0.9068915,1.0353371,0.80308574,0.9093365,1.0091068,0.8077624,0.9023821,1.0425516
2025-01-01 04:15:00,0.84170705,0.94662905,1.0860851,0.8295303,0.9504126,1.0168531,0.84458256,0.9390224,1.0649556,0.8116452,0.9235016,1.0148602,0.83092314,0.9227746,1.0295265,0.8089014,0.92165107,1.0144621,0.81026846,0.9148388,1.0343264,0.8055056,0.9159217,1.0192554,0.80777216,0.906845,1.0353504,0.803051,0.90927863,1.009113,0.8077266,0.9023187,1.0425502
2025-01-01 04:16:00,0.84170616,0.9466137,1.0860912,0.82951707,0.9503899,1.0168483,0.8445619,0.9389834,1.0649456,0.8116124,0.92345726,1.0148475,0.83089155,0.9227302,1.029519,0.80886996,0.92160547,1.0144621,0.81025463,0.914814,1.0343355,0.80548537,0.9158862,1.0192685,0.8077568,0.90681016,1.0353632,0.80302507,0.9092339,1.0091189,0.80769825,0.9022679,1.0425481
2025-01-01 04:17:00,0.84170693,0.9466026,1.0860963,0.8295063,0.9503711,1.0168434,0.84454346,0.93895,1.0649351,0.81158364,0.9234192,1.014835,0.8308641,0.92269266,1.0295111,0.808844,0.9215686,1.0144621,0.8102445,0.9147954,1.0343442,0.8054714,0.9158603,1.0192815,0.80774707,0.90678483,1.0353756,0.8030061,0.90919954,1.0091248,0.80767584,0.902227,1.0425457
2025-01-01 04:18:00,0.8417091,0.9465947,1.0861008,0.82949746,0.9503554,1.0168384,0.84452695,0.9389213,1.0649242,0.81155795,0.9233861,1.0148222,0.8308398,0.9226606,1.0295031,0.80882233,0.9215386,1.014462,0.8102372,0.91478187,1.0343527,0.8054625,0.91584194,1.0192944,0.80774194,0.90676713,1.0353878,0.80299276,0.9091735,1.0091305,0.8076581,0.902194,1.042543
2025-01-01 04:19:00,0.84171224,0.9465895,1.0861049,0.8294901,0.9503421,1.0168333,0.8445119,0.9388961,1.064913,0.8115348,0.923357,1.0148095,0.8308182,0.92263305,1.029495,0.8088041,0.9215142,1.014462,0.8102323,0.9147723,1.034361,0.80545765,0.9158298,1.0193073,0.8077404,0.9067554,1.0353998,0.8029839,0.9091541,1.0091361,0.80764407,0.90216744,1.0425401
2025-01-01 04:20:00,0.8417162,0.9465864,1.0861087,0.82948405,0.95033085,1.0168282,0.84449804,0.9388739,1.0649016,0.8115137,0.92333114,1.0147966,0.8307987,0.92260903,1.0294869,0.80878866,0.92149425,1.0144619,0.81022924,0.91476595,1.0343695,0.8054559,0.9158224,1.0193202,0.8077418,0.9067486,1.0354116,0.8029785,0.90914005,1.0091416,0.8076331,0.90214586,1.0425369
2025-01-01 04:21:00,0.84172076,0.94658494,1.0861123,0.82947886,0.9503212,1.0168228,0.84448516,0.938854,1.0648901,0.8114943,0.9233078,1.0147839,0.83078086,0.92258793,1.0294788,0.80877554,0.92147785,1.0144619,0.8102277,0.9147622,1.0343778,0.8054568,0.915819,1.019333,0.8077455,0.9067456,1.0354234,0.802976,0.90913016,1.0091469,0.8076244,0.90212834,1.0425338
2025-01-01 04:22:00,0.84172595,0.9465849,1.0861158,0.8294745,0.9503127,1.0168175,0.844473,0.9388359,1.0648785,0.81147605,0.9232865,1.014771,0.8307644,0.9225691,1.0294707,0.8087641,0.92146444,1.0144619,0.8102274,0.91476053,1.0343862,0.80545986,0.91581875,1.0193459,0.807751,0.90674573,1.0354352,0.80297583,0.9091238,1.0091523,0.8076176,0.90211403,1.0425304
2025-01-01 04:23:00,0.8417314,0.94658583,1.0861192,0.82947075,0.9503052,1.016812,0.8444614,0.9388193,1.0648669,0.8114589,0.9232668,1.0147582,0.83074903,0.92255205,1.0294625,0.80875427,0.9214533,1.014462,0.81022805,0.91476053,1.0343945,0.8054645,0.91582096,1.0193586,0.8077581,0.9067483,1.0354469,0.8029774,0.90912,1.0091575,0.80761236,0.90210235,1.042527
2025-01-01 04:24:00,0.8417373,0.9465876,1.0861225,0.8294674,0.9502985,1.0168065,0.84445024,0.9388039,1.0648551,0.81144255,0.9232485,1.0147455,0.83073455,0.92253655,1.0294544,0.80874556,0.921444,1.0144621,0.8102296,0.91476184,1.0344028,0.80547047,0.9158252,1.0193715,0.80776626,0.9067529,1.0354586,0.8029804,0.9091185,1.0091628,0.8076083,0.90209264,1.0425235
2025-01-01 04:25:00,0.84174335,0.9465901,1.0861257,0.8294645,0.9502924,1.0168009,0.84443945,0.93878937,1.0648434,0.8114268,0.92323124,1.0147326,0.8307208,0.9225222,1.0294462,0.80873775,0.9214362,1.0144624,0.81023175,0.9147642,1.0344112,0.8054776,0.9158311,1.0193844,0.80777544,0.9067589,1.0354701,0.80298465,0.9091186,1.0091679,0.80760515,0.9020846,1.04252
2025-01-01 04:26:00,0.84174967,0.94659305,1.0861288,0.8294619,0.95028675,1.0167953,0.84442896,0.9387756,1.0648315,0.8114117,0.92321485,1.0147198,0.8307075,0.92250884,1.0294381,0.8087308,0.9214296,1.0144626,0.8102345,0.9147675,1.0344197,0.80548555,0.91583824,1.0193973,0.8077854,0.90676636,1.0354817,0.80298966,0.9091201,1.009173,0.8076028,0.9020778,1.0425164
2025-01-01 04:27:00,0.84175605,0.9465964,1.0861318,0.8294594,0.95028156,1.0167897,0.8444187,0.9387625,1.0648197,0.81139696,0.9231991,1.0147072,0.8306948,0.9224962,1.0294302,0.8087244,0.921424,1.014463,0.8102376,0.91477156,1.0344281,0.8054942,0.9158464,1.0194101,0.8077959,0.9067747,1.0354933,0.80299544,0.9091226,1.0091782,0.807601,0.9020721,1.0425128
2025-01-01 04:28:00,0.84176254,0.9466001,1.0861348,0.82945716,0.95027655,1.016784,0.8444086,0.9387498,1.0648079,0.81138253,0.92318386,1.0146943,0.83068246,0.9224842,1.0294223,0.8087185,0.92141914,1.0144633,0.81024104,0.91477615,1.0344367,0.8055034,0.91585547,1.019423,0.80780685,0.9067838,1.0355047,0.8030018,0.90912604,1.0091832,0.80759966,0.90206707,1.0425091
2025-01-01 04:29:00,0.8417691,0.94660395,1.0861378,0.82945496,0.9502718,1.0167782,0.8443985,0.9387374,1.064796,0.8113684,0.9231691,1.0146817,0.83067036,0.9224727,1.0294143,0.8087131,0.921415,1.0144638,0.8102448,0.9147813,1.0344453,0.8055131,0.9158652,1.0194359,0.80781823,0.9067936,1.0355163,0.8030086,0.9091301,1.0091882,0.8075987,0.9020627,1.0425053
2025-01-01 04:30:00,0.8414796,0.9457492,1.0879787,0.82900643,0.9493925,1.0170524,0.8439345,0.93759316,1.0658065,0.81071436,0.92196983,1.014923,0.82992446,0.92107975,1.0301265,0.80777246,0.919708,1.0147226,0.80967516,0.9136315,1.0352294,0.80443907,0.9140474,1.0197308,0.8068491,0.9050207,1.0362011,0.80181485,0.90718603,1.0094391,0.8065957,0.9002269,1.0432223
2025-01-01 04:31:00,0.84124935,0.9450664,1.0891764,0.8286473,0.9486883,1.0172286,0.8435613,0.93667555,1.0664592,0.81018853,0.9210079,1.0150754,0.8293257,0.9199635,1.0305866,0.80701923,0.9183422,1.0148909,0.8092205,0.9127131,1.0357423,0.80358213,0.9125957,1.0199269,0.8060764,0.9036048,1.0366503,0.80086154,0.9056321,1.009604,0.8057933,0.8987578,1.0436871
2025-01-01 04:32:00,0.8410665,0.94452107,1.0899558,0.82835966,0.9481241,1.0173411,0.8432608,0.93593925,1.0668793,0.8097653,0.9202357,1.01517,0.8288444,0.9190686,1.030883,0.806416,0.91724914,1.0150006,0.8088578,0.91197985,1.0360787,0.8028989,0.9114368,1.0200589,0.8054609,0.9024746,1.0369463,0.80010056,0.9043903,1.0097127,0.80515146,0.8975822,1.0439878
2025-01-01 04:33:00,0.84092146,0.9440857,1.0904633,0.8281291,0.94767195,1.0174121,0.8430185,0.9353481,1.0671481,0.809424,0.9196153,1.0152271,0.82845736,0.9183509,1.031073,0.80593264,0.9163745,1.0150722,0.80856866,0.91139466,1.0363004,0.80235463,0.9105122,1.0201492,0.8049709,0.9015729,1.0371426,0.7994935,0.90339816,1.009785,0.804638,0.89664125,1.0441817
2025-01-01 04:34:00,0.84080684,0.94373834,1.090794,0.8279443,0.9473094,1.0174559,0.84282273,0.93487287,1.0673186,0.8091484,0.91911644,1.0152597,0.8281455,0.91777486,1.0311939,0.8055453,0.91567457,1.0151191,0.80833834,0.91092795,1.0364476,0.80192155,0.909775,1.0202125,0.8045816,0.90085393,1.0372741,0.79900944,0.9026057,1.0098336,0.8042273,0.89588803,1.0443063
2025-01-01 04:35:00,0.8407164,0.9434614,1.0910099,0.827796,0.9470185,1.0174824,0.8426641,0.9344905,1.0674251,0.8089253,0.9187147,1.0152766,0.8278939,0.91731215,1.0312698,0.80523473,0.9151143,1.0151497,0.80815524,0.910556,1.0365465,0.8015774,0.9091878,1.0202581,0.8042727,0.9002812,1.0373636,0.79862386,0.901973,1.0098667,0.80389875,0.89528507,1.0443859
2025-01-01 04:36:00,0.8406454,0.9432407,1.091151,0.8276769,0.94678485,1.0174974,0.8425353,0.9341824,1.0674902,0.80874413,0.91839075,1.0152831,0.8276906,0.9169402,1.0313164,0.8049856,0.9146659,1.01517,0.8080098,0.91025996,1.0366138,0.80130446,0.9087205,1.0202923,0.80402815,0.8998254,1.0374258,0.7983171,0.9014683,1.00989,0.8036359,0.8948023,1.0444361
2025-01-01 04:37:00,0.8405898,0.94306505,1.0912436,0.8275812,0.94659716,1.0175049,0.84243023,0.9339336,1.0675282,0.8085967,0.918129,1.015283,0.82752573,0.91664076,1.0313442,0.8047856,0.91430694,1.0151836,0.8078945,0.91002464,1.0366608,0.8010884,0.90834916,1.0203191,0.8038351,0.8994633,1.0374701,0.7980733,0.90106565,1.0099065,0.8034256,0.8944156,1.0444672
2025-01-01 04:38:00,0.84054667,0.9429254,1.0913045,0.8275043,0.9464462,1.0175077,0.8423443,0.93373245,1.0675486,0.8084761,0.917917,1.0152786,0.8273918,0.9163995,1.0313597,0.80462503,0.9140195,1.0151926,0.8078034,0.90983784,1.0366944,0.8009179,0.9080546,1.0203412,0.80368316,0.899176,1.0375028,0.7978798,0.9007448,1.0099189,0.80325735,0.89410573,1.0444859
2025-01-01 04:39:00,0.84051335,0.9428145,1.0913451,0.8274422,0.9463244,1.0175073,0.8422735,0.93356925,1.0675578,0.80837697,0.91774476,1.0152712,0.82728255,0.9162047,1.0313672,0.8044959,0.9137894,1.0151991,0.80773157,0.90968984,1.0367196,0.80078393,0.90782154,1.02036,0.8035642,0.89894855,1.0375279,0.79772675,0.90048945,1.0099285,0.8031227,0.8938574,1.0444965
2025-01-01 04:40:00,0.840488,0.9427266,1.0913723,0.82739216,0.9462261,1.0175047,0.8422149,0.93343645,1.0675595,0.808295,0.9176044,1.0152621,0.827193,0.916047,1.0313694,0.804392,0.91360515,1.0152036,0.80767524,0.90957296,1.036739,0.800679,0.9076375,1.0203768,0.80347157,0.8987691,1.0375482,0.7976059,0.9002863,1.0099362,0.803015,0.8936583,1.044502
2025-01-01 04:41:00,0.840469,0.9426572,1.0913905,0.82735157,0.94614655,1.0175008,0.842166,0.9333279,1.0675563,0.8082269,0.9174895,1.0152519,0.82711935,0.91591907,1.0313684,0.8043082,0.9134576,1.0152069,0.8076313,0.9094809,1.0367548,0.8005975,0.9074928,1.0203923,0.80340004,0.8986278,1.0375651,0.7975108,0.9001251,1.0099427,0.80292875,0.8934985,1.0445039
2025-01-01 04:42:00,0.840455,0.9426025,1.0914031,0.82731867,0.94608206,1.017496,0.84212494,0.9332388,1.06755,0.8081697,0.917395,1.0152408,0.8270584,0.915815,1.0313652,0.8042406,0.9133394,1.0152097,0.8075973,0.90940887,1.0367683,0.80053467,0.9073796,1.0204068,0.8033454,0.8985173,1.03758,0.79743636,0.89999735,1.0099484,0.80285966,0.8933701,1.0445035
2025-01-01 04:43:00,0.8404451,0.94255954,1.0914121,0.8272918,0.9460294,1.0174905,0.8420901,0.9331653,1.0675416,0.8081214,0.91731685,1.0152292,0.8270075,0.91572994,1.0313605,0.80418587,0.9132446,1.0152118,0.80757123,0.9093527,1.0367804,0.80048674,0.90729153,1.0204209,0.80330414,0.89843124,1.0375936,0.79737836,0.8998964,1.0099534,0.8028043,0.8932669,1.0445015
2025-01-01 04:44:00,0.8404383,0.942526,1.0914185,0.8272698,0.94598645,1.0174848,0.84206015,0.9331043,1.0675317,0.80808014,0.9172517,1.0152173,0.82696474,0.91566014,1.0313551,0.8041416,0.91316867,1.0152137,0.8075515,0.9093094,1.0367914,0.80045074,0.90722364,1.0204346,0.8032737,0.89836484,1.0376064,0.79733354,0.89981675,1.0099581,0.80276,0.8931838,1.0444988
2025-01-01 04:45:00,0.84043413,0.94249994,1.0914235,0.8272517,0.9459511,1.0174786,0.8420342,0.93305314,1.0675211,0.80804443,0.917197,1.0152053,0.8269285,0.9156025,1.0313491,0.8041055,0.91310775,1.0152154,0.8075369,0.9092762,1.0368019,0.8004244,0.9071719,1.0204482,0.80325186,0.89831406,1.0376184,0.79729927,0.8997542,1.0099627,0.8027244,0.8931168,1.0444952
2025-01-01 04:46:00,0.840432,0.9424799,1.0914273,0.82723665,0.94592184,1.0174721,0.8420114,0.9330099,1.0675099,0.8080133,0.9171507,1.015193,0.8268974,0.9155547,1.0313426,0.80407614,0.91305894,1.0152171,0.8075264,0.9092512,1.0368121,0.8004056,0.90713304,1.0204614,0.803237,0.8982759,1.0376302,0.7972734,0.89970547,1.009967,0.8026958,0.8930626,1.0444913
2025-01-01 04:47:00,0.84043145,0.94246465,1.0914304,0.827224,0.94589746,1.0174657,0.8419911,0.9329731,1.0674983,0.8079857,0.917111,1.0151807,0.8268705,0.9155147,1.0313361,0.80405205,0.9130198,1.0152187,0.8075192,0.9092328,1.0368218,0.8003931,0.90710443,1.0204747,0.8032276,0.89824766,1.0376414,0.79725426,0.8996676,1.009971,0.80267286,0.8930187,1.044487
2025-01-01 04:48:00,0.84043217,0.94245315,1.0914332,0.8272134,0.94587696,1.0174592,0.8419729,0.9329413,1.0674865,0.8079611,0.91707665,1.0151684,0.82684696,0.91548103,1.0313294,0.80403227,0.9129884,1.0152204,0.8075146,0.9092196,1.0368315,0.8003854,0.9070841,1.0204878,0.8032226,0.89822745,1.0376526,0.7972405,0.8996384,1.0099751,0.8026543,0.892983,1.0444826
2025-01-01 04:49:00,0.8404339,0.94244474,1.0914354,0.82720435,0.94585955,1.0174525,0.8419562,0.9329136,1.0674744,0.80793875,0.9170466,1.0151561,0.8268261,0.9154523,1.0313227,0.8040159,0.9129632,1.0152221,0.80751216,0.9092107,1.0368412,0.8003817,0.90707034,1.020501,0.8032212,0.8982137,1.0376638,0.797231,0.89961624,1.0099791,0.80263937,0.8929538,1.0444779
2025-01-01 04:50:00,0.84043646,0.9424388,1.0914376,0.8271965,0.9458447,1.0174457,0.8419408,0.9328891,1.0674622,0.80791825,0.91702,1.0151438,0.8268074,0.9154276,1.0313159,0.8040023,0.91294295,1.0152237,0.8075114,0.9092051,1.0368507,0.8003811,0.907062,1.020514,0.80322254,0.89820504,1.0376748,0.79722494,0.8995997,1.009983,0.80262727,0.8929299,1.0444732
2025-01-01 04:51:00,0.8404397,0.9424347,1.0914395,0.8271896,0.9458318,1.0174389,0.84192646,0.9328672,1.0674499,0.80789924,0.9169961,1.0151314,0.82679045,0.9154062,1.0313091,0.8039909,0.9129267,1.0152254,0.807512,0.9092022,1.0368603,0.8003831,0.90705776,1.0205271,0.8032262,0.8982005,1.0376856,0.7972216,0.8995875,1.0099868,0.8026174,0.8929102,1.0444684
2025-01-01 04:52:00,0.8404433,0.9424322,1.0914413,0.82718354,0.9458204,1.017432,0.84191287,0.9328474,1.0674376,0.8078814,0.9169745,1.0151191,0.82677484,0.91538745,1.0313023,0.8039813,0.91291356,1.0152271,0.8075138,0.90920156,1.0368699,0.800387,0.9070569,1.0205401,0.80323154,0.89819926,1.0376965,0.7972204,0.8995789,1.0099905,0.8026093,0.89289373,1.0444633
2025-01-01 04:53:00,0.8404474,0.9424309,1.091443,0.8271781,0.94581026,1.0174251,0.84189993,0.9328292,1.0674253,0.8078645,0.9169546,1.0151067,0.82676035,0.9153707,1.0312955,0.80397314,0.9129031,1.015229,0.8075164,0.9092027,1.0368794,0.8003926,0.9070589,1.0205532,0.8032384,0.8982006,1.0377072,0.797221,0.8995732,1.0099941,0.8026026,0.89287996,1.0444583
2025-01-01 04:54:00,0.84045184,0.94243056,1.0914445,0.82717305,0.94580114,1.017418,0.8418875,0.93281233,1.0674129,0.80784833,0.9169361,1.0150944,0.82674676,0.9153556,1.0312889,0.80396616,0.91289467,1.0152308,0.8075198,0.90920514,1.0368891,0.80039954,0.907063,1.0205663,0.80324644,0.8982041,1.037718,0.7972229,0.8995697,1.0099977,0.80259705,0.89286834,1.0444531
2025-01-01 04:55:00,0.8404564,0.9424309,1.0914459,0.8271684,0.9457927,1.017411,0.84187543,0.9327965,1.0674005,0.80783284,0.91691875,1.0150821,0.82673395,0.9153419,1.0312822,0.8039601,0.91288793,1.0152327,0.8075238,0.90920883,1.0368987,0.80040747,0.9070688,1.0205793,0.8032553,0.89820915,1.0377287,0.79722595,0.8995679,1.0100013,0.8025924,0.8928584,1.044448
2025-01-01 04:56:00,0.8404612,0.94243187,1.0914474,0.827164,0.9457849,1.0174038,0.8418637,0.93278146,1.067388,0.80781776,0.9169023,1.0150698,0.8267217,0.9153293,1.0312755,0.8039548,0.9128825,1.0152347,0.8075282,0.9092133,1.0369084,0.8004163,0.90707606,1.0205925,0.8032649,0.89821553,1.0377394,0.7972299,0.8995676,1.0100049,0.80258846,0.89284974,1.0444428
2025-01-01 04:57:00,0.84046614,0.94243336,1.0914487,0.8271599,0.9457776,1.0173967,0.8418521,0.9327671,1.0673755,0.80780315,0.91688657,1.0150577,0.82671,0.91531754,1.031269,0.8039501,0.91287816,1.0152367,0.8075331,0.9092186,1.036918,0.80042577,0.9070844,1.0206056,0.80327517,0.89822304,1.03775,0.7972344,0.89956844,1.0100083,0.80258507,0.8928421,1.0444375
2025-01-01 04:58:00,0.8404711,0.94243515,1.09145,0.8271558,0.94577074,1.0173895,0.8418408,0.93275326,1.067363,0.8077888,0.9168714,1.0150454,0.8266986,0.9153065,1.0312624,0.80394596,0.91287476,1.0152388,0.8075382,0.90922457,1.0369278,0.8004358,0.90709364,1.0206187,0.8032858,0.8982313,1.0377606,0.7972395,0.89957017,1.0100117,0.80258214,0.8928354,1.0444322
2025-01-01 04:59:00,0.84047616,0.9424373,1.0914512,0.82715195,0.94576406,1.0173823,0.84182966,0.9327399,1.0673505,0.80777466,0.9168567,1.0150332,0.8266876,0.9152961,1.031256,0.8039422,0.9128721,1.0152409,0.80754364,0.90923095,1.0369376,0.8004463,0.9071036,1.0206318,0.80329686,0.89824027,1.0377712,0.797245,0.8995726,1.010015,0.8025795,0.89282924,1.0444268
2025-01-01 05:00:00,0.84019595,0.9414844,1.0927969,0.8267057,0.94472456,1.0175546,0.8413403,0.9315019,1.0677986,0.80719453,0.9156024,1.0151772,0.8259407,0.9137682,1.031716,0.8030339,0.9110213,1.0154037,0.8070476,0.90804535,1.0374486,0.79941666,0.90517646,1.020828,0.80237204,0.8963967,1.038212,0.79612076,0.89757085,1.010176,0.8016454,0.8909664,1.0448694
2025-01-01 05:01:00,0.8399728,0.94072276,1.093672,0.8263479,0.9438919,1.0176641,0.8409467,0.93050915,1.0680856,0.8067279,0.91459644,1.0152667,0.8253414,0.91254425,1.0320129,0.8023068,0.9095408,1.0155104,0.8066521,0.9070986,1.0377842,0.79859555,0.90363735,1.0209602,0.8016347,0.8949241,1.0385021,0.79522276,0.8959704,1.0102816,0.80089784,0.88947546,1.0451552
2025-01-01 05:02:00,0.83979535,0.940114,1.0942413,0.826061,0.94322455,1.0177326,0.8406297,0.92971265,1.0682676,0.8063519,0.91378903,1.0153205,0.82486,0.9115635,1.0322037,0.80172473,0.90835637,1.0155807,0.80633706,0.9063428,1.0380058,0.7979411,0.90240866,1.0210508,0.8010473,0.8937483,1.0386944,0.79450583,0.8946911,1.0103514,0.80029947,0.888282,1.045339
2025-01-01 05:03:00,0.8396544,0.9396276,1.0946115,0.82583076,0.9426896,1.0177746,0.84037393,0.929073,1.0683814,0.80604845,0.91314065,1.0153513,0.8244729,0.91077733,1.0323255,0.8012588,0.907409,1.0156271,0.8060863,0.9057399,1.0381535,0.79741997,0.9014282,1.0211142,0.8005799,0.89281,1.0388229,0.79393363,0.8936687,1.0103978,0.7998205,0.8873264,1.0454564
2025-01-01 05:04:00,0.8395427,0.9392391,1.0948524,0.8256458,0.94226044,1.0177991,0.84016716,0.92855895,1.0684512,0.80580306,0.9126193,1.0153672,0.82416135,0.9101468,1.0324026,0.8008856,0.90665114,1.0156583,0.80588716,0.9052593,1.038253,0.7970055,0.9006465,1.02116,0.80020845,0.89206165,1.0389102,0.7934773,0.89285177,1.0104289,0.7994369,0.8865612,1.0455307
2025-01-01 05:05:00,0.83945423,0.93892884,1.0950094,0.8254971,0.941916,1.0178125,0.8399996,0.9281453,1.0684919,0.8056042,0.9121998,1.0153731,0.82391024,0.90964085,1.0324506,0.80058676,0.906045,1.0156794,0.80572915,0.9048766,1.0383211,0.7966764,0.9000237,1.0211945,0.79991376,0.89146525,1.0389704,0.7931136,0.8921992,1.0104502,0.7991298,0.88594836,1.045577
2025-01-01 05:06:00,0.8393845,0.9386812,1.0951116,0.8253774,0.94163924,1.0178186,0.83986336,0.927812,1.0685141,0.8054425,0.9118616,1.015373,0.8237074,0.90923446,1.0324796,0.8003473,0.90556014,1.015694,0.8056041,0.90457207,1.0383689,0.7964156,0.899528,1.0212214,0.79968053,0.89099044,1.0390131,0.792824,0.8916781,1.010465,0.79888374,0.8854573,1.0456051
2025-01-01 05:07:00,0.8393297,0.93848366,1.0951782,0.82528085,0.9414166,1.0178198,0.8397522,0.9275429,1.068524,0.8053105,0.9115885,1.0153685,0.82354325,0.90890783,1.0324965,0.80015546,0.90517235,1.0157045,0.80550545,0.90433025,1.0384036,0.7962095,0.89913416,1.0212435,0.79949635,0.89061284,1.0390445,0.79259366,0.8912622,1.0104758,0.79868656,0.8850636,1.0456212
2025-01-01 05:08:00,0.83928686,0.9383261,1.0952218,0.8252028,0.9412374,1.0178179,0.83966106,0.9273253,1.068526,0.8052023,0.9113675,1.0153615,0.8234101,0.90864503,1.0325054,0.8000016,0.90486234,1.0157123,0.8054279,0.90413857,1.0384297,0.79604703,0.8988216,1.0212624,0.79935145,0.890313,1.0390685,0.79241073,0.89093035,1.0104836,0.79852843,0.88474786,1.0456296
2025-01-01 05:09:00,0.8392535,0.93820065,1.0952504,0.82513964,0.9410927,1.0178138,0.83958596,0.9271488,1.0685229,0.80511314,0.9111881,1.0153528,0.8233017,0.9084332,1.0325091,0.7998783,0.90461445,1.0157182,0.80536735,0.903987,1.0384502,0.79591954,0.8985741,1.0212793,0.799238,0.8900755,1.0390877,0.7922658,0.8906658,1.0104896,0.79840153,0.8844945,1.0456331
2025-01-01 05:10:00,0.83922774,0.9381008,1.0952691,0.82508826,0.94097584,1.0178084,0.83952373,0.92700523,1.0685165,0.80503917,0.9110421,1.0153428,0.82321304,0.9082622,1.0325094,0.79977936,0.90441626,1.0157232,0.80532026,0.9038674,1.0384673,0.79582006,0.8983788,1.021295,0.7991497,0.88988775,1.0391037,0.7921511,0.8904552,1.0104945,0.7982997,0.88429093,1.0456331
2025-01-01 05:11:00,0.83920807,0.9380214,1.0952815,0.82504636,0.94088113,1.0178021,0.8394717,0.9268879,1.0685078,0.8049775,0.9109228,1.0153323,0.82314026,0.90812385,1.0325077,0.7996999,0.9042579,1.0157274,0.805284,0.90377355,1.038482,0.7957429,0.898225,1.0213096,0.79908156,0.88973975,1.0391177,0.7920607,0.89028764,1.0104985,0.7982177,0.88412726,1.045631
2025-01-01 05:12:00,0.8391933,0.9379584,1.0952896,0.825012,0.9408041,1.0177953,0.8394279,0.92679167,1.0684978,0.80492544,0.9108249,1.0153213,0.82308024,0.90801173,1.0325044,0.79963607,0.90413135,1.0157312,0.8052565,0.9037003,1.0384951,0.79568374,0.8981046,1.0213238,0.7990294,0.88962364,1.0391302,0.7919896,0.8901544,1.010502,0.7981518,0.8839955,1.0456275
2025-01-01 05:13:00,0.8391824,0.93790853,1.0952951,0.8249837,0.94074124,1.0177882,0.83939064,0.9267123,1.0684867,0.80488116,0.91074395,1.0153099,0.82303035,0.90792054,1.0325004,0.7995847,0.9040304,1.0157348,0.8052359,0.9036434,1.0385071,0.7956389,0.89801097,1.0213376,0.7989902,0.889533,1.0391418,0.7919341,0.8900488,1.0105052,0.7980986,0.8838892,1.0456231
2025-01-01 05:14:00,0.8391745,0.937869,1.0952986,0.8249602,0.9406897,1.0177805,0.8393586,0.9266463,1.068475,0.80484325,0.9106767,1.0152985,0.82298857,0.90784603,1.0324957,0.7995434,0.90394974,1.0157381,0.8052209,0.9035998,1.0385187,0.7956055,0.8979386,1.0213511,0.7989612,0.8894627,1.0391529,0.791891,0.8899652,1.0105081,0.7980557,0.8838033,1.0456179
2025-01-01 05:15:00,0.8391691,0.93783796,1.095301,0.82494056,0.94064724,1.0177729,0.83933073,0.9265911,1.068463,0.8048102,0.91062045,1.0152869,0.8229534,0.907785,1.0324907,0.7995101,0.9038855,1.0157413,0.8052103,0.90356666,1.0385299,0.7955813,0.8978833,1.0213643,0.79894054,0.88940877,1.0391636,0.7918578,0.88989913,1.0105107,0.7980209,0.88373375,1.0456125
2025-01-01 05:16:00,0.8391657,0.9378135,1.0953027,0.824924,0.94061196,1.017765,0.8393063,0.92654455,1.0684507,0.8047812,0.9105729,1.0152752,0.8229234,0.9077347,1.0324856,0.79948324,0.9038343,1.0157446,0.8052033,0.9035419,1.0385407,0.7955645,0.8978417,1.0213778,0.79892635,0.88936776,1.0391741,0.7918325,0.88984716,1.0105132,0.7979925,0.8836772,1.0456067
2025-01-01 05:17:00,0.83916384,0.9377944,1.0953037,0.82490987,0.94058245,1.017757,0.8392844,0.92650485,1.0684383,0.80475545,0.91053236,1.0152636,0.8228977,0.90769297,1.0324805,0.7994616,0.9037935,1.0157478,0.8051992,0.90352404,1.0385516,0.7955535,0.897811,1.0213909,0.7989175,0.88933724,1.0391842,0.79181355,0.88980645,1.0105157,0.79796946,0.8836311,1.0456007
2025-01-01 05:18:00,0.8391632,0.93777955,1.0953045,0.82489765,0.94055754,1.0177491,0.8392647,0.92647064,1.0684258,0.80473226,0.9104974,1.0152519,0.8228752,0.9076582,1.0324752,0.7994441,0.9037612,1.0157511,0.8051974,0.90351146,1.0385623,0.79554725,0.89778906,1.0214041,0.79891276,0.889315,1.0391942,0.7917996,0.88977474,1.0105181,0.7979505,0.8835933,1.0455946
2025-01-01 05:19:00,0.83916354,0.9377681,1.095305,0.824887,0.9405363,1.017741,0.8392467,0.92644083,1.0684131,0.80471104,0.91046697,1.0152402,0.8228555,0.90762895,1.0324699,0.79942983,0.9037356,1.0157545,0.8051975,0.9035033,1.0385729,0.79554474,0.8977741,1.0214173,0.7989114,0.8892994,1.0392042,0.7917897,0.8897502,1.0105203,0.79793483,0.8835621,1.0455883
2025-01-01 05:20:00,0.8391647,0.9377593,1.0953052,0.82487756,0.940518,1.0177327,0.83923,0.92641455,1.0684004,0.8046915,0.91044015,1.0152285,0.82283795,0.9076041,1.0324646,0.79941833,0.9037154,1.0157577,0.8051991,0.90349865,1.0385836,0.7955453,0.89776474,1.0214304,0.7989128,0.88928914,1.0392141,0.791783,0.8897314,1.0105225,0.79792184,0.8835362,1.0455819
2025-01-01 05:21:00,0.8391664,0.93775266,1.0953053,0.82486904,0.94050205,1.0177244,0.83921444,0.92639107,1.0683875,0.80467325,0.9104162,1.0152167,0.82282215,0.90758276,1.0324593,0.7994089,0.9036995,1.0157611,0.8052018,0.90349674,1.0385941,0.7955483,0.8977599,1.0214435,0.7989163,0.8892832,1.0392239,0.79177886,0.8897171,1.0105245,0.7979109,0.8835146,1.0455755
2025-01-01 05:22:00,0.8391686,0.9377478,1.0953053,0.8248613,0.940488,1.0177162,0.8391997,0.92636985,1.0683748,0.8046561,0.9103945,1.0152051,0.8228077,0.90756434,1.0324539,0.7994012,0.90368706,1.0157645,0.8052056,0.90349704,1.0386047,0.79555315,0.8977586,1.0214566,0.79892147,0.8892805,1.0392337,0.7917768,0.88970655,1.0105267,0.79790163,0.88349634,1.045569
2025-01-01 05:23:00,0.83917123,0.9377442,1.0953053,0.8248542,0.94047534,1.0177078,0.83918566,0.92635036,1.0683619,0.8046398,0.9103747,1.0151935,0.8227944,0.9075481,1.0324486,0.79939497,0.90367746,1.015768,0.8052101,0.90349925,1.0386155,0.7955596,0.89776015,1.0214696,0.798928,0.8892806,1.0392433,0.7917763,0.88969886,1.0105286,0.7978937,0.8834808,1.0455624
2025-01-01 05:24:00,0.83917403,0.9377417,1.0953051,0.8248475,0.9404639,1.0176994,0.8391721,0.92633235,1.068349,0.8046241,0.9103563,1.0151819,0.82278204,0.9075338,1.0324435,0.7993898,0.9036701,1.0157715,0.80521524,0.9035029,1.0386261,0.7955673,0.897764,1.0214827,0.79893565,0.8892829,1.039253,0.7917771,0.8896935,1.0105306,0.7978868,0.88346744,1.0455557
2025-01-01 05:25:00,0.8391771,0.93774,1.0953048,0.82484126,0.94045335,1.017691,0.8391591,0.9263155,1.0683361,0.804609,0.9103392,1.0151703,0.8227704,0.907521,1.0324384,0.79938555,0.90366447,1.0157751,0.8052209,0.9035076,1.0386368,0.795576,0.89776975,1.0214958,0.7989442,0.8892869,1.0392627,0.79177886,0.88969,1.0105325,0.7978807,0.8834557,1.045549
2025-01-01 05:26:00,0.8391803,0.9377391,1.0953046,0.8248353,0.9404436,1.0176826,0.83914626,0.92629945,1.0683233,0.80459434,0.91032296,1.0151588,0.82275933,0.9075093,1.0324333,0.79938203,0.90366036,1.0157788,0.80522704,0.9035134,1.0386477,0.7955854,0.8977769,1.0215088,0.79895335,0.88929224,1.0392722,0.79178154,0.8896879,1.0105343,0.7978753,0.8834453,1.0455422
2025-01-01 05:27:00,0.83918357,0.93773866,1.0953043,0.8248295,0.9404344,1.017674,0.83913374,0.9262842,1.0683104,0.80458,0.9103076,1.0151472,0.8227488,0.90749866,1.0324283,0.79937917,0.9036574,1.0157825,0.80523354,0.90351987,1.0386584,0.7955956,0.89778525,1.0215219,0.79896307,0.8892987,1.0392817,0.7917848,0.889687,1.0105361,0.7978704,0.8834361,1.0455354
2025-01-01 05:28:00,0.839187,0.9377386,1.0953038,0.8248239,0.9404256,1.0176654,0.8391214,0.9262695,1.0682975,0.804566,0.9102928,1.0151358,0.8227386,0.90748876,1.0324233,0.7993768,0.9036554,1.0157863,0.80524033,0.90352696,1.0386692,0.7956062,0.89779454,1.021535,0.79897326,0.889306,1.0392913,0.7917885,0.889687,1.0105377,0.79786587,0.8834276,1.0455287
2025-01-01 05:29:00,0.83919054,0.93773884,1.0953033,0.8248184,0.9404172,1.0176568,0.83910924,0.9262552,1.0682846,0.8045522,0.91027856,1.0151243,0.8227288,0.90747947,1.0324184,0.79937476,0.90365416,1.01579,0.8052473,0.9035346,1.0386801,0.7956173,0.8978046,1.021548,0.79898375,0.889314,1.0393007,0.7917927,0.8896877,1.0105394,0.7978617,0.8834199,1.0455217
2025-01-01 05:30:00,0.83892477,0.93670505,1.0961295,0.82438236,0.9392363,1.0177243,0.83860344,0.9249459,1.0681621,0.8040564,0.9089917,1.0151684,0.8219944,0.9058443,1.032618,0.798515,0.90169317,1.0158541,0.8048339,0.9023345,1.0389085,0.7946509,0.895803,1.0216424,0.7981201,0.8874329,1.0394893,0.7907583,0.8876645,1.0106071,0.79701316,0.8815637,1.0456817
2025-01-01 05:31:00,0.8387129,0.9358782,1.0966663,0.8240326,0.9382901,1.0177652,0.8381964,0.9238959,1.068078,0.8036572,0.90795976,1.0151931,0.8214052,0.9045348,1.0327462,0.7978272,0.90012467,1.0158973,0.8045049,0.9013764,1.0390608,0.79388034,0.89420426,1.0217083,0.7974315,0.8859301,1.0396152,0.7899319,0.8860465,1.0106517,0.7963338,0.8800778,1.0457832
2025-01-01 05:32:00,0.8385441,0.935217,1.0970149,0.8237517,0.93753177,1.0177886,0.83786845,0.92305344,1.0680188,0.80333525,0.90713185,1.0152053,0.8209321,0.9034859,1.0328279,0.79727685,0.8988703,1.0159267,0.80424315,0.9006119,1.0391636,0.7932665,0.8929279,1.0217557,0.79688305,0.88473,1.0397003,0.78927183,0.8847529,1.0106813,0.7957896,0.87888795,1.0458466
2025-01-01 05:33:00,0.8384097,0.9346884,1.0972413,0.82352597,0.9369237,1.0178009,0.8376038,0.922377,1.0679759,0.8030751,0.90646696,1.0152091,0.82055205,0.9026455,1.0328792,0.79683656,0.8978672,1.0159473,0.8040355,0.9000022,1.0392344,0.79277796,0.8919095,1.021791,0.7964466,0.883772,1.0397587,0.7887449,0.88371867,1.010701,0.79535365,0.87793505,1.0458853
2025-01-01 05:34:00,0.83830297,0.9342657,1.0973881,0.82334435,0.9364357,1.0178056,0.8373897,0.9218333,1.0679433,0.8028645,0.90593266,1.0152076,0.8202463,0.9019719,1.0329111,0.79648435,0.89706516,1.0159621,0.803871,0.8995164,1.0392843,0.79238963,0.8910973,1.0218186,0.79609984,0.88300776,1.0397999,0.7883245,0.88289195,1.010714,0.79500425,0.8771717,1.045908
2025-01-01 05:35:00,0.8382182,0.9339278,1.0974833,0.8231979,0.93604386,1.0178056,0.83721614,0.9213959,1.0679176,0.80269337,0.90550286,1.0152029,0.82000005,0.9014317,1.0329301,0.7962025,0.896424,1.0159732,0.803741,0.8991298,1.0393206,0.7920816,0.89045024,1.021841,0.79582465,0.8823984,1.0398301,0.7879892,0.88223124,1.010723,0.79472405,0.87655985,1.0459201
2025-01-01 05:36:00,0.83815104,0.93365765,1.0975448,0.8230797,0.9357289,1.0178024,0.8370749,0.92104346,1.0678965,0.8025539,0.9051565,1.0151957,0.8198014,0.9009983,1.0329411,0.79597706,0.8959116,1.0159819,0.8036387,0.8988224,1.0393481,0.79183775,0.8899352,1.0218601,0.7956069,0.8819131,1.0398527,0.78772205,0.8817033,1.0107293,0.7944992,0.8760693,1.0459255
2025-01-01 05:37:00,0.83809793,0.9334418,1.0975844,0.82298404,0.93547547,1.0177971,0.83695954,0.92075896,1.067878,0.8024398,0.904877,1.0151873,0.8196408,0.9006503,1.0329466,0.79579675,0.89550203,1.0159892,0.8035585,0.8985785,1.03937,0.79164517,0.8895257,1.0218772,0.795435,0.88152695,1.0398706,0.7875094,0.8812816,1.0107337,0.7943186,0.87567574,1.0459265
2025-01-01 05:38:00,0.83805615,0.9332693,1.0976096,0.8229065,0.93527126,1.0177907,0.83686495,0.9205288,1.0678617,0.80234593,0.904651,1.0151777,0.81951076,0.90037066,1.0329487,0.79565257,0.89517486,1.0159954,0.803496,0.8983854,1.039388,0.7914938,0.8892008,1.0218929,0.7952999,0.8812201,1.0398855,0.7873403,0.88094485,1.0107371,0.79417354,0.8753598,1.0459244
2025-01-01 05:39:00,0.8380233,0.93313146,1.0976259,0.82284325,0.9351064,1.0177832,0.8367869,0.9203422,1.0678464,0.8022683,0.90446776,1.0151678,0.8194051,0.9001457,1.0329485,0.7955372,0.89491355,1.0160009,0.8034477,0.8982329,1.0394036,0.7913751,0.8889435,1.0219076,0.79519403,0.8809767,1.0398983,0.78720605,0.88067603,1.0107396,0.7940567,0.8751059,1.0459205
2025-01-01 05:40:00,0.8379977,0.9330214,1.0976357,0.8227915,0.93497294,1.0177752,0.8367221,0.92019045,1.0678318,0.80220366,0.90431875,1.0151573,0.81931895,0.8999645,1.032947,0.79544497,0.89470506,1.0160061,0.80341077,0.8981129,1.0394176,0.7912828,0.88874024,1.0219215,0.7951117,0.8807841,1.0399096,0.7870997,0.8804616,1.0107414,0.7939625,0.87490165,1.0459154
2025-01-01 05:41:00,0.8379778,0.93293357,1.0976418,0.8227491,0.9348647,1.0177668,0.8366679,0.9200665,1.0678178,0.80214936,0.9041971,1.0151467,0.8192485,0.8998183,1.0329444,0.7953713,0.8945388,1.0160112,0.8033829,0.8980189,1.0394307,0.79121155,0.88858026,1.0219353,0.7950481,0.880632,1.0399202,0.7870156,0.8802906,1.0107429,0.79388636,0.8747371,1.0459093
2025-01-01 05:42:00,0.83796245,0.9328634,1.0976453,0.822714,0.93477666,1.017758,0.8366222,0.91996485,1.0678042,0.8021034,0.90409744,1.015136,0.81919044,0.89970016,1.0329415,0.79531235,0.8944063,1.016016,0.80336225,0.8979457,1.0394433,0.7911571,0.8884549,1.0219487,0.7949996,0.8805124,1.0399301,0.7869494,0.88015443,1.0107442,0.7938248,0.87460434,1.0459027
2025-01-01 05:43:00,0.83795077,0.93280745,1.0976472,0.82268465,0.9347046,1.0177491,0.8365832,0.9198809,1.0677909,0.8020641,0.9040153,1.0151252,0.8191425,0.8996044,1.032938,0.7952654,0.8943008,1.0160209,0.8033475,0.8978892,1.0394553,0.7911161,0.8883573,1.0219619,0.79496306,0.88041884,1.0399398,0.78689736,0.880046,1.0107453,0.7937747,0.87449694,1.0458958
2025-01-01 05:44:00,0.837942,0.9327628,1.0976477,0.8226601,0.9346455,1.01774,0.83654964,0.9198113,1.0677776,0.8020301,0.9039472,1.0151143,0.8191025,0.89952666,1.0329343,0.7952278,0.894217,1.0160257,0.80333745,0.89784604,1.0394672,0.79108596,0.88828176,1.0219752,0.7949361,0.88034594,1.039949,0.7868567,0.8799599,1.0107462,0.7937339,0.87440985,1.0458885
2025-01-01 05:45:00,0.83793557,0.9327272,1.0976477,0.8226393,0.9345966,1.0177308,0.83652043,0.919753,1.0677643,0.8020004,0.9038903,1.0151033,0.819069,0.8994633,1.0329306,0.79519796,0.8941505,1.0160304,0.8033311,0.89781356,1.0394789,0.7910644,0.888224,1.0219882,0.7949168,0.8802897,1.0399581,0.7868251,0.8798915,1.0107471,0.7937005,0.874339,1.0458812
2025-01-01 05:46:00,0.837931,0.93269885,1.097647,0.82262146,0.93455595,1.0177217,0.8364946,0.91970384,1.0677512,0.80197406,0.90384245,1.0150925,0.81904066,0.8994114,1.0329268,0.7951741,0.8940978,1.0160351,0.8033278,0.89778966,1.0394906,0.7910497,0.8881804,1.0220013,0.79490376,0.8802467,1.0399671,0.78680086,0.8798374,1.0107479,0.79367304,0.87428105,1.0458736
2025-01-01 05:47:00,0.8379278,0.93267626,1.0976461,0.82260597,0.9345218,1.0177124,0.8364716,0.919662,1.0677379,0.8019505,0.9038017,1.0150815,0.8190164,0.8993687,1.032923,0.79515517,0.8940563,1.01604,0.8033269,0.8977725,1.039502,0.7910406,0.8881482,1.0220143,0.79489547,0.88021433,1.0399759,0.78678244,0.87979454,1.0107485,0.79365015,0.87423354,1.045866
2025-01-01 05:48:00,0.83792585,0.93265826,1.0976449,0.8225924,0.9344929,1.0177029,0.8364508,0.91962594,1.067725,0.8019291,0.90376675,1.0150706,0.8189955,0.8993334,1.0329192,0.7951402,0.89402366,1.0160447,0.803328,0.89776087,1.0395136,0.7910359,0.88812494,1.0220271,0.7948912,0.8801905,1.0399847,0.7867686,0.8797608,1.0107491,0.7936311,0.87419426,1.0458584
2025-01-01 05:49:00,0.8379248,0.9326439,1.0976435,0.82258034,0.9344682,1.0176935,0.83643174,0.9195946,1.0677118,0.80190945,0.9037365,1.0150597,0.81897724,0.89930403,1.0329154,0.79512835,0.8939981,1.0160496,0.80333054,0.89775366,1.039525,0.79103464,0.888109,1.02204,0.79489,0.8801734,1.0399933,0.7867584,0.87973434,1.0107496,0.79361504,0.87416166,1.0458505
2025-01-01 05:50:00,0.8379244,0.9326325,1.097642,0.8225695,0.9344469,1.017684,0.8364141,0.9195669,1.0676988,0.8018912,0.90370977,1.0150489,0.81896114,0.8992794,1.0329117,0.79511905,0.8939783,1.0160546,0.8033344,0.89774996,1.0395365,0.79103637,0.8880989,1.022053,0.7948913,0.8801617,1.0400019,0.7867513,0.87971365,1.01075,0.79360133,0.8741343,1.0458426
2025-01-01 05:51:00,0.83792466,0.93262345,1.0976404,0.8225595,0.93442816,1.0176744,0.8363975,0.9195422,1.0676857,0.8018741,0.90368617,1.0150381,0.8189467,0.89925855,1.0329078,0.79511184,0.89396304,1.0160596,0.8033393,0.8977491,1.039548,0.7910403,0.8880934,1.0220659,0.79489464,0.8801544,1.0400105,0.78674644,0.8796975,1.0107505,0.79358953,0.8741112,1.0458348
2025-01-01 05:52:00,0.8379253,0.9326163,1.0976386,0.82255036,0.93441164,1.0176649,0.8363819,0.91951996,1.0676726,0.8018579,0.9036649,1.0150273,0.81893367,0.89924073,1.0329041,0.79510623,0.8939515,1.0160646,0.80334496,0.8977505,1.0395596,0.791046,0.8880917,1.0220788,0.7948995,0.8801505,1.0400189,0.7867434,0.8796851,1.0107509,0.7935792,0.87409145,1.0458268
2025-01-01 05:53:00,0.83792627,0.9326105,1.0976367,0.8225417,0.93439674,1.0176554,0.836367,0.91949964,1.0676596,0.80184233,0.90364546,1.0150166,0.8189218,0.8992255,1.0329006,0.79510194,0.8939429,1.0160698,0.8033513,0.89775366,1.039571,0.7910532,0.8880929,1.0220916,0.79490566,0.88014936,1.0400274,0.7867419,0.8796756,1.0107511,0.7935701,0.8740744,1.0458188
2025-01-01 05:54:00,0.8379276,0.9326059,1.0976348,0.82253355,0.9343832,1.0176457,0.8363526,0.9194807,1.0676465,0.8018275,0.90362763,1.0150058,0.8189107,0.8992121,1.032897,0.7950987,0.8939367,1.0160749,0.80335826,0.8977583,1.0395827,0.7910615,0.88809645,1.0221045,0.7949128,0.88015044,1.0400358,0.7867416,0.87966853,1.0107514,0.79356194,0.87405944,1.0458107
2025-01-01 05:55:00,0.837929,0.9326023,1.0976329,0.82252574,0.93437076,1.0176361,0.8363387,0.9194631,1.0676334,0.801813,0.903611,1.0149952,0.81890047,0.8992004,1.0328934,0.7950964,0.8939324,1.0160801,0.8033655,0.89776415,1.0395943,0.7910708,0.88810194,1.0221174,0.79492074,0.88015324,1.0400442,0.7867422,0.8796633,1.0107515,0.7935546,0.8740462,1.0458026
2025-01-01 05:56:00,0.8379306,0.9325993,1.0976309,0.8225182,0.93435913,1.0176263,0.8363251,0.91944635,1.0676204,0.801799,0.9035953,1.0149845,0.8188908,0.8991899,1.03289,0.7950947,0.8939296,1.0160854,0.8033732,0.89777094,1.039606,0.7910808,0.8881089,1.0221301,0.7949293,0.8801574,1.0400525,0.7867436,0.8796595,1.0107516,0.79354775,0.87403435,1.0457945
2025-01-01 05:57:00,0.8379323,0.932597,1.0976287,0.8225109,0.93434817,1.0176166,0.8363118,0.9194304,1.0676072,0.8017853,0.9035805,1.014974,0.81888163,0.8991805,1.0328866,0.79509366,0.89392805,1.0160906,0.80338126,0.8977785,1.0396177,0.7910914,0.88811713,1.022143,0.79493845,0.8801628,1.0400609,0.7867455,0.87965685,1.0107517,0.79354143,0.8740235,1.0457863
2025-01-01 05:58:00,0.8379341,0.932595,1.0976266,0.82250375,0.9343377,1.0176067,0.8362987,0.9194151,1.0675942,0.80177176,0.9035663,1.0149634,0.8188728,0.8991718,1.0328833,0.79509306,0.8939275,1.016096,0.80338943,0.89778674,1.0396293,0.7911025,0.8881264,1.0221559,0.7949479,0.880169,1.0400691,0.7867478,0.8796552,1.0107517,0.7935355,0.87401354,1.045778
2025-01-01 05:59:00,0.8379359,0.93259346,1.0976244,0.8224967,0.9343277,1.017597,0.8362858,0.9194003,1.067581,0.8017585,0.90355265,1.0149528,0.81886435,0.89916396,1.03288,0.7950929,0.89392775,1.0161015,0.80339783,0.89779544,1.039641,0.79111403,0.8881364,1.0221686,0.79495764,0.8801758,1.0400772,0.78675056,0.87965417,1.0107516,0.7935297,0.87400424,1.0457697
2025-01-01 06:00:00,0.8376893,0.931497,1.0979165,0.82207865,0.9330263,1.0175583,0.8357724,0.9180428,1.0668904,0.80135584,0.9022561,1.0148963,0.8181555,0.8974505,1.0328158,0.7942971,0.89189124,1.0160656,0.8030745,0.8966023,1.0395831,0.79022783,0.8860957,1.0221595,0.7941704,0.87829053,1.0400105,0.78582436,0.8776452,1.0107253,0.79278207,0.8721877,1.0456442
2025-01-01 06:01:00,0.83749235,0.9306198,1.0981055,0.8217429,0.93198353,1.0175298,0.83535916,0.9169542,1.0664368,0.80103123,0.90121645,1.0148559,0.817587,0.89607877,1.032773,0.7936607,0.89026266,1.0160443,0.80281764,0.89564985,1.0395495,0.7895215,0.8844658,1.022158,0.79354274,0.87678427,1.0399698,0.78508425,0.87603843,1.010708,0.792183,0.87073314,1.0455596
2025-01-01 06:02:00,0.8373351,0.92991793,1.0982275,0.8214729,0.93114763,1.0175078,0.8350262,0.9160808,1.0661373,0.80076903,0.9003825,1.014826,0.81713086,0.89498043,1.0327442,0.7931519,0.8889606,1.0160325,0.802614,0.89489007,1.0395318,0.788959,0.88316447,1.0221615,0.7930428,0.8755811,1.0399462,0.78449285,0.87475336,1.0106966,0.79170275,0.8695681,1.0455017
2025-01-01 06:03:00,0.83720976,0.9293564,1.098306,0.82125556,0.93047714,1.0174899,0.83475727,0.9153794,1.0659381,0.80055684,0.8997131,1.014803,0.81676453,0.8941007,1.0327244,0.79274523,0.88791966,1.0160267,0.802453,0.8942845,1.0395244,0.78851163,0.88212603,1.022168,0.79264504,0.87462044,1.0399336,0.7840206,0.8737256,1.0106891,0.7913176,0.8686347,1.045461
2025-01-01 06:04:00,0.8371098,0.9289071,1.098356,0.8210804,0.92993903,1.0174748,0.8345397,0.9148158,1.065804,0.8003846,0.89917517,1.0147845,0.8164701,0.89339596,1.0327106,0.7924202,0.88708776,1.0160251,0.802326,0.89380217,1.0395238,0.78815645,0.88129795,1.022177,0.79232895,0.87385386,1.0399282,0.78364354,0.87290376,1.0106841,0.79100853,0.86788666,1.0454317
2025-01-01 06:05:00,0.8370302,0.9285475,1.0983876,0.8209388,0.92950684,1.0174614,0.83436316,0.91436225,1.0657123,0.80024433,0.8987426,1.0147687,0.8162331,0.89283115,1.0327005,0.79216045,0.88642293,1.0160259,0.8022264,0.89341843,1.0395275,0.7878748,0.880638,1.0221871,0.7920784,0.8732425,1.0399274,0.78334266,0.8722466,1.0106806,0.7907602,0.8672868,1.0454096
2025-01-01 06:06:00,0.8369668,0.92825973,1.0984073,0.82082427,0.92915934,1.0174491,0.8342195,0.9139969,1.0656481,0.80012965,0.8983943,1.014755,0.81604224,0.8923784,1.032693,0.7919531,0.88589185,1.0160286,0.8021486,0.8931137,1.0395342,0.78765213,0.88011265,1.0221982,0.79187995,0.87275517,1.0399296,0.7831027,0.8717212,1.0106782,0.7905606,0.86680555,1.0453922
2025-01-01 06:07:00,0.83691645,0.9280293,1.098419,0.82073116,0.92887956,1.0174376,0.83410203,0.913702,1.0656018,0.80003536,0.89811325,1.0147424,0.81588817,0.8920152,1.0326872,0.7917875,0.8854678,1.0160325,0.80208826,0.89287204,1.0395427,0.7874766,0.879695,1.0222098,0.7917234,0.87236726,1.0399338,0.7829114,0.8713012,1.0106764,0.7903999,0.86641914,1.0453779
2025-01-01 06:08:00,0.83687645,0.9278449,1.0984257,0.8206552,0.92865396,1.0174265,0.8340056,0.9134635,1.065567,0.7999576,0.8978862,1.0147308,0.81576353,0.8917237,1.0326824,0.7916555,0.8851294,1.016037,0.80204195,0.892681,1.0395523,0.7873388,0.8793635,1.0222218,0.79160035,0.8720588,1.0399393,0.78275913,0.8709654,1.010675,0.7902703,0.86610854,1.0453653
2025-01-01 06:09:00,0.83684474,0.9276972,1.0984291,0.8205931,0.92847174,1.0174158,0.83392596,0.91327006,1.06554,0.79989284,0.8977024,1.0147196,0.81566256,0.89148957,1.0326784,0.79155016,0.8848595,1.0160421,0.8020068,0.89253026,1.0395628,0.78723115,0.87910086,1.022234,0.79150397,0.8718139,1.0399454,0.7826381,0.87069714,1.0106738,0.79016566,0.8658587,1.0453542
2025-01-01 06:10:00,0.83681965,0.92757887,1.0984302,0.82054204,0.9283242,1.0174052,0.83385974,0.9131128,1.0655178,0.7998386,0.89755297,1.0147089,0.81558037,0.8913014,1.0326749,0.79146636,0.8846444,1.0160475,0.8019806,0.8924119,1.0395739,0.7871477,0.8788934,1.0222464,0.79142904,0.87161976,1.0399522,0.7825419,0.87048274,1.0106727,0.7900808,0.8656573,1.0453439
2025-01-01 06:11:00,0.83679986,0.92748404,1.0984299,0.8204998,0.9282045,1.0173947,0.8338043,0.9129843,1.0654987,0.79979277,0.8974312,1.0146983,0.8155134,0.8911499,1.0326717,0.79139966,0.8844731,1.0160532,0.8019616,0.89231944,1.0395854,0.7870835,0.87873,1.0222588,0.7913712,0.87146634,1.0399591,0.7824656,0.8703115,1.0106717,0.7900119,0.8654948,1.045334
2025-01-01 06:12:00,0.83678424,0.927408,1.0984287,0.82046443,0.9281068,1.0173842,0.83375746,0.912879,1.0654818,0.7997536,0.89733154,1.014688,0.8154584,0.8910278,1.0326687,0.7913467,0.88433695,1.016059,0.80194837,0.8922477,1.039597,0.78703487,0.8786019,1.0222713,0.79132706,0.8713454,1.0399662,0.78240526,0.8701747,1.0106708,0.7899557,0.86536336,1.0453244
2025-01-01 06:13:00,0.83677197,0.92734694,1.0984268,0.82043475,0.92802685,1.0173737,0.83371747,0.91279215,1.0654662,0.7997199,0.8972496,1.0146778,0.81541324,0.8909292,1.032666,0.7913048,0.88422894,1.016065,0.8019397,0.89219254,1.0396088,0.7869985,0.8785021,1.0222838,0.79129386,0.87125045,1.0399735,0.7823577,0.8700655,1.0106698,0.7899097,0.8652567,1.0453151
2025-01-01 06:14:00,0.8367624,0.9272979,1.0984244,0.8204095,0.9279611,1.0173632,0.83368295,0.91272,1.0654514,0.7996905,0.8971818,1.0146677,0.8153758,0.89084953,1.0326635,0.7912718,0.88414335,1.0160711,0.80193484,0.89215064,1.0396208,0.78697205,0.87842476,1.0222964,0.7912694,0.87117636,1.0399809,0.7823202,0.86997837,1.0106689,0.7898718,0.8651699,1.0453058
2025-01-01 06:15:00,0.836755,0.9272585,1.0984219,0.82038784,0.92790675,1.0173528,0.83365285,0.9126597,1.0654372,0.79966456,0.89712536,1.0146576,0.8153446,0.89078486,1.032661,0.7912458,0.8840758,1.0160773,0.8019329,0.89211935,1.0396328,0.7869535,0.8783656,1.022309,0.79125196,0.87111884,1.0399883,0.78229094,0.86990887,1.0106679,0.78984034,0.865099,1.0452968
2025-01-01 06:16:00,0.8367493,0.92722666,1.098419,0.82036906,0.9278614,1.0173423,0.8336263,0.9126089,1.0654234,0.7996414,0.897078,1.0146477,0.81531835,0.8907323,1.0326586,0.7912255,0.88402265,1.0160835,0.8019333,0.8920966,1.0396447,0.7869413,0.87832075,1.0223216,0.7912401,0.8710746,1.0399956,0.78226817,0.86985344,1.010667,0.7898141,0.8650408,1.0452877
2025-01-01 06:17:00,0.83674496,0.927201,1.098416,0.8203526,0.9278233,1.017332,0.8336024,0.91256565,1.0654099,0.79962045,0.89703786,1.0146378,0.81529605,0.89068943,1.0326563,0.7912097,0.883981,1.0160898,0.80193555,0.8920806,1.0396569,0.7869341,0.8782875,1.0223341,0.79123265,0.87104106,1.040003,0.7822505,0.86980927,1.0106659,0.789792,0.8649927,1.0452785
2025-01-01 06:18:00,0.8367416,0.9271802,1.0984129,0.8203379,0.92779094,1.0173213,0.833581,0.9125284,1.0653965,0.7996012,0.89700353,1.0146279,0.81527704,0.89065427,1.032654,0.79119754,0.88394856,1.0160962,0.80193937,0.89207006,1.039669,0.786931,0.87826353,1.0223466,0.79122883,0.8710159,1.0400102,0.78223705,0.8697741,1.0106647,0.78977317,0.86495274,1.0452694
2025-01-01 06:19:00,0.8367392,0.9271633,1.0984097,0.8203246,0.9277632,1.0173109,0.8335612,0.91249603,1.0653833,0.79958344,0.89697385,1.0146182,0.8152605,0.8906253,1.0326519,0.7911883,0.8839236,1.0161027,0.8019445,0.8920639,1.0396812,0.78693116,0.8782469,1.0223591,0.7912278,0.87099767,1.0400175,0.78222686,0.86974615,1.0106635,0.78975695,0.8649192,1.0452603
2025-01-01 06:20:00,0.8367374,0.9271495,1.0984063,0.82031244,0.9277392,1.0173002,0.8335428,0.9124675,1.0653701,0.7995668,0.8969479,1.0146084,0.8152461,0.89060134,1.0326498,0.79118145,0.8839045,1.0161091,0.8019506,0.89206123,1.0396935,0.78693384,0.87823623,1.0223716,0.79122907,0.87098473,1.0400248,0.7822193,0.8697239,1.0106622,0.7897428,0.8648909,1.045251
2025-01-01 06:21:00,0.836736,0.92713815,1.098403,0.8203012,0.9277181,1.0172896,0.83352566,0.9124421,1.0653569,0.79955107,0.8969249,1.0145986,0.8152334,0.89058137,1.0326477,0.7911765,0.8838902,1.0161157,0.8019574,0.8920614,1.0397056,0.7869387,0.8782303,1.0223842,0.79123205,0.8709762,1.0400319,0.7822138,0.86970633,1.0106609,0.78973037,0.8648667,1.0452418
2025-01-01 06:22:00,0.8367351,0.92712873,1.0983994,0.8202906,0.9276994,1.017279,0.8335093,0.9124191,1.0653437,0.79953617,0.8969044,1.0145888,0.815222,0.89056456,1.0326457,0.791173,0.8838798,1.0161223,0.801965,0.89206386,1.0397179,0.78694516,0.87822807,1.0223966,0.7912366,0.8709711,1.0400391,0.78221,0.8696923,1.0106596,0.7897192,0.86484575,1.0452325
2025-01-01 06:23:00,0.83673453,0.9271209,1.098396,0.8202807,0.9276825,1.0172683,0.83349377,0.91239816,1.0653306,0.7995218,0.8968858,1.0145792,0.8152117,0.8905504,1.0326438,0.7911708,0.88387233,1.0161289,0.80197304,0.892068,1.0397302,0.786953,0.87822896,1.022409,0.79124224,0.87096876,1.0400461,0.7822075,0.86968124,1.0106581,0.7897092,0.86482745,1.0452232
2025-01-01 06:24:00,0.8367342,0.9271143,1.0983924,0.8202712,0.92766714,1.0172576,0.83347875,0.9123787,1.0653176,0.79950786,0.89686877,1.0145695,0.8152023,0.8905383,1.0326419,0.7911696,0.8838674,1.0161356,0.80198157,0.8920737,1.0397425,0.78696185,0.8782322,1.0224215,0.79124874,0.8709686,1.0400531,0.78220606,0.86967254,1.0106566,0.7896999,0.8648113,1.0452139
2025-01-01 06:25:00,0.836734,0.92710876,1.0983887,0.820262,0.92765296,1.0172468,0.8334642,0.9123606,1.0653045,0.7994944,0.89685297,1.01456,0.8151936,0.89052784,1.03264,0.7911691,0.8838644,1.0161424,0.80199045,0.89208055,1.0397547,0.78697157,0.87823737,1.0224339,0.791256,0.87097025,1.0400602,0.7822054,0.8696656,1.010655,0.7896913,0.8647967,1.0452045
2025-01-01 06:26:00,0.836734,0.9271039,1.098385,0.8202531,0.92763966,1.0172361,0.8334501,0.9123435,1.0652914,0.7994812,0.8968382,1.0145504,0.8151855,0.89051867,1.0326382,0.7911694,0.8838631,1.0161492,0.8019995,0.8920883,1.0397671,0.78698194,0.8782441,1.0224462,0.7912639,0.8709732,1.0400671,0.78220546,0.8696602,1.0106535,0.7896832,0.86478347,1.0451951
2025-01-01 06:27:00,0.83673406,0.9270997,1.0983813,0.8202444,0.92762715,1.0172253,0.83343625,0.9123272,1.0652784,0.7994682,0.8968241,1.0145409,0.81517786,0.8905107,1.0326365,0.7911702,0.883863,1.016156,0.80200887,0.8920968,1.0397794,0.7869929,0.8782521,1.0224586,0.79127216,0.8709773,1.040074,0.78220594,0.86965585,1.0106518,0.78967553,0.86477137,1.0451857
2025-01-01 06:28:00,0.8367342,0.92709595,1.0983775,0.8202358,0.9276152,1.0172144,0.8334226,0.9123115,1.0652653,0.7994555,0.89681077,1.0145315,0.8151705,0.8905035,1.0326349,0.79117143,0.8838639,1.0161629,0.80201846,0.89210594,1.0397918,0.7870043,0.878261,1.022471,0.7912808,0.8709823,1.0400808,0.7822069,0.8696525,1.0106502,0.78966814,0.86476,1.0451761
2025-01-01 06:29:00,0.83673435,0.9270926,1.0983737,0.8202273,0.9276037,1.0172036,0.83340913,0.91229635,1.0652522,0.799443,0.896798,1.0145221,0.8151636,0.8904971,1.0326332,0.791173,0.8838657,1.0161698,0.8020281,0.8921156,1.0398042,0.787016,0.87827075,1.0224832,0.7912897,0.87098795,1.0400876,0.78220814,0.8696498,1.0106484,0.78966105,0.8647493,1.0451666
2025-01-01 06:30:00,0.83651125,0.92595315,1.0981264,0.8198348,0.92620504,1.0170594,0.83289737,0.9109149,1.0640056,0.7991407,0.89551485,1.0143657,0.8144929,0.88873595,1.0323062,0.7904552,0.88179,1.0160345,0.8018005,0.8909505,1.0394607,0.786226,0.87622756,1.0223706,0.7905929,0.8691322,1.0397666,0.7814067,0.86769116,1.0105281,0.7890275,0.86300486,1.044758
2025-01-01 06:31:00,0.8363328,0.9250412,1.0979643,0.8195193,0.92508423,1.016962,0.8324854,0.909807,1.0631906,0.7988965,0.89448625,1.0142609,0.8139551,0.8873263,1.0320933,0.7898817,0.88013047,1.015949,0.80162054,0.8900207,1.0392417,0.7855965,0.8745955,1.0223016,0.79003745,0.8676494,1.0395602,0.78076607,0.8661243,1.0104493,0.78851944,0.8616077,1.0444889
2025-01-01 06:32:00,0.8361901,0.9243112,1.0978575,0.8192651,0.9241855,1.0168948,0.83215326,0.9089182,1.0626564,0.7986988,0.89366114,1.0141894,0.8135239,0.8861979,1.0319544,0.78942347,0.87880397,1.0158961,0.80147856,0.8892793,1.0391039,0.78509563,0.8732925,1.022261,0.789595,0.86646473,1.0394284,0.780254,0.8648707,1.0103972,0.7881116,0.8604883,1.0443106
2025-01-01 06:33:00,0.8360759,0.9237268,1.0977865,0.8190602,0.9234647,1.0168473,0.831885,0.9082045,1.0623046,0.7985382,0.89299905,1.0141399,0.81317776,0.88529456,1.0318636,0.78905755,0.8777438,1.015864,0.8013671,0.88868845,1.0390185,0.7846975,0.87225264,1.0222389,0.789243,0.8655186,1.0393449,0.7798448,0.86386794,1.0103627,0.7877842,0.8595911,1.0441914
2025-01-01 06:34:00,0.8359846,0.92325884,1.097739,0.8188946,0.922886,1.0168126,0.8316678,0.90763086,1.0620713,0.7984075,0.8924672,1.0141044,0.8128998,0.8845712,1.0318042,0.7887655,0.8768967,1.0158459,0.80128014,0.8882182,1.0389675,0.7843816,0.8714233,1.0222288,0.78896344,0.86476344,1.0392929,0.7795179,0.86306566,1.0103395,0.7875209,0.85887176,1.0441103
2025-01-01 06:35:00,0.8359115,0.922884,1.0977066,0.81876045,0.9224211,1.0167861,0.8314915,0.90716934,1.0619152,0.7983005,0.8920396,1.0140781,0.8126764,0.8839919,1.0317652,0.7885325,0.87622017,1.0158366,0.8012126,0.8878443,1.0389385,0.7841316,0.8707624,1.0222266,0.7887417,0.86416084,1.0392613,0.77925676,0.86242384,1.0103238,0.787309,0.85829455,1.0440542
2025-01-01 06:36:00,0.8358531,0.92258364,1.0976839,0.8186515,0.92204726,1.016765,0.8313479,0.9067976,1.0618091,0.79821265,0.89169544,1.0140579,0.81249666,0.8835278,1.0317394,0.7883468,0.87568,1.0158331,0.8011607,0.8875475,1.0389242,0.7839342,0.8702362,1.0222293,0.7885663,0.8636804,1.039243,0.77904826,0.86191034,1.0103127,0.7871381,0.8578312,1.0440143
2025-01-01 06:37:00,0.83580625,0.92234296,1.0976677,0.8185627,0.92174613,1.0167472,0.8312304,0.9064975,1.0617356,0.79814,0.89141804,1.0140415,0.81235176,0.88315594,1.0317223,0.78819895,0.875249,1.0158335,0.80112135,0.8873125,1.0389194,0.7837788,0.86981785,1.0222354,0.7884279,0.86329776,1.0392333,0.77888185,0.8614994,1.0103046,0.7870001,0.8574587,1.0439849
2025-01-01 06:38:00,0.8357688,0.9221499,1.0976557,0.8184899,0.9215032,1.0167319,0.83113384,0.90625477,1.0616833,0.79807955,0.89119405,1.0140278,0.81223476,0.8828578,1.0317109,0.78808135,0.87490535,1.0158364,0.80109197,0.88712674,1.0389206,0.78365713,0.86948574,1.0222435,0.7883191,0.8629932,1.0392292,0.7787491,0.8611707,1.0102986,0.78688836,0.8571591,1.0439622
2025-01-01 06:39:00,0.8357387,0.9219949,1.0976462,0.81843,0.9213069,1.0167179,0.831054,0.906058,1.0616448,0.79802895,0.8910128,1.0140157,0.8121402,0.8826187,1.0317031,0.787988,0.8746316,1.0158408,0.80107063,0.88698065,1.0389258,0.7835625,0.8692225,1.0222529,0.788234,0.8627511,1.0392287,0.77864325,0.8609077,1.0102937,0.78679764,0.8569177,1.0439441
2025-01-01 06:40:00,0.83571464,0.92187047,1.0976385,0.8183804,0.9211479,1.0167049,0.8309876,0.90589803,1.0616152,0.7979861,0.89086574,1.0140048,0.8120635,0.8824268,1.0316978,0.7879141,0.87441367,1.0158464,0.8010557,0.8868661,1.0389336,0.7834893,0.86901456,1.0222634,0.7881678,0.8625591,1.0392306,0.778559,0.86069715,1.0102898,0.78672373,0.8567229,1.0439287
2025-01-01 06:41:00,0.83569527,0.9217704,1.0976318,0.81833905,0.9210186,1.0166924,0.8309319,0.9057674,1.0615914,0.7979495,0.89074594,1.0139946,0.81200117,0.8822727,1.0316939,0.7878556,0.8742405,1.0158526,0.80104595,0.8867768,1.038943,0.78343344,0.8688507,1.0222744,0.7881167,0.86240697,1.0392338,0.7784919,0.8605287,1.0102863,0.7866633,0.85656524,1.0439153
2025-01-01 06:42:00,0.8356797,0.92168975,1.0976259,0.81830424,0.9209131,1.0166805,0.83088475,0.9056602,1.0615714,0.7979179,0.8906481,1.0139848,0.81195027,0.8821489,1.0316913,0.78780967,0.8741032,1.0158592,0.80104035,0.8867078,1.0389537,0.7833913,0.86872214,1.0222857,0.78807783,0.8622869,1.0392382,0.77843857,0.86039376,1.0102831,0.7866135,0.85643744,1.043903
2025-01-01 06:43:00,0.83566713,0.9216248,1.0976204,0.8182746,0.9208268,1.0166687,0.83084446,0.9055719,1.0615538,0.7978904,0.89056784,1.0139754,0.81190866,0.88204926,1.0316893,0.7877736,0.87399447,1.0158664,0.801038,0.886655,1.038965,0.7833602,0.8686218,1.0222973,0.78804857,0.8621924,1.0392431,0.77839625,0.8602857,1.0102801,0.78657234,0.8563335,1.0438913
2025-01-01 06:44:00,0.835657,0.9215722,1.0976151,0.8182492,0.9207556,1.016657,0.83080965,0.9054986,1.061538,0.79786605,0.89050156,1.0139662,0.81187433,0.88196903,1.0316877,0.7877456,0.8739087,1.0158737,0.80103827,0.8866151,1.0389768,0.78333795,0.86854416,1.0223091,0.788027,0.8621183,1.0392483,0.7783627,0.8601991,1.0102773,0.78653795,0.85624856,1.0438803
2025-01-01 06:45:00,0.8356488,0.9215296,1.09761,0.8182272,0.9206966,1.0166454,0.8307792,0.9054373,1.0615231,0.79784435,0.8904465,1.0139573,0.8118459,0.8819043,1.0316865,0.78772396,0.8738413,1.0158812,0.8010407,0.8865856,1.0389888,0.78332275,0.86848456,1.0223209,0.78801167,0.8620606,1.0392538,0.77833617,0.8601297,1.0102744,0.7865091,0.8561789,1.0438695
2025-01-01 06:46:00,0.83564204,0.92149496,1.097605,0.81820774,0.92064744,1.0166339,0.8307522,0.90538573,1.0615089,0.79782474,0.8904004,1.0139483,0.81182224,0.881852,1.0316855,0.78770745,0.87378854,1.0158887,0.8010449,0.8865644,1.0390011,0.7833132,0.8684393,1.0223327,0.7880013,0.86201596,1.0392594,0.7783152,0.86007404,1.0102715,0.7864846,0.85612136,1.043859
2025-01-01 06:47:00,0.8356365,0.9214666,1.0976001,0.81819046,0.92060596,1.0166223,0.8307281,0.9053418,1.0614951,0.7978067,0.89036155,1.0139395,0.8118024,0.8818096,1.0316848,0.78769505,0.8737476,1.0158964,0.80105036,0.88654983,1.0390136,0.78330827,0.86840576,1.0223445,0.7879948,0.8619818,1.039265,0.77829874,0.8600294,1.0102686,0.7864636,0.85607356,1.0438485
2025-01-01 06:48:00,0.8356319,0.92144334,1.0975951,0.8181749,0.92057073,1.016611,0.8307062,0.905304,1.0614817,0.79779005,0.89032847,1.0139309,0.8117855,0.88177526,1.031684,0.78768593,0.873716,1.0159042,0.801057,0.8865406,1.0390261,0.78330684,0.8683814,1.0223564,0.78799146,0.86195594,1.0392708,0.77828586,0.85999346,1.0102658,0.7864453,0.85603356,1.043838
2025-01-01 06:49:00,0.8356281,0.92142415,1.09759,0.81816065,0.92054045,1.0165994,0.83068603,0.90527123,1.0614685,0.79777443,0.8902999,1.0139223,0.8117711,0.88174725,1.0316834,0.7876795,0.87369204,1.0159122,0.80106443,0.88653564,1.0390388,0.7833083,0.86836445,1.0223683,0.7879907,0.86193675,1.0392765,0.7782758,0.8599645,1.0102628,0.7864293,0.85599977,1.0438277
2025-01-01 06:50:00,0.8356249,0.9214082,1.097585,0.8181475,0.92051417,1.016588,0.8306674,0.9052423,1.0614554,0.7977597,0.8902752,1.0139138,0.8117587,0.88172436,1.0316831,0.7876752,0.8736741,1.01592,0.8010726,0.88653404,1.0390514,0.78331214,0.86835337,1.0223802,0.7879918,0.86192286,1.0392822,0.77826804,0.8599412,1.01026,0.78641504,0.8559709,1.0438173
2025-01-01 06:51:00,0.8356221,0.92139477,1.09758,0.81813514,0.92049104,1.0165764,0.83064985,0.9052166,1.0614423,0.7977457,0.89025337,1.0139053,0.8117478,0.8817056,1.0316827,0.7876725,0.873661,1.015928,0.8010814,0.8865352,1.0390642,0.78331774,0.868347,1.022392,0.7879946,0.8619133,1.0392879,0.7782621,0.8599223,1.0102569,0.7864021,0.855946,1.0438068
2025-01-01 06:52:00,0.8356196,0.9213834,1.0975748,0.81812346,0.9204704,1.0165648,0.83063316,0.9051934,1.0614293,0.79773223,0.89023393,1.0138967,0.8117383,0.8816901,1.0316824,0.7876713,0.87365174,1.015936,0.80109066,0.88653857,1.0390769,0.78332484,0.8683444,1.0224038,0.7879987,0.86190706,1.0392935,0.7782575,0.859907,1.0102539,0.78639036,0.8559243,1.0437964
2025-01-01 06:53:00,0.8356175,0.9213736,1.0975697,0.8181123,0.9204519,1.0165533,0.8306173,0.9051723,1.0614165,0.7977192,0.8902164,1.0138884,0.8117298,0.88167727,1.0316821,0.78767127,0.87364566,1.0159441,0.80110025,0.88654375,1.0390896,0.7833331,0.86834484,1.0224156,0.78800374,0.86190355,1.0392991,0.77825403,0.85989445,1.0102507,0.78637946,0.8559051,1.043786
2025-01-01 06:54:00,0.8356155,0.92136514,1.0975646,0.8181016,0.92043495,1.0165417,0.83060193,0.9051527,1.0614035,0.7977066,0.89020044,1.01388,0.81172204,0.88166654,1.031682,0.78767204,0.8736421,1.0159521,0.8011102,0.8865503,1.0391024,0.7833423,0.8683477,1.0224274,0.7880096,0.86190224,1.0393046,0.77825147,0.85988426,1.0102476,0.78636926,0.85588795,1.0437756
2025-01-01 06:55:00,0.8356137,0.92135775,1.0975592,0.8180912,0.9204192,1.01653,0.830587,0.90513444,1.0613908,0.79769427,0.8901857,1.0138717,0.81171507,0.8816576,1.0316819,0.7876736,0.87364054,1.0159603,0.80112046,0.88655794,1.0391152,0.7833523,0.86835253,1.0224391,0.788016,0.8619026,1.0393101,0.7782496,0.85987586,1.0102444,0.7863596,0.8558724,1.0437651
2025-01-01 06:56:00,0.83561206,0.9213511,1.097554,0.818081,0.92040455,1.0165184,0.83057255,0.90511715,1.0613779,0.79768217,0.890172,1.0138633,0.8117086,0.88165003,1.0316818,0.7876757,0.8736406,1.0159686,0.8011309,0.8865666,1.0391281,0.78336287,0.86835885,1.0224509,0.788023,0.8619044,1.0393155,0.7782483,0.8598688,1.010241,0.7863503,0.8558581,1.0437545
2025-01-01 06:57:00,0.8356105,0.92134506,1.0975486,0.818071,0.9203907,1.0165067,0.83055836,0.90510076,1.0613651,0.7976703,0.8901591,1.0138551,0.8117026,0.8816436,1.0316818,0.7876783,0.87364197,1.0159768,0.80114144,0.8865758,1.0391408,0.7833739,0.8683664,1.0224626,0.7880303,0.8619071,1.0393208,0.7782475,0.8598629,1.0102377,0.7863415,0.8558448,1.043744
2025-01-01 06:58:00,0.83560896,0.9213396,1.0975432,0.81806123,0.9203775,1.016495,0.8305444,0.9050851,1.0613523,0.79765856,0.8901468,1.0138469,0.81169707,0.881638,1.0316819,0.78768134,0.87364435,1.015985,0.8011521,0.8865858,1.0391537,0.7833854,0.868375,1.0224743,0.78803796,0.8619108,1.0393262,0.77824694,0.8598579,1.0102344,0.78633285,0.85583234,1.0437334
2025-01-01 06:59:00,0.8356074,0.92133445,1.0975378,0.8180515,0.9203648,1.0164832,0.8305306,0.90506977,1.0613395,0.797647,0.89013505,1.0138388,0.81169176,0.88163316,1.031682,0.7876847,0.87364763,1.0159934,0.801163,0.8865962,1.0391666,0.7833971,0.8683843,1.0224859,0.7880459,0.8619152,1.0393314,0.77824664,0.8598536,1.0102309,0.78632444,0.8558204,1.0437227
2025-01-01 07:00:00,0.8354119,0.92017233,1.0967555,0.8176914,0.9188939,1.0162363,0.83002967,0.90368897,1.0595592,0.7974503,0.8888883,1.0135856,0.81107116,0.87985575,1.031098,0.7870578,0.8715698,1.0157613,0.80103517,0.8854801,1.0385436,0.7827172,0.8663749,1.0222718,0.78745186,0.8601221,1.0387619,0.77758425,0.85798,1.0100191,0.78581625,0.85417914,1.0430381
2025-01-01 07:01:00,0.83525515,0.91924185,1.096245,0.8174014,0.91771495,1.0160717,0.8296263,0.90258175,1.0583975,0.7972908,0.8878889,1.0134182,0.8105739,0.8784335,1.0307186,0.7865573,0.8699089,1.0156134,0.80093515,0.8845897,1.0381433,0.78217596,0.86476994,1.0221366,0.7869784,0.85868895,1.0383933,0.7770545,0.8564809,1.0098801,0.78540814,0.85286415,1.0425895
2025-01-01 07:02:00,0.83512944,0.9184967,1.0959113,0.81716764,0.9167697,1.0159606,0.829301,0.9016933,1.0576378,0.797161,0.8870876,1.0133066,0.8101753,0.8772953,1.030472,0.78615785,0.86858153,1.0155203,0.8008575,0.88387984,1.0378876,0.7817455,0.8634884,1.0220528,0.7866015,0.8575439,1.0381556,0.7766308,0.85528123,1.0097885,0.7850801,0.85181034,1.042294
2025-01-01 07:03:00,0.8350286,0.91789985,1.0956923,0.81697863,0.9160113,1.015884,0.8290381,0.90097994,1.0571398,0.797055,0.88644457,1.0132313,0.80985564,0.87638444,1.0303121,0.7858392,0.867521,1.0154628,0.8007976,0.88331443,1.0377258,0.7814037,0.86246556,1.0220023,0.78630155,0.8566292,1.0380028,0.7762919,0.8543212,1.0097276,0.7848161,0.8509653,1.0420982
2025-01-01 07:04:00,0.8349475,0.9174216,1.0955479,0.8168255,0.91540235,1.0158303,0.82882524,0.9004066,1.0568115,0.79696804,0.8859283,1.0131795,0.80959916,0.8756555,1.0302081,0.78558534,0.86667395,1.0154284,0.800752,0.8828646,1.0376252,0.78113294,0.8616499,1.0219735,0.7860634,0.85589874,1.0379051,0.7760209,0.85355276,1.0096867,0.7846033,0.85028744,1.0419672
2025-01-01 07:05:00,0.8348824,0.9170382,1.0954521,0.8167012,0.9149131,1.015791,0.8286522,0.8999454,1.0565937,0.7968963,0.88551337,1.0131433,0.8093933,0.87507194,1.0301409,0.7853832,0.86599773,1.0154091,0.8007178,0.8825072,1.0375644,0.78091884,0.8609997,1.0219587,0.78587455,0.85531574,1.0378433,0.7758042,0.85293764,1.0096587,0.7844315,0.8497432,1.041878
2025-01-01 07:06:00,0.83482987,0.9167307,1.0953877,0.8165997,0.9145195,1.0157614,0.8285113,0.8995738,1.0564477,0.79683673,0.8851796,1.013117,0.8092278,0.8746048,1.0300972,0.7852226,0.8654582,1.0153996,0.80069274,0.8822238,1.0375293,0.78075016,0.8604821,1.0219532,0.78572524,0.8548507,1.0378048,0.7756309,0.8524452,1.0096391,0.78429246,0.8493059,1.0418164
2025-01-01 07:07:00,0.8347874,0.9164839,1.0953437,0.8165167,0.9142024,1.0157379,0.8283959,0.89927393,1.0563483,0.79678696,0.88491076,1.0130972,0.8090947,0.8742308,1.0300692,0.7850951,0.8650279,1.0153965,0.80067503,0.8819995,1.0375111,0.7806177,0.8600704,1.0219536,0.7856074,0.85447997,1.0377816,0.77549225,0.8520509,1.0096251,0.78417957,0.84895414,1.0417725
2025-01-01 07:08:00,0.83475316,0.9162856,1.095313,0.81644833,0.91394657,1.0157185,0.82830095,0.89903134,1.0562794,0.796745,0.8846938,1.0130817,0.8089875,0.87393135,1.0300512,0.7849941,0.8646851,1.0153975,0.80066323,0.8818226,1.0375038,0.78051436,0.85974354,1.0219578,0.7855149,0.85418475,1.037768,0.77538145,0.851735,1.0096145,0.78408766,0.8486708,1.0417401
2025-01-01 07:09:00,0.8347254,0.9161262,1.0952909,0.8163917,0.9137396,1.0157015,0.8282224,0.89883476,1.0562302,0.79670924,0.8845183,1.0130688,0.8089011,0.87369156,1.0300399,0.7849144,0.86441237,1.0154014,0.8006561,0.8816835,1.0375035,0.7804343,0.8594845,1.0219646,0.7854425,0.85394984,1.0377609,0.7752928,0.85148185,1.0096062,0.78401256,0.84844214,1.0417151
2025-01-01 07:10:00,0.8347027,0.9159978,1.0952744,0.81634444,0.9135719,1.0156864,0.82815695,0.89867485,1.0561937,0.7966786,0.88437617,1.0130578,0.8088312,0.87349945,1.0300328,0.7848517,0.8641956,1.0154068,0.8006526,0.8815748,1.0375079,0.7803728,0.8592797,1.0219728,0.7853862,0.8537632,1.0377578,0.7752219,0.8512789,1.0095994,0.78395087,0.8482573,1.0416951
2025-01-01 07:11:00,0.83468413,0.9158942,1.0952616,0.8163047,0.91343546,1.0156724,0.82810193,0.8985443,1.0561656,0.7966519,0.8842606,1.013048,0.80877465,0.8733455,1.0300285,0.7848025,0.86402357,1.0154135,0.8006523,0.88149035,1.0375153,0.7803261,0.8591182,1.0219821,0.7853429,0.8536152,1.0377574,0.7751652,0.8511162,1.0095935,0.7838998,0.84810746,1.0416782
2025-01-01 07:12:00,0.8346689,0.9158105,1.0952511,0.8162709,0.91332406,1.015659,0.8280553,0.89843726,1.0561429,0.7966284,0.88416636,1.0130391,0.80872875,0.8732221,1.030026,0.7847643,0.8638875,1.0154212,0.80065435,0.88142526,1.0375247,0.7802914,0.85899156,1.0219921,0.78530985,0.85349804,1.0377587,0.7751198,0.8509855,1.0095881,0.78385735,0.84798557,1.0416633
2025-01-01 07:13:00,0.83465624,0.9157427,1.095242,0.8162419,0.91323274,1.0156461,0.8280154,0.898349,1.0561237,0.79660755,0.8840891,1.0130308,0.8086914,0.87312317,1.0300246,0.78473485,0.86378,1.0154293,0.80065835,0.8813757,1.0375353,0.7802661,0.8588926,1.0220026,0.7852851,0.85340565,1.0377611,0.7750835,0.85088056,1.0095831,0.78382164,0.8478861,1.0416497
2025-01-01 07:14:00,0.8346457,0.9156875,1.0952339,0.81621677,0.91315746,1.0156335,0.8279809,0.89827585,1.0561069,0.7965888,0.8840255,1.0130227,0.8086608,0.87304384,1.0300243,0.7847123,0.8636956,1.0154376,0.8006638,0.8813386,1.0375466,0.7802485,0.8588159,1.0220132,0.7852669,0.853333,1.0377642,0.77505445,0.8507961,1.0095783,0.7837915,0.84780455,1.041637
2025-01-01 07:15:00,0.83463675,0.9156425,1.0952264,0.81619465,0.913095,1.015621,0.8279506,0.89821476,1.0560915,0.7965716,0.8839728,1.0130149,0.8086357,0.8729802,1.0300243,0.7846954,0.8636296,1.0154463,0.8006706,0.88131136,1.0375587,0.78023696,0.858757,1.022024,0.78525394,0.8532761,1.0377678,0.7750312,0.8507281,1.0095737,0.7837657,0.8477373,1.0416247
2025-01-01 07:16:00,0.8346291,0.9156056,1.0952193,0.816175,0.9130427,1.0156085,0.8279238,0.8981632,1.0560772,0.7965558,0.88392895,1.0130073,0.808615,0.8729291,1.0300248,0.78468305,0.8635782,1.0154551,0.8006784,0.88129216,1.0375712,0.7802303,0.8587122,1.0220349,0.78524524,0.8532318,1.0377715,0.7750125,0.85067314,1.009569,0.7837434,0.84768146,1.0416127
2025-01-01 07:17:00,0.83462256,0.91557515,1.0952125,0.8161573,0.9129987,1.0155963,0.82789975,0.8981194,1.0560635,0.7965411,0.88389206,1.0129998,0.80859786,0.872888,1.0300256,0.78467417,0.8635386,1.0154641,0.80068696,0.8812793,1.0375838,0.7802275,0.8586788,1.0220459,0.7852398,0.85319763,1.0377754,0.7749975,0.85062873,1.0095645,0.78372383,0.8476348,1.0416013
2025-01-01 07:18:00,0.83461684,0.9155499,1.0952057,0.81614107,0.9129612,1.015584,0.8278778,0.89808184,1.0560503,0.79652727,0.8838607,1.0129924,0.80858356,0.87285495,1.0300266,0.7846683,0.8635085,1.0154731,0.8006962,0.88127154,1.0375966,0.78022784,0.85865456,1.0220569,0.7852371,0.85317147,1.0377795,0.77498543,0.8505927,1.0095599,0.7837064,0.8475955,1.0415897
2025-01-01 07:19:00,0.8346117,0.9155287,1.0951989,0.8161261,0.91292894,1.0155717,0.8278577,0.89804906,1.0560373,0.7965141,0.88383394,1.0129851,0.80857146,0.8728284,1.0300276,0.7846647,0.86348593,1.0154822,0.80070597,0.88126785,1.0376093,0.7802306,0.85863745,1.022068,0.78523654,0.8531518,1.0377835,0.7749757,0.8505633,1.0095553,0.7836908,0.84756196,1.0415783
2025-01-01 07:20:00,0.83460706,0.9155109,1.0951922,0.81611216,0.9129009,1.0155594,0.82783896,0.8980203,1.0560244,0.7965015,0.88381076,1.0129778,0.80856127,0.872807,1.0300288,0.784663,0.86346936,1.0154914,0.8007161,0.8812674,1.0376222,0.78023535,0.85862625,1.022079,0.7852376,0.85313725,1.0377876,0.77496785,0.8505392,1.0095507,0.7836766,0.84753317,1.0415668
2025-01-01 07:21:00,0.8346029,0.91549563,1.0951855,0.8160989,0.9128761,1.0155472,0.8278214,0.8979947,1.0560118,0.7964894,0.88379043,1.0129707,0.80855256,0.8727898,1.0300301,0.7846628,0.8634577,1.0155007,0.80072665,0.88126963,1.0376351,0.7802417,0.8586197,1.0220901,0.7852401,0.8531267,1.0377915,0.7749614,0.8505194,1.009546,0.7836635,0.8475081,1.0415554
2025-01-01 07:22:00,0.83459896,0.9154824,1.095179,0.81608635,0.9128541,1.015535,0.8278046,0.89797163,1.0559992,0.7964777,0.88377243,1.0129637,0.808545,0.87277585,1.0300316,0.78466386,0.86344993,1.01551,0.80073756,0.8812739,1.0376482,0.78024936,0.85861677,1.022101,0.78524363,0.85311955,1.0377955,0.77495617,0.850503,1.0095414,0.7836513,0.84748596,1.0415441
2025-01-01 07:23:00,0.83459526,0.9154709,1.0951723,0.8160742,0.91283405,1.0155226,0.8277887,0.89795065,1.0559866,0.79646623,0.8837563,1.0129566,0.80853844,0.87276465,1.030033,0.7846659,0.8634453,1.0155193,0.8007486,0.8812799,1.0376612,0.780258,0.8586169,1.022112,0.7852479,0.85311496,1.0377996,0.7749518,0.8504894,1.0095366,0.7836398,0.8474662,1.0415326
2025-01-01 07:24:00,0.8345918,0.9154607,1.0951655,0.8160624,0.9128158,1.0155103,0.8277733,0.8979313,1.0559742,0.7964551,0.8837417,1.0129496,0.8085326,0.8727555,1.0300345,0.7846687,0.86344314,1.0155287,0.8007598,0.8812872,1.0376743,0.7802674,0.85861933,1.0221229,0.7852529,0.8531124,1.0378035,0.7749482,0.8504779,1.0095319,0.78362876,0.84744835,1.0415213
2025-01-01 07:25:00,0.83458847,0.9154516,1.0951587,0.816051,0.91279894,1.015498,0.8277583,0.89791316,1.0559618,0.7964441,0.8837283,1.0129427,0.80852747,0.87274826,1.0300361,0.78467214,0.863443,1.0155381,0.8007712,0.8812957,1.0376873,0.78027743,0.8586236,1.0221337,0.78525853,0.85311157,1.0378073,0.7749452,0.85046804,1.009527,0.7836182,0.847432,1.0415099
2025-01-01 07:26:00,0.83458513,0.9154432,1.0951519,0.81603974,0.9127831,1.0154856,0.8277437,0.8978961,1.0559494,0.7964333,0.88371587,1.0129358,0.8085228,0.8727423,1.0300378,0.78467613,0.8634445,1.0155475,0.80078274,0.8813049,1.0377004,0.7802881,0.85862947,1.0221447,0.7852645,0.85311204,1.0378112,0.7749426,0.8504596,1.0095221,0.7836081,0.8474169,1.0414984
2025-01-01 07:27:00,0.8345819,0.9154355,1.095145,0.8160287,0.9127681,1.0154734,0.8277294,0.8978799,1.0559372,0.7964228,0.88370425,1.012929,0.8085186,0.87273747,1.0300394,0.78468055,0.86344725,1.015557,0.8007943,0.8813149,1.0377134,0.78029907,0.8586365,1.0221554,0.7852708,0.8531135,1.037815,0.7749403,0.85045224,1.0095171,0.7835981,0.8474027,1.0414869
2025-01-01 07:28:00,0.83457875,0.91542834,1.0951381,0.8160178,0.9127539,1.015461,0.82771534,0.89786434,1.0559248,0.7964123,0.8836933,1.0129222,0.8085148,0.8727336,1.0300412,0.7846853,0.86345106,1.0155666,0.8008061,0.8813254,1.0377265,0.7803104,0.8586444,1.0221663,0.7852773,0.8531158,1.0378187,0.77493834,0.8504457,1.0095121,0.7835884,0.8473892,1.0414754
2025-01-01 07:29:00,0.8345756,0.91542155,1.0951312,0.81600696,0.91274005,1.0154486,0.82770145,0.8978493,1.0559125,0.79640186,0.8836828,1.0129154,0.8085112,0.87273043,1.030043,0.78469044,0.86345583,1.0155761,0.80081785,0.8813364,1.0377396,0.78032196,0.85865325,1.022177,0.785284,0.8531187,1.0378222,0.7749366,0.8504398,1.009507,0.7835788,0.8473764,1.0414639
2025-01-01 07:30:00,0.83441097,0.9142573,1.0938278,0.81568575,0.9112229,1.0151031,0.8272201,0.8964937,1.0536299,0.79631436,0.88249445,1.0125698,0.8079517,0.8709682,1.0292126,0.7841656,0.86141276,1.0152513,0.80079216,0.8802891,1.0368484,0.77976435,0.8567134,1.0218652,0.7848035,0.8514201,1.0370142,0.77442497,0.8486847,1.0092072,0.78320515,0.8458673,1.0405153
2025-01-01 07:31:00,0.83427864,0.9133249,1.0929781,0.81542665,0.9100068,1.0148743,0.82683235,0.8954066,1.0521419,0.7962424,0.8815421,1.0123428,0.80750364,0.86955845,1.0286735,0.783747,0.85977995,1.0150435,0.80077404,0.8794538,1.0362737,0.7793208,0.8551639,1.0216664,0.78442055,0.85006225,1.0364902,0.7740154,0.84727997,1.0090107,0.78290445,0.84465796,1.0398948
2025-01-01 07:32:00,0.8341721,0.9125778,1.0924233,0.81521726,0.9090316,1.0147213,0.8265196,0.89453447,1.0511705,0.7961829,0.8807785,1.0121931,0.80714476,0.8684306,1.0283239,0.7834134,0.8584754,1.0149119,0.800762,0.87878805,1.0359048,0.77896845,0.85392666,1.0215408,0.7841157,0.8489771,1.0361508,0.77368766,0.8461555,1.008881,0.78266203,0.84368837,1.0394875
2025-01-01 07:33:00,0.8340863,0.91197914,1.0920601,0.8150476,0.90824914,1.0146173,0.82626677,0.8938341,1.0505347,0.7961333,0.88016605,1.0120934,0.8068572,0.8675284,1.0280974,0.7831478,0.8574334,1.0148298,0.8007548,0.8782581,1.0356696,0.7786891,0.8529391,1.0214628,0.7838732,0.84811,1.0359312,0.7734251,0.84525526,1.0087948,0.7824663,0.8429105,1.0392185
2025-01-01 07:34:00,0.834017,0.9114991,1.0918214,0.8149098,0.9076208,1.0145454,0.82606184,0.89327127,1.0501173,0.7960916,0.87967443,1.0120263,0.8066268,0.8668066,1.027951,0.78293663,0.85660136,1.0147797,0.8007515,0.87783664,1.0355213,0.778468,0.85215145,1.0214158,0.7836807,0.84741735,1.0357898,0.7732149,0.84453434,1.008737,0.7823078,0.84228617,1.0390396
2025-01-01 07:35:00,0.8339608,0.9111139,1.0916637,0.81479746,0.90711576,1.0144943,0.8258953,0.89281845,1.0498416,0.7960564,0.87927955,1.0119805,0.80644196,0.86622924,1.0278566,0.782769,0.8559375,1.0147507,0.8007512,0.8775021,1.0354294,0.7782937,0.8515237,1.021389,0.78352815,0.84686434,1.0356989,0.77304643,0.84395695,1.0086973,0.7821792,0.8417846,1.0389192
2025-01-01 07:36:00,0.8339151,0.9108047,1.0915587,0.8147055,0.9067094,1.0144566,0.8257595,0.8924537,1.0496583,0.7960263,0.87896204,1.0119486,0.8062938,0.86576736,1.0277959,0.7826362,0.8554081,1.0147353,0.80075353,0.8772371,1.0353744,0.77815676,0.8510238,1.0213752,0.7834075,0.846423,1.0356411,0.77291137,0.8434943,1.0086697,0.78207445,0.8413811,1.0388367
2025-01-01 07:37:00,0.8338779,0.9105562,1.0914878,0.81462973,0.9063819,1.0144278,0.8256482,0.8921593,1.0495349,0.7960003,0.87870646,1.0119257,0.8061748,0.86539793,1.0277574,0.7825313,0.85498625,1.0147288,0.80075777,0.8770276,1.035343,0.7780497,0.8506261,1.0213698,0.7833124,0.8460709,1.0356045,0.77280307,0.84312344,1.0086498,0.78198874,0.84105617,1.0387791
2025-01-01 07:38:00,0.8338474,0.9103562,1.0914391,0.81456697,0.9061175,1.0144047,0.8255565,0.8919213,1.0494504,0.7959775,0.8785003,1.0119085,0.8060792,0.86510247,1.0277332,0.78244877,0.8546505,1.0147282,0.80076367,0.8768625,1.0353273,0.77796656,0.8503104,1.02137,0.7832377,0.84579027,1.0355817,0.7727161,0.842826,1.0086348,0.78191835,0.8407941,1.0387375
2025-01-01 07:39:00,0.83382225,0.9101951,1.0914049,0.81451464,0.9059037,1.0143851,0.8254806,0.8917282,1.0493913,0.7959574,0.8783338,1.0118953,0.80600244,0.8648662,1.0277183,0.78238404,0.8543835,1.0147312,0.8007708,0.8767331,1.0353217,0.7779025,0.85006,1.0213737,0.7831794,0.8455667,1.035568,0.7726462,0.84258735,1.0086231,0.78186023,0.8405822,1.0387063
2025-01-01 07:40:00,0.83380145,0.9100651,1.0913799,0.8144706,0.90573025,1.014368,0.8254172,0.8915713,1.0493486,0.7959393,0.87819904,1.0118846,0.8059407,0.86467725,1.0277095,0.7823337,0.85417175,1.0147367,0.80077904,0.8766321,1.0353227,0.7778537,0.84986204,1.0213798,0.7831341,0.8453889,1.0355601,0.77259,0.84239566,1.0086136,0.7818118,0.8404106,1.0386819
2025-01-01 07:41:00,0.83378404,0.9099599,1.091361,0.8144332,0.9055891,1.0143527,0.82536393,0.8914432,1.0493166,0.795923,0.87808967,1.0118754,0.80589086,0.8645262,1.0277047,0.7822947,0.854004,1.0147438,0.80078804,0.8765539,1.0353278,0.7778172,0.84970593,1.0213873,0.7830993,0.84524757,1.0355561,0.7725447,0.8422415,1.0086052,0.7817711,0.8402711,1.0386617
2025-01-01 07:42:00,0.8337693,0.9098746,1.091346,0.8144011,0.90547377,1.0143381,0.82531863,0.89133817,1.0492917,0.7959081,0.8780007,1.0118674,0.8058507,0.86440545,1.0277026,0.78226495,0.8538715,1.014752,0.80079776,0.876494,1.0353358,0.7777904,0.8495833,1.0213958,0.78307277,0.8451355,1.0355543,0.7725081,0.8421175,1.0085979,0.7817366,0.84015733,1.0386447
2025-01-01 07:43:00,0.8337568,0.9098051,1.0913336,0.8143732,0.9053791,1.0143243,0.82527983,0.8912517,1.0492713,0.79589427,0.8779279,1.0118601,0.80581826,0.864309,1.0277021,0.7822425,0.85376734,1.014761,0.80080795,0.8764486,1.0353456,0.7777715,0.8494876,1.021405,0.7830529,0.8450468,1.0355543,0.77247846,0.8420174,1.0085909,0.7817072,0.84006417,1.0386293
2025-01-01 07:44:00,0.833746,0.90974844,1.0913228,0.81434876,0.905301,1.0143108,0.8252462,0.8911799,1.049254,0.79588133,0.87786806,1.0118533,0.805792,0.864232,1.0277028,0.7822259,0.85368574,1.0147702,0.8008186,0.87641484,1.0353565,0.7777588,0.8494132,1.0214143,0.7830384,0.8449768,1.0355551,0.7724544,0.8419365,1.0085844,0.7816818,0.8399874,1.0386151
2025-01-01 07:45:00,0.8337366,0.9097018,1.0913131,0.814327,0.9052361,1.0142976,0.82521665,0.8911199,1.0492383,0.7958691,0.8778187,1.0118468,0.8057707,0.8641705,1.0277042,0.78221405,0.8536222,1.0147798,0.80082965,0.87639046,1.0353682,0.777751,0.849356,1.021424,0.7830281,0.8449217,1.0355566,0.7724347,0.8418711,1.008578,0.7816595,0.8399238,1.0386016
2025-01-01 07:46:00,0.83372825,0.90966326,1.091304,0.8143074,0.90518177,1.0142845,0.8251904,0.8910695,1.0492241,0.7958574,0.8777777,1.0118406,0.80575335,0.8641215,1.0277061,0.782206,0.8535732,1.0147897,0.800841,0.8763735,1.0353804,0.7777474,0.8493125,1.0214338,0.78302115,0.84487855,1.0355585,0.7724186,0.8418178,1.0085717,0.7816397,0.8398707,1.0385888
2025-01-01 07:47:00,0.83372074,0.90963125,1.0912954,0.8142895,0.9051359,1.0142716,0.8251668,0.8910265,1.0492107,0.7958463,0.87774336,1.0118345,0.8057392,0.8640824,1.0277084,0.782201,0.8535357,1.0147997,0.80085254,0.8763626,1.0353929,0.77774686,0.84927994,1.0214437,0.783017,0.844845,1.0355605,0.7724053,0.8417744,1.0085655,0.78162193,0.839826,1.0385761
2025-01-01 07:48:00,0.83371395,0.9096044,1.0912869,0.814273,0.9050968,1.0142587,0.8251453,0.89098966,1.0491978,0.79583555,0.8777144,1.0118285,0.80572766,0.8640514,1.0277109,0.7821984,0.85350746,1.0148098,0.8008643,0.8763565,1.0354056,0.7777489,0.8492561,1.0214537,0.7830149,0.844819,1.0355628,0.7723943,0.8417388,1.0085593,0.7816058,0.839788,1.0385638
2025-01-01 07:49:00,0.83370763,0.90958166,1.0912786,0.81425756,0.9050631,1.0142459,0.8251255,0.8909577,1.0491854,0.79582506,0.8776898,1.0118227,0.8057181,0.8640267,1.0277137,0.78219783,0.8534868,1.01482,0.80087614,0.87635416,1.0354185,0.777753,0.84923935,1.0214638,0.78301454,0.8447991,1.035565,0.772385,0.8417095,1.0085531,0.78159094,0.8397555,1.0385516
2025-01-01 07:50:00,0.8337017,0.90956223,1.0912704,0.814243,0.9050337,1.0142331,0.82510704,0.8909295,1.049173,0.7958149,0.87766856,1.011817,0.80571026,0.86400723,1.0277165,0.7821988,0.85347193,1.0148304,0.8008882,0.87635493,1.0354315,0.7777587,0.8492282,1.0214738,0.78301555,0.8447841,1.0355674,0.7723772,0.8416852,1.008547,0.78157705,0.83972716,1.0385392
2025-01-01 07:51:00,0.8336962,0.90954536,1.0912622,0.8142292,0.9050078,1.0142205,0.82508975,0.89090455,1.049161,0.7958049,0.87765014,1.0118114,0.80570376,0.8639918,1.0277195,0.782201,0.8534619,1.0148407,0.8009003,0.87635815,1.0354445,0.7777657,0.84922147,1.0214837,0.78301764,0.84477293,1.0355698,0.77237046,0.84166485,1.0085407,0.78156394,0.8397023,1.038527
2025-01-01 07:52:00,0.8336908,0.9095306,1.0912541,0.8142158,0.9049846,1.0142076,0.82507324,0.8908821,1.049149,0.795795,0.87763387,1.0118058,0.80569834,0.8639797,1.0277226,0.7822043,0.8534557,1.0148512,0.80091244,0.8763633,1.0354574,0.7777737,0.8492183,1.0214937,0.78302056,0.8447648,1.0355722,0.7723646,0.8416477,1.0085344,0.7815515,0.8396802,1.0385147
2025-01-01 07:53:00,0.8336857,0.9095175,1.0912459,0.8142029,0.9049637,1.0141948,0.82505745,0.8908615,1.0491371,0.7957854,0.87761945,1.0118003,0.8056938,0.86397034,1.0277257,0.7822083,0.85345256,1.0148617,0.8009247,0.87637,1.0354705,0.7777825,0.849218,1.0215036,0.7830242,0.8447592,1.0355744,0.7723595,0.8416331,1.0085282,0.78153956,0.8396602,1.0385026
2025-01-01 07:54:00,0.8336807,0.9095057,1.0912378,0.8141903,0.9049444,1.0141821,0.82504225,0.8908427,1.0491253,0.7957759,0.8776065,1.0117948,0.80569,0.863963,1.0277289,0.7822131,0.8534519,1.0148722,0.80093706,0.876378,1.0354836,0.777792,0.8492199,1.0215135,0.7830283,0.8447556,1.0355767,0.7723549,0.8416205,1.0085218,0.781528,0.839642,1.0384905
2025-01-01 07:55:00,0.83367574,0.90949506,1.0912296,0.814178,0.90492654,1.0141692,0.82502747,0.8908251,1.0491135,0.7957665,0.87759465,1.0117893,0.8056868,0.8639574,1.0277323,0.7822184,0.8534533,1.0148827,0.80094945,0.876387,1.0354967,0.77780205,0.84922373,1.0215232,0.78303283,0.8447535,1.0355788,0.7723508,0.8416095,1.0085154,0.7815168,0.8396252,1.0384784
2025-01-01 07:56:00,0.8336709,0.90948516,1.0912213,0.8141659,0.90490985,1.0141565,0.82501304,0.89080846,1.0491018,0.79575723,0.87758374,1.011784,0.80568403,0.86395323,1.0277356,0.7822242,0.85345614,1.0148933,0.8009619,0.87639683,1.0355098,0.7778124,0.849229,1.021533,0.7830377,0.8447527,1.035581,0.7723469,0.8415997,1.0085089,0.78150576,0.8396094,1.0384661
2025-01-01 07:57:00,0.8336661,0.9094759,1.0912131,0.8141539,0.90489405,1.0141436,0.8249989,0.8907927,1.0490901,0.795748,0.8775736,1.0117786,0.80568165,0.8639502,1.0277389,0.7822303,0.8534604,1.0149039,0.80097437,0.87640727,1.0355229,0.7778232,0.84923536,1.0215429,0.7830428,0.84475285,1.0355831,0.77234334,0.841591,1.0085024,0.7814949,0.83959454,1.0384539
2025-01-01 07:58:00,0.8336613,0.90946716,1.0912048,0.8141421,0.9048789,1.0141308,0.824985,0.89077765,1.0490786,0.79573894,0.87756413,1.0117733,0.80567956,0.86394805,1.0277424,0.78223675,0.85346556,1.0149145,0.8009868,0.8764182,1.0355359,0.7778342,0.8492427,1.0215526,0.78304803,0.84475374,1.0355852,0.77233994,0.8415831,1.0084958,0.78148425,0.83958036,1.0384417
2025-01-01 07:59:00,0.8336566,0.9094589,1.0911964,0.8141304,0.9048644,1.014118,0.8249713,0.89076304,1.0490669,0.7957299,0.8775551,1.0117681,0.80567783,0.8639466,1.027746,0.78224343,0.8534716,1.0149251,0.8009994,0.87642956,1.035549,0.7778453,0.8492507,1.0215622,0.78305346,0.8447553,1.0355872,0.77233666,0.8415758,1.0084893,0.7814737,0.8395667,1.0384294
2025-01-01 08:00:00,0.83352596,0.9083135,1.0893954,0.8138538,0.9033283,1.0136803,0.82451826,0.88945705,1.0463233,0.7957532,0.8764466,1.0113363,0.80518955,0.86223155,1.0266838,0.78183013,0.85150015,1.0145134,0.80107623,0.8754699,1.0344057,0.77742016,0.8474155,1.0211585,0.78269506,0.84318185,1.0345553,0.7719851,0.83997077,1.0081072,0.7812412,0.8382172,1.0372344
2025-01-01 08:01:00,0.83342046,0.9073959,1.0882218,0.8136303,0.90209705,1.0133914,0.82415324,0.8884098,1.044536,0.79577005,0.8755585,1.0110539,0.8047988,0.8608598,1.0259949,0.7815011,0.8499249,1.0142496,0.8011402,0.87470484,1.0336671,0.7770823,0.84594953,1.0208994,0.7824095,0.8419239,1.0338851,0.7717033,0.8386858,1.0078565,0.7810531,0.8371353,1.0364534
2025-01-01 08:02:00,0.8333351,0.90666044,1.087456,0.81344914,0.9011096,1.013199,0.82385856,0.8875695,1.0433701,0.7957819,0.87484664,1.0108685,0.8044861,0.8597628,1.0255483,0.7812394,0.84866655,1.0140818,0.801194,0.8740954,1.0331914,0.77681446,0.8447789,1.0207343,0.7821823,0.8409183,1.0334501,0.7714773,0.8376569,1.0076911,0.7809006,0.8362675,1.0359414
2025-01-01 08:03:00,0.8332658,0.90607065,1.0869551,0.8133019,0.9003171,1.0130694,0.8236203,0.8868948,1.0426083,0.7957896,0.87427574,1.0107464,0.8042358,0.8588855,1.0252595,0.78103167,0.84766185,1.0139767,0.80123955,0.87361044,1.032887,0.7766026,0.8438446,1.0206302,0.7820016,0.8401145,1.033168,0.7712959,0.83683276,1.0075812,0.7807765,0.83557093,1.0356042
2025-01-01 08:04:00,0.8332094,0.90559745,1.0866265,0.8131819,0.8996806,1.0129807,0.82342714,0.8863526,1.0421091,0.79579407,0.87381774,1.0106653,0.80403554,0.85818404,1.0250729,0.780867,0.84686,1.0139121,0.8012785,0.8732251,1.0326936,0.77643543,0.84309924,1.020566,0.7818582,0.83947223,1.0329851,0.77115023,0.8361724,1.0075073,0.78067523,0.83501136,1.0353808
2025-01-01 08:05:00,0.83316326,0.90521747,1.0864099,0.8130835,0.89916897,1.0129185,0.82326996,0.88591635,1.0417807,0.795796,0.87345,1.0106109,0.8038752,0.8576233,1.0249531,0.78073686,0.84622043,1.0138739,0.8013122,0.87291944,1.0325725,0.77630407,0.84250516,1.0205275,0.78174466,0.83895916,1.0328668,0.77103305,0.8356431,1.007457,0.7805921,0.83456135,1.0352312
2025-01-01 08:06:00,0.83312535,0.9049121,1.086266,0.8130025,0.89875716,1.0128735,0.82314163,0.8855649,1.0415633,0.7957958,0.8731544,1.0105739,0.80374694,0.857175,1.0248767,0.7806344,0.8457107,1.013853,0.8013417,0.8726775,1.0324985,0.7762014,0.842032,1.0205057,0.78165495,0.8385494,1.0327904,0.7709387,0.8352186,1.0074216,0.7805235,0.8341991,1.0351297
2025-01-01 08:07:00,0.83309394,0.90466636,1.0861695,0.8129354,0.8984252,1.0128397,0.82303643,0.8852813,1.0414178,0.79579395,0.87291664,1.0105482,0.80364424,0.8568168,1.0248284,0.780554,0.84530485,1.0138432,0.80136794,0.87248665,1.0324547,0.77612156,0.84165555,1.0204947,0.78158426,0.83822227,1.0327413,0.77086264,0.83487797,1.0073962,0.7804665,0.8339069,1.0350592
2025-01-01 08:08:00,0.8330678,0.90446836,1.0861037,0.81287944,0.8981572,1.0128133,0.8229497,0.885052,1.0413195,0.7957908,0.8727251,1.0105299,0.80356205,0.85653067,1.0247985,0.78049135,0.84498215,1.0138407,0.8013914,0.8723365,1.032431,0.77606004,0.84135664,1.0204908,0.78152883,0.83796126,1.0327098,0.7708011,0.83460444,1.0073773,0.7804189,0.8336708,1.0350091
2025-01-01 08:09:00,0.8330458,0.9043085,1.0860577,0.8128323,0.8979402,1.0127915,0.82287776,0.8848661,1.0412515,0.79578656,0.8725706,1.0105163,0.80349636,0.85630214,1.0247805,0.78044283,0.84472597,1.0138428,0.8014128,0.872219,1.03242,0.7760132,0.8411196,1.0204916,0.78148556,0.8377532,1.0326898,0.77075124,0.83438444,1.0073625,0.78037864,0.83347964,1.0349722
2025-01-01 08:10:00,0.8330272,0.9041791,1.0860248,0.81279224,0.8977642,1.0127729,0.8228176,0.8847149,1.0412035,0.7957816,0.8724457,1.010506,0.80344373,0.8561198,1.0247703,0.78040564,0.8445229,1.0138481,0.8014325,0.8721277,1.0324174,0.775978,0.840932,1.0204952,0.781452,0.8375873,1.0326772,0.7707107,0.8342074,1.0073502,0.7803443,0.8333243,1.0349437
2025-01-01 08:11:00,0.83301115,0.9040742,1.0860001,0.8127579,0.89762086,1.0127562,0.82276696,0.8845916,1.0411682,0.79577595,0.8723445,1.0104976,0.80340165,0.8559743,1.0247651,0.78037757,0.84436244,1.0138555,0.8014507,0.87205726,1.0324204,0.7759523,0.840784,1.0205008,0.7814263,0.8374552,1.0326694,0.77067757,0.8340648,1.0073397,0.78031474,0.8331977,1.0349209
2025-01-01 08:12:00,0.8329973,0.9039887,1.0859811,0.81272805,0.8975036,1.0127409,0.8227239,0.88449043,1.0411415,0.79576975,0.87226224,1.0104907,0.803368,0.8558584,1.0247632,0.7803568,0.8442361,1.0138642,0.80146796,0.8720035,1.0324268,0.775934,0.84066784,1.0205076,0.78140676,0.83735025,1.0326649,0.77065045,0.8339495,1.0073303,0.78028893,0.8330941,1.0349017
2025-01-01 08:13:00,0.8329851,0.9039189,1.0859654,0.81270176,0.8974074,1.0127263,0.82268685,0.8844071,1.04112,0.7957632,0.8721952,1.0104847,0.80334103,0.8557662,1.0247636,0.7803418,0.8441369,1.0138737,0.8014843,0.87196314,1.0324355,0.7759217,0.8405769,1.0205152,0.7813922,0.8372669,1.0326623,0.770628,0.83385617,1.0073216,0.7802662,0.8330089,1.0348848
2025-01-01 08:14:00,0.83297426,0.9038616,1.0859522,0.8126784,0.8973279,1.0127122,0.82265466,0.88433796,1.0411024,0.79575634,0.8721403,1.0104791,0.8033195,0.8556928,1.0247653,0.7803315,0.84405965,1.013884,0.80149984,0.87193346,1.0324458,0.7759142,0.8405063,1.0205233,0.7813816,0.8372008,1.0326608,0.7706093,0.83378035,1.0073134,0.7802459,0.8329383,1.0348694
2025-01-01 08:15:00,0.8329645,0.90381426,1.0859404,0.81265736,0.89726174,1.0126985,0.82262635,0.8842803,1.0410869,0.79574925,0.87209517,1.0104741,0.80330235,0.8556346,1.024768,0.78032494,0.8439998,1.0138943,0.8015149,0.8719123,1.032457,0.7759105,0.84045184,1.0205318,0.78137416,0.8371486,1.0326602,0.7705937,0.8337186,1.0073054,0.78022754,0.83287954,1.034855
2025-01-01 08:16:00,0.8329555,0.9037748,1.0859295,0.8126382,0.8972063,1.0126851,0.82260114,0.8842317,1.041073,0.795742,0.8720578,1.0104693,0.80328876,0.8555886,1.0247713,0.78032136,0.84395397,1.013905,0.8015296,0.87189806,1.0324688,0.77590984,0.84041035,1.0205402,0.7813692,0.8371074,1.0326601,0.7705805,0.83366805,1.0072976,0.7802106,0.8328301,1.0348413
2025-01-01 08:17:00,0.8329472,0.9037418,1.0859191,0.8126205,0.89715934,1.0126718,0.8225785,0.88419044,1.0410601,0.7957345,0.87202674,1.0104648,0.80327785,0.8555523,1.0247751,0.7803202,0.84391934,1.0139161,0.80154383,0.8718893,1.0324811,0.7759116,0.8403793,1.020549,0.7813662,0.837075,1.0326604,0.7705691,0.83362645,1.0072899,0.780195,0.83278817,1.0348278
2025-01-01 08:18:00,0.8329394,0.9037138,1.0859091,0.81260395,0.8971194,1.0126586,0.8225578,0.88415504,1.0410479,0.795727,0.87200063,1.0104605,0.80326927,0.85552377,1.0247792,0.78032106,0.8438936,1.0139272,0.80155784,0.8718848,1.0324936,0.7759154,0.8403564,1.0205578,0.78136486,0.83704966,1.0326608,0.7705593,0.83359206,1.0072823,0.78018034,0.8327523,1.0348148
2025-01-01 08:19:00,0.832932,0.90368986,1.0858995,0.8125884,0.8970849,1.0126455,0.8225387,0.8841243,1.0410361,0.79571944,0.8719786,1.0104562,0.8032625,0.8555015,1.0247835,0.7803234,0.843875,1.0139384,0.8015717,0.871884,1.0325062,0.7759206,0.8403402,1.0205666,0.7813648,0.83703,1.0326614,0.7705507,0.8335633,1.0072745,0.78016645,0.8327211,1.0348018
2025-01-01 08:20:00,0.83292496,0.9036692,1.0858898,0.8125735,0.8970547,1.0126324,0.82252085,0.88409734,1.0410246,0.79571176,0.87195975,1.0104519,0.80325717,0.8554842,1.0247879,0.780327,0.84386224,1.0139496,0.80158526,0.87188584,1.0325189,0.7759271,0.8403293,1.0205753,0.78136563,0.8370148,1.032662,0.77054304,0.8335392,1.0072668,0.7801531,0.8326938,1.034789
2025-01-01 08:21:00,0.8329181,0.9036511,1.0858804,0.8125592,0.89702797,1.0126193,0.8225041,0.8840734,1.0410132,0.79570407,0.87194353,1.0104479,0.80325305,0.8554709,1.0247924,0.7803317,0.843854,1.013961,0.8015987,0.87188995,1.0325317,0.77593464,0.84032255,1.0205841,0.78136736,0.8370032,1.0326626,0.7705362,0.8335186,1.0072591,0.7801403,0.8326696,1.0347762
2025-01-01 08:22:00,0.83291143,0.9036351,1.0858709,0.8125454,0.89700407,1.0126063,0.82248807,0.8840518,1.041002,0.79569644,0.87192935,1.0104439,0.8032499,0.8554609,1.0247971,0.7803371,0.8438495,1.0139723,0.80161214,0.8718959,1.0325445,0.77594286,0.84031916,1.0205928,0.7813697,0.83699447,1.0326632,0.77052987,0.83350104,1.0072514,0.78012776,0.8326478,1.0347633
2025-01-01 08:23:00,0.83290493,0.90362066,1.0858614,0.81253195,0.89698243,1.0125932,0.82247275,0.8840322,1.0409911,0.7956887,0.8719169,1.01044,0.80324745,0.8554534,1.024802,0.78034323,0.843848,1.0139837,0.8016254,0.8719033,1.0325575,0.7759518,0.8403185,1.0206015,0.7813724,0.836988,1.0326638,0.77052397,0.8334857,1.0072436,0.7801156,0.832628,1.0347507
2025-01-01 08:24:00,0.8328985,0.90360755,1.0858519,0.8125188,0.8969625,1.0125802,0.8224579,0.8840141,1.04098,0.79568106,0.87190574,1.010436,0.80324566,0.855448,1.0248067,0.78034985,0.8438488,1.0139952,0.80163866,0.8719118,1.0325704,0.77596116,0.84032,1.0206102,0.78137565,0.83698326,1.0326644,0.7705185,0.83347225,1.0072359,0.7801037,0.8326097,1.034738
2025-01-01 08:25:00,0.8328921,0.9035955,1.0858425,0.81250584,0.89694417,1.0125672,0.82244354,0.8839973,1.0409691,0.7956734,0.8718957,1.0104322,0.8032444,0.8554443,1.0248117,0.78035694,0.8438515,1.0140066,0.8016518,0.87192124,1.0325834,0.7759709,0.84032315,1.0206188,0.7813791,0.83698004,1.0326649,0.77051324,0.8334603,1.007228,0.78009194,0.83259267,1.0347253
2025-01-01 08:26:00,0.8328858,0.9035842,1.0858331,0.812493,0.8969268,1.012554,0.8224296,0.88398147,1.0409584,0.79566574,0.8718865,1.0104285,0.8032435,0.8554419,1.0248166,0.7803644,0.8438558,1.014018,0.8016649,0.87193143,1.0325962,0.775981,0.84032774,1.0206274,0.78138274,0.8369779,1.0326654,0.7705082,0.8334494,1.00722,0.7800803,0.83257663,1.0347126
2025-01-01 08:27:00,0.83287954,0.9035736,1.0858234,0.8124804,0.8969104,1.0125409,0.8224158,0.88396645,1.0409476,0.7956581,0.871878,1.0104249,0.80324304,0.8554407,1.0248216,0.78037214,0.84386134,1.0140296,0.80167806,0.87194216,1.0326091,0.77599126,0.84033334,1.020636,0.78138655,0.83697665,1.0326657,0.7705034,0.8334395,1.0072122,0.7800688,0.8325614,1.0346998
2025-01-01 08:28:00,0.8328733,0.90356344,1.0858139,0.8124679,0.8968948,1.012528,0.8224024,0.8839521,1.0409368,0.79565054,0.87187016,1.0104212,0.8032428,0.85544026,1.0248268,0.78038013,0.84386784,1.0140411,0.8016911,0.87195337,1.032622,0.77600175,0.8403398,1.0206444,0.78139055,0.8369762,1.0326661,0.7704987,0.8334303,1.0072042,0.78005743,0.8325468,1.0346872
2025-01-01 08:29:00,0.832867,0.9035537,1.0858043,0.81245536,0.8968797,1.0125148,0.8223891,0.88393825,1.0409261,0.795643,0.8718627,1.0104176,0.80324286,0.8554407,1.0248319,0.78038836,0.8438751,1.0140527,0.80170417,0.87196493,1.0326349,0.7760124,0.840347,1.0206529,0.7813946,0.8369762,1.0326663,0.770494,0.8334216,1.0071961,0.78004605,0.83253264,1.0346744
2025-01-01 08:30:00,0.8327727,0.9024476,1.0835379,0.8122283,0.89535207,1.0119927,0.8219724,0.88270503,1.0377703,0.7957766,0.87085384,1.0099071,0.80283445,0.8538031,1.0235572,0.7800939,0.84201026,1.0135614,0.8018822,0.87111,1.0312597,0.7757271,0.8386489,1.0201643,0.78116477,0.8355558,1.0314288,0.77030873,0.8319951,1.0067384,0.7799588,0.83136654,1.0332538
2025-01-01 08:31:00,0.8326959,0.9015611,1.0820612,0.81204426,0.8941274,1.0116489,0.8216366,0.8817162,1.0357153,0.795882,0.8700456,1.0095742,0.802508,0.85249376,1.0227306,0.77986014,0.8405205,1.013246,0.8020273,0.8704286,1.0303704,0.7755011,0.83729243,1.0198497,0.7809817,0.8344199,1.0306246,0.77015966,0.8308526,1.006438,0.7798867,0.8304312,1.032326
2025-01-01 08:32:00,0.8326332,0.9008502,1.081098,0.8118945,0.8931451,1.0114207,0.8213654,0.8809228,1.0343758,0.7959648,0.86939794,1.0093566,0.80224705,0.8514469,1.0221951,0.779675,0.83933085,1.0130453,0.80214584,0.86988616,1.0297966,0.77532256,0.83620924,1.0196481,0.78083616,0.83351165,1.0301019,0.7700395,0.82993734,1.0062398,0.7798268,0.8296805,1.0317185
2025-01-01 08:33:00,0.83258176,0.9002798,1.0804684,0.8117723,0.89235675,1.0112679,0.82114595,0.88028574,1.0335015,0.7960296,0.86887884,1.0092139,0.80203855,0.85061014,1.021849,0.7795287,0.83838123,1.012919,0.8022434,0.8694548,1.0294282,0.77518183,0.83534455,1.0195198,0.78072053,0.83278537,1.029762,0.76994246,0.8292038,1.006108,0.7797766,0.8290775,1.031319
2025-01-01 08:34:00,0.83253926,0.8998218,1.0800558,0.81167203,0.89172345,1.011164,0.8209679,0.87977374,1.0329295,0.79608005,0.8684624,1.0091201,0.801872,0.84994143,1.0216259,0.77941346,0.8376237,1.0128409,0.802324,0.8691123,1.0291933,0.77507156,0.83465475,1.0194395,0.78062886,0.8322048,1.0295411,0.7698639,0.8286156,1.0060196,0.7797342,0.82859266,1.031055
2025-01-01 08:35:00,0.832504,0.89945376,1.079784,0.8115894,0.89121425,1.0110917,0.820823,0.87936187,1.0325541,0.79611903,0.86812824,1.0090581,0.80173904,0.8494072,1.0214828,0.77932316,0.8370198,1.0127943,0.80239105,0.86884093,1.0290451,0.7749855,0.83410484,1.0193899,0.7805563,0.83174074,1.0293974,0.76980007,0.8281438,1.005959,0.779698,0.8282023,1.0308788
2025-01-01 08:36:00,0.8324744,0.89915764,1.0796039,0.8115209,0.89080435,1.0110402,0.8207045,0.87903,1.0323064,0.7961488,0.86785996,1.0090166,0.80163294,0.8489805,1.0213917,0.77925277,0.83653885,1.012768,0.8024474,0.8686265,1.0289532,0.77491885,0.83366686,1.0193605,0.7804991,0.8313698,1.0293039,0.76974815,0.827765,1.0059168,0.77966684,0.82788754,1.0307598
2025-01-01 08:37:00,0.83244944,0.89891905,1.0794834,0.8114636,0.8904738,1.0110022,0.8206073,0.87876225,1.0321418,0.7961711,0.8676443,1.0089886,0.80154836,0.8486399,1.0213345,0.77919835,0.8361562,1.0127552,0.80249506,0.8684575,1.0288979,0.7748677,0.83331835,1.0193443,0.78045416,0.83107346,1.029243,0.7697056,0.8274605,1.0058864,0.77963954,0.8276333,1.030678
2025-01-01 08:38:00,0.83242816,0.8987264,1.0794016,0.8114153,0.8902068,1.0109729,0.8205271,0.8785457,1.0320312,0.79618764,0.86747074,1.0089694,0.801481,0.84836817,1.0212994,0.7791567,0.83585227,1.012751,0.8025358,0.86832494,1.0288664,0.774829,0.8330415,1.0193366,0.78041893,0.8308367,1.0292033,0.7696706,0.8272157,1.0058637,0.7796155,0.82742745,1.0306203
2025-01-01 08:39:00,0.8324097,0.8985706,1.0793449,0.81137425,0.8899906,1.0109493,0.8204603,0.87837017,1.0319556,0.7961995,0.86733097,1.008956,0.8014275,0.84815156,1.0212786,0.7791252,0.8356112,1.0127523,0.802571,0.8682215,1.0288504,0.7748002,0.83282185,1.0193343,0.7803916,0.83064765,1.0291774,0.76964164,0.8270184,1.0058459,0.77959394,0.82726026,1.0305781
2025-01-01 08:40:00,0.8323936,0.89844424,1.0793045,0.81133884,0.8898151,1.0109292,0.8204045,0.8782275,1.0319029,0.79620755,0.86721814,1.0089462,0.801385,0.84797895,1.0212669,0.779102,0.83542067,1.0127574,0.80260175,0.86814135,1.0288445,0.7747793,0.8326481,1.0193356,0.7803704,0.8304967,1.0291603,0.7696175,0.8268591,1.0058312,0.7795744,0.82712406,1.0305463
2025-01-01 08:41:00,0.8323793,0.8983415,1.0792745,0.8113081,0.8896721,1.0109118,0.8203574,0.878111,1.0318651,0.7962126,0.8671269,1.0089388,0.8013513,0.84784174,1.0212616,0.7790853,0.83527035,1.0127648,0.802629,0.8680799,1.0288451,0.7747648,0.83251095,1.0193391,0.78035426,0.8303764,1.029149,0.7695972,0.8267304,1.0058187,0.77955645,0.8270126,1.0305212
2025-01-01 08:42:00,0.83236647,0.89825743,1.0792518,0.811281,0.8895551,1.0108958,0.8203172,0.87801564,1.031837,0.79621536,0.8670529,1.008933,0.8013247,0.84773266,1.02126,0.77907383,0.83515227,1.0127739,0.8026534,0.8680333,1.02885,0.7747553,0.83240306,1.0193441,0.78034204,0.83028036,1.0291415,0.7695799,0.82662594,1.0058076,0.7795398,0.8269209,1.0305003
2025-01-01 08:43:00,0.83235484,0.8981885,1.0792333,0.8112569,0.8894589,1.0108808,0.82028264,0.87793696,1.031815,0.79621613,0.86699283,1.0089282,0.8013038,0.8476463,1.0212611,0.77906656,0.83506,1.012784,0.8026754,0.86799854,1.0288575,0.7747499,0.8323187,1.0193502,0.78033304,0.83020383,1.0291364,0.76956505,0.826541,1.0057974,0.7795242,0.82684517,1.0304822
2025-01-01 08:44:00,0.8323442,0.89813155,1.0792177,0.8112351,0.8893793,1.0108665,0.8202525,0.8778718,1.0317973,0.7962155,0.86694384,1.0089242,0.8012875,0.8475779,1.021264,0.7790627,0.83498836,1.0127947,0.8026958,0.8679735,1.0288669,0.77474767,0.83225304,1.0193567,0.78032655,0.8301429,1.0291328,0.7695522,0.8264716,1.0057876,0.77950937,0.826782,1.0304658
2025-01-01 08:45:00,0.83233416,0.8980843,1.079204,0.81121516,0.88931316,1.0108526,0.82022595,0.8778174,1.0317823,0.79621357,0.86690366,1.0089207,0.8012748,0.8475241,1.021268,0.7790615,0.8349333,1.0128059,0.80271465,0.86795604,1.0288774,0.774748,0.8322024,1.0193635,0.7803221,0.8300944,1.0291303,0.7695408,0.82641476,1.0057782,0.7794952,0.826729,1.0304507
2025-01-01 08:46:00,0.83232474,0.89804465,1.0791914,0.8111966,0.88925755,1.0108389,0.82020223,0.8777716,1.0317689,0.79621077,0.86687064,1.0089176,0.80126506,0.84748185,1.0212727,0.7790625,0.8348915,1.0128174,0.80273235,0.8679446,1.0288886,0.7747505,0.83216363,1.0193708,0.78031915,0.83005583,1.0291283,0.7695307,0.82636774,1.0057689,0.77948153,0.8266841,1.0304363
2025-01-01 08:47:00,0.8323158,0.89801115,1.0791795,0.81117946,0.8892106,1.0108254,0.8201808,0.87773275,1.0317568,0.7962072,0.8668433,1.0089146,0.8012576,0.84744895,1.0212779,0.77906525,0.8348602,1.0128291,0.80274916,0.86793816,1.0289003,0.7747546,0.83213454,1.0193781,0.78031754,0.83002526,1.0291268,0.76952153,0.8263287,1.0057598,0.7794683,0.8266457,1.0304223
2025-01-01 08:48:00,0.83230716,0.89798254,1.0791683,0.8111631,0.88917035,1.010812,0.8201612,0.87769943,1.0317452,0.7962031,0.8668206,1.0089118,0.8012521,0.84742343,1.0212834,0.77906936,0.83483744,1.0128409,0.8027652,0.86793554,1.0289123,0.7747599,0.832113,1.0193853,0.7803169,0.830001,1.0291255,0.76951313,0.82629603,1.0057507,0.77945536,0.8266124,1.0304087
2025-01-01 08:49:00,0.8322988,0.8979579,1.0791574,0.8111476,0.88913554,1.0107988,0.82014316,0.8776705,1.0317343,0.7961984,0.86680144,1.0089092,0.8012482,0.8474038,1.0212892,0.7790747,0.83482146,1.0128528,0.8027806,0.8679361,1.0289245,0.7747663,0.8320977,1.0193928,0.780317,0.82998186,1.0291241,0.7695053,0.8262684,1.0057417,0.77944267,0.8265833,1.0303955
2025-01-01 08:50:00,0.8322907,0.8979364,1.0791466,0.8111326,0.8891051,1.0107856,0.82012624,0.8776452,1.0317237,0.7961935,0.8667853,1.0089066,0.80124545,0.8473891,1.0212952,0.77908087,0.83481085,1.0128648,0.80279565,0.8679391,1.0289369,0.77477354,0.83208716,1.0194002,0.78031784,0.8299668,1.029123,0.769498,0.82624483,1.0057327,0.7794301,0.8265575,1.0303823
2025-01-01 08:51:00,0.83228266,0.89791733,1.0791359,0.8111182,0.8890781,1.0107725,0.8201103,0.87762266,1.0317135,0.79618824,0.8667715,1.0089042,0.8012438,0.8473782,1.0213013,0.77908784,0.83480465,1.012877,0.8028103,0.8679441,1.0289493,0.77478147,0.8320806,1.0194076,0.7803191,0.82995486,1.0291219,0.769491,0.82622445,1.0057236,0.77941775,0.8265344,1.0303692
2025-01-01 08:52:00,0.8322748,0.8979003,1.0791253,0.81110406,0.88905394,1.0107594,0.8200951,0.87760246,1.0317034,0.7961828,0.86675966,1.008902,0.8012428,0.8473704,1.0213075,0.7790954,0.834802,1.012889,0.80282456,0.8679507,1.0289618,0.7747898,0.8320771,1.019415,0.78032076,0.82994556,1.0291207,0.76948434,0.8262066,1.0057145,0.77940553,0.82651335,1.030356
2025-01-01 08:53:00,0.832267,0.8978848,1.0791147,0.81109035,0.889032,1.0107462,0.8200805,0.87758404,1.0316933,0.7961772,0.8667493,1.0088997,0.80124265,0.847365,1.0213138,0.7791034,0.834802,1.0129012,0.8028386,0.8679586,1.0289742,0.77479863,0.8320761,1.0194224,0.7803227,0.8299383,1.0291196,0.7694779,0.8261909,1.0057055,0.7793934,0.826494,1.0303429
2025-01-01 08:54:00,0.83225924,0.89787054,1.079104,0.81107676,0.8890118,1.0107331,0.82006645,0.8775671,1.0316833,0.7961715,0.86674017,1.0088974,0.80124295,0.8473617,1.0213202,0.77911186,0.8348043,1.0129133,0.8028525,0.8679674,1.0289867,0.7748078,0.8320771,1.0194297,0.7803248,0.8299326,1.0291184,0.7694716,0.8261768,1.0056964,0.7793812,0.82647604,1.03033
2025-01-01 08:55:00,0.8322516,0.89785725,1.0790935,0.8110634,0.8889931,1.0107201,0.8200528,0.8775513,1.0316734,0.79616565,0.86673206,1.0088953,0.80124366,0.8473599,1.0213267,0.7791206,0.8348084,1.0129255,0.8028662,0.86797714,1.0289992,0.7748171,0.83207965,1.019437,0.78032714,0.8299282,1.0291172,0.7694654,0.826164,1.0056872,0.7793692,0.8264591,1.030317
2025-01-01 08:56:00,0.832244,0.8978448,1.0790828,0.8110502,0.8889755,1.010707,0.82003945,0.8775365,1.0316637,0.7961598,0.8667247,1.0088933,0.80124474,0.8473594,1.0213332,0.7791296,0.83481395,1.0129378,0.80287987,0.8679875,1.0290117,0.77482665,0.8320834,1.0194441,0.7803295,0.8299249,1.0291159,0.7694593,0.82615227,1.005678,0.77935714,0.826443,1.0303038
2025-01-01 08:57:00,0.83223623,0.897833,1.0790722,0.81103706,0.8889588,1.0106939,0.8200264,0.87752247,1.031654,0.7961539,0.8667181,1.0088911,0.80124617,0.84735996,1.0213398,0.7791389,0.83482075,1.0129501,0.80289334,0.8679984,1.0290241,0.7748364,0.83208823,1.0194514,0.7803321,0.8299223,1.0291146,0.7694533,0.82614124,1.0056688,0.77934515,0.8264276,1.0302908
2025-01-01 08:58:00,0.83222854,0.8978216,1.0790615,0.81102407,0.8889429,1.0106808,0.8200135,0.877509,1.0316442,0.796148,0.86671203,1.0088892,0.80124784,0.84736145,1.0213463,0.7791483,0.8348284,1.0129622,0.8029068,0.86800975,1.0290366,0.77484614,0.8320937,1.0194584,0.78033465,0.8299204,1.0291132,0.76944727,0.8261309,1.0056595,0.77933323,0.82641274,1.0302777
2025-01-01 08:59:00,0.8322209,0.8978107,1.0790509,0.81101114,0.8889276,1.0106678,0.8200008,0.87749606,1.0316346,0.7961421,0.86670643,1.0088873,0.8012497,0.84736353,1.021353,0.7791579,0.8348368,1.0129745,0.8029201,0.8680213,1.029049,0.77485603,0.8320999,1.0194654,0.7803373,0.829919,1.0291117,0.76944125,0.82612115,1.0056502,0.77932125,0.8263984,1.0302647
2025-01-01 09:00:00,0.8321645,0.89676356,1.0763592,0.8108376,0.88743556,1.0100704,0.8196279,0.8763577,1.0281228,0.7963837,0.865815,1.0083075,0.8009285,0.8458326,1.0198883,0.7789875,0.8331118,1.0124125,0.8031962,0.8672864,1.0274664,0.77471566,0.83056927,1.0189008,0.7802399,0.828677,1.027691,0.7694256,0.8248987,1.0051249,0.77938074,0.8254365,1.0286443
2025-01-01 09:01:00,0.8321179,0.895924,1.0746057,0.8106963,0.88623947,1.0096776,0.8193271,0.87544477,1.0258367,0.7965758,0.86510104,1.00793,0.80067205,0.8446089,1.0189387,0.77885324,0.8317342,1.0120515,0.80341965,0.866701,1.026442,0.7746054,0.8293465,1.0185362,0.78016245,0.8276835,1.0267668,0.76941186,0.8239192,1.0047802,0.7794259,0.82466435,1.0275863
2025-01-01 09:02:00,0.832079,0.89525044,1.0734622,0.81058073,0.88527995,1.0094178,0.8190842,0.87471235,1.0243475,0.79672825,0.86452913,1.0076841,0.8004675,0.84363097,1.0183238,0.778748,0.83063436,1.011821,0.8036011,0.8662353,1.0257806,0.7745192,0.8283699,1.0183016,0.78010106,0.8268888,1.0261656,0.76939964,0.823134,1.0045528,0.7794597,0.8240441,1.0268941
2025-01-01 09:03:00,0.8320463,0.89470965,1.0727152,0.81048566,0.8845096,1.0092442,0.8188875,0.8741243,1.0233763,0.79684913,0.8640709,1.0075238,0.8003044,0.84284955,1.0179266,0.7786658,0.8297568,1.0116757,0.8037488,0.86586535,1.025355,0.77445227,0.82759035,1.0181514,0.7800524,0.8262531,1.0257741,0.7693887,0.8225043,1.0044016,0.77948433,0.82354546,1.0264397
2025-01-01 09:04:00,0.8320185,0.89427507,1.0722258,0.8104071,0.88389087,1.0091268,0.8187277,0.8736516,1.0227417,0.7969447,0.8637036,1.007419,0.8001746,0.84222555,1.0176709,0.77860206,0.8290571,1.0115856,0.80386966,0.8655719,1.0250826,0.7744007,0.82696843,1.0180563,0.78001404,0.8257446,1.025519,0.76937866,0.8219989,1.0043,0.7795016,0.8231439,1.0261396
2025-01-01 09:05:00,0.8319947,0.89392555,1.0719038,0.8103417,0.8833932,1.0090461,0.81859756,0.8732714,1.0223259,0.79701996,0.86340904,1.0073504,0.80007136,0.8417273,1.0175072,0.7785532,0.8284996,1.0115312,0.80396897,0.8653397,1.0249099,0.7743615,0.8264725,1.0179967,0.77998376,0.8253378,1.0253526,0.76936936,0.821593,1.0042306,0.77951306,0.8228201,1.0259401
2025-01-01 09:06:00,0.8319741,0.893644,1.0716907,0.81028676,0.88299245,1.0089889,0.81849104,0.8729651,1.0220524,0.7970791,0.86317265,1.0073053,0.7999894,0.84132975,1.0174031,0.77851623,0.82805604,1.0115004,0.8040509,0.86515653,1.0248019,0.7743321,0.8260776,1.0179603,0.77996004,0.82501245,1.0252438,0.76936066,0.8212666,1.0041821,0.77951974,0.8225585,1.0258057
2025-01-01 09:07:00,0.8319559,0.8934167,1.0715483,0.8102403,0.88266927,1.0089473,0.8184035,0.87271786,1.0218713,0.7971253,0.8629829,1.0072753,0.79992443,0.84101284,1.017338,0.7784887,0.8277034,1.0114846,0.8041192,0.86501265,1.0247359,0.7743105,0.8257632,1.017939,0.77994156,0.82475215,1.0251722,0.76935244,0.82100385,1.0041472,0.7795226,0.8223467,1.0257138
2025-01-01 09:08:00,0.83193976,0.893233,1.0714519,0.8102006,0.882408,1.0089155,0.81833106,0.87251806,1.0217505,0.7971611,0.86283046,1.0072557,0.7998731,0.84076035,1.0172983,0.7784688,0.82742375,1.0114788,0.8041764,0.8649,1.0246974,0.77429533,0.8255134,1.0179273,0.7799272,0.82454395,1.025125,0.7693446,0.820792,1.0041211,0.77952254,0.82217467,1.0256494
2025-01-01 09:09:00,0.8319252,0.8930841,1.0713854,0.81016624,0.8821965,1.0088905,0.8182708,0.872356,1.0216687,0.79718876,0.8627078,1.0072423,0.7998327,0.84055936,1.017275,0.778455,0.82720226,1.0114793,0.8042248,0.8648125,1.0246766,0.7742851,0.8253152,1.0179222,0.77991617,0.82437736,1.0250936,0.76933706,0.82062095,1.0041006,0.77952003,0.8220345,1.0256032
2025-01-01 09:10:00,0.8319119,0.89296293,1.0713382,0.8101362,0.8820246,1.0088696,0.81822026,0.8722243,1.0216123,0.7972098,0.862609,1.0072333,0.7998011,0.84039974,1.0172623,0.778446,0.82702744,1.011484,0.80426615,0.8647451,1.0246674,0.7742789,0.82515824,1.0179209,0.77990776,0.8242441,1.0250725,0.7693297,0.8204824,1.0040839,0.7795156,0.82191974,1.0255684
2025-01-01 09:11:00,0.83189964,0.89286405,1.0713036,0.81010956,0.88188446,1.0088514,0.81817746,0.8721168,1.0215726,0.79722553,0.86252934,1.007227,0.79977643,0.84027314,1.0172567,0.778441,0.82689,1.0114915,0.80430186,0.86469364,1.0246656,0.77427584,0.82503426,1.0179224,0.7799014,0.8241374,1.0250579,0.7693226,0.82036984,1.0040696,0.7795096,0.82182544,1.0255412
2025-01-01 09:12:00,0.83188814,0.892783,1.0712773,0.8100858,0.8817698,1.0088351,0.818141,0.87202877,1.0215435,0.79723704,0.86246496,1.0072224,0.7997574,0.84017295,1.0172557,0.7784391,0.82678235,1.0115008,0.804333,0.8646551,1.0246687,0.77427536,0.82493675,1.0179255,0.77989674,0.82405204,1.0250477,0.76931554,0.8202781,1.0040569,0.77950233,0.8217474,1.0255189
2025-01-01 09:13:00,0.8318773,0.8927161,1.0712563,0.81006414,0.8816754,1.0088199,0.8181094,0.87195617,1.0215214,0.7972452,0.8624129,1.0072191,0.7997429,0.840094,1.0172575,0.77843976,0.8266986,1.0115112,0.80436057,0.86462677,1.024675,0.77427685,0.82486033,1.0179298,0.77989346,0.82398367,1.0250401,0.7693086,0.8202031,1.0040451,0.7794941,0.82168233,1.0254998
2025-01-01 09:14:00,0.83186686,0.8926606,1.0712386,0.8100442,0.8815972,1.0088055,0.81808186,0.8718961,1.0215039,0.79725075,0.8623706,1.0072166,0.79973197,0.84003186,1.0172613,0.77844244,0.826634,1.0115223,0.80438524,0.8646067,1.0246832,0.7742801,0.8248008,1.0179347,0.77989113,0.82392895,1.0250344,0.7693017,0.8201414,1.004034,0.77948505,0.8216278,1.0254829
2025-01-01 09:15:00,0.83185685,0.8926142,1.0712233,0.81002575,0.88153213,1.0087916,0.8180574,0.8718459,1.0214894,0.79725415,0.86233616,1.0072148,0.79972404,0.8399833,1.0172665,0.7784466,0.82658464,1.011534,0.8044076,0.86459315,1.0246929,0.7742845,0.8247547,1.0179402,0.7798897,0.8238851,1.0250298,0.76929486,0.8200903,1.0040233,0.77947533,0.82158154,1.0254673
2025-01-01 09:16:00,0.8318472,0.8925751,1.0712093,0.8100084,0.88147736,1.0087781,0.81803566,0.87180376,1.0214769,0.7972559,0.862308,1.0072132,0.7997183,0.8399456,1.0172724,0.7784522,0.8265475,1.011546,0.80442804,0.86458486,1.0247034,0.77428997,0.8247195,1.0179458,0.7798889,0.8238499,1.025026,0.76928794,0.8200477,1.0040127,0.77946514,0.821542,1.0254525
2025-01-01 09:17:00,0.8318377,0.89254177,1.0711962,0.80999184,0.8814309,1.0087646,0.818016,0.871768,1.0214657,0.79725623,0.86228496,1.0072119,0.79971457,0.83991665,1.0172789,0.77845883,0.82652026,1.0115583,0.804447,0.86458075,1.0247144,0.7742963,0.8246929,1.0179516,0.77988863,0.8238217,1.0250225,0.7692811,0.82001185,1.0040023,0.77945447,0.82150775,1.0254384
2025-01-01 09:18:00,0.8318284,0.89251304,1.0711839,0.8099761,0.88139117,1.0087515,0.8179979,0.87173724,1.0214553,0.7972555,0.86226594,1.0072109,0.7997123,0.83989465,1.017286,0.7784662,0.8265008,1.0115706,0.8044649,0.86458004,1.0247257,0.77430314,0.8246732,1.0179574,0.77988875,0.823799,1.0250194,0.76927423,0.8199815,1.0039921,0.77944344,0.8214778,1.0254246
2025-01-01 09:19:00,0.83181924,0.89248806,1.0711719,0.8099609,0.8813568,1.0087384,0.8179811,0.87171066,1.0214454,0.797254,0.86225015,1.0072099,0.7997113,0.83987826,1.0172932,0.77847433,0.8264876,1.0115831,0.80448174,0.86458194,1.0247374,0.7743106,0.82465893,1.0179634,0.77988917,0.8237807,1.0250164,0.76926744,0.81995547,1.0039818,0.7794321,0.8214512,1.025411
2025-01-01 09:20:00,0.83181024,0.892466,1.0711601,0.8099462,0.88132656,1.0087253,0.81796545,0.87168735,1.0214361,0.7972518,0.8622369,1.0072091,0.79971117,0.8398663,1.0173006,0.77848303,0.82647943,1.0115956,0.80449784,0.864586,1.024749,0.77431846,0.8246491,1.0179694,0.77988976,0.823766,1.0250136,0.7692605,0.8199329,1.0039716,0.7794207,0.8214273,1.0253977
2025-01-01 09:21:00,0.8318012,0.89244634,1.0711483,0.80993176,0.88129985,1.0087123,0.81795055,0.87166667,1.0214269,0.7972491,0.8622259,1.0072083,0.79971194,0.8398579,1.0173081,0.77849215,0.8264753,1.0116082,0.8045134,0.86459184,1.0247608,0.7743266,0.8246428,1.0179752,0.7798906,0.8237541,1.0250107,0.7692536,0.8199131,1.0039614,0.779409,0.8214056,1.0253844
2025-01-01 09:22:00,0.83179224,0.8924286,1.0711367,0.8099177,0.88127583,1.0086994,0.8179364,0.8716481,1.021418,0.797246,0.86221653,1.0072078,0.7997134,0.83985245,1.0173157,0.7785017,0.8264744,1.0116209,0.80452836,0.86459905,1.0247726,0.7743349,0.8246392,1.017981,0.77989155,0.82374436,1.0250078,0.7692467,0.8198955,1.0039512,0.7793972,0.82138574,1.0253712
2025-01-01 09:23:00,0.8317833,0.8924123,1.0711251,0.8099038,0.881254,1.0086864,0.81792283,0.8716312,1.0214092,0.7972425,0.8622085,1.0072072,0.7997153,0.8398493,1.0173234,0.7785115,0.82647616,1.0116335,0.80454296,0.8646073,1.0247844,0.7743435,0.82463795,1.017987,0.77989256,0.8237364,1.025005,0.76923966,0.81987965,1.0039409,0.7793852,0.8213672,1.025358
2025-01-01 09:24:00,0.8317744,0.89239717,1.0711136,0.8098901,0.88123393,1.0086735,0.81790966,0.8716157,1.0214003,0.7972389,0.86220163,1.0072067,0.7997176,0.839848,1.0173312,0.77852154,0.8264799,1.0116463,0.80455726,0.86461645,1.0247964,0.7743522,0.82463837,1.0179927,0.77989364,0.8237299,1.0250021,0.7692327,0.81986517,1.0039307,0.7793731,0.8213498,1.0253448
2025-01-01 09:25:00,0.8317655,0.892383,1.071102,0.80987656,0.8812152,1.0086606,0.8178969,0.87160134,1.0213916,0.797235,0.8621956,1.0072062,0.79972035,0.83984816,1.0173391,0.77853185,0.8264854,1.011659,0.80457133,0.8646263,1.0248083,0.77436095,0.8246402,1.0179986,0.7798948,0.82372445,1.0249991,0.7692256,0.81985176,1.0039204,0.77936095,0.8213333,1.0253317
2025-01-01 09:26:00,0.8317566,0.89236957,1.0710906,0.80986315,0.88119763,1.0086477,0.8178845,0.8715879,1.0213832,0.797231,0.86219037,1.0072058,0.7997234,0.8398496,1.0173471,0.7785423,0.82649213,1.0116717,0.80458516,0.86463666,1.0248201,0.7743698,0.8246432,1.0180043,0.77989596,0.8237199,1.0249962,0.7692185,0.8198393,1.0039101,0.7793488,0.82131743,1.0253186
2025-01-01 09:27:00,0.8317477,0.8923567,1.071079,0.80984986,0.88118094,1.0086348,0.8178722,0.87157506,1.0213746,0.7972269,0.86218566,1.0072055,0.79972667,0.83985204,1.0173551,0.77855283,0.8265,1.0116844,0.80459887,0.8646475,1.024832,0.7743787,0.82464707,1.0180099,0.77989715,0.8237161,1.0249932,0.7692114,0.8198275,1.0038997,0.7793365,0.8213021,1.0253055
2025-01-01 09:28:00,0.8317387,0.89234436,1.0710675,0.80983657,0.88116497,1.0086219,0.8178602,0.87156284,1.0213661,0.7972228,0.8621814,1.0072052,0.7997301,0.8398552,1.0173631,0.7785635,0.82650876,1.0116973,0.80461234,0.86465865,1.0248438,0.77438766,0.82465166,1.0180155,0.7798983,0.8237128,1.0249901,0.76920426,0.8198162,1.0038893,0.7793242,0.82128733,1.0252924
2025-01-01 09:29:00,0.83172977,0.8923324,1.0710559,0.8098234,0.8811496,1.008609,0.8178484,0.8715511,1.0213578,0.79721856,0.86217767,1.007205,0.7997338,0.839859,1.0173712,0.7785743,0.8265182,1.01171,0.80462575,0.86467004,1.0248556,0.7743966,0.8246567,1.0180211,0.7798994,0.82370996,1.024987,0.76919705,0.8198053,1.0038788,0.7793118,0.82127285,1.0252793
2025-01-01 09:30:00,0.8317123,0.89136285,1.0679871,0.80970657,0.87972,1.0079473,0.8175259,0.8705278,1.0175526,0.79756373,0.8614197,1.006566,0.7995055,0.8384622,1.0157427,0.778531,0.824964,1.0110872,0.80499506,0.8640682,1.0230939,0.77440375,0.82332087,1.0173905,0.7799363,0.82266855,1.023408,0.7693512,0.8188087,1.0032955,0.7795171,0.8205323,1.0234876
2025-01-01 09:31:00,0.83169657,0.8905852,1.0659884,0.8096105,0.8785736,1.0075126,0.81726575,0.8697072,1.0150765,0.797839,0.86081284,1.0061508,0.7993237,0.837346,1.014687,0.7784987,0.823723,1.0106868,0.805293,0.8635891,1.0219531,0.77441126,0.82225364,1.0169824,0.7799661,0.82183516,1.0223807,0.76947296,0.8180095,1.0029126,0.7796789,0.81993735,1.0223185
2025-01-01 09:32:00,0.8316821,0.8899609,1.0646851,0.80953103,0.8776539,1.0072255,0.8170554,0.8690488,1.0134641,0.7980584,0.860327,1.005881,0.7991792,0.8364544,1.0140038,0.7784751,0.82273275,1.010431,0.80553406,0.8632084,1.0212156,0.774419,0.82140124,1.0167191,0.7799901,0.8211681,1.0217116,0.7695689,0.8173683,1.0026602,0.7798058,0.8194587,1.0215538
2025-01-01 09:33:00,0.83166873,0.8894593,1.0638338,0.8094649,0.8769156,1.0070345,0.81688493,0.86852014,1.0124131,0.7982331,0.8599379,1.0057056,0.7990645,0.83574235,1.0135626,0.7784584,0.8219429,1.0102693,0.80572945,0.86290634,1.0207402,0.774427,0.82072073,1.0165498,0.78000945,0.8206343,1.0212755,0.76964414,0.8168535,1.0024922,0.7799048,0.81907326,1.0210524
2025-01-01 09:34:00,0.8316561,0.88905597,1.0632763,0.8094093,0.87632215,1.0069058,0.81674635,0.8680953,1.0117273,0.79837203,0.85962623,1.0055916,0.7989737,0.8351741,1.0132787,0.77844745,0.82131356,1.0101687,0.80588835,0.8626671,1.0204353,0.77443516,0.8201778,1.0164416,0.78002506,0.8202069,1.0209908,0.7697028,0.8164398,1.0023793,0.7799814,0.81876224,1.0207217
2025-01-01 09:35:00,0.8316441,0.8887311,1.0629098,0.8093623,0.8758449,1.0068177,0.8166333,0.86775345,1.0112786,0.79848236,0.85937655,1.0055176,0.79890203,0.83472085,1.0130972,0.77844083,0.8208125,1.0101078,0.80601805,0.86247826,1.0202413,0.77444345,0.8197448,1.016373,0.7800377,0.81986463,1.0208045,0.76974815,0.816107,1.002302,0.78004014,0.8185108,1.0205022
2025-01-01 09:36:00,0.8316328,0.8884691,1.0626675,0.809322,0.8754605,1.006756,0.8165406,0.8674781,1.0109842,0.7985698,0.85917646,1.0054697,0.7988456,0.8343596,1.0129821,0.77843785,0.8204141,1.0100727,0.8061244,0.8623296,1.0201191,0.7744518,0.81939983,1.0163301,0.7800479,0.81959057,1.0206821,0.76978296,0.8158388,1.0022483,0.78008467,0.81830704,1.020355
2025-01-01 09:37:00,0.83162177,0.8882573,1.0625058,0.8092872,0.8751503,1.0067114,0.8164643,0.86725587,1.0107901,0.798639,0.85901594,1.0054386,0.7988014,0.83407193,1.0129104,0.7784378,0.8200979,1.0100545,0.806212,0.8622132,1.0200437,0.77446026,0.8191253,1.0163041,0.78005624,0.8193709,1.0206013,0.7698092,0.8156224,1.0022094,0.7801177,0.81814146,1.0202547
2025-01-01 09:38:00,0.83161104,0.88808566,1.0623966,0.8092568,0.8748996,1.006678,0.81640106,0.8670762,1.0106611,0.79869354,0.85888726,1.0054185,0.79876703,0.83384323,1.0128667,0.77844,0.8198474,1.0100471,0.8062848,0.86212254,1.0199988,0.7744687,0.81890696,1.016289,0.78006303,0.819195,1.0205475,0.7698287,0.8154474,1.0021805,0.7801416,0.8180063,1.020185
2025-01-01 09:39:00,0.83160067,0.88794625,1.0623214,0.8092298,0.8746964,1.0066518,0.8163483,0.8669306,1.0105745,0.79873645,0.858784,1.0054057,0.7987405,0.83366156,1.0128413,0.77844405,0.81964946,1.0100467,0.8063455,0.86205244,1.0199736,0.77447724,0.81873363,1.0162808,0.7800685,0.8190538,1.0205112,0.7698426,0.8153055,1.0021579,0.7801582,0.81789565,1.020135
2025-01-01 09:40:00,0.8315904,0.88783246,1.0622685,0.8092056,0.8745312,1.0066303,0.816304,0.8668123,1.0105153,0.79877,0.8587011,1.0053976,0.7987203,0.8335176,1.0128278,0.7784496,0.81949365,1.0100511,0.8063967,0.86199886,1.0199611,0.77448577,0.81859636,1.0162772,0.780073,0.8189405,1.0204861,0.7698522,0.81519,1.0021393,0.7801689,0.8178045,1.0200981
2025-01-01 09:41:00,0.8315803,0.8877393,1.0622298,0.8091836,0.87439644,1.006612,0.81626636,0.8667157,1.0104742,0.7987961,0.8586344,1.0053923,0.79870516,0.83340394,1.0128222,0.77845633,0.81937146,1.0100584,0.8064403,0.8619585,1.0199571,0.77449423,0.8184879,1.0162765,0.7800767,0.81884956,1.0204686,0.7698583,0.8150957,1.0021235,0.7801749,0.81772894,1.0200694
2025-01-01 09:42:00,0.83157027,0.88766253,1.0622004,0.8091634,0.874286,1.0065955,0.8162341,0.86663663,1.0104449,0.79881626,0.8585808,1.0053893,0.798694,0.83331436,1.0128214,0.7784641,0.81927615,1.0100677,0.80647767,0.86192864,1.0199584,0.7745028,0.81840247,1.0162778,0.78007966,0.81877637,1.0204558,0.7698615,0.8150183,1.0021093,0.7801772,0.8176659,1.0200462
2025-01-01 09:43:00,0.8315604,0.887599,1.0621772,0.8091446,0.87419504,1.0065805,0.81620616,0.8665714,1.0104231,0.7988317,0.8585376,1.0053875,0.7986862,0.8332441,1.012824,0.77847254,0.8192024,1.0100783,0.80651015,0.8619072,1.0199633,0.7745113,0.8183354,1.0162803,0.7800821,0.8187174,1.0204461,0.7698626,0.8149545,1.0020963,0.7801765,0.8176128,1.0200266
2025-01-01 09:44:00,0.8315505,0.8875459,1.0621578,0.809127,0.8741197,1.0065662,0.8161816,0.8665174,1.0104063,0.7988433,0.8585028,1.0053866,0.7986809,0.83318937,1.0128288,0.7784816,0.81914586,1.0100896,0.80653876,0.8618925,1.0199704,0.7745198,0.8182831,1.0162835,0.78008413,0.8186698,1.0204383,0.76986176,0.81490153,1.0020839,0.78017336,0.81756777,1.0200093
2025-01-01 09:45:00,0.83154064,0.88750124,1.0621411,0.8091102,0.8740568,1.0065526,0.81615984,0.8664724,1.0103925,0.7988519,0.8584747,1.0053864,0.79867774,0.833147,1.0128351,0.77849126,0.81910324,1.0101017,0.80656415,0.86188316,1.019979,0.77452826,0.81824255,1.0162872,0.78008574,0.81863135,1.0204318,0.7698595,0.8148571,1.0020721,0.7801683,0.8175291,1.0199934
2025-01-01 09:46:00,0.83153087,0.88746333,1.0621259,0.80909425,0.8740039,1.0065392,0.81614035,0.8664345,1.0103811,0.79885805,0.85845196,1.0053864,0.79867625,0.83311456,1.0128423,0.7785013,0.81907153,1.010114,0.80658704,0.86187816,1.0199885,0.77453667,0.81821144,1.0162913,0.78008705,0.8186002,1.0204262,0.76985604,0.81481975,1.0020605,0.78016174,0.8174955,1.0199786
2025-01-01 09:47:00,0.83152103,0.8874307,1.0621119,0.8090789,0.873959,1.0065262,0.81612265,0.8664024,1.010371,0.79886234,0.85843354,1.0053868,0.7986762,0.83309007,1.01285,0.7785116,0.8190487,1.0101266,0.806608,0.8618766,1.0199987,0.7745451,0.81818783,1.0162956,0.7800881,0.8185748,1.0204209,0.7698516,0.8147878,1.0020491,0.7801538,0.817466,1.0199645
2025-01-01 09:48:00,0.8315112,0.8874024,1.0620985,0.8090639,0.87392044,1.0065134,0.8161064,0.8663749,1.0103618,0.79886514,0.8584186,1.0053875,0.7986772,0.83307195,1.0128583,0.7785223,0.819033,1.0101393,0.8066273,0.86187774,1.0200092,0.7745534,0.8181702,1.0162998,0.78008896,0.81855404,1.020416,0.76984644,0.81476027,1.0020378,0.780145,0.81743985,1.0199507
2025-01-01 09:49:00,0.83150136,0.88737756,1.0620855,0.80904937,0.87388694,1.0065006,0.8160912,0.86635107,1.0103532,0.7988667,0.85840636,1.0053881,0.7986791,0.83305895,1.0128667,0.7785331,0.8190229,1.0101521,0.8066453,0.86188114,1.02002,0.77456176,0.8181574,1.0163041,0.7800897,0.81853694,1.0204114,0.7698406,0.8147363,1.0020266,0.7801354,0.81741625,1.0199372
2025-01-01 09:50:00,0.83149153,0.88735545,1.0620729,0.80903506,0.8738576,1.006488,0.816077,0.86633027,1.0103451,0.79886734,0.8583965,1.0053891,0.7986817,0.83305,1.0128754,0.7785441,0.8190173,1.010165,0.8066622,0.8618862,1.0200309,0.77457005,0.8181483,1.0163084,0.78009015,0.8185229,1.020407,0.7698343,0.8147151,1.0020154,0.7801251,0.81739473,1.0199238
2025-01-01 09:51:00,0.8314817,0.88733554,1.0620604,0.809021,0.8738315,1.0064752,0.8160636,0.8663118,1.0103374,0.79886717,0.8583883,1.0053899,0.7986849,0.83304435,1.0128843,0.77855533,0.81901544,1.0101779,0.8066783,0.8618927,1.0200417,0.77457833,0.81814235,1.0163127,0.7800905,0.81851107,1.0204023,0.76982754,0.81469613,1.002004,0.7801143,0.817375,1.0199106
2025-01-01 09:52:00,0.8314718,0.88731724,1.062048,0.80900717,0.8738081,1.0064627,0.81605065,0.8662952,1.0103297,0.7988664,0.85838157,1.0053911,0.79868853,0.83304137,1.0128932,0.7785666,0.8190164,1.0101908,0.80669373,0.8619004,1.0200528,0.77458656,0.81813884,1.0163171,0.7800907,0.8185011,1.0203978,0.7698205,0.814679,1.001993,0.780103,0.8173565,1.0198975
2025-01-01 09:53:00,0.8314619,0.88730043,1.0620357,0.80899346,0.8737868,1.0064502,0.8160383,0.8662802,1.0103221,0.79886526,0.858376,1.0053922,0.79869264,0.8330404,1.0129021,0.77857804,0.8190197,1.0102038,0.80670863,0.86190885,1.0200638,0.7745947,0.8181372,1.0163214,0.78009087,0.81849265,1.0203933,0.7698131,0.8146633,1.0019817,0.78009146,0.8173391,1.0198843
2025-01-01 09:54:00,0.831452,0.88728476,1.0620234,0.80897987,0.8737671,1.0064377,0.81602633,0.8662665,1.0103148,0.7988637,0.85837144,1.0053935,0.79869705,0.83304125,1.0129113,0.77858955,0.8190249,1.0102168,0.80672306,0.86191803,1.0200748,0.77460283,0.81813717,1.0163256,0.78009087,0.81848544,1.0203887,0.76980555,0.8146487,1.0019704,0.78007966,0.8173226,1.0198714
2025-01-01 09:55:00,0.831442,0.88726985,1.0620111,0.8089664,0.8737488,1.0064251,0.8160147,0.8662537,1.0103074,0.79886186,0.8583676,1.0053947,0.7987017,0.83304346,1.0129205,0.7786011,0.81903154,1.01023,0.80673724,0.8619278,1.0200859,0.77461094,0.8181383,1.0163298,0.7800908,0.81847906,1.0203842,0.76979774,0.8146349,1.0019592,0.7800676,0.8173067,1.0198584
2025-01-01 09:56:00,0.83143204,0.88725567,1.061999,0.808953,0.8737315,1.0064127,0.8160033,0.86624163,1.0103003,0.79885983,0.85836446,1.005396,0.7987066,0.83304673,1.0129298,0.77861273,0.81903946,1.0102429,0.8067511,0.861938,1.020097,0.7746189,0.81814045,1.0163339,0.78009063,0.81847346,1.0203795,0.7697898,0.8146219,1.0019479,0.78005546,0.81729144,1.0198455
2025-01-01 09:57:00,0.83142203,0.8872421,1.0619867,0.80893964,0.87371504,1.0064002,0.81599224,0.86623037,1.0102931,0.7988576,0.8583618,1.0053974,0.7987117,0.8330509,1.012939,0.7786245,0.8190483,1.0102559,0.8067646,0.86194855,1.020108,0.774627,0.8181433,1.016338,0.7800904,0.8184684,1.0203749,0.7697817,0.81460947,1.0019366,0.78004307,0.8172766,1.0198325
2025-01-01 09:58:00,0.831412,0.8872289,1.0619744,0.8089263,0.87369937,1.0063878,0.81598127,0.8662195,1.0102861,0.7988553,0.8583596,1.0053989,0.79871696,0.8330558,1.0129484,0.77863616,0.8190578,1.010269,0.8067781,0.86195946,1.020119,0.7746349,0.8181467,1.016342,0.7800901,0.8184638,1.0203701,0.7697735,0.8145975,1.0019251,0.78003055,0.81726205,1.0198195
2025-01-01 09:59:00,0.83140194,0.8872161,1.0619621,0.808913,0.87368417,1.0063753,0.8159705,0.8662092,1.010279,0.7988529,0.85835767,1.0054004,0.7987223,0.8330613,1.0129577,0.778648,0.8190681,1.010282,0.80679137,0.8619705,1.0201299,0.7746428,0.8181507,1.016346,0.7800897,0.8184596,1.0203654,0.76976514,0.8145858,1.0019138,0.78001803,0.8172478,1.0198066
2025-01-01 10:00:00,0.8314238,0.8863416,1.058571,0.8088549,0.8723423,1.0056608,0.8157041,0.86531925,1.0062486,0.79929554,0.8577466,1.0047139,0.7985909,0.8318234,1.0111945,0.7787327,0.81771225,1.0096096,0.807247,0.8615124,1.0182207,0.7747973,0.8170334,1.0156606,0.7802604,0.81763726,1.0186566,0.77008635,0.8138328,1.0012827,0.78036547,0.8167419,1.0178758
2025-01-01 10:01:00,0.8314392,0.8856396,1.0563624,0.80880576,0.87126625,1.005192,0.81548893,0.8646056,1.0036262,0.79964906,0.8572577,1.0042682,0.79848707,0.8308348,1.0100517,0.7788029,0.8166301,1.009177,0.80761415,0.8611484,1.0169834,0.7749225,0.8161407,1.0152164,0.78039676,0.8169789,1.0175442,0.7703416,0.8132283,1.0008684,0.7806408,0.81633455,1.0166161
2025-01-01 10:02:00,0.83144945,0.8850758,1.0549226,0.80876386,0.8704027,1.0048829,0.8153148,0.8640329,1.0019195,0.7999314,0.85686654,1.0039792,0.7984052,0.83004546,1.0093123,0.77886146,0.815767,1.0089004,0.80791026,0.8608596,1.016183,0.7750242,0.81542766,1.0149289,0.7805057,0.81645155,1.0168192,0.770544,0.8127426,1.0005951,0.78085846,0.81600606,1.0157928
2025-01-01 10:03:00,0.8314556,0.88462245,1.0539823,0.8087277,0.8697094,1.0046778,0.81517357,0.86357313,1.0008078,0.80015683,0.8565535,1.003792,0.79834086,0.82941556,1.008835,0.77891064,0.81507903,1.0087252,0.80814976,0.86063087,1.0156665,0.77510697,0.81485844,1.0147433,0.7805927,0.8160291,1.0163463,0.77070415,0.81235194,1.0004134,0.78103,0.8157407,1.0152533
2025-01-01 10:04:00,0.83145845,0.88425744,1.0533667,0.8086962,0.8691522,1.0045402,0.81505847,0.8632036,1.0000827,0.8003366,0.8563031,1.003671,0.79829067,0.82891333,1.0085282,0.7789524,0.8145312,1.0086159,0.8083438,0.86045027,1.0153345,0.77517474,0.8144041,1.014624,0.78066206,0.81569046,1.0160372,0.7708305,0.8120374,1.0002912,0.7811646,0.81552565,1.0148981
2025-01-01 10:05:00,0.8314586,0.8839631,1.0529622,0.80866826,0.8687038,1.0044463,0.8149645,0.86290634,0.999609,0.80048,0.85610276,1.003593,0.79825175,0.82851315,1.0083321,0.7789883,0.81409556,1.0085495,0.8085016,0.86030805,1.0151224,0.7752304,0.81404173,1.0145477,0.7807174,0.8154189,1.0158343,0.77092975,0.8117836,1.0002078,0.7812697,0.8153511,1.0146626
2025-01-01 10:06:00,0.8314567,0.8837253,1.052695,0.8086434,0.8683425,1.0043812,0.81488734,0.8626668,0.9992988,0.8005942,0.8559424,1.003543,0.79822195,0.8281946,1.008208,0.7790194,0.81374955,1.0085107,0.8086303,0.8601967,1.0149883,0.7752764,0.81375295,1.0144993,0.7807614,0.81520104,1.0157007,0.77100736,0.8115785,1.0001495,0.78135127,0.81520885,1.0145051
2025-01-01 10:07:00,0.83145297,0.8835327,1.0525168,0.80862087,0.86805093,1.0043344,0.81482357,0.86247355,0.999095,0.80068517,0.85581416,1.0035112,0.79819936,0.8279415,1.0081308,0.7790467,0.81347525,1.0084902,0.80873585,0.8601099,1.0149049,0.7753147,0.813523,1.014469,0.7807964,0.81502604,1.0156119,0.7710676,0.8114123,1.0001075,0.78141385,0.8150924,1.0143982
2025-01-01 10:08:00,0.83144796,0.88337624,1.0523968,0.8086002,0.8678151,1.0042998,0.81477064,0.8623173,0.9989602,0.8007575,0.8557115,1.0034913,0.79818255,0.82774055,1.0080839,0.7790711,0.81325847,1.0084815,0.80882275,0.86004287,1.0148543,0.7753468,0.8133401,1.0144506,0.7808242,0.8148854,1.0155524,0.771114,0.8112772,1.000076,0.7814613,0.8149966,1.0143242
2025-01-01 10:09:00,0.8314418,0.88324875,1.0523143,0.80858105,0.8676239,1.0042729,0.81472623,0.8621907,0.9988703,0.8008149,0.8556295,1.0034791,0.7981704,0.8275815,1.008057,0.77909297,0.8130875,1.0084804,0.8088949,0.8599916,1.0148251,0.7753739,0.8131949,1.0144397,0.7808461,0.8147722,1.0155119,0.7711493,0.811167,1.0000516,0.78149664,0.8149173,1.0142716
2025-01-01 10:10:00,0.83143485,0.88314444,1.0522562,0.8085632,0.8674684,1.0042514,0.81468886,0.8620877,0.9988097,0.80086046,0.8555638,1.0034719,0.798162,0.82745594,1.0080429,0.7791129,0.8129534,1.0084842,0.80895495,0.8599528,1.0148098,0.775397,0.8130797,1.0144337,0.7808634,0.814681,1.0154835,0.7711757,0.81107676,1.0000316,0.78152233,0.8148513,1.014233
2025-01-01 10:11:00,0.8314271,0.8830586,1.0522141,0.8085461,0.8673414,1.0042331,0.81465703,0.8620038,0.9987681,0.80089647,0.8555113,1.0034682,0.79815656,0.8273571,1.0080372,0.7791313,0.8128487,1.0084914,0.8090055,0.85992414,1.0148035,0.775417,0.81298864,1.014431,0.780877,0.81460726,1.0154632,0.7711949,0.8110023,1.0000144,0.7815403,0.8147959,1.0142034
2025-01-01 10:12:00,0.83141875,0.8829876,1.0521824,0.80853,0.86723727,1.0042169,0.8146296,0.86193496,0.9987388,0.80092496,0.8554694,1.0034664,0.7981535,0.8272798,1.008037,0.77914846,0.81276745,1.0085006,0.8090485,0.8599036,1.0148033,0.7754343,0.81291676,1.0144303,0.7808876,0.8145476,1.0154481,0.7712084,0.81094074,0.9999992,0.781552,0.81474894,1.0141797
2025-01-01 10:13:00,0.8314099,0.88292843,1.0521574,0.80851436,0.86715144,1.0042021,0.8146057,0.86187834,0.9987176,0.8009473,0.8554359,1.0034662,0.79815245,0.8272196,1.0080403,0.7791647,0.81270504,1.0085112,0.80908537,0.8598894,1.0148066,0.7754496,0.8128603,1.014431,0.78089577,0.8144991,1.0154362,0.77121735,0.8108893,0.99998516,0.7815588,0.81470877,1.0141598
2025-01-01 10:14:00,0.83140075,0.8828787,1.0521368,0.8084993,0.86708015,1.0041883,0.81458473,0.8618315,0.9987017,0.80096483,0.8554092,1.0034668,0.7981529,0.8271732,1.008046,0.7791801,0.8126577,1.0085226,0.8091173,0.8598803,1.0148125,0.7754632,0.81281614,1.0144324,0.78090197,0.81445956,1.0154266,0.7712227,0.810846,0.9999718,0.7815616,0.81467396,1.0141425
2025-01-01 10:15:00,0.8313912,0.8828366,1.0521189,0.8084846,0.86702067,1.0041752,0.81456596,0.8617924,0.9986891,0.8009785,0.8553879,1.0034683,0.79815465,0.82713777,1.0080532,0.7791949,0.8126224,1.0085347,0.8091454,0.85987544,1.0148199,0.77547556,0.8127818,1.0144345,0.7809067,0.8144272,1.0154184,0.7712251,0.81080914,0.99995905,0.7815612,0.8146435,1.0141268
2025-01-01 10:16:00,0.83138144,0.88280046,1.0521028,0.80847025,0.8669704,1.0041623,0.8145491,0.86175954,0.99867886,0.800989,0.85537106,1.00347,0.7981574,0.8271111,1.0080614,0.7792092,0.8125968,1.0085471,0.8091703,0.8598738,1.0148283,0.7754868,0.8127554,1.0144367,0.7809101,0.81440055,1.0154109,0.77122504,0.8107775,0.99994653,0.78155833,0.81461656,1.0141121
2025-01-01 10:17:00,0.8313715,0.8827692,1.052088,0.8084562,0.86692774,1.0041498,0.8145337,0.8617317,0.9986701,0.8009971,0.8553576,1.003472,0.798161,0.8270915,1.0080702,0.77922314,0.81257886,1.0085597,0.80919266,0.8598747,1.0148374,0.7754972,0.8127352,1.0144392,0.7809125,0.81437844,1.0154041,0.7712232,0.81075,0.9999343,0.7815534,0.8145924,1.014098
2025-01-01 10:18:00,0.83136135,0.8827418,1.0520738,0.8084423,0.8668911,1.0041376,0.8145194,0.86170787,0.99866223,0.8010033,0.855347,1.0034744,0.79816526,0.8270777,1.0080796,0.77923673,0.81256706,1.0085726,0.8092131,0.85987777,1.0148468,0.7755068,0.81271994,1.0144418,0.78091407,0.8143599,1.0153977,0.7712198,0.81072587,0.99992216,0.7815469,0.8145704,1.0140845
2025-01-01 10:19:00,0.83135104,0.8827175,1.0520604,0.8084285,0.8668592,1.0041254,0.8145062,0.8616873,0.99865514,0.8010079,0.8553386,1.0034767,0.79817003,0.82706827,1.0080893,0.77925014,0.81256026,1.0085855,0.8092318,0.8598825,1.0148565,0.7755159,0.81270874,1.0144445,0.78091496,0.81434435,1.0153913,0.77121514,0.8107043,0.99991006,0.78153896,0.8145503,1.0140712
2025-01-01 10:20:00,0.8313406,0.8826957,1.052047,0.80841494,0.8668312,1.0041132,0.81449366,0.86166924,0.99864846,0.80101126,0.855332,1.0034794,0.7981752,0.8270625,1.0080991,0.7792633,0.81255734,1.0085984,0.80924934,0.8598885,1.0148664,0.7755245,0.8127007,1.0144472,0.7809153,0.8143312,1.0153852,0.77120954,0.81068486,0.999898,0.7815301,0.81453156,1.0140582
2025-01-01 10:21:00,0.83133006,0.88267577,1.052034,0.80840147,0.8668062,1.0041012,0.8144818,0.86165327,0.998642,0.8010137,0.85532695,1.0034819,0.7981808,0.8270597,1.0081091,0.7792763,0.8125576,1.0086114,0.8092658,0.85989565,1.0148764,0.7755327,0.8126952,1.0144498,0.7809152,0.81431973,1.015379,0.7712031,0.81066716,0.99988604,0.78152037,0.814514,1.0140452
2025-01-01 10:22:00,0.83131945,0.88265747,1.0520211,0.80838805,0.86678374,1.0040892,0.8144704,0.861639,0.9986358,0.8010154,0.855323,1.0034847,0.7981867,0.8270592,1.0081191,0.77928925,0.8125605,1.0086246,0.8092814,0.8599036,1.0148864,0.77554065,0.81269175,1.0144526,0.7809147,0.8143098,1.0153729,0.771196,0.81065077,0.99987394,0.78151,0.8144973,1.0140325
2025-01-01 10:23:00,0.8313088,0.8826404,1.0520083,0.8083748,0.86676323,1.0040773,0.81445956,0.8616261,0.99862975,0.8010164,0.8553201,1.0034876,0.79819286,0.8270606,1.0081292,0.77930206,0.8125654,1.0086377,0.80929637,0.8599122,1.0148964,0.7755483,0.8126899,1.0144552,0.78091395,0.81430095,1.0153667,0.7711883,0.81063545,0.99986196,0.7814991,0.8144814,1.0140197
2025-01-01 10:24:00,0.83129793,0.8826244,1.0519954,0.80836153,0.86674434,1.0040654,0.81444895,0.8616142,0.99862385,0.801017,0.8553179,1.0034904,0.79819924,0.8270635,1.0081396,0.7793148,0.8125719,1.0086507,0.80931073,0.8599214,1.0149065,0.7755557,0.8126893,1.0144577,0.7809129,0.8142931,1.0153606,0.7711803,0.81062096,0.9998499,0.7814877,0.81446594,1.0140071
2025-01-01 10:25:00,0.8312871,0.88260907,1.0519826,0.8083483,0.86672664,1.0040535,0.8144387,0.86160326,0.998618,0.80101717,0.85531634,1.0034934,0.79820573,0.82706755,1.00815,0.7793276,0.81257963,1.0086639,0.8093247,0.8599309,1.0149165,0.77556294,0.8126897,1.0144602,0.7809116,0.8142859,1.0153545,0.77117187,0.81060714,0.9998379,0.78147596,0.8144511,1.0139945
2025-01-01 10:26:00,0.83127624,0.8825944,1.0519699,0.8083351,0.86671007,1.0040417,0.8144286,0.861593,0.99861234,0.80101717,0.8553153,1.0034965,0.7982124,0.8270727,1.0081604,0.77934027,0.8125885,1.0086769,0.8093383,0.85994077,1.0149266,0.7755699,0.8126909,1.0144627,0.7809102,0.81427926,1.0153483,0.7711632,0.81059384,0.9998258,0.7814639,0.81443655,1.0139818
2025-01-01 10:27:00,0.8312653,0.8825803,1.0519571,0.808322,0.8666943,1.0040299,0.8144188,0.8615833,0.99860674,0.80101687,0.85531473,1.0034995,0.79821926,0.8270786,1.0081707,0.7793529,0.8125981,1.00869,0.80935156,0.8599509,1.0149364,0.77557683,0.81269276,1.0144651,0.7809086,0.8142731,1.0153421,0.7711543,0.810581,0.99981374,0.7814517,0.81442237,1.0139693
2025-01-01 10:28:00,0.8312543,0.8825665,1.0519444,0.8083089,0.8666791,1.0040181,0.8144091,0.8615741,0.99860114,0.8010164,0.85531443,1.0035027,0.79822624,0.82708514,1.0081811,0.77936554,0.8126085,1.0087031,0.8093646,0.8599613,1.0149465,0.7755837,0.8126951,1.0144675,0.7809068,0.8142672,1.0153358,0.77114516,0.81056845,0.9998016,0.78143936,0.81440836,1.0139568
2025-01-01 10:29:00,0.8312432,0.8825531,1.0519315,0.80829585,0.8666644,1.0040063,0.8143995,0.8615653,0.99859565,0.8010159,0.8553145,1.0035058,0.7982333,0.82709223,1.0081916,0.7793781,0.8126193,1.0087162,0.80937755,0.85997176,1.0149564,0.77559036,0.8126978,1.0144697,0.7809049,0.8142617,1.0153295,0.77113587,0.81055623,0.9997894,0.7814268,0.8143946,1.0139441
2025-01-01 10:30:00,0.8313039,0.8817891,1.0482786,0.8082975,0.8654342,1.0032518,0.8141941,0.8608246,0.99441165,0.801548,0.8548613,1.002784,0.7982012,0.8260354,1.0063252,0.7795892,0.8114861,1.0080061,0.8099117,0.8596657,1.0129336,0.7758895,0.8118191,1.0137419,0.7812061,0.8136732,1.0135213,0.7716184,0.81006026,0.9991219,0.78191006,0.8141323,1.0119084
2025-01-01 10:31:00,0.83135015,0.88117546,1.0458996,0.8082962,0.86444753,1.0027573,0.814028,0.8602306,0.9916902,0.8019735,0.8544991,1.0023159,0.79817706,0.82519174,1.0051157,0.7797606,0.81058216,1.0075492,0.8103415,0.8594231,1.0116222,0.7761301,0.81111693,1.0132694,0.7814466,0.8132015,1.0123438,0.77200246,0.80966115,0.9986837,0.782294,0.8139198,1.0105808
2025-01-01 10:32:00,0.83138496,0.88068205,1.0443487,0.80829257,0.8636557,1.0024318,0.8138934,0.85975397,0.9899194,0.80231375,0.8542096,1.0020128,0.7981593,0.8245187,1.0043334,0.7799002,0.8098616,1.0072567,0.8106877,0.85923123,1.0107732,0.77632374,0.810556,1.012963,0.78163844,0.8128232,1.011576,0.7723077,0.80933964,0.99839455,0.78259844,0.8137472,1.0097135
2025-01-01 10:33:00,0.83141047,0.8802849,1.0433362,0.8082871,0.8630197,1.0022161,0.8137839,0.8593713,0.9887666,0.8025858,0.8539783,1.0018171,0.7981466,0.8239821,1.0038285,0.78001446,0.8092878,1.0070711,0.8109671,0.8590799,1.0102247,0.77647984,0.81010807,1.0127646,0.7817914,0.8125196,1.0110747,0.77254987,0.8090801,0.9982023,0.7828395,0.81360656,1.0091455
2025-01-01 10:34:00,0.83142865,0.8799647,1.0426736,0.8082801,0.8625084,1.0020719,0.81369454,0.85906374,0.9880155,0.80280334,0.8537935,1.0016911,0.79813796,0.82355475,1.003504,0.78010833,0.80883133,1.0069551,0.811193,0.858961,1.0098715,0.7766059,0.8097505,1.0126363,0.7819133,0.81227577,1.0107465,0.77274156,0.8088702,0.9980731,0.7830297,0.81349146,1.0087718
2025-01-01 10:35:00,0.83144087,0.8797061,1.0422384,0.80827194,0.86209697,1.0019741,0.8136213,0.8588163,0.98752546,0.8029772,0.85364604,1.0016105,0.79813266,0.8232147,1.003297,0.78018606,0.80846876,1.0068843,0.81137615,0.8588681,1.0096452,0.776708,0.8094652,1.0125536,0.7820102,0.8120797,1.0105307,0.77289295,0.8087001,0.99798477,0.7831793,0.81339675,1.0085247
2025-01-01 10:36:00,0.83144844,0.87949675,1.041951,0.80826277,0.8617653,1.0019064,0.813561,0.85861695,0.9872052,0.80311614,0.8535284,1.0015595,0.7981299,0.8229446,1.0031661,0.7802507,0.80818135,1.0068429,0.811525,0.85879594,1.0095016,0.7767908,0.8092378,1.0125004,0.78208715,0.81192195,1.0103881,0.77301186,0.8085616,0.997923,0.7832962,0.81331843,1.0083597
2025-01-01 10:37:00,0.83145213,0.8793268,1.0417596,0.8082529,0.8614976,1.0018585,0.813511,0.85845613,0.9869952,0.8032272,0.85343456,1.0015275,0.79812926,0.82273036,1.0030848,0.78030497,0.807954,1.0068203,0.81164646,0.8587404,1.0094115,0.77685827,0.80905664,1.0124664,0.7821482,0.81179476,1.0102931,0.773105,0.8084486,0.9978786,0.78338724,0.8132532,1.0082481
2025-01-01 10:38:00,0.83145285,0.8791884,1.0416307,0.8082424,0.8612809,1.0018233,0.8134693,0.8583261,0.986857,0.8033159,0.85335994,1.0015081,0.79813033,0.8225609,1.0030358,0.7803509,0.8077747,1.0068104,0.81174606,0.8586981,1.0093564,0.7769134,0.8089124,1.012445,0.7821964,0.81169194,1.0102289,0.7731775,0.80835587,0.9978455,0.78345734,0.8131984,1.0081711
2025-01-01 10:39:00,0.8314511,0.87907517,1.0415425,0.8082314,0.861105,1.0017964,0.8134342,0.8582207,0.9867655,0.8033868,0.8533005,1.0014968,0.79813284,0.8224273,1.0030078,0.78039026,0.807634,1.0068085,0.811828,0.8586664,1.0093238,0.77695864,0.8087978,1.0124315,0.78223443,0.8116087,1.0101848,0.7732334,0.80827934,0.9978195,0.7835109,0.8131521,1.008117
2025-01-01 10:40:00,0.8314474,0.8789821,1.0414807,0.80822,0.8609619,1.0017749,0.8134044,0.85813504,0.9867043,0.8034435,0.85325336,1.0014908,0.79813635,0.82232225,1.0029932,0.7804243,0.80752397,1.0068117,0.811896,0.85864323,1.0093058,0.77699596,0.80870676,1.0124234,0.7822643,0.81154114,1.0101537,0.7732761,0.80821586,0.9977983,0.7835511,0.8131124,1.0080773
2025-01-01 10:41:00,0.8314421,0.8789051,1.0414358,0.8082084,0.8608449,1.0017569,0.8133789,0.8580652,0.98666286,0.8034888,0.853216,1.0014883,0.79814076,0.8222402,1.0029877,0.780454,0.80743855,1.0068185,0.81195277,0.8586269,1.0092975,0.77702695,0.8086347,1.0124186,0.7822875,0.81148595,1.010131,0.7733082,0.80816275,0.9977802,0.7835806,0.81307805,1.0080473
2025-01-01 10:42:00,0.8314356,0.8788411,1.0414022,0.8081965,0.8607489,1.0017413,0.81335676,0.85800797,0.98663425,0.803525,0.8531865,1.0014881,0.79814595,0.82217646,1.002988,0.7804804,0.80737287,1.0068275,0.8120006,0.8586159,1.0092953,0.77705294,0.8085777,1.012416,0.7823055,0.8114408,1.0101137,0.77333176,0.80811787,0.99776405,0.7836016,0.813048,1.0080234
2025-01-01 10:43:00,0.831428,0.87878734,1.0413758,0.8081844,0.8606696,1.0017272,0.8133374,0.8579609,0.98661405,0.8035538,0.8531633,1.0014894,0.7981517,0.8221274,1.002992,0.780504,0.8073229,1.006838,0.81204116,0.85860926,1.0092973,0.77707475,0.8085329,1.0124149,0.78231925,0.81140363,1.0101,0.7733485,0.8080797,0.9977492,0.78361577,0.8130214,1.0080036
2025-01-01 10:44:00,0.83141965,0.87874186,1.041354,0.80817217,0.8606038,1.0017141,0.8133202,0.85792196,0.98659927,0.8035769,0.8531452,1.0014917,0.79815793,0.82209015,1.0029985,0.78052545,0.80728555,1.0068492,0.812076,0.85860604,1.0093017,0.77709335,0.80849767,1.0124146,0.7823296,0.8113728,1.0100887,0.77335984,0.8080468,0.9977352,0.7836245,0.8129976,1.0079864
2025-01-01 10:45:00,0.83141065,0.878703,1.0413353,0.8081598,0.8605487,1.0017015,0.81330484,0.8578895,0.98658806,0.80359536,0.8531311,1.0014946,0.7981645,0.82206225,1.0030065,0.7805452,0.8072583,1.0068612,0.81210613,0.85860556,1.0093076,0.7771093,0.8084702,1.0124148,0.78233725,0.8113471,1.0100788,0.77336675,0.8080182,0.99772173,0.7836288,0.81297594,1.0079712
2025-01-01 10:46:00,0.83140105,0.8786694,1.0413187,0.8081474,0.8605021,1.0016896,0.81329083,0.8578622,0.9865792,0.8036101,0.8531203,1.0014981,0.79817146,0.822042,1.0030156,0.78056353,0.8072392,1.0068735,0.8121327,0.85860735,1.0093149,0.77712315,0.80844885,1.0124155,0.7823427,0.8113255,1.0100697,0.7733702,0.80799294,0.9977086,0.7836297,0.81295604,1.0079569
2025-01-01 10:47:00,0.8313911,0.87864,1.0413033,0.80813485,0.8604625,1.0016778,0.813278,0.8578391,0.9865719,0.8036219,0.8531121,1.0015018,0.7981786,0.8220277,1.0030255,0.78058076,0.8072264,1.006886,0.8121562,0.8586108,1.0093228,0.7771353,0.8084324,1.0124162,0.78234637,0.811307,1.0100614,0.77337086,0.8079704,0.99769574,0.7836278,0.8129376,1.0079433
2025-01-01 10:48:00,0.8313808,0.878614,1.0412889,0.8081222,0.8604283,1.0016662,0.81326616,0.8578194,0.9865656,0.8036313,0.853106,1.0015056,0.798186,0.8220182,1.0030357,0.78059715,0.8072189,1.0068986,0.81217736,0.8586157,1.0093311,0.77714604,0.8084199,1.0124171,0.7823487,0.8112912,1.0100533,0.7733692,0.80794996,0.99768287,0.78362364,0.81292033,1.0079303
2025-01-01 10:49:00,0.8313701,0.87859064,1.0412748,0.8081096,0.8603986,1.0016547,0.813255,0.85780233,0.9865599,0.80363894,0.85310155,1.0015097,0.7981937,0.82201266,1.0030464,0.78061277,0.80721545,1.0069114,0.8121967,0.8586217,1.0093396,0.77715576,0.8084105,1.012418,0.78234977,0.81127745,1.0100455,0.7733658,0.8079313,0.9976702,0.7836177,0.81290394,1.0079175
2025-01-01 10:50:00,0.8313593,0.8785695,1.0412611,0.808097,0.86037236,1.0016434,0.8132445,0.85778743,0.9865548,0.803645,0.8530985,1.001514,0.7982014,0.82201016,1.0030571,0.78062785,0.80721533,1.0069243,0.8122144,0.8586286,1.0093483,0.7771645,0.8084037,1.012419,0.78234994,0.81126535,1.0100378,0.7733609,0.807914,0.99765754,0.7836103,0.81288826,1.007905
2025-01-01 10:51:00,0.8313483,0.87855005,1.0412477,0.80808425,0.86034894,1.0016321,0.8132345,0.85777426,0.98655,0.80365,0.85309654,1.0015182,0.7982093,0.8220102,1.0030681,0.7806425,0.8072179,1.0069373,0.8122309,0.85863614,1.0093571,0.77717257,0.8083987,1.0124199,0.7823494,0.8112545,1.0100302,0.7733548,0.80789775,0.9976449,0.7836018,0.8128732,1.0078927
2025-01-01 10:52:00,0.83133703,0.87853193,1.0412344,0.8080716,0.86032784,1.001621,0.81322485,0.8577625,0.9865454,0.803654,0.85309553,1.0015227,0.7982173,0.82201225,1.0030792,0.7806569,0.80722255,1.0069501,0.81224644,0.8586443,1.0093659,0.77718,0.8083954,1.0124209,0.78234816,0.81124467,1.0100225,0.77334785,0.8078824,0.99763227,0.7835924,0.8128585,1.0078804
2025-01-01 10:53:00,0.83132577,0.8785149,1.0412213,0.80805886,0.86030847,1.0016099,0.81321555,0.8577519,0.98654085,0.8036573,0.85309523,1.0015272,0.7982254,0.8220159,1.0030904,0.78067094,0.80722886,1.0069633,0.8122611,0.8586529,1.0093747,0.777187,0.80839336,1.0124218,0.7823465,0.81123567,1.0100149,0.7733401,0.80786777,0.9976196,0.7835822,0.8128443,1.0078683
2025-01-01 10:54:00,0.8313143,0.8784988,1.0412081,0.8080461,0.8602907,1.0015988,0.81320655,0.8577422,0.98653656,0.80366004,0.8530955,1.0015317,0.7982336,0.8220208,1.0031016,0.7806847,0.80723655,1.0069761,0.8122752,0.85866183,1.0093836,0.7771935,0.8083922,1.0124228,0.78234434,0.8112273,1.0100074,0.77333176,0.8078537,0.997607,0.7835714,0.8128303,1.0078561
2025-01-01 10:55:00,0.8313028,0.8784833,1.0411949,0.80803347,0.860274,1.0015877,0.81319773,0.85773325,0.9865324,0.8036623,0.8530962,1.0015364,0.798242,0.8220268,1.0031129,0.7806983,0.80724525,1.0069891,0.8122887,0.858671,1.0093924,0.77719975,0.8083919,1.0124235,0.7823419,0.8112194,1.0099998,0.7733229,0.80784,0.9975944,0.7835602,0.8128166,1.007844
2025-01-01 10:56:00,0.8312912,0.8784684,1.0411819,0.8080207,0.8602583,1.0015768,0.81318915,0.85772496,0.9865283,0.8036642,0.8530974,1.001541,0.7982503,0.82203364,1.0031242,0.78071177,0.80725497,1.0070021,0.8123018,0.85868037,1.0094012,0.77720577,0.8083922,1.0124243,0.78233916,0.8112119,1.0099921,0.77331364,0.80782664,0.9975817,0.78354865,0.8128031,1.007832
2025-01-01 10:57:00,0.8312796,0.878454,1.0411689,0.8080081,0.8602433,1.0015658,0.81318074,0.8577171,0.98652416,0.8036659,0.85309887,1.0015457,0.7982587,0.82204115,1.0031356,0.7807251,0.8072653,1.007015,0.81231457,0.8586899,1.00941,0.7772115,0.808393,1.0124251,0.7823362,0.8112047,1.0099845,0.77330405,0.8078135,0.9975691,0.7835368,0.8127898,1.00782
2025-01-01 10:58:00,0.8312678,0.8784399,1.0411558,0.8079954,0.86022896,1.0015548,0.81317246,0.85770965,0.9865202,0.8036673,0.8531006,1.0015504,0.79826725,0.8220492,1.003147,0.78073835,0.8072762,1.007028,0.8123271,0.85869956,1.0094187,0.777217,0.8083941,1.0124257,0.78233296,0.8111977,1.0099767,0.7732942,0.8078007,0.99755645,0.7835247,0.8127766,1.0078081
2025-01-01 10:59:00,0.83125603,0.8784261,1.0411428,0.8079826,0.860215,1.001544,0.8131643,0.85770255,0.9865163,0.8036687,0.85310256,1.0015553,0.79827577,0.82205766,1.0031583,0.7807516,0.8072875,1.0070409,0.81233937,0.85870934,1.0094274,0.7772224,0.8083955,1.0124263,0.7823297,0.81119096,1.009969,0.7732841,0.807788,0.99754375,0.7835124,0.8127636,1.007796
2025-01-01 11:00:00,0.83135444,0.87778616,1.0372926,0.808044,0.8591184,1.0007627,0.81302345,0.85712415,0.982253,0.804281,0.85281533,1.0008107,0.79834366,0.8212007,1.0012218,0.78108543,0.80639714,1.0063058,0.81294256,0.85856074,1.007327,0.7776609,0.8077709,1.0116687,0.78275615,0.81084675,1.0080935,0.77391946,0.8075579,0.99685156,0.78412294,0.8127495,1.0056916
2025-01-01 11:01:00,0.83143085,0.8772717,1.0347855,0.8080907,0.8582387,1.0002513,0.81290925,0.85666037,0.97948056,0.80477107,0.85258615,1.0003285,0.7983996,0.8205172,0.9999669,0.7813551,0.8056874,1.0058324,0.8134273,0.85844386,1.0059646,0.7780126,0.8072717,1.0111765,0.7830966,0.8105702,1.0068716,0.77442557,0.8073713,0.9963972,0.7846088,0.8127358,1.0043197
2025-01-01 11:02:00,0.83148956,0.8768576,1.0331513,0.80812544,0.85753256,0.99991494,0.8128163,0.8562882,0.9776772,0.80516326,0.8524034,1.0000169,0.7984463,0.81997246,0.9991553,0.7815734,0.8051223,1.0055293,0.8138174,0.85835236,1.0050821,0.77829486,0.80687284,1.0108566,0.7833681,0.8103477,1.0060745,0.7748282,0.8072196,0.9960974,0.7849949,0.81272227,1.0034237
2025-01-01 11:03:00,0.8315341,0.87652373,1.0320843,0.8081507,0.85696536,0.99969274,0.8127405,0.85598934,0.9765038,0.8054772,0.85225785,0.99981606,0.7984854,0.8195388,0.99863183,0.7817507,0.80467284,1.0053368,0.81413174,0.85828114,1.0045114,0.7785216,0.80655426,1.0106488,0.7835844,0.8101684,1.0055536,0.7751481,0.8070958,0.99589807,0.78530115,0.8127089,1.0028371
2025-01-01 11:04:00,0.8315673,0.8762541,1.0313864,0.8081684,0.8565092,0.99954444,0.8126784,0.85574913,0.97573984,0.8057285,0.85214204,0.9996874,0.7985184,0.81919396,0.9982956,0.78189504,0.8043158,1.0052161,0.81438535,0.8582261,1.0041434,0.77870387,0.8062998,1.0105138,0.7837567,0.8100238,1.0052122,0.7754018,0.8069944,0.995764,0.7855436,0.8126958,1.0024518
2025-01-01 11:05:00,0.8315914,0.87603587,1.0309281,0.80818003,0.8561419,0.99944425,0.8126272,0.8555559,0.9752421,0.80592984,0.85205007,0.99960566,0.7985467,0.81892014,0.99808115,0.7820132,0.8040329,1.0051422,0.8145906,0.8581841,1.0039071,0.7788506,0.80609673,1.010426,0.7838935,0.8099068,1.0049874,0.7756025,0.80691075,0.99567235,0.7857349,0.81268275,1.0021973
2025-01-01 11:06:00,0.83160836,0.87585866,1.0306256,0.8081869,0.85584575,0.9993755,0.81258476,0.8554002,0.9749173,0.8060911,0.8519771,0.99955434,0.7985711,0.81870323,0.9979459,0.78211033,0.8038091,1.0050986,0.81475693,0.8581525,1.0037564,0.7789688,0.80593467,1.0103691,0.7840022,0.80981183,1.0048385,0.7757608,0.80684143,0.9956083,0.78588533,0.81266975,1.0020276
2025-01-01 11:07:00,0.8316194,0.87571436,1.0304245,0.80818987,0.8556065,0.9993271,0.8125494,0.8552746,0.97470504,0.8062204,0.8519194,0.99952286,0.79859245,0.8185318,0.99786204,0.78219056,0.80363274,1.0050747,0.81489223,0.8581291,1.0036614,0.7790642,0.80580544,1.010332,0.78408825,0.80973464,1.0047388,0.7758853,0.80678356,0.99556226,0.7860031,0.8126569,1.0019133
2025-01-01 11:08:00,0.8316258,0.8755964,1.030289,0.8081897,0.8554127,0.9992919,0.8125196,0.85517305,0.97456586,0.80632406,0.851874,0.9995042,0.7986114,0.8183968,0.99781156,0.78225744,0.8034943,1.0050637,0.81500274,0.85811234,1.0036025,0.77914137,0.8057025,1.010308,0.7841562,0.8096716,1.0046711,0.77598256,0.8067348,0.9955278,0.7860947,0.8126441,1.001835
2025-01-01 11:09:00,0.8316285,0.8754994,1.0301965,0.8081871,0.8552554,0.9992654,0.81249434,0.85509074,0.9744743,0.8064072,0.8518383,0.999494,0.79862833,0.81829095,0.9977829,0.78231347,0.8033861,1.005061,0.81509334,0.85810095,1.0035671,0.7792039,0.80562055,1.0102923,0.78420955,0.8096197,1.0046242,0.77605814,0.8066934,0.9955009,0.7861654,0.8126314,1.0017799
2025-01-01 11:10:00,0.83162826,0.87541926,1.0301318,0.8081825,0.8551272,0.99924445,0.8124727,0.8550239,0.97441363,0.80647403,0.85181046,0.9994893,0.7986438,0.81820834,0.9977684,0.782361,0.8033022,1.0050639,0.815168,0.8580937,1.003547,0.7792548,0.8055554,1.010282,0.78425133,0.809577,1.0045909,0.7761163,0.80665773,0.9954789,0.7862194,0.8126188,1.0017401
2025-01-01 11:11:00,0.8316256,0.87535256,1.0300851,0.80817634,0.8550224,0.9992273,0.8124539,0.8549694,0.97437316,0.80652773,0.8517889,0.99948823,0.79865795,0.81814444,0.99776304,0.78240156,0.8032377,1.0050701,0.81522995,0.8580898,1.0035366,0.77929634,0.8055036,1.0102754,0.7842839,0.8095415,1.0045662,0.77616066,0.8066268,0.99546015,0.78626,0.81260616,1.00171
2025-01-01 11:12:00,0.83162093,0.87529665,1.0300502,0.80816895,0.8549362,0.9992124,0.81243753,0.85492474,0.9743457,0.806571,0.85177237,0.9994894,0.7986712,0.81809545,0.99776375,0.7824366,0.8031886,1.0050786,0.81528175,0.8580887,1.0035328,0.7793304,0.8054626,1.0102708,0.7843089,0.8095117,1.0045472,0.7761938,0.80659956,0.99544346,0.7862899,0.8125936,1.0016865
2025-01-01 11:13:00,0.8316148,0.87524927,1.0300229,0.8081605,0.8548649,0.99919903,0.81242305,0.854888,0.9743268,0.80660594,0.8517599,0.9994922,0.79868364,0.81805843,0.99776834,0.7824673,0.8031521,1.0050886,0.8153253,0.8580897,1.003533,0.7793584,0.8054301,1.0102679,0.784328,0.8094865,1.0045319,0.77621806,0.8065753,0.995428,0.78631115,0.81258106,1.0016671
2025-01-01 11:14:00,0.8316074,0.87520885,1.0300007,0.8081513,0.8548056,0.9991869,0.81241006,0.8548577,0.9743135,0.8066341,0.8517507,0.99949604,0.7986955,0.81803095,0.99777544,0.7824945,0.80312544,1.0050995,0.8153624,0.85809237,1.003536,0.7793816,0.8054044,1.0102658,0.7843423,0.809465,1.004519,0.77623516,0.8065535,0.9954136,0.78632563,0.81256855,1.0016506
2025-01-01 11:15:00,0.831599,0.8751739,1.0299815,0.80814147,0.8547559,0.9991753,0.81239825,0.85483235,0.9743038,0.806657,0.85174406,0.9995005,0.7987069,0.81801116,0.9977843,0.78251874,0.8031067,1.0051111,0.81539416,0.85809636,1.0035406,0.7794009,0.8053843,1.0102643,0.7843528,0.8094464,1.0045074,0.7762466,0.8065335,0.99539965,0.78633463,0.812556,1.0016358
2025-01-01 11:16:00,0.8315898,0.8751434,1.0299646,0.8081311,0.8547138,0.9991641,0.81238747,0.8548112,0.9742965,0.80667573,0.8517395,0.9995055,0.7987179,0.8179975,0.99779415,0.78254086,0.8030944,1.0051231,0.81542176,0.8581015,1.0035464,0.7794171,0.8053685,1.0102631,0.7843601,0.8094301,1.004497,0.7762534,0.80651504,0.995386,0.7863393,0.81254363,1.0016222
2025-01-01 11:17:00,0.83158,0.87511635,1.0299488,0.80812037,0.85467786,0.9991534,0.81237745,0.85479325,0.9742908,0.806691,0.85173666,0.9995108,0.7987286,0.8179888,0.99780476,0.7825611,0.8030871,1.0051354,0.8154461,0.8581075,1.0035529,0.7794308,0.80535614,1.0102621,0.78436506,0.8094157,1.0044873,0.77625656,0.8064978,0.9953727,0.78634036,0.8125312,1.0016092
2025-01-01 11:18:00,0.8315697,0.87509215,1.0299342,0.8081093,0.8546468,0.9991427,0.8123681,0.854778,0.9742861,0.80670357,0.8517352,0.99951625,0.7987391,0.817984,0.99781585,0.78257996,0.8030839,1.0051477,0.81546766,0.8581141,1.0035598,0.7794425,0.8053465,1.0102613,0.784368,0.8094028,1.0044777,0.7762568,0.80648154,0.9953595,0.7863386,0.81251884,1.0015969
2025-01-01 11:19:00,0.83155894,0.8750702,1.02992,0.80809796,0.8546197,0.9991322,0.8123593,0.85476476,0.9742821,0.80671406,0.8517348,0.9995219,0.7987493,0.8179823,0.99782723,0.78259766,0.80308396,1.0051602,0.815487,0.85812134,1.0035671,0.7794526,0.8053391,1.0102606,0.7843693,0.809391,1.0044687,0.7762546,0.806466,0.99534637,0.78633475,0.8125065,1.001585
2025-01-01 11:20:00,0.8315478,0.87505,1.0299062,0.80808645,0.8545958,0.9991219,0.81235087,0.85475326,0.9742785,0.80672276,0.8517353,0.9995277,0.7987595,0.8179832,0.99783885,0.7826144,0.8030866,1.0051727,0.81550467,0.8581289,1.0035745,0.77946144,0.8053335,1.0102597,0.7843693,0.80938023,1.0044595,0.7762506,0.80645114,0.9953333,0.7863291,0.81249416,1.0015732
2025-01-01 11:21:00,0.8315365,0.87503135,1.0298926,0.80807483,0.8545743,0.99911165,0.8123428,0.8547431,0.97427535,0.80673015,0.85173655,0.99953353,0.7987696,0.81798613,0.99785054,0.78263044,0.8030913,1.0051852,0.81552094,0.85813683,1.0035819,0.77946913,0.80532926,1.010259,0.7843683,0.80937016,1.0044506,0.77624506,0.8064367,0.9953204,0.78632194,0.8124818,1.0015616
2025-01-01 11:22:00,0.8315249,0.87501377,1.0298792,0.80806303,0.85455495,0.9991015,0.8123351,0.8547341,0.9742724,0.80673647,0.85173833,0.9995396,0.79877955,0.81799066,0.99786246,0.78264594,0.80309767,1.0051979,0.815536,0.85814494,1.0035895,0.77947605,0.80532616,1.0102583,0.78436637,0.8093606,1.0044416,0.77623826,0.80642265,0.9953073,0.7863136,0.81246954,1.0015501
2025-01-01 11:23:00,0.83151317,0.8749971,1.0298659,0.80805117,0.8545371,0.99909145,0.81232756,0.854726,0.9742696,0.80674195,0.85174066,0.99954563,0.7987895,0.8179965,0.9978744,0.7826609,0.8031054,1.0052105,0.8155503,0.85815334,1.003597,0.77948225,0.8053239,1.0102575,0.7843638,0.80935156,1.0044327,0.7762305,0.80640894,0.99529433,0.7863044,0.81245726,1.0015386
2025-01-01 11:24:00,0.83150125,0.87498116,1.0298526,0.80803925,0.85452074,0.9990814,0.81232023,0.8547187,0.97426695,0.8067467,0.85174334,0.9995518,0.79879946,0.8180034,0.99788636,0.78267545,0.8031141,1.0052232,0.8155638,0.85816187,1.0036044,0.7794878,0.8053223,1.0102566,0.7843607,0.80934286,1.0044239,0.776222,0.8063955,0.99528134,0.78629446,0.81244504,1.0015273
2025-01-01 11:25:00,0.83148926,0.87496585,1.0298394,0.80802727,0.85450524,0.99907136,0.81231314,0.8547119,0.9742644,0.806751,0.8517464,0.999558,0.79880935,0.81801116,0.99789834,0.78268975,0.8031238,1.0052358,0.8155767,0.8581705,1.0036119,0.7794929,0.8053212,1.0102557,0.78435713,0.80933446,1.0044149,0.7762128,0.8063821,0.99526834,0.786284,0.8124328,1.0015161
2025-01-01 11:26:00,0.8314771,0.87495095,1.0298263,0.8080153,0.85449076,0.9990614,0.81230617,0.85470563,0.9742619,0.8067549,0.85174966,0.9995642,0.79881924,0.8180196,0.99791044,0.7827038,0.8031341,1.0052483,0.81558913,0.8581792,1.0036194,0.7794977,0.80532056,1.0102547,0.78435314,0.8093262,1.0044059,0.77620316,0.806369,0.9952554,0.7862731,0.8124206,1.0015048
2025-01-01 11:27:00,0.8314649,0.87493646,1.0298132,0.8080032,0.85447687,0.99905145,0.8122993,0.85469973,0.9742595,0.80675846,0.85175323,0.9995705,0.79882914,0.81802857,0.99792254,0.7827177,0.8031449,1.005261,0.81560117,0.85818803,1.0036268,0.77950215,0.8053203,1.0102538,0.7843489,0.80931807,1.0043969,0.77619296,0.8063559,0.99524236,0.78626174,0.8124084,1.0014936
2025-01-01 11:28:00,0.83145267,0.87492234,1.0298,0.80799115,0.8544636,0.99904156,0.81229264,0.8546942,0.9742572,0.8067618,0.851757,0.9995768,0.79883903,0.81803805,0.9979347,0.78273135,0.80315614,1.0052735,0.81561285,0.8581968,1.0036342,0.7795064,0.80532026,1.0102527,0.7843444,0.80931014,1.0043879,0.77618253,0.806343,0.99522936,0.7862501,0.8123962,1.0014825
2025-01-01 11:29:00,0.83144027,0.8749083,1.029787,0.8079791,0.8544507,0.99903166,0.81228596,0.8546889,0.9742549,0.8067649,0.85176086,0.9995831,0.798849,0.8180479,0.99794686,0.78274494,0.80316776,1.005286,0.8156243,0.8582057,1.0036416,0.7795103,0.8053204,1.0102515,0.7843396,0.8093022,1.0043788,0.77617186,0.8063301,0.99521637,0.78623825,0.81238407,1.0014713
2025-01-01 11:30:00,0.83157474,0.87440413,1.0258094,0.80809903,0.8535074,0.9982379,0.8122122,0.8542834,0.96998936,0.80744624,0.8516448,0.99882936,0.7990155,0.81740624,0.995975,0.7831955,0.8025363,1.0045391,0.8162855,0.85821736,1.0015013,0.78008026,0.8049613,1.0094781,0.7848836,0.8092086,1.0024698,0.7769486,0.8063699,0.994512,0.78696513,0.81261855,0.99933624
2025-01-01 11:31:00,0.8316798,0.87399817,1.0232193,0.8081927,0.8527505,0.99771863,0.812152,0.8539582,0.967216,0.80799186,0.8515529,0.99834174,0.79915076,0.8168952,0.99469763,0.7835585,0.8020336,1.004058,0.8168165,0.8582285,1.0001127,0.78053683,0.80467415,1.0089749,0.7853178,0.8091321,1.0012257,0.77756757,0.8063992,0.9940496,0.78754413,0.81280375,0.99794453
2025-01-01 11:32:00,0.83176124,0.8736708,1.0215312,0.80826515,0.8521428,0.99737775,0.8121026,0.85369724,0.9654126,0.8084288,0.85148025,0.9980271,0.79926103,0.8164886,0.9938716,0.78385156,0.8016341,1.0037495,0.81724346,0.8582392,0.9992126,0.7809027,0.8044446,1.0086473,0.78566384,0.8090694,1.0004138,0.77806044,0.80642015,0.9937445,0.78800476,0.8129495,0.9970361
2025-01-01 11:33:00,0.83182395,0.87340623,1.0204293,0.80832064,0.85165447,0.9971527,0.81206185,0.8534877,0.9642398,0.80877894,0.85142314,0.99782497,0.7993512,0.8161656,0.993339,0.7840886,0.8013171,1.0035535,0.81758696,0.8582494,0.99863,0.7811959,0.8042611,1.0084339,0.7859396,0.80901766,0.99988276,0.7784523,0.80643433,0.9935416,0.7883707,0.8130637,0.9964418
2025-01-01 11:34:00,0.8318715,0.87319195,1.0197084,0.8083627,0.8512616,0.99700314,0.8120281,0.85331917,0.9634768,0.80905956,0.8513784,0.9976959,0.7994254,0.81590956,0.99299717,0.7842809,0.80106604,1.0034305,0.8178639,0.8582594,0.99825376,0.7814311,0.8041144,1.0082947,0.7861589,0.80897474,0.9995343,0.7787634,0.8064432,0.9934051,0.78866094,0.8131527,0.9960516
2025-01-01 11:35:00,0.83190703,0.873018,1.0192354,0.808394,0.8509452,0.9969026,0.8119999,0.8531837,0.96298015,0.8092846,0.85134363,0.9976144,0.7994868,0.81570697,0.9927792,0.78443736,0.8008678,1.0033548,0.8180874,0.8582691,0.99801165,0.7816197,0.80399716,1.0082037,0.78633326,0.80893886,0.99930453,0.77900994,0.80644774,0.9933119,0.78889054,0.81322145,0.99579424
2025-01-01 11:36:00,0.83193296,0.8728762,1.0189233,0.8084166,0.8506898,0.9968338,0.8119762,0.85307455,0.96265674,0.8094652,0.85131675,0.9975638,0.79953796,0.81554717,0.9926419,0.78456515,0.8007118,1.0033098,0.8182683,0.8582786,0.9978567,0.7817712,0.8039034,1.0081439,0.78647155,0.8089086,0.9991519,0.7792047,0.80644876,0.9932466,0.78907174,0.8132741,0.9956232
2025-01-01 11:37:00,0.8319511,0.8727602,1.0187159,0.80843234,0.85048336,0.9967858,0.81195605,0.85298645,0.962446,0.80961025,0.85129625,0.9975332,0.79958093,0.8154217,0.992557,0.78467,0.80058956,1.003285,0.818415,0.8582878,0.9977584,0.7818929,0.80382854,1.0081044,0.786581,0.8088828,0.99904937,0.77935815,0.8064471,0.99319977,0.78921413,0.81331384,0.99550813
2025-01-01 11:38:00,0.8319631,0.8726647,1.0185765,0.80844253,0.8503161,0.99675137,0.81193876,0.8529153,0.9623084,0.8097269,0.85128087,0.9975158,0.79961735,0.81532353,0.99250615,0.7847564,0.8004943,1.0032732,0.81853443,0.85829693,0.9976968,0.7819907,0.8037687,1.0080782,0.7866673,0.8088605,0.99897933,0.7794785,0.80644315,0.99316466,0.7893256,0.8133433,0.99542964
2025-01-01 11:39:00,0.8319702,0.8725857,1.0184813,0.8084483,0.8501801,0.9967256,0.8119238,0.8528576,0.9622184,0.80982083,0.8512696,0.997507,0.7996486,0.81524736,0.99247736,0.7848283,0.8004208,1.0032698,0.8186319,0.85830593,0.99765915,0.7820695,0.8037209,1.0080605,0.7867351,0.8088411,0.9989305,0.77957237,0.8064375,0.99313724,0.7894122,0.81336445,0.99537486
2025-01-01 11:40:00,0.83197325,0.8725199,1.0184147,0.8084506,0.85006917,0.99670565,0.8119107,0.8528107,0.9621594,0.8098965,0.8512616,0.99750364,0.79967564,0.81518877,0.99246305,0.7848883,0.8003645,1.0032719,0.81871194,0.8583148,0.9976371,0.78213304,0.8036826,1.0080484,0.7867881,0.808824,0.9988954,0.779645,0.8064304,0.9931149,0.7894789,0.813379,0.9953354
2025-01-01 11:41:00,0.8319732,0.87246466,1.018367,0.8084501,0.8499783,0.9966894,0.8118991,0.8527725,0.96212053,0.80995774,0.8512562,0.9975039,0.79969937,0.8151441,0.9924581,0.784939,0.800322,1.0032775,0.8187779,0.85832363,0.99762505,0.78218436,0.8036521,1.0080397,0.7868293,0.8088087,0.99886924,0.77970076,0.80642223,0.99309576,0.7895298,0.8133883,0.9953061
2025-01-01 11:42:00,0.8319706,0.87241787,1.0183315,0.80844724,0.84990346,0.99667555,0.8118887,0.85274124,0.9620947,0.81000733,0.851253,0.9975066,0.79972047,0.81511074,0.99245924,0.78498214,0.80029064,1.0032855,0.8188327,0.8583323,0.9976195,0.78222585,0.8036277,1.0080335,0.786861,0.8087948,0.99884886,0.77974284,0.806413,0.9930787,0.78956807,0.8133934,0.99528325
2025-01-01 11:43:00,0.8319659,0.87237775,1.0183038,0.80844265,0.8498415,0.99666333,0.8118793,0.8527155,0.96207756,0.8100476,0.8512514,0.99751097,0.7997395,0.8150865,0.99246436,0.78501934,0.800268,1.0032951,0.81887853,0.8583409,0.99761826,0.7822595,0.80360824,1.0080287,0.7868851,0.808782,0.9988321,0.7797741,0.80640316,0.9930631,0.7895961,0.81339514,0.99526465
2025-01-01 11:44:00,0.8319596,0.87234306,1.0182812,0.80843663,0.8497897,0.9966522,0.81187063,0.85269433,0.9620659,0.8100805,0.8512513,0.9975163,0.79975677,0.8150693,0.992472,0.7850517,0.80025256,1.0033056,0.81891716,0.85834944,0.9976197,0.78228694,0.8035926,1.0080249,0.786903,0.8087701,0.99881786,0.7797967,0.80639267,0.9930483,0.78961605,0.8133942,0.995249
2025-01-01 11:45:00,0.8319521,0.87231266,1.018262,0.8084295,0.8497463,0.9966417,0.81186265,0.85267663,0.9620579,0.8101075,0.85125226,0.99752223,0.7997726,0.81505793,0.99248135,0.7850802,0.8002427,1.0033166,0.81895,0.85835797,0.9976229,0.7823093,0.80358016,1.0080217,0.78691614,0.808759,0.99880517,0.7798124,0.80638176,0.9930342,0.7896295,0.81339115,0.99523497
2025-01-01 11:46:00,0.8319434,0.8722857,1.0182449,0.80842143,0.8497094,0.99663174,0.8118552,0.8526619,0.96205235,0.81012976,0.8512541,0.9975286,0.7997875,0.81505126,0.99249184,0.7851056,0.8002374,1.003328,0.81897825,0.8583664,0.9976272,0.7823276,0.80357015,1.0080187,0.7869253,0.80874836,0.9987935,0.77982247,0.8063705,0.99302036,0.78963774,0.8133863,0.9952222
2025-01-01 11:47:00,0.831934,0.8722616,1.0182292,0.8084126,0.8496778,0.996622,0.8118482,0.85264945,0.9620483,0.8101483,0.85125667,0.9975354,0.7998015,0.81504816,0.99250305,0.7851286,0.80023575,1.0033398,0.8190028,0.8583747,0.9976322,0.7823426,0.8035621,1.0080161,0.7869314,0.8087383,0.9987824,0.7798281,0.8063588,0.9930068,0.7896418,0.8133801,0.9952103
2025-01-01 11:48:00,0.8319238,0.8722397,1.0182146,0.80840325,0.8496504,0.99661255,0.81184155,0.8526389,0.96204525,0.8101638,0.8512599,0.9975423,0.7998148,0.8150481,0.9925147,0.7851495,0.80023694,1.0033516,0.8190244,0.858383,0.99763775,0.78235507,0.80355567,1.0080136,0.78693485,0.8087285,0.9987717,0.7798301,0.806347,0.9929935,0.78964263,0.8133729,0.9951989
2025-01-01 11:49:00,0.8319131,0.87221944,1.0182005,0.8083935,0.8496265,0.9966033,0.81183517,0.8526298,0.962043,0.81017685,0.8512636,0.9975495,0.79982764,0.8150504,0.99252677,0.78516895,0.80024046,1.0033634,0.8190436,0.8583913,0.99764353,0.7823654,0.8035504,1.0080111,0.78693634,0.808719,0.9987613,0.7798293,0.806335,0.9929802,0.78964084,0.8133648,0.9951878
2025-01-01 11:50:00,0.83190197,0.8722007,1.0181868,0.8083833,0.8496052,0.99659413,0.8118291,0.8526219,0.96204114,0.81018806,0.85126764,0.99755675,0.79984,0.81505466,0.9925389,0.7851871,0.8002458,1.0033754,0.81906086,0.85839945,0.9976494,0.7823741,0.80354613,1.0080086,0.78693616,0.8087096,0.99875104,0.7798262,0.8063227,0.99296695,0.78963685,0.81335604,0.9951769
2025-01-01 11:51:00,0.83189046,0.8721831,1.0181733,0.80837286,0.8495861,0.996585,0.8118231,0.852615,0.96203965,0.8101977,0.85127205,0.9975641,0.7998521,0.81506044,0.9925513,0.78520423,0.8002526,1.0033875,0.8190766,0.85840756,0.9976554,0.78238136,0.8035426,1.0080061,0.7869347,0.8087005,0.99874085,0.7798213,0.8063103,0.9929538,0.7896311,0.8133467,0.99516624
2025-01-01 11:52:00,0.8318787,0.87216634,1.0181601,0.8083622,0.8495688,0.996576,0.8118174,0.85260886,0.9620384,0.8102062,0.8512767,0.9975715,0.7998639,0.81506735,0.99256366,0.7852205,0.8002606,1.0033995,0.81909114,0.8584156,0.9976614,0.78238755,0.8035398,1.0080037,0.7869322,0.80869144,0.9987307,0.77981484,0.80629784,0.99294066,0.78962415,0.81333685,0.9951557
2025-01-01 11:53:00,0.8318668,0.87215036,1.0181469,0.80835134,0.84955287,0.9965671,0.8118118,0.85260344,0.96203727,0.8102137,0.8512816,0.9975791,0.7998755,0.8150753,0.9925762,0.7852362,0.80026954,1.0034115,0.8191046,0.85842365,0.9976675,0.7823928,0.80353737,1.0080012,0.7869288,0.8086825,0.99872065,0.7798072,0.8062852,0.99292743,0.7896161,0.8133268,0.99514526
2025-01-01 11:54:00,0.8318546,0.87213486,1.0181338,0.80834043,0.84953815,0.9965582,0.8118063,0.8525985,0.9620363,0.81022054,0.85128665,0.99758667,0.799887,0.81508404,0.99258876,0.7852513,0.80027926,1.0034236,0.81911737,0.85843164,0.9976735,0.7823974,0.80353534,1.0079987,0.78692466,0.80867356,0.9987105,0.7797986,0.8062726,0.9929144,0.7896072,0.8133164,0.99513483
2025-01-01 11:55:00,0.83184224,0.87211996,1.0181208,0.80832934,0.84952426,0.99654937,0.811801,0.852594,0.9620355,0.81022674,0.8512919,0.9975943,0.7998983,0.81509346,0.99260134,0.7852661,0.8002895,1.0034356,0.81912935,0.85843956,0.99767953,0.7824014,0.8035336,1.0079961,0.78692,0.80866474,0.9987004,0.7797893,0.8062599,0.99290127,0.78959763,0.81330585,0.9951245
2025-01-01 11:56:00,0.8318298,0.87210536,1.0181078,0.80831826,0.84951115,0.9965406,0.8117958,0.8525899,0.9620347,0.8102325,0.8512973,0.997602,0.79990953,0.81510335,0.992614,0.78528047,0.80030036,1.0034477,0.81914085,0.85844743,0.9976855,0.78240484,0.80353206,1.0079935,0.78691494,0.8086559,0.99869025,0.7797794,0.8062471,0.99288815,0.7895874,0.81329507,0.99511427
2025-01-01 11:57:00,0.83181727,0.87209105,1.0180948,0.80830705,0.8494986,0.99653184,0.8117906,0.8525861,0.962034,0.81023794,0.85130286,0.99760973,0.79992074,0.8151138,0.99262667,0.7852946,0.8003115,1.0034596,0.81915194,0.8584553,0.99769145,0.78240794,0.8035307,1.0079907,0.7869094,0.80864704,0.99868006,0.77976894,0.80623436,0.99287504,0.78957677,0.8132842,0.995104
2025-01-01 11:58:00,0.83180463,0.872077,1.0180819,0.80829585,0.84948665,0.99652314,0.8117855,0.8525825,0.9620334,0.810243,0.85130847,0.9976175,0.7999319,0.81512445,0.9926393,0.7853085,0.80032295,1.0034715,0.81916267,0.8584631,0.99769735,0.7824107,0.8035294,1.007988,0.78690356,0.8086382,0.99866986,0.7797581,0.80622154,0.9928619,0.7895659,0.81327325,0.9950939
2025-01-01 11:59:00,0.831792,0.8720631,1.018069,0.8082846,0.84947497,0.9965145,0.8117806,0.8525792,0.96203285,0.81024796,0.85131425,0.9976253,0.799943,0.81513536,0.992652,0.78532225,0.80033463,1.0034835,0.8191731,0.85847086,0.9977032,0.7824132,0.80352825,1.0079851,0.7868975,0.80862933,0.9986596,0.7797469,0.80620867,0.9928488,0.7895547,0.8132622,0.99508375
2025-01-01 12:00:00,0.83196,0.8717034,1.0140342,0.80846107,0.8487017,0.99572235,0.8117752,0.85235363,0.9578406,0.8109863,0.8513713,0.9968758,0.8002053,0.81472045,0.9906799,0.78588134,0.79997313,1.0027381,0.81988066,0.8586424,0.99556124,0.78310436,0.8034409,1.0072095,0.78754956,0.80878776,0.9967509,0.7806511,0.8065178,0.99214476,0.7903849,0.813741,0.99295574
2025-01-01 12:01:00,0.8320919,0.871413,1.011407,0.8086,0.84808105,0.99520445,0.81177,0.85217273,0.95511556,0.8115778,0.8514182,0.9963915,0.8004173,0.81439096,0.9894026,0.78633136,0.79968643,1.0022578,0.8204485,0.8587811,0.9941709,0.78365755,0.80337083,1.0067043,0.7880697,0.80891275,0.99550664,0.7813719,0.8067624,0.9916826,0.79104656,0.81412184,0.99156916
2025-01-01 12:02:00,0.8321948,0.8711781,1.0096949,0.80870885,0.8475826,0.9948649,0.81176496,0.85202754,0.95334417,0.8120518,0.851457,0.9960794,0.80058914,0.8141297,0.9885767,0.7866939,0.79945964,1.0019497,0.8209046,0.8588936,0.99326915,0.78410035,0.80331457,1.0063748,0.7884844,0.8090109,0.9946943,0.7819461,0.8069556,0.99137753,0.79157346,0.8144243,0.9906643
2025-01-01 12:03:00,0.8322745,0.8709875,1.0085776,0.8087938,0.84718186,0.99464124,0.81175995,0.8519109,0.9521927,0.8124318,0.8514893,0.99587935,0.80072886,0.81392324,0.9880444,0.78698653,0.79928064,1.0017537,0.82127136,0.85898507,0.99268496,0.7844548,0.8032694,1.0061595,0.78881466,0.8090876,0.9941625,0.782403,0.8071075,0.99117476,0.79199255,0.8146639,0.99007267
2025-01-01 12:04:00,0.8323357,0.87083244,1.0078468,0.8088594,0.8468592,0.9944929,0.8117551,0.8518172,0.95144427,0.8127368,0.8515164,0.9957523,0.8008428,0.8137604,0.98770285,0.7872233,0.79914004,1.0016303,0.8215666,0.8590597,0.9923071,0.7847386,0.8032329,1.0060185,0.78907746,0.8091472,0.9938132,0.7827659,0.8072264,0.99103826,0.79232544,0.81485337,0.9896847
2025-01-01 12:05:00,0.832382,0.8707057,1.0073673,0.8089097,0.8465992,0.9943936,0.8117504,0.8517418,0.95095766,0.8129816,0.8515394,0.99567246,0.8009362,0.8136326,0.9874853,0.7874152,0.79903,1.0015541,0.82180446,0.85912085,0.99206346,0.7849658,0.8032036,1.0059258,0.7892862,0.80919296,0.9935825,0.7830538,0.8073189,0.99094504,0.7925893,0.8150028,0.98942906
2025-01-01 12:06:00,0.8324165,0.8706018,1.007051,0.8089477,0.84638923,0.9943261,0.81174576,0.851681,0.9506414,0.81317836,0.85155904,0.99562347,0.80101323,0.8135329,0.98734844,0.7875714,0.79894453,1.0015088,0.8219967,0.8591713,0.99190694,0.7851478,0.80317986,1.0058643,0.78945166,0.8092278,0.9934288,0.78328156,0.80739033,0.99087983,0.792798,0.8151201,0.98925936
2025-01-01 12:07:00,0.83244145,0.87051594,1.0068411,0.8089759,0.8462193,0.99427944,0.81174123,0.851632,0.9504358,0.8133367,0.85157615,0.99559456,0.801077,0.81345546,0.987264,0.787699,0.79887867,1.0014834,0.8221522,0.859213,0.99180716,0.78529364,0.8031606,1.005823,0.78958255,0.8092538,0.99332523,0.7834613,0.8074449,0.99083287,0.79296243,0.8152118,0.9891457
2025-01-01 12:08:00,0.83245885,0.8704447,1.0067,0.80899626,0.84608144,0.9942462,0.8117367,0.85159236,0.9503022,0.8134642,0.8515911,0.99557865,0.80113035,0.813396,0.98721355,0.7878036,0.7988284,1.001471,0.8222784,0.8592478,0.9917441,0.7854104,0.80314493,1.0057951,0.7896858,0.8092728,0.99325424,0.7836025,0.80748594,0.99079776,0.79309165,0.8152829,0.98906845
2025-01-01 12:09:00,0.8324701,0.8703851,1.006604,0.8090103,0.84596914,0.99422175,0.8117323,0.85156024,0.95021546,0.8135672,0.85160434,0.9955712,0.80117536,0.8133509,0.98718524,0.7878899,0.79879063,1.0014669,0.8223811,0.85927707,0.9917049,0.785504,0.8031321,1.0057758,0.7897668,0.8092861,0.99320424,0.783713,0.80751616,0.99077034,0.79319257,0.8153376,0.9890148
2025-01-01 12:10:00,0.83247656,0.8703348,1.006537,0.8090194,0.8458774,0.99420303,0.81172794,0.8515342,0.9501591,0.81365055,0.8516163,0.99556935,0.80121356,0.81331724,0.98717135,0.78796154,0.79876304,1.0014684,0.82246506,0.85930187,0.9916813,0.785579,0.80312157,1.0057619,0.7898301,0.8092949,0.99316806,0.78379875,0.8075377,0.9907479,0.79327095,0.81537914,0.9889766
2025-01-01 12:11:00,0.83247906,0.8702919,1.006489,0.80902445,0.84580207,0.9941881,0.81172365,0.85151297,0.9501226,0.81371814,0.8516273,0.9955711,0.8012464,0.81329286,0.9871668,0.7880214,0.79874337,1.0014734,0.82253397,0.85932314,0.99166775,0.78563917,0.8031128,1.0057516,0.7898792,0.8093,0.99314076,0.7838649,0.8075523,0.9907288,0.79333127,0.81541014,0.98894835
2025-01-01 12:12:00,0.8324785,0.870255,1.0064534,0.8090263,0.8457399,0.99417555,0.8117194,0.8514956,0.95009893,0.81377316,0.85163736,0.9955752,0.80127496,0.81327575,0.98716843,0.78807193,0.79873013,1.0014807,0.8225908,0.85934156,0.99166065,0.78568745,0.8031055,1.0057436,0.78991693,0.8093023,0.9931193,0.78391534,0.8075614,0.9907118,0.7933771,0.81543285,0.98892665
2025-01-01 12:13:00,0.8324754,0.8702228,1.0064257,0.8090256,0.8456883,0.9941645,0.8117153,0.8514814,0.95008373,0.81381816,0.8516468,0.99558085,0.80130005,0.8132645,0.987174,0.78811496,0.798722,1.0014895,0.82263803,0.8593576,0.99165785,0.78572613,0.8030993,1.0057372,0.7899456,0.80930215,0.99310154,0.7839531,0.80756605,0.99069613,0.7934113,0.8154488,0.98890924
2025-01-01 12:14:00,0.8324703,0.8701945,1.0064033,0.8090229,0.84564507,0.9941547,0.81171125,0.8514697,0.95007396,0.8138551,0.8516557,0.99558747,0.80132246,0.81325805,0.9871821,0.7881519,0.798718,1.0014993,0.8226776,0.8593719,0.9916578,0.78575724,0.803094,1.0057317,0.78996694,0.8093001,0.9930862,0.7839807,0.8075672,0.9906814,0.79343635,0.81545943,0.9888946
2025-01-01 12:15:00,0.8324637,0.8701692,1.0063843,0.80901855,0.8456087,0.9941455,0.8117072,0.85146004,0.9500678,0.8138857,0.85166425,0.9955948,0.8013426,0.8132553,0.98719186,0.78818405,0.7987172,1.0015095,0.8227109,0.85938466,0.99165946,0.78578216,0.80308944,1.0057268,0.78998244,0.80929667,0.99307245,0.78400034,0.8075655,0.9906673,0.793454,0.81546575,0.98888177
2025-01-01 12:16:00,0.8324557,0.8701464,1.0063676,0.8090129,0.84557766,0.99413687,0.81170326,0.851452,0.950064,0.8139112,0.8516725,0.99560267,0.8013611,0.8132556,0.9872027,0.78821236,0.79871905,1.0015203,0.8227393,0.85939616,0.9916622,0.78580225,0.8030854,1.0057222,0.7899932,0.80929196,0.99305975,0.78401345,0.80756146,0.99065346,0.7934658,0.8154686,0.98887014
2025-01-01 12:17:00,0.8324467,0.87012553,1.0063522,0.8090062,0.845551,0.99412847,0.8116994,0.8514452,0.9500617,0.81393254,0.8516804,0.9956108,0.8013782,0.81325835,0.9872144,0.7882376,0.79872304,1.0015312,0.82276374,0.85940677,0.99166566,0.7858184,0.8030818,1.0057179,0.79000026,0.80928624,0.9930476,0.7840214,0.8075557,0.99064,0.7934728,0.8154688,0.9888593
2025-01-01 12:18:00,0.8324369,0.8701062,1.0063378,0.80899876,0.8455277,0.9941203,0.8116955,0.85143954,0.9500604,0.81395066,0.8516882,0.9956191,0.80139416,0.813263,0.9872264,0.78826034,0.79872864,1.0015423,0.8227849,0.8594166,0.99166965,0.7858313,0.80307853,1.0057137,0.7900043,0.8092798,0.9930359,0.7840252,0.80754834,0.99062663,0.7934761,0.81546676,0.988849
2025-01-01 12:19:00,0.8324265,0.87008816,1.006324,0.8089906,0.84550726,0.9941123,0.8116917,0.8514347,0.9500599,0.8139662,0.85169584,0.9956275,0.80140924,0.81326926,0.9872388,0.7882811,0.79873556,1.0015535,0.82280356,0.8594258,0.9916738,0.7858417,0.80307555,1.0057095,0.7900059,0.80927265,0.99302447,0.7840257,0.80753994,0.9906134,0.79347634,0.8154631,0.98883903
2025-01-01 12:20:00,0.83241546,0.87007105,1.0063107,0.80898196,0.8454891,0.99410444,0.811688,0.8514306,0.9500598,0.8139796,0.8517034,0.99563617,0.80142367,0.8132767,0.9872514,0.7883003,0.79874355,1.0015647,0.8228202,0.8594345,0.9916782,0.78585005,0.8030727,1.0057054,0.79000556,0.80926496,0.99301314,0.7840236,0.8075306,0.9906002,0.7934742,0.815458,0.98882926
2025-01-01 12:21:00,0.8324041,0.8700549,1.0062976,0.8089729,0.84547263,0.9940967,0.8116843,0.851427,0.95006,0.8139915,0.8517109,0.9956449,0.80143756,0.8132852,0.9872641,0.7883182,0.7987524,1.001576,0.82283515,0.85944265,0.99168265,0.7858568,0.80307007,1.0057012,0.7900037,0.8092569,0.99300194,0.78401923,0.80752045,0.9905871,0.7934701,0.8154518,0.9888197
2025-01-01 12:22:00,0.83239233,0.8700393,1.0062846,0.80896354,0.84545773,0.99408907,0.8116807,0.8514239,0.9500605,0.814002,0.8517183,0.9956537,0.8014509,0.8132945,0.98727685,0.78833514,0.79876196,1.0015873,0.82284874,0.85945046,0.9916871,0.78586215,0.80306745,1.0056971,0.7900006,0.80924857,0.9929908,0.78401333,0.8075098,0.99057406,0.7934645,0.81544477,0.9888103
2025-01-01 12:23:00,0.8323803,0.8700242,1.0062717,0.80895394,0.84544396,0.99408144,0.8116771,0.8514212,0.9500611,0.8140115,0.8517257,0.9956625,0.801464,0.8133044,0.9872898,0.7883512,0.798772,1.0015986,0.82286125,0.859458,0.9916916,0.78586644,0.80306494,1.005693,0.7899964,0.80923986,0.99297965,0.784006,0.80749863,0.99056095,0.7934577,0.81543696,0.98880094
2025-01-01 12:24:00,0.8323681,0.8700096,1.006259,0.80894417,0.8454311,0.99407387,0.8116736,0.8514188,0.95006186,0.81402016,0.85173315,0.99567145,0.80147684,0.81331486,0.98730266,0.7883667,0.79878247,1.0016098,0.82287294,0.85946536,0.99169606,0.78586984,0.8030625,1.0056888,0.7899914,0.80923086,0.99296856,0.78399754,0.8074871,0.99054796,0.79344994,0.8154287,0.9887917
2025-01-01 12:25:00,0.8323557,0.86999524,1.0062463,0.8089342,0.84541905,0.9940664,0.8116701,0.8514167,0.95006275,0.81402814,0.85174054,0.9956804,0.8014894,0.8133257,0.98731554,0.7883816,0.7987932,1.0016211,0.82288384,0.85947245,0.9917005,0.7858726,0.80306005,1.0056845,0.7899858,0.8092218,0.9929574,0.7839882,0.80747515,0.9905349,0.79344136,0.8154199,0.9887825
2025-01-01 12:26:00,0.8323431,0.86998117,1.0062337,0.8089242,0.8454076,0.99405897,0.8116667,0.8514148,0.9500637,0.81403565,0.85174793,0.9956894,0.80150187,0.81333697,0.9873286,0.78839606,0.7988043,1.0016322,0.82289433,0.85947937,0.99170494,0.7858747,0.8030577,1.0056802,0.7899795,0.80921245,0.9929462,0.78397816,0.80746305,0.9905219,0.7934322,0.81541085,0.98877347
2025-01-01 12:27:00,0.83233047,0.86996734,1.0062212,0.80891407,0.84539664,0.9940516,0.8116633,0.85141313,0.9500647,0.8140428,0.8517554,0.99569845,0.80151415,0.8133485,0.9873416,0.7884102,0.79881555,1.0016434,0.8229042,0.8594862,0.9917093,0.78587645,0.8030552,1.0056758,0.7899729,0.809203,0.99293506,0.7839675,0.8074507,0.9905089,0.7934225,0.8154015,0.9887644
2025-01-01 12:28:00,0.8323177,0.86995363,1.0062087,0.8089039,0.8453861,0.99404424,0.81166005,0.8514116,0.9500658,0.81404966,0.85176283,0.9957075,0.80152637,0.8133602,0.9873546,0.7884241,0.798827,1.0016546,0.8229138,0.8594929,0.9917136,0.7858777,0.8030528,1.0056714,0.78996587,0.80919343,0.99292386,0.78395647,0.80743825,0.9904959,0.79341245,0.81539196,0.98875535
2025-01-01 12:29:00,0.8323049,0.8699401,1.0061961,0.8088937,0.84537584,0.994037,0.81165683,0.8514102,0.950067,0.8140563,0.8517703,0.99571663,0.8015384,0.8133721,0.9873676,0.78843766,0.7988385,1.0016657,0.82292306,0.8594994,0.9917179,0.78587866,0.80305034,1.005667,0.78995854,0.8091837,0.99291265,0.7839451,0.8074257,0.990483,0.79340214,0.8153823,0.9887464
2025-01-01 12:30:00,0.8325036,0.8697314,1.0021764,0.80912346,0.8447864,0.9932605,0.8117199,0.8513687,0.9460229,0.8148384,0.8519995,0.99498475,0.80189174,0.81319124,0.9854306,0.7890956,0.7987535,1.0009352,0.8236643,0.8598279,0.9896124,0.78667885,0.80323637,1.004903,0.7907068,0.80959153,0.9910385,0.7849606,0.80799836,0.98979175,0.7943209,0.8160969,0.9866637
2025-01-01 12:31:00,0.83265984,0.86956185,0.99955916,0.80930525,0.8443131,0.9927533,0.8117698,0.85133535,0.9433948,0.81546533,0.85218436,0.9945122,0.8021768,0.8130491,0.98417616,0.7896244,0.7986878,1.0004642,0.8242589,0.86009187,0.98824525,0.7873189,0.80338466,1.0044047,0.7913037,0.80991566,0.9898163,0.78577054,0.808454,0.98933804,0.79505354,0.81666654,0.9853068
2025-01-01 12:32:00,0.8327823,0.8694237,0.9978537,0.80944866,0.8439327,0.99242127,0.81180906,0.8513086,0.941687,0.815968,0.8523338,0.99420834,0.8024072,0.8129379,0.98336524,0.79004997,0.7986377,1.0001619,0.8247361,0.86030424,0.987358,0.7878308,0.80350274,1.0040792,0.79177946,0.8101729,0.98901796,0.7864159,0.80881584,0.9890386,0.79563737,0.8171202,0.9844218
2025-01-01 12:33:00,0.83287764,0.86931056,0.99674076,0.80956125,0.8436266,0.9922029,0.81183994,0.851287,0.94057745,0.81637126,0.85245484,0.9940141,0.8025939,0.8128515,0.9828428,0.790393,0.7986001,0.9999692,0.8251195,0.86047536,0.9867826,0.7882403,0.8035966,1.003866,0.7921584,0.81037676,0.98849505,0.7869295,0.8091027,0.9888393,0.7961022,0.8174811,0.9838435
2025-01-01 12:34:00,0.83295125,0.8692174,0.996013,0.80964935,0.84338003,0.9920586,0.81186414,0.85126966,0.93985677,0.8166951,0.8525533,0.9938912,0.8027457,0.81278497,0.98250777,0.7906699,0.79857224,0.99984777,0.8254277,0.8606134,0.98641,0.7885677,0.80367124,1.0037256,0.7924598,0.81053776,0.98815113,0.78733784,0.80932957,0.98870534,0.7964718,0.8177678,0.98346454
2025-01-01 12:35:00,0.8330075,0.8691403,0.9955357,0.80971783,0.8431811,0.9919624,0.8118829,0.85125566,0.93938893,0.8169554,0.85263366,0.9938145,0.8028695,0.81273425,0.98229456,0.79089403,0.7985524,0.99977267,0.8256759,0.86072505,0.98616916,0.78882957,0.8037303,1.0036328,0.79269916,0.8106645,0.98792356,0.78766197,0.8095085,0.9886138,0.7967652,0.81799513,0.9832152
2025-01-01 12:36:00,0.83305,0.8690761,0.99522114,0.8097705,0.84302014,0.9918974,0.81189746,0.8512444,0.9390854,0.81716484,0.8526995,0.99376804,0.80297095,0.81269616,0.98216045,0.7910758,0.7985389,0.99972767,0.82587594,0.8608154,0.98601395,0.78903884,0.803777,1.0035706,0.79288894,0.8107638,0.98777163,0.7879186,0.80964893,0.98854965,0.7969976,0.81817496,0.9830501
2025-01-01 12:37:00,0.83308125,0.86902213,0.9950123,0.8098107,0.8428898,0.99185276,0.81190854,0.8512354,0.9388888,0.8173336,0.85275376,0.99374115,0.8030545,0.8126683,0.98207796,0.7912238,0.7985305,0.99970216,0.8260375,0.86088896,0.9859144,0.7892061,0.80381376,1.0035285,0.7930389,0.8108412,0.9876688,0.78812134,0.8097587,0.9885035,0.79718125,0.8183168,0.9829398
2025-01-01 12:38:00,0.8331037,0.86897635,0.9948723,0.80984074,0.8427837,0.9918214,0.81191695,0.85122806,0.93876153,0.81746984,0.8527988,0.9937271,0.8031238,0.8126486,0.9820289,0.79134476,0.79852617,0.99968934,0.8261683,0.86094886,0.98585093,0.7893398,0.8038425,1.0034994,0.79315716,0.81090105,0.987598,0.78828096,0.80984384,0.98846895,0.79732597,0.81842834,0.9828652
2025-01-01 12:39:00,0.83311903,0.8689372,0.9947769,0.80986285,0.8426972,0.99179864,0.81192315,0.85122216,0.93867946,0.81758004,0.8528364,0.9937212,0.8031816,0.8126353,0.98200154,0.791444,0.798525,0.99968475,0.8262744,0.8609979,0.985811,0.7894465,0.8038649,1.0034786,0.79324996,0.8109468,0.98754793,0.7884061,0.80990934,0.988442,0.7974395,0.81851554,0.98281366
2025-01-01 12:40:00,0.83312863,0.8689033,0.9947106,0.8098786,0.8426263,0.99178153,0.8119276,0.8512174,0.9386268,0.81766945,0.8528681,0.9937208,0.8032303,0.8126273,0.98198843,0.7915259,0.7985264,0.9996856,0.82636076,0.8610382,0.9857862,0.7895317,0.8038821,1.0034633,0.7933224,0.81098133,0.9875113,0.7885036,0.8099592,0.98842,0.7975281,0.8185833,0.9827773
2025-01-01 12:41:00,0.83313376,0.8688736,0.9946633,0.8098891,0.8425679,0.99176806,0.8119308,0.8512136,0.93859327,0.8177423,0.85289514,0.9937239,0.8032716,0.8126234,0.98198444,0.79159397,0.79853,0.9996898,0.82643133,0.8610716,0.98577136,0.78959966,0.80389535,1.0034515,0.79337853,0.81100684,0.9874834,0.7885789,0.8099963,0.98840123,0.7975967,0.8186356,0.9827507
2025-01-01 12:42:00,0.8331352,0.86884725,0.9946282,0.8098956,0.8425196,0.9917571,0.8119328,0.8512104,0.93857217,0.8178017,0.8529184,0.99372935,0.8033071,0.81262285,0.9819864,0.7916509,0.7985351,0.99969625,0.82648927,0.86109936,0.9857629,0.7896538,0.80390525,1.003442,0.7934216,0.8110252,0.9874612,0.7886366,0.81002355,0.9883845,0.7976493,0.8186754,0.9827305
2025-01-01 12:43:00,0.8331337,0.86882365,0.9946011,0.8098988,0.8424793,0.9917476,0.81193393,0.851208,0.9385592,0.8178506,0.8529386,0.99373627,0.803338,0.81262505,0.9819923,0.79169893,0.79854155,0.9997042,0.8265371,0.86112267,0.9857586,0.7896969,0.8039125,1.0034341,0.79345423,0.8110377,0.98744273,0.7886802,0.8100426,0.98836917,0.79768914,0.8187053,0.9827144
2025-01-01 12:44:00,0.8331299,0.8688022,0.99457926,0.80989933,0.8424454,0.99173915,0.8119345,0.851206,0.9385515,0.817891,0.8529565,0.99374425,0.8033651,0.8126293,0.98200065,0.79173994,0.79854906,0.99971306,0.82657677,0.8611424,0.985757,0.7897311,0.8039176,1.003427,0.79347855,0.81104565,0.9874266,0.78871244,0.81005526,0.9883547,0.7977188,0.8187273,0.9827011
2025-01-01 12:45:00,0.8331242,0.8687824,0.9945607,0.8098979,0.8424166,0.99173146,0.8119344,0.85120445,0.93854725,0.8179246,0.8529724,0.99375284,0.8033893,0.8126353,0.9820107,0.7917752,0.79855734,0.9997225,0.82661,0.8611592,0.9857571,0.7897582,0.803921,1.0034205,0.79349613,0.8110498,0.987412,0.7887356,0.8100628,0.9883408,0.7977404,0.81874293,0.9826896
2025-01-01 12:46:00,0.83311707,0.8687641,0.9945445,0.80989474,0.84239197,0.99172425,0.811934,0.85120326,0.9385453,0.8179528,0.8529869,0.99376184,0.803411,0.81264263,0.98202187,0.79180586,0.79856634,0.9997323,0.826638,0.8611737,0.9857583,0.7897796,0.803923,1.0034143,0.7935084,0.8110511,0.9873984,0.7887516,0.8100662,0.98832726,0.7977554,0.8187535,0.9826793
2025-01-01 12:47:00,0.8331088,0.8687469,0.9945297,0.8098903,0.8423706,0.9917173,0.8119333,0.8512023,0.93854487,0.8179767,0.8530001,0.99377126,0.80343086,0.8126511,0.9820336,0.7918329,0.7985759,0.9997424,0.8266618,0.8611863,0.9857602,0.7897965,0.8039239,1.0034083,0.79351634,0.81104994,0.98738545,0.7887617,0.8100663,0.98831403,0.79776525,0.81876004,0.9826698
2025-01-01 12:48:00,0.8330995,0.86873055,0.9945158,0.80988485,0.842352,0.99171054,0.81193227,0.85120165,0.9385454,0.8179971,0.8530124,0.9937808,0.8034492,0.81266046,0.98204595,0.79185706,0.7985858,0.9997525,0.8266823,0.8611975,0.98576254,0.7898097,0.80392396,1.0034026,0.79352087,0.81104684,0.9873729,0.7887672,0.8100638,0.988301,0.79777086,0.8187633,0.9826607
2025-01-01 12:49:00,0.8330894,0.868715,0.99450254,0.8098785,0.84233546,0.9917041,0.8119311,0.8512012,0.9385466,0.8180148,0.8530238,0.9937905,0.8034663,0.81267047,0.98205847,0.7918789,0.798596,0.9997628,0.82670015,0.86120737,0.9857651,0.78982,0.80392325,1.0033967,0.7935226,0.8110422,0.9873606,0.78876907,0.81005913,0.98828804,0.7977732,0.81876403,0.982652
2025-01-01 12:50:00,0.8330788,0.8686999,0.9944897,0.8098715,0.8423206,0.99169767,0.8119298,0.8512008,0.93854827,0.8180303,0.8530348,0.99380034,0.8034825,0.8126811,0.9820712,0.7918988,0.7986066,0.9997731,0.82671577,0.8612163,0.9857678,0.78982794,0.8039219,1.003391,0.79352206,0.8110364,0.98734844,0.7887679,0.81005275,0.9882751,0.7977729,0.81876266,0.9826436
2025-01-01 12:51:00,0.83306766,0.86868536,0.99447715,0.809864,0.8423072,0.99169135,0.8119284,0.8512007,0.9385502,0.818044,0.85304517,0.99381024,0.8034979,0.81269217,0.9820841,0.7919172,0.79861724,0.9997834,0.82672966,0.8612245,0.98577064,0.78983396,0.8039201,1.0033853,0.7935198,0.81102955,0.9873364,0.7887643,0.8100451,0.9882623,0.7977705,0.8187597,0.9826354
2025-01-01 12:52:00,0.83305615,0.8686712,0.9944648,0.8098561,0.8422949,0.99168515,0.8119269,0.85120064,0.9385524,0.81805634,0.85305524,0.9938202,0.8035127,0.8127036,0.9820971,0.79193443,0.7986281,0.9997937,0.8267422,0.8612319,0.98577344,0.78983843,0.8039178,1.0033796,0.7935161,0.8110219,0.9873245,0.7887589,0.8100364,0.98824954,0.7977664,0.81875545,0.9826272
2025-01-01 12:53:00,0.83304435,0.86865723,0.9944526,0.8098479,0.8422834,0.99167895,0.8119255,0.85120076,0.9385547,0.81806767,0.8530651,0.9938302,0.803527,0.81271535,0.98211,0.7919507,0.79863906,0.99980396,0.82675356,0.8612389,0.98577625,0.78984165,0.80391526,1.0033739,0.7935112,0.81101364,0.9873125,0.7887519,0.81002676,0.9882367,0.7977609,0.8187502,0.9826192
2025-01-01 12:54:00,0.83303225,0.8686435,0.99444044,0.8098395,0.84227276,0.99167293,0.8119239,0.85120094,0.93855715,0.8180781,0.85307467,0.9938403,0.80354095,0.8127274,0.98212314,0.79196614,0.7986501,0.9998143,0.826764,0.8612455,0.9857791,0.7898439,0.80391246,1.0033681,0.7935054,0.81100476,0.9873005,0.7887437,0.81001645,0.988224,0.79775435,0.81874406,0.98261124
2025-01-01 12:55:00,0.83302003,0.8686301,0.99442834,0.8098308,0.8422626,0.9916669,0.8119224,0.85120124,0.9385598,0.8180878,0.8530841,0.99385047,0.80355453,0.81273955,0.98213613,0.791981,0.79866123,0.9998245,0.82677364,0.86125165,0.98578185,0.78984535,0.8039094,1.0033622,0.7934988,0.8109955,0.98728853,0.78873444,0.81000555,0.9882113,0.797747,0.8187373,0.9826034
2025-01-01 12:56:00,0.83300763,0.8686168,0.9944163,0.809822,0.8422531,0.99166095,0.8119209,0.8512016,0.9385624,0.81809694,0.8530934,0.9938606,0.8035679,0.8127518,0.98214924,0.7919952,0.7986724,0.9998347,0.82678276,0.8612575,0.98578465,0.7898461,0.80390614,1.0033563,0.79349166,0.8109859,0.9872766,0.7887245,0.80999434,0.98819864,0.79773897,0.81873006,0.9825956
2025-01-01 12:57:00,0.83299506,0.86860365,0.99440426,0.80981314,0.84224385,0.99165505,0.8119194,0.851202,0.9385651,0.8181057,0.85310256,0.9938708,0.8035811,0.81276435,0.98216236,0.7920091,0.7986836,0.9998449,0.8267914,0.8612631,0.9857874,0.7898463,0.80390275,1.0033504,0.793484,0.810976,0.9872646,0.788714,0.8099827,0.988186,0.79773045,0.81872237,0.9825879
2025-01-01 12:58:00,0.8329824,0.8685906,0.99439234,0.80980414,0.8422349,0.99164915,0.8119179,0.8512026,0.93856794,0.81811416,0.8531117,0.99388105,0.8035941,0.81277686,0.98217547,0.79202276,0.7986948,0.99985504,0.82679963,0.8612686,0.98579,0.7898461,0.80389917,1.0033444,0.79347587,0.81096596,0.98725265,0.78870285,0.80997074,0.9881733,0.79772145,0.81871444,0.9825802
2025-01-01 12:59:00,0.8329697,0.86857766,0.9943805,0.80979514,0.8422263,0.99164337,0.8119165,0.8512032,0.9385708,0.8181223,0.8531208,0.9938913,0.80360705,0.8127895,0.9821886,0.79203606,0.79870605,0.9998652,0.8268075,0.86127377,0.98579264,0.7898455,0.8038955,1.0033383,0.7934675,0.81095564,0.9872406,0.7886914,0.80995864,0.98816067,0.7977121,0.8187063,0.98257256
2025-01-01 13:00:00,0.8331953,0.86852366,0.9904474,0.8100741,0.8418312,0.9908964,0.81204695,0.85134643,0.93474704,0.8189343,0.853518,0.99319005,0.8040452,0.812846,0.98032117,0.79278094,0.79889905,0.9991625,0.8275693,0.8617533,0.9837612,0.7907405,0.80435145,1.0025996,0.79429865,0.81160533,0.9854343,0.7898003,0.81078494,0.98749477,0.79870296,0.8196438,0.9805721
2025-01-01 13:01:00,0.8333733,0.8684779,0.9878868,0.8102954,0.84151363,0.99040896,0.812151,0.85146123,0.9322627,0.81958544,0.8538376,0.9927379,0.8043981,0.81289375,0.9791119,0.79337925,0.7990557,0.9987092,0.8281801,0.8621378,0.9824416,0.7914559,0.8047154,1.0021172,0.79496163,0.81212294,0.98425597,0.7906847,0.8114433,0.9870575,0.79949355,0.8203921,0.97926915
2025-01-01 13:02:00,0.83351296,0.8684388,0.9862182,0.8104707,0.8412581,0.99009013,0.8122341,0.85155326,0.930649,0.8201078,0.8540951,0.9924476,0.8046831,0.8129346,0.9783305,0.7938603,0.79918325,0.9984181,0.82866997,0.8624463,0.98158467,0.7920279,0.8050057,1.0018015,0.79549,0.8125347,0.98348576,0.79138964,0.8119675,0.9867689,0.80012393,0.8209889,0.97841966
2025-01-01 13:03:00,0.83362216,0.868405,0.9851296,0.8106091,0.84105223,0.989881,0.8123004,0.8516271,0.9296012,0.82052714,0.8543028,0.99226266,0.8049135,0.81296974,0.97782713,0.7942476,0.79928756,0.9982323,0.82906306,0.86269397,0.98102844,0.79248494,0.80523705,1.0015941,0.7959108,0.81286186,0.9829809,0.791951,0.81238425,0.9865769,0.80062616,0.82146454,0.9778649
2025-01-01 13:04:00,0.8337069,0.8683755,0.9844179,0.810718,0.840886,0.9897432,0.8123532,0.8516864,0.9289213,0.8208641,0.8544709,0.9921461,0.8051003,0.81300056,0.9775045,0.79455996,0.7993732,0.998115,0.82937884,0.8628929,0.9806677,0.7928502,0.80542123,1.001457,0.7962454,0.8131214,0.98264843,0.79239744,0.812715,0.98644775,0.8010258,0.82184327,0.97750175
2025-01-01 13:05:00,0.83377206,0.86834925,0.98395115,0.81080335,0.8407516,0.9896517,0.81239516,0.85173416,0.9284805,0.82113516,0.85460716,0.992074,0.8052524,0.8130278,0.9772994,0.79481214,0.79944396,0.99804217,0.82963276,0.8630529,0.98043394,0.7931419,0.8055676,1.0013655,0.79651105,0.8133267,0.9824281,0.79275197,0.812977,0.98635936,0.8013434,0.8221444,0.97726315
2025-01-01 13:06:00,0.83382165,0.8683259,0.9836437,0.8108698,0.8406427,0.9895903,0.8124286,0.8517726,0.9281952,0.8213535,0.85471797,0.99203086,0.8053764,0.8130522,0.9771707,0.79501635,0.79950273,0.99799824,0.8298371,0.86318177,0.9802827,0.7933748,0.80568385,1.0013039,0.79672164,0.8134888,0.9822806,0.793033,0.8131841,0.9862976,0.80159545,0.8223836,0.97710556
2025-01-01 13:07:00,0.8338587,0.86830467,0.9834398,0.8109212,0.84055406,0.9895486,0.8124551,0.8518036,0.9280109,0.8215297,0.85480857,0.9920066,0.8054783,0.8130743,0.97709155,0.79518217,0.79955196,0.99797314,0.8300018,0.86328566,0.9801852,0.7935605,0.80577594,1.0012616,0.7968881,0.81361616,0.9821805,0.7932552,0.8133471,0.986253,0.801795,0.8225732,0.9770006
2025-01-01 13:08:00,0.8338858,0.86828524,0.9833031,0.8109606,0.84048176,0.98951966,0.8124763,0.8518287,0.9278923,0.82167214,0.85488284,0.9919945,0.80556226,0.8130946,0.97704476,0.7953172,0.7995935,0.9979602,0.83013475,0.86336964,0.9801225,0.7937086,0.8058486,1.0012317,0.79701924,0.81371576,0.9821111,0.7934303,0.81347495,0.98621976,0.8019526,0.82272303,0.9769299
2025-01-01 13:09:00,0.8339048,0.8682672,0.98321027,0.81099033,0.8404225,0.98949903,0.81249297,0.8518491,0.9278165,0.82178766,0.85494417,0.9919904,0.805632,0.81311345,0.97701895,0.7954276,0.799629,0.99795514,0.83024234,0.86343753,0.9800824,0.79382664,0.8059058,1.00121,0.7971221,0.8137932,0.98206174,0.79356784,0.8135747,0.9861938,0.8020766,0.8228412,0.97688144
2025-01-01 13:10:00,0.83391744,0.86825025,0.98314583,0.81101227,0.8403737,0.98948383,0.81250626,0.8518657,0.92776847,0.8218816,0.85499513,0.9919915,0.8056903,0.81313115,0.9770067,0.7955184,0.7996595,0.99795526,0.8303296,0.86349267,0.98005706,0.7939205,0.80595064,1.0011935,0.7972024,0.81385285,0.9820253,0.7936751,0.8136518,0.98617244,0.80217373,0.82293403,0.9768475
2025-01-01 13:11:00,0.83392495,0.86823416,0.98309994,0.8110282,0.8403333,0.98947215,0.8125167,0.85187924,0.92773855,0.8219583,0.85503775,0.99199593,0.80573946,0.81314796,0.97700334,0.7955934,0.79968613,0.99795866,0.8304006,0.86353755,0.98004115,0.793995,0.80598557,1.0011805,0.79726464,0.81389827,0.9819973,0.79375845,0.8137109,0.9861543,0.80224943,0.8230065,0.976823
2025-01-01 13:12:00,0.8339284,0.8682189,0.9830661,0.8110391,0.84029955,0.98946273,0.812525,0.85189044,0.92772037,0.8220212,0.85507375,0.9920026,0.8057813,0.81316394,0.97700566,0.7956558,0.7997097,0.9979642,0.8304586,0.86357427,0.9800315,0.7940541,0.80601245,1.0011696,0.7973123,0.81393236,0.98197484,0.7938224,0.8137557,0.98613816,0.80230796,0.82306284,0.9768046
2025-01-01 13:13:00,0.8339286,0.8682042,0.9830401,0.8110461,0.84027123,0.9894549,0.8125315,0.8518998,0.9277099,0.8220731,0.8551044,0.9920107,0.80581737,0.8131794,0.97701174,0.79570806,0.7997306,0.9979712,0.83050615,0.8636043,0.98002577,0.79410076,0.80603296,1.0011601,0.7973484,0.8139573,0.98195595,0.79387105,0.8137889,0.9861233,0.8023528,0.8231061,0.97679025
2025-01-01 13:14:00,0.8339261,0.86819,0.9830191,0.81105006,0.8402472,0.98944813,0.81253654,0.85190755,0.9277044,0.8221162,0.85513085,0.9920198,0.8058488,0.81319433,0.9770203,0.7957522,0.7997495,0.997979,0.83054537,0.86362916,0.98002267,0.7941376,0.8060484,1.0011516,0.7973752,0.8139749,0.98193926,0.7939073,0.81381285,0.98610944,0.8023866,0.8231391,0.97677857
2025-01-01 13:15:00,0.8339216,0.86817616,0.9830015,0.8110515,0.8402266,0.98944205,0.81254053,0.85191417,0.9277022,0.82215226,0.855154,0.9920295,0.8058764,0.81320894,0.97703046,0.79578996,0.7997668,0.99798733,0.8305779,0.8636497,0.9800212,0.7941664,0.8060597,1.0011436,0.7973946,0.8139868,0.9819241,0.7939336,0.8138294,0.986096,0.8024116,0.82316375,0.9767686
2025-01-01 13:16:00,0.8339154,0.86816263,0.98298603,0.8110509,0.84020877,0.9894363,0.8125437,0.8519198,0.9277021,0.82218266,0.8551743,0.9920396,0.805901,0.81322324,0.9770416,0.7958225,0.79978275,0.9979961,0.8306051,0.8636669,0.98002076,0.79418886,0.80606776,1.001136,0.79740804,0.81399393,0.98190993,0.7939521,0.81384015,0.98608303,0.8024296,0.82318175,0.97675973
2025-01-01 13:17:00,0.83390784,0.8681493,0.982972,0.81104875,0.8401932,0.989431,0.81254613,0.8519247,0.92770344,0.82220864,0.85519254,0.99205,0.80592334,0.81323725,0.9770534,0.79585093,0.7997977,0.99800503,0.8306279,0.8636814,0.98002106,0.79420626,0.8060732,1.0011286,0.79741675,0.8139973,0.98189634,0.79396427,0.8138461,0.98607033,0.802442,0.8231945,0.9767516
2025-01-01 13:18:00,0.8338992,0.8681362,0.982959,0.8110453,0.84017944,0.9894259,0.81254804,0.851929,0.9277057,0.822231,0.85520905,0.99206066,0.8059437,0.8132511,0.9770657,0.795876,0.7998118,0.99801415,0.8306473,0.86369365,0.9800217,0.7942195,0.8060764,1.0011212,0.7974216,0.81399775,0.98188317,0.79397136,0.8138484,0.9860577,0.80245,0.823203,0.97674406
2025-01-01 13:19:00,0.8338898,0.8681233,0.9829464,0.81104094,0.84016705,0.9894209,0.81254953,0.85193294,0.9277086,0.82225055,0.85522425,0.9920714,0.8059626,0.81326485,0.9770782,0.79589844,0.7998252,0.9980233,0.8306639,0.8637042,0.9800226,0.7942295,0.80607796,1.0011139,0.79742336,0.8139957,0.98187023,0.7939744,0.8138476,0.98604524,0.80245435,0.82320815,0.97673684
2025-01-01 13:20:00,0.83387965,0.86811054,0.98293436,0.81103575,0.8401559,0.98941606,0.8125507,0.85193646,0.92771196,0.8222678,0.8552383,0.99208224,0.8059802,0.8132784,0.9770909,0.79591876,0.79983795,0.99803245,0.83067834,0.86371326,0.9800237,0.7942368,0.8060782,1.0011067,0.7974227,0.8139918,0.9818574,0.7939743,0.8138444,0.98603284,0.8024559,0.82321066,0.97672987
2025-01-01 13:21:00,0.833869,0.8680979,0.98292255,0.81103,0.84014565,0.98941135,0.8125516,0.8519397,0.9277156,0.82228327,0.85525155,0.9920932,0.8059969,0.8132919,0.9771037,0.7959373,0.79985034,0.9980417,0.8306909,0.8637212,0.9800248,0.794242,0.80607724,1.0010996,0.7974201,0.8139863,0.9818448,0.7939715,0.81383926,0.9860205,0.8024552,0.82321095,0.9767231
2025-01-01 13:22:00,0.83385783,0.8680853,0.982911,0.8110237,0.8401362,0.9894067,0.81255233,0.8519427,0.9277195,0.8222973,0.85526407,0.9921042,0.80601287,0.8133053,0.97711664,0.7959545,0.7998623,0.9980508,0.83070207,0.8637282,0.98002595,0.79424554,0.8060754,1.0010923,0.7974158,0.8139795,0.9818322,0.7939667,0.8138326,0.9860083,0.80245256,0.8232095,0.97671634
2025-01-01 13:23:00,0.83384645,0.86807287,0.98289955,0.811017,0.84012735,0.9894021,0.8125529,0.85194564,0.92772347,0.8223101,0.8552761,0.9921152,0.8060281,0.8133186,0.9771296,0.7959706,0.799874,0.9980599,0.8307121,0.8637344,0.9800271,0.7942476,0.8060729,1.001085,0.7974103,0.81397176,0.98181957,0.7939602,0.8138247,0.985996,0.8024486,0.82320684,0.9767097
2025-01-01 13:24:00,0.83383477,0.8680605,0.9828882,0.81101,0.840119,0.9893976,0.81255347,0.8519484,0.9277276,0.8223221,0.8552878,0.99212635,0.8060429,0.8133319,0.9771425,0.7959859,0.79988545,0.9980691,0.8307211,0.8637401,0.9800282,0.79424864,0.8060697,1.0010778,0.7974038,0.8139632,0.981807,0.7939524,0.8138159,0.9859838,0.80244344,0.823203,0.9767033
2025-01-01 13:25:00,0.8338228,0.86804813,0.9828769,0.8110028,0.8401111,0.9893932,0.8125539,0.85195106,0.9277319,0.82233334,0.85529906,0.99213743,0.80605733,0.81334525,0.97715545,0.7960003,0.7998967,0.99807817,0.8307294,0.8637452,0.9800293,0.79424876,0.80606604,1.0010704,0.7973964,0.813954,0.9817944,0.7939435,0.81380624,0.9859716,0.8024374,0.8231984,0.9766968
2025-01-01 13:26:00,0.8338107,0.86803585,0.9828657,0.81099546,0.84010345,0.9893888,0.81255424,0.8519537,0.92773616,0.82234395,0.8553101,0.9921486,0.8060714,0.8133584,0.97716844,0.7960142,0.7999078,0.9980872,0.83073705,0.8637499,0.98003036,0.7942481,0.806062,1.001063,0.79738843,0.8139442,0.98178184,0.79393387,0.813796,0.98595953,0.8024307,0.8231931,0.9766905
2025-01-01 13:27:00,0.8337985,0.8680236,0.9828545,0.81098795,0.8400961,0.9893845,0.8125546,0.8519563,0.9277405,0.8223542,0.85532093,0.9921598,0.8060852,0.81337166,0.97718143,0.7960277,0.7999187,0.9980962,0.8307442,0.8637543,0.98003143,0.79424685,0.8060576,1.0010556,0.79737985,0.8139341,0.9817693,0.79392344,0.8137852,0.9859474,0.80242336,0.82318723,0.9766842
2025-01-01 13:28:00,0.83378613,0.86801136,0.98284334,0.8109803,0.84008914,0.9893802,0.81255496,0.85195893,0.927745,0.82236403,0.85533154,0.992171,0.80609894,0.81338483,0.9771944,0.7960408,0.7999295,0.9981052,0.8307509,0.8637583,0.9800324,0.7942451,0.806053,1.0010482,0.79737085,0.81392354,0.9817567,0.79391253,0.81377405,0.98593533,0.8024155,0.8231809,0.97667795
2025-01-01 13:29:00,0.83377373,0.8679992,0.98283225,0.8109726,0.8400822,0.98937595,0.8125554,0.8519615,0.9277495,0.8223737,0.8553421,0.9921823,0.8061124,0.81339794,0.9772074,0.7960535,0.7999403,0.99811417,0.8307573,0.86376214,0.9800333,0.794243,0.8060481,1.0010406,0.7973615,0.81391275,0.9817441,0.79390115,0.8137626,0.98592323,0.8024074,0.8231744,0.9766718
2025-01-01 13:30:00,0.8340225,0.86810076,0.97905564,0.8112959,0.8398885,0.9886718,0.8127508,0.852287,0.9242139,0.82320106,0.8559004,0.9915241,0.80662745,0.81369084,0.9754426,0.7968722,0.80040795,0.9974519,0.83152604,0.86438423,0.97811186,0.79521674,0.8067661,1.0003402,0.7982609,0.814793,0.9800377,0.79508346,0.81482774,0.98529434,0.8034528,0.8243184,0.9747891
2025-01-01 13:31:00,0.834219,0.8681797,0.976597,0.81155306,0.8397324,0.9882127,0.81290734,0.85254794,0.92191744,0.82386464,0.85634905,0.9911002,0.80704206,0.81392777,0.9743001,0.7975294,0.8007841,0.9970245,0.83214206,0.86488247,0.9768632,0.79599494,0.8073394,0.99988234,0.7989782,0.8154948,0.97892404,0.79602677,0.81567734,0.98488134,0.8042873,0.825232,0.97356325
2025-01-01 13:32:00,0.8343736,0.8682404,0.9749951,0.8117571,0.83960634,0.9879129,0.81303257,0.8527573,0.9204264,0.8243973,0.85671,0.99082875,0.8073763,0.81411994,0.97356194,0.7980575,0.80108714,0.9967497,0.8326358,0.8652816,0.97605175,0.79661673,0.8077967,0.999582,0.79954994,0.81605387,0.9781958,0.79677874,0.81635445,0.98460865,0.8049529,0.82596135,0.9727644
2025-01-01 13:33:00,0.8344948,0.86828655,0.97394997,0.8119188,0.83950424,0.9877167,0.81313294,0.85292524,0.9194589,0.82482517,0.8570008,0.9906562,0.80764633,0.8142763,0.97308666,0.79848224,0.8013315,0.99657416,0.8330318,0.86560136,0.9755245,0.79711336,0.80816144,0.99938405,0.8000051,0.81649876,0.977718,0.79737777,0.81689364,0.9844273,0.8054836,0.82654333,0.972243
2025-01-01 13:34:00,0.8345892,0.8683211,0.97326684,0.81204665,0.83942145,0.98758775,0.81321335,0.85306025,0.9188318,0.8251692,0.85723555,0.9905481,0.80786496,0.814404,0.97278225,0.7988243,0.80152905,0.99646306,0.83334947,0.8658578,0.975182,0.7975099,0.808452,0.9992526,0.800367,0.81685215,0.9774029,0.79785436,0.81732243,0.9843052,0.80590624,0.82700735,0.97190213
2025-01-01 13:35:00,0.8346622,0.8683464,0.9728191,0.8121474,0.83935404,0.9875026,0.81327784,0.8531688,0.9184259,0.8254462,0.8574254,0.99048185,0.80804247,0.8145088,0.9725889,0.7991002,0.8016891,0.99639386,0.83360463,0.86606336,0.9749595,0.79782623,0.8086833,0.9991644,0.80065435,0.81713253,0.9771937,0.79823303,0.81766295,0.98422164,0.80624247,0.8273771,0.9716785
2025-01-01 13:36:00,0.83471805,0.8683642,0.97252417,0.8122265,0.83929896,0.987446,0.8133296,0.8532563,0.9181638,0.8256696,0.8575793,0.9904428,0.80818707,0.8145952,0.9724678,0.79932326,0.80181915,0.99635184,0.8338096,0.8662284,0.9748151,0.79807854,0.80886704,0.9991043,0.800882,0.8173544,0.9770532,0.7985334,0.8179329,0.9841632,0.8065097,0.82767135,0.97153115
2025-01-01 13:37:00,0.8347602,0.86837614,0.9723287,0.8122882,0.8392538,0.9874079,0.8133712,0.8533268,0.91799515,0.82585007,0.8577045,0.9904215,0.8083053,0.814667,0.9723935,0.7995039,0.8019252,0.9963275,0.83397454,0.8663609,0.97472125,0.7982795,0.8090128,0.9990625,0.8010619,0.8175295,0.9769575,0.798771,0.81814635,0.9841211,0.80672157,0.82790524,0.9714334
2025-01-01 13:38:00,0.8347914,0.86838335,0.97219795,0.8123361,0.83921653,0.9873819,0.8134046,0.85338384,0.9178874,0.8259962,0.8578068,0.99041164,0.80840254,0.814727,0.9723497,0.7996507,0.802012,0.9963147,0.8341074,0.8664673,0.9746604,0.7984395,0.80912817,0.9990325,0.8012037,0.8176671,0.9768908,0.79895854,0.8183145,0.98408955,0.80688924,0.8280909,0.9713679
2025-01-01 13:39:00,0.8348139,0.8683867,0.97210914,0.8123729,0.8391856,0.9873637,0.81343156,0.85343015,0.91781914,0.8261149,0.8578907,0.9904094,0.8084829,0.81477773,0.9723258,0.79977036,0.80208343,0.9963093,0.8342146,0.86655295,0.97462094,0.79856664,0.8092192,0.99901015,0.80131483,0.81777483,0.97684294,0.799106,0.8184466,0.98406494,0.80702156,0.82823795,0.9713233
2025-01-01 13:40:00,0.83482933,0.8683871,0.97204775,0.8124009,0.8391598,0.9873507,0.8134533,0.8534678,0.9177765,0.82621163,0.8579599,0.9904119,0.80854976,0.8148208,0.9723148,0.7998683,0.8021426,0.9963087,0.83430123,0.8666219,0.9745953,0.79866743,0.80929077,0.99899286,0.8014015,0.8178586,0.97680736,0.7992213,0.8185497,0.98404485,0.8071256,0.82835406,0.97129244
2025-01-01 13:41:00,0.8348392,0.868385,0.9720041,0.8124218,0.83913803,0.987341,0.81347096,0.85349864,0.9177507,0.8262909,0.85801744,0.99041766,0.8086059,0.81485796,0.97231203,0.79994893,0.8021919,0.99631125,0.8343714,0.8666775,0.97457874,0.7987472,0.80934674,0.9989787,0.8014687,0.8179231,0.9767798,0.7993109,0.8186297,0.9840276,0.80720705,0.82844555,0.9712705
2025-01-01 13:42:00,0.8348446,0.868381,0.97197205,0.81243706,0.83911955,0.9873335,0.81348526,0.8535239,0.9177358,0.82635605,0.8580655,0.99042547,0.8086534,0.8148903,0.9723148,0.8000156,0.8022332,0.99631584,0.83442837,0.86672246,0.974568,0.7988102,0.8093902,0.99896663,0.8015201,0.8179723,0.97675735,0.79938006,0.8186912,0.98401237,0.80727035,0.8285172,0.9712543
2025-01-01 13:43:00,0.8348464,0.8683755,0.97194743,0.81244785,0.8391037,0.98732746,0.81349695,0.85354483,0.917728,0.8264101,0.8581061,0.9904346,0.808694,0.8149188,0.9723211,0.8000712,0.8022683,0.9963216,0.8344748,0.8667588,0.97456104,0.7988596,0.8094237,0.9989559,0.801559,0.8180092,0.97673833,0.7994328,0.8187379,0.98399836,0.8073192,0.82857317,0.9712419
2025-01-01 13:44:00,0.8348453,0.86836874,0.9719278,0.81245494,0.83909,0.9873224,0.81350654,0.85356224,0.9177248,0.8264551,0.85814077,0.99044466,0.808729,0.81494415,0.9723296,0.8001179,0.8022983,0.9963283,0.8345128,0.8667883,0.97455645,0.7988982,0.80944914,0.998946,0.80158794,0.8180363,0.97672147,0.79947233,0.81877273,0.9839851,0.80735654,0.8286165,0.97123194
2025-01-01 13:45:00,0.83484197,0.868361,0.9719113,0.81245923,0.83907795,0.9873179,0.8135145,0.8535769,0.9177246,0.826493,0.85817057,0.99045527,0.8087597,0.81496716,0.97233963,0.8001574,0.80232424,0.9963355,0.8345441,0.8668123,0.9745534,0.79892826,0.80946815,0.9989367,0.80160874,0.8180555,0.97670597,0.7995015,0.8187981,0.9839725,0.8073846,0.8286497,0.97122365
2025-01-01 13:46:00,0.83483684,0.86835253,0.97189695,0.8124612,0.8390673,0.9873139,0.8135211,0.85358936,0.91772646,0.8265252,0.8581966,0.99046636,0.8087868,0.8149881,0.97235066,0.80019134,0.80234694,0.996343,0.83456993,0.86683184,0.9745514,0.7989513,0.8094821,0.9989277,0.80162317,0.81806844,0.9766914,0.79952204,0.81881595,0.98396015,0.80740535,0.8286749,0.97121644
2025-01-01 13:47:00,0.8348303,0.8683434,0.97188395,0.8124614,0.83905774,0.98731023,0.8135267,0.85359997,0.9177296,0.82655275,0.8582195,0.9904777,0.8088111,0.81500745,0.9723622,0.8002206,0.802367,0.99635077,0.8345913,0.8668479,0.97455,0.79896885,0.8094919,0.9989189,0.80163246,0.8180763,0.9766775,0.79953605,0.8188277,0.9839481,0.80742013,0.8286936,0.97120994
2025-01-01 13:48:00,0.8348224,0.8683338,0.97187185,0.8124601,0.83904904,0.9873067,0.81353146,0.85360926,0.9177336,0.82657665,0.85824,0.9904891,0.80883324,0.8150256,0.97237426,0.8002462,0.8023849,0.9963586,0.8346093,0.8668611,0.974549,0.7989819,0.80949837,0.99891025,0.8016376,0.8180801,0.9766639,0.7995446,0.81883466,0.9839363,0.80743027,0.8287072,0.971204
2025-01-01 13:49:00,0.8348137,0.8683238,0.9718604,0.8124577,0.8390411,0.98730344,0.8135356,0.8536174,0.9177382,0.8265977,0.85825855,0.9905008,0.80885345,0.8150428,0.97238654,0.8002689,0.80240124,0.99636644,0.83462447,0.866872,0.9745482,0.7989914,0.8095022,0.9989016,0.8016394,0.8180808,0.9766506,0.7995488,0.81883776,0.9839245,0.8074366,0.8287167,0.97119826
2025-01-01 13:50:00,0.8348043,0.8683135,0.9718493,0.81245434,0.83903384,0.9873003,0.8135392,0.85362464,0.9177432,0.82661635,0.8582756,0.9905125,0.8088723,0.81505907,0.97239894,0.80028915,0.80241615,0.9963743,0.8346374,0.8668811,0.9745476,0.798998,0.80950385,0.998893,0.8016386,0.81807876,0.9766374,0.79954964,0.81883776,0.9839128,0.8074399,0.82872295,0.97119284
2025-01-01 13:51:00,0.8347942,0.868303,0.97183853,0.8124503,0.839027,0.9872972,0.81354237,0.85363126,0.91774845,0.8266332,0.8582913,0.99052423,0.80889,0.81507474,0.9724115,0.80030763,0.80243,0.99638224,0.8346485,0.8668887,0.974547,0.7990023,0.80950385,0.99888444,0.8016356,0.8180747,0.97662425,0.79954773,0.8188353,0.98390126,0.8074408,0.82872653,0.97118753
2025-01-01 13:52:00,0.83478373,0.8682923,0.9718279,0.8124457,0.8390205,0.98729414,0.8135453,0.8536373,0.9177539,0.8266486,0.85830617,0.9905361,0.8089067,0.8150899,0.9724241,0.80032456,0.80244297,0.9963901,0.8346581,0.8668951,0.9745465,0.79900473,0.8095025,0.99887586,0.801631,0.8180689,0.97661126,0.79954356,0.81883085,0.9838897,0.8074399,0.8287281,0.97118247
2025-01-01 13:53:00,0.8347728,0.8682814,0.97181743,0.8124407,0.83901435,0.9872912,0.81354797,0.8536429,0.9177595,0.8266628,0.8583202,0.9905479,0.80892277,0.81510466,0.9724368,0.80034024,0.8024552,0.9963979,0.83466655,0.8669005,0.9745459,0.79900575,0.8095,0.9988672,0.8016249,0.8180618,0.97659826,0.7995377,0.8188248,0.98387825,0.8074374,0.82872796,0.97117746
2025-01-01 13:54:00,0.83476174,0.86827046,0.97180706,0.81243527,0.8390085,0.98728836,0.8135505,0.8536482,0.9177652,0.8266761,0.8583335,0.9905598,0.8089382,0.815119,0.9724494,0.8003549,0.8024668,0.9964057,0.834674,0.8669051,0.9745453,0.7990055,0.8094965,0.9988586,0.8016178,0.8180537,0.97658527,0.79953045,0.81881756,0.9838668,0.8074338,0.82872653,0.9711725
2025-01-01 13:55:00,0.83475035,0.86825943,0.9717968,0.8124296,0.83900285,0.98728555,0.81355286,0.8536532,0.91777104,0.82668865,0.8583465,0.9905718,0.8089531,0.8151331,0.972462,0.80036885,0.802478,0.9964135,0.8346807,0.8669091,0.9745447,0.7990043,0.80949235,0.99884987,0.8016098,0.8180447,0.97657233,0.79952204,0.8188093,0.98385537,0.80742913,0.828724,0.9711676
2025-01-01 13:56:00,0.83473873,0.86824834,0.97178656,0.81242377,0.8389975,0.9872829,0.8135552,0.8536581,0.91777694,0.8267006,0.85835904,0.9905837,0.8089677,0.81514704,0.9724747,0.8003821,0.8024888,0.9964213,0.83468676,0.8669125,0.97454405,0.79900235,0.8094876,0.9988411,0.80160105,0.818035,0.97655934,0.7995128,0.8188002,0.983844,0.80742365,0.82872075,0.97116286
2025-01-01 13:57:00,0.8347271,0.86823726,0.97177637,0.8124178,0.83899224,0.9872802,0.8135574,0.8536627,0.9177829,0.82671213,0.85837126,0.9905957,0.80898196,0.81516075,0.97248733,0.80039483,0.8024993,0.99642897,0.8346923,0.8669155,0.97454333,0.7989997,0.80948234,0.9988324,0.80159175,0.81802475,0.9765464,0.7995028,0.81879056,0.98383266,0.80741775,0.8287168,0.9711581
2025-01-01 13:58:00,0.83471525,0.8682261,0.97176623,0.8124117,0.8389871,0.98727757,0.81355953,0.8536674,0.9177889,0.82672334,0.85838336,0.99060774,0.80899596,0.8151743,0.97249997,0.8004072,0.80250955,0.9964366,0.8346974,0.8669182,0.9745426,0.7989965,0.8094767,0.9988235,0.8015819,0.8180141,0.9765335,0.7994922,0.8187803,0.9838213,0.80741125,0.82871234,0.97115344
2025-01-01 13:59:00,0.8347034,0.8682149,0.97175616,0.8124056,0.8389821,0.987275,0.81356174,0.8536719,0.91779506,0.8267342,0.85839516,0.9906198,0.80900985,0.81518775,0.9725126,0.8004191,0.80251956,0.99644417,0.83470225,0.86692053,0.9745418,0.7989929,0.8094707,0.9988147,0.8015718,0.818003,0.9765205,0.7994812,0.81876975,0.98381,0.80740446,0.8287075,0.9711488
2025-01-01 14:00:00,0.83497053,0.86847043,0.96820426,0.8127672,0.8389932,0.9866263,0.81381875,0.8541738,0.9146116,0.8275622,0.8591044,0.9900166,0.80959266,0.8157117,0.9708825,0.80129683,0.8032534,0.9958342,0.8354641,0.86767393,0.9727652,0.8000279,0.8104377,0.9981654,0.802523,0.8190979,0.97494483,0.80071586,0.82005453,0.98322946,0.80848557,0.83003724,0.9694179
2025-01-01 14:01:00,0.8351819,0.86867255,0.965892,0.8130552,0.83900124,0.9862039,0.8140248,0.8545761,0.9125444,0.8282266,0.8596741,0.9896288,0.8100616,0.8161334,0.9698273,0.8020011,0.80384237,0.9954403,0.83607435,0.86827683,0.97161,0.8008548,0.8112098,0.9977402,0.80328166,0.8199713,0.9739161,0.801701,0.82107985,0.98284817,0.8093488,0.8310998,0.9682913
2025-01-01 14:02:00,0.8353485,0.868832,0.96438557,0.8132844,0.8390068,0.98592854,0.81419015,0.8548989,0.9112031,0.8287601,0.860132,0.98938096,0.81043935,0.81647336,0.96914583,0.8025666,0.8043152,0.99518687,0.83656317,0.8687594,0.9708588,0.8015152,0.81182605,0.99746066,0.8038863,0.82066745,0.9732428,0.8024866,0.82189775,0.98259646,0.8100378,0.8319486,0.9675575
2025-01-01 14:03:00,0.8354793,0.8689574,0.963403,0.8134665,0.8390103,0.9857487,0.8143228,0.85515803,0.91033345,0.8291889,0.86050063,0.9892241,0.8107441,0.8167479,0.96870726,0.8030211,0.80469537,0.99502474,0.8369548,0.86914563,0.97037005,0.8020424,0.81231755,0.9972757,0.8043676,0.82122195,0.9728007,0.80311245,0.8225496,0.9824289,0.81058735,0.83262634,0.967079
2025-01-01 14:04:00,0.8355816,0.86905545,0.96276087,0.8136109,0.8390123,0.9856311,0.81442946,0.8553662,0.90977037,0.8295339,0.86079776,0.98912644,0.8109906,0.81697017,0.9684265,0.80338675,0.80500126,0.9949218,0.83726877,0.8694548,0.970052,0.8024631,0.8127092,0.9971523,0.8047503,0.821663,0.9725088,0.8036107,0.8230687,0.98231614,0.8110254,0.8331674,0.9667665
2025-01-01 14:05:00,0.83566093,0.8691317,0.96234006,0.8137252,0.83901316,0.9855539,0.81451523,0.85553366,0.9094067,0.8298119,0.86103773,0.9890672,0.81119037,0.81715065,0.9682484,0.8036813,0.8052478,0.9948575,0.83752054,0.8697023,0.9698448,0.8027985,0.813021,0.99706894,0.80505407,0.8220133,0.9723144,0.80400664,0.82348156,0.98223895,0.81137425,0.8335989,0.9665619
2025-01-01 14:06:00,0.8357221,0.86919045,0.96206313,0.81381536,0.8390129,0.98550296,0.8145844,0.85566854,0.9091726,0.8300363,0.861232,0.98903304,0.8113528,0.8172975,0.968137,0.80391914,0.80544674,0.99481815,0.83772254,0.8699004,0.96970963,0.8030657,0.8132689,0.9970115,0.80529475,0.822291,0.9721835,0.8043209,0.8238094,0.98218495,0.81165177,0.83394295,0.9664275
2025-01-01 14:07:00,0.8357685,0.86923534,0.96187973,0.81388634,0.83901197,0.9854692,0.8146402,0.8557774,0.9090227,0.83021784,0.86138964,0.98901504,0.8114854,0.8174176,0.96806896,0.8041114,0.8056077,0.9947951,0.8378847,0.8700591,0.96962136,0.8032783,0.8134657,0.9969709,0.8054849,0.82251066,0.9720939,0.8045697,0.82406926,0.98214597,0.8118721,0.834217,0.9663387
2025-01-01 14:08:00,0.83580333,0.869269,0.9617571,0.8139419,0.8390104,0.9854466,0.8146854,0.8558654,0.9089276,0.830365,0.861518,0.98900765,0.8115941,0.8175163,0.96802914,0.8042672,0.80573815,0.99478257,0.8380151,0.87018615,0.9695635,0.80344725,0.81362164,0.9969413,0.8056346,0.8226838,0.97203106,0.8047663,0.82427484,0.9821168,0.8120469,0.83443505,0.9662795
2025-01-01 14:09:00,0.8358287,0.8692938,0.96167403,0.8139851,0.8390084,0.9854312,0.81472206,0.8559368,0.9088682,0.83048487,0.86162305,0.9890072,0.8116837,0.81759787,0.96800756,0.804394,0.80584437,0.9947769,0.8381199,0.87028795,0.96952534,0.8035812,0.81374484,0.99691874,0.805752,0.8228199,0.9719857,0.804921,0.82443684,0.982094,0.8121851,0.83460826,0.9662397
2025-01-01 14:10:00,0.8358467,0.8693114,0.9616167,0.8140185,0.83900595,0.9854205,0.814752,0.8559949,0.90883183,0.8305828,0.8617093,0.98901117,0.8117579,0.81766564,0.96799785,0.8044975,0.805931,0.9947757,0.8382043,0.8703695,0.9695,0.8036872,0.8138418,0.9969008,0.80584353,0.82292616,0.9719516,0.80504215,0.82456404,0.98207533,0.8122942,0.83474565,0.9662124
2025-01-01 14:11:00,0.8358587,0.86932325,0.96157604,0.814044,0.83900326,0.985413,0.8147765,0.8560423,0.9088107,0.8306631,0.8617806,0.9890181,0.81182003,0.81772244,0.96799594,0.80458224,0.80600196,0.99477726,0.83827245,0.8704348,0.96948296,0.8037708,0.8139179,0.99688584,0.80591434,0.82300866,0.97192484,0.8051366,0.82466346,0.9820594,0.81237984,0.8348544,0.9661934
2025-01-01 14:12:00,0.83586586,0.8693307,0.96154636,0.8140633,0.83900034,0.9854075,0.81479657,0.8560813,0.90879923,0.8307295,0.86183995,0.9890269,0.81187224,0.8177705,0.967999,0.80465215,0.8060605,0.9947808,0.8383274,0.87048715,0.96947134,0.80383646,0.81397706,0.9968728,0.80596864,0.82307214,0.9719029,0.80520964,0.8247405,0.9820453,0.81244683,0.8349403,0.9661796
2025-01-01 14:13:00,0.83586925,0.8693344,0.9615237,0.81407756,0.8389973,0.9854033,0.81481326,0.85611343,0.9087942,0.8307846,0.8618897,0.9890369,0.8119167,0.81781155,0.9680053,0.8047101,0.806109,0.9947854,0.83837193,0.8705291,0.96946317,0.8038878,0.81402284,0.996861,0.8060096,0.82312024,0.9718841,0.80526555,0.8247999,0.9820323,0.8124989,0.83500785,0.96616936
2025-01-01 14:14:00,0.83586955,0.86933523,0.9615057,0.8140878,0.83899415,0.9854001,0.8148272,0.85614014,0.9087934,0.8308308,0.86193186,0.98904777,0.8119548,0.8178469,0.96801376,0.8047584,0.8061496,0.9947908,0.8384081,0.87056273,0.9694572,0.8039276,0.81405795,0.99684995,0.80604,0.8231563,0.97186726,0.80530775,0.824845,0.98202014,0.81253904,0.8350608,0.96616143
2025-01-01 14:15:00,0.83586746,0.86933374,0.9614907,0.81409484,0.8389908,0.9853974,0.81483895,0.8561626,0.9087953,0.8308698,0.86196786,0.9890592,0.81198794,0.8178778,0.9680235,0.80479914,0.80618376,0.9947967,0.8384375,0.87058973,0.9694527,0.80395824,0.81408435,0.9968395,0.80606186,0.8231826,0.97185177,0.8053389,0.82487875,0.9820084,0.8125697,0.835102,0.966155
2025-01-01 14:16:00,0.83586335,0.8693304,0.9614777,0.8140994,0.83898747,0.98539513,0.81484896,0.85618156,0.908799,0.83090305,0.86199903,0.989071,0.8120171,0.8179051,0.9680342,0.80483365,0.8062127,0.99480283,0.8384615,0.8706113,0.9694491,0.8039815,0.8141039,0.99682933,0.806077,0.823201,0.97183704,0.80536145,0.8249034,0.981997,0.8125926,0.83513385,0.96614957
2025-01-01 14:17:00,0.8358578,0.86932564,0.961466,0.8141019,0.8389841,0.98539317,0.81485754,0.8561978,0.9088039,0.8309317,0.8620263,0.989083,0.812043,0.8179295,0.9680454,0.8048632,0.8062376,0.99480915,0.8384811,0.87062865,0.96944606,0.8039988,0.8141179,0.9968193,0.80608666,0.8232132,0.971823,0.8053769,0.8249208,0.9819859,0.8126096,0.8351582,0.9661448
2025-01-01 14:18:00,0.83585095,0.86931974,0.9614551,0.8141027,0.83898073,0.9853914,0.81486505,0.85621184,0.90880954,0.8309568,0.8620504,0.98909515,0.8120664,0.8179516,0.968057,0.8048889,0.80625916,0.9948156,0.83849734,0.8706425,0.96944344,0.80401146,0.8141274,0.99680936,0.80609196,0.82322043,0.97180927,0.8053867,0.8249323,0.98197496,0.8126216,0.83517665,0.96614045
2025-01-01 14:19:00,0.83584315,0.86931276,0.96144485,0.81410235,0.83897734,0.98538977,0.8148718,0.8562241,0.90881574,0.83097893,0.86207205,0.9891074,0.8120877,0.8179719,0.9680688,0.80491143,0.806278,0.994822,0.83851075,0.8706536,0.969441,0.80402035,0.81413347,0.9967995,0.80609375,0.82322365,0.97179574,0.8053921,0.8249392,0.9819641,0.8126297,0.83519024,0.9661364
2025-01-01 14:20:00,0.83583456,0.8693052,0.9614349,0.8141009,0.83897394,0.9853883,0.81487775,0.85623497,0.9088223,0.8309988,0.8620917,0.98911977,0.8121074,0.81799066,0.9680807,0.80493146,0.8062948,0.9948285,0.83852196,0.87066245,0.9694387,0.80402607,0.81413656,0.9967897,0.8060928,0.82322365,0.9717824,0.8053939,0.82494235,0.9819533,0.8126348,0.8352001,0.96613264
2025-01-01 14:21:00,0.8358253,0.86929697,0.9614253,0.8140987,0.8389706,0.9853869,0.81488323,0.8562448,0.9088291,0.8310168,0.8621097,0.98913217,0.8121257,0.8180082,0.96809274,0.8049494,0.8063098,0.994835,0.83853126,0.87066954,0.96943647,0.8040294,0.81413746,0.9967799,0.8060896,0.8232211,0.9717691,0.8053928,0.8249425,0.98194265,0.81263745,0.8352069,0.966129
2025-01-01 14:22:00,0.8358156,0.8692883,0.96141577,0.814096,0.83896726,0.9853856,0.8148883,0.85625374,0.90883607,0.83103323,0.86212647,0.98914456,0.8121431,0.8180248,0.9681049,0.8049657,0.80632347,0.9948414,0.8385392,0.8706752,0.9694342,0.80403084,0.8141365,0.9967701,0.8060845,0.8232164,0.97175586,0.8053895,0.8249404,0.98193204,0.8126381,0.8352113,0.9661255
2025-01-01 14:23:00,0.83580554,0.86927927,0.96140647,0.8140926,0.838964,0.9853844,0.814893,0.85626197,0.90884316,0.83104855,0.8621423,0.9891571,0.81215954,0.81804067,0.968117,0.8049807,0.8063361,0.9948479,0.8385459,0.87067974,0.96943194,0.8040306,0.814134,0.99676025,0.806078,0.8232102,0.97174275,0.80538434,0.8249363,0.98192143,0.8126372,0.8352138,0.96612215
2025-01-01 14:24:00,0.8357951,0.86926997,0.9613973,0.8140889,0.8389607,0.9853832,0.8148975,0.8562697,0.9088504,0.831063,0.8621573,0.9891696,0.8121753,0.81805587,0.9681291,0.80499464,0.8063477,0.9948543,0.8385517,0.87068325,0.9694297,0.80402905,0.81413037,0.9967504,0.8060704,0.8232026,0.9717296,0.8053777,0.8249307,0.98191094,0.812635,0.83521473,0.9661188
2025-01-01 14:25:00,0.8357845,0.86926043,0.9613881,0.8140849,0.8389575,0.98538214,0.81490177,0.8562771,0.9088577,0.8310766,0.8621716,0.9891822,0.8121906,0.8180706,0.9681412,0.8050077,0.80635864,0.9948606,0.8385567,0.87068605,0.9694273,0.80402654,0.8141258,0.9967405,0.8060618,0.8231939,0.9717164,0.8053699,0.824924,0.9819005,0.81263185,0.8352145,0.9661156
2025-01-01 14:26:00,0.83577365,0.8692508,0.96137905,0.81408066,0.8389543,0.9853811,0.81490594,0.856284,0.90886503,0.83108974,0.86218554,0.98919475,0.8122054,0.8180849,0.9681533,0.80502015,0.806369,0.9948669,0.8385611,0.8706882,0.96942496,0.80402315,0.81412035,0.99673057,0.80605257,0.82318443,0.9717033,0.80536115,0.82491624,0.98189,0.812628,0.8352133,0.96611243
2025-01-01 14:27:00,0.8357627,0.869241,0.9613701,0.8140763,0.8389512,0.9853801,0.81490993,0.85629076,0.9088725,0.8311023,0.86219895,0.9892073,0.8122198,0.8180989,0.9681654,0.80503196,0.8063788,0.9948731,0.83856505,0.8706898,0.9694226,0.80401915,0.81411433,0.9967206,0.8060427,0.8231743,0.97169024,0.8053518,0.82490784,0.98187965,0.81262344,0.83521134,0.96610934
2025-01-01 14:28:00,0.83575153,0.86923105,0.96136117,0.8140718,0.8389481,0.9853792,0.8149139,0.8562973,0.90888,0.8311146,0.8622121,0.9892199,0.81223404,0.81811273,0.9681775,0.8050433,0.80638826,0.9948793,0.8385685,0.870691,0.9694201,0.80401456,0.81410784,0.9967106,0.80603224,0.8231635,0.97167706,0.8053417,0.8248987,0.9818693,0.81261843,0.8352087,0.9661063
2025-01-01 14:29:00,0.8357404,0.8692211,0.9613522,0.8140672,0.83894503,0.9853784,0.8149179,0.8563037,0.90888757,0.8311266,0.862225,0.98923254,0.81224805,0.81812626,0.96818954,0.80505425,0.80639744,0.99488544,0.8385716,0.8706919,0.9694176,0.8040095,0.81410086,0.9967005,0.80602145,0.82315236,0.971664,0.8053312,0.8248892,0.9818589,0.812613,0.83520573,0.9661034
2025-01-01 14:30:00,0.8360214,0.8696258,0.9580879,0.81446093,0.83916074,0.9847967,0.81523186,0.85697305,0.90611255,0.8319403,0.8630726,0.988695,0.81288826,0.81887203,0.9667229,0.8059754,0.8073844,0.9943386,0.8393131,0.8715632,0.96781725,0.8050873,0.81529963,0.9961137,0.80700773,0.8244423,0.97024685,0.8065961,0.8263708,0.981337,0.8137105,0.8366976,0.9645549
2025-01-01 14:31:00,0.8362439,0.86994755,0.955963,0.81477493,0.8393328,0.9844184,0.81548387,0.8575097,0.9043115,0.83259356,0.863753,0.9883501,0.81340307,0.8194711,0.9657737,0.8067142,0.8081755,0.9939851,0.83990663,0.8722601,0.9667761,0.80594814,0.81625694,0.99572873,0.80779433,0.82547176,0.9693212,0.80760556,0.82755375,0.9809942,0.8145872,0.83789015,0.96354747
2025-01-01 14:32:00,0.8364197,0.8702029,0.9545788,0.8150251,0.8394699,0.9841723,0.8156862,0.8579402,0.90314347,0.8331183,0.86429983,0.9881304,0.8138175,0.8199529,0.96516097,0.80730706,0.80880994,0.9937575,0.84038174,0.8728175,0.9660983,0.80663544,0.81702095,0.9954749,0.80842113,0.82629263,0.9687149,0.80841064,0.8284978,0.9807678,0.8152872,0.8388432,0.9628917
2025-01-01 14:33:00,0.836558,0.87040514,0.95367604,0.81522435,0.8395791,0.9840122,0.8158489,0.85828584,0.902387,0.8335403,0.86473966,0.9879919,0.81415164,0.82034093,0.96476686,0.80778325,0.8093191,0.9936115,0.84076214,0.8732633,0.96565676,0.80718386,0.8176304,0.9953063,0.80892,0.8269468,0.9683162,0.8090523,0.8292509,0.9806171,0.81584585,0.83960474,0.96246445
2025-01-01 14:34:00,0.8366664,0.87056494,0.95308626,0.81538284,0.8396659,0.9839079,0.81597984,0.85856354,0.9018981,0.8338801,0.8650939,0.98790646,0.8144216,0.8206538,0.9645148,0.808166,0.80972785,0.9935187,0.8410667,0.8736198,0.96536875,0.8076212,0.8181162,0.9951932,0.8093167,0.8274675,0.96805245,0.80956316,0.829851,0.98051566,0.8162915,0.84021306,0.96218586
2025-01-01 14:35:00,0.83675086,0.87069076,0.9526999,0.8155086,0.83973485,0.9838399,0.8160854,0.85878694,0.901583,0.8341542,0.86537975,0.9878553,0.81464016,0.82090664,0.9643552,0.8084742,0.8100564,0.9934604,0.8413107,0.87390476,0.9651806,0.80796957,0.8185031,0.995116,0.8096315,0.8278816,0.96787643,0.80996937,0.8303288,0.98044616,0.81664664,0.8406988,0.9620039
2025-01-01 14:36:00,0.83681613,0.87078947,0.9524458,0.8156084,0.83978957,0.9837957,0.81617075,0.85896695,0.901381,0.8343756,0.86561084,0.9878265,0.8148176,0.8211115,0.9642556,0.8087225,0.81032073,0.9934245,0.84150606,0.8741326,0.96505713,0.8082469,0.8188108,0.9950622,0.80988085,0.8282101,0.96775746,0.81029195,0.8307089,0.9803975,0.81692946,0.84108645,0.9618848
2025-01-01 14:37:00,0.8368661,0.87086636,0.9522776,0.81568724,0.83983284,0.9837668,0.81623983,0.85911214,0.90125257,0.834555,0.86579806,0.9878123,0.8149622,0.82127786,0.96419495,0.80892295,0.8105337,0.9934031,0.84166265,0.8743146,0.96497583,0.8084673,0.8190552,0.9950236,0.8100779,0.8284704,0.9676755,0.81054753,0.8310107,0.98036236,0.8171544,0.84139574,0.9618065
2025-01-01 14:38:00,0.83690387,0.8709259,0.9521654,0.81574947,0.839867,0.98374796,0.8162959,0.85922956,0.90117186,0.8347007,0.86595035,0.9878075,0.8150804,0.8214134,0.9641596,0.8090852,0.81070554,0.99339116,0.8417882,0.87446004,0.96492195,0.8086422,0.81924886,0.9949949,0.81023306,0.82867604,0.96761775,0.81074953,0.8312499,0.980336,0.81733316,0.8416422,0.9617548
2025-01-01 14:39:00,0.8369318,0.8709716,0.95208955,0.8157984,0.8398938,0.9837356,0.8163417,0.85932475,0.9011223,0.8348195,0.86607456,0.9878089,0.8151777,0.82152444,0.96414083,0.8092168,0.8108445,0.9933853,0.8418888,0.87457615,0.9648858,0.8087806,0.81940204,0.99497247,0.8103546,0.82883793,0.96757555,0.8109087,0.831439,0.98031545,0.8174748,0.8418386,0.96172035
2025-01-01 14:40:00,0.836952,0.8710062,0.95203733,0.8158366,0.83991486,0.9837276,0.8163792,0.85940224,0.9010929,0.8349168,0.8661764,0.98781425,0.815258,0.8216157,0.9641327,0.8093239,0.81095713,0.99338347,0.8419695,0.87466884,0.96486115,0.80888987,0.8195227,0.9949543,0.81044936,0.8289648,0.96754354,0.8110336,0.8315881,0.9802986,0.8175869,0.8419948,0.9616972
2025-01-01 14:41:00,0.83696586,0.8710319,0.95200044,0.81586635,0.83993125,0.9837223,0.81641,0.8594655,0.9010767,0.8349968,0.8662603,0.98782223,0.8153249,0.8216912,0.96413153,0.8094114,0.8110487,0.9933842,0.8420343,0.8747427,0.964844,0.8089758,0.81961745,0.9949388,0.8105226,0.8290638,0.96751815,0.8111312,0.83170515,0.9802843,0.8176753,0.842119,0.96168137
2025-01-01 14:42:00,0.8369747,0.8710505,0.95197356,0.81588924,0.83994395,0.9837189,0.81643564,0.8595174,0.901069,0.8350631,0.86632985,0.9878319,0.81538105,0.82175416,0.9641349,0.8094832,0.8111234,0.99338645,0.8420863,0.8748016,0.96483165,0.80904305,0.8196914,0.994925,0.8105787,0.8291403,0.96749705,0.81120676,0.8317966,0.98027146,0.8177448,0.84221745,0.96167034
2025-01-01 14:43:00,0.83697957,0.8710635,0.95195323,0.81590676,0.83995366,0.98371667,0.816457,0.8595602,0.90106684,0.8351184,0.86638796,0.9878427,0.8154285,0.821807,0.96414113,0.8095424,0.8111846,0.99338984,0.8421281,0.87484837,0.9648225,0.80909526,0.81974864,0.99491227,0.8106211,0.82919896,0.9674788,0.8112648,0.83186746,0.9802597,0.8177992,0.8422954,0.9616624
2025-01-01 14:44:00,0.8369813,0.8710719,0.9519372,0.81591994,0.83996105,0.9837153,0.81647503,0.8595958,0.9010684,0.83516496,0.8664369,0.9878542,0.8154691,0.82185173,0.96414924,0.8095915,0.8112349,0.9933939,0.8421617,0.87488556,0.9648153,0.8091356,0.8197926,0.99490035,0.81065243,0.82924324,0.9674623,0.8113089,0.83192205,0.9802487,0.8178415,0.8423569,0.9616566
2025-01-01 14:45:00,0.83698046,0.87107664,0.9519239,0.8159296,0.8399666,0.98371446,0.81649035,0.85962564,0.9010723,0.83520436,0.86647844,0.9878661,0.81550413,0.8218901,0.96415865,0.80963254,0.8112766,0.9933983,0.8421888,0.874915,0.9648094,0.8091663,0.819826,0.99488884,0.81067497,0.829276,0.967447,0.81134176,0.8319635,0.98023814,0.817874,0.8424054,0.96165204
2025-01-01 14:46:00,0.8369776,0.87107855,0.95191246,0.81593657,0.83997065,0.983714,0.8165036,0.8596508,0.90107787,0.8352382,0.86651427,0.98787844,0.8155348,0.8219232,0.9641688,0.80966717,0.81131136,0.9934031,0.84221053,0.8749383,0.96480435,0.8091893,0.8198508,0.99487764,0.8106905,0.8292997,0.9674325,0.81136554,0.8319944,0.9802279,0.8178989,0.84244335,0.96164846
2025-01-01 14:47:00,0.836973,0.87107813,0.95190215,0.81594133,0.8399735,0.98371375,0.8165151,0.8596723,0.9010844,0.83526754,0.8665453,0.9878909,0.8155619,0.8219522,0.96417946,0.80969656,0.8113406,0.9934079,0.84222806,0.8749566,0.96479976,0.80920625,0.81986874,0.9948666,0.81070036,0.82931596,0.9674185,0.8113823,0.832017,0.9802179,0.8179176,0.8424729,0.9616455
2025-01-01 14:48:00,0.83696723,0.8710759,0.95189273,0.8159444,0.8399755,0.98371375,0.8165253,0.85969085,0.90109164,0.8352933,0.86657256,0.98790354,0.81558615,0.8219779,0.96419036,0.8097219,0.81136537,0.9934128,0.84224224,0.8749709,0.9647955,0.8092182,0.81988126,0.99485564,0.8107058,0.8293264,0.96740484,0.81139326,0.8320329,0.9802081,0.8179314,0.84249574,0.961643
2025-01-01 14:49:00,0.8369605,0.87107223,0.95188385,0.81594604,0.83997667,0.98371387,0.8165344,0.85970706,0.9010993,0.8353162,0.8665969,0.98791623,0.81560814,0.82200086,0.9642015,0.8097439,0.8113866,0.99341774,0.8422537,0.874982,0.9647914,0.8092262,0.8198893,0.99484473,0.8107075,0.8293322,0.9673914,0.81139964,0.8320434,0.9801983,0.81794125,0.8425133,0.9616407
2025-01-01 14:50:00,0.83695287,0.87106735,0.95187527,0.8159466,0.8399773,0.98371404,0.8165427,0.85972136,0.9011074,0.83533674,0.8666188,0.987929,0.81562835,0.8220218,0.9642128,0.80976313,0.8114048,0.9934227,0.8422629,0.8749906,0.9647874,0.8092311,0.81989384,0.9948338,0.8107064,0.8293341,0.967378,0.8114024,0.8320497,0.98018867,0.817948,0.8425266,0.96163857
2025-01-01 14:51:00,0.8369446,0.8710616,0.9518669,0.8159463,0.8399775,0.9837144,0.81655025,0.85973424,0.90111554,0.8353555,0.86663884,0.9879418,0.81564707,0.8220409,0.9642241,0.8097803,0.8114208,0.99342763,0.8422704,0.8749971,0.96478355,0.8092334,0.8198956,0.994823,0.810703,0.8293331,0.9673648,0.8114022,0.8320526,0.98017913,0.8179522,0.84253657,0.96163666
2025-01-01 14:52:00,0.8369358,0.8710552,0.9518588,0.81594527,0.8399774,0.9837148,0.8165574,0.8597459,0.9011239,0.83537287,0.8666573,0.9879547,0.81566465,0.8220587,0.9642354,0.80979574,0.811435,0.9934325,0.8422765,0.8750019,0.9647796,0.8092336,0.819895,0.9948121,0.8106977,0.82932967,0.9673516,0.81139964,0.8320527,0.98016953,0.8179544,0.8425437,0.9616349
2025-01-01 14:53:00,0.83692664,0.8710481,0.9518508,0.8159437,0.83997697,0.9837153,0.8165641,0.8597567,0.9011324,0.8353891,0.8666746,0.9879676,0.8156813,0.8220754,0.96424687,0.80980974,0.8114476,0.9934374,0.8422814,0.87500536,0.9647757,0.80923223,0.8198927,0.9948012,0.8106909,0.82932425,0.96733844,0.8113952,0.83205074,0.9801601,0.8179551,0.8425488,0.9616332
2025-01-01 14:54:00,0.83691716,0.87104064,0.95184284,0.8159418,0.8399763,0.9837159,0.81657046,0.8597668,0.90114105,0.83540434,0.8666909,0.9879805,0.81569713,0.8220912,0.9642582,0.8098227,0.81145906,0.99344224,0.8422854,0.87500775,0.96477175,0.80922955,0.81988895,0.9947903,0.8106829,0.82931733,0.9673254,0.8113894,0.8320469,0.98015076,0.8179544,0.8425521,0.9616316
2025-01-01 14:55:00,0.8369075,0.8710328,0.9518351,0.81593955,0.83997554,0.98371655,0.8165766,0.8597762,0.9011497,0.8354189,0.86670643,0.9879935,0.8157124,0.8221063,0.9642696,0.8098347,0.81146955,0.993447,0.8422887,0.87500924,0.96476775,0.80922574,0.8198839,0.99477935,0.81067395,0.8293092,0.96731234,0.8113823,0.8320418,0.98014134,0.8179529,0.8425541,0.96163005
2025-01-01 14:56:00,0.83689755,0.8710246,0.9518273,0.81593704,0.8399747,0.9837172,0.8165826,0.8597852,0.9011584,0.8354328,0.86672133,0.9880064,0.81572723,0.8221208,0.96428096,0.809846,0.8114793,0.9934517,0.84229124,0.87501,0.9647637,0.8092211,0.819878,0.99476844,0.81066424,0.82930005,0.9672993,0.8113743,0.8320356,0.98013204,0.8179505,0.842555,0.96162856
2025-01-01 14:57:00,0.83688754,0.87101626,0.95181966,0.8159343,0.83997375,0.983718,0.8165884,0.85979384,0.9011672,0.8354463,0.8667358,0.9880194,0.8157416,0.82213485,0.9642923,0.8098567,0.8114884,0.9934564,0.8422934,0.87501025,0.96475965,0.8092157,0.81987125,0.9947574,0.81065387,0.82929015,0.9672862,0.81136554,0.83202845,0.98012275,0.8179475,0.84255505,0.9616272
2025-01-01 14:58:00,0.83687735,0.8710078,0.9518121,0.81593144,0.83997273,0.98371875,0.81659406,0.8598022,0.90117604,0.8354594,0.8667499,0.98803234,0.81575567,0.82214856,0.9643036,0.80986696,0.8114969,0.9934611,0.84229505,0.87500995,0.96475554,0.80920976,0.8198639,0.9947464,0.810643,0.8292796,0.96727324,0.8113562,0.83202064,0.9801135,0.81794405,0.8425544,0.9616258
2025-01-01 14:59:00,0.8368671,0.8709992,0.95180446,0.8159285,0.8399717,0.9837196,0.8165997,0.85981035,0.9011849,0.8354722,0.86676365,0.9880453,0.8157695,0.822162,0.9643149,0.8098768,0.81150496,0.9934656,0.8422964,0.8750093,0.96475136,0.8092034,0.81985605,0.99473536,0.8106318,0.8292685,0.9672602,0.8113464,0.83201236,0.9801043,0.81794024,0.84255326,0.96162456
2025-01-01 15:00:00,0.83715695,0.8715459,0.9488861,0.81634706,0.8403883,0.98321533,0.8169651,0.8606351,0.89886785,0.8362574,0.86773455,0.9875831,0.8164556,0.8231161,0.9630379,0.81082493,0.8127276,0.9929916,0.8430043,0.87598306,0.96335584,0.81030476,0.8212653,0.99422145,0.8116355,0.8307306,0.966027,0.812619,0.8336642,0.9796504,0.8190347,0.8441805,0.96028626
2025-01-01 15:01:00,0.83738667,0.87198144,0.9469865,0.81668127,0.84072137,0.98288786,0.8172584,0.8612964,0.897365,0.83688784,0.8685138,0.9872872,0.81700706,0.82388186,0.9622118,0.81158507,0.81370693,0.9926851,0.8435706,0.8767615,0.9624473,0.8111842,0.8223907,0.99388355,0.8124359,0.8318976,0.9652209,0.81363475,0.83498365,0.9793521,0.8199093,0.8454818,0.959416
2025-01-01 15:02:00,0.83756834,0.8723281,0.9457492,0.81694806,0.8409876,0.98267543,0.8174943,0.86182696,0.8963913,0.83739454,0.86913973,0.98709947,0.8174508,0.8244969,0.9616787,0.8121948,0.8144916,0.9924873,0.8440236,0.87738377,0.9618551,0.8118862,0.82328904,0.99366,0.8130736,0.8328286,0.96469235,0.8144451,0.8360371,0.9791551,0.82060784,0.8465222,0.9588499
2025-01-01 15:03:00,0.83771163,0.8726036,0.9449424,0.81716084,0.8412005,0.98253775,0.817684,0.8622529,0.89576155,0.8378023,0.869643,0.9869819,0.81780833,0.82499135,0.9613361,0.81268424,0.8151207,0.9923603,0.84438586,0.87788117,0.9614686,0.812446,0.82400566,0.99351066,0.8135813,0.8335707,0.96434426,0.815091,0.8368778,0.97902393,0.82116574,0.8473539,0.95848167
2025-01-01 15:04:00,0.83782417,0.8728222,0.94441545,0.8173304,0.8413705,0.98244876,0.81783694,0.86259514,0.89535546,0.8381309,0.8700481,0.9869101,0.81809694,0.8253893,0.96111727,0.8130774,0.81562513,0.9922792,0.8446757,0.8782785,0.9612158,0.8128922,0.824577,0.9934097,0.81398475,0.8341618,0.9641135,0.8156054,0.8375483,0.9789356,0.8216109,0.84801865,0.958242
2025-01-01 15:05:00,0.83791214,0.8729954,0.94407046,0.8174655,0.8415065,0.98239136,0.81796044,0.86287045,0.8950947,0.838396,0.8703747,0.98686796,0.8183303,0.82571006,0.96097887,0.8133934,0.81602985,0.9922279,0.8449075,0.8785959,0.96104985,0.81324744,0.82503206,0.99334013,0.814305,0.83463216,0.9639589,0.81601465,0.8380827,0.97887504,0.8219662,0.84854984,0.9580859
2025-01-01 15:06:00,0.83798045,0.87313217,0.9438437,0.8175729,0.8416151,0.9823545,0.8180604,0.86309224,0.89492846,0.8386106,0.87063855,0.9868452,0.8185196,0.8259691,0.9608928,0.81364787,0.8163549,0.992196,0.8450929,0.8788493,0.9609404,0.8135299,0.82539403,0.99329096,0.8145586,0.83500576,0.96385396,0.81633973,0.83850807,0.97883254,0.82224935,0.8489743,0.9579842
2025-01-01 15:07:00,0.838033,0.87323976,0.9436938,0.8176583,0.8417018,0.98233104,0.8181415,0.86327124,0.8948237,0.83878464,0.8708521,0.98683494,0.81867355,0.8261787,0.9608407,0.813853,0.8166161,0.9921767,0.84524107,0.87905145,0.96086764,0.8137542,0.8256816,0.993255,0.8147589,0.835302,0.9637812,0.8165975,0.8388463,0.97880185,0.8224749,0.84931326,0.9579178
2025-01-01 15:08:00,0.8380731,0.87332416,0.943594,0.8177261,0.841771,0.9823163,0.8182075,0.86341596,0.89475876,0.8389262,0.8710255,0.9868328,0.81879926,0.8263488,0.96081066,0.81401867,0.8168262,0.99216557,0.84535944,0.8792127,0.96081865,0.8139319,0.8259097,0.99322766,0.81491655,0.83553636,0.9637294,0.8168015,0.83911496,0.9787789,0.8226543,0.84958386,0.9578744
2025-01-01 15:09:00,0.838103,0.87338996,0.94352657,0.8177798,0.8418263,0.98230726,0.81826156,0.8635333,0.8947199,0.83904195,0.87116677,0.986836,0.8189023,0.8264872,0.9607949,0.8141528,0.81699556,0.99215966,0.8454541,0.87934107,0.9607851,0.8140722,0.82609,0.9932059,0.8150401,0.83572125,0.9636912,0.8169623,0.8393278,0.9787609,0.82279694,0.8497998,0.95784605
2025-01-01 15:10:00,0.83812493,0.87344086,0.9434803,0.8178221,0.8418705,0.98230195,0.81830597,0.86362875,0.89469796,0.83913684,0.8712823,0.9868427,0.81898737,0.8266004,0.96078855,0.8142616,0.8171322,0.9921572,0.8455297,0.8794432,0.9607616,0.8141828,0.82623225,0.9931878,0.8151363,0.8358665,0.96366173,0.8170887,0.8394961,0.9787462,0.82291,0.84997207,0.9578274
2025-01-01 15:11:00,0.8381404,0.87347984,0.9434479,0.8178555,0.84190565,0.9822991,0.8183427,0.86370665,0.89468694,0.83921516,0.8713772,0.9868516,0.8190579,0.8266933,0.96078813,0.8143501,0.8172426,0.992157,0.84559,0.87952435,0.9607446,0.81426954,0.826344,0.993172,0.81521076,0.8359801,0.9636382,0.8171876,0.83962864,0.97873366,0.82299954,0.85010934,0.9578151
2025-01-01 15:12:00,0.8381508,0.87350935,0.9434244,0.81788164,0.8419338,0.9822978,0.81837326,0.8637706,0.8946831,0.83928025,0.8714558,0.98686194,0.81911683,0.82677,0.9607917,0.8144226,0.81733215,0.9921581,0.8456381,0.87958866,0.9607318,0.8143371,0.8264313,0.9931576,0.8152677,0.83606845,0.9636183,0.81726444,0.8397327,0.9787224,0.8230703,0.85021865,0.95780694
2025-01-01 15:13:00,0.8381571,0.8735312,0.9434067,0.8179021,0.8419562,0.9822976,0.818399,0.86382335,0.8946841,0.8393347,0.8715212,0.9868732,0.81916654,0.8268337,0.9607978,0.81448203,0.81740487,0.9921601,0.8456765,0.8796395,0.9607218,0.8143894,0.8264991,0.99314433,0.81531066,0.83613634,0.9636008,0.8173236,0.83981395,0.97871214,0.82312596,0.8503056,0.9578015
2025-01-01 15:14:00,0.83816016,0.8735471,0.9433929,0.81791794,0.841974,0.9822981,0.81842077,0.8638671,0.89468795,0.83938074,0.8715761,0.9868852,0.8192088,0.8268871,0.96080554,0.8145311,0.8174642,0.99216276,0.84570694,0.87967956,0.96071345,0.81442946,0.8265512,0.99313164,0.8153424,0.83618814,0.963585,0.81736875,0.83987695,0.9787025,0.8231696,0.8503747,0.9577979
2025-01-01 15:15:00,0.8381606,0.87355804,0.94338155,0.8179301,0.8419883,0.9822991,0.8184394,0.8639038,0.89469385,0.83941996,0.8716225,0.98689747,0.81924516,0.8269321,0.96081424,0.81457186,0.81751275,0.9921657,0.84573114,0.879711,0.96070623,0.81445974,0.8265909,0.99311936,0.81536525,0.83622694,0.96357024,0.8174026,0.83992535,0.97869325,0.82320356,0.85042953,0.95779544
2025-01-01 15:16:00,0.8381589,0.87356514,0.94337183,0.8179394,0.84199965,0.98230034,0.8184556,0.86393476,0.89470106,0.8394537,0.8716622,0.98691005,0.8192768,0.8269705,0.9608237,0.81460595,0.8175527,0.99216884,0.8457503,0.8797355,0.9606997,0.81448215,0.8266205,0.99310726,0.8153809,0.8362554,0.96355605,0.8174274,0.83996207,0.97868437,0.8232298,0.85047287,0.9577938
2025-01-01 15:17:00,0.8381557,0.8735692,0.94336325,0.8179464,0.84200877,0.9823019,0.8184698,0.86396116,0.8947091,0.8394832,0.87169653,0.98692286,0.8193045,0.82700354,0.9608336,0.8146347,0.8175857,0.9921721,0.84576535,0.8797545,0.96069366,0.81449825,0.82664204,0.99309534,0.8153908,0.83627546,0.96354246,0.817445,0.8399895,0.9786756,0.82325,0.85050714,0.95779264
2025-01-01 15:18:00,0.83815104,0.87357074,0.9433553,0.8179515,0.842016,0.9823036,0.81848246,0.86398387,0.8947178,0.8395092,0.8717266,0.98693573,0.8193293,0.8270323,0.96084374,0.8146592,0.81761324,0.9921754,0.8457773,0.87976897,0.9606879,0.81450933,0.82665724,0.9930835,0.8153962,0.836289,0.96352905,0.81745684,0.84000945,0.9786671,0.82326525,0.85053414,0.95779186
2025-01-01 15:19:00,0.8381454,0.87357026,0.94334793,0.81795514,0.84202176,0.9823055,0.81849384,0.8640038,0.8947269,0.8395324,0.87175316,0.98694867,0.8193516,0.8270577,0.96085405,0.81468016,0.8176364,0.9921788,0.8457865,0.87977993,0.9606822,0.81451637,0.82666725,0.99307173,0.8153978,0.8362971,0.9635158,0.8174642,0.84002346,0.9786586,0.82327664,0.85055524,0.9577914
2025-01-01 15:20:00,0.83813894,0.87356836,0.94334084,0.81795764,0.8420264,0.98230743,0.8185043,0.86402124,0.8947362,0.8395535,0.871777,0.98696166,0.81937194,0.82708037,0.9608644,0.8146985,0.81765586,0.99218214,0.84579366,0.879788,0.9606767,0.8145202,0.82667315,0.99306,0.8153966,0.836301,0.96350276,0.8174677,0.84003276,0.9786502,0.82328486,0.8505718,0.9577911
2025-01-01 15:21:00,0.8381317,0.87356514,0.943334,0.8179592,0.84203017,0.9823095,0.81851393,0.864037,0.89474565,0.8395727,0.8717986,0.9869747,0.8193907,0.8271008,0.9608749,0.81471455,0.81767255,0.9921855,0.84579915,0.87979376,0.9606712,0.8145214,0.8266758,0.9930483,0.8153929,0.83630145,0.96348983,0.8174684,0.84003824,0.9786419,0.8232906,0.85058457,0.95779085
2025-01-01 15:22:00,0.83812404,0.87356097,0.9433273,0.81796,0.8420332,0.9823116,0.8185229,0.86405116,0.8947553,0.8395906,0.8718185,0.9869877,0.8194082,0.8271194,0.96088535,0.8147288,0.817687,0.9921887,0.84580326,0.8797977,0.96066564,0.8145205,0.8266757,0.9930365,0.8153874,0.8362993,0.96347696,0.81746674,0.8400407,0.97863364,0.82329434,0.8505944,0.9577908
2025-01-01 15:23:00,0.838116,0.873556,0.9433208,0.8179603,0.8420357,0.9823138,0.81853145,0.8640642,0.894765,0.8396073,0.87183696,0.9870008,0.8194247,0.82713664,0.9608958,0.8147417,0.8176995,0.992192,0.8458063,0.8798,0.96066016,0.8145179,0.82667345,0.99302477,0.81538045,0.83629495,0.96346414,0.81746316,0.8400407,0.9786255,0.8232966,0.850602,0.95779085
2025-01-01 15:24:00,0.8381076,0.8735504,0.9433144,0.81796014,0.84203774,0.9823161,0.81853956,0.86407644,0.89477485,0.83962315,0.8718543,0.98701394,0.8194404,0.8271528,0.9609062,0.81475335,0.8177105,0.9921952,0.8458084,0.8798012,0.9606546,0.81451404,0.8266696,0.993013,0.8153722,0.8362888,0.96345127,0.81745815,0.84003884,0.97861737,0.82329756,0.8506076,0.9577909
2025-01-01 15:25:00,0.838099,0.8735444,0.943308,0.8179596,0.84203947,0.98231846,0.8185474,0.8640878,0.8947847,0.83963823,0.8718708,0.987027,0.81945544,0.827168,0.96091664,0.81476414,0.81772035,0.99219835,0.8458098,0.87980145,0.960649,0.81450903,0.82666427,0.9930013,0.815363,0.83628124,0.96343845,0.81745195,0.8400354,0.97860926,0.82329756,0.8506117,0.95779115
2025-01-01 15:26:00,0.8380901,0.87353796,0.94330174,0.81795883,0.84204084,0.98232085,0.81855506,0.86409867,0.89479464,0.83965284,0.87188655,0.98704016,0.8194699,0.8271825,0.96092707,0.8147742,0.81772923,0.99220145,0.84581065,0.87980086,0.9606435,0.8145031,0.8266579,0.9929894,0.8153531,0.83627266,0.96342576,0.81744474,0.8400307,0.9786012,0.8232967,0.8506147,0.9577914
2025-01-01 15:27:00,0.8380811,0.8735312,0.94329554,0.8179579,0.8420421,0.9823233,0.81856257,0.86410904,0.8948047,0.8396669,0.8719017,0.9870532,0.819484,0.82719636,0.96093744,0.8147836,0.81773734,0.9922044,0.84581095,0.87979966,0.96063775,0.8144965,0.8266506,0.9929776,0.8153425,0.8362631,0.96341294,0.8174369,0.84002507,0.97859323,0.82329535,0.85061675,0.9577917
2025-01-01 15:28:00,0.8380721,0.8735243,0.9432894,0.81795675,0.8420432,0.9823258,0.8185699,0.8641191,0.8948147,0.8396807,0.8719164,0.9870663,0.81949776,0.82720965,0.9609478,0.8147924,0.8177448,0.9922074,0.8458109,0.87979794,0.9606321,0.81448936,0.82664263,0.99296576,0.8153314,0.8362529,0.96340024,0.8174284,0.84001875,0.9785853,0.8232935,0.85061806,0.9577921
2025-01-01 15:29:00,0.838063,0.8735172,0.94328326,0.81795555,0.84204423,0.98232836,0.8185772,0.8641289,0.8948248,0.8396942,0.87193084,0.98707944,0.81951123,0.82722265,0.96095806,0.81480086,0.81775177,0.9922104,0.8458105,0.87979573,0.9606263,0.8144817,0.82663405,0.99295384,0.81531996,0.83624214,0.96338755,0.81741947,0.8400117,0.9785774,0.82329124,0.8506188,0.9577925
2025-01-01 15:30:00,0.8383563,0.8741962,0.9407628,0.8183916,0.8426541,0.9819104,0.81898737,0.8650945,0.8930071,0.8404366,0.8730076,0.98670083,0.820231,0.8283683,0.9598936,0.8157591,0.819188,0.9918178,0.84647214,0.88085455,0.95946056,0.81558716,0.8282285,0.9925222,0.8163231,0.8378502,0.96236026,0.8186771,0.84180444,0.9781995,0.824363,0.8523526,0.95668817
2025-01-01 15:31:00,0.83858913,0.87473786,0.9391224,0.81874025,0.84314215,0.9816397,0.8193169,0.8658687,0.8918292,0.841033,0.8738716,0.9864593,0.82080936,0.82928705,0.95920527,0.8165271,0.820338,0.9915635,0.84700114,0.88170075,0.95870066,0.81646955,0.8295018,0.9922373,0.81712306,0.8391341,0.96168816,0.81968105,0.8432367,0.9779511,0.8252197,0.8537394,0.9559706
2025-01-01 15:32:00,0.83877355,0.8751697,0.93805414,0.8190188,0.8435327,0.98146474,0.819582,0.86648977,0.8910671,0.8415126,0.8745654,0.9863069,0.82127446,0.83002436,0.9587614,0.8171428,0.82125896,0.99139917,0.8474239,0.8823769,0.9582046,0.81717354,0.8305183,0.992048,0.8177604,0.8401586,0.96124685,0.8204821,0.8443807,0.977787,0.82590437,0.8548485,0.95550436
2025-01-01 15:33:00,0.83891916,0.87551355,0.9373577,0.8192414,0.8438453,0.98135203,0.8197955,0.8669885,0.89057535,0.84189886,0.8751231,0.98621243,0.821649,0.8306165,0.9584764,0.8176366,0.8219966,0.99129325,0.8477617,0.88291705,0.9578801,0.81773484,0.8313293,0.99192077,0.8182677,0.8409756,0.9609555,0.8211208,0.84529406,0.9776777,0.82645136,0.8557355,0.9552016
2025-01-01 15:34:00,0.83903384,0.87578714,0.936903,0.8194192,0.8440956,0.98127985,0.8199676,0.86738926,0.8902593,0.8422103,0.8755718,0.9861556,0.8219511,0.8310924,0.95829463,0.81803304,0.8225877,0.99122536,0.8480316,0.8833483,0.957667,0.8181819,0.8319758,0.9918338,0.8186709,0.8416265,0.9607618,0.8216296,0.8460228,0.977604,0.82688826,0.8564449,0.9550051
2025-01-01 15:35:00,0.8391237,0.8760045,0.93660545,0.8195612,0.844296,0.9812339,0.8201068,0.86771154,0.8900575,0.84246194,0.87593335,0.98612326,0.8221952,0.8314754,0.95818,0.8183515,0.82306147,0.991182,0.8482471,0.8836924,0.9575264,0.81853765,0.83249086,0.9917731,0.8189908,0.8421447,0.9606315,0.82203454,0.84660405,0.97755337,0.8272371,0.85701215,0.9548777
2025-01-01 15:36:00,0.83919376,0.87617695,0.9364101,0.81967455,0.84445655,0.98120517,0.82021964,0.8679713,0.88993,0.84266573,0.8762252,0.98610675,0.82239294,0.83178407,0.9581091,0.81860757,0.8234413,0.9911548,0.8484191,0.88396686,0.95743275,0.81882024,0.8329007,0.99172944,0.81924415,0.84255666,0.96054226,0.8223564,0.84706724,0.97751796,0.8275156,0.85746574,0.9547952
2025-01-01 15:37:00,0.839248,0.87631345,0.93628114,0.819765,0.8445851,0.9811875,0.8203113,0.8681808,0.8898508,0.8428313,0.87646127,0.98610073,0.8225535,0.8320332,0.95806634,0.8188137,0.82374614,0.9911378,0.84855616,0.88418555,0.9573697,0.81904435,0.83322626,0.9916968,0.81944424,0.8428836,0.96048,0.8226117,0.84743595,0.9774922,0.8277376,0.8578284,0.9547419
2025-01-01 15:38:00,0.83928955,0.87642115,0.93619543,0.8198371,0.8446883,0.98117715,0.8203862,0.8683503,0.88980293,0.84296626,0.8766528,0.9861013,0.82268447,0.8322348,0.9580421,0.8189798,0.8239908,0.99112767,0.8486654,0.88435966,0.95732653,0.81922174,0.83348453,0.99167126,0.81960166,0.8431425,0.96043503,0.8228139,0.8477291,0.97747296,0.82791466,0.8581183,0.9547077
2025-01-01 15:39:00,0.839321,0.87650585,0.93613774,0.81989455,0.84477097,0.9811716,0.8204475,0.86848766,0.8897755,0.8430767,0.8768085,0.98610634,0.82279164,0.8323983,0.9580298,0.819114,0.82418746,0.9911218,0.8487523,0.88449806,0.95729625,0.81936157,0.83368886,0.99165046,0.819725,0.84334713,0.9604015,0.8229736,0.84796184,0.9774579,0.8280556,0.85835004,0.9546858
2025-01-01 15:40:00,0.8393444,0.87657213,0.93609834,0.8199403,0.8448374,0.9811691,0.82049805,0.8685994,0.8897614,0.84316766,0.8769357,0.98611414,0.82287973,0.8325312,0.9580252,0.8192227,0.8243456,0.9911188,0.84882146,0.88460785,0.9572743,0.8194715,0.8338501,0.99163264,0.819821,0.8435082,0.9603753,0.8230992,0.8481462,0.9774455,0.8281678,0.85853523,0.954672
2025-01-01 15:41:00,0.8393612,0.8766237,0.93607086,0.81997675,0.8448908,0.9811686,0.82053995,0.8686906,0.8897559,0.8432428,0.8770401,0.98612386,0.82295275,0.83263993,0.9580257,0.8193108,0.82447296,0.9911176,0.84887624,0.88469476,0.9572578,0.8195574,0.8339768,0.99161685,0.8198952,0.84363437,0.96035385,0.82319766,0.84829193,0.97743493,0.8282569,0.8586832,0.95466346
2025-01-01 15:42:00,0.83937293,0.87666357,0.93605113,0.8200057,0.84493375,0.9811695,0.820575,0.8687654,0.889756,0.8433055,0.8771262,0.9861347,0.82301354,0.83272904,0.9580294,0.81938255,0.82457566,0.99111754,0.8489196,0.88476336,0.95724475,0.8196242,0.834076,0.9916023,0.819952,0.84373283,0.96033555,0.8232744,0.8484068,0.9774256,0.82832754,0.8588014,0.9546584
2025-01-01 15:43:00,0.8393805,0.876694,0.93603647,0.8200287,0.84496844,0.9811713,0.82060456,0.86882716,0.88975984,0.8433582,0.87719774,0.9861464,0.82306457,0.8328025,0.95803523,0.8194412,0.82465863,0.99111825,0.8489538,0.88481736,0.957234,0.8196755,0.834153,0.9915885,0.81999475,0.84380895,0.96031934,0.8233336,0.8484968,0.97741693,0.8283835,0.8588959,0.95465547
2025-01-01 15:44:00,0.83938485,0.876717,0.93602514,0.82004696,0.84499645,0.9811737,0.8206298,0.8688784,0.88976604,0.8434029,0.8772575,0.98615855,0.8231078,0.8328635,0.95804244,0.8194893,0.8247258,0.9911194,0.84898055,0.88485956,0.95722467,0.81971467,0.8342123,0.9915753,0.82002634,0.84386724,0.9603044,0.823379,0.8485672,0.9774088,0.8284277,0.8589713,0.95465416
2025-01-01 15:45:00,0.8393865,0.8767339,0.93601596,0.8200614,0.84501916,0.9811765,0.8206514,0.8689213,0.8897738,0.8434412,0.87730795,0.986171,0.8231448,0.8329144,0.9580505,0.81952894,0.82478034,0.9911208,0.84900147,0.8848924,0.9572163,0.81974393,0.83425754,0.9915624,0.820049,0.8439113,0.9602903,0.8234132,0.84862167,0.97740114,0.8284625,0.85903144,0.9546538
2025-01-01 15:46:00,0.83938617,0.87674606,0.93600816,0.82007277,0.84503764,0.9811796,0.8206703,0.8689574,0.8897826,0.8434744,0.8773509,0.9861837,0.82317674,0.8329574,0.958059,0.8195619,0.8248248,0.99112236,0.8490177,0.88491774,0.9572085,0.81976527,0.8342914,0.9915497,0.82006454,0.843944,0.96027684,0.8234385,0.8486635,0.9773936,0.8284897,0.85907954,0.95465404
2025-01-01 15:47:00,0.839384,0.8767544,0.9360013,0.8200818,0.8450527,0.9811829,0.82068694,0.8689883,0.88979214,0.8435034,0.87738794,0.98619646,0.82320476,0.8329939,0.95806795,0.81958944,0.8248611,0.991124,0.8490301,0.8849369,0.95720106,0.81978035,0.83431625,0.99153715,0.82007426,0.84396756,0.9602637,0.82345676,0.84869534,0.97738636,0.82851094,0.85911787,0.9546548
2025-01-01 15:48:00,0.8393807,0.8767597,0.93599516,0.82008886,0.8450651,0.98118633,0.82070184,0.8690148,0.8898021,0.8435292,0.8774202,0.9862094,0.8232295,0.83302534,0.9580771,0.8196127,0.8248909,0.99112564,0.84903944,0.88495135,0.9571939,0.8197903,0.8343338,0.99152464,0.8200795,0.8439838,0.9602509,0.8234693,0.848719,0.97737914,0.82852745,0.8591484,0.9546559
2025-01-01 15:49:00,0.8393763,0.87676257,0.9359894,0.8200944,0.84507537,0.98118985,0.8207153,0.8690379,0.8898123,0.84355235,0.87744856,0.9862223,0.8232517,0.8330526,0.9580863,0.8196324,0.82491547,0.9911273,0.84904635,0.8849619,0.9571868,0.8197963,0.8343455,0.9915122,0.82008106,0.8439943,0.9602382,0.8234773,0.8487363,0.9773721,0.8285401,0.85917276,0.95465714
2025-01-01 15:50:00,0.839371,0.8767635,0.9359839,0.8200988,0.84508395,0.98119354,0.82072765,0.8690583,0.8898228,0.8435734,0.87747383,0.9862353,0.8232719,0.8330766,0.95809567,0.81964934,0.8249359,0.991129,0.8490513,0.88496935,0.95717984,0.81979907,0.8343527,0.99149984,0.8200796,0.84400004,0.96022564,0.8234817,0.8487483,0.97736514,0.8285497,0.8591922,0.95465857
2025-01-01 15:51:00,0.83936507,0.8767629,0.93597865,0.8201023,0.84509116,0.98119724,0.8207391,0.86907655,0.88983333,0.8435928,0.8774968,0.9862484,0.82329035,0.83309793,0.958105,0.81966406,0.82495296,0.99113065,0.8490547,0.8849743,0.9571729,0.81979907,0.83435595,0.9914874,0.82007587,0.8440021,0.9602132,0.82348317,0.8487563,0.9773582,0.8285569,0.85920763,0.9546602
2025-01-01 15:52:00,0.8393586,0.8767611,0.9359736,0.8201049,0.84509736,0.98120105,0.8207499,0.8690931,0.88984406,0.8436109,0.8775177,0.9862614,0.82330745,0.8331171,0.95811445,0.81967694,0.82496727,0.99113226,0.8490568,0.8849772,0.95716584,0.8197971,0.83435637,0.991475,0.82007027,0.8440012,0.96020085,0.8234824,0.84876096,0.9773514,0.82856214,0.85921997,0.9546618
2025-01-01 15:53:00,0.8393518,0.8767583,0.9359686,0.820107,0.84510267,0.981205,0.82076013,0.8691083,0.88985497,0.84362787,0.877537,0.9862744,0.8233236,0.83313465,0.9581238,0.8196884,0.8249795,0.9911338,0.84905785,0.8849785,0.9571588,0.8197934,0.83435434,0.99146265,0.8200632,0.84399784,0.9601884,0.8234798,0.84876305,0.97734463,0.8285659,0.8592298,0.9546636
2025-01-01 15:54:00,0.8393446,0.87675476,0.93596375,0.8201086,0.84510726,0.9812089,0.8207699,0.8691224,0.8898658,0.8436441,0.8775551,0.98628753,0.8233388,0.83315074,0.9581331,0.81969863,0.8249899,0.99113536,0.8490581,0.8849785,0.9571517,0.81978834,0.8343504,0.9914502,0.8200548,0.8439926,0.96017605,0.8234757,0.84876305,0.9773379,0.8285684,0.8592376,0.95466536
2025-01-01 15:55:00,0.8393372,0.8767506,0.9359589,0.8201099,0.8451114,0.9812129,0.8207794,0.8691356,0.8898767,0.8436595,0.8775722,0.9863005,0.82335335,0.8331658,0.9581424,0.81970793,0.824999,0.9911368,0.8490576,0.88497734,0.9571447,0.8197822,0.8343449,0.9914378,0.82004553,0.8439858,0.9601638,0.8234704,0.8487614,0.9773313,0.8285699,0.85924387,0.95466727
2025-01-01 15:56:00,0.8393296,0.876746,0.9359542,0.82011086,0.8451152,0.98121697,0.82078856,0.8691481,0.8898877,0.8436745,0.87758845,0.9863136,0.82336736,0.83318,0.9581517,0.81971645,0.82500696,0.9911382,0.8490566,0.88497543,0.9571376,0.8197752,0.8343382,0.99142534,0.8200355,0.8439778,0.96015155,0.8234643,0.84875834,0.97732466,0.8285707,0.8592489,0.95466924
2025-01-01 15:57:00,0.83932185,0.87674105,0.93594956,0.82011163,0.8451186,0.9812211,0.82079756,0.86916006,0.8898987,0.843689,0.8776041,0.98632663,0.8233809,0.8331934,0.95816094,0.8197244,0.82501394,0.99113953,0.8490552,0.8849728,0.95713043,0.8197675,0.83433044,0.9914128,0.8200249,0.8439689,0.9601393,0.82345736,0.8487543,0.9773181,0.82857096,0.85925287,0.95467126
2025-01-01 15:58:00,0.83931404,0.87673575,0.935945,0.8201123,0.8451218,0.98122525,0.8208064,0.8691716,0.8899098,0.8437032,0.87761927,0.9863396,0.82339406,0.8332063,0.9581702,0.8197318,0.82502013,0.99114084,0.84905326,0.88496965,0.9571232,0.81975925,0.8343219,0.99140036,0.82001376,0.8439592,0.96012706,0.8234499,0.8487495,0.9773116,0.8285707,0.8592561,0.95467335
2025-01-01 15:59:00,0.8393062,0.8767303,0.9359405,0.82011276,0.8451248,0.9812294,0.82081515,0.8691828,0.88992083,0.8437171,0.877634,0.9863526,0.8234069,0.83321863,0.9581793,0.8197388,0.82502574,0.9911421,0.84905106,0.884966,0.95711595,0.8197505,0.8343128,0.9913879,0.8200022,0.8439489,0.9601149,0.823442,0.848744,0.9773051,0.82857007,0.8592587,0.9546755
2025-01-01 16:00:00,0.8395978,0.87752944,0.93386286,0.82055855,0.84591717,0.98090535,0.8212628,0.8702719,0.8886349,0.8444037,0.87879753,0.9860643,0.82414764,0.8345353,0.95734626,0.82069,0.8266502,0.99083775,0.8496547,0.88609093,0.9562007,0.8208401,0.83606404,0.991046,0.8209871,0.84567434,0.9593119,0.82466215,0.8506456,0.97700995,0.8296001,0.861068,0.9538248
2025-01-01 16:01:00,0.8398295,0.8781675,0.93251085,0.8209152,0.8465515,0.98069626,0.8216226,0.8711452,0.88780296,0.84495556,0.879731,0.98588145,0.8247426,0.8355907,0.956808,0.821452,0.8279504,0.99064034,0.8501368,0.88698965,0.9556032,0.8217098,0.8374627,0.9908194,0.8217723,0.8470521,0.95878565,0.8256364,0.8521653,0.976816,0.8304237,0.86251557,0.9532727
2025-01-01 16:02:00,0.84001327,0.87867665,0.9316306,0.82120067,0.8470595,0.98056185,0.8219121,0.87184584,0.8872661,0.8453996,0.88048035,0.9857671,0.8252209,0.8364371,0.9564612,0.8220627,0.8289911,0.9905124,0.85052186,0.88770753,0.95521224,0.8224033,0.8385793,0.9906677,0.8223979,0.84815174,0.9584394,0.8264139,0.8533794,0.9766877,0.8310823,0.8636737,0.95291466
2025-01-01 16:03:00,0.8401587,0.8790828,0.931057,0.8214291,0.84746635,0.98047614,0.8221454,0.8724083,0.8869211,0.8457575,0.88108253,0.9856974,0.82560575,0.8371163,0.9562389,0.8225522,0.8298243,0.9904295,0.8508292,0.8882807,0.9549554,0.822956,0.83947015,0.99056464,0.82289577,0.84902894,0.9582101,0.82703394,0.8543492,0.9766022,0.8316087,0.86460024,0.9526828
2025-01-01 16:04:00,0.8402734,0.87940645,0.93068266,0.8216118,0.8477924,0.980422,0.82233375,0.8728603,0.8867008,0.84604627,0.8815668,0.98565656,0.82591605,0.8376618,0.9560976,0.8229448,0.8304914,0.99037594,0.8510743,0.8887381,0.9547858,0.82339597,0.8401805,0.9904933,0.8232914,0.8497281,0.95805687,0.82752806,0.85512334,0.97654444,0.8320295,0.8653416,0.95253295
2025-01-01 16:05:00,0.84036356,0.87966424,0.93043786,0.82175815,0.84805375,0.98038846,0.82248616,0.8732239,0.8865616,0.8462799,0.881957,0.98563457,0.8261665,0.83810014,0.9560088,0.8232599,0.8310257,0.9903413,0.85126954,0.8891028,0.954673,0.8237458,0.84074634,0.99044245,0.8236053,0.85028493,0.95795304,0.8279215,0.85574114,0.97650474,0.8323659,0.8659347,0.9524365
2025-01-01 16:06:00,0.84043413,0.8798692,0.9302774,0.8218753,0.8482634,0.98036826,0.8226098,0.87351686,0.886475,0.8464694,0.88227165,0.9856248,0.82636917,0.8384529,0.95595413,0.82351303,0.8314537,0.99031913,0.8514251,0.88939345,0.95459694,0.8240235,0.8411967,0.990405,0.82385385,0.8507279,0.95788133,0.8282343,0.8562339,0.9764769,0.83263457,0.8664094,0.95237476
2025-01-01 16:07:00,0.840489,0.88003206,0.93017167,0.8219691,0.8484316,0.9803568,0.82271045,0.87375325,0.88642275,0.84662354,0.88252604,0.98562294,0.8265337,0.8387372,0.95592165,0.82371646,0.83179665,0.99030495,0.8515487,0.8896248,0.9545447,0.8242435,0.8415546,0.99037623,0.82405,0.8510797,0.95783055,0.8284827,0.8566265,0.97645664,0.8328492,0.8667892,0.9523355
2025-01-01 16:08:00,0.84053135,0.88016117,0.9301016,0.82204425,0.8485667,0.98035103,0.82279265,0.8739444,0.8863928,0.84674954,0.88273215,0.98562634,0.8266675,0.8389666,0.9559036,0.8238802,0.83207154,0.99029595,0.85164684,0.8898086,0.9545082,0.8244173,0.8418384,0.99035305,0.8242044,0.85135865,0.95779335,0.8286795,0.856939,0.97644144,0.83302057,0.86709327,0.952311
2025-01-01 16:09:00,0.8405637,0.88026327,0.93005466,0.8221045,0.84867543,0.980349,0.82286024,0.8740993,0.8863773,0.84685284,0.88289964,0.985633,0.8267768,0.83915216,0.9558949,0.8240121,0.83229196,0.9902903,0.85172457,0.8899545,0.95448166,0.82455415,0.8420632,0.9903336,0.82432526,0.85157925,0.957765,0.8288351,0.85718745,0.9764295,0.83315736,0.8673366,0.952296
2025-01-01 16:10:00,0.84058803,0.88034374,0.93002284,0.8221528,0.848763,0.9803494,0.82291603,0.8742254,0.88637125,0.8469381,0.8830362,0.9856419,0.82686657,0.83930266,0.95589226,0.8241186,0.8324688,0.99028677,0.8517859,0.89006996,0.95446163,0.82466143,0.8422406,0.9903165,0.8244194,0.8517531,0.95774233,0.82895774,0.85738474,0.97641975,0.83326656,0.8675315,0.9522873
2025-01-01 16:11:00,0.840606,0.88040704,0.9300009,0.82219166,0.8488336,0.9803514,0.8229624,0.87432826,0.8863714,0.84700894,0.8831482,0.9856522,0.82694066,0.839425,0.9558935,0.82420474,0.83261085,0.9902847,0.8518342,0.89016116,0.9544459,0.82474506,0.84238005,0.9903009,0.82449204,0.8518898,0.9577235,0.82905394,0.85754097,0.97641134,0.83335364,0.8676875,0.95228267
2025-01-01 16:12:00,0.8406188,0.8804565,0.9299852,0.8222229,0.84889066,0.9803545,0.8230013,0.87441266,0.8863754,0.84706813,0.8832403,0.98566335,0.8270022,0.839525,0.9558974,0.82427454,0.8327249,0.9902834,0.851872,0.8902328,0.95443285,0.8248098,0.8424892,0.9902863,0.8245475,0.85199654,0.9577071,0.8291291,0.8576645,0.97640383,0.833423,0.8678125,0.95228064
2025-01-01 16:13:00,0.84062755,0.88049495,0.9299738,0.82224804,0.848937,0.9803582,0.82303417,0.8744823,0.88638216,0.8471181,0.88331664,0.9856751,0.82705367,0.8396069,0.9559029,0.8243313,0.83281666,0.9902827,0.8519014,0.89028895,0.95442164,0.8248593,0.8425741,0.9902724,0.82458943,0.85207945,0.9576923,0.8291874,0.8577619,0.97639704,0.8334783,0.8679127,0.9522804
2025-01-01 16:14:00,0.84063303,0.88052464,0.9299651,0.8222683,0.84897465,0.9803624,0.82306224,0.87454003,0.88639057,0.8471607,0.8833804,0.9856873,0.82709706,0.8396744,0.9559094,0.8243776,0.8328905,0.9902823,0.8519241,0.8903326,0.95441145,0.82489675,0.8426396,0.9902589,0.82462025,0.85214335,0.95767856,0.8292322,0.8578382,0.9763906,0.83352226,0.86799306,0.95228136
2025-01-01 16:15:00,0.84063596,0.8805473,0.9299582,0.82228476,0.84900534,0.98036695,0.8230866,0.8745883,0.8864001,0.84719735,0.88343394,0.9856997,0.8271341,0.83973044,0.9559165,0.82441556,0.8329501,0.9902822,0.85194135,0.8903662,0.954402,0.82492447,0.84268963,0.99024564,0.8246423,0.8521918,0.95766544,0.8292662,0.8578979,0.9763845,0.8335572,0.8680576,0.95228314
2025-01-01 16:16:00,0.84063685,0.8805642,0.9299525,0.82229817,0.8490306,0.9803717,0.82310784,0.8746291,0.88641036,0.84722924,0.8834794,0.9857123,0.82716584,0.83977723,0.95592415,0.8244468,0.8329982,0.9902821,0.8519543,0.8903919,0.9543931,0.82494444,0.8427272,0.9902325,0.8246574,0.85222816,0.95765287,0.82929164,0.85794413,0.9763787,0.83358485,0.8681094,0.95228535
2025-01-01 16:17:00,0.840636,0.8805767,0.9299476,0.8223091,0.8490515,0.9803767,0.8231266,0.8746638,0.886421,0.84725744,0.88351846,0.985725,0.82719356,0.8398166,0.955932,0.82447267,0.83303714,0.9902821,0.85196376,0.8904111,0.95438445,0.82495815,0.8427547,0.9902195,0.8246668,0.8522548,0.9576406,0.8293101,0.85797966,0.9763729,0.83360684,0.8681511,0.9522879
2025-01-01 16:18:00,0.8406339,0.8805857,0.9299432,0.8223181,0.8490689,0.98038185,0.8231435,0.8746937,0.8864322,0.8472826,0.8835523,0.9857377,0.82721794,0.8398501,0.95594,0.8244942,0.83306867,0.9902822,0.85197043,0.8904252,0.95437586,0.82496685,0.8427744,0.9902066,0.8246718,0.85227346,0.9576284,0.8293232,0.8580066,0.9763673,0.83362424,0.86818475,0.9522908
2025-01-01 16:19:00,0.8406308,0.8805918,0.9299392,0.82232547,0.8490834,0.98038703,0.8231588,0.8747197,0.88644344,0.84730524,0.88358194,0.98575044,0.82723963,0.83987886,0.95594805,0.8245123,0.83309436,0.9902821,0.8519749,0.89043516,0.95436746,0.82497156,0.8427877,0.9901937,0.8246732,0.852286,0.95761657,0.82933176,0.8580268,0.9763618,0.83363795,0.86821187,0.9522938
2025-01-01 16:20:00,0.8406269,0.8805956,0.92993546,0.82233167,0.84909576,0.9803923,0.82317287,0.8747426,0.8864549,0.84732604,0.88360834,0.98576325,0.82725924,0.8399038,0.95595616,0.8245276,0.83311534,0.9902821,0.8519775,0.89044183,0.95435905,0.8249731,0.8427958,0.99018085,0.8246717,0.8522935,0.95760477,0.8293369,0.8580414,0.9763563,0.8336488,0.86823386,0.952297
2025-01-01 16:21:00,0.84062225,0.88059765,0.9299319,0.82233685,0.8491063,0.98039764,0.82318604,0.87476313,0.8864664,0.84734523,0.88363206,0.985776,0.8272771,0.83992565,0.95596427,0.8245406,0.83313245,0.990282,0.8519787,0.8904458,0.95435065,0.82497203,0.8427999,0.990168,0.8246679,0.85229695,0.9575929,0.82933915,0.8580518,0.97635096,0.8336573,0.86825174,0.95230025
2025-01-01 16:22:00,0.8406171,0.88059825,0.9299285,0.82234126,0.84911555,0.98040307,0.8231983,0.87478167,0.886478,0.8473632,0.8836536,0.98578876,0.82729363,0.8399451,0.9559724,0.8245519,0.8331466,0.99028194,0.8519788,0.89044774,0.9543423,0.82496893,0.84280074,0.99015516,0.82466227,0.8522973,0.9575812,0.82933927,0.85805863,0.97634566,0.83366394,0.8682663,0.9523036
2025-01-01 16:23:00,0.8406117,0.8805977,0.92992514,0.82234514,0.8491236,0.98040855,0.8232101,0.87479866,0.8864897,0.8473802,0.8836735,0.9858016,0.82730895,0.83996254,0.9559804,0.8245618,0.8331582,0.99028176,0.8519778,0.89044785,0.9543339,0.82496417,0.8427989,0.9901423,0.82465523,0.8522951,0.95756954,0.82933754,0.8580627,0.9763404,0.8336691,0.86827826,0.952307
2025-01-01 16:24:00,0.84060585,0.8805962,0.9299219,0.8223485,0.8491308,0.9804141,0.8232214,0.8748144,0.88650143,0.8473964,0.883692,0.98581433,0.82732356,0.8399784,0.9559885,0.8245704,0.83316785,0.9902816,0.85197616,0.8904466,0.9543255,0.82495815,0.842795,0.9901294,0.82464695,0.8522908,0.9575579,0.82933444,0.85806453,0.9763353,0.8336731,0.86828816,0.95231056
2025-01-01 16:25:00,0.84059983,0.8805941,0.92991877,0.82235146,0.8491373,0.9804197,0.8232323,0.8748291,0.88651323,0.847412,0.8837095,0.98582715,0.82733727,0.839993,0.9559966,0.8245781,0.83317596,0.99028134,0.85197383,0.8904443,0.9543171,0.82495093,0.8427894,0.99011654,0.8246378,0.85228497,0.95754635,0.8293302,0.85806465,0.9763301,0.83367616,0.86829644,0.95231414
2025-01-01 16:26:00,0.84059364,0.8805914,0.9299157,0.8223542,0.8491432,0.98042536,0.82324284,0.87484306,0.88652503,0.847427,0.883726,0.98583984,0.8273505,0.8400066,0.95600456,0.824585,0.83318275,0.990281,0.85197103,0.890441,0.95430857,0.824943,0.84278244,0.99010366,0.8246279,0.85227776,0.95753485,0.82932514,0.8580634,0.97632504,0.83367854,0.86830336,0.95231783
2025-01-01 16:27:00,0.84058726,0.8805882,0.9299127,0.8223567,0.84914875,0.9804311,0.8232533,0.8748565,0.8865369,0.8474417,0.88374186,0.9858526,0.82736325,0.84001935,0.95601255,0.82459134,0.83318853,0.9902806,0.8519678,0.890437,0.95430005,0.8249343,0.8427744,0.9900908,0.82461727,0.8522696,0.9575233,0.82931936,0.8580611,0.97632,0.83368033,0.86830926,0.9523215
2025-01-01 16:28:00,0.8405808,0.88058466,0.92990977,0.82235914,0.849154,0.9804368,0.8232634,0.8748693,0.8865488,0.84745604,0.8837572,0.98586535,0.82737565,0.8400314,0.9560204,0.8245971,0.8331935,0.9902802,0.85196424,0.8904324,0.95429146,0.82492507,0.84276545,0.99007785,0.82460624,0.8522606,0.95751184,0.829313,0.8580578,0.9763151,0.83368164,0.8683144,0.9523253
2025-01-01 16:29:00,0.8405743,0.8805809,0.9299069,0.8223614,0.8491589,0.98044264,0.8232735,0.87488174,0.8865607,0.84747016,0.883772,0.98587805,0.82738763,0.84004295,0.9560283,0.8246025,0.8331977,0.99027973,0.85196036,0.89042735,0.9542829,0.8249153,0.84275585,0.990065,0.82459486,0.85225093,0.95750034,0.8293062,0.85805386,0.97631013,0.83368266,0.8683188,0.9523291
2025-01-01 16:30:00,0.8408591,0.8814859,0.9283093,0.822809,0.85011965,0.9802181,0.82375073,0.876075,0.8858295,0.8480885,0.88500154,0.9856851,0.82813615,0.84150714,0.9554416,0.82552975,0.8349812,0.99006927,0.8524951,0.8915982,0.9536344,0.8259698,0.8446326,0.989819,0.8255437,0.8540628,0.9569358,0.83046705,0.86003035,0.97610307,0.83465266,0.8701714,0.9517473
2025-01-01 16:31:00,0.84108555,0.88220894,0.9272699,0.82316744,0.8508891,0.9800743,0.82413447,0.8770319,0.8853584,0.8485858,0.88598776,0.9855643,0.8287371,0.84268034,0.9550629,0.8262723,0.8364083,0.98993224,0.8529218,0.8925335,0.9532099,0.8268111,0.8461315,0.9896546,0.8263002,0.8555099,0.95656496,0.8313941,0.86161023,0.9759668,0.83542854,0.87165385,0.95137054
2025-01-01 16:32:00,0.84126544,0.88278645,0.92659336,0.8234545,0.8515054,0.9799829,0.8244434,0.87779963,0.88505644,0.84898627,0.8867793,0.9854901,0.82922,0.84362084,0.9548195,0.8268671,0.8375502,0.9898429,0.8532621,0.8932802,0.9529308,0.82748175,0.8473281,0.9895432,0.8269028,0.8566651,0.9563199,0.832134,0.86287284,0.97587657,0.8360492,0.8728402,0.95112705
2025-01-01 16:33:00,0.841408,0.88324755,0.9261527,0.82368463,0.8519993,0.97992563,0.8246925,0.87841594,0.88486433,0.84930927,0.8874152,0.9854463,0.8296084,0.84437495,0.95466393,0.8273436,0.838464,0.98978454,0.8535334,0.89387614,0.9527463,0.828016,0.84828293,0.98946625,0.8273823,0.8575868,0.9561567,0.83272433,0.8638816,0.9758163,0.8365457,0.8737898,0.95097023
2025-01-01 16:34:00,0.8415207,0.8836155,0.9258655,0.82386917,0.85239524,0.9798906,0.8248937,0.87891126,0.8847437,0.84957033,0.88792646,0.9854222,0.82992125,0.8449802,0.9545654,0.82772547,0.8391954,0.9897463,0.85374933,0.8943515,0.95262325,0.828441,0.84904426,0.98941165,0.8277634,0.8583217,0.95604664,0.83319485,0.86468726,0.97577554,0.8369429,0.8745498,0.9508698
2025-01-01 16:35:00,0.84160966,0.883909,0.9256779,0.8240172,0.85271287,0.97987,0.8250566,0.8793098,0.8846695,0.84978175,0.8883381,0.985411,0.8301737,0.8454662,0.9545041,0.82803166,0.8397806,0.98972106,0.853921,0.89473027,0.95254016,0.82877874,0.84965086,0.98937166,0.82806563,0.8589072,0.9559711,0.8335697,0.86533064,0.9757475,0.83726066,0.87515825,0.950806
2025-01-01 16:36:00,0.8416795,0.8841429,0.9255551,0.824136,0.85296786,0.97985876,0.82518893,0.8796307,0.8846255,0.84995353,0.88867,0.98540807,0.8303777,0.8458568,0.9544667,0.82827723,0.84024906,0.9897043,0.85405725,0.89503187,0.952483,0.82904655,0.8501336,0.9893411,0.82830495,0.8593732,0.95591813,0.83386797,0.865844,0.97572774,0.8375149,0.87564546,0.950766
2025-01-01 16:37:00,0.84173405,0.88432914,0.9254745,0.82423156,0.8531727,0.9798537,0.82529676,0.8798897,0.8846012,0.8500936,0.8889382,0.9854106,0.83054304,0.846171,0.95444506,0.8284744,0.84062403,0.98969305,0.8541652,0.8952717,0.9524427,0.82925844,0.8505173,0.9893167,0.8284938,0.8597436,0.9558798,0.83410484,0.8662534,0.9757133,0.8377183,0.87603575,0.9507415
2025-01-01 16:38:00,0.84177643,0.88447726,0.9254213,0.82430845,0.85333747,0.9798526,0.82538503,0.8800992,0.8845896,0.8502082,0.88915527,0.9854166,0.8306774,0.8464243,0.95443356,0.8286327,0.8409242,0.98968536,0.85425043,0.89546204,0.9524133,0.82942563,0.85082173,0.9892963,0.8286423,0.86003745,0.95585096,0.83429277,0.8665797,0.97570246,0.8378811,0.87634844,0.9507272
2025-01-01 16:39:00,0.84180915,0.884595,0.92538595,0.8243704,0.8534702,0.97985417,0.8254576,0.880269,0.8845864,0.8503025,0.8893315,0.9854249,0.830787,0.8466286,0.9544286,0.82876,0.84116447,0.98968,0.8543175,0.8956128,0.952391,0.829557,0.8510628,0.9892785,0.8287586,0.86027014,0.95582837,0.8344415,0.8668395,0.97569394,0.83801126,0.8765991,0.9507194
2025-01-01 16:40:00,0.841834,0.88468826,0.9253622,0.82442045,0.8535773,0.97985744,0.8255176,0.8804071,0.8845885,0.85038066,0.88947517,0.98543465,0.8308767,0.84679395,0.95442796,0.82886255,0.84135693,0.98967606,0.85437006,0.89573187,0.9523733,0.8296597,0.85125303,0.98926234,0.8288491,0.8604539,0.9558098,0.83455884,0.8670461,0.97568685,0.8381155,0.87680006,0.95071596
2025-01-01 16:41:00,0.8418526,0.884762,0.9253461,0.824461,0.85366386,0.97986186,0.82556766,0.88051987,0.8845942,0.8504457,0.8895926,0.9854454,0.8309506,0.8469279,0.95443004,0.8289451,0.841511,0.989673,0.85441095,0.8958256,0.9523586,0.8297396,0.8514028,0.9892473,0.8289189,0.86059844,0.95579386,0.8346511,0.86721015,0.97568077,0.838199,0.87696135,0.9507153
2025-01-01 16:42:00,0.8418663,0.8848202,0.9253349,0.82449394,0.8537341,0.979867,0.8256097,0.8806123,0.8846021,0.8505004,0.88968927,0.9854567,0.8310118,0.84703684,0.9544339,0.8290118,0.84163445,0.98967063,0.8544425,0.8958991,0.9523458,0.829801,0.85152,0.98923296,0.8289722,0.8607117,0.9557796,0.83472335,0.8673402,0.9756754,0.8382659,0.8770909,0.9507165
2025-01-01 16:43:00,0.8418761,0.884866,0.9253269,0.82452077,0.8537912,0.97987264,0.8256453,0.88068855,0.8846116,0.8505468,0.8897691,0.98546845,0.83106273,0.84712577,0.9544389,0.8290657,0.8417334,0.98966855,0.8544666,0.8959564,0.9523342,0.8298478,0.85161126,0.98921907,0.82901233,0.8607999,0.95576656,0.8347796,0.867443,0.9756705,0.8383194,0.87719506,0.9507189
2025-01-01 16:44:00,0.84188265,0.8849019,0.92532104,0.82454276,0.8538378,0.97987866,0.8256759,0.88075185,0.8846221,0.8505865,0.8898356,0.9854804,0.8311056,0.84719867,0.95444465,0.8291094,0.8418127,0.9896667,0.85448474,0.8960006,0.95232344,0.8298829,0.85168177,0.9892055,0.82904184,0.8608681,0.95575416,0.834823,0.8675241,0.9756659,0.8383624,0.877279,0.9507221
2025-01-01 16:45:00,0.8418867,0.8849297,0.9253166,0.82456094,0.8538761,0.9798849,0.82570237,0.8808048,0.8846331,0.8506209,0.8898914,0.9854926,0.8311418,0.84725875,0.95445085,0.8291449,0.8418762,0.989665,0.854498,0.8960345,0.9523132,0.82990855,0.8517356,0.98919207,0.829063,0.86092025,0.9557423,0.83485615,0.86758775,0.9756616,0.8383969,0.8773467,0.9507259
2025-01-01 16:46:00,0.84188884,0.8849513,0.92531306,0.824576,0.8539077,0.97989136,0.82572556,0.88084936,0.8846446,0.850651,0.88993853,0.98550475,0.83117294,0.84730846,0.9544573,0.82917386,0.84192705,0.98966336,0.8545075,0.89606,0.95230323,0.8299267,0.8517761,0.98917884,0.8290773,0.8609596,0.9557308,0.8348811,0.8676376,0.9756573,0.83842456,0.87740135,0.95073
2025-01-01 16:47:00,0.84188926,0.88496774,0.9253101,0.82458866,0.85393393,0.97989786,0.82574624,0.8808873,0.8846565,0.8506778,0.8899789,0.985517,0.8311999,0.84735006,0.9544639,0.8291976,0.8419679,0.9896617,0.8545139,0.8960788,0.9522934,0.8299389,0.85180604,0.9891656,0.82908624,0.8609887,0.95571953,0.8348996,0.8676762,0.97565323,0.8384469,0.8774457,0.95073444
2025-01-01 16:48:00,0.8418885,0.88498014,0.9253076,0.8245993,0.8539559,0.97990453,0.8257647,0.88092,0.88466847,0.8507018,0.89001375,0.9855294,0.8312234,0.84738505,0.95447063,0.8292171,0.84200066,0.98966,0.85451776,0.8960923,0.95228374,0.82994616,0.8518274,0.98915243,0.8290909,0.86100954,0.9557084,0.83491284,0.86770594,0.9756493,0.83846486,0.8774817,0.950739
2025-01-01 16:49:00,0.84188676,0.8849893,0.92530537,0.82460845,0.85397446,0.97991127,0.82578164,0.8809485,0.8846807,0.8507236,0.8900442,0.9855417,0.8312443,0.84741473,0.95447737,0.82923317,0.84202695,0.9896583,0.85451967,0.89610153,0.9522741,0.8299496,0.851842,0.9891393,0.82909197,0.86102384,0.9556973,0.8349219,0.86772865,0.9756454,0.8384794,0.8775112,0.95074373
2025-01-01 16:50:00,0.8418842,0.88499594,0.9253034,0.8246163,0.8539904,0.97991806,0.82579726,0.8809736,0.8846929,0.8507437,0.89007115,0.985554,0.831263,0.8474401,0.9544841,0.8292466,0.84204805,0.98965657,0.8545199,0.8961073,0.9522645,0.82995,0.85185105,0.9891262,0.8290904,0.86103296,0.9556864,0.8349276,0.8677457,0.97564155,0.83849126,0.87753534,0.95074856
2025-01-01 16:51:00,0.84188104,0.8850006,0.9253016,0.8246232,0.85400414,0.979925,0.82581174,0.8809959,0.8847051,0.8507624,0.8900953,0.9855664,0.83127993,0.8474621,0.95449084,0.8292578,0.84206504,0.98965484,0.85451895,0.8961103,0.9522549,0.82994777,0.8518557,0.9891131,0.82908666,0.8610379,0.95567554,0.8349307,0.86775815,0.9756378,0.83850086,0.8775553,0.9507535
2025-01-01 16:52:00,0.84187734,0.8850035,0.9252999,0.8246293,0.8540162,0.97993195,0.82582545,0.88101614,0.8847175,0.85078,0.89011717,0.98557866,0.8312955,0.8474814,0.9544976,0.8292672,0.84207857,0.98965305,0.8545169,0.8961111,0.9522453,0.82994366,0.85185695,0.98910004,0.82908106,0.86103946,0.9556647,0.8349317,0.86776704,0.97563416,0.8385088,0.8775719,0.9507585
2025-01-01 16:53:00,0.8418733,0.8850052,0.92529833,0.82463485,0.85402685,0.9799389,0.8258385,0.8810346,0.88472986,0.85079664,0.8901372,0.98559093,0.8313099,0.84749854,0.9545043,0.8292752,0.8420894,0.9896512,0.854514,0.8961101,0.9522357,0.82993793,0.8518554,0.989087,0.82907414,0.86103845,0.95565397,0.834931,0.86777306,0.9756305,0.8385153,0.87758577,0.95076364
2025-01-01 16:54:00,0.84186894,0.88500583,0.9252968,0.8246399,0.8540365,0.979946,0.825851,0.8810518,0.88474226,0.8508127,0.8901558,0.9856033,0.8313235,0.84751385,0.9545109,0.8292821,0.8420981,0.9896493,0.8545105,0.8961077,0.95222604,0.8299309,0.8518515,0.9890739,0.82906604,0.8610352,0.9556433,0.834929,0.86777675,0.97562695,0.8385207,0.8775976,0.95076877
2025-01-01 16:55:00,0.84186435,0.8850057,0.9252953,0.8246446,0.8540453,0.97995305,0.8258632,0.8810678,0.8847547,0.850828,0.89017326,0.9856155,0.8313363,0.8475278,0.9545176,0.82928807,0.8421051,0.9896473,0.8545063,0.89610404,0.9522163,0.82992285,0.8518459,0.9890608,0.82905704,0.86103034,0.95563257,0.8349259,0.86777866,0.9756235,0.8385253,0.87760764,0.950774
2025-01-01 16:56:00,0.84185964,0.8850049,0.925294,0.82464904,0.85405326,0.9799602,0.82587504,0.881083,0.8847672,0.85084295,0.89018977,0.9856277,0.8313485,0.8475406,0.95452416,0.82929325,0.8421107,0.9896453,0.85450166,0.89609957,0.9522067,0.82991403,0.8518389,0.9890477,0.82904744,0.861024,0.95562196,0.8349219,0.86777914,0.97562003,0.83852917,0.8776164,0.95077926
2025-01-01 16:57:00,0.8418548,0.8850036,0.9252927,0.82465327,0.8540608,0.9799674,0.8258866,0.88109744,0.88477963,0.8508575,0.89020556,0.98564,0.8313602,0.8475525,0.95453066,0.82929784,0.8421151,0.9896432,0.8544967,0.8960943,0.9521969,0.82990444,0.85183066,0.9890346,0.8290372,0.86101675,0.95561135,0.8349173,0.8677784,0.97561663,0.8385325,0.8776241,0.95078456
2025-01-01 16:58:00,0.8418498,0.8850019,0.9252914,0.8246573,0.854068,0.9799747,0.825898,0.8811114,0.88479215,0.8508718,0.8902208,0.98565215,0.83137155,0.84756356,0.95453715,0.82930195,0.8421186,0.9896411,0.8544915,0.89608836,0.95218706,0.8298944,0.85182154,0.98902154,0.82902646,0.86100847,0.9556008,0.8349122,0.8677768,0.9756133,0.83853555,0.87763095,0.9507899
2025-01-01 16:59:00,0.8418448,0.885,0.9252902,0.82466125,0.85407484,0.97998196,0.8259092,0.8811249,0.88480467,0.85088587,0.89023554,0.98566437,0.8313826,0.8475741,0.95454353,0.8293056,0.8421214,0.98963886,0.8544859,0.8960819,0.9521773,0.8298839,0.8518116,0.9890084,0.82901543,0.8609996,0.95559025,0.83490664,0.8677745,0.97560996,0.83853817,0.87763715,0.95079535
2025-01-01 17:00:00,0.8421177,0.8859948,0.924201,0.8251027,0.8551868,0.9798611,0.82640743,0.8824011,0.88464123,0.8514251,0.89150923,0.98557043,0.8321253,0.8491599,0.9542136,0.83019245,0.8440325,0.9895259,0.85494226,0.89727813,0.95180726,0.83088434,0.8537807,0.98886275,0.8299114,0.862866,0.95527434,0.8359878,0.8697909,0.9754946,0.83943063,0.8795001,0.95049274
2025-01-01 17:01:00,0.842335,0.88679004,0.92349267,0.8254565,0.8560776,0.9797851,0.8268083,0.8834245,0.8845394,0.8518591,0.8925307,0.98551357,0.83272153,0.8504302,0.95400137,0.8309023,0.8455614,0.9894517,0.855306,0.89823335,0.9515633,0.8316823,0.8553533,0.9887635,0.8306257,0.8643567,0.95506537,0.83685124,0.871403,0.97541857,0.84014493,0.8809912,0.950298
2025-01-01 17:02:00,0.8425078,0.8874257,0.9230319,0.8257403,0.8567913,0.97973835,0.82713103,0.8842456,0.8844777,0.852209,0.8933504,0.9854809,0.83320034,0.85144794,0.9538655,0.83147055,0.84678435,0.98940253,0.8555957,0.8989959,0.9514012,0.8323181,0.8566088,0.9886943,0.8311947,0.865547,0.9549259,0.8375407,0.87269163,0.9753681,0.84071666,0.8821848,0.95017344
2025-01-01 17:03:00,0.84264493,0.8879336,0.9227322,0.825968,0.85736346,0.9797106,0.8273914,0.88490474,0.8844419,0.85249144,0.89400876,0.9854638,0.8335853,0.85226375,0.95377946,0.8319255,0.8477627,0.9893697,0.8558261,0.89960414,0.95129234,0.8328244,0.8576107,0.98864484,0.8316474,0.866497,0.95483166,0.8380908,0.8737216,0.9753342,0.84117436,0.88314044,0.95009446
2025-01-01 17:04:00,0.8427537,0.88833934,0.922537,0.82615095,0.8578223,0.9796952,0.8276019,0.88543457,0.88442314,0.8527201,0.894538,0.98545694,0.83389527,0.852918,0.9537256,0.8322898,0.84854525,0.9893475,0.85600895,0.900089,0.95121795,0.8332269,0.8584096,0.98860806,0.83200705,0.86725456,0.95476675,0.8385295,0.8745446,0.9753112,0.8415409,0.88390577,0.9500451
2025-01-01 17:05:00,0.8428398,0.8886634,0.92240995,0.82629806,0.8581906,0.9796879,0.8277724,0.88586074,0.8844153,0.8529056,0.894964,0.98545665,0.83414507,0.8534429,0.9536927,0.8325816,0.8491712,0.9893321,0.8561539,0.9004752,0.95116615,0.83354646,0.8590461,0.9885796,0.8322923,0.8678584,0.95472103,0.83887917,0.875202,0.97529525,0.8418344,0.88451874,0.9500151
2025-01-01 17:06:00,0.8429076,0.8889221,0.92232704,0.82641655,0.8584864,0.97968584,0.827911,0.88620406,0.88441473,0.85305655,0.8953072,0.9854607,0.83434683,0.85386443,0.95367336,0.83281535,0.84967184,0.9893212,0.8562685,0.90078235,0.95112884,0.83379966,0.85955274,0.98855644,0.83251804,0.8683392,0.9546877,0.8391575,0.875727,0.9752839,0.84206957,0.88500994,0.94999766
2025-01-01 17:07:00,0.8429609,0.8891285,0.922273,0.8265121,0.8587242,0.9796873,0.828024,0.8864811,0.88441867,0.85317993,0.8955843,0.98546743,0.8345101,0.85420316,0.95366293,0.8330027,0.85007215,0.9893131,0.8563588,0.9010264,0.95110106,0.8339997,0.85995543,0.98853683,0.83269614,0.86872154,0.9546625,0.8393788,0.876146,0.9752756,0.8422581,0.8854037,0.9499884
2025-01-01 17:08:00,0.8430026,0.88929313,0.92223763,0.8265893,0.8589157,0.97969085,0.82811666,0.88670516,0.88442576,0.85328126,0.8958086,0.985476,0.8346426,0.85447574,0.95365816,0.83315283,0.85039234,0.98930687,0.85642964,0.90121984,0.9510795,0.8341572,0.86027503,0.9885195,0.8328362,0.8690252,0.9546426,0.8395545,0.8764803,0.9752692,0.8424093,0.8857195,0.94998443
2025-01-01 17:09:00,0.843035,0.88942426,0.9222145,0.8266519,0.85907006,0.979696,0.828193,0.88688684,0.8844348,0.85336494,0.89599043,0.9854858,0.8347505,0.85469526,0.9536571,0.83327323,0.85064834,0.98930186,0.8564849,0.90137285,0.9510618,0.8342807,0.8605282,0.98850363,0.83294576,0.8692658,0.954626,0.8396937,0.87674683,0.97526413,0.8425306,0.8859729,0.949984
2025-01-01 17:10:00,0.84306,0.8895287,0.9221993,0.8267027,0.85919476,0.97970206,0.82825625,0.8870346,0.8844451,0.8534345,0.8961385,0.9854963,0.83483857,0.8548724,0.9536584,0.83336985,0.85085297,0.98929757,0.8565277,0.9014935,0.9510467,0.8343771,0.860728,0.9884888,0.83303106,0.86945605,0.9546118,0.8398039,0.87695915,0.97526,0.8426281,0.8861765,0.9499859
2025-01-01 17:11:00,0.84307903,0.8896117,0.92218924,0.82674426,0.8592958,0.9797088,0.828309,0.8871551,0.8844562,0.8534928,0.8962595,0.9855073,0.8349109,0.8550157,0.9536613,0.8334474,0.85101646,0.98929375,0.85656047,0.9015882,0.9510333,0.8344516,0.8608853,0.9884745,0.83309674,0.86960596,0.954599,0.83989054,0.87712806,0.97525644,0.8427065,0.88634026,0.94998926
2025-01-01 17:12:00,0.8430934,0.88967764,0.9221826,0.8267783,0.85937786,0.979716,0.82835346,0.88725406,0.884468,0.853542,0.8963588,0.9855186,0.83497065,0.8551318,0.9536652,0.83350974,0.851147,0.9892902,0.85658526,0.9016622,0.9510209,0.83450884,0.8610086,0.98846066,0.83314687,0.8697237,0.9545872,0.83995867,0.8772623,0.9752532,0.8427697,0.8864721,0.9499936
2025-01-01 17:13:00,0.843104,0.88973,0.92217827,0.8268064,0.8594448,0.97972345,0.82839125,0.8873356,0.8844801,0.85358393,0.8964407,0.98553,0.83502024,0.8552261,0.9536696,0.8335598,0.8512513,0.9892868,0.8566037,0.90171957,0.9510093,0.8345521,0.86110455,0.98844707,0.83318454,0.8698156,0.954576,0.84001184,0.8773688,0.9752503,0.8428206,0.8865784,0.9499986
2025-01-01 17:14:00,0.8431116,0.8897713,0.9221753,0.82682973,0.8594995,0.97973114,0.8284237,0.8874032,0.8844924,0.8536201,0.8965088,0.98554164,0.8350618,0.85530305,0.95367444,0.8336001,0.8513345,0.98928344,0.85661685,0.90176374,0.950998,0.8345842,0.8611787,0.98843366,0.83321226,0.86988693,0.9545653,0.8400531,0.87745315,0.97524756,0.8428618,0.88666433,0.95000404
2025-01-01 17:15:00,0.8431167,0.8898039,0.9221734,0.8268493,0.85954463,0.97973895,0.82845193,0.8874598,0.8845049,0.85365164,0.89656574,0.9855532,0.83509684,0.8553661,0.9536795,0.8336326,0.85140085,0.98928016,0.856626,0.9017972,0.95098704,0.83460736,0.8612355,0.9884203,0.8332319,0.8699417,0.9545548,0.8400848,0.8775197,0.975245,0.8428952,0.886734,0.9500098
2025-01-01 17:16:00,0.84312,0.8898296,0.922172,0.8268658,0.859582,0.9797469,0.82847667,0.8875075,0.8845175,0.8536795,0.89661384,0.98556495,0.83512664,0.85541797,0.9536847,0.83365875,0.8514538,0.9892769,0.8566318,0.90182215,0.95097625,0.8346233,0.8612783,0.9884071,0.8332453,0.8699834,0.9545446,0.84010893,0.8775721,0.9752425,0.8429224,0.8867906,0.9500158
2025-01-01 17:17:00,0.84312177,0.88984966,0.9221712,0.8268799,0.8596132,0.979755,0.8284987,0.8875481,0.8845301,0.8537044,0.8966548,0.9855766,0.8351523,0.85546094,0.95369,0.83367985,0.8514958,0.9892736,0.85663503,0.90184027,0.9509655,0.83463365,0.86130995,0.9883939,0.83325356,0.8700144,0.95453453,0.840127,0.87761325,0.9752402,0.8429446,0.88683677,0.950022
2025-01-01 17:18:00,0.8431223,0.88986534,0.9221706,0.8268921,0.8596394,0.97976303,0.8285187,0.887583,0.8845429,0.85372686,0.89669,0.98558825,0.8351747,0.85549676,0.9536953,0.83369696,0.8515292,0.9892703,0.85663605,0.9018529,0.95095485,0.8346394,0.86133265,0.9883808,0.83325773,0.87003714,0.9545246,0.8401402,0.8776453,0.9752379,0.84296286,0.8868747,0.95002824
2025-01-01 17:19:00,0.8431219,0.8898775,0.9221702,0.82690275,0.85966176,0.97977126,0.82853687,0.8876134,0.88455564,0.8537474,0.89672077,0.9856,0.8351943,0.8555268,0.95370066,0.83371085,0.8515556,0.989267,0.85663533,0.9018612,0.9509442,0.8346414,0.86134815,0.9883676,0.83325875,0.87005305,0.9545146,0.8401495,0.8776701,0.9752357,0.84297794,0.8869059,0.95003456
2025-01-01 17:20:00,0.84312075,0.8898868,0.9221701,0.82691216,0.85968095,0.9797795,0.8285536,0.8876402,0.88456845,0.8537665,0.8967478,0.9856117,0.83521175,0.8555523,0.9537059,0.83372205,0.85157645,0.98926365,0.85663325,0.90186596,0.9509335,0.83464056,0.861358,0.9883545,0.8332571,0.8700636,0.9545048,0.8401558,0.8776892,0.9752336,0.8429905,0.88693184,0.950041
2025-01-01 17:21:00,0.843119,0.8898939,0.92217004,0.8269207,0.8596976,0.97978777,0.8285694,0.8876641,0.88458127,0.8537843,0.8967719,0.9856233,0.8352275,0.8555741,0.95371115,0.83373123,0.8515929,0.9892602,0.8566301,0.90186787,0.95092285,0.83463734,0.8613633,0.98834145,0.8332534,0.8700698,0.954495,0.84015954,0.8777036,0.9752316,0.8430011,0.88695353,0.9500475
2025-01-01 17:22:00,0.8431168,0.8898992,0.9221701,0.8269284,0.8597123,0.9797961,0.8285842,0.8876856,0.88459414,0.8538012,0.8967937,0.985635,0.83524185,0.8555929,0.9537164,0.8337386,0.85160565,0.98925674,0.85662603,0.9018675,0.9509122,0.83463216,0.86136484,0.98832834,0.83324796,0.8700726,0.9544853,0.8401614,0.87771434,0.97522956,0.8430101,0.88697183,0.9500541
2025-01-01 17:23:00,0.8431143,0.88990307,0.9221702,0.8269355,0.8597254,0.9798045,0.8285983,0.88770527,0.884607,0.8538172,0.89681363,0.98564655,0.83525515,0.85560936,0.9537216,0.83374476,0.85161555,0.98925316,0.8566212,0.90186536,0.9509015,0.83462554,0.86136353,0.9883153,0.8332412,0.87007266,0.95447564,0.8401617,0.87772214,0.97522765,0.8430179,0.88698745,0.9500607
2025-01-01 17:24:00,0.8431115,0.8899058,0.92217046,0.8269422,0.8597372,0.9798129,0.82861197,0.8877235,0.8846199,0.8538327,0.89683205,0.9856581,0.8352675,0.8556239,0.95372677,0.8337498,0.8516232,0.9892496,0.85661584,0.9018617,0.9508908,0.83461773,0.86135983,0.98830223,0.83323354,0.8700706,0.954466,0.8401607,0.8777276,0.97522575,0.8430247,0.88700086,0.9500674
2025-01-01 17:25:00,0.8431085,0.88990766,0.92217076,0.8269485,0.8597481,0.97982144,0.8286251,0.88774055,0.8846327,0.8538476,0.8968493,0.9856697,0.835279,0.8556369,0.95373183,0.8337539,0.8516289,0.98924595,0.85660994,0.90185696,0.95088005,0.83460885,0.8613543,0.9882891,0.83322495,0.8700667,0.95445645,0.84015876,0.87773126,0.9752239,0.84303063,0.88701266,0.95007414
2025-01-01 17:26:00,0.8431053,0.8899088,0.9221711,0.82695454,0.85975814,0.97982997,0.82863796,0.88775665,0.88464564,0.85386217,0.8968655,0.98568124,0.83529,0.8556487,0.95373684,0.8337572,0.8516332,0.98924226,0.8566036,0.9018512,0.95086926,0.83459926,0.86134726,0.98827606,0.8332157,0.8700614,0.95444685,0.840156,0.8777334,0.9752222,0.843036,0.88702303,0.950081
2025-01-01 17:27:00,0.843102,0.8899094,0.92217153,0.8269604,0.85976756,0.9798385,0.82865053,0.887772,0.8846585,0.85387635,0.8968809,0.9856927,0.8353005,0.8556595,0.95374185,0.83376,0.85163623,0.9892385,0.856597,0.90184474,0.9508584,0.83458906,0.86133903,0.988263,0.83320594,0.8700551,0.9544374,0.84015274,0.8777344,0.97522044,0.8430409,0.8870324,0.9500878
2025-01-01 17:28:00,0.8430986,0.88990957,0.922172,0.82696605,0.85977656,0.97984713,0.8286629,0.8877868,0.88467145,0.85389036,0.89689577,0.9857042,0.83531064,0.85566944,0.95374674,0.83376235,0.8516383,0.9892347,0.85659015,0.9018376,0.9508476,0.83457834,0.86132973,0.9882499,0.83319575,0.87004787,0.9544279,0.8401489,0.87773454,0.9752188,0.84304535,0.88704085,0.9500947
2025-01-01 17:29:00,0.8430951,0.8899094,0.92217255,0.8269716,0.85978514,0.9798558,0.82867515,0.8878011,0.8846844,0.85390407,0.8969101,0.9857156,0.8353205,0.85567874,0.9537516,0.83376426,0.8516396,0.9892308,0.856583,0.90182996,0.9508367,0.8345672,0.8613198,0.98823684,0.8331852,0.87003994,0.9544185,0.84014475,0.8777338,0.97521716,0.8430496,0.88704866,0.9501016
2025-01-01 17:30:00,0.8433512,0.89097613,0.92161137,0.8273988,0.8610284,0.9798407,0.82918555,0.8891374,0.88509166,0.8543544,0.898205,0.9857223,0.8360443,0.85735744,0.9536845,0.83459467,0.85364366,0.98921746,0.85695285,0.9030298,0.9507517,0.83549577,0.8633455,0.98819417,0.8340122,0.8719269,0.9543569,0.8411265,0.8797537,0.9751956,0.8438486,0.88888836,0.9500837
2025-01-01 17:31:00,0.8435553,0.89182925,0.9212469,0.8277416,0.8620244,0.979834,0.82959616,0.8902088,0.88536096,0.85471725,0.89924335,0.9857306,0.83662504,0.8587017,0.95364255,0.835259,0.8552465,0.9892073,0.8572472,0.90398777,0.95069265,0.836236,0.8649634,0.98816174,0.83467144,0.8734343,0.95431364,0.8419108,0.8813689,0.9751811,0.8444885,0.8903612,0.9500745
2025-01-01 17:32:00,0.8437178,0.8925114,0.92101026,0.8280169,0.86282265,0.9798327,0.82992697,0.8910685,0.8855406,0.8550101,0.90007645,0.98573995,0.8370914,0.85977846,0.95361686,0.8357906,0.85652834,0.9891993,0.85748094,0.9047521,0.9506504,0.8368257,0.86625516,0.9881362,0.83519644,0.87463814,0.9542823,0.84253716,0.8826604,0.9751712,0.84500104,0.8915405,0.9500711
2025-01-01 17:33:00,0.8438472,0.893057,0.9208567,0.8282382,0.86346275,0.979835,0.830194,0.8917588,0.88566184,0.855247,0.9007454,0.98574996,0.83746606,0.8606412,0.9536018,0.8362158,0.8575534,0.98919266,0.8576664,0.90536165,0.95061904,0.8372948,0.8672859,0.9881149,0.83561414,0.8755991,0.9542586,0.8430371,0.88369286,0.97516435,0.8454117,0.892485,0.9500714
2025-01-01 17:34:00,0.84395003,0.8934931,0.9207573,0.8284163,0.86397624,0.9798396,0.83040994,0.8923134,0.88574517,0.855439,0.901283,0.9857604,0.8377674,0.8613326,0.9535935,0.836556,0.858373,0.9891868,0.85781306,0.9058474,0.9505948,0.8376676,0.868108,0.9880966,0.83594596,0.8763657,0.95424014,0.843436,0.8845182,0.97515947,0.8457409,0.89324176,0.9500741
2025-01-01 17:35:00,0.84403163,0.89384186,0.920693,0.8285599,0.8643885,0.97984576,0.83058506,0.89275974,0.88580394,0.85559523,0.9017155,0.9857711,0.8380102,0.86188704,0.95358974,0.8368282,0.8590282,0.9891815,0.8579287,0.9062339,0.9505751,0.8379633,0.86876297,0.98808014,0.83620906,0.8769769,0.9542249,0.84375405,0.88517785,0.9751559,0.84600496,0.8938482,0.9500785
2025-01-01 17:36:00,0.8440963,0.89412063,0.92065156,0.8286758,0.8647198,0.9798529,0.83072746,0.8931192,0.8858467,0.8557228,0.90206397,0.985782,0.83820605,0.8623318,0.9535888,0.83704585,0.8595519,0.9891766,0.8580196,0.9065412,0.9505584,0.83819723,0.8692843,0.9880649,0.8364172,0.87746376,0.9542118,0.84400743,0.88570493,0.9751532,0.8462169,0.8943345,0.9500838
2025-01-01 17:37:00,0.8441473,0.89434344,0.920625,0.8287697,0.8649863,0.9798607,0.8308437,0.8934094,0.885879,0.85582733,0.9023451,0.985793,0.8383643,0.86268896,0.9535897,0.83721995,0.8599704,0.9891718,0.85809064,0.906785,0.9505437,0.8383819,0.86969876,0.9880504,0.83658135,0.8778512,0.95420015,0.84420913,0.886126,0.9751511,0.84638715,0.8947246,0.95008993
2025-01-01 17:38:00,0.84418756,0.89452153,0.92060816,0.82884586,0.865201,0.97986895,0.8309391,0.893644,0.88590455,0.8559135,0.90257245,0.985804,0.8384926,0.86297584,0.95359176,0.83735925,0.8603048,0.98916715,0.8581457,0.9069781,0.9505301,0.83852696,0.8700278,0.98803645,0.8367104,0.87815905,0.9541894,0.8443695,0.8864622,0.9751494,0.84652406,0.89503783,0.95009655
2025-01-01 17:39:00,0.8442191,0.8946638,0.9205976,0.82890797,0.8653743,0.9798776,0.8310178,0.8938342,0.8859257,0.85598505,0.90275675,0.9858151,0.83859676,0.8632066,0.9535946,0.8374706,0.86057174,0.98916256,0.8581882,0.90713054,0.9505174,0.8386404,0.87028825,0.98802286,0.8368113,0.87840325,0.9541793,0.84449667,0.8867306,0.9751479,0.8466343,0.89528954,0.9501034
2025-01-01 17:40:00,0.8442437,0.8947774,0.92059124,0.82895875,0.86551446,0.9798864,0.8310831,0.8939889,0.88594407,0.8560448,0.90290654,0.98582613,0.83868176,0.8633925,0.95359796,0.8375596,0.86078477,0.989158,0.8582204,0.90725046,0.9505052,0.83872867,0.8704941,0.98800945,0.8368897,0.8785966,0.9541696,0.84459746,0.8869447,0.97514665,0.84672326,0.8954921,0.95011055
2025-01-01 17:41:00,0.84426284,0.8948682,0.92058754,0.8290005,0.86562806,0.97989535,0.8311377,0.8941152,0.8859605,0.85609514,0.9030288,0.98583716,0.8387513,0.8635423,0.95360154,0.83763075,0.8609547,0.9891534,0.8582445,0.9073444,0.9504933,0.8387967,0.87065613,0.9879963,0.8369502,0.8787492,0.9541602,0.84467703,0.8871154,0.9751456,0.8467951,0.8956552,0.9501178
2025-01-01 17:42:00,0.84427756,0.8949407,0.9205856,0.8290351,0.8657205,0.9799045,0.8311838,0.89421874,0.8859758,0.856138,0.9031291,0.98584825,0.83880854,0.86366343,0.9536053,0.83768755,0.86109006,0.98914874,0.85826206,0.90741754,0.9504816,0.8388485,0.87078315,0.9879831,0.8369962,0.87886924,0.95415103,0.84473974,0.8872514,0.97514457,0.8468534,0.89578694,0.9501252
2025-01-01 17:43:00,0.84428877,0.8949985,0.9205848,0.8290639,0.86579597,0.97991353,0.831223,0.89430416,0.8859903,0.85617477,0.90321165,0.9858593,0.8388559,0.86376154,0.95360917,0.837733,0.8611979,0.9891441,0.85827434,0.9074739,0.95047,0.83888733,0.8708821,0.98797,0.83703077,0.8789631,0.954142,0.84478897,0.8873596,0.97514373,0.84690076,0.89589345,0.9501328
2025-01-01 17:44:00,0.8442972,0.8950446,0.9205849,0.82908815,0.8658579,0.9799228,0.8312568,0.89437497,0.8860043,0.8562068,0.9032801,0.98587024,0.8388954,0.86384124,0.95361304,0.8377691,0.86128354,0.9891394,0.85828245,0.9075171,0.95045847,0.8389159,0.8709587,0.987957,0.8370561,0.87903625,0.95413303,0.84482735,0.8874457,0.9751429,0.84693944,0.89597994,0.95014036
2025-01-01 17:45:00,0.8443033,0.89508146,0.92058545,0.8291087,0.86590904,0.97993207,0.8312862,0.8944342,0.8860179,0.8562349,0.90333724,0.9858812,0.83892846,0.8639061,0.9536169,0.83779794,0.86135155,0.98913467,0.8582872,0.90754956,0.950447,0.8389361,0.8710173,0.987944,0.8370741,0.87909275,0.9541243,0.84485704,0.887514,0.97514224,0.84697115,0.8960503,0.950148
2025-01-01 17:46:00,0.8443077,0.8951108,0.9205864,0.8291263,0.86595154,0.97994137,0.8313122,0.8944841,0.88603145,0.85625994,0.90338534,0.9858921,0.83895653,0.86395913,0.95362085,0.8378209,0.8614053,0.9891299,0.85828924,0.9075734,0.9504355,0.8389497,0.8710616,0.9879311,0.8370862,0.8791359,0.95411545,0.84487987,0.8875682,0.9751416,0.8469974,0.8961078,0.95015574
2025-01-01 17:47:00,0.8443107,0.8951342,0.9205876,0.8291417,0.86598706,0.9799508,0.8313353,0.8945266,0.8860447,0.8562825,0.9034262,0.985903,0.83898044,0.86400276,0.95362467,0.83783907,0.8614478,0.9891251,0.8582892,0.9075905,0.9504241,0.838958,0.8710944,0.98791814,0.83709365,0.87916845,0.9541067,0.8448972,0.8876109,0.97514105,0.84701914,0.896155,0.95016354
2025-01-01 17:48:00,0.84431255,0.89515287,0.920589,0.82915515,0.86601716,0.97996026,0.8313562,0.8945631,0.8860579,0.85630304,0.9034613,0.98591393,0.8390011,0.86403877,0.9536285,0.8378535,0.8614812,0.9891202,0.8582873,0.90760213,0.95041263,0.83896196,0.871118,0.9879052,0.8370974,0.8791925,0.9540981,0.8449101,0.88764465,0.9751405,0.8470374,0.896194,0.95017135
2025-01-01 17:49:00,0.84431356,0.8951677,0.9205905,0.8291671,0.8660428,0.9799697,0.8313754,0.8945949,0.88607115,0.85632205,0.9034917,0.9859247,0.83901924,0.86406875,0.9536323,0.8378649,0.86150724,0.98911524,0.858284,0.9076093,0.9504011,0.8389627,0.8711343,0.9878923,0.83709806,0.87920964,0.95408946,0.84491956,0.8876711,0.97514004,0.84705275,0.89622647,0.9501793
2025-01-01 17:50:00,0.8443138,0.89517957,0.9205921,0.82917804,0.8660649,0.9799793,0.83139306,0.8946228,0.88608426,0.8563398,0.90351844,0.98593557,0.83903515,0.8640938,0.95363605,0.8378737,0.8615275,0.98911023,0.8582796,0.907613,0.9503896,0.8389605,0.87114465,0.9878794,0.83709633,0.87922144,0.95408094,0.8449262,0.88769186,0.9751397,0.8470659,0.89625365,0.9501872
2025-01-01 17:51:00,0.84431356,0.8951889,0.92059386,0.8291879,0.86608416,0.9799888,0.83140963,0.8946478,0.8860974,0.8563565,0.9035421,0.98594636,0.8390494,0.86411494,0.9536397,0.8378806,0.86154306,0.98910517,0.85827434,0.9076138,0.9503781,0.8389563,0.8711504,0.9878665,0.83709276,0.8792289,0.9540724,0.8449306,0.88770795,0.9751393,0.8470773,0.8962767,0.95019513
2025-01-01 17:52:00,0.8443129,0.89519644,0.92059565,0.82919705,0.8661012,0.97999835,0.8314254,0.8946703,0.8861105,0.8563723,0.9035634,0.9859571,0.8390623,0.864133,0.9536433,0.837886,0.86155486,0.9891001,0.85826826,0.9076124,0.95036656,0.8389503,0.8711523,0.98785365,0.83708763,0.8792328,0.95406395,0.8449333,0.8877204,0.975139,0.8470873,0.8962964,0.9502032
2025-01-01 17:53:00,0.8443119,0.89520246,0.92059755,0.8292057,0.8661165,0.980008,0.8314404,0.8946908,0.88612354,0.8563875,0.9035828,0.9859678,0.8390741,0.86414856,0.9536469,0.83789,0.8615637,0.9890949,0.85826164,0.90760916,0.950355,0.8389428,0.8711512,0.9878408,0.8370813,0.8792341,0.95405555,0.8449345,0.8877299,0.9751388,0.8470962,0.8963134,0.9502112
2025-01-01 17:54:00,0.8443107,0.8952072,0.9205995,0.82921386,0.86613035,0.9800177,0.8314548,0.8947098,0.8861366,0.8564022,0.9036007,0.9859785,0.839085,0.864162,0.9536504,0.83789307,0.86157006,0.9890897,0.8582545,0.90760446,0.9503434,0.8389343,0.87114775,0.98782796,0.837074,0.87923306,0.9540472,0.84493464,0.88773704,0.9751386,0.84710413,0.89632833,0.95021933
2025-01-01 17:55:00,0.8443092,0.8952111,0.92060155,0.82922167,0.8661431,0.9800274,0.8314688,0.89472765,0.8861497,0.8564164,0.9036173,0.9859891,0.8390952,0.8641739,0.9536539,0.8378953,0.8615745,0.9890845,0.8582469,0.90759856,0.9503317,0.83892494,0.8711424,0.98781514,0.8370659,0.87923026,0.95403886,0.8449339,0.88774234,0.9751385,0.8471114,0.8963415,0.9502275
2025-01-01 17:56:00,0.84430766,0.89521414,0.9206036,0.8292292,0.866155,0.98003715,0.8314824,0.8947444,0.8861628,0.85643035,0.90363294,0.9859997,0.8391048,0.86418444,0.95365727,0.83789676,0.86157733,0.9890791,0.8582391,0.90759176,0.95032007,0.83891475,0.8711354,0.98780227,0.8370573,0.87922615,0.9540306,0.84493244,0.8877462,0.9751384,0.8471181,0.8963534,0.95023566
2025-01-01 17:57:00,0.844306,0.89521664,0.9206057,0.8292365,0.8661661,0.9800469,0.83149576,0.89476043,0.88617593,0.85644394,0.9036478,0.98601025,0.8391139,0.864194,0.95366067,0.8378977,0.86157894,0.98907375,0.8582309,0.90758413,0.9503083,0.8389041,0.87112725,0.98778945,0.8370481,0.87922084,0.9540223,0.84493047,0.88774884,0.9751384,0.84712434,0.8963642,0.95024395
2025-01-01 17:58:00,0.8443042,0.8952187,0.9206079,0.8292437,0.8661767,0.98005676,0.8315089,0.8947758,0.886189,0.8564573,0.90366197,0.9860208,0.8391226,0.86420256,0.95366395,0.8378982,0.8615795,0.9890684,0.85822254,0.9075759,0.95029664,0.8388929,0.8711181,0.98777664,0.8370386,0.87921476,0.9540141,0.8449281,0.8877506,0.9751385,0.84713036,0.8963743,0.95025223
2025-01-01 17:59:00,0.8443024,0.8952204,0.92061013,0.8292508,0.8661869,0.98006666,0.8315218,0.89479065,0.8862021,0.8564705,0.9036756,0.98603135,0.839131,0.8642105,0.95366716,0.83789825,0.8615792,0.9890629,0.858214,0.9075672,0.9502849,0.83888125,0.8711082,0.9877638,0.8370288,0.8792079,0.95400596,0.84492534,0.8877517,0.9751386,0.8471361,0.8963836,0.9502606
2025-01-01 18:00:00,0.844537,0.89634,0.92058694,0.82965624,0.86753935,0.9801576,0.8320353,0.8961631,0.88717294,0.85682404,0.90496874,0.98613846,0.83982307,0.86595243,0.953864,0.83865756,0.8636407,0.9891493,0.8584907,0.90874934,0.9504864,0.83972126,0.8731546,0.9878248,0.8377721,0.881082,0.9541997,0.84579027,0.8897391,0.97521126,0.8478275,0.89816743,0.9505276
2025-01-01 18:01:00,0.84472436,0.8972359,0.92057264,0.829982,0.868623,0.9802202,0.83244854,0.8972636,0.8878086,0.85710937,0.9060055,0.9862117,0.84037805,0.86734694,0.9539929,0.83926463,0.86528915,0.9892035,0.8587102,0.90969294,0.9506133,0.8403906,0.8747891,0.98785996,0.83836454,0.88257945,0.9543228,0.8464815,0.8913287,0.9752586,0.8483816,0.8995958,0.95070416
2025-01-01 18:02:00,0.84487385,0.89795256,0.9205643,0.8302439,0.8694917,0.9802645,0.83278155,0.89814657,0.88822633,0.85734016,0.9068372,0.986263,0.8408235,0.8684636,0.9540778,0.83975,0.8666072,0.9892367,0.858884,0.9104457,0.95069164,0.8409235,0.8760941,0.9878783,0.8388363,0.8837755,0.95440006,0.8470337,0.89260006,0.9752895,0.8488259,0.90073985,0.95082194
2025-01-01 18:03:00,0.84499305,0.898526,0.9205597,0.8304548,0.87018836,0.98029673,0.8330505,0.8988555,0.88850254,0.85752726,0.90750486,0.98629993,0.84118116,0.86935794,0.9541339,0.84013796,0.8676608,0.9892563,0.859021,0.9110457,0.9507383,0.8413473,0.8771355,0.9878858,0.8392115,0.88473034,0.9544475,0.84747463,0.89361674,0.9753098,0.8491822,0.9016565,0.9509015
2025-01-01 18:04:00,0.8450881,0.8989849,0.92055774,0.83062494,0.8707474,0.9803212,0.83326805,0.89942527,0.88868654,0.85767937,0.90804124,0.98632747,0.84146875,0.87007433,0.9541715,0.840448,0.8685029,0.989267,0.8591288,0.9115235,0.9507646,0.8416836,0.87796605,0.98788625,0.8395096,0.88549244,0.9544756,0.84782666,0.89442986,0.9753231,0.8494683,0.9023912,0.9509563
2025-01-01 18:05:00,0.8451638,0.89935213,0.9205573,0.83076245,0.8711963,0.9803408,0.8334446,0.8998836,0.88881075,0.8578036,0.9084727,0.986349,0.8417001,0.8706484,0.9541969,0.8406957,0.86917585,0.9892719,0.8592131,0.91190356,0.9507774,0.8419501,0.8786278,0.987882,0.8397459,0.88610023,0.95449114,0.8481075,0.89508,0.97533196,0.8496982,0.9029804,0.9509949
2025-01-01 18:06:00,0.845224,0.8996461,0.92055804,0.8308738,0.8715573,0.98035705,0.8335883,0.90025294,0.8888961,0.8579053,0.9088201,0.98636657,0.8418866,0.8711086,0.9542143,0.8408935,0.8697134,0.98927295,0.8592786,0.9122054,0.9507816,0.8421607,0.8791546,0.98787487,0.83993274,0.8865845,0.9544985,0.8483315,0.8955998,0.975338,0.8498831,0.9034531,0.95102304
2025-01-01 18:07:00,0.84527194,0.89988136,0.92055947,0.8309643,0.8718478,0.9803711,0.8337058,0.90055096,0.8889562,0.85798925,0.9091003,0.98638153,0.842037,0.8714777,0.95422655,0.84105134,0.87014264,0.9892716,0.8593291,0.9124447,0.9507801,0.84232646,0.8795734,0.9878658,0.8400801,0.88697016,0.9545006,0.84850997,0.89601535,0.9753421,0.85003203,0.90383273,0.9510444
2025-01-01 18:08:00,0.84531,0.9000697,0.9205614,0.8310381,0.87208194,0.9803839,0.8338022,0.90079194,0.88899976,0.8580588,0.90932673,0.98639476,0.84215873,0.8717739,0.95423543,0.8411773,0.8704852,0.9892686,0.8593676,0.91263396,0.9507749,0.8424565,0.87990594,0.98785555,0.8401958,0.8872768,0.9544993,0.84865195,0.8963476,0.975345,0.8501523,0.90413785,0.9510613
2025-01-01 18:09:00,0.84534013,0.9002206,0.9205637,0.83109856,0.872271,0.9803958,0.8338819,0.9009874,0.8890328,0.8581169,0.9095101,0.986407,0.8422575,0.87201184,0.9542421,0.84127754,0.8707584,0.98926455,0.85939646,0.9127831,0.95076734,0.84255797,0.88016933,0.98784447,0.84028625,0.88752025,0.9544958,0.8487649,0.89661306,0.97534716,0.8502495,0.90438336,0.9510755
2025-01-01 18:10:00,0.845364,0.90034145,0.92056614,0.8311484,0.87242407,0.9804072,0.83394814,0.9011463,0.88905877,0.8581659,0.909659,0.9864184,0.8423378,0.8722031,0.95424736,0.8413574,0.87097615,0.9892597,0.8594176,0.91290027,0.9507582,0.8426365,0.8803774,0.9878327,0.84035647,0.8877132,0.9544909,0.84885454,0.8968252,0.9753489,0.8503283,0.90458125,0.9510877
2025-01-01 18:11:00,0.8453828,0.9004383,0.9205688,0.83118963,0.87254834,0.9804182,0.83400357,0.901276,0.8890802,0.8582075,0.9097805,0.98642933,0.8424033,0.872357,0.9542516,0.8414209,0.87114954,0.9892544,0.8594326,0.91299176,0.950748,0.84269667,0.88054127,0.98782074,0.8404106,0.8878658,0.95448506,0.84892565,0.89699465,0.9753503,0.85039246,0.904741,0.95109886
2025-01-01 18:12:00,0.8453976,0.90051603,0.9205717,0.8312241,0.87264955,0.980429,0.8340505,0.90138245,0.8890988,0.8582432,0.9098798,0.9864399,0.842457,0.872481,0.9542552,0.84147125,0.87128735,0.9892488,0.85944253,0.9130627,0.9507372,0.8427422,0.8806698,0.9878086,0.8404517,0.88798594,0.9544786,0.8489818,0.89713,0.97535163,0.8504448,0.9048703,0.95110923
2025-01-01 18:13:00,0.8454092,0.90057844,0.92057467,0.8312532,0.87273234,0.9804397,0.8340905,0.9014701,0.88911545,0.8582743,0.9099616,0.98645025,0.8425013,0.87258106,0.95425844,0.841511,0.8713967,0.989243,0.85944855,0.91311723,0.9507259,0.842776,0.88076997,0.98779625,0.84048253,0.8880803,0.9544719,0.84902614,0.8972381,0.9753528,0.8504878,0.9049751,0.9511191
2025-01-01 18:14:00,0.84541833,0.9006285,0.9205777,0.83127785,0.87280035,0.9804503,0.83412504,0.9015429,0.88913083,0.8583015,0.91002923,0.98646045,0.84253794,0.872662,0.9542613,0.8415424,0.8714833,0.989237,0.8594514,0.9131586,0.9507143,0.84280044,0.8808475,0.9877839,0.840505,0.888154,0.9544649,0.8490609,0.8973243,0.97535396,0.8505233,0.9050605,0.9511287
2025-01-01 18:15:00,0.84542537,0.90066886,0.92058074,0.8312991,0.87285656,0.9804608,0.83415514,0.9016037,0.88914543,0.8583257,0.9100855,0.9864705,0.8425686,0.8727276,0.9542639,0.8415671,0.87155175,0.9892309,0.8594517,0.9131895,0.95070255,0.8428174,0.880907,0.98777145,0.840521,0.88821113,0.9544578,0.8490881,0.8973931,0.97535515,0.8505528,0.9051303,0.95113814
2025-01-01 18:16:00,0.8454308,0.9007014,0.92058396,0.8313176,0.8729034,0.9804714,0.8341817,0.90165496,0.8891595,0.85834754,0.9101328,0.98648053,0.84259427,0.87278086,0.9542664,0.84158635,0.8716056,0.98922455,0.85945,0.9132119,0.9506906,0.8428283,0.88095194,0.98775893,0.84053165,0.88825506,0.9544506,0.8491092,0.89744794,0.9753563,0.8505775,0.90518767,0.9511475
2025-01-01 18:17:00,0.84543496,0.9007277,0.92058724,0.8313339,0.87294275,0.9804819,0.83420557,0.90169865,0.88917327,0.8583674,0.9101728,0.9864904,0.84261614,0.8728244,0.95426875,0.84160125,0.8716477,0.98921824,0.8594465,0.91322756,0.9506785,0.8428344,0.8809853,0.9877465,0.8405381,0.88828844,0.9544434,0.84912544,0.8974917,0.9753575,0.85059845,0.9052351,0.9511568
2025-01-01 18:18:00,0.8454381,0.9007489,0.9205905,0.8313484,0.872976,0.98049253,0.8342271,0.90173614,0.88918674,0.8583857,0.91020703,0.9865003,0.8426348,0.87286,0.954271,0.8416127,0.8716805,0.98921186,0.8594418,0.9132379,0.9506665,0.8428367,0.8810094,0.98773396,0.8405412,0.88831335,0.95443624,0.8491379,0.8975265,0.97535866,0.85061634,0.9052745,0.95116603
2025-01-01 18:19:00,0.84544045,0.90076625,0.92059386,0.83136153,0.8730045,0.98050314,0.8342468,0.90176874,0.88920015,0.8584027,0.91023666,0.9865101,0.842651,0.8728893,0.95427316,0.84162134,0.8717058,0.98920536,0.85943604,0.9132439,0.9506544,0.84283584,0.8810261,0.98772144,0.8405416,0.88833153,0.9544291,0.84914726,0.8975542,0.9753599,0.8506317,0.9053076,0.9511753
2025-01-01 18:20:00,0.84544224,0.9007803,0.9205973,0.8313736,0.8730292,0.98051375,0.83426523,0.9017975,0.88921344,0.8584187,0.91026247,0.9865198,0.84266514,0.87291354,0.9542753,0.8416277,0.871725,0.9891988,0.8594293,0.9132464,0.95064217,0.8428326,0.8810368,0.987709,0.8405398,0.8883443,0.95442194,0.8491542,0.8975762,0.9753612,0.85064524,0.90533566,0.9511846
2025-01-01 18:21:00,0.8454435,0.90079194,0.9206008,0.8313847,0.87305075,0.98052436,0.83428246,0.901823,0.8892266,0.85843396,0.91028535,0.9865295,0.84267765,0.87293375,0.9542773,0.84163237,0.8717395,0.98919225,0.85942197,0.91324615,0.95062995,0.8428274,0.8810429,0.9876965,0.8405364,0.8883528,0.95441484,0.8491592,0.89759374,0.9753626,0.85065717,0.90535957,0.9511938
2025-01-01 18:22:00,0.8454443,0.90080154,0.9206043,0.8313952,0.8730699,0.9805351,0.83429873,0.901846,0.8892397,0.85844857,0.91030586,0.9865392,0.84268886,0.8729507,0.95427924,0.84163547,0.8717501,0.98918563,0.85941404,0.91324365,0.9506177,0.8428206,0.8810451,0.9876841,0.84053165,0.8883579,0.95440775,0.8491626,0.8976076,0.975364,0.85066795,0.9053803,0.9512031
2025-01-01 18:23:00,0.84544486,0.9008096,0.92060786,0.83140516,0.8730871,0.98054576,0.83431435,0.9018671,0.8892529,0.85846263,0.9103244,0.98654884,0.84269905,0.872965,0.95428115,0.8416374,0.8717576,0.98917896,0.85940564,0.9132393,0.9506054,0.8428125,0.8810443,0.9876717,0.84052575,0.88836014,0.9544007,0.8491648,0.8976186,0.9753655,0.8506778,0.9053984,0.95121247
2025-01-01 18:24:00,0.8454452,0.9008163,0.9206115,0.8314147,0.8731028,0.98055655,0.83432937,0.9018866,0.88926595,0.8584762,0.91034144,0.9865584,0.84270835,0.8729772,0.95428294,0.8416384,0.8717627,0.9891722,0.85939693,0.9132336,0.95059305,0.8428034,0.8810411,0.9876593,0.8405191,0.8883603,0.95439374,0.84916604,0.89762735,0.97536707,0.8506868,0.9054145,0.9512218
2025-01-01 18:25:00,0.8454454,0.9008221,0.9206152,0.8314239,0.8731172,0.98056734,0.8343439,0.90190476,0.889279,0.8584896,0.91035724,0.986568,0.8427169,0.87298775,0.9542847,0.84163857,0.8717657,0.9891654,0.8593879,0.9132267,0.9505808,0.8427935,0.8810359,0.9876469,0.8405117,0.8883587,0.95438683,0.84916645,0.8976342,0.9753687,0.85069525,0.905429,0.95123124
2025-01-01 18:26:00,0.84544545,0.90082705,0.92061895,0.8314328,0.8731307,0.9805781,0.8343581,0.9019219,0.8892921,0.8585025,0.91037196,0.98657745,0.8427249,0.87299687,0.95428646,0.8416382,0.8717671,0.9891586,0.8593786,0.91321886,0.9505684,0.842783,0.88102925,0.98763454,0.8405037,0.88835573,0.9543799,0.84916633,0.8976397,0.97537035,0.85070324,0.9054422,0.9512408
2025-01-01 18:27:00,0.84544545,0.90083134,0.92062277,0.8314415,0.87314343,0.980589,0.8343719,0.90193826,0.8893052,0.8585153,0.91038597,0.986587,0.8427325,0.87300485,0.9542881,0.84163725,0.8717672,0.98915166,0.8593691,0.9132103,0.95055604,0.84277195,0.8810213,0.98762214,0.8404954,0.8883516,0.95437306,0.8491657,0.897644,0.9753721,0.85071087,0.90545434,0.95125026
2025-01-01 18:28:00,0.8454454,0.90083516,0.9206266,0.8314501,0.8731555,0.9805999,0.8343856,0.90195394,0.8893182,0.8585279,0.9103993,0.9865964,0.8427397,0.873012,0.95428973,0.84163594,0.87176627,0.98914474,0.8593594,0.91320115,0.95054364,0.8427605,0.88101244,0.9876098,0.8404867,0.8883467,0.95436627,0.84916466,0.8976474,0.9753738,0.85071814,0.90546566,0.9512598
2025-01-01 18:29:00,0.8454453,0.9008387,0.9206305,0.83145857,0.8731671,0.9806107,0.8343991,0.90196913,0.8893313,0.85854036,0.9104121,0.98660576,0.84274656,0.87301844,0.9542913,0.8416343,0.8717644,0.98913777,0.8593495,0.91319144,0.95053124,0.84274876,0.88100266,0.9875975,0.84047776,0.888341,0.95435953,0.8491635,0.89765006,0.97537565,0.8507253,0.90547633,0.9512694
2025-01-01 18:30:00,0.8456543,0.90199125,0.9211456,0.83183515,0.8746046,0.9808062,0.8349064,0.90335333,0.8908483,0.85879076,0.9116804,0.9868116,0.8433944,0.8747924,0.9547485,0.8423088,0.87384653,0.9893225,0.85952806,0.91433495,0.9510158,0.8434853,0.8830334,0.98776096,0.84112406,0.8901689,0.9548052,0.8498962,0.89956963,0.97554123,0.85129666,0.9071724,0.9518167
2025-01-01 18:31:00,0.84582144,0.90291375,0.92148185,0.832138,0.8757565,0.98093706,0.83531475,0.9044633,0.89183885,0.8589934,0.91269714,0.98694855,0.8439138,0.8762123,0.9550462,0.8428479,0.8755112,0.9894401,0.8596689,0.9152474,0.9513263,0.84407204,0.88465536,0.987863,0.84163916,0.8916295,0.9550926,0.8504819,0.90110534,0.97564954,0.851755,0.90853083,0.95217586
2025-01-01 18:32:00,0.8459552,0.9036522,0.9217019,0.8323819,0.87667996,0.98102605,0.83564407,0.9053539,0.89248735,0.85915786,0.9135126,0.9870408,0.84433043,0.8773489,0.9552401,0.84327847,0.87684184,0.98951393,0.85977936,0.915975,0.9515238,0.84453875,0.88595045,0.98792505,0.84204924,0.8927964,0.9552771,0.85095006,0.90233386,0.97572076,0.852123,0.9096193,0.9524127
2025-01-01 18:33:00,0.8460622,0.90424335,0.9218464,0.83257866,0.8774207,0.98108774,0.83590996,0.906069,0.89291334,0.85929185,0.9141671,0.987104,0.8446648,0.8782588,0.9553666,0.84362227,0.87790525,0.9895594,0.8598657,0.91655475,0.9516478,0.8449095,0.8869838,0.98796105,0.84237534,0.8937282,0.95539474,0.85132414,0.9033167,0.97576773,0.8524187,0.91049165,0.9525701
2025-01-01 18:34:00,0.8461478,0.90471673,0.9219418,0.83273774,0.8780153,0.98113173,0.8361254,0.9066437,0.89319485,0.8594013,0.9146929,0.9871482,0.84493333,0.87898743,0.9554492,0.8438966,0.8787549,0.9895864,0.8599326,0.91701615,0.951724,0.84520346,0.887808,0.9879802,0.8426343,0.89447206,0.955469,0.851623,0.904103,0.9757991,0.8526566,0.9111912,0.9526759
2025-01-01 18:35:00,0.8462162,0.90509593,0.92200536,0.83286667,0.8784929,0.9811642,0.8363002,0.90710604,0.8933824,0.85949117,0.9151155,0.9871802,0.8451492,0.87957096,0.9555033,0.84411544,0.8794335,0.9896014,0.85998404,0.91738296,0.9517691,0.8454361,0.88846487,0.9879884,0.8428395,0.8950656,0.9555151,0.8518617,0.90473205,0.97582024,0.85284823,0.9117525,0.95274806
2025-01-01 18:36:00,0.84627104,0.9053997,0.9220482,0.83297145,0.87887704,0.98118925,0.83644265,0.9074786,0.8935088,0.85956544,0.91545576,0.9872041,0.84532297,0.8800384,0.95553875,0.8442898,0.8799753,0.9896085,0.8600231,0.91767406,0.9517941,0.84561944,0.8889878,0.9879894,0.8430017,0.89553875,0.9555428,0.8520523,0.9052354,0.9758348,0.8530028,0.9122033,0.9527984
2025-01-01 18:37:00,0.8463149,0.9056432,0.9220776,0.833057,0.87918633,0.98120946,0.8365592,0.9077792,0.8935956,0.8596271,0.91573,0.9872228,0.84546304,0.88041294,0.95556223,0.8444286,0.88040763,0.98961055,0.8600521,0.91790456,0.9518059,0.8457636,0.8894035,0.98798597,0.8431295,0.8959156,0.9555586,0.8522043,0.9056381,0.9758451,0.8531278,0.9125656,0.95283467
2025-01-01 18:38:00,0.8463501,0.90583855,0.9220983,0.83312714,0.8794357,0.98122656,0.83665496,0.90802234,0.89365643,0.85967886,0.9159515,0.98723805,0.84557605,0.88071316,0.9555778,0.84453887,0.8807523,0.98960924,0.86007327,0.9180866,0.9518092,0.84587634,0.8897336,0.9879795,0.8432299,0.89621556,0.95556676,0.8523256,0.9059603,0.9758527,0.8532291,0.9128572,0.9528618
2025-01-01 18:39:00,0.84637827,0.90599525,0.92211336,0.8331849,0.87963724,0.9812416,0.8367342,0.9082195,0.8937006,0.85972255,0.9161308,0.9872511,0.84566754,0.8809539,0.9555882,0.8446263,0.8810269,0.9896058,0.860088,0.9182299,0.95180696,0.84596384,0.8899951,0.98797095,0.84330827,0.8964539,0.95556986,0.85242224,0.9062182,0.9758585,0.8533116,0.9130921,0.9528829
2025-01-01 18:40:00,0.8464009,0.9061212,0.92212474,0.8332328,0.8798005,0.98125535,0.83680016,0.90837985,0.89373386,0.8597598,0.91627616,0.98726267,0.84574175,0.88114715,0.95559525,0.84469557,0.8812455,0.98960084,0.8600976,0.9183421,0.951801,0.84603125,0.89020175,0.9879613,0.843369,0.89664304,0.95556974,0.85249925,0.9064245,0.97586316,0.8533789,0.9132818,0.9529001
2025-01-01 18:41:00,0.8464191,0.9062225,0.9221338,0.8332729,0.8799331,0.9812682,0.83685553,0.90851074,0.89375997,0.8597919,0.9163946,0.9872733,0.845802,0.88130224,0.95560014,0.84475017,0.8814192,0.989595,0.8601031,0.9184295,0.9517928,0.84608257,0.8903645,0.9879508,0.8434158,0.8967928,0.9555676,0.8525605,0.90658975,0.9758671,0.8534341,0.9134353,0.95291483
2025-01-01 18:42:00,0.84643376,0.90630406,0.9221413,0.83330667,0.8800413,0.98128057,0.8369024,0.9086181,0.8937815,0.8598199,0.9164914,0.9872833,0.84585124,0.88142693,0.9556035,0.84479314,0.88155687,0.98958844,0.8601054,0.918497,0.95178294,0.84612095,0.8904922,0.98793966,0.8434513,0.896911,0.9555641,0.85260916,0.906722,0.97587055,0.8534796,0.91355973,0.95292795
2025-01-01 18:43:00,0.84644556,0.90636986,0.9221479,0.8333354,0.8801298,0.9812926,0.83694243,0.9087066,0.8938,0.8598445,0.91657084,0.9872928,0.84589165,0.8815272,0.9556059,0.84482676,0.8816659,0.9895815,0.860105,0.91854864,0.95177215,0.84614915,0.89059186,0.98792833,0.8434778,0.89700407,0.9555597,0.8526478,0.906828,0.97587377,0.8535174,0.9136611,0.9529401
2025-01-01 18:44:00,0.84645516,0.90642303,0.92215383,0.8333602,0.8802028,0.9813044,0.83697706,0.90878004,0.8938166,0.85986656,0.91663647,0.98730206,0.8459249,0.88160795,0.9556078,0.8448528,0.8817519,0.9895743,0.8601025,0.9185875,0.9517607,0.846169,0.890669,0.98791677,0.8434971,0.89707696,0.9555548,0.8526783,0.9069129,0.97587687,0.8535491,0.913744,0.95295155
2025-01-01 18:45:00,0.84646297,0.9064661,0.9221594,0.8333817,0.88026315,0.9813161,0.83700734,0.9088413,0.8938318,0.8598864,0.91669095,0.98731107,0.84595245,0.8816731,0.9556091,0.8448729,0.8818195,0.98956686,0.86009836,0.9186163,0.95174885,0.84618235,0.8907282,0.9879051,0.84351075,0.89713377,0.95554954,0.8527025,0.906981,0.9758798,0.8535759,0.913812,0.9529626
2025-01-01 18:46:00,0.8464694,0.9065013,0.92216474,0.8334007,0.88031346,0.98132765,0.8370342,0.90889305,0.89384633,0.85990465,0.91673654,0.98732,0.84597546,0.8817257,0.95561016,0.84488815,0.88187236,0.9895593,0.86009276,0.9186368,0.95173657,0.8461904,0.89077306,0.98789334,0.84351975,0.89717764,0.9555441,0.8527215,0.9070356,0.97588277,0.8535987,0.9138682,0.9529733
2025-01-01 18:47:00,0.84647465,0.90652996,0.92217,0.83341765,0.88035583,0.9813392,0.8370583,0.908937,0.89386016,0.85992146,0.9167751,0.98732877,0.8459948,0.8817683,0.955611,0.84489954,0.8819134,0.98955154,0.86008614,0.9186508,0.95172423,0.8461942,0.8908064,0.9878815,0.8435251,0.89721125,0.95553863,0.8527365,0.90707946,0.97588575,0.8536184,0.9139149,0.9529839
2025-01-01 18:48:00,0.846479,0.9065535,0.9221751,0.833433,0.88039184,0.9813508,0.8370801,0.90897477,0.8938737,0.85993713,0.9168079,0.9873374,0.84601116,0.88180286,0.95561165,0.8449078,0.881945,0.98954374,0.86007863,0.9186597,0.9517118,0.8461947,0.8908306,0.9878697,0.84352756,0.89723665,0.955533,0.8527482,0.90711474,0.97588867,0.85363555,0.9139541,0.95299447
2025-01-01 18:49:00,0.8464827,0.90657294,0.92218024,0.83344704,0.88042265,0.9813623,0.8371002,0.90900767,0.89388704,0.859952,0.9168361,0.98734605,0.84602517,0.881831,0.9556121,0.8449136,0.8819691,0.98953587,0.8600704,0.9186643,0.95169914,0.8461925,0.8908474,0.9878579,0.8435277,0.8972555,0.95552737,0.85275733,0.9071431,0.9758917,0.85365075,0.9139872,0.9530049
2025-01-01 18:50:00,0.8464858,0.90658915,0.92218536,0.8334601,0.8804494,0.9813739,0.83711886,0.9090366,0.8939002,0.85996604,0.91686064,0.98735464,0.8460372,0.881854,0.95561254,0.84491736,0.8819871,0.98952794,0.86006165,0.9186656,0.9516865,0.846188,0.8908583,0.987846,0.84352595,0.897269,0.95552176,0.85276437,0.90716606,0.9758947,0.85366434,0.9140156,0.9530154
2025-01-01 18:51:00,0.8464885,0.90660274,0.9221905,0.8334723,0.88047296,0.98138547,0.8371364,0.9090623,0.8939133,0.85997957,0.91688234,0.9873631,0.8460479,0.88187283,0.9556129,0.84491956,0.8820002,0.98951995,0.8600523,0.91866416,0.9516738,0.8461819,0.8908645,0.9878342,0.8435227,0.89727837,0.95551616,0.8527698,0.9071846,0.9758978,0.8536767,0.91404,0.9530259
2025-01-01 18:52:00,0.84649086,0.90661424,0.92219573,0.8334839,0.8804939,0.98139703,0.83715296,0.9090856,0.89392626,0.85999256,0.9169016,0.9873715,0.84605724,0.88188833,0.9556132,0.8449204,0.8820094,0.9895119,0.86004263,0.91866064,0.9516611,0.8461745,0.890867,0.9878224,0.8435184,0.89728445,0.9555107,0.8527739,0.90719974,0.9759009,0.85368806,0.9140614,0.95303637
2025-01-01 18:53:00,0.846493,0.90662414,0.9222009,0.833495,0.8805127,0.98140866,0.8371689,0.90910673,0.8939392,0.8600053,0.916919,0.9873799,0.8460656,0.8819012,0.9556134,0.8449202,0.88201547,0.9895038,0.86003274,0.91865534,0.9516483,0.84616584,0.8908665,0.9878106,0.8435131,0.89728785,0.95550513,0.852777,0.907212,0.97590405,0.8536986,0.9140804,0.9530468
2025-01-01 18:54:00,0.846495,0.90663266,0.92220616,0.8335057,0.8805299,0.9814203,0.8371842,0.9091264,0.89395213,0.86001766,0.91693485,0.98738825,0.8460731,0.8819119,0.9556135,0.84491915,0.88201904,0.98949564,0.8600225,0.91864866,0.9516355,0.84615636,0.8908636,0.9877989,0.84350705,0.8972891,0.95549965,0.85277927,0.9072221,0.9759073,0.85370857,0.91409737,0.9530573
2025-01-01 18:55:00,0.84649676,0.90664023,0.92221147,0.83351606,0.88054574,0.9814319,0.83719903,0.90914464,0.89396495,0.86002976,0.9169495,0.98739654,0.84607995,0.8819208,0.95561355,0.8449174,0.88202053,0.98948747,0.86001205,0.9186409,0.9516227,0.8461462,0.8908588,0.9877872,0.84350044,0.8972887,0.9554942,0.85278094,0.9072305,0.9759106,0.85371804,0.9141128,0.95306784
2025-01-01 18:56:00,0.8464984,0.90664697,0.92221683,0.83352625,0.8805606,0.98144364,0.8372135,0.90916187,0.8939777,0.8600417,0.9169632,0.98740476,0.84608626,0.8819284,0.9556136,0.8449151,0.8820205,0.98947924,0.8600015,0.91863227,0.9516099,0.84613544,0.89085245,0.98777544,0.84349334,0.8972869,0.95548886,0.8527821,0.9072374,0.97591394,0.85372716,0.91412705,0.9530784
2025-01-01 18:57:00,0.84650004,0.90665305,0.92222226,0.8335362,0.8805746,0.9814553,0.8372277,0.9091783,0.8939906,0.86005336,0.91697603,0.987413,0.8460921,0.8819349,0.95561355,0.8449123,0.8820191,0.98947096,0.8599908,0.91862285,0.95159703,0.84612423,0.89084494,0.9877638,0.84348595,0.8972841,0.95548356,0.85278285,0.90724325,0.97591734,0.853736,0.9141402,0.953089
2025-01-01 18:58:00,0.84650165,0.90665865,0.9222277,0.83354604,0.8805879,0.98146707,0.83724165,0.909194,0.89400333,0.860065,0.91698825,0.98742115,0.84609765,0.8819404,0.95561343,0.84490913,0.88201666,0.9894626,0.8599799,0.91861284,0.9515842,0.8461127,0.89083636,0.9877522,0.84347826,0.89728045,0.9554783,0.8527833,0.9072482,0.9759208,0.8537445,0.9141527,0.95309967
2025-01-01 18:59:00,0.84650314,0.90666384,0.9222332,0.8335558,0.88060075,0.98147887,0.8372554,0.90920925,0.8940161,0.8600764,0.91699994,0.98742926,0.8461029,0.88194525,0.95561326,0.8449057,0.8820133,0.98945427,0.85996896,0.9186024,0.9515714,0.8461009,0.89082706,0.9877405,0.84347034,0.89727616,0.95547307,0.85278356,0.90725255,0.9759243,0.8537529,0.91416454,0.9531103
2025-01-01 19:00:00,0.8466828,0.90782887,0.9232775,0.83389664,0.8820976,0.9817752,0.83774763,0.9105805,0.8960522,0.86021924,0.9182207,0.9877299,0.846695,0.8837197,0.9563228,0.84548354,0.884079,0.98973393,0.8600464,0.91968673,0.9523302,0.8467208,0.8928056,0.9880037,0.84400815,0.8990251,0.95616263,0.853371,0.9090701,0.9761797,0.85419416,0.9157427,0.95392805
2025-01-01 19:01:00,0.84682685,0.90876156,0.9239583,0.83417124,0.8832973,0.9819721,0.83814406,0.9116801,0.8973801,0.8603357,0.9191993,0.98792815,0.8471694,0.88513964,0.9567838,0.8459449,0.8857301,0.9899126,0.860106,0.92055184,0.9528189,0.84721416,0.89438593,0.9881707,0.84443665,0.9004228,0.95660913,0.8538408,0.9105244,0.9763471,0.85454875,0.917007,0.95446336
2025-01-01 19:02:00,0.84694237,0.90950847,0.92440283,0.8343927,0.88425916,0.9821041,0.8384637,0.9125624,0.89824766,0.8604311,0.919984,0.98805976,0.84754974,0.88627595,0.9570833,0.846313,0.8870496,0.9900259,0.8601514,0.9212414,0.953132,0.8476063,0.8956477,0.98827523,0.8447777,0.9015396,0.95689756,0.85421664,0.9116882,0.97645724,0.8548339,0.91802037,0.95481515
2025-01-01 19:03:00,0.84703517,0.9101068,0.9246939,0.8345719,0.8850309,0.9821941,0.83872217,0.9132709,0.8988161,0.86050946,0.92061365,0.9881481,0.84785485,0.8871852,0.95727783,0.84660643,0.88810384,0.99009645,0.86018544,0.92179054,0.95333093,0.84791744,0.8966548,0.9883392,0.84504884,0.9024317,0.95708334,0.8545172,0.9126196,0.97653013,0.8550637,0.918833,0.9550476
2025-01-01 19:04:00,0.84710974,0.91058624,0.92488503,0.8347171,0.88565046,0.9822569,0.83893144,0.91384023,0.89919,0.86057436,0.9211193,0.9882082,0.8480996,0.887913,0.957404,0.84684026,0.8889458,0.99013925,0.86021036,0.9222274,0.9534558,0.84816366,0.89745784,0.9883767,0.8452641,0.9031441,0.95720243,0.85475755,0.91336507,0.9765789,0.85524905,0.91948503,0.9552025
2025-01-01 19:05:00,0.84716976,0.91097057,0.9250114,0.8348352,0.8861483,0.98230183,0.8391015,0.91429836,0.8994374,0.8606284,0.9215256,0.98825,0.8482961,0.8884955,0.95748585,0.8470262,0.889618,0.9901641,0.86022794,0.9225744,0.95353246,0.8483581,0.89809793,0.9883971,0.84543455,0.90371263,0.95727813,0.8549498,0.9139618,0.9766119,0.8553989,0.9200086,0.955307
2025-01-01 19:06:00,0.84721816,0.91127884,0.9250956,0.83493155,0.8865487,0.9823352,0.83924025,0.9146675,0.8996028,0.86067384,0.9218526,0.9882798,0.84845406,0.8889618,0.9575388,0.84717405,0.89015436,0.9901771,0.86023974,0.9228495,0.9535777,0.84851116,0.8986075,0.9884064,0.84556913,0.90416616,0.95732564,0.85510355,0.9144396,0.9766348,0.8555204,0.9204294,0.9553788
2025-01-01 19:07:00,0.84725726,0.9115263,0.9251524,0.83501065,0.8868713,0.98236114,0.8393538,0.91496533,0.8997146,0.86071235,0.92211604,0.988302,0.8485812,0.88933504,0.957573,0.84729123,0.89058197,0.9901825,0.86024684,0.9230671,0.9536026,0.84863096,0.8990127,0.9884085,0.8456753,0.90452766,0.95735496,0.85522646,0.9148223,0.97665113,0.85561925,0.92076796,0.95542926
2025-01-01 19:08:00,0.8472889,0.91172504,0.92519146,0.8350758,0.8871315,0.9823822,0.83944726,0.9152063,0.8997918,0.86074525,0.9223286,0.988319,0.84868354,0.88963395,0.9575949,0.8473839,0.89092267,0.99018294,0.86025023,0.92323864,0.95361423,0.84872425,0.89933443,0.9884059,0.84575844,0.90481555,0.9573723,0.85532475,0.9151288,0.9766632,0.8557,0.9210408,0.95546603
2025-01-01 19:09:00,0.8473147,0.91188496,0.925219,0.83512986,0.8873419,0.98240006,0.8395246,0.9154016,0.8998463,0.8607737,0.92250043,0.9883327,0.84876615,0.8898733,0.9576089,0.84745705,0.89119375,0.99018013,0.86025065,0.9233734,0.9536173,0.8487963,0.89958936,0.9884002,0.84582335,0.9050445,0.9573821,0.8554034,0.9153745,0.9766725,0.85576624,0.92126095,0.9554937
2025-01-01 19:10:00,0.8473357,0.91201365,0.9252391,0.8351751,0.8875125,0.9824159,0.8395891,0.9155605,0.8998862,0.8607986,0.92263985,0.98834425,0.8488329,0.8900651,0.95761764,0.84751445,0.89140916,0.9901751,0.8602486,0.9234787,0.9536147,0.8488514,0.8997908,0.9883926,0.8458736,0.9052264,0.9573868,0.8554663,0.91557145,0.97668,0.8558208,0.92143905,0.9555155
2025-01-01 19:11:00,0.8473529,0.91211754,0.92525434,0.8352132,0.88765115,0.98243046,0.8396434,0.9156902,0.8999165,0.8608206,0.9227531,0.9883544,0.8488869,0.8902188,0.95762295,0.84755933,0.89158005,0.99016875,0.86024463,0.9235604,0.95360845,0.84889287,0.8999496,0.9883837,0.8459121,0.90537065,0.9573883,0.8555167,0.91572946,0.97668636,0.8558661,0.92158353,0.9555337
2025-01-01 19:12:00,0.84736717,0.91220146,0.92526644,0.83524567,0.88776433,0.9824441,0.83968943,0.9157965,0.8999406,0.8608403,0.92284554,0.98836356,0.84893084,0.89034194,0.9576261,0.84759414,0.8917153,0.9901615,0.8602391,0.92362326,0.9535999,0.84892356,0.90007424,0.988374,0.8459413,0.90548486,0.95738775,0.8555569,0.9158563,0.97669196,0.855904,0.92170113,0.95554936
2025-01-01 19:13:00,0.84737897,0.91226953,0.92527646,0.8352736,0.88785714,0.98245734,0.83972883,0.91588426,0.89996064,0.86085814,0.9229213,0.9883721,0.8489666,0.89044064,0.9576278,0.8476209,0.8918219,0.9901536,0.86023235,0.9236711,0.9535898,0.8489455,0.90017146,0.9883638,0.84596306,0.9055749,0.95738584,0.85558915,0.9159583,0.97669715,0.85593605,0.9217971,0.9555634
2025-01-01 19:14:00,0.8473889,0.91232485,0.9252853,0.835298,0.8879336,0.98247015,0.83976305,0.91595703,0.8999781,0.86087453,0.9229837,0.98838025,0.84899586,0.8905198,0.9576285,0.8476412,0.8919058,0.9901453,0.86022455,0.92370677,0.9535786,0.8489605,0.90024686,0.98835325,0.8459788,0.9056457,0.9573831,0.85561496,0.9160403,0.9767021,0.85596335,0.92187595,0.9555766
2025-01-01 19:15:00,0.8473973,0.91237,0.9252932,0.83531946,0.887997,0.9824827,0.839793,0.91601783,0.8999938,0.86088973,0.92303544,0.98838806,0.8490199,0.8905833,0.95762855,0.84765637,0.8919714,0.9901367,0.86021596,0.9237328,0.9535668,0.84897,0.90030473,0.9883425,0.8459898,0.9057011,0.95737976,0.8556357,0.91610646,0.97670686,0.85598683,0.921941,0.955589
2025-01-01 19:16:00,0.84740454,0.9124071,0.92530066,0.83533865,0.88805,0.9824952,0.83981955,0.916069,0.9000083,0.860904,0.9230786,0.98839575,0.84903973,0.89063424,0.95762813,0.8476673,0.8920224,0.99012786,0.8602067,0.9237512,0.9535546,0.848975,0.9003486,0.9883317,0.845997,0.9057442,0.9573762,0.85565233,0.91615987,0.9767116,0.85600734,0.921995,0.95560104
2025-01-01 19:17:00,0.84741074,0.9124377,0.9253078,0.835356,0.88809466,0.9825075,0.83984345,0.9161126,0.9000222,0.86091745,0.9231149,0.9884032,0.8490562,0.89067525,0.9576274,0.84767497,0.89206165,0.9901189,0.86019695,0.9237633,0.95354205,0.8489765,0.9003813,0.98832077,0.84600115,0.9057774,0.9573724,0.8556657,0.9162031,0.9767162,0.8560254,0.9220403,0.95561284
2025-01-01 19:18:00,0.8474163,0.91246307,0.92531466,0.83537185,0.88813263,0.98251987,0.8398652,0.91615003,0.90003556,0.8609303,0.9231457,0.98841053,0.84906995,0.89070815,0.95762646,0.8476799,0.89209145,0.99010986,0.8601868,0.9237705,0.9535294,0.84897506,0.90040505,0.98830974,0.84600294,0.9058028,0.9573685,0.8556765,0.91623825,0.97672087,0.8560416,0.9220785,0.9556244
2025-01-01 19:19:00,0.8474212,0.9124843,0.9253215,0.8353866,0.8881653,0.98253214,0.8398852,0.9161825,0.90004855,0.86094266,0.9231721,0.9884178,0.8490816,0.8907346,0.9576253,0.8476827,0.8921138,0.9901007,0.86017627,0.9237737,0.9535166,0.8489714,0.90042174,0.9882988,0.84600276,0.905822,0.95736456,0.8556852,0.91626686,0.9767255,0.85605633,0.9221111,0.9556359
2025-01-01 19:20:00,0.84742576,0.9125023,0.9253283,0.83540034,0.8881937,0.9825444,0.8399039,0.9162112,0.9000614,0.8609545,0.92319494,0.98842496,0.8490914,0.8907559,0.9576241,0.84768385,0.8921302,0.9900915,0.8601654,0.9237737,0.95350367,0.84896594,0.90043265,0.98828787,0.846001,0.90583605,0.95736057,0.85569227,0.9162903,0.9767302,0.8560698,0.9221392,0.95564735
2025-01-01 19:21:00,0.8474299,0.9125176,0.92533505,0.83541346,0.88821876,0.98255676,0.83992136,0.91623664,0.90007406,0.8609661,0.923215,0.9884321,0.8490999,0.89077306,0.9576227,0.8476835,0.8921417,0.99008226,0.86015445,0.9237712,0.95349073,0.848959,0.9004389,0.9882769,0.84599817,0.9058462,0.95735663,0.85569805,0.9163096,0.97673494,0.8560823,0.9221638,0.9556588
2025-01-01 19:22:00,0.84743375,0.9125309,0.9253418,0.8354259,0.88824105,0.98256904,0.839938,0.9162596,0.90008664,0.86097735,0.92323273,0.98843914,0.84910715,0.8907868,0.9576213,0.84768206,0.8921494,0.9900729,0.86014324,0.92376673,0.9534778,0.848951,0.90044165,0.988266,0.8459943,0.9058531,0.9573527,0.8557028,0.9163256,0.9767397,0.85609406,0.9221854,0.95567024
2025-01-01 19:23:00,0.8474374,0.91254246,0.9253486,0.83543795,0.88826114,0.9825813,0.8399539,0.9162806,0.9000992,0.86098844,0.92324865,0.9884461,0.8491135,0.89079803,0.9576198,0.84767973,0.8921539,0.99006355,0.86013186,0.92376053,0.95346475,0.84894204,0.9004414,0.9882551,0.84598964,0.90585744,0.9573488,0.85570675,0.91633904,0.97674453,0.8561052,0.92220485,0.95568174
2025-01-01 19:24:00,0.84744084,0.9125527,0.9253554,0.8354497,0.8882796,0.9825937,0.8399693,0.9163,0.9001117,0.86099935,0.9232631,0.9884531,0.8491191,0.890807,0.95761824,0.84767663,0.89215595,0.99005413,0.86012036,0.923753,0.9534517,0.84893227,0.90043885,0.9882442,0.84598434,0.9058598,0.95734495,0.85571,0.91635036,0.97674936,0.85611594,0.92222244,0.9556931
2025-01-01 19:25:00,0.84744424,0.91256195,0.9253622,0.8354611,0.8882966,0.982606,0.8399842,0.91631806,0.90012413,0.86101,0.92327636,0.98846,0.84912413,0.89081424,0.95761657,0.84767294,0.89215595,0.99004465,0.86010873,0.92374444,0.95343864,0.848922,0.90043443,0.9882333,0.8459787,0.90586054,0.95734113,0.85571283,0.91635996,0.9767543,0.85612625,0.92223865,0.9557046
2025-01-01 19:26:00,0.8474475,0.91257036,0.9253691,0.8354723,0.8883125,0.9826184,0.8399987,0.9163351,0.9001365,0.8610206,0.9232886,0.98846686,0.84912866,0.89082015,0.95761484,0.8476687,0.8921544,0.9900352,0.86009705,0.9237351,0.9534256,0.8489112,0.90042853,0.98822254,0.8459726,0.90586,0.9573374,0.8557153,0.9163683,0.97675925,0.85613626,0.9222536,0.95571613
2025-01-01 19:27:00,0.84745073,0.91257805,0.925376,0.8354834,0.8883276,0.9826308,0.840013,0.91635126,0.90014875,0.8610311,0.92330015,0.98847365,0.8491327,0.89082485,0.9576131,0.8476642,0.8921515,0.99002564,0.8600853,0.923725,0.95341253,0.84890014,0.90042144,0.9882117,0.8459662,0.9058585,0.9573337,0.8557174,0.91637564,0.9767643,0.8561461,0.92226774,0.95572764
2025-01-01 19:28:00,0.847454,0.9125853,0.925383,0.8354943,0.88834196,0.9826432,0.8400271,0.9163668,0.9001611,0.8610414,0.923311,0.9884804,0.8491365,0.8908287,0.95761126,0.84765923,0.8921476,0.99001604,0.86007345,0.9237144,0.9533994,0.84888875,0.90041345,0.98820096,0.84595966,0.90585613,0.95733,0.85571927,0.91638213,0.9767694,0.85615575,0.92228115,0.9557392
2025-01-01 19:29:00,0.84745723,0.9125922,0.92539,0.8355051,0.8883558,0.9826556,0.8400409,0.9163818,0.90017337,0.86105174,0.9233214,0.98848706,0.8491399,0.8908318,0.9576094,0.84765404,0.89214283,0.99000645,0.8600615,0.9237034,0.95338637,0.8488771,0.90040475,0.98819023,0.84595287,0.9058532,0.9573264,0.855721,0.9163879,0.9767745,0.85616523,0.9222939,0.95575076
2025-01-01 19:30:00,0.8476044,0.91374886,0.9269451,0.8358043,0.8898855,0.9830477,0.8405092,0.9177158,0.9026925,0.86108446,0.92447317,0.9888774,0.84966576,0.89257526,0.9585586,0.84812486,0.8941553,0.9903761,0.8600362,0.9247093,0.954406,0.84936935,0.9022962,0.98854834,0.84637266,0.9074922,0.9582477,0.8561528,0.9180711,0.97711545,0.85646856,0.923726,0.9568245
2025-01-01 19:31:00,0.84772277,0.91467535,0.92795837,0.8360457,0.89111155,0.98330694,0.8408865,0.91878563,0.90433425,0.86111253,0.92539614,0.9891334,0.85008687,0.89397,0.9591748,0.8485002,0.8957637,0.9906129,0.8600135,0.9255115,0.9550642,0.8497607,0.90380704,0.9887774,0.846707,0.90880233,0.9588454,0.85649836,0.9194182,0.97733885,0.856713,0.9248738,0.95752656
2025-01-01 19:32:00,0.84781814,0.91541755,0.9286195,0.8362409,0.8920948,0.98347986,0.8411909,0.919644,0.9054056,0.861137,0.92613626,0.989302,0.85042423,0.8950858,0.95957464,0.84879917,0.8970487,0.9907635,0.8599929,0.9261507,0.9554874,0.8500714,0.9050133,0.9889226,0.846973,0.90984935,0.9592326,0.8567751,0.9204966,0.977486,0.8569104,0.9257942,0.95798695
2025-01-01 19:33:00,0.847895,0.9160124,0.9290518,0.83639926,0.8928837,0.9835966,0.84143704,0.92033327,0.90610623,0.86115855,0.9267299,0.98941386,0.85069454,0.89597833,0.95983374,0.8490371,0.89807504,0.9908579,0.859974,0.9266595,0.9557579,0.85031724,0.90597606,0.98901325,0.84718436,0.91068596,0.95948327,0.8569967,0.9213601,0.9775836,0.8570701,0.92653257,0.95829034
2025-01-01 19:34:00,0.8479573,0.9164894,0.9293354,0.83652806,0.89351726,0.98367685,0.8416366,0.9208873,0.90656596,0.86117774,0.92720646,0.9894888,0.8509112,0.89669245,0.9600013,0.84922606,0.8988945,0.9909158,0.8599564,0.92706394,0.95592916,0.85051155,0.90674394,0.98906857,0.84735197,0.9113542,0.95964503,0.8571743,0.9220515,0.97764885,0.8571997,0.92712545,0.9584916
2025-01-01 19:35:00,0.84800786,0.91687214,0.9295224,0.83663327,0.8940264,0.9837335,0.8417988,0.921333,0.906869,0.861195,0.9275893,0.9895397,0.8510849,0.89726365,0.9601094,0.84937596,0.8995483,0.9909499,0.85993993,0.9273849,0.95603585,0.8506645,0.9073559,0.9891008,0.84748465,0.9118877,0.95974904,0.8573167,0.92260534,0.97769326,0.8573053,0.9276019,0.95862657
2025-01-01 19:36:00,0.8480489,0.91717947,0.9296465,0.8367195,0.8944361,0.98377466,0.8419312,0.92169213,0.90707016,0.8612108,0.9278972,0.98957497,0.85122424,0.8977205,0.9601789,0.8494946,0.9000697,0.99096864,0.85992426,0.9276391,0.9561007,0.85078436,0.9078432,0.98911816,0.84758943,0.9123135,0.95981556,0.8574308,0.92304915,0.9777241,0.8573916,0.9279852,0.9587184
2025-01-01 19:37:00,0.84808254,0.91742647,0.92972976,0.8367906,0.8947663,0.9838058,0.8420398,0.921982,0.9072052,0.8612253,0.9281451,0.98960006,0.8513361,0.89808595,0.9602232,0.8495881,0.9004851,0.99097735,0.85990924,0.9278399,0.95613813,0.85087776,0.9082307,0.9891258,0.8476718,0.91265315,0.95985776,0.8575224,0.92340493,0.97774607,0.8574626,0.92829394,0.9587823
2025-01-01 19:38:00,0.8481102,0.9176252,0.9297865,0.83684975,0.8950327,0.9838305,0.84212923,0.9222165,0.9072972,0.8612389,0.9283451,0.9896186,0.85142595,0.89837825,0.96025115,0.8496615,0.90081567,0.9909795,0.8598948,0.927998,0.956158,0.85094994,0.9085384,0.9891271,0.84773636,0.9129239,0.95988417,0.8575961,0.9236903,0.9777624,0.8575212,0.92854315,0.958828
2025-01-01 19:39:00,0.848133,0.91778535,0.9298261,0.8368991,0.8952483,0.98385096,0.84220344,0.92240655,0.90736115,0.86125165,0.92850655,0.98963267,0.8514982,0.89861196,0.9602684,0.8497189,0.90107846,0.99097735,0.8598808,0.92812186,0.95616627,0.85100526,0.9087823,0.98912436,0.8477866,0.91313946,0.95990026,0.8576553,0.9239194,0.977775,0.85756993,0.9287447,0.95886177
2025-01-01 19:40:00,0.84815204,0.9179146,0.9298545,0.83694077,0.8954231,0.98386866,0.8422654,0.92256117,0.907407,0.8612637,0.9286373,0.989644,0.85155636,0.8987988,0.9602787,0.8497635,0.90128696,0.9909724,0.85986704,0.9282183,0.95616704,0.8510471,0.9089751,0.989119,0.8478254,0.91331095,0.95990974,0.857703,0.92410344,0.9777852,0.8576108,0.92890805,0.95888793
2025-01-01 19:41:00,0.8481681,0.91801924,0.9298756,0.8369763,0.8955654,0.98388463,0.8423176,0.9226874,0.90744096,0.86127526,0.92874354,0.98965347,0.85160315,0.89894825,0.9602845,0.8497977,0.901452,0.99096566,0.8598536,0.928293,0.956163,0.85107803,0.90912706,0.98911184,0.8478551,0.91344714,0.9599149,0.8577415,0.92425144,0.97779393,0.85764545,0.92904097,0.95890915
2025-01-01 19:42:00,0.8481816,0.9181042,0.92989206,0.8370069,0.89568156,0.9838994,0.842362,0.92279094,0.90746725,0.8612864,0.92883,0.9896617,0.85164094,0.89906764,0.9602873,0.8498238,0.90158236,0.9909577,0.8598404,0.9283501,0.9561557,0.8511003,0.9092464,0.9891037,0.8478775,0.91355515,0.9599173,0.85777265,0.9243706,0.9778016,0.8576751,0.92914945,0.9589271
2025-01-01 19:43:00,0.8481932,0.9181732,0.9299055,0.8370335,0.89577687,0.9839134,0.8424001,0.9228763,0.9074885,0.8612972,0.9289007,0.98966914,0.8516715,0.899163,0.96028817,0.8498432,0.9016849,0.9909489,0.8598274,0.9283932,0.9561464,0.8511157,0.9093395,0.9890948,0.8478941,0.9136406,0.95991784,0.8577979,0.9244668,0.9778087,0.8577007,0.92923844,0.95894295
2025-01-01 19:44:00,0.8482033,0.9182297,0.9299169,0.83705705,0.8958556,0.983927,0.84243315,0.9229471,0.9075065,0.8613077,0.9289589,0.989676,0.8516962,0.8992392,0.9602877,0.84985733,0.9017651,0.9909396,0.85981447,0.92842513,0.95613587,0.85112554,0.9094117,0.9890855,0.847906,0.9137081,0.9599173,0.85781854,0.9245445,0.9778154,0.8577231,0.9293118,0.95895743
2025-01-01 19:45:00,0.8482122,0.91827613,0.9299271,0.8370781,0.89592093,0.9839403,0.84246224,0.9230063,0.9075224,0.86131793,0.92900693,0.9896825,0.8517163,0.8992999,0.96028644,0.8498673,0.9018276,0.99093,0.8598016,0.928448,0.9561243,0.85113096,0.9094673,0.9890759,0.84791416,0.91376114,0.9599161,0.8578354,0.9246075,0.9778219,0.85774297,0.9293727,0.9589711
2025-01-01 19:46:00,0.8482201,0.91831446,0.92993647,0.83709705,0.8959756,0.98395336,0.8424881,0.9230561,0.90753686,0.861328,0.9290468,0.98968875,0.8517326,0.8993484,0.96028453,0.8498738,0.90187573,0.9909202,0.85978884,0.92846376,0.9561123,0.8511328,0.9095095,0.9890662,0.8479194,0.9138027,0.9599144,0.85784936,0.9246588,0.97782826,0.8577608,0.9294237,0.95898414
2025-01-01 19:47:00,0.8482272,0.9183464,0.92994535,0.8371145,0.89602184,0.98396635,0.8425114,0.9230985,0.90755045,0.8613379,0.9290803,0.9896948,0.85174596,0.89938694,0.9602823,0.8498775,0.9019124,0.9909101,0.85977614,0.9284738,0.95609987,0.85113186,0.90954095,0.9890563,0.84792227,0.9138349,0.9599124,0.8578609,0.9247006,0.9778346,0.85777706,0.9294666,0.9589969
2025-01-01 19:48:00,0.8482338,0.91837317,0.92995393,0.8371306,0.8960612,0.9839792,0.84253263,0.923135,0.9075634,0.8613476,0.9291085,0.9897007,0.8517569,0.89941764,0.96027976,0.849879,0.90194005,0.9909,0.85976344,0.92847914,0.9560871,0.8511287,0.9095639,0.9890464,0.8479233,0.9138599,0.9599103,0.8578706,0.92473495,0.9778408,0.857792,0.92950326,0.95900935
2025-01-01 19:49:00,0.84823996,0.9183958,0.92996234,0.83714575,0.89609504,0.9839921,0.84255224,0.9231666,0.90757596,0.8613572,0.9291326,0.9897065,0.8517659,0.8994419,0.960277,0.84987885,0.90196025,0.9908898,0.85975087,0.92848086,0.95607436,0.85112375,0.90958005,0.9890365,0.8479228,0.913879,0.959908,0.8578787,0.92476326,0.97784704,0.8578059,0.9295348,0.9590217
2025-01-01 19:50:00,0.8482457,0.91841525,0.9299706,0.8371601,0.89612466,0.9840049,0.8425705,0.92319447,0.9075882,0.86136675,0.9291533,0.9897122,0.85177326,0.89946115,0.96027416,0.8498772,0.9019747,0.9908794,0.85973823,0.9284797,0.9560614,0.8511173,0.90959066,0.98902655,0.84792113,0.9138934,0.9599058,0.85788566,0.9247868,0.9778533,0.85781896,0.9295622,0.95903397
2025-01-01 19:51:00,0.84825116,0.91843206,0.92997885,0.8371738,0.8961507,0.9840177,0.8425877,0.92321926,0.9076003,0.86137617,0.9291714,0.98971784,0.8517794,0.89947635,0.9602711,0.8498744,0.9019844,0.99086905,0.8597256,0.9284761,0.9560484,0.85110974,0.909597,0.98901665,0.84791857,0.913904,0.95990354,0.85789174,0.92480654,0.9778596,0.8578314,0.92958647,0.95904624
2025-01-01 19:52:00,0.8482564,0.9184467,0.9299871,0.83718705,0.8961741,0.98403054,0.84260404,0.92324156,0.90761226,0.8613856,0.9291873,0.9897234,0.8517845,0.8994882,0.960268,0.8498707,0.9019903,0.99085855,0.859713,0.9284706,0.9560354,0.8511012,0.90959984,0.98900676,0.84791523,0.9139117,0.9599013,0.857897,0.9248232,0.97786593,0.8578434,0.92960805,0.9590584
2025-01-01 19:53:00,0.8482615,0.9184598,0.92999524,0.8371999,0.8961951,0.9840433,0.8426197,0.92326194,0.9076241,0.8613948,0.9292014,0.98972887,0.8517888,0.8994975,0.96026486,0.8498662,0.9019932,0.9908481,0.85970044,0.92846364,0.9560224,0.85109204,0.90959984,0.98899686,0.8479113,0.913917,0.95989907,0.85790175,0.92483747,0.9778723,0.85785496,0.9296276,0.9590706
2025-01-01 19:54:00,0.8482665,0.9184716,0.9300035,0.8372124,0.89621437,0.9840561,0.8426349,0.9232808,0.9076359,0.861404,0.92921424,0.9897343,0.8517924,0.89950466,0.9602616,0.84986115,0.9019937,0.9908376,0.8596878,0.9284555,0.9560093,0.85108227,0.9095977,0.988987,0.84790695,0.9139204,0.95989686,0.857906,0.92484975,0.9778787,0.85786617,0.92964554,0.95908284
2025-01-01 19:55:00,0.84827137,0.9184823,0.9300118,0.83722466,0.8962323,0.98406893,0.84264964,0.9232983,0.90764767,0.8614132,0.92922586,0.98973966,0.85179543,0.8995101,0.96025825,0.84985554,0.9019922,0.99082696,0.8596752,0.9284463,0.9559962,0.851072,0.90959376,0.98897725,0.84790224,0.9139223,0.9598947,0.8579099,0.92486054,0.9778852,0.8578772,0.92966205,0.95909506
2025-01-01 19:56:00,0.8482762,0.9184922,0.93002003,0.8372367,0.89624906,0.98408175,0.842664,0.9233148,0.90765935,0.86142224,0.9292366,0.989745,0.85179806,0.89951414,0.96025485,0.8498496,0.90198916,0.9908164,0.85966265,0.9284364,0.95598316,0.8510614,0.9095884,0.9889675,0.84789723,0.91392297,0.95989263,0.85791355,0.9248701,0.9778917,0.85788804,0.9296776,0.9591072
2025-01-01 19:57:00,0.848281,0.9185015,0.9300284,0.8372486,0.896265,0.98409456,0.8426781,0.9233305,0.90767103,0.86143124,0.92924654,0.98975027,0.8518003,0.8995171,0.9602514,0.8498433,0.90198493,0.9908058,0.85964996,0.9284258,0.95597005,0.85105056,0.90958196,0.98895776,0.847892,0.9139228,0.9598906,0.857917,0.92487866,0.97789824,0.8578987,0.9296923,0.9591195
2025-01-01 19:58:00,0.8482858,0.9185102,0.9300367,0.8372604,0.8962801,0.98410743,0.842692,0.9233455,0.90768266,0.86144024,0.92925596,0.9897555,0.85180223,0.8995192,0.96024793,0.8498367,0.90197957,0.9907951,0.8596374,0.9284147,0.955957,0.8510394,0.90957457,0.98894805,0.8478867,0.9139218,0.95988864,0.85792035,0.9248866,0.97790486,0.8579093,0.92970634,0.9591318
2025-01-01 19:59:00,0.8482906,0.9185186,0.9300452,0.8372721,0.89629465,0.9841203,0.8427057,0.92336,0.9076943,0.8614492,0.92926484,0.98976064,0.8518039,0.8995205,0.96024436,0.8498299,0.9019734,0.9907844,0.85962474,0.9284032,0.9559439,0.85102814,0.9095665,0.98893845,0.8478812,0.9139203,0.9598867,0.8579235,0.92489386,0.97791153,0.8579199,0.9297199,0.95914406
2025-01-01 20:00:00,0.84840256,0.91964614,0.93208283,0.8375241,0.89782965,0.98460114,0.8431417,0.92463267,0.91065097,0.86137116,0.9303266,0.99023354,0.85225403,0.90120137,0.9614161,0.85018516,0.9038964,0.99123734,0.8594972,0.92931265,0.9572059,0.85138386,0.9113367,0.989385,0.8481753,0.91541976,0.96102303,0.8581917,0.9264122,0.9783316,0.8580796,0.93098015,0.9604544
2025-01-01 20:01:00,0.84849304,0.9205495,0.93341035,0.837728,0.8990602,0.9849182,0.843493,0.9256533,0.9125768,0.86131054,0.9311774,0.99054265,0.8526142,0.9025457,0.9621764,0.85046786,0.9054328,0.9915279,0.8593927,0.93003756,0.9580216,0.85166603,0.91275066,0.98967195,0.8484094,0.91661865,0.96176106,0.8584069,0.9276279,0.9786072,0.85820943,0.9319907,0.96131045
2025-01-01 20:02:00,0.8485665,0.92127365,0.9342762,0.83789337,0.900047,0.98512876,0.84377664,0.9264723,0.91383266,0.86126363,0.9318594,0.9907453,0.85290253,0.9036208,0.96266925,0.85069245,0.90666014,0.99171305,0.85930645,0.9306148,0.95854723,0.85188943,0.9138797,0.9898551,0.8485955,0.91757697,0.9622402,0.8585796,0.92860144,0.9787887,0.85831535,0.9328014,0.96187127
2025-01-01 20:03:00,0.8486262,0.9218543,0.9348421,0.838028,0.9008389,0.98527014,0.8440062,0.92712986,0.91465294,0.86122787,0.9324063,0.9908787,0.8531332,0.9044805,0.9629882,0.8508705,0.90764004,0.9918296,0.8592349,0.9310741,0.95888436,0.8520658,0.91478074,0.9899709,0.84874326,0.9183429,0.96255106,0.85871834,0.9293813,0.9789091,0.8584022,0.93345225,0.9622401
2025-01-01 20:04:00,0.848675,0.92232025,0.93521297,0.83813804,0.901475,0.98536664,0.8441924,0.92765844,0.9151901,0.861201,0.93284523,0.99096715,0.85331786,0.90516794,0.9631942,0.85101134,0.908422,0.99190146,0.8591752,0.93143886,0.95909894,0.85220444,0.91549945,0.99004287,0.8488603,0.9189549,0.96275264,0.85883,0.93000627,0.9789898,0.8584738,0.9339753,0.9624841
2025-01-01 20:05:00,0.84871507,0.92269444,0.93545705,0.83822834,0.90198636,0.9854338,0.8443439,0.9280837,0.91554326,0.8611812,0.9331976,0.9910262,0.85346556,0.9057175,0.9633267,0.85112244,0.9090457,0.99194443,0.8591248,0.931728,0.95923376,0.8523131,0.9160723,0.99008644,0.84895283,0.91944385,0.9628831,0.85891986,0.9305072,0.97904474,0.85853314,0.934396,0.9626472
2025-01-01 20:06:00,0.84874815,0.9229952,0.9356188,0.8383029,0.90239793,0.98548204,0.84446764,0.92842644,0.9157767,0.861167,0.93348086,0.99106634,0.8535838,0.9061567,0.9634114,0.85120964,0.9095427,0.9919685,0.859082,0.93195677,0.95931697,0.85239756,0.9165284,0.9901115,0.8490257,0.9198343,0.96296746,0.85899234,0.930909,0.9790829,0.8585826,0.93473494,0.9627575
2025-01-01 20:07:00,0.8487757,0.92323726,0.93572706,0.83836496,0.9027297,0.9855179,0.8445692,0.928703,0.9159325,0.86115736,0.93370885,0.991094,0.85367846,0.90650773,0.96346503,0.8512778,0.90993834,0.99198025,0.8590452,0.93213713,0.95936644,0.8524628,0.91689116,0.99012446,0.84908295,0.920146,0.96302176,0.85905105,0.93123156,0.9791102,0.85862434,0.93500835,0.9628336
2025-01-01 20:08:00,0.84879875,0.92343235,0.93580055,0.8384168,0.90299755,0.98554575,0.8446531,0.92892677,0.91603774,0.8611513,0.9338925,0.9911136,0.85375416,0.90678805,0.9634984,0.8513307,0.9102529,0.991984,0.85901314,0.93227875,0.959394,0.85251266,0.9171792,0.9901297,0.84912765,0.9203946,0.9630567,0.8590987,0.93149066,0.97913045,0.8586598,0.9352295,0.9628874
2025-01-01 20:09:00,0.84881824,0.9235899,0.9358514,0.8384607,0.90321445,0.9855684,0.8447228,0.92910814,0.91611,0.8611481,0.93404067,0.9911279,0.8538148,0.90701187,0.9635186,0.8513714,0.91050255,0.9919826,0.85898495,0.9323895,0.9594074,0.8525502,0.91740763,0.99012995,0.84916234,0.9205929,0.9630789,0.8591374,0.931699,0.9791462,0.8586903,0.93540865,0.96292675
2025-01-01 20:10:00,0.84883493,0.9237173,0.9358876,0.8384982,0.90339035,0.9855877,0.84478104,0.9292557,0.9161609,0.8611472,0.93416053,0.9911388,0.85386324,0.90719056,0.9635303,0.8514023,0.9107004,0.9919778,0.85895985,0.9324755,0.9594115,0.8525779,0.91758823,0.99012685,0.84918904,0.9207509,0.9630929,0.85916907,0.93186677,0.9791589,0.85871685,0.9355544,0.9629567
2025-01-01 20:11:00,0.84884936,0.9238208,0.9359143,0.8385304,0.90353364,0.98560476,0.8448303,0.9293762,0.916198,0.8611481,0.9342577,0.99114746,0.853902,0.907333,0.96353644,0.8514254,0.91085666,0.9919708,0.85893714,0.9325416,0.9594096,0.8525978,0.9177306,0.9901217,0.8492093,0.9208766,0.9631017,0.85919505,0.932002,0.9791698,0.8587402,0.93567336,0.96298057
2025-01-01 20:12:00,0.84886205,0.923905,0.9359348,0.8385586,0.9036508,0.9856204,0.84487224,0.929475,0.91622597,0.8611505,0.93433666,0.99115455,0.853933,0.9074465,0.9635388,0.8514421,0.9109796,0.9919623,0.8589165,0.9325919,0.9594039,0.85261124,0.9178424,0.9901151,0.84922445,0.9209765,0.96310693,0.8592166,0.9321114,0.97917944,0.85876095,0.93577087,0.9630005
2025-01-01 20:13:00,0.84887326,0.92397386,0.9359513,0.83858347,0.903747,0.9856351,0.8449083,0.9295564,0.916248,0.861154,0.9344011,0.9911607,0.8539577,0.90753686,0.9635389,0.8514539,0.91107607,0.9919529,0.8588974,0.9326296,0.9593956,0.85261977,0.91792977,0.9901077,0.84923553,0.9210559,0.96311,0.85923445,0.9322,0.9791883,0.8587797,0.9358512,0.96301776
2025-01-01 20:14:00,0.84888333,0.9240305,0.93596524,0.83860576,0.90382653,0.9856492,0.8449397,0.9296241,0.9162663,0.86115843,0.93445385,0.9911662,0.8539775,0.9076086,0.9635373,0.85146165,0.91115123,0.9919429,0.85887945,0.932657,0.95938563,0.85262424,0.9179976,0.9900998,0.84924334,0.92111874,0.9631117,0.8592495,0.932272,0.97919667,0.85879683,0.935918,0.96303344
2025-01-01 20:15:00,0.8488925,0.92407733,0.93597746,0.83862597,0.9038927,0.985663,0.8449674,0.9296805,0.91628206,0.8611636,0.9344973,0.99117124,0.8539932,0.9076655,0.9635347,0.8514661,0.9112093,0.99193233,0.85886264,0.9326764,0.95937467,0.8526255,0.91804975,0.9900915,0.8492486,0.92116845,0.9631125,0.8592623,0.9323308,0.9792048,0.8588127,0.93597364,0.963048
2025-01-01 20:16:00,0.84890103,0.92411625,0.93598866,0.8386445,0.90394807,0.98567647,0.84499216,0.92972815,0.9162962,0.8611693,0.93453324,0.99117595,0.85400575,0.9077105,0.96353143,0.85146797,0.9112537,0.9919216,0.85884655,0.93268925,0.959363,0.85262424,0.91808945,0.99008304,0.8492518,0.9212076,0.96311265,0.8592732,0.93237895,0.97921264,0.8588276,0.9360206,0.9630619
2025-01-01 20:17:00,0.8489089,0.924149,0.93599916,0.8386617,0.9039949,0.98568976,0.84501445,0.9297686,0.9163092,0.8611754,0.9345632,0.9911805,0.8540157,0.907746,0.9635277,0.8514678,0.91128725,0.99191064,0.8588311,0.9326969,0.9593508,0.8526209,0.91811913,0.9900744,0.84925336,0.9212384,0.96311253,0.8592827,0.93241864,0.97922045,0.85884166,0.93606055,0.9630754
2025-01-01 20:18:00,0.8489164,0.9241767,0.9360092,0.8386779,0.904035,0.985703,0.84503484,0.92980343,0.91632146,0.861182,0.93458843,0.99118483,0.8540236,0.90777385,0.96352357,0.8514659,0.91131204,0.99189955,0.8588162,0.93270046,0.9593384,0.85261595,0.9181408,0.9900657,0.8492536,0.92126244,0.9631122,0.859291,0.93245155,0.97922826,0.85885507,0.9360948,0.9630885
2025-01-01 20:19:00,0.84892356,0.9242004,0.93601906,0.83869314,0.9040695,0.9857161,0.8450537,0.92983365,0.9163334,0.8611887,0.9346098,0.99118906,0.8540298,0.9077956,0.9635193,0.85146266,0.91132987,0.99188834,0.8588016,0.9327006,0.9593258,0.8526097,0.91815615,0.990057,0.8492529,0.92128116,0.9631117,0.8592984,0.9324791,0.979236,0.85886794,0.9361247,0.96310157
2025-01-01 20:20:00,0.8489305,0.9242209,0.93602866,0.8387077,0.9040997,0.9857293,0.8450713,0.92986023,0.9163449,0.8611957,0.934628,0.9911932,0.8540346,0.9078124,0.96351475,0.8514583,0.9113421,0.9918771,0.8587874,0.93269813,0.9593131,0.8526024,0.91816646,0.9900483,0.8492513,0.9212955,0.9631112,0.8593052,0.9325023,0.9792437,0.8588804,0.93615097,0.96311444
2025-01-01 20:21:00,0.8489372,0.92423886,0.93603826,0.8387218,0.9041264,0.9857424,0.8450879,0.92988384,0.91635615,0.8612028,0.9346438,0.9911972,0.8540383,0.9078253,0.9635101,0.8514531,0.9113498,0.99186575,0.85877347,0.93269354,0.9593003,0.85259426,0.9181726,0.9900396,0.849249,0.92130655,0.9631107,0.8593114,0.93252206,0.9792515,0.8588926,0.9361744,0.96312726
2025-01-01 20:22:00,0.8489438,0.92425483,0.9360478,0.83873546,0.90415025,0.9857555,0.84510374,0.9299052,0.91636735,0.86121,0.9346576,0.9912012,0.8540412,0.90783507,0.96350545,0.8514472,0.9113539,0.99185437,0.8587597,0.93268716,0.95928746,0.85258555,0.91817546,0.99003094,0.84924626,0.92131484,0.96311015,0.8593172,0.93253905,0.97925925,0.8589046,0.93619555,0.9631401
2025-01-01 20:23:00,0.84895027,0.9242692,0.9360573,0.8387488,0.9041719,0.98576856,0.84511894,0.92992455,0.9163783,0.86121726,0.93466973,0.9912051,0.8540433,0.9078423,0.9635006,0.8514407,0.91135514,0.991843,0.8587462,0.93267953,0.9592746,0.85257626,0.91817576,0.9900223,0.84924316,0.921321,0.9631096,0.85932255,0.9325539,0.97926706,0.85891634,0.9362149,0.9631528
2025-01-01 20:24:00,0.84895664,0.92428225,0.9360668,0.8387619,0.90419185,0.9857816,0.84513354,0.9299425,0.9163892,0.86122465,0.93468064,0.9912089,0.85404485,0.9078474,0.9634958,0.85143375,0.911354,0.9918315,0.8587327,0.9326708,0.9592618,0.85256654,0.91817397,0.99001366,0.84923977,0.9213254,0.9631092,0.85932773,0.93256706,0.9792749,0.85892797,0.93623275,0.9631656
2025-01-01 20:25:00,0.848963,0.92429435,0.9360764,0.83877474,0.9042102,0.98579466,0.84514785,0.9299592,0.91640013,0.8612321,0.9346905,0.99121267,0.8540459,0.907851,0.96349084,0.8514264,0.9113511,0.99182004,0.85871935,0.9326612,0.95924884,0.8525565,0.91817063,0.9900051,0.84923613,0.92132837,0.9631088,0.8593327,0.9325788,0.9792828,0.8589394,0.9362495,0.96317834
2025-01-01 20:26:00,0.8489693,0.9243056,0.93608594,0.83878744,0.9042275,0.9858077,0.84516174,0.92997485,0.916411,0.86123955,0.9346994,0.9912164,0.8540466,0.9078531,0.9634858,0.85141873,0.9113467,0.99180853,0.85870606,0.93265086,0.95923597,0.85254633,0.91816586,0.98999655,0.8492323,0.92133033,0.96310836,0.8593375,0.9325894,0.9792907,0.85895085,0.9362653,0.96319103
2025-01-01 20:27:00,0.84897554,0.92431617,0.9360955,0.8388001,0.90424395,0.98582083,0.8451754,0.92998976,0.9164217,0.86124694,0.9347077,0.99122006,0.85404694,0.90785426,0.9634808,0.8514108,0.91134095,0.991797,0.8586928,0.93264,0.9592231,0.85253584,0.9181601,0.989988,0.8492284,0.9213314,0.96310806,0.8593423,0.9325992,0.9792987,0.85896224,0.93628037,0.9632038
2025-01-01 20:28:00,0.8489819,0.9243263,0.93610513,0.83881253,0.9042596,0.9858339,0.84518886,0.9300041,0.9164325,0.8612544,0.93471545,0.9912237,0.854047,0.9078545,0.9634756,0.85140264,0.91133434,0.9917854,0.8586796,0.93262863,0.9592102,0.8525253,0.9181535,0.9899796,0.8492243,0.9213318,0.9631078,0.8593469,0.93260825,0.97930676,0.85897356,0.9362948,0.96321654
2025-01-01 20:29:00,0.8489882,0.9243361,0.9361147,0.838825,0.90427476,0.985847,0.84520215,0.9300179,0.91644317,0.86126184,0.93472266,0.9912272,0.8540469,0.9078541,0.96347046,0.8513943,0.91132694,0.9917738,0.8586664,0.932617,0.95919734,0.85251456,0.91814625,0.98997116,0.8492202,0.92133176,0.9631076,0.8593515,0.93261683,0.97931486,0.8589849,0.9363088,0.9632293
2025-01-01 20:30:00,0.84906304,0.9254145,0.9385989,0.8390255,0.9057877,0.9864079,0.8455981,0.93120664,0.91978496,0.8610745,0.93567574,0.99177426,0.8544133,0.90944266,0.96484387,0.8516278,0.9131263,0.992302,0.85843897,0.9334137,0.96067935,0.8527275,0.91976374,0.99049824,0.8493835,0.9226651,0.96443886,0.8594515,0.93394357,0.97980684,0.85899836,0.9373749,0.964753
2025-01-01 20:31:00,0.84912425,0.9262789,0.94021696,0.8391883,0.90700066,0.98677707,0.84591734,0.93216,0.9219608,0.8609261,0.9364392,0.992131,0.8547062,0.9107128,0.9657347,0.85181284,0.91456366,0.99264127,0.8582543,0.9340484,0.96163815,0.85289556,0.9210558,0.990838,0.8495132,0.9237314,0.96530414,0.8595323,0.93500626,0.9801295,0.85901135,0.9382302,0.96574795
2025-01-01 20:32:00,0.8491745,0.92697203,0.9412722,0.839321,0.9079736,0.9870216,0.84617525,0.93292505,0.92337877,0.86080885,0.9370512,0.992364,0.8549403,0.91172826,0.9663119,0.85195893,0.9157114,0.9928577,0.8581041,0.93455356,0.9622569,0.8530278,0.92208743,0.99105597,0.8496161,0.92458403,0.9658666,0.8595979,0.9358577,0.98034215,0.85902405,0.9389169,0.9663991
2025-01-01 20:33:00,0.84921604,0.92752826,0.9419615,0.8394296,0.9087545,0.9871851,0.84638405,0.9335394,0.9243041,0.8607165,0.9375417,0.9925166,0.85512733,0.9125399,0.9666851,0.852074,0.91662747,0.9929942,0.85798126,0.9349551,0.9626546,0.8531314,0.9229108,0.9911948,0.84969765,0.9252657,0.9662323,0.8596513,0.9365402,0.98048323,0.8590365,0.9394687,0.96682686
2025-01-01 20:34:00,0.84925056,0.927975,0.9424131,0.8395189,0.9093818,0.98729604,0.8465536,0.93403316,0.9249093,0.860644,0.9379352,0.9926169,0.85527664,0.9131885,0.96692574,0.85216427,0.9173582,0.9930789,0.85788035,0.9352737,0.9629086,0.85321206,0.92356765,0.9912822,0.8497621,0.9258107,0.96647006,0.859695,0.93708754,0.98057795,0.85904866,0.9399126,0.96710944
2025-01-01 20:35:00,0.8492795,0.928334,0.94271004,0.8395929,0.90988624,0.9873727,0.8466917,0.93443054,0.92530626,0.8605874,0.93825096,0.9926832,0.85539585,0.91370666,0.96708024,0.85223454,0.9179406,0.99312973,0.8577971,0.93552595,0.9630693,0.8532744,0.92409116,0.99133617,0.8498128,0.9262463,0.9666247,0.85973084,0.9375267,0.98064244,0.8590607,0.9402702,0.96729755
2025-01-01 20:36:00,0.849304,0.92862296,0.9429066,0.83965445,0.9102924,0.98742706,0.84680474,0.9347508,0.925568,0.8605436,0.9385046,0.99272734,0.8554909,0.91412044,0.96717864,0.8522889,0.91840446,0.9931587,0.8577278,0.93572515,0.9631692,0.8533221,0.92450804,0.99136853,0.84985256,0.9265944,0.96672535,0.85976046,0.9378794,0.9806873,0.85907257,0.9405587,0.9674244
2025-01-01 20:37:00,0.849325,0.9288558,0.94303787,0.8397062,0.9106198,0.98746705,0.84689766,0.9350092,0.9257417,0.86050993,0.93870854,0.9927571,0.85556656,0.9144507,0.9672407,0.8523305,0.91877335,0.99317336,0.85766983,0.9358819,0.9632298,0.8533581,0.9248397,0.9913867,0.8498836,0.92687255,0.96679085,0.8597852,0.9381629,0.98071945,0.85908437,0.94079196,0.96751136
2025-01-01 20:38:00,0.84934306,0.92904377,0.9431267,0.83975005,0.9108844,0.9874976,0.8469744,0.9352183,0.9258582,0.8604844,0.9388727,0.9927775,0.8556268,0.9147142,0.96727896,0.852362,0.91906625,0.9931787,0.8576208,0.9360047,0.9632647,0.8533847,0.92510307,0.9913957,0.8499077,0.92709476,0.9668336,0.85980594,0.93839115,0.9807434,0.8590961,0.9409811,0.9675724
2025-01-01 20:39:00,0.849359,0.9291959,0.943188,0.83978754,0.9110986,0.98752207,0.8470383,0.9353878,0.92593753,0.8604653,0.9390049,0.9927918,0.8556747,0.9149242,0.9673018,0.8523852,0.9192984,0.9931781,0.85757893,0.9361003,0.9632828,0.8534038,0.9253119,0.9913989,0.8499262,0.9272722,0.9668615,0.8598235,0.9385751,0.9807619,0.8591078,0.94113487,0.96761656
2025-01-01 20:40:00,0.84937304,0.92931926,0.94323134,0.83982,0.9112726,0.98754257,0.8470919,0.93552566,0.9259927,0.8604514,0.9391117,0.992802,0.85571265,0.91509145,0.96731466,0.8524019,0.919482,0.99317354,0.8575429,0.9361742,0.9632903,0.853417,0.9254771,0.99139816,0.8499402,0.92741376,0.96687984,0.85983855,0.9387236,0.98077697,0.8591194,0.94126034,0.9676498
2025-01-01 20:41:00,0.8493857,0.92941976,0.9432631,0.8398486,0.9114144,0.98756045,0.8471372,0.93563825,0.9260322,0.8604417,0.9391981,0.99280965,0.8557427,0.9152245,0.9673209,0.8524133,0.9196266,0.9931663,0.85751146,0.9362307,0.96329063,0.85342526,0.9256073,0.991395,0.84995073,0.9275268,0.96689194,0.8598516,0.9388439,0.98078984,0.85913104,0.9413632,0.9676759
2025-01-01 20:42:00,0.8493972,0.92950195,0.9432873,0.83987385,0.9115304,0.98757666,0.84717596,0.93573064,0.9260614,0.8604352,0.9392681,0.99281555,0.85576636,0.91533005,0.96732295,0.85242057,0.9197402,0.99315745,0.8574836,0.9362733,0.96328646,0.8534298,0.92570966,0.9913902,0.84995836,0.9276169,0.96690005,0.85986304,0.9389415,0.9808012,0.85914266,0.94144803,0.96769744
2025-01-01 20:43:00,0.84940773,0.92956936,0.9433066,0.83989656,0.91162574,0.98759174,0.8472094,0.9358068,0.9260839,0.8604313,0.9393251,0.9928203,0.8557849,0.91541374,0.9673221,0.8524245,0.91982883,0.99314755,0.8574588,0.93630475,0.9632793,0.8534313,0.9257897,0.99138445,0.8499638,0.92768866,0.9669056,0.8598732,0.939021,0.98081166,0.8591542,0.9415183,0.967716
2025-01-01 20:44:00,0.8494177,0.92962515,0.9433228,0.83991724,0.9117047,0.9876062,0.8472386,0.93587005,0.9261021,0.8604296,0.93937165,0.9928244,0.8557993,0.9154799,0.9673195,0.85242563,0.9198975,0.9931368,0.8574363,0.93632734,0.96327025,0.8534303,0.9258519,0.991378,0.8499674,0.9277458,0.96690947,0.8598824,0.939086,0.9808216,0.85916585,0.9415771,0.96773255
2025-01-01 20:45:00,0.849427,0.9296715,0.9433369,0.8399362,0.91177034,0.9876202,0.8472644,0.93592286,0.9261174,0.8604295,0.93940973,0.9928279,0.85581046,0.915532,0.9673156,0.8524246,0.9199502,0.9931257,0.8574156,0.9363427,0.9632599,0.8534274,0.9258998,0.99137115,0.8499696,0.9277913,0.96691227,0.8598908,0.9391395,0.98083115,0.8591775,0.94162655,0.96774787
2025-01-01 20:46:00,0.84943587,0.9297104,0.94334966,0.83995396,0.91182554,0.9876339,0.84728754,0.9359674,0.9261309,0.8604308,0.9394412,0.992831,0.855819,0.9155728,0.96731097,0.8524218,0.9199902,0.9931142,0.85739654,0.9363525,0.96324885,0.85342294,0.9259362,0.99136406,0.8499707,0.9278274,0.96691436,0.8598986,0.9391838,0.9808405,0.8591891,0.9416687,0.96776235
2025-01-01 20:47:00,0.84944445,0.92974323,0.9433616,0.8399706,0.91187227,0.9876473,0.84730846,0.93600523,0.92614317,0.8604331,0.9394672,0.9928339,0.85582536,0.9156046,0.9673057,0.85241765,0.92002,0.9931025,0.85737866,0.9363577,0.96323717,0.8534173,0.9259636,0.99135685,0.8499709,0.92785615,0.9669161,0.8599059,0.9392206,0.9808496,0.8592007,0.9417048,0.9677763
2025-01-01 20:48:00,0.8494528,0.9297714,0.943373,0.83998644,0.9119122,0.98766065,0.84732765,0.9360378,0.9261547,0.86043626,0.9394889,0.99283665,0.85583,0.91562915,0.9673002,0.85241234,0.92004156,0.9930907,0.8573617,0.9363592,0.9632252,0.85341066,0.9259837,0.9913496,0.84997034,0.92787886,0.96691746,0.8599128,0.93925154,0.98085874,0.85921234,0.94173634,0.96778995
2025-01-01 20:49:00,0.8494609,0.92979574,0.9433841,0.84000164,0.91194683,0.98767394,0.8473454,0.936066,0.9261655,0.86044,0.9395071,0.9928392,0.85583335,0.9156479,0.9672944,0.85240614,0.9200566,0.9930787,0.8573455,0.9363579,0.963213,0.8534032,0.9259979,0.9913422,0.8499693,0.9278968,0.96691877,0.8599194,0.93927777,0.9808678,0.8592241,0.941764,0.9678033
2025-01-01 20:50:00,0.8494689,0.92981696,0.94339496,0.84001625,0.9119771,0.9876872,0.84736204,0.9360908,0.9261761,0.8604443,0.93952256,0.9928417,0.8558355,0.91566205,0.9672884,0.85239923,0.9200664,0.9930667,0.85732996,0.9363543,0.9632008,0.85339516,0.9260075,0.99133486,0.84996784,0.927911,0.96692,0.85992587,0.9393002,0.9808769,0.8592357,0.9417887,0.9678166
2025-01-01 20:51:00,0.84947675,0.92983586,0.94340575,0.84003043,0.9120039,0.9877003,0.8473778,0.93611294,0.92618644,0.860449,0.9395358,0.9928441,0.8558368,0.9156724,0.96728224,0.85239166,0.920072,0.9930547,0.8573148,0.9363487,0.96318835,0.8533867,0.9260134,0.9913275,0.849966,0.9279221,0.9669212,0.85993207,0.9393196,0.980886,0.85924745,0.9418109,0.9678298
2025-01-01 20:52:00,0.8494845,0.9298527,0.94341636,0.8400444,0.912028,0.9877135,0.8473928,0.9361328,0.9261965,0.860454,0.9395472,0.9928464,0.8558373,0.9156799,0.967276,0.8523836,0.92007416,0.9930426,0.85730016,0.93634164,0.96317595,0.8533778,0.92601633,0.9913202,0.84996396,0.92793083,0.96692246,0.8599382,0.9393368,0.98089516,0.8592591,0.9418312,0.9678429
2025-01-01 20:53:00,0.84949225,0.9298681,0.943427,0.840058,0.91204983,0.98772657,0.8474072,0.9361509,0.9262066,0.86045927,0.93955714,0.99284863,0.8558372,0.9156849,0.96726966,0.8523752,0.9200737,0.9930304,0.8572858,0.93633336,0.9631635,0.8533686,0.92601687,0.9913129,0.8499617,0.9279376,0.9669237,0.8599442,0.939352,0.9809042,0.8592708,0.94185,0.967856
2025-01-01 20:54:00,0.8494999,0.9298823,0.94343764,0.84007144,0.9120699,0.9877397,0.84742117,0.93616754,0.9262165,0.8604647,0.9395659,0.9928508,0.8558367,0.915688,0.9672633,0.85236645,0.920071,0.9930182,0.8572717,0.93632424,0.96315104,0.8533592,0.92601556,0.99130565,0.84995925,0.927943,0.96692497,0.8599502,0.9393656,0.9809134,0.85928255,0.94186753,0.96786904
2025-01-01 20:55:00,0.8495075,0.92989546,0.9434483,0.84008473,0.91208863,0.9877528,0.8474347,0.93618315,0.9262263,0.8604703,0.93957376,0.99285287,0.85583574,0.9156895,0.9672568,0.85235745,0.9200666,0.993006,0.8572578,0.9363143,0.9631386,0.85334957,0.92601275,0.99129844,0.8499568,0.9279471,0.9669262,0.8599561,0.93937814,0.98092264,0.8592944,0.9418841,0.9678821
2025-01-01 20:56:00,0.84951526,0.92990786,0.94345903,0.8400979,0.91210616,0.98776585,0.847448,0.9361978,0.9262361,0.86047596,0.9395808,0.9928549,0.8558344,0.91568977,0.96725017,0.8523482,0.9200609,0.9929938,0.85724396,0.93630373,0.96312606,0.85333985,0.92600876,0.9912913,0.8499542,0.92795026,0.9669276,0.859962,0.93938965,0.9809318,0.8593062,0.9418999,0.96789515
2025-01-01 20:57:00,0.84952295,0.92991966,0.94346964,0.84011096,0.91212285,0.9877789,0.84746104,0.9362117,0.9262458,0.8604817,0.9395873,0.99285686,0.8558329,0.915689,0.9672436,0.8523388,0.9200539,0.99298155,0.85723037,0.93629277,0.9631136,0.85333,0.9260039,0.9912842,0.84995157,0.92795265,0.96692896,0.8599679,0.9394004,0.9809411,0.8593181,0.94191504,0.96790814
2025-01-01 20:58:00,0.8495306,0.929931,0.9434803,0.84012395,0.9121388,0.987792,0.8474738,0.93622494,0.9262554,0.86048746,0.93959326,0.9928588,0.8558311,0.9156875,0.96723694,0.8523292,0.9200461,0.9929692,0.85721684,0.9362813,0.9631012,0.85332006,0.92599815,0.9912771,0.8499489,0.92795444,0.96693045,0.8599738,0.9394106,0.9809505,0.8593299,0.9419297,0.9679212
2025-01-01 20:59:00,0.8495383,0.92994195,0.9434911,0.8401369,0.91215414,0.98780507,0.84748644,0.93623775,0.92626506,0.86049324,0.93959874,0.9928607,0.8558291,0.9156852,0.9672302,0.8523195,0.92003757,0.99295694,0.8572034,0.93626964,0.96308875,0.8533101,0.9259919,0.9912701,0.8499462,0.9279558,0.96693194,0.8599797,0.9394203,0.9809598,0.85934174,0.941944,0.96793425
2025-01-01 21:00:00,0.8495746,0.9309519,0.9463773,0.84028214,0.91361815,0.9884361,0.8478352,0.9373214,0.9299322,0.8601999,0.94042605,0.99347216,0.8561053,0.9171531,0.9687809,0.85242707,0.92168117,0.993551,0.85688,0.9369394,0.9647643,0.8533764,0.9274277,0.99186844,0.8499757,0.92909926,0.9684343,0.85990953,0.94053173,0.9815148,0.8592087,0.94279695,0.9696441
2025-01-01 21:01:00,0.84960526,0.9317618,0.9482571,0.840401,0.91479194,0.9888509,0.8481166,0.9381906,0.93231916,0.85996646,0.9410886,0.99387014,0.8563257,0.9183264,0.9697864,0.852511,0.9229937,0.9939327,0.8566187,0.9374727,0.9658491,0.85342735,0.9285747,0.99225485,0.84999883,0.93001395,0.96941143,0.8598547,0.9414224,0.98187894,0.85910475,0.9434818,0.9707601
2025-01-01 21:02:00,0.84963137,0.9324116,0.9494828,0.8404985,0.9157336,0.989125,0.8483441,0.93888813,0.933874,0.8597808,0.9416194,0.9941294,0.85650146,0.91926396,0.9704376,0.85257614,0.92404157,0.99417657,0.8564069,0.9378967,0.9665498,0.8534661,0.92949057,0.9925037,0.85001683,0.93074566,0.97004724,0.859812,0.9421366,0.98211884,0.859024,0.9440324,0.9714901
2025-01-01 21:03:00,0.8496539,0.93293333,0.95028335,0.8405792,0.9164896,0.9893078,0.84852844,0.9394482,0.9348879,0.8596334,0.94204473,0.99429846,0.8566414,0.92001307,0.9708584,0.8526262,0.9248774,0.9943307,0.85623497,0.93823344,0.967001,0.85349506,0.93022156,0.99266315,0.85003066,0.9313309,0.97046113,0.8597791,0.94270957,0.9822783,0.8589617,0.9444753,0.9719691
2025-01-01 21:04:00,0.84967345,0.9333527,0.95080745,0.84064627,0.917097,0.9894312,0.84867835,0.93989843,0.9355502,0.8595166,0.94238573,0.9944089,0.85675275,0.9206113,0.9711295,0.8526642,0.92554384,0.9944266,0.85609484,0.93850017,0.96729004,0.85351634,0.93080467,0.9927644,0.8500413,0.9317992,0.97073084,0.859754,0.9431695,0.9823852,0.8589144,0.9448322,0.9722851
2025-01-01 21:05:00,0.84969074,0.93369013,0.9511521,0.8407024,0.9175855,0.9895159,0.84880066,0.94026077,0.935984,0.8594243,0.9426592,0.9944811,0.8568412,0.9210888,0.97130316,0.8526924,0.9260747,0.99448454,0.85598,0.938711,0.96747357,0.8535313,0.9312695,0.9928279,0.8500493,0.9321737,0.9709068,0.85973525,0.94353914,0.98245806,0.85887885,0.94512033,0.9724951
2025-01-01 21:06:00,0.8497062,0.933962,0.95137984,0.8407499,0.91797894,0.9895756,0.8489008,0.9405527,0.93626916,0.8593515,0.9428787,0.99452853,0.85691136,0.9214698,0.97141355,0.8527129,0.9264969,0.9945178,0.85588557,0.9388771,0.9675886,0.85354125,0.9316397,0.9928669,0.8500552,0.93247336,0.9710219,0.8597215,0.94383645,0.9825089,0.8588529,0.9453534,0.97263616
2025-01-01 21:07:00,0.8497202,0.93418145,0.95153177,0.84079045,0.9182963,0.9896189,0.8489833,0.9407884,0.93645775,0.8592944,0.943055,0.9945599,0.8569668,0.92177355,0.9714828,0.85272723,0.92683244,0.9945351,0.85580736,0.9390074,0.9676591,0.85354733,0.9319342,0.99288994,0.85005957,0.93271303,0.97109735,0.8597117,0.94407594,0.9825453,0.85883456,0.94554234,0.97273237
2025-01-01 21:08:00,0.849733,0.9343591,0.95163447,0.84082544,0.91855276,0.98965156,0.8490516,0.9409791,0.9365835,0.85924983,0.94319665,0.9945807,0.85701054,0.92201537,0.9715253,0.8527366,0.9270985,0.99454194,0.8557422,0.9391091,0.9677006,0.85355014,0.9321682,0.99290264,0.85006255,0.9329048,0.97114724,0.85970515,0.9442692,0.9825724,0.85882235,0.94569606,0.97279954
2025-01-01 21:09:00,0.8497449,0.934503,0.95170504,0.840856,0.9187606,0.9896775,0.8491086,0.9411338,0.9366685,0.85921526,0.9433106,0.99459463,0.8570449,0.92220783,0.9715504,0.8527419,0.92730904,0.994542,0.85568744,0.9391879,0.96772337,0.85355043,0.9323537,0.9929086,0.8500646,0.93305814,0.97118044,0.8597013,0.94442546,0.9825934,0.858815,0.94582164,0.97284776
2025-01-01 21:10:00,0.8497562,0.93462026,0.95175487,0.8408831,0.91892946,0.9896988,0.84915656,0.94125956,0.9367269,0.8591886,0.94340247,0.99460405,0.8570716,0.92236066,0.9715641,0.8527441,0.92747504,0.9945377,0.855641,0.9392483,0.96773386,0.85354877,0.9325005,0.9929103,0.8500657,0.9331809,0.9712028,0.8596994,0.9445521,0.9826105,0.8588116,0.9459247,0.9728837
2025-01-01 21:11:00,0.84976673,0.9347159,0.9517911,0.8409072,0.9190672,0.98971725,0.8491972,0.9413623,0.93676805,0.8591684,0.9434766,0.99461055,0.8570923,0.92248183,0.9715705,0.85274374,0.92760557,0.9945305,0.8556013,0.93929416,0.9677365,0.8535455,0.9326163,0.9929092,0.85006624,0.93327916,0.9712181,0.8596993,0.9446552,0.9826251,0.85881126,0.94600964,0.97291166
2025-01-01 21:12:00,0.84977686,0.93479455,0.9518186,0.84092915,0.91918004,0.98973376,0.849232,0.9414466,0.9367979,0.8591533,0.94353646,0.99461514,0.8571082,0.9225776,0.971572,0.8527413,0.92770755,0.99452144,0.85556686,0.93932825,0.9677339,0.85354084,0.9327073,0.9929063,0.85006624,0.93335783,0.97122884,0.8597005,0.9447393,0.9826381,0.8588135,0.9460802,0.97293437
2025-01-01 21:13:00,0.8497867,0.9348594,0.9518404,0.84094924,0.91927284,0.989749,0.8492623,0.9415161,0.93682057,0.8591422,0.943585,0.9946185,0.85712016,0.92265314,0.9715704,0.8527372,0.9277868,0.99451107,0.8555367,0.939353,0.967728,0.8535353,0.93277854,0.99290216,0.85006595,0.9334208,0.9712367,0.85970277,0.94480824,0.98265004,0.85881776,0.9461393,0.9729538
2025-01-01 21:14:00,0.84979624,0.9349133,0.9518585,0.8409679,0.9193498,0.9897635,0.84928876,0.94157374,0.9368384,0.8591343,0.94362444,0.9946209,0.85712904,0.92271245,0.97156674,0.85273176,0.92784786,0.99450004,0.85551,0.9393703,0.96772,0.853529,0.93283397,0.99289733,0.8500653,0.93347126,0.97124267,0.8597059,0.9448651,0.98266125,0.8588236,0.94618905,0.97297096
2025-01-01 21:15:00,0.84980553,0.9349584,0.9518742,0.8409854,0.9194139,0.98977745,0.84931225,0.9416219,0.93685305,0.8591291,0.94365656,0.9946229,0.8571354,0.9227587,0.97156173,0.8527252,0.9278943,0.99448836,0.855486,0.93938154,0.9677105,0.85352194,0.9328767,0.992892,0.8500644,0.93351173,0.97124743,0.85970986,0.9449124,0.9826721,0.8588307,0.9462315,0.9729867
2025-01-01 21:16:00,0.8498148,0.93499655,0.9518884,0.841002,0.91946787,0.9897911,0.8493334,0.9416626,0.9368657,0.85912585,0.94368285,0.9946244,0.85713977,0.9227945,0.9715557,0.8527179,0.92792916,0.9944764,0.8554641,0.9393879,0.9677001,0.8535144,0.9329093,0.9928865,0.8500633,0.93354416,0.9712514,0.8597143,0.94495183,0.98268265,0.8588389,0.946268,0.97300154
2025-01-01 21:17:00,0.84982383,0.93502903,0.9519016,0.84101784,0.9195136,0.98980445,0.84935254,0.9416971,0.936877,0.85912424,0.9437044,0.9946256,0.85714245,0.922822,0.97154915,0.85270983,0.92795455,0.9944642,0.8554441,0.93939054,0.9676892,0.8535065,0.93293387,0.99288076,0.85006213,0.9335702,0.97125494,0.8597193,0.94498515,0.9826931,0.85884786,0.9462998,0.9730158
2025-01-01 21:18:00,0.84983283,0.93505704,0.95191413,0.8410331,0.9195529,0.9898177,0.8493702,0.94172674,0.9368874,0.85912395,0.94372225,0.9946267,0.8571438,0.92284286,0.97154224,0.8527012,0.9279725,0.99445176,0.8554254,0.9393901,0.96767795,0.8534982,0.9329519,0.992875,0.8500609,0.93359125,0.97125816,0.85972464,0.94501364,0.9827034,0.8588576,0.9463278,0.97302955
2025-01-01 21:19:00,0.8498418,0.93508154,0.9519263,0.8410479,0.9195869,0.9898308,0.8493866,0.94175255,0.9368972,0.8591247,0.9437371,0.9946276,0.8571441,0.9228583,0.97153497,0.8526921,0.9279845,0.9944393,0.85540783,0.9393872,0.9676664,0.8534898,0.93296486,0.99286914,0.85005957,0.9336082,0.9712612,0.8597303,0.9450381,0.9827137,0.8588678,0.94635284,0.9730432
2025-01-01 21:20:00,0.8498506,0.93510324,0.95193815,0.84106237,0.9196168,0.9898439,0.8494019,0.9417752,0.9369066,0.85912627,0.9437494,0.9946284,0.85714364,0.9228695,0.9715276,0.85268265,0.9279916,0.9944267,0.8553912,0.9393824,0.9676547,0.8534812,0.9329736,0.9928633,0.85005814,0.9336218,0.9712642,0.85973626,0.9450594,0.982724,0.8588785,0.9463754,0.97305655
2025-01-01 21:21:00,0.8498594,0.9351226,0.9519499,0.8410765,0.9196432,0.98985684,0.8494165,0.94179535,0.9369157,0.8591285,0.9437598,0.9946291,0.8571424,0.92287725,0.97152,0.85267293,0.92799497,0.99441415,0.8553753,0.939376,0.96764296,0.8534724,0.93297917,0.9928574,0.85005677,0.9336329,0.97126716,0.8597424,0.94507825,0.98273426,0.8588895,0.9463961,0.9730699
2025-01-01 21:22:00,0.8498683,0.9351402,0.9519616,0.8410904,0.91966707,0.98986983,0.84943044,0.94181347,0.9369247,0.85913116,0.9437687,0.9946297,0.85714066,0.92288214,0.9715123,0.852663,0.92799526,0.9944015,0.85536,0.9393683,0.9676311,0.85346353,0.9329821,0.9928516,0.8500554,0.93364197,0.9712701,0.8597488,0.9450951,0.9827445,0.85890085,0.94641525,0.97308314
2025-01-01 21:23:00,0.8498771,0.9351563,0.95197314,0.8411041,0.91968876,0.98988277,0.84944385,0.94183,0.9369335,0.8591342,0.94377625,0.9946302,0.85713845,0.9228849,0.9715045,0.8526527,0.927993,0.9943888,0.8553451,0.9393597,0.9676193,0.8534546,0.93298286,0.9928458,0.850054,0.93364936,0.971273,0.85975534,0.9451104,0.9827548,0.8589124,0.9464331,0.9730963
2025-01-01 21:24:00,0.84988594,0.93517125,0.9519847,0.8411177,0.9197087,0.98989564,0.84945685,0.9418451,0.9369422,0.8591376,0.9437828,0.99463063,0.8571358,0.9228859,0.9714967,0.85264236,0.9279888,0.9943761,0.8553305,0.9393503,0.96760744,0.8534456,0.93298197,0.99284005,0.85005265,0.9336555,0.971276,0.85976195,0.9451243,0.9827651,0.8589241,0.94645005,0.9731095
2025-01-01 21:25:00,0.8498949,0.9351853,0.9519963,0.8411311,0.9197273,0.9899085,0.8494695,0.9418593,0.9369508,0.8591412,0.94378847,0.99463105,0.85713285,0.92288536,0.9714888,0.8526318,0.9279831,0.99436337,0.8553163,0.93934023,0.96759564,0.8534366,0.9329798,0.9928343,0.85005134,0.9336606,0.97127897,0.8597687,0.9451373,0.98277545,0.858936,0.9464662,0.97312266
2025-01-01 21:26:00,0.8499037,0.9351986,0.9520079,0.84114444,0.9197448,0.98992145,0.8494818,0.9418726,0.9369594,0.859145,0.94379354,0.99463135,0.85712963,0.92288375,0.97148085,0.8526212,0.927976,0.9943506,0.8553023,0.9393297,0.96758384,0.8534275,0.9329766,0.99282867,0.85005003,0.9336649,0.97128195,0.8597756,0.94514954,0.9827858,0.85894805,0.9464817,0.97313577
2025-01-01 21:27:00,0.84991264,0.9352115,0.95201945,0.84115773,0.9197614,0.9899343,0.849494,0.94188523,0.9369679,0.85914886,0.943798,0.99463165,0.8571262,0.9228811,0.9714728,0.85261047,0.92796797,0.99433786,0.8552885,0.9393187,0.967572,0.85341847,0.9329726,0.99282306,0.8500488,0.93366855,0.97128505,0.8597826,0.94516116,0.9827962,0.85896015,0.9464967,0.9731489
2025-01-01 21:28:00,0.8499216,0.93522376,0.9520311,0.8411709,0.9197773,0.98994714,0.8495059,0.94189733,0.9369763,0.85915285,0.943802,0.9946319,0.85712254,0.9228778,0.9714647,0.8525997,0.92795914,0.9943251,0.8552749,0.93930745,0.9675602,0.8534094,0.9329679,0.99281746,0.8500475,0.9336717,0.9712882,0.85978967,0.94517225,0.9828066,0.8589723,0.9465113,0.973162
2025-01-01 21:29:00,0.8499306,0.9352357,0.95204264,0.84118414,0.9197927,0.98996,0.8495177,0.94190896,0.93698466,0.8591569,0.94380563,0.994632,0.8571187,0.9228738,0.9714566,0.8525887,0.92794955,0.9943123,0.85526145,0.939296,0.96754843,0.85340035,0.93296266,0.992812,0.8500464,0.93367445,0.97129136,0.8597968,0.945183,0.9828172,0.85898465,0.94652563,0.97317505
2025-01-01 21:30:00,0.84992784,0.9361593,0.9552795,0.8412717,0.9211816,0.9906499,0.8498132,0.94286823,0.9409118,0.8587629,0.94449246,0.99529696,0.85729975,0.92419475,0.9731568,0.8525684,0.92940813,0.99496156,0.8548479,0.93982685,0.9693876,0.85331875,0.9341913,0.99347067,0.84994155,0.9346076,0.97293806,0.8595579,0.94605917,0.98342526,0.8587075,0.9471502,0.9750406
2025-01-01 21:31:00,0.8499274,0.9369003,0.95738757,0.8413443,0.9222954,0.99110276,0.8500519,0.9436376,0.9434673,0.85844857,0.9450423,0.99572915,0.8574437,0.92525023,0.9742591,0.85254985,0.9305725,0.9953791,0.85451454,0.940249,0.97057897,0.85325176,0.9351728,0.993897,0.84985757,0.9353544,0.9740096,0.8593683,0.946762,0.98382425,0.85848826,0.9476524,0.9762578
2025-01-01 21:32:00,0.8499289,0.9374953,0.9587619,0.8414051,0.92318904,0.9914017,0.850245,0.94425505,0.94513124,0.8581979,0.9454826,0.99601,0.85755783,0.92609334,0.9749726,0.8525327,0.9315015,0.995646,0.85424525,0.94058436,0.9713493,0.8531963,0.93595654,0.9941723,0.84979016,0.93595207,0.9747073,0.8592182,0.9473262,0.98408735,0.85831547,0.94805676,0.9770535
2025-01-01 21:33:00,0.849932,0.9379734,0.95965934,0.84145623,0.9239065,0.9916004,0.8504017,0.94475096,0.9462157,0.85799825,0.94583523,0.9961925,0.8576483,0.9267664,0.97543347,0.8525167,0.93224233,0.995815,0.8540272,0.94085,0.9718459,0.85315025,0.9365822,0.99434936,0.8497361,0.9364305,0.975162,0.85909957,0.9477793,0.984262,0.8581797,0.9483829,0.97757536
2025-01-01 21:34:00,0.8499363,0.938358,0.9602468,0.84149975,0.9244832,0.9917341,0.85052925,0.94514954,0.9469233,0.8578393,0.9461177,0.99631107,0.8577197,0.92730355,0.97573006,0.8525017,0.93283254,0.9959203,0.8538502,0.9410601,0.9721647,0.8531116,0.9370813,0.99446267,0.8496927,0.9368136,0.97545886,0.8590062,0.9481437,0.98437935,0.8580736,0.9486464,0.97791904
2025-01-01 21:35:00,0.8499416,0.93866783,0.96063274,0.84153724,0.92494714,0.99182546,0.8506335,0.94547033,0.94738615,0.857713,0.946344,0.996388,0.85777587,0.92773193,0.9759199,0.8524874,0.9333022,0.99598426,0.853706,0.9412257,0.9723678,0.85307896,0.93747914,0.99453455,0.8496579,0.9371203,0.9756531,0.8589331,0.94843715,0.98445934,0.8579913,0.9488599,0.9781471
2025-01-01 21:36:00,0.84994775,0.9389179,0.9608878,0.8415698,0.92532086,0.9918892,0.85071903,0.94572896,0.9476898,0.85761267,0.9465255,0.9964379,0.85781986,0.9280733,0.97604036,0.8524737,0.93367547,0.9960214,0.85358804,0.9413557,0.97249585,0.8530511,0.93779606,0.9945795,0.8496299,0.93736607,0.97578067,0.8588761,0.9486738,0.98451513,0.857928,0.94903326,0.9782999
2025-01-01 21:37:00,0.84995455,0.93912005,0.9610578,0.8415985,0.9256225,0.9919352,0.85078967,0.9459377,0.94788986,0.8575332,0.94667095,0.9964702,0.85785407,0.928345,0.97611564,0.8524604,0.93397164,0.9960409,0.8534911,0.9414572,0.972575,0.85302705,0.9380482,0.9946069,0.8496074,0.937563,0.9758649,0.8588322,0.94886494,0.9845552,0.8578799,0.9491745,0.9784038
2025-01-01 21:38:00,0.8499619,0.93928397,0.96117234,0.841624,0.9258664,0.99196947,0.8508483,0.94610655,0.94802266,0.8574704,0.94678766,0.9964911,0.8578804,0.928561,0.97616154,0.8524475,0.9342061,0.9960491,0.853411,0.941536,0.97262245,0.8530061,0.9382485,0.99462306,0.8495893,0.9377209,0.975921,0.8587985,0.9490198,0.984585,0.85784394,0.94929016,0.97847587
2025-01-01 21:39:00,0.8499697,0.9394173,0.9612511,0.8416471,0.92606413,0.9919962,0.85089743,0.9462436,0.9481118,0.85742086,0.9468813,0.9965044,0.8579005,0.9287324,0.97618836,0.8524349,0.9343912,0.99604994,0.85334426,0.94159657,0.9726493,0.8529877,0.9384075,0.9946318,0.84957474,0.9378476,0.97595876,0.85877323,0.9491456,0.98460823,0.8578177,0.94938534,0.97852737
2025-01-01 21:40:00,0.8499778,0.93952614,0.96130633,0.8416681,0.92622495,0.99201804,0.85093886,0.946355,0.9481724,0.857382,0.9469566,0.9965129,0.85791564,0.92886806,0.9762028,0.8524224,0.93453676,0.9960459,0.8532884,0.9416425,0.9726627,0.85297114,0.9385333,0.9946358,0.849563,0.9379493,0.97598463,0.8587545,0.9492482,0.9846271,0.85779935,0.949464,0.9785653
2025-01-01 21:41:00,0.8499862,0.93961537,0.9613465,0.8416876,0.9263562,0.99203664,0.85097414,0.946446,0.9482145,0.85735166,0.9470171,0.9965182,0.85792667,0.9289753,0.9762091,0.85241026,0.9346507,0.9960388,0.8532411,0.94167686,0.9726675,0.8529563,0.93863255,0.9946368,0.8495536,0.938031,0.9760029,0.85874116,0.9493321,0.98464316,0.8577871,0.9495296,0.97859454
2025-01-01 21:42:00,0.84999484,0.93968904,0.96137685,0.8417058,0.9264638,0.9920532,0.8510046,0.94652075,0.9482446,0.8573281,0.9470658,0.99652135,0.8579345,0.9290595,0.9762101,0.85239816,0.9347395,0.9960296,0.8532006,0.9417018,0.9726666,0.8529427,0.9387107,0.99463576,0.849546,0.9380968,0.97601616,0.8587321,0.94940126,0.98465747,0.8577799,0.9495847,0.9786182
2025-01-01 21:43:00,0.8500037,0.9397501,0.9614007,0.84172297,0.9265525,0.9920684,0.851031,0.9465824,0.9482668,0.85730994,0.94710493,0.9965232,0.8579397,0.92912555,0.97620773,0.8523861,0.93480784,0.99601907,0.85316575,0.94171935,0.9726621,0.8529301,0.93877184,0.9946334,0.8495398,0.93814987,0.9760262,0.8587265,0.94945854,0.98467064,0.8577767,0.9496314,0.97863805
2025-01-01 21:44:00,0.8500127,0.9398012,0.9614205,0.8417393,0.926626,0.99208266,0.8510543,0.9466335,0.9482839,0.8572961,0.9471366,0.9965241,0.8579428,0.92917687,0.976203,0.8523742,0.9348601,0.99600774,0.85313517,0.941731,0.9726552,0.85291845,0.9388195,0.9946303,0.8495349,0.9381928,0.97603416,0.8587236,0.9495063,0.98468304,0.85777664,0.9496714,0.97865564
2025-01-01 21:45:00,0.8500219,0.9398443,0.96143746,0.84175503,0.9266874,0.9920963,0.85107505,0.94667625,0.9482977,0.85728574,0.9471621,0.9965244,0.85794425,0.92921656,0.9761968,0.8523624,0.93489945,0.9959958,0.8531082,0.94173783,0.9726467,0.8529074,0.93885636,0.9946267,0.849531,0.9382275,0.9760408,0.8587229,0.9495464,0.98469496,0.8577792,0.94970596,0.9786715
2025-01-01 21:46:00,0.8500312,0.93988097,0.9614528,0.8417702,0.9267393,0.9921097,0.85109377,0.94671226,0.94830924,0.85727817,0.9471828,0.9965242,0.8579443,0.92924684,0.97618973,0.85235053,0.9349284,0.99598354,0.85308415,0.9417409,0.97263736,0.8528969,0.93888456,0.99462277,0.84952784,0.93825567,0.9760466,0.8587241,0.9495805,0.98470664,0.85778385,0.94973624,0.97868633
2025-01-01 21:47:00,0.8500406,0.93991256,0.961467,0.84178495,0.92678326,0.9921227,0.8511109,0.9467429,0.9483194,0.8572727,0.9471996,0.9965238,0.8579433,0.92926955,0.9761819,0.85233873,0.9349491,0.995971,0.8530623,0.9417408,0.9726272,0.8528869,0.93890584,0.9946186,0.84952533,0.9382787,0.97605187,0.8587266,0.94960976,0.9847181,0.8577902,0.9497632,0.97870064
2025-01-01 21:48:00,0.8500501,0.93994004,0.96148044,0.8417994,0.92682105,0.9921356,0.8511266,0.9467692,0.94832855,0.85726905,0.94721323,0.99652314,0.85794145,0.9292863,0.9761737,0.8523269,0.93496305,0.9959583,0.8530422,0.9417384,0.9726168,0.85287726,0.9389216,0.9946144,0.8495233,0.9382975,0.9760568,0.8587303,0.9496351,0.9847294,0.8577977,0.94978726,0.9787144
2025-01-01 21:49:00,0.8500596,0.9399643,0.96149343,0.84181356,0.92685395,0.99214834,0.85114133,0.94679207,0.94833714,0.8572667,0.9472243,0.99652237,0.8579388,0.92929816,0.97616524,0.8523151,0.93497175,0.9959455,0.8530236,0.941734,0.9726061,0.8528679,0.93893296,0.99461013,0.84952176,0.93831307,0.9760616,0.85873497,0.94965744,0.98474073,0.85780627,0.94980913,0.97872794
2025-01-01 21:50:00,0.8500693,0.939986,0.9615062,0.84182745,0.9268828,0.99216104,0.8511552,0.9468122,0.94834524,0.85726553,0.9472334,0.9965214,0.8579356,0.9293062,0.9761565,0.8523033,0.93497616,0.99593264,0.8530061,0.94172806,0.9725953,0.8528588,0.93894076,0.99460584,0.8495205,0.938326,0.97606623,0.8587403,0.9496773,0.984752,0.85781574,0.94982934,0.97874135
2025-01-01 21:51:00,0.85007894,0.9400055,0.96151865,0.8418413,0.9269085,0.9921736,0.8511684,0.94683003,0.94835305,0.8572651,0.9472408,0.9965204,0.857932,0.9293111,0.97614765,0.8522916,0.93497723,0.9959197,0.8529896,0.94172096,0.97258437,0.85284996,0.9389458,0.9946016,0.8495196,0.93833685,0.9760708,0.8587463,0.9496951,0.9847632,0.8578259,0.94984806,0.9787545
2025-01-01 21:52:00,0.8500887,0.94002336,0.96153104,0.84185493,0.9269317,0.99218625,0.85118103,0.946846,0.9483607,0.8572655,0.94724697,0.99651927,0.85792786,0.9293135,0.97613865,0.8522798,0.9349755,0.9959068,0.8529738,0.9417128,0.9725734,0.8528412,0.9389486,0.9945974,0.8495189,0.93834597,0.97607535,0.85875285,0.94971144,0.98477453,0.8578366,0.9498657,0.9787676
2025-01-01 21:53:00,0.8500986,0.94004,0.96154344,0.84186846,0.9269528,0.99219877,0.8511932,0.9468607,0.94836813,0.8572663,0.94725204,0.99651814,0.85792345,0.9293139,0.97612953,0.852268,0.9349717,0.99589384,0.8529586,0.9417039,0.9725623,0.8528327,0.9389496,0.9945932,0.8495185,0.93835384,0.97607994,0.85875976,0.94972646,0.9847858,0.85784775,0.9498824,0.97878075
2025-01-01 21:54:00,0.85010844,0.9400555,0.9615558,0.84188193,0.92697227,0.9922113,0.851205,0.9468741,0.94837546,0.85726756,0.9472562,0.9965169,0.8579188,0.9293127,0.9761204,0.8522561,0.93496597,0.9958808,0.85294396,0.9416944,0.97255135,0.8528242,0.93894917,0.994589,0.8495182,0.9383607,0.9760846,0.858767,0.9497406,0.98479706,0.8578592,0.9498983,0.97879374
2025-01-01 21:55:00,0.85011834,0.9400702,0.96156806,0.8418953,0.9269904,0.99222374,0.8512165,0.94688654,0.9483827,0.85726917,0.94725966,0.9965155,0.8579139,0.9293102,0.9761113,0.85224426,0.93495893,0.9958677,0.8529298,0.9416844,0.9725404,0.85281587,0.9389477,0.99458486,0.84951806,0.93836665,0.97608924,0.8587745,0.9497539,0.9848084,0.857871,0.94991374,0.97880673
2025-01-01 21:56:00,0.8501283,0.9400842,0.9615804,0.84190863,0.92700756,0.9922362,0.8512277,0.94689834,0.9483899,0.857271,0.9472626,0.99651414,0.8579088,0.92930657,0.976102,0.85223246,0.9349508,0.99585474,0.85291576,0.941674,0.97252935,0.85280764,0.9389453,0.9945808,0.84951806,0.938372,0.97609395,0.85878223,0.9497665,0.98481965,0.857883,0.9499287,0.9788197
2025-01-01 21:57:00,0.8501383,0.94009775,0.9615927,0.8419219,0.9270239,0.99224865,0.8512388,0.9469095,0.948397,0.85727304,0.947265,0.9965127,0.85790354,0.9293022,0.9760927,0.85222054,0.9349417,0.9958416,0.8529021,0.9416633,0.9725184,0.85279953,0.9389422,0.99457675,0.8495182,0.93837684,0.97609866,0.85879016,0.94977874,0.98483104,0.8578952,0.9499433,0.97883266
2025-01-01 21:58:00,0.8501484,0.94011086,0.96160495,0.84193516,0.9270395,0.99226105,0.8512496,0.9469201,0.948404,0.8572752,0.94726706,0.9965112,0.8578981,0.9292971,0.97608334,0.8522087,0.93493193,0.9958286,0.85288864,0.9416524,0.9725075,0.8527915,0.9389386,0.9945728,0.8495184,0.93838125,0.9761034,0.85879827,0.94979054,0.9848424,0.85790753,0.9499576,0.9788456
2025-01-01 21:59:00,0.8501585,0.9401237,0.9616173,0.8419484,0.9270545,0.99227345,0.8512603,0.94693035,0.948411,0.85727745,0.94726884,0.9965097,0.8578926,0.9292914,0.9760739,0.8521968,0.93492156,0.9958156,0.8528753,0.9416412,0.97249657,0.85278356,0.93893456,0.99456894,0.8495187,0.9383854,0.97610825,0.8588065,0.949802,0.98485386,0.85792005,0.9499717,0.97885853
2025-01-01 22:00:00,0.85011667,0.9409444,0.9651469,0.8419767,0.92834365,0.9930099,0.85149723,0.94774806,0.9525281,0.85678977,0.9478029,0.9972162,0.8579752,0.9304419,0.97789335,0.8520488,0.93616897,0.9965085,0.852379,0.94202375,0.9744665,0.8525556,0.939934,0.99527633,0.84928143,0.93909156,0.9778699,0.85840315,0.9504275,0.98550427,0.8575036,0.95035666,0.98084646
2025-01-01 22:01:00,0.8500853,0.94160336,0.9674456,0.842002,0.92937744,0.9934929,0.8516888,0.94840395,0.95520663,0.8564001,0.9482302,0.9976749,0.85804003,0.9313607,0.97907263,0.85192806,0.93716437,0.99695426,0.85197943,0.9423274,0.9757432,0.8523716,0.94073254,0.9957349,0.84909177,0.9396571,0.9790168,0.85808223,0.9509299,0.98593104,0.8571731,0.95066726,0.98214316
2025-01-01 22:02:00,0.85006225,0.9421328,0.968944,0.8420248,0.9302071,0.9938112,0.8518441,0.9489303,0.95695,0.8560888,0.94857216,0.99797237,0.8580907,0.93209416,0.9798358,0.851829,0.9379582,0.9972395,0.85165733,0.942568,0.9765693,0.852223,0.9413702,0.9960317,0.8489402,0.94011015,0.979764,0.85782725,0.9513339,0.9862125,0.85691124,0.9509184,0.98299044
2025-01-01 22:03:00,0.8500459,0.9425586,0.96992236,0.8420458,0.9308734,0.9940224,0.8519702,0.9493531,0.95808554,0.8558403,0.9488457,0.9981651,0.85813,0.93267924,0.9803285,0.8517473,0.93859065,0.99742025,0.8513971,0.94275814,0.97710246,0.8521025,0.94187915,0.99622333,0.84881914,0.9404732,0.9802515,0.85762507,0.95165926,0.98639953,0.8567044,0.95112187,0.9835457
2025-01-01 22:04:00,0.85003495,0.9429017,0.97056264,0.8420651,0.93140894,0.994164,0.8520732,0.9496931,0.95882595,0.85564196,0.94906455,0.99828964,0.85816014,0.9331457,0.98064536,0.85167956,0.93909407,0.9975332,0.8511864,0.9429078,0.9774453,0.8520047,0.9422853,0.99634665,0.8487225,0.9407643,0.9805702,0.8574651,0.9519216,0.9865251,0.8565415,0.9512874,0.98391116
2025-01-01 22:05:00,0.8500282,0.94317836,0.9709832,0.8420832,0.93184,0.99426025,0.85215753,0.94996667,0.9593095,0.8554838,0.94923973,0.9983699,0.858183,0.9335173,0.9808479,0.85162294,0.9394943,0.99760205,0.85101527,0.9430253,0.9776644,0.85192496,0.9426091,0.9964256,0.84864545,0.94099784,0.9807792,0.85733896,0.9521336,0.98661083,0.85641384,0.9514223,0.98415315
2025-01-01 22:06:00,0.8500249,0.94340205,0.9712609,0.8421003,0.9321874,0.9943271,0.852227,0.9501872,0.95962614,0.8553577,0.9493798,0.9984213,0.8582001,0.93381286,0.98097616,0.8515752,0.9398118,0.99764216,0.8508759,0.9431169,0.9778031,0.85185975,0.94286704,0.99647576,0.848584,0.94118536,0.98091686,0.8572399,0.9523053,0.9866706,0.85631424,0.9515329,0.9843149
2025-01-01 22:07:00,0.8500244,0.9435834,0.97144586,0.8421166,0.9324679,0.9943749,0.85228455,0.95036525,0.9598343,0.8552572,0.9494919,0.998454,0.85821235,0.9340477,0.9810561,0.8515346,0.94006336,0.9976637,0.8507619,0.94318783,0.97788954,0.85180604,0.9430724,0.9965071,0.84853506,0.94133604,0.98100823,0.8571624,0.9524448,0.9867136,0.8562372,0.951624,0.9844246
2025-01-01 22:08:00,0.85002613,0.94373083,0.9715704,0.8421323,0.9326948,0.99441016,0.8523325,0.9505093,0.9599717,0.8551773,0.94958156,0.99847454,0.85822093,0.93423384,0.9811047,0.8514997,0.940262,0.9976731,0.85066825,0.94324225,0.9779421,0.8517617,0.9432355,0.99652636,0.8484962,0.9414572,0.9810695,0.8571023,0.9525585,0.9867456,0.8561781,0.9516995,0.98450035
2025-01-01 22:09:00,0.8500296,0.94385105,0.97165567,0.8421474,0.932879,0.9944374,0.85237277,0.9506262,0.96006334,0.85511374,0.94965327,0.99848706,0.8582265,0.9343812,0.9811328,0.8514693,0.9404183,0.9976746,0.85059077,0.94328344,0.9779725,0.8517247,0.94336504,0.99653774,0.8484653,0.9415549,0.9811112,0.857056,0.9526516,0.9867706,0.8561335,0.95176244,0.98455405
2025-01-01 22:10:00,0.85003453,0.94394964,0.97171557,0.8421621,0.9330288,0.9944593,0.852407,0.9507214,0.96012515,0.8550633,0.9497106,0.99849445,0.85822964,0.9344973,0.9811476,0.8514425,0.9405408,0.997671,0.85052633,0.9433141,0.97798866,0.8516937,0.94346756,0.99654406,0.84844095,0.94163376,0.9811403,0.85702085,0.95272815,0.98679084,0.8561005,0.9518155,0.98459345
2025-01-01 22:11:00,0.85004056,0.9440308,0.9717589,0.84217656,0.93315125,0.9944778,0.8524363,0.95079905,0.96016747,0.8550234,0.9497564,0.9984984,0.8582309,0.93458855,0.9811537,0.8514186,0.94063616,0.9976641,0.8504723,0.94333625,0.9779955,0.8516675,0.94354856,0.996547,0.84842163,0.94169754,0.9811612,0.85699457,0.95279163,0.98680824,0.8560766,0.95186055,0.98462355
2025-01-01 22:12:00,0.8500475,0.9440982,0.97179145,0.8421907,0.93325174,0.994494,0.85246164,0.9508628,0.96019715,0.8549918,0.949793,0.99850017,0.8582305,0.93465984,0.98115426,0.8513971,0.94070995,0.99765503,0.8504265,0.94335175,0.9779963,0.8516451,0.9436124,0.9965479,0.84840655,0.94174933,0.9811767,0.85697544,0.9528445,0.9868236,0.8560601,0.9518992,0.9846476
2025-01-01 22:13:00,0.8500553,0.94415444,0.971817,0.8422046,0.93333465,0.9945088,0.8524839,0.95091546,0.96021867,0.85496694,0.9498222,0.9985004,0.85822886,0.93471515,0.98115104,0.8513774,0.9407664,0.99764454,0.8503874,0.9433618,0.9779932,0.85162586,0.9436624,0.99654734,0.8483948,0.9417915,0.9811888,0.85696197,0.952889,0.98683774,0.8560495,0.9519327,0.9846677
2025-01-01 22:14:00,0.8500637,0.9442018,0.97183806,0.84221834,0.9334036,0.9945227,0.85250354,0.95095915,0.96023476,0.85494745,0.9498455,0.9984997,0.8582262,0.9347577,0.9811455,0.8513592,0.94080895,0.9976331,0.85035366,0.94336754,0.9779875,0.851609,0.9437014,0.996546,0.84838563,0.9418259,0.9811986,0.85695314,0.95292675,0.98685116,0.85604364,0.9519621,0.9846851
2025-01-01 22:15:00,0.85007244,0.94424206,0.9718561,0.842232,0.93346125,0.99453586,0.85252124,0.9509957,0.9602474,0.8549321,0.949864,0.9984984,0.85822266,0.9347901,0.98113835,0.8513422,0.9408404,0.9976211,0.8503243,0.94336987,0.9779803,0.85159415,0.94373167,0.9965441,0.8483787,0.94185424,0.981207,0.8569479,0.9529591,0.9868639,0.8560416,0.95198834,0.984701
2025-01-01 22:16:00,0.85008174,0.9442767,0.9718723,0.84224546,0.9335099,0.9945487,0.8525373,0.95102644,0.9602577,0.8549202,0.9498787,0.99849653,0.8582185,0.93481416,0.9811301,0.8513261,0.940863,0.9976087,0.8502982,0.9433694,0.977972,0.8515809,0.9437549,0.99654186,0.8483735,0.9418777,0.9812145,0.85694563,0.9529872,0.9868764,0.85604256,0.9520119,0.98471576
2025-01-01 22:17:00,0.8500913,0.9443068,0.9718873,0.84225893,0.9335514,0.9945612,0.852552,0.95105267,0.9602665,0.854911,0.9498903,0.99849445,0.8582137,0.93483174,0.98112124,0.8513107,0.9408785,0.9975961,0.8502749,0.94336677,0.977963,0.85156894,0.94377255,0.9965394,0.84836966,0.9418973,0.98122144,0.8569457,0.9530118,0.98688877,0.85604596,0.9520333,0.98472977
2025-01-01 22:18:00,0.8501011,0.94433326,0.9719014,0.8422723,0.93358713,0.99457353,0.85256565,0.9510751,0.9602743,0.854904,0.9498995,0.9984921,0.8582086,0.9348441,0.9811119,0.85129595,0.94088835,0.99758327,0.8502538,0.94336236,0.97795355,0.851558,0.94378567,0.99653685,0.8483669,0.94191366,0.981228,0.8569477,0.95303375,0.986901,0.8560512,0.952053,0.9847433
2025-01-01 22:19:00,0.8501112,0.94435686,0.971915,0.8422856,0.9336182,0.9945857,0.85257846,0.9510947,0.9602814,0.85489863,0.9499067,0.9984896,0.85820305,0.9348521,0.9811023,0.85128164,0.9408936,0.9975704,0.85023445,0.9433565,0.97794384,0.85154796,0.94379526,0.9965342,0.8483651,0.9419277,0.9812344,0.8569512,0.9530534,0.9869131,0.85605806,0.9520715,0.9847565
2025-01-01 22:20:00,0.85012144,0.9443781,0.97192836,0.8422988,0.9336456,0.9945978,0.85259056,0.9511118,0.9602881,0.8548947,0.9499123,0.998487,0.8581972,0.93485683,0.98109245,0.8512677,0.9408952,0.99755734,0.8502165,0.94334966,0.97793406,0.85153854,0.94380194,0.9965316,0.84836406,0.9419396,0.9812406,0.85695595,0.9530714,0.9869252,0.8560662,0.95208883,0.9847696
2025-01-01 22:21:00,0.8501318,0.9443975,0.9719415,0.842312,0.93367004,0.99460983,0.8526021,0.951127,0.9602944,0.8548918,0.94991666,0.99848425,0.85819113,0.9348588,0.9810824,0.8512541,0.9408939,0.99754435,0.85019964,0.94334185,0.9779241,0.8515297,0.9438064,0.996529,0.8483636,0.94195,0.98124677,0.8569616,0.953088,0.9869372,0.8560754,0.95210534,0.98478246
2025-01-01 22:22:00,0.85014236,0.9444154,0.97195446,0.84232515,0.9336921,0.99462175,0.8526132,0.9511407,0.96030056,0.85488975,0.94991994,0.99848145,0.8581848,0.9348586,0.98107225,0.8512407,0.9408903,0.9975313,0.8501838,0.9433334,0.9779141,0.8515213,0.94380903,0.9965264,0.84836364,0.9419592,0.9812529,0.8569681,0.9531035,0.98694927,0.8560853,0.95212114,0.9847952
2025-01-01 22:23:00,0.85015297,0.94443214,0.97196734,0.8423383,0.9337123,0.99463373,0.8526239,0.95115316,0.9603065,0.8548884,0.94992244,0.9984786,0.8581784,0.9348567,0.98106205,0.8512274,0.94088477,0.99751824,0.85016865,0.9433244,0.97790414,0.85151327,0.9438103,0.9965239,0.8483641,0.94196737,0.9812591,0.8569753,0.9531181,0.9869613,0.8560958,0.95213634,0.98480797
2025-01-01 22:24:00,0.8501637,0.944448,0.9719802,0.8423514,0.9337309,0.9946456,0.8526343,0.9511646,0.96031237,0.85488755,0.9499242,0.9984757,0.8581717,0.9348533,0.98105174,0.85121435,0.9408778,0.9975051,0.85015404,0.94331485,0.9778941,0.85150564,0.9438104,0.99652135,0.8483649,0.9419748,0.9812653,0.85698307,0.95313203,0.98697335,0.8561068,0.9521512,0.98482066
2025-01-01 22:25:00,0.8501745,0.9444631,0.971993,0.8423645,0.93374836,0.9946574,0.8526444,0.9511752,0.96031815,0.85488707,0.94992536,0.99847263,0.85816497,0.93484885,0.9810415,0.8512014,0.9408696,0.9974921,0.85014,0.9433051,0.9778842,0.8514982,0.9438096,0.9965189,0.84836596,0.94198155,0.9812715,0.8569912,0.9531454,0.9869854,0.85611826,0.9521656,0.9848333
2025-01-01 22:26:00,0.85018533,0.94447756,0.9720058,0.8423776,0.9337649,0.99466926,0.85265434,0.95118517,0.9603238,0.85488695,0.9499261,0.99846953,0.85815805,0.9348435,0.98103106,0.8511885,0.9408604,0.9974789,0.8501263,0.943295,0.9778742,0.8514909,0.9438081,0.9965165,0.8483673,0.9419879,0.98127776,0.85699964,0.9531583,0.98699754,0.85613006,0.95217973,0.9848459
2025-01-01 22:27:00,0.8501963,0.9444916,0.9720186,0.84239066,0.93378055,0.99468106,0.8526641,0.9511947,0.9603295,0.85488707,0.9499265,0.99846643,0.8581511,0.9348373,0.9810206,0.8511757,0.9408505,0.99746585,0.85011286,0.9432847,0.97786427,0.8514839,0.94380605,0.99651414,0.84836876,0.94199383,0.981284,0.8570084,0.9531709,0.98700964,0.8561422,0.9521937,0.98485845
2025-01-01 22:28:00,0.8502072,0.9445053,0.97203135,0.84240365,0.9337955,0.9946928,0.8526737,0.95120364,0.96033496,0.8548873,0.9499265,0.9984632,0.85814404,0.93483055,0.98101014,0.85116297,0.94083995,0.99745274,0.85009974,0.94327426,0.9778544,0.851477,0.9438035,0.9965119,0.84837043,0.9419995,0.9812904,0.8570174,0.9531832,0.98702174,0.85615444,0.9522074,0.984871
2025-01-01 22:29:00,0.8502183,0.9445186,0.97204417,0.8424167,0.9338101,0.99470454,0.8526831,0.9512123,0.96034044,0.8548877,0.94992626,0.99846,0.85813683,0.93482333,0.98099965,0.8511502,0.94082886,0.9974396,0.85008687,0.9432637,0.97784454,0.85147023,0.9438006,0.9965096,0.8483723,0.9420049,0.9812967,0.8570266,0.95319533,0.98703396,0.85616684,0.952221,0.9848835
2025-01-01 22:30:00,0.8501381,0.9452219,0.97580373,0.84238523,0.93497634,0.9954744,0.8528573,0.951874,0.96457404,0.8543151,0.9502981,0.9991956,0.8581195,0.93578297,0.98290575,0.8508774,0.941843,0.9981637,0.84951663,0.943491,0.9799101,0.85109985,0.9445532,0.9972532,0.8480068,0.9424715,0.98314196,0.85646594,0.95355874,0.987715,0.8556187,0.9523596,0.9869584
2025-01-01 22:31:00,0.8500762,0.9457869,0.97825193,0.84236264,0.93591183,0.99597895,0.8529984,0.95240474,0.9673277,0.85385716,0.9505952,0.99967253,0.8581041,0.93654877,0.98414105,0.85065657,0.94265157,0.9986298,0.849058,0.9436707,0.9812493,0.85080236,0.9451544,0.99773574,0.8477149,0.9428457,0.9843435,0.8560194,0.9538518,0.98816204,0.8551829,0.9524731,0.98831135
2025-01-01 22:32:00,0.85002893,0.9462413,0.9798478,0.84234715,0.93666273,0.9963109,0.85311294,0.9528308,0.9691194,0.85349095,0.95083266,0.9999813,0.85809034,0.93715954,0.98494023,0.85047746,0.9432959,0.99892825,0.8486887,0.94381225,0.9821164,0.85056317,0.9456346,0.9980486,0.84748197,0.94314593,0.985127,0.8556642,0.9540885,0.98845685,0.8548368,0.95256644,0.9891951
2025-01-01 22:33:00,0.84999347,0.94660735,0.9808896,0.84233737,0.9372659,0.9965307,0.85320646,0.95317304,0.97028583,0.85319805,0.9510223,1.0001807,0.8580777,0.9376463,0.98545593,0.8503316,0.9438088,0.9991176,0.8483909,0.9439233,0.98267657,0.8503706,0.9460179,0.99825144,0.8472961,0.94338715,0.9856385,0.855382,0.95428014,0.98865277,0.8545626,0.9526438,0.989774
2025-01-01 22:34:00,0.84996724,0.94690263,0.98157126,0.8423321,0.93775094,0.99667776,0.853283,0.9534482,0.9710458,0.8529639,0.9511737,1.0003091,0.8580661,0.9380339,0.9857874,0.85021234,0.94421643,0.9992361,0.84815025,0.94401,0.9830374,0.8502153,0.9463238,0.9983825,0.84714794,0.94358104,0.98597336,0.8551584,0.95443577,0.98878443,0.8543458,0.9527082,0.9901545
2025-01-01 22:35:00,0.84994864,0.94714135,0.9820189,0.8423305,0.93814147,0.9967773,0.8533459,0.95366967,0.9715415,0.85277677,0.95129454,1.0003912,0.85805523,0.93834203,0.9859991,0.85011446,0.94453996,0.9993085,0.84795535,0.94407713,0.9832686,0.85008997,0.9465678,0.99846715,0.84703,0.9437372,0.98619336,0.8549814,0.95456254,0.9888743,0.854175,0.9527623,0.9904062
2025-01-01 22:36:00,0.849936,0.94733477,0.98231435,0.84233177,0.9384563,0.99684596,0.853398,0.9538483,0.97186553,0.8526271,0.95139086,1.0004433,0.8580449,0.9385866,0.98613286,0.8500336,0.9447962,0.9993511,0.847797,0.9441287,0.98341554,0.84998846,0.94676214,0.99852157,0.84693617,0.9438631,0.9863388,0.854842,0.95466626,0.98893714,0.854041,0.95280814,0.9905742
2025-01-01 22:37:00,0.8499282,0.94749194,0.98251086,0.84233546,0.9387107,0.9968947,0.8534414,0.95399255,0.97207785,0.85250753,0.9514675,1.0004759,0.8580352,0.93878037,0.986216,0.8499663,0.9449985,0.99937415,0.84766793,0.9441678,0.98350775,0.8499061,0.94691694,0.9985564,0.8468617,0.9439648,0.98643565,0.8547325,0.95475155,0.98898226,0.8539364,0.9528474,0.99068767
2025-01-01 22:38:00,0.84992427,0.9476202,0.9826432,0.84234095,0.9389167,0.99693036,0.85347784,0.9541093,0.9722175,0.8524119,0.95152855,1.0004958,0.8580258,0.9389335,0.9862663,0.84991,0.94515777,0.9993846,0.84756225,0.9441968,0.9835643,0.84983903,0.94704,0.99857837,0.8468027,0.9440472,0.9865011,0.8546469,0.9548221,0.98901594,0.8538554,0.9528815,0.99076575
2025-01-01 22:39:00,0.84992343,0.9477253,0.98273367,0.8423479,0.9390839,0.99695754,0.8535087,0.954204,0.97231,0.8523355,0.951577,1.0005072,0.85801667,0.9390541,0.98629516,0.84986246,0.94528264,0.9993868,0.8474754,0.944218,0.9835978,0.84978426,0.9471377,0.9985922,0.8467561,0.94411415,0.98654604,0.8545805,0.95488083,0.9890421,0.8537931,0.95291126,0.9908208
2025-01-01 22:40:00,0.84992504,0.94781184,0.982797,0.8423561,0.93922013,0.99697924,0.85353506,0.95428115,0.9723718,0.8522744,0.9516154,1.0005133,0.8580078,0.9391486,0.9863101,0.84982175,0.9453798,0.9993836,0.8474036,0.9442328,0.98361635,0.8497393,0.9472152,0.9986006,0.8467195,0.9441686,0.9865777,0.8545295,0.9549302,0.9890635,0.85374594,0.9529376,0.99086094
2025-01-01 22:41:00,0.8499287,0.9478836,0.98284274,0.84236515,0.9393316,0.99699724,0.8535579,0.9543442,0.97241366,0.8522256,0.9516457,1.0005159,0.8579991,0.9392223,0.9863159,0.8497867,0.94545496,0.999377,0.84734374,0.9442425,0.9836251,0.84970224,0.94727653,0.9986056,0.8466908,0.94421333,0.98660076,0.8544908,0.9549719,0.98908174,0.85371083,0.9529613,0.99089134
2025-01-01 22:42:00,0.84993386,0.94794345,0.982877,0.842375,0.93942314,0.9970129,0.8535778,0.9543959,0.9724425,0.8521867,0.9516695,1.0005162,0.8579905,0.9392793,0.9863159,0.8497561,0.9455125,0.9993682,0.84729356,0.9442481,0.98362756,0.8496715,0.9473249,0.9986083,0.8466684,0.94425017,0.9866183,0.85446185,0.9550077,0.98909795,0.8536853,0.95298284,0.99091536
2025-01-01 22:43:00,0.84994036,0.9479938,0.9829038,0.8423855,0.9394989,0.9970271,0.8535954,0.9544386,0.9724629,0.8521555,0.9516882,1.0005149,0.85798204,0.93932295,0.98631203,0.84972906,0.9455558,0.9993578,0.847251,0.94425046,0.98362595,0.84964573,0.94736284,0.99860954,0.8466512,0.9442806,0.9866321,0.85444087,0.9550386,0.9891129,0.8536677,0.95300263,0.9909352
2025-01-01 22:44:00,0.8499479,0.9480367,0.9829258,0.8423964,0.9395619,0.9970403,0.8536111,0.9544741,0.9724777,0.8521306,0.95170265,1.0005126,0.8579736,0.9393559,0.9863056,0.84970486,0.94558793,0.9993466,0.8472146,0.9442502,0.98362166,0.8496241,0.9473925,0.99860996,0.8466381,0.94430614,0.9866437,0.85442615,0.95506567,0.989127,0.8536561,0.95302105,0.99095243
2025-01-01 22:45:00,0.8499563,0.94807345,0.98294455,0.8424077,0.9396148,0.9970527,0.85362536,0.9545037,0.9724889,0.8521107,0.9517138,1.0005096,0.85796523,0.93938035,0.9862976,0.849683,0.945611,0.99933475,0.84718317,0.94424796,0.98361564,0.8496057,0.94741565,0.99860984,0.84662825,0.9443276,0.9866537,0.8544165,0.9550897,0.98914045,0.8536495,0.9530383,0.99096787
2025-01-01 22:46:00,0.84996533,0.94810534,0.9829613,0.8424193,0.9396595,0.9970648,0.8536384,0.95452875,0.97249776,0.8520947,0.95172226,1.0005062,0.8579568,0.9393979,0.9862885,0.84966284,0.9456268,0.9993225,0.8471557,0.944244,0.98360854,0.8495899,0.9474335,0.9986093,0.84662104,0.94434583,0.98666275,0.85441095,0.9551112,0.9891537,0.85364676,0.95305467,0.9909822
2025-01-01 22:47:00,0.8499749,0.9481334,0.9829768,0.8424311,0.9396977,0.9970765,0.85365045,0.95454997,0.9725051,0.85208195,0.95172864,1.0005025,0.8579485,0.9394099,0.98627865,0.84964424,0.9456368,0.99930996,0.8471313,0.9442388,0.98360074,0.84957623,0.9474471,0.9986085,0.84661597,0.9443616,0.98667127,0.8544085,0.9551308,0.98916656,0.85364723,0.9530703,0.99099576
2025-01-01 22:48:00,0.8499848,0.9481583,0.9829914,0.84244317,0.9397307,0.99708813,0.8536618,0.95456827,0.9725113,0.8520717,0.95173323,1.0004984,0.85794014,0.9394176,0.98626834,0.84962666,0.94564223,0.9992972,0.84710956,0.9442325,0.98359257,0.8495642,0.94745743,0.99860775,0.8466126,0.94437534,0.9866794,0.8544088,0.9551488,0.98917943,0.8536502,0.95308536,0.9910088
2025-01-01 22:49:00,0.8499952,0.9481808,0.98300546,0.8424553,0.93975955,0.9970996,0.8536724,0.9545841,0.9725169,0.8520635,0.9517364,1.0004942,0.8579318,0.9394218,0.9862578,0.84961015,0.94564396,0.99928445,0.84708977,0.94422543,0.9835841,0.8495536,0.947465,0.99860686,0.8466106,0.9443874,0.98668724,0.8544111,0.9551656,0.9891921,0.85365516,0.95309997,0.99102145
2025-01-01 22:50:00,0.85000587,0.94820136,0.9830191,0.8424676,0.93978494,0.9971108,0.8536825,0.95459807,0.972522,0.8520568,0.9517385,1.00049,0.8579234,0.939423,0.9862469,0.84959435,0.9456427,0.9992716,0.84707165,0.9442176,0.9835754,0.84954405,0.9474705,0.99860597,0.8466098,0.94439816,0.986695,0.8544151,0.9551814,0.9892048,0.8536619,0.9531142,0.991034
2025-01-01 22:51:00,0.8500167,0.94822025,0.9830325,0.84248,0.9398078,0.99712205,0.85369223,0.9546104,0.9725268,0.85205144,0.9517396,1.0004857,0.857915,0.9394221,0.986236,0.8495791,0.9456391,0.99925864,0.8470549,0.9442094,0.98356664,0.8495354,0.9474743,0.9986051,0.8466098,0.94440794,0.9867026,0.85442054,0.95519644,0.98921746,0.85366976,0.95312816,0.9910463
2025-01-01 22:52:00,0.8500278,0.94823784,0.9830458,0.84249246,0.93982846,0.9971332,0.8537016,0.9546215,0.9725314,0.8520471,0.95173997,1.0004812,0.8579066,0.93941927,0.98622483,0.8495644,0.94563353,0.9992457,0.84703916,0.9442007,0.9835579,0.84952754,0.94747674,0.9986042,0.8466105,0.9444169,0.98671025,0.854427,0.95521086,0.9892301,0.8536787,0.95314187,0.9910586
2025-01-01 22:53:00,0.85003906,0.9482545,0.98305905,0.842505,0.9398473,0.9971443,0.85371065,0.9546316,0.9725358,0.85204345,0.9517398,1.0004767,0.8578981,0.93941504,0.9862137,0.84954995,0.94562656,0.9992328,0.84702426,0.9441917,0.9835491,0.8495202,0.9474782,0.9986033,0.8466119,0.9444253,0.98671794,0.85443425,0.95522475,0.98924273,0.8536884,0.95315534,0.99107075
2025-01-01 22:54:00,0.85005045,0.9482704,0.9830722,0.84251755,0.9398648,0.9971553,0.8537195,0.95464087,0.97254,0.8520405,0.95173913,1.0004721,0.8578896,0.9394096,0.9862024,0.8495358,0.9456182,0.99921983,0.8470101,0.94418246,0.9835403,0.8495133,0.9474787,0.99860245,0.84661376,0.94443315,0.98672557,0.8544423,0.9552383,0.9892554,0.8536989,0.9531687,0.99108285
2025-01-01 22:55:00,0.85006195,0.94828564,0.98308533,0.8425301,0.9398812,0.99716634,0.8537281,0.95464945,0.97254425,0.8520381,0.951738,1.0004674,0.85788107,0.9394032,0.98619115,0.849522,0.94560903,0.9992069,0.8469964,0.94417304,0.98353153,0.84950686,0.9474786,0.99860173,0.846616,0.9444406,0.9867333,0.8544509,0.95525146,0.989268,0.8537099,0.9531819,0.99109495
2025-01-01 22:56:00,0.8500735,0.94830036,0.98309845,0.8425427,0.93989676,0.9971773,0.8537365,0.9546575,0.9725483,0.852036,0.95173657,1.0004628,0.85787255,0.939396,0.9861798,0.84950835,0.945599,0.99919397,0.84698325,0.94416344,0.9835228,0.8495007,0.947478,0.998601,0.8466186,0.94444776,0.98674095,0.85445994,0.9552644,0.98928064,0.85372126,0.953195,0.9911069
2025-01-01 22:57:00,0.85008514,0.94831467,0.9831115,0.84255534,0.9399116,0.99718827,0.85374486,0.9546651,0.97255236,0.8520342,0.95173484,1.000458,0.85786396,0.9393882,0.98616844,0.84949476,0.9455884,0.999181,0.8469704,0.9441538,0.9835141,0.8494948,0.947477,0.99860036,0.84662145,0.9444547,0.9867487,0.8544694,0.9552772,0.98929334,0.85373294,0.95320797,0.9911189
2025-01-01 22:58:00,0.8500969,0.9483286,0.9831246,0.842568,0.93992573,0.9971992,0.85375303,0.9546724,0.97255623,0.85203254,0.9517329,1.0004531,0.8578554,0.93937993,0.986157,0.8494814,0.94557726,0.9991681,0.8469578,0.944144,0.9835053,0.8494892,0.9474757,0.99859977,0.8466246,0.94446146,0.9867565,0.85447913,0.9552898,0.98930603,0.8537449,0.9532209,0.9911308
2025-01-01 22:59:00,0.8501087,0.9483424,0.9831376,0.84258056,0.9399395,0.99721,0.8537611,0.9546793,0.9725601,0.8520311,0.9517307,1.0004482,0.85784674,0.9393713,0.98614556,0.84946805,0.94556576,0.99915516,0.8469455,0.9441342,0.9834967,0.8494838,0.9474741,0.99859923,0.84662783,0.94446814,0.9867643,0.8544891,0.95530224,0.9893187,0.8537571,0.9532338,0.99114275
2025-01-01 23:00:00,0.8499916,0.94891554,0.9870604,0.84248996,0.94096214,0.9979997,0.8538693,0.9551731,0.97683513,0.85138357,0.9519336,1.0011998,0.85772985,0.9401228,0.9881047,0.8490751,0.9463284,0.9998976,0.84631145,0.94420224,0.9856213,0.8489776,0.9479663,0.9993656,0.8461407,0.94468683,0.9886603,0.85378104,0.9553974,0.9900184,0.85308695,0.9531235,0.9932678
2025-01-01 23:01:00,0.8499004,0.9493767,0.9896149,0.8424199,0.94178265,0.9985168,0.8539574,0.95556927,0.97961515,0.85086536,0.9520953,1.0016866,0.85763454,0.9407219,0.98937404,0.8487581,0.9469359,1.0003757,0.84580195,0.9442547,0.9869993,0.84857184,0.94835955,0.99986374,0.84575176,0.9448631,0.9898955,0.85321677,0.9554759,0.99047774,0.85255355,0.95303786,0.99465317
2025-01-01 23:02:00,0.84982985,0.94974816,0.99127984,0.8423664,0.9424414,0.99885666,0.8540294,0.9558873,0.98142344,0.8504507,0.9522241,1.0020012,0.8575565,0.9411991,0.99019504,0.848502,0.94741935,1.000682,0.84539217,0.9442947,0.9878921,0.8482463,0.9486737,1.0001874,0.8454415,0.9450053,0.9907012,0.8527676,0.95554113,0.9907807,0.85212934,0.9529718,0.9955578
2025-01-01 23:03:00,0.84977585,0.95004785,0.9923666,0.8423261,0.9429708,0.9990814,0.8540885,0.95614284,0.98260003,0.8501187,0.9523264,1.0022038,0.8574923,0.9415788,0.9907247,0.84829444,0.9478034,1.0008767,0.8450621,0.94432473,0.9884695,0.8479849,0.94892454,1.0003978,0.8451941,0.9451204,0.9912277,0.8524105,0.9555958,0.9909821,0.8517926,0.95292145,0.9961499
2025-01-01 23:04:00,0.849735,0.95029026,0.99307764,0.8422964,0.9433966,0.99923104,0.8541372,0.95634836,0.9833661,0.84985286,0.95240766,1.0023338,0.85743916,0.9418804,0.99106485,0.8481258,0.9481081,1.0009986,0.8447957,0.9443468,0.98884183,0.847775,0.9491248,1.0005344,0.8449971,0.94521374,0.99157286,0.852127,0.9556419,0.9911175,0.8515258,0.9528838,0.9965389
2025-01-01 23:05:00,0.8497048,0.9504867,0.99354434,0.8422752,0.9437397,0.99933213,0.8541776,0.9565138,0.9838652,0.84964,0.952472,1.0024164,0.85739475,0.94211966,0.9912819,0.8479883,0.9483491,1.0010734,0.8445804,0.94436246,0.9890809,0.8476062,0.94928455,1.0006232,0.84484035,0.94528973,0.99179995,0.8519025,0.95568126,0.99121,0.85131496,0.95285606,0.9967959
2025-01-01 23:06:00,0.8496831,0.9506464,0.9938523,0.8422607,0.9440164,0.9994015,0.85421145,0.9566473,0.98419076,0.8494695,0.9525228,1.0024681,0.85735744,0.9423089,0.9914189,0.8478757,0.94853944,1.0011175,0.844406,0.944373,0.9892335,0.8474703,0.9494119,1.0006809,0.84471583,0.9453518,0.9919505,0.8517251,0.9557152,0.9912746,0.85114884,0.9528364,0.996967
2025-01-01 23:07:00,0.84966815,0.95077676,0.9940571,0.84225154,0.9442401,0.99945027,0.85424,0.95675516,0.9844036,0.8493328,0.95256275,1.0024999,0.85732573,0.94245815,0.99150383,0.8477831,0.94868904,1.0011418,0.8442642,0.9443795,0.98932976,0.8473607,0.9495134,1.0007184,0.8446172,0.94540274,0.99205124,0.85158545,0.95574474,0.991321,0.8510186,0.9528232,0.99708235
2025-01-01 23:08:00,0.84965867,0.95088357,0.99419475,0.8422468,0.94442147,0.9994857,0.85426426,0.9568424,0.984543,0.84922326,0.95259404,1.0025187,0.8572986,0.94257545,0.9915549,0.84770626,0.9488061,1.001153,0.8441486,0.9443828,0.9893895,0.8472722,0.9495942,1.0007428,0.84453917,0.9454448,0.9921196,0.85147595,0.95577085,0.9913558,0.8509169,0.9528151,0.9971613
2025-01-01 23:09:00,0.8496534,0.9509716,0.99428886,0.84224546,0.9445688,0.9995124,0.85428506,0.95691335,0.9846348,0.8491353,0.9526183,1.0025289,0.857275,0.9426671,0.99158406,0.84764224,0.9488972,1.0011559,0.84405386,0.94438344,0.9894254,0.8472006,0.9496584,1.0007588,0.84447765,0.94547975,0.992167,0.85139066,0.95579416,0.99138284,0.85083824,0.9528111,0.9972167
2025-01-01 23:10:00,0.8496518,0.9510446,0.9943546,0.84224683,0.94468904,0.99953336,0.8543032,0.9569711,0.98469555,0.8490647,0.9526371,1.0025337,0.8572542,0.9427383,0.9915988,0.8475884,0.94896734,1.0011531,0.8439759,0.9443821,0.989446,0.84714246,0.9497095,1.0007691,0.8444294,0.94550914,0.9922008,0.8513247,0.9558153,0.9914049,0.85077786,0.95281047,0.9972568
2025-01-01 23:11:00,0.8496529,0.9511056,0.9944019,0.8422505,0.94478756,0.99955064,0.85431904,0.9570183,0.98473614,0.8490079,0.95265126,1.0025347,0.8572358,0.94279313,0.99160427,0.8475427,0.94902086,1.001147,0.84391135,0.94437903,0.98945653,0.84709513,0.9497499,1.000776,0.84439164,0.94553393,0.99222565,0.8512742,0.9558347,0.9914238,0.8507322,0.9528124,0.9972869
2025-01-01 23:12:00,0.8496563,0.951157,0.9944373,0.8422559,0.9448686,0.99956554,0.8543332,0.9570571,0.9847636,0.8489621,0.95266193,1.0025336,0.8572191,0.9428348,0.9916037,0.8475036,0.9490611,1.0011386,0.84385747,0.9443747,0.9894606,0.8470565,0.9497819,1.0007807,0.8443625,0.94555515,0.9922448,0.85123605,0.9558527,0.99144053,0.85069823,0.9528164,0.9973106
2025-01-01 23:13:00,0.8496614,0.95120066,0.9944648,0.8422627,0.94493574,0.99957883,0.8543459,0.9570891,0.98478246,0.84892523,0.95266974,1.0025307,0.8572039,0.942866,0.9915992,0.84746975,0.9490907,1.0011286,0.8438122,0.9443693,0.98946047,0.84702486,0.94980717,1.0007838,0.84434015,0.94557345,0.9922602,0.85120785,0.9558695,0.991456,0.8506736,0.9528221,0.99732995
2025-01-01 23:14:00,0.84966797,0.95123816,0.99448735,0.8422706,0.9449918,0.9995911,0.8543574,0.9571157,0.98479575,0.84889543,0.9526752,1.0025269,0.8571899,0.94288886,0.9915921,0.84744,0.9491117,1.0011176,0.8437739,0.9443632,0.9894576,0.84699875,0.949827,1.000786,0.8443232,0.9455895,0.9922732,0.8511875,0.95588547,0.9914706,0.8506565,0.95282906,0.9973465
2025-01-01 23:15:00,0.8496757,0.9512708,0.99450654,0.84227943,0.945039,0.9996027,0.854368,0.957138,0.9848054,0.8488712,0.9526788,1.0025223,0.8571767,0.9429049,0.9915833,0.8474136,0.94912595,1.001106,0.843741,0.9443563,0.98945296,0.8469771,0.9498426,1.0007875,0.8443107,0.9456037,0.9922848,0.8511736,0.95590067,0.9914845,0.8506454,0.95283717,0.99736136
2025-01-01 23:16:00,0.84968436,0.9512995,0.9945236,0.8422889,0.9450789,0.9996137,0.8543778,0.9571567,0.9848127,0.84885144,0.9526809,1.0025173,0.8571643,0.94291556,0.99157345,0.8473898,0.9491347,1.0010942,0.8437125,0.944349,0.98944724,0.84695905,0.94985473,1.0007887,0.84430164,0.9456165,0.99229527,0.8511647,0.95591533,0.9914981,0.8506391,0.95284605,0.997375
2025-01-01 23:17:00,0.8496938,0.951325,0.9945392,0.842299,0.9451132,0.99962455,0.85438704,0.9571727,0.98481834,0.84883535,0.9526818,1.002512,0.8571525,0.94292194,0.9915629,0.8473682,0.94913906,1.001082,0.84368765,0.94434124,0.98944086,0.84694386,0.94986415,1.0007898,0.84429544,0.94562805,0.9923051,0.85115993,0.9559295,0.99151146,0.85063666,0.9528557,0.9973878
2025-01-01 23:18:00,0.8497038,0.951348,0.99455404,0.84230953,0.9451428,0.9996351,0.85439575,0.95718646,0.984823,0.848822,0.9526817,1.0025065,0.85714114,0.9429248,0.99155176,0.8473483,0.94914,1.0010697,0.84366554,0.9443332,0.9894339,0.846931,0.9498715,1.0007906,0.8442915,0.9456388,0.99231464,0.85115844,0.95594335,0.99152464,0.8506373,0.95286584,0.99740016
2025-01-01 23:19:00,0.8497143,0.9513689,0.9945682,0.8423204,0.9451688,0.99964553,0.85440403,0.9571984,0.9848269,0.84881103,0.9526808,1.0025008,0.8571301,0.9429249,0.9915404,0.84732974,0.94913816,1.0010571,0.8436457,0.9443249,0.98942673,0.84692,0.949877,1.0007915,0.84428936,0.9456488,0.9923239,0.8511595,0.95595694,0.99153775,0.8506404,0.9528764,0.99741215
2025-01-01 23:20:00,0.8497252,0.9513883,0.99458206,0.8423315,0.9451919,0.99965584,0.854412,0.9572088,0.98483044,0.84880185,0.9526793,1.0024949,0.8571194,0.9429228,0.99152875,0.8473123,0.94913405,1.0010446,0.84362775,0.94431645,0.98941946,0.8469105,0.94988114,1.0007923,0.8442887,0.9456582,0.992333,0.8511628,0.9559703,0.99155086,0.8506454,0.95288724,0.99742395
2025-01-01 23:21:00,0.8497364,0.9514064,0.99459565,0.8423429,0.9452126,0.99966604,0.85441977,0.9572181,0.98483354,0.8487941,0.95267725,1.002489,0.8571088,0.94291884,0.99151695,0.8472957,0.94912815,1.0010321,0.84361124,0.94430774,0.989412,0.84690213,0.9498842,1.0007931,0.84428924,0.9456672,0.992342,0.8511677,0.9559835,0.99156386,0.850652,0.95289844,0.9974355
2025-01-01 23:22:00,0.84974784,0.95142347,0.99460906,0.8423545,0.94523144,0.99967617,0.8544272,0.9572264,0.98483646,0.8487875,0.9526747,1.002483,0.8570984,0.9429135,0.9915051,0.8472798,0.9491208,1.0010195,0.8435959,0.94429904,0.9894046,0.8468948,0.9498864,1.0007939,0.84429073,0.94567585,0.99235094,0.85117394,0.9559966,0.9915769,0.8506598,0.9529098,0.997447
2025-01-01 23:23:00,0.84975946,0.95143974,0.99462235,0.8423661,0.9452487,0.9996863,0.8544345,0.9572339,0.98483926,0.84878176,0.9526718,1.0024769,0.8570881,0.94290704,0.99149317,0.84726447,0.94911236,1.0010068,0.84358156,0.9442903,0.98939717,0.8468883,0.94988793,1.0007948,0.84429294,0.9456842,0.99235994,0.85118127,0.9560095,0.9915899,0.8506686,0.95292133,0.9974584
2025-01-01 23:24:00,0.8497714,0.95145535,0.9946356,0.8423779,0.94526476,0.9996963,0.8544416,0.9572409,0.9848418,0.84877676,0.95266867,1.0024707,0.85707796,0.9428995,0.9914811,0.8472496,0.949103,1.0009942,0.84356797,0.9442814,0.98938966,0.8468824,0.94988894,1.0007957,0.84429586,0.9456924,0.99236894,0.8511895,0.9560224,0.99160284,0.85067827,0.952933,0.9974697
2025-01-01 23:25:00,0.8497833,0.9514705,0.99464875,0.84238976,0.9452799,0.9997063,0.8544485,0.95724726,0.9848443,0.8487723,0.9526652,1.0024645,0.8570678,0.94289136,0.9914691,0.8472351,0.94909286,1.0009817,0.8435549,0.9442725,0.98938227,0.84687704,0.94988954,1.0007967,0.84429926,0.94570047,0.99237794,0.85119843,0.9560352,0.9916159,0.8506885,0.9529447,0.99748105
2025-01-01 23:26:00,0.8497954,0.9514851,0.99466187,0.8424017,0.94529414,0.9997162,0.8544553,0.9572533,0.9848467,0.84876823,0.95266163,1.0024582,0.8570578,0.9428826,0.991457,0.8472209,0.9490822,1.000969,0.84354246,0.9442636,0.9893749,0.84687215,0.9498898,1.0007976,0.8443031,0.94570833,0.99238694,0.8512079,0.9560479,0.9916289,0.85069925,0.9529565,0.9974922
2025-01-01 23:27:00,0.8498076,0.9514995,0.9946751,0.8424136,0.9453078,0.9997261,0.854462,0.9572589,0.9848491,0.84876454,0.9526579,1.0024519,0.85704774,0.9428733,0.9914448,0.8472069,0.9490711,1.0009565,0.84353036,0.94425464,0.9893675,0.8468676,0.94988984,1.0007987,0.84430724,0.9457162,0.992396,0.85121787,0.95606065,0.9916418,0.8507104,0.9529684,0.9975034
2025-01-01 23:28:00,0.8498199,0.9515135,0.99468815,0.84242564,0.94532096,0.999736,0.85446864,0.95726424,0.9848513,0.84876114,0.9526539,1.0024456,0.85703766,0.94286364,0.99143267,0.84719306,0.94905955,1.000944,0.8435186,0.9442457,0.98936015,0.8468633,0.9498897,1.0007999,0.8443117,0.945724,0.99240506,0.85122824,0.9560734,0.9916549,0.8507219,0.95298034,0.99751455
2025-01-01 23:29:00,0.84983224,0.9515275,0.99470127,0.8424376,0.94533366,0.99974585,0.8544752,0.9572694,0.9848535,0.84875786,0.95264983,1.0024391,0.8570276,0.9428536,0.99142045,0.84717935,0.9490478,1.0009315,0.8435072,0.9442368,0.9893528,0.84685934,0.9498894,1.0008011,0.8443164,0.9457317,0.99241424,0.85123885,0.9560861,0.99166787,0.85073364,0.95299226,0.99752563
2025-01-01 23:30:00,0.8496805,0.9519603,0.99871653,0.8422893,0.9461943,1.000541,0.8545156,0.95758635,0.98909265,0.8480472,0.9526802,1.0031931,0.85681325,0.94338346,0.9933971,0.8466734,0.9495453,1.0016791,0.84282076,0.94414437,0.99149805,0.84622663,0.9501124,1.0015764,0.8437164,0.94569856,0.9943267,0.85039616,0.955911,0.9923735,0.8499536,0.9526351,0.9996624
2025-01-01 23:31:00,0.8495615,0.9523092,1.001331,0.84217316,0.9468851,1.0010613,0.85454917,0.9578407,0.9918488,0.8474782,0.9527035,1.0036808,0.8566398,0.94380504,0.9946776,0.84626603,0.94994074,1.0021605,0.8422696,0.9440687,0.9928899,0.8457199,0.95029056,1.0020809,0.84323746,0.9456736,0.99557316,0.8497245,0.95577353,0.99283683,0.8493321,0.9523518,1.0010551
2025-01-01 23:32:00,0.84946895,0.95259094,1.003035,0.84208256,0.94743985,1.0014029,0.85457724,0.95804495,0.993641,0.8470224,0.95272124,1.0039955,0.85649896,0.94414,0.9955056,0.8459375,0.9502545,1.0024693,0.8418267,0.9440064,0.9937921,0.8453139,0.950433,1.0024093,0.8428556,0.94565517,0.9963866,0.8491894,0.95566607,0.99314255,0.84883744,0.9521276,1.0019642
2025-01-01 23:33:00,0.84939736,0.9528189,1.0041472,0.8420125,0.9478859,1.0016282,0.85460085,0.9582092,0.9948066,0.8466573,0.9527345,1.0041977,0.8563843,0.94440573,0.9960395,0.845672,0.950503,1.0026656,0.84147024,0.94395477,0.9943761,0.8449885,0.9505468,1.0026234,0.8425512,0.945642,0.9969186,0.8487637,0.9555826,0.99334574,0.8484442,0.95195055,1.002559
2025-01-01 23:34:00,0.84934264,0.9530039,1.0048746,0.8419589,0.94824487,1.001778,0.85462093,0.95834136,0.9955648,0.84636456,0.952744,1.0043268,0.8562905,0.9446161,0.99638224,0.845457,0.9506991,1.0027888,0.84118307,0.94391185,0.9947533,0.84472775,0.95063776,1.002763,0.8423089,0.945633,0.9972677,0.8484256,0.9555184,0.9934825,0.84813225,0.9518113,1.0029494
2025-01-01 23:35:00,0.8493015,0.9531545,1.005352,0.84191835,0.94853425,1.0018787,0.85463816,0.9584478,0.9960583,0.8461299,0.9527507,1.0044084,0.8562134,0.94478196,0.9966007,0.8452824,0.95085347,1.0028646,0.84095126,0.9438757,0.9949961,0.84451854,0.9507105,1.0028545,0.84211624,0.9456274,0.9974979,0.8481575,0.9554696,0.9935759,0.84788525,0.95170236,1.003207
2025-01-01 23:36:00,0.84927106,0.95327765,1.005667,0.8418883,0.94876784,1.0019475,0.8546531,0.95853376,0.9963796,0.8459416,0.95275503,1.0044589,0.8561497,0.94491243,0.99673843,0.8451401,0.9509744,1.0029095,0.84076387,0.9438451,0.99515146,0.84435064,0.95076853,1.0029145,0.84196335,0.94562453,0.99765086,0.84794545,0.95543313,0.99364114,0.8476901,0.9516175,1.0033782
2025-01-01 23:37:00,0.84924924,0.9533787,1.0058762,0.8418667,0.94895697,1.0019956,0.85466623,0.9586032,0.99658906,0.8457903,0.95275754,1.0044894,0.8560967,0.9450145,0.9968236,0.8450236,0.95106846,1.0029343,0.84061193,0.9438189,0.9952501,0.8442158,0.9508149,1.002954,0.8418422,0.94562376,0.9977536,0.84777826,0.9554065,0.9936882,0.84753656,0.95155203,1.0034932
2025-01-01 23:38:00,0.84923434,0.95346224,1.0060169,0.8418518,0.9491103,1.0020301,0.85467786,0.9586595,0.99672574,0.84566873,0.9527585,1.0045067,0.85605216,0.9450938,0.9968746,0.84492785,0.95114124,1.0029463,0.8404883,0.9437963,0.9953118,0.8441075,0.9508519,1.0029805,0.84174657,0.9456248,0.9978238,0.84764683,0.9553877,0.99372333,0.84741616,0.951502,1.0035717
2025-01-01 23:39:00,0.849225,0.9535316,1.0061127,0.8418422,0.9492352,1.0020559,0.85468835,0.9587053,0.9968151,0.84557086,0.9527582,1.0045155,0.85601455,0.94515496,0.99690336,0.8448485,0.95119685,1.0029496,0.84038746,0.9437765,0.9953496,0.84402037,0.95088154,1.0029981,0.8416713,0.9456273,0.99787277,0.8475442,0.95537525,0.99375075,0.84732246,0.95146435,1.0036265
2025-01-01 23:40:00,0.84922,0.95358974,1.0061797,0.84183687,0.94933724,1.0020758,0.85469776,0.95874256,0.9968737,0.84549195,0.952757,1.0045189,0.85598236,0.9452016,0.9969178,0.84478253,0.9512388,1.0029476,0.8403048,0.94375896,0.9953718,0.84395015,0.95090514,1.0030105,0.8416123,0.94563085,0.99790794,0.84746444,0.9553678,0.9937731,0.8472499,0.9514366,1.0036658
2025-01-01 23:41:00,0.8492186,0.9536389,1.0062279,0.84183496,0.949421,1.002092,0.85470647,0.9587732,0.9969123,0.84542817,0.9527549,1.0045185,0.85595447,0.9452365,0.99692273,0.8447271,0.9512698,1.002942,0.8402366,0.9437433,0.995384,0.8438935,0.95092404,1.0030191,0.8415663,0.9456353,0.9979342,0.8474031,0.9553644,0.9937923,0.8471945,0.9514168,1.0036952
2025-01-01 23:42:00,0.8492201,0.9536808,1.0062636,0.8418358,0.9494902,1.0021058,0.8547145,0.9587982,0.9969378,0.8453765,0.9527522,1.0045156,0.85593003,0.9452622,0.99692166,0.84468013,0.951292,1.002934,0.84018016,0.9437291,0.9953895,0.84384775,0.9509391,1.0030254,0.84153086,0.9456405,0.9979547,0.84735644,0.95536435,0.99380934,0.8471526,0.9514032,1.0037179
2025-01-01 23:43:00,0.84922373,0.95371693,1.0062914,0.84183884,0.9495476,1.002118,0.8547221,0.958819,0.9969549,0.84533453,0.95274895,1.0045114,0.8559084,0.9452804,0.99691653,0.8446399,0.95130724,1.0029244,0.840133,0.9437161,0.9953909,0.8438106,0.9509512,1.0030303,0.8415038,0.94564635,0.9979714,0.84732157,0.9553668,0.99382496,0.8471216,0.9513946,1.0037365
2025-01-01 23:44:00,0.84922934,0.9537485,1.0063142,0.8418436,0.94959563,1.0021292,0.8547292,0.9588363,0.9969664,0.8453003,0.9527453,1.004506,0.85588896,0.9452925,0.9969088,0.8446051,0.95131683,1.002914,0.8400933,0.943704,0.9953895,0.8437806,0.9509609,1.0030341,0.8414834,0.94565266,0.9979857,0.847296,0.95537126,0.9938397,0.8470993,0.9513902,1.0037522
2025-01-01 23:45:00,0.8492363,0.95377636,1.0063335,0.84184974,0.94963616,1.0021396,0.8547359,0.9588508,0.9969743,0.84527224,0.9527413,1.0044999,0.8558713,0.94529986,0.9968994,0.84457463,0.9513219,1.002903,0.8400596,0.94369274,0.99538636,0.8437561,0.9509686,1.0030375,0.8414684,0.9456594,0.9979985,0.8472781,0.95537746,0.99385387,0.847084,0.95138896,1.0037662
2025-01-01 23:46:00,0.8492445,0.9538013,1.0063505,0.84185696,0.9496707,1.0021495,0.8547424,0.958863,0.99697983,0.84524906,0.952737,1.0044936,0.8558551,0.9453034,0.99688894,0.8445477,0.95132345,1.0028917,0.84003067,0.94368213,0.9953821,0.8437361,0.9509749,1.0030404,0.8414577,0.94566643,0.9980102,0.8472662,0.9553849,0.9938677,0.8470743,0.9513903,1.0037788
2025-01-01 23:47:00,0.84925354,0.95382386,1.0063661,0.84186506,0.94970036,1.0021591,0.8547486,0.9588734,0.9969838,0.84522986,0.9527324,1.0044867,0.85584,0.94530386,0.99687773,0.8445235,0.95132214,1.00288,0.84000564,0.943672,0.9953771,0.84371966,0.9509799,1.003043,0.84145045,0.94567376,0.9980213,0.8472591,0.9553935,0.9938812,0.8470689,0.95139366,1.0037909
2025-01-01 23:48:00,0.84926337,0.9538445,1.0063808,0.8418739,0.9497263,1.0021687,0.85475457,0.95888233,0.9969867,0.8452138,0.9527276,1.0044798,0.8558258,0.94530195,0.99686605,0.8445015,0.9513185,1.002868,0.8399837,0.9436623,0.9953717,0.8437062,0.950984,1.0030457,0.841446,0.94568133,0.998032,0.84725595,0.955403,0.99389464,0.8470671,0.9513987,1.0038023
2025-01-01 23:49:00,0.8492738,0.9538637,1.0063949,0.84188324,0.949749,1.0021778,0.8547604,0.9588901,0.99698895,0.84520024,0.95272267,1.0044726,0.85581225,0.945298,0.99685395,0.84448135,0.9513131,1.0028563,0.8399641,0.9436529,0.995366,0.843695,0.95098734,1.0030483,0.8414438,0.9456891,0.99804246,0.84725577,0.9554131,0.9939079,0.84706813,0.951405,1.0038133
2025-01-01 23:50:00,0.8492847,0.9538816,1.0064086,0.8418931,0.9497692,1.002187,0.85476613,0.9588969,0.99699074,0.8451886,0.95271754,1.0044652,0.85579926,0.94529253,0.9968418,0.8444626,0.95130616,1.0028442,0.83994657,0.94364387,0.99536014,0.8436857,0.9509901,1.0030508,0.8414433,0.94569695,0.9980528,0.84725815,0.9554238,0.9939211,0.84707147,0.9514124,1.0038241
2025-01-01 23:51:00,0.8492961,0.9538986,1.006422,0.8419032,0.94978756,1.002196,0.8547717,0.9589029,0.9969921,0.8451786,0.9527123,1.0044578,0.85578674,0.94528574,0.99682945,0.84444493,0.9512981,1.0028323,0.8399306,0.94363505,0.9953542,0.8436779,0.95099235,1.0030533,0.8414443,0.945705,0.99806297,0.84726256,0.955435,0.99393433,0.84707665,0.95142055,1.0038347
2025-01-01 23:52:00,0.8493078,0.9539148,1.0064354,0.84191364,0.9498042,1.002205,0.8547771,0.95890826,0.99699336,0.84516984,0.95270693,1.0044503,0.8557745,0.94527787,0.996817,0.84442824,0.9512891,1.0028203,0.83991593,0.9436264,0.99534816,0.8436713,0.9509943,1.0030558,0.8414465,0.94571316,0.99807316,0.8472685,0.9554464,0.99394745,0.8470833,0.9514294,1.0038452
2025-01-01 23:53:00,0.84931964,0.9539304,1.0064486,0.84192425,0.94981956,1.0022138,0.8547825,0.95891315,0.99699444,0.8451621,0.9527015,1.0044428,0.85576266,0.9452692,0.9968045,0.84441227,0.9512794,1.0028082,0.83990234,0.94361794,0.9953422,0.8436657,0.950996,1.0030583,0.8414496,0.94572145,0.99808335,0.84727573,0.95545816,0.9939606,0.847091,0.9514387,1.0038556
2025-01-01 23:54:00,0.84933174,0.95394546,1.0064616,0.84193504,0.9498339,1.0022228,0.85478777,0.9589176,0.99699533,0.84515506,0.95269597,1.0044351,0.8557509,0.9452599,0.99679196,0.8443968,0.95126903,1.0027962,0.8398896,0.9436096,0.9953362,0.8436609,0.9509974,1.0030609,0.84145343,0.9457298,0.9980934,0.84728396,0.9554702,0.99397373,0.84709966,0.9514485,1.003866
2025-01-01 23:55:00,0.8493441,0.9539602,1.0064747,0.84194595,0.94984746,1.0022315,0.8547929,0.95892173,0.9969961,0.8451487,0.9526903,1.0044274,0.85573936,0.94525003,0.9967793,0.8443819,0.95125824,1.0027841,0.8398774,0.9436014,0.9953302,0.8436568,0.9509987,1.0030636,0.841458,0.9457382,0.99810356,0.8472931,0.95548236,0.99398685,0.847109,0.95145863,1.0038763
2025-01-01 23:56:00,0.8493565,0.95397455,1.0064876,0.841957,0.9498603,1.0022403,0.854798,0.95892555,0.9969968,0.8451428,0.9526846,1.0044197,0.855728,0.9452398,0.9967667,0.8443673,0.9512471,1.0027722,0.8398659,0.9435933,0.9953243,0.84365314,0.95099986,1.0030663,0.84146297,0.9457467,0.99811375,0.8473029,0.95549476,0.994,0.84711903,0.95146894,1.0038865
2025-01-01 23:57:00,0.84936893,0.9539887,1.0065006,0.8419681,0.9498726,1.0022489,0.85480297,0.9589291,0.9969975,0.8451373,0.9526788,1.0044119,0.85571665,0.9452292,0.996754,0.8443531,0.95123565,1.0027602,0.8398549,0.94358534,0.9953184,0.8436499,0.951001,1.003069,0.8414684,0.94575524,0.99812394,0.84731317,0.9555072,0.9940131,0.84712946,0.95147943,1.0038966
2025-01-01 23:58:00,0.8493816,0.9540026,1.0065135,0.8419792,0.9498844,1.0022576,0.8548079,0.95893246,0.996998,0.84513205,0.9526729,1.0044041,0.8557053,0.94521827,0.9967413,0.84433913,0.951224,1.0027484,0.8398441,0.94357735,0.9953125,0.8436471,0.951002,1.0030719,0.8414741,0.94576395,0.9981342,0.8473239,0.9555198,0.9940262,0.8471403,0.95149016,1.0039068
2025-01-01 23:59:00,0.84939426,0.9540164,1.0065265,0.8419904,0.9498959,1.0022662,0.8548128,0.9589356,0.9969985,0.84512705,0.952667,1.0043962,0.8556941,0.9452071,0.9967286,0.84432524,0.9512121,1.0027363,0.8398337,0.94356954,0.99530673,0.8436446,0.951003,1.0030748,0.84148014,0.94577265,0.9981445,0.847335,0.95553243,0.9940393,0.84715134,0.95150095,1.0039169
