TIME,B_001_v000,B_001_v001,B_015_v000,B_015_v001,B_120_v000,B_120_v001,B_198_v000,B_198_v001,B_233_v000,B_233_v001,B_273_v000,B_273_v001,B_286_v000,B_286_v001,B_302_v000,B_302_v001,B_317_v000,B_317_v001,B_329_v000,B_329_v001,B_341_v000,B_341_v001
2025-01-01 00:01:00,0.7982963,0.89978695,0.8012838,0.9028012,0.80435324,0.89195275,0.7936113,0.89533865,0.79714274,0.89902925,0.80100137,0.90305996,0.7912033,0.8934273,0.7957254,0.8980892,0.80050796,0.90296984,0.80546135,0.8939684,0.7964764,0.89897066
2025-01-01 00:02:00,0.7982832,0.8997739,0.801271,0.90278924,0.80434227,0.89194316,0.79360336,0.89533263,0.7971388,0.89902747,0.80100185,0.90306264,0.79120815,0.8934341,0.795734,0.8980993,0.8005194,0.9029822,0.8054743,0.8939815,0.79648936,0.89898306
2025-01-01 00:03:00,0.79827017,0.89976084,0.8012583,0.90277725,0.8043314,0.8919337,0.7935955,0.8953267,0.7971349,0.89902574,0.8010023,0.9030653,0.7912129,0.8934409,0.7957426,0.89810944,0.8005308,0.90299445,0.80548716,0.8939946,0.7965023,0.8989954
2025-01-01 00:04:00,0.7982571,0.8997477,0.8012456,0.9027653,0.8043205,0.89192414,0.7935877,0.8953207,0.797131,0.899024,0.80100286,0.90306807,0.7912178,0.89344776,0.7957513,0.8981196,0.80054224,0.90300685,0.8055001,0.89400774,0.79651517,0.8990078
2025-01-01 00:05:00,0.79824406,0.8997347,0.80123293,0.90275335,0.80430967,0.8919147,0.7935799,0.8953149,0.7971272,0.8990224,0.80100346,0.90307087,0.79122275,0.8934547,0.79576,0.8981299,0.8005537,0.90301925,0.805513,0.89402086,0.7965281,0.89902014
2025-01-01 00:06:00,0.798231,0.8997216,0.8012203,0.90274143,0.8042988,0.8919053,0.7935722,0.89530903,0.7971235,0.89902085,0.8010041,0.9030737,0.79122776,0.89346164,0.7957687,0.89814013,0.80056524,0.90303165,0.80552596,0.89403397,0.796541,0.8990324
2025-01-01 00:07:00,0.79821795,0.89970857,0.80120766,0.9027296,0.8042881,0.89189595,0.7935645,0.89530325,0.7971198,0.8990193,0.8010048,0.90307665,0.79123276,0.8934687,0.7957775,0.89815044,0.80057675,0.90304404,0.8055389,0.8940471,0.79655385,0.8990447
2025-01-01 00:08:00,0.79820484,0.8996955,0.801195,0.9027177,0.8042773,0.89188665,0.79355687,0.8952975,0.79711616,0.8990179,0.8010056,0.9030796,0.79123783,0.8934757,0.7957863,0.89816076,0.8005883,0.90305644,0.8055519,0.8940602,0.7965668,0.89905703
2025-01-01 00:09:00,0.7981918,0.89968246,0.8011824,0.90270585,0.8042666,0.89187735,0.7935493,0.89529186,0.7971125,0.89901644,0.8010064,0.9030826,0.791243,0.8934828,0.7957952,0.8981711,0.8005999,0.9030689,0.8055648,0.8940733,0.7965796,0.89906925
2025-01-01 00:10:00,0.7981787,0.89966947,0.8011698,0.90269405,0.8042559,0.8918681,0.7935417,0.89528626,0.797109,0.8990151,0.8010073,0.9030857,0.7912482,0.89348996,0.7958041,0.89818156,0.80061144,0.90308136,0.8055778,0.89408636,0.7965925,0.89908147
2025-01-01 00:11:00,0.7981656,0.8996564,0.8011572,0.90268224,0.8042453,0.8918589,0.7935343,0.8952807,0.79710555,0.8990138,0.8010082,0.90308887,0.79125345,0.89349717,0.795813,0.898192,0.8006231,0.9030939,0.8055908,0.8940995,0.79660535,0.8990937
2025-01-01 00:12:00,0.7981525,0.8996434,0.8011446,0.9026705,0.8042346,0.89184976,0.7935268,0.8952752,0.79710215,0.8990126,0.80100924,0.903092,0.79125875,0.89350444,0.795822,0.8982025,0.80063474,0.9031064,0.8056038,0.8941126,0.79661816,0.8991059
2025-01-01 00:13:00,0.79813945,0.8996304,0.8011321,0.90265876,0.8042241,0.89184064,0.79351944,0.89526975,0.79709876,0.89901143,0.80101025,0.9030953,0.79126406,0.8935117,0.7958311,0.89821297,0.8006464,0.9031189,0.80561674,0.89412564,0.796631,0.89911807
2025-01-01 00:14:00,0.79812634,0.89961743,0.80111957,0.902647,0.8042135,0.8918315,0.7935121,0.8952643,0.7970955,0.8990103,0.8010114,0.9030986,0.7912695,0.8935191,0.79584014,0.8982235,0.80065817,0.9031314,0.8056298,0.89413875,0.7966438,0.8991302
2025-01-01 00:15:00,0.7981132,0.8996044,0.801107,0.90263534,0.80420303,0.8918225,0.7935048,0.89525896,0.7970922,0.8990093,0.8010126,0.903102,0.79127496,0.8935265,0.79584926,0.8982341,0.8006699,0.903144,0.8056428,0.89415187,0.7966566,0.8991424
2025-01-01 00:16:00,0.7981001,0.8995914,0.8010945,0.90262365,0.80419254,0.8918135,0.7934975,0.89525366,0.797089,0.8990083,0.80101377,0.9031054,0.79128045,0.89353395,0.79585844,0.89824474,0.80068165,0.9031566,0.80565584,0.894165,0.79666936,0.8991545
2025-01-01 00:17:00,0.798087,0.89957845,0.801082,0.90261203,0.8041821,0.8918046,0.7934903,0.8952484,0.7970859,0.8990073,0.8010151,0.90310884,0.791286,0.8935414,0.7958676,0.89825535,0.80069345,0.90316916,0.80566883,0.89417803,0.7966822,0.8991666
2025-01-01 00:18:00,0.7980739,0.89956546,0.80106956,0.90260047,0.8041717,0.89179564,0.79348314,0.8952432,0.7970828,0.8990064,0.8010164,0.90311235,0.7912916,0.8935489,0.79587686,0.8982661,0.80070525,0.90318173,0.8056819,0.89419115,0.7966949,0.8991786
2025-01-01 00:19:00,0.79806083,0.89955246,0.8010571,0.90258884,0.8041613,0.89178675,0.79347605,0.8952381,0.79707974,0.8990056,0.8010178,0.903116,0.7912973,0.89355654,0.79588616,0.89827675,0.8007171,0.90319437,0.8056949,0.8942042,0.7967077,0.89919066
2025-01-01 00:20:00,0.7980477,0.89953953,0.80104464,0.90257734,0.804151,0.89177793,0.793469,0.895233,0.79707676,0.8990048,0.80101925,0.90311956,0.791303,0.89356416,0.79589546,0.8982875,0.8007289,0.903207,0.80570793,0.89421725,0.7967204,0.8992027
2025-01-01 00:21:00,0.7980346,0.8995266,0.80103225,0.9025658,0.8041407,0.8917692,0.793462,0.89522797,0.79707384,0.8990041,0.80102074,0.90312326,0.79130876,0.8935718,0.7959048,0.89829826,0.80074084,0.90321964,0.805721,0.89423037,0.7967331,0.8992147
2025-01-01 00:22:00,0.7980215,0.89951366,0.80101985,0.9025543,0.8041304,0.8917604,0.793455,0.89522296,0.797071,0.89900345,0.80102235,0.903127,0.7913146,0.89357954,0.79591423,0.8983091,0.80075276,0.90323234,0.80573404,0.8942434,0.79674584,0.89922667
2025-01-01 00:23:00,0.7980084,0.8995007,0.80100745,0.90254277,0.8041201,0.8917517,0.7934481,0.895218,0.7970682,0.89900285,0.80102396,0.9031308,0.79132044,0.8935873,0.79592365,0.89831996,0.8007647,0.90324503,0.8057471,0.8942565,0.7967585,0.89923865
2025-01-01 00:24:00,0.79799527,0.8994878,0.8009951,0.9025314,0.80411,0.89174306,0.79344124,0.8952132,0.79706544,0.8990023,0.8010256,0.9031347,0.79132634,0.8935951,0.7959331,0.8983308,0.80077666,0.90325767,0.80576015,0.8942695,0.79677117,0.89925057
2025-01-01 00:25:00,0.79798216,0.89947486,0.8009828,0.90251994,0.8040998,0.8917344,0.7934344,0.89520836,0.79706275,0.89900184,0.80102736,0.9031386,0.79133236,0.89360297,0.79594266,0.8983417,0.80078864,0.9032704,0.80577326,0.8942826,0.79678386,0.8992624
2025-01-01 00:26:00,0.79796904,0.899462,0.80097044,0.90250856,0.80408967,0.89172584,0.79342765,0.89520353,0.79706013,0.8990014,0.80102915,0.9031426,0.7913384,0.8936109,0.79595226,0.8983527,0.8008006,0.9032831,0.8057863,0.89429563,0.79679644,0.89927435
2025-01-01 00:27:00,0.797956,0.8994491,0.80095816,0.90249723,0.8040796,0.8917174,0.7934209,0.8951988,0.7970575,0.89900106,0.801031,0.90314656,0.79134446,0.8936188,0.7959618,0.89836365,0.80081266,0.9032959,0.80579937,0.8943087,0.7968091,0.89928615
2025-01-01 00:28:00,0.7979429,0.89943624,0.8009459,0.90248585,0.8040695,0.89170885,0.79341424,0.8951942,0.797055,0.8990007,0.8010329,0.9031507,0.79135054,0.8936268,0.79597145,0.8983746,0.8008247,0.90330863,0.8058125,0.89432174,0.7968217,0.899298
2025-01-01 00:29:00,0.79792976,0.89942336,0.8009336,0.9024746,0.8040595,0.8917004,0.7934076,0.8951896,0.7970525,0.89900047,0.80103487,0.9031548,0.79135674,0.89363486,0.79598117,0.8983857,0.8008368,0.9033214,0.80582553,0.89433473,0.7968343,0.8993098
2025-01-01 00:30:00,0.79153407,0.9092095,0.79428595,0.90323323,0.7969845,0.8999404,0.7860559,0.89494884,0.7892972,0.90601593,0.7936292,0.9028265,0.7834368,0.9018355,0.78875506,0.8983483,0.79331934,0.9108663,0.79834884,0.8947871,0.78975105,0.90816736
2025-01-01 00:31:00,0.7873723,0.915566,0.7899607,0.9037224,0.79238224,0.9052934,0.78127503,0.8947908,0.78425545,0.9105759,0.78881633,0.9026146,0.7782911,0.90716875,0.7840615,0.8983279,0.7884373,0.91577506,0.7934935,0.8950856,0.7851513,0.91392887
2025-01-01 00:32:00,0.78466254,0.91969323,0.787145,0.9040365,0.78938735,0.90876997,0.7781653,0.8946866,0.7809776,0.91354,0.78568876,0.9024784,0.77494866,0.91063833,0.7810142,0.8983186,0.7852682,0.91897017,0.7903422,0.8952842,0.7821659,0.91767794
2025-01-01 00:33:00,0.7828966,0.92237145,0.78531057,0.9042368,0.7874372,0.9110269,0.7761417,0.8946173,0.7788462,0.9154666,0.78365666,0.90239143,0.77277833,0.91289645,0.7790369,0.89831644,0.78321254,0.92105156,0.7882984,0.89541787,0.78022975,0.92011887
2025-01-01 00:34:00,0.7817442,0.9241078,0.784114,0.9043631,0.78616625,0.9124911,0.77482414,0.8945708,0.77746004,0.916719,0.78233653,0.90233654,0.7713698,0.9143671,0.7777551,0.898319,0.78188074,0.9224088,0.78697455,0.89550924,0.77897555,0.9217096
2025-01-01 00:35:00,0.7809905,0.92523193,0.78333193,0.90444136,0.7853367,0.9134399,0.7739656,0.8945391,0.7765584,0.9175331,0.78147936,0.90230244,0.7704567,0.915326,0.7769254,0.8983246,0.7810193,0.9232957,0.78611857,0.8955732,0.77816474,0.9227476
2025-01-01 00:36:00,0.780496,0.9259582,0.78281933,0.90448827,0.7847941,0.9140539,0.7734054,0.89451706,0.7759716,0.9180624,0.78092307,0.9022818,0.76986545,0.9159522,0.7763896,0.8983322,0.78046364,0.92387664,0.7855668,0.89561933,0.77764213,0.92342645
2025-01-01 00:37:00,0.7801701,0.9264258,0.78248197,0.90451497,0.7844381,0.9144502,0.7730391,0.8945013,0.7755895,0.9184065,0.78056234,0.90227014,0.76948345,0.9163622,0.77604485,0.89834106,0.7801068,0.9242587,0.78521276,0.89565384,0.77730674,0.92387164
2025-01-01 00:38:00,0.7799536,0.92672527,0.78225845,0.9045285,0.78420323,0.914705,0.77279884,0.8944897,0.7753405,0.9186303,0.7803288,0.9022641,0.7692375,0.9166317,0.7758243,0.8983508,0.7798791,0.92451155,0.7849872,0.8956808,0.77709305,0.92416507
2025-01-01 00:39:00,0.77980834,0.92691547,0.78210896,0.9045334,0.7840473,0.91486776,0.7726406,0.8944807,0.775178,0.918776,0.7801779,0.902262,0.76908,0.9168099,0.77568454,0.8983611,0.77973545,0.9246804,0.7848452,0.8957029,0.7769585,0.92435986
2025-01-01 00:40:00,0.77970934,0.9270347,0.7820076,0.9045328,0.7839426,0.9149709,0.7725356,0.8944735,0.7750718,0.91887075,0.78008074,0.9022622,0.76898,0.9169287,0.77559716,0.8983718,0.77964634,0.9247947,0.78475744,0.89572173,0.7768754,0.92449045
2025-01-01 00:41:00,0.7796404,0.92710775,0.78193754,0.9045286,0.7838712,0.9150352,0.77246535,0.8944675,0.7750022,0.91893256,0.78001857,0.90226406,0.7689174,0.917009,0.775544,0.8983828,0.7795928,0.92487353,0.78470504,0.8957385,0.77682567,0.9245794
2025-01-01 00:42:00,0.779591,0.9271507,0.7818878,0.9045221,0.7838215,0.9150742,0.7724176,0.8944622,0.77495635,0.91897297,0.7799791,0.902267,0.7688792,0.9170642,0.775513,0.8983939,0.7795623,0.9249293,0.78467554,0.8957539,0.7767977,0.92464113
2025-01-01 00:43:00,0.77955437,0.92717427,0.7818513,0.9045141,0.7837859,0.91509694,0.7723845,0.89445746,0.774926,0.9189995,0.77995443,0.9022706,0.7688567,0.9171031,0.7754964,0.8984052,0.7795468,0.92497003,0.784661,0.89576846,0.7767838,0.92468524
2025-01-01 00:44:00,0.779526,0.9271852,0.78182346,0.9045051,0.7837595,0.915109,0.77236104,0.89445317,0.7749057,0.91901696,0.7799394,0.9022748,0.76884454,0.9171315,0.7754893,0.8984165,0.77954113,0.9250011,0.78465605,0.8957824,0.77677906,0.9247179
2025-01-01 00:45:00,0.779503,0.9271878,0.78180116,0.9044955,0.78373903,0.91511416,0.77234375,0.89444906,0.77489203,0.9190286,0.7799307,0.9022792,0.7688391,0.91715306,0.77548826,0.89842796,0.7795418,0.92502576,0.7846575,0.895796,0.77678037,0.9247431
2025-01-01 00:46:00,0.77948344,0.9271851,0.78178257,0.90448546,0.7837225,0.9151148,0.7723305,0.8944451,0.7748827,0.9190364,0.7799261,0.9022839,0.7688381,0.9171702,0.77549124,0.89843947,0.77954656,0.9250464,0.78466296,0.89580935,0.77678543,0.9247635
2025-01-01 00:47:00,0.77946615,0.9271789,0.7817663,0.9044752,0.7837086,0.9151126,0.7723199,0.8944413,0.7748761,0.9190418,0.7799242,0.9022888,0.76883996,0.9171845,0.7754968,0.898451,0.779554,0.9250643,0.7846711,0.89582247,0.776793,0.92478067
2025-01-01 00:48:00,0.77945036,0.9271705,0.7817516,0.90446484,0.78369623,0.91510856,0.7723111,0.8944376,0.77487135,0.9190456,0.7799241,0.90229386,0.76884365,0.9171968,0.77550405,0.8984626,0.77956325,0.9250805,0.784681,0.8958355,0.77680224,0.9247957
2025-01-01 00:49:00,0.7794355,0.9271607,0.7817379,0.9044544,0.783685,0.9151034,0.77230346,0.89443403,0.7748679,0.9190485,0.7799251,0.9022989,0.76884866,0.917208,0.77551246,0.89847416,0.7795736,0.92509556,0.78469205,0.8958485,0.7768125,0.9248094
2025-01-01 00:50:00,0.7794214,0.9271499,0.78172493,0.90444386,0.78367454,0.91509736,0.7722966,0.8944305,0.7748652,0.9190507,0.77992696,0.9023041,0.76885444,0.91721845,0.77552164,0.89848584,0.77958477,0.9251099,0.7847038,0.89586145,0.77682346,0.9248223
2025-01-01 00:51:00,0.7794076,0.92713845,0.7817124,0.9044333,0.7836645,0.91509086,0.7722902,0.89442706,0.7748631,0.9190525,0.7799292,0.90230936,0.7688607,0.9172284,0.77553123,0.89849746,0.7795963,0.9251238,0.78471595,0.8958743,0.7768348,0.9248345
2025-01-01 00:52:00,0.7793941,0.92712665,0.7817002,0.9044228,0.78365487,0.9150841,0.7722842,0.8944237,0.77486134,0.9190541,0.77993196,0.9023147,0.76886743,0.9172381,0.77554125,0.89850914,0.7796083,0.9251374,0.7847285,0.8958872,0.7768464,0.92484635
2025-01-01 00:53:00,0.7793808,0.9271146,0.78168815,0.9044123,0.78364545,0.9150772,0.7722785,0.89442044,0.77485985,0.9190556,0.77993494,0.90232015,0.76887435,0.9172476,0.77555144,0.8985209,0.77962047,0.92515075,0.7847413,0.8959,0.7768582,0.9248579
2025-01-01 00:54:00,0.7793676,0.9271024,0.78167623,0.90440184,0.7836362,0.91507024,0.7722729,0.89441717,0.77485853,0.919057,0.77993804,0.9023256,0.7688815,0.91725695,0.77556175,0.8985326,0.77963275,0.925164,0.7847541,0.89591277,0.77687013,0.9248693
2025-01-01 00:55:00,0.7793545,0.9270901,0.78166443,0.90439135,0.7836271,0.91506314,0.7722674,0.894414,0.77485734,0.9190583,0.77994126,0.9023311,0.7688888,0.9172663,0.7755722,0.8985444,0.77964514,0.9251772,0.78476703,0.8959256,0.77688205,0.92488056
2025-01-01 00:56:00,0.7793414,0.9270777,0.78165275,0.9043809,0.78361803,0.91505605,0.77226204,0.89441085,0.7748563,0.91905975,0.77994466,0.90233666,0.76889616,0.91727567,0.77558273,0.8985562,0.77965766,0.9251903,0.78478,0.89593834,0.7768941,0.92489177
2025-01-01 00:57:00,0.7793284,0.9270653,0.7816411,0.9043705,0.78360903,0.91504896,0.7722568,0.89440775,0.7748554,0.9190611,0.7799481,0.90234226,0.7689036,0.9172849,0.77559334,0.898568,0.7796702,0.92520344,0.784793,0.8959511,0.7769061,0.92490286
2025-01-01 00:58:00,0.77931535,0.9270529,0.78162944,0.9043601,0.7836001,0.9150419,0.7722516,0.89440477,0.7748545,0.9190626,0.77995163,0.9023479,0.7689112,0.91729426,0.775604,0.89857984,0.77968276,0.92521656,0.7848061,0.89596385,0.77691805,0.9249139
2025-01-01 00:59:00,0.7793024,0.9270406,0.7816179,0.9043498,0.7835913,0.9150349,0.7722465,0.8944018,0.7748537,0.91906404,0.77995527,0.90235364,0.7689188,0.9173036,0.77561474,0.8985917,0.7796954,0.9252296,0.7848191,0.8959766,0.7769301,0.9249249
2025-01-01 01:00:00,0.77260566,0.92245513,0.7746448,0.89974564,0.7762176,0.910121,0.7646425,0.8894119,0.76692754,0.9139146,0.772394,0.8973063,0.7609114,0.91222084,0.7683547,0.8937164,0.7721538,0.9200428,0.77742434,0.89126587,0.7699646,0.9202879
2025-01-01 01:01:00,0.7682483,0.9194703,0.7701083,0.8967494,0.7714216,0.9069246,0.75969815,0.8861675,0.7617754,0.91056806,0.7674805,0.89402765,0.7557093,0.90892035,0.76363957,0.8905517,0.76725626,0.9166759,0.77262235,0.8882083,0.7654411,0.9172776
2025-01-01 01:02:00,0.7654115,0.9175258,0.7671556,0.8947982,0.7683013,0.9048445,0.7564827,0.88405776,0.75842625,0.9083934,0.7642881,0.8918986,0.75233066,0.90677834,0.7605785,0.8884988,0.76407725,0.91449213,0.7695057,0.8862254,0.7625051,0.9153246
2025-01-01 01:03:00,0.76356304,0.91625756,0.7652323,0.89352643,0.76627004,0.9034901,0.75439095,0.8826855,0.7562492,0.9069806,0.7622145,0.8905168,0.7501374,0.90538937,0.7585926,0.88716865,0.76201534,0.9130772,0.76748437,0.8849409,0.7606008,0.91405904
2025-01-01 01:04:00,0.762357,0.91542894,0.7639782,0.89269626,0.76494676,0.90260744,0.75302964,0.8817926,0.754834,0.90606284,0.76086795,0.8896208,0.74871445,0.90448993,0.7573056,0.88630825,0.76067954,0.912162,0.7661751,0.8841104,0.75936717,0.91324013
2025-01-01 01:05:00,0.7615686,0.914886,0.76315904,0.8921531,0.7640836,0.9020313,0.7521432,0.88121134,0.753914,0.905467,0.75999415,0.8890405,0.7477924,0.90390867,0.75647295,0.88575315,0.7598158,0.91157174,0.7653286,0.88357496,0.7585695,0.9127116
2025-01-01 01:06:00,0.76105165,0.9145288,0.7626227,0.8917965,0.76351964,0.90165454,0.7515654,0.8808326,0.7533159,0.9050803,0.75942767,0.8886655,0.7471959,0.90353423,0.75593555,0.8853966,0.7592588,0.91119266,0.7647829,0.88323134,0.7580551,0.9123718
2025-01-01 01:07:00,0.7607111,0.91429234,0.7622701,0.8915613,0.76315016,0.90140736,0.7511882,0.8805856,0.7529271,0.90482974,0.75906086,0.8884239,0.746811,0.90329427,0.75559014,0.88516915,0.75890124,0.9109508,0.7644328,0.8830124,0.7577249,0.9121547
2025-01-01 01:08:00,0.7604853,0.9141344,0.7620369,0.8914049,0.762907,0.9012444,0.75094146,0.88042426,0.75267434,0.90466756,0.75882393,0.88826907,0.7465636,0.9031417,0.7553695,0.88502544,0.7586733,0.9107982,0.7642098,0.8828745,0.7575143,0.9120172
2025-01-01 01:09:00,0.76033396,0.9140274,0.7618815,0.8912998,0.76274616,0.9011362,0.7507795,0.8803185,0.75250995,0.9045629,0.75867146,0.88817066,0.7464057,0.9030459,0.75522995,0.88493633,0.7585296,0.91070354,0.7640694,0.88278925,0.7573816,0.9119316
2025-01-01 01:10:00,0.7602311,0.9139536,0.7617765,0.891228,0.76263857,0.9010636,0.7506727,0.8802491,0.75240314,0.90449566,0.75857383,0.8881089,0.74630594,0.9029871,0.7551432,0.8848826,0.75844073,0.9106467,0.7639827,0.88273823,0.7572994,0.9118796
2025-01-01 01:11:00,0.7601598,0.91390145,0.7617044,0.89117795,0.76256585,0.9010142,0.75060177,0.8802031,0.7523337,0.90445274,0.7585119,0.888071,0.74624395,0.9029523,0.7550907,0.884852,0.7583874,0.9106143,0.76393086,0.88270944,0.75725013,0.9118495
2025-01-01 01:12:00,0.76010895,0.91386324,0.76165366,0.8911419,0.7625157,0.9009799,0.75055414,0.88017255,0.7522886,0.9044256,0.7584732,0.8880487,0.7462066,0.9029332,0.75506055,0.8848364,0.7583572,0.9105978,0.7639017,0.88269514,0.7572221,0.91183364
2025-01-01 01:13:00,0.76007146,0.91383415,0.76161677,0.89111507,0.76248026,0.9009553,0.7505217,0.8801519,0.7522593,0.9044088,0.7584497,0.8880364,0.74618524,0.90292424,0.7550448,0.8848305,0.75834215,0.91059166,0.7638873,0.8826902,0.757208,0.91182697
2025-01-01 01:14:00,0.7600426,0.9138111,0.7615889,0.89109427,0.7624544,0.9009372,0.7504992,0.8801378,0.7522403,0.90439874,0.75843596,0.8880307,0.74617434,0.9029219,0.75503856,0.88483095,0.7583368,0.91059226,0.76388246,0.8826913,0.7572029,0.91182625
2025-01-01 01:15:00,0.76001936,0.91379184,0.76156694,0.8910774,0.7624347,0.9009233,0.7504831,0.88012797,0.7522281,0.904393,0.75842863,0.8880294,0.74617016,0.90292394,0.75503844,0.88483554,0.7583378,0.91059726,0.7638838,0.88269645,0.7572036,0.9118294
2025-01-01 01:16:00,0.75999975,0.9137751,0.76154876,0.89106303,0.7624192,0.9009121,0.75047123,0.8801209,0.7522202,0.9043903,0.75842553,0.8880308,0.74617046,0.9029287,0.7550423,0.8848429,0.75834304,0.9106051,0.7638893,0.88270414,0.7572081,0.9118351
2025-01-01 01:17:00,0.7599826,0.91375995,0.76153314,0.8910503,0.7624063,0.9009027,0.75046206,0.8801156,0.7522153,0.9043894,0.7584252,0.8880341,0.7461736,0.9029354,0.7550488,0.88485193,0.7583509,0.9106148,0.7638974,0.8827135,0.7572151,0.9118424
2025-01-01 01:18:00,0.759967,0.91374594,0.7615192,0.8910387,0.76239514,0.9008945,0.7504547,0.8801116,0.7522122,0.9043897,0.7584266,0.88803864,0.7461786,0.90294325,0.75505704,0.88486207,0.75836056,0.91062564,0.7639072,0.88272387,0.75722367,0.9118507
2025-01-01 01:19:00,0.7599524,0.91373265,0.76150626,0.8910278,0.7623852,0.9008871,0.7504486,0.88010836,0.75221044,0.9043909,0.7584292,0.88804394,0.74618495,0.9029519,0.7550664,0.88487303,0.7583714,0.9106373,0.76391804,0.88273495,0.7572332,0.9118597
2025-01-01 01:20:00,0.7599385,0.91371983,0.76149404,0.89101744,0.76237595,0.90088016,0.7504432,0.8801057,0.7522094,0.90439254,0.7584326,0.88804984,0.7461921,0.90296113,0.75507647,0.8848845,0.7583829,0.9106495,0.76392967,0.88274646,0.75724345,0.9118691
2025-01-01 01:21:00,0.75992507,0.9137073,0.76148236,0.89100736,0.76236725,0.9008736,0.75043845,0.88010335,0.75220895,0.9043946,0.75843656,0.88805604,0.7461998,0.90297073,0.755087,0.8848962,0.75839496,0.910662,0.7639417,0.8827583,0.75725406,0.91187876
2025-01-01 01:22:00,0.75991184,0.91369504,0.7614709,0.8909975,0.76235884,0.90086734,0.750434,0.88010126,0.7522089,0.904397,0.75844085,0.88806254,0.74620783,0.9029805,0.755098,0.8849082,0.75840724,0.9106747,0.7639541,0.8827703,0.757265,0.9118886
2025-01-01 01:23:00,0.7598988,0.9136828,0.7614597,0.8909879,0.76235074,0.9008612,0.75042987,0.8800994,0.7522091,0.9043996,0.75844544,0.8880692,0.7462161,0.9029905,0.7551091,0.88492036,0.7584199,0.9106875,0.7639666,0.8827824,0.757276,0.9118985
2025-01-01 01:24:00,0.75988585,0.91367084,0.76144874,0.89097834,0.7623428,0.90085524,0.7504259,0.8800977,0.75220954,0.90440226,0.7584502,0.888076,0.7462246,0.9030006,0.75512034,0.8849326,0.75843257,0.91070044,0.7639793,0.88279456,0.75728714,0.9119085
2025-01-01 01:25:00,0.7598731,0.9136588,0.76143783,0.89096886,0.76233494,0.90084934,0.750422,0.8800961,0.7522101,0.90440506,0.7584551,0.88808286,0.74623317,0.9030108,0.75513166,0.88494486,0.7584453,0.91071343,0.763992,0.8828067,0.75729835,0.91191846
2025-01-01 01:26:00,0.7598604,0.9136469,0.761427,0.8909595,0.7623272,0.90084356,0.75041825,0.8800945,0.75221074,0.904408,0.75846004,0.8880899,0.7462419,0.9030211,0.7551431,0.88495725,0.75845814,0.9107265,0.76400477,0.88281894,0.75730956,0.9119284
2025-01-01 01:27:00,0.7598477,0.913635,0.7614162,0.89095014,0.76231956,0.9008379,0.7504146,0.8800931,0.7522115,0.90441096,0.7584652,0.888097,0.74625075,0.9030314,0.75515467,0.88496965,0.7584711,0.91073954,0.7640176,0.8828311,0.7573208,0.91193837
2025-01-01 01:28:00,0.75983506,0.9136232,0.76140547,0.8909409,0.762312,0.9008323,0.75041103,0.8800918,0.75221235,0.90441406,0.7584703,0.88810414,0.74625957,0.9030418,0.7551662,0.8849821,0.75848395,0.9107526,0.76403034,0.8828433,0.757332,0.9119483
2025-01-01 01:29:00,0.7598225,0.9136114,0.76139486,0.8909317,0.7623045,0.9008267,0.7504076,0.8800905,0.7522133,0.9044172,0.75847554,0.88811135,0.7462685,0.9030523,0.75517786,0.8849946,0.75849694,0.9107657,0.7640432,0.88285553,0.75734323,0.9119583
2025-01-01 01:30:00,0.7529436,0.90873015,0.75422007,0.8860362,0.75476307,0.89572054,0.7426862,0.8748679,0.74425685,0.8991085,0.7508928,0.8828917,0.7383158,0.89789736,0.7480126,0.8800229,0.7510648,0.9056026,0.75686145,0.87810713,0.75061905,0.90738404
2025-01-01 01:31:00,0.7484679,0.9055532,0.7495527,0.88285106,0.74985856,0.89239967,0.7376662,0.87147284,0.73908556,0.8956591,0.74596596,0.8795015,0.7331498,0.8945503,0.74335927,0.8767956,0.7462384,0.9022511,0.7521978,0.87502486,0.7462522,0.90441424
2025-01-01 01:32:00,0.7455543,0.90348417,0.7465153,0.8807775,0.7466681,0.89023924,0.73440206,0.86926574,0.7357247,0.89341813,0.7427654,0.8773005,0.7297951,0.8923785,0.7403387,0.8747023,0.7431058,0.90007716,0.7491709,0.87302566,0.7434176,0.9024872
2025-01-01 01:33:00,0.7436561,0.9021352,0.7445373,0.87942654,0.7445917,0.8888331,0.7322793,0.86783075,0.7335405,0.8919627,0.740687,0.8758725,0.7276178,0.8909706,0.7383795,0.87334603,0.74107426,0.89866877,0.7472079,0.8717304,0.74157906,0.9012381
2025-01-01 01:34:00,0.7424179,0.9012543,0.743248,0.8785453,0.74323964,0.88791734,0.73089844,0.86689776,0.7321213,0.891018,0.739338,0.8749469,0.72620577,0.8900591,0.73711014,0.8724689,0.73975825,0.8977579,0.74593633,0.8708927,0.74038786,0.90042955
2025-01-01 01:35:00,0.74160874,0.9006777,0.7424063,0.8779694,0.74235827,0.8873203,0.7299998,0.866291,0.7311993,0.8904051,0.73846316,0.87434787,0.72529113,0.88947046,0.73628914,0.8719031,0.73890746,0.8971703,0.7451143,0.8703524,0.7396174,0.8999073
2025-01-01 01:36:00,0.74107844,0.9002988,0.7418556,0.8775919,0.7417829,0.8869304,0.7294146,0.8658963,0.7306005,0.8900081,0.7378965,0.8739612,0.7246999,0.88909155,0.73575974,0.87153983,0.7383589,0.896793,0.74458444,0.8700054,0.7391205,0.8995713
2025-01-01 01:37:00,0.7407294,0.9000485,0.74149406,0.87734354,0.7414065,0.88667524,0.72903323,0.86563957,0.7302118,0.88975126,0.7375302,0.87371254,0.7243189,0.8888491,0.73541975,0.8713081,0.738007,0.8965523,0.7442445,0.8697841,0.73880124,0.8993562
2025-01-01 01:38:00,0.7404981,0.8998818,0.74125546,0.877179,0.7411594,0.8865076,0.7287843,0.8654724,0.7299597,0.8895856,0.73729414,0.87355363,0.72407454,0.8886952,0.73520285,0.8711619,0.73778284,0.89640045,0.744028,0.8696444,0.7385976,0.8992197
2025-01-01 01:39:00,0.7403435,0.8997694,0.74109674,0.87706906,0.7409963,0.88639694,0.72862154,0.86536354,0.7297964,0.8894793,0.73714274,0.8734531,0.72391903,0.888599,0.7350661,0.87107134,0.7376417,0.89630634,0.7438917,0.8695578,0.738469,0.8991343
2025-01-01 01:40:00,0.74023867,0.89969236,0.74099,0.8769945,0.7408879,0.88632333,0.7285148,0.86529255,0.7296909,0.8894115,0.7370464,0.87339044,0.7238213,0.88854027,0.7349814,0.87101686,0.7375545,0.8962497,0.74380755,0.86950564,0.73838925,0.89908206
2025-01-01 01:41:00,0.74016625,0.8996383,0.7409171,0.87694305,0.7408151,0.88627374,0.7284445,0.8652463,0.7296229,0.88936883,0.73698586,0.87335247,0.723761,0.88850594,0.7349305,0.8709859,0.7375024,0.89621747,0.7437573,0.8694759,0.73834115,0.8990514
2025-01-01 01:42:00,0.7401148,0.89959913,0.7408661,0.87690663,0.74076533,0.8862398,0.7283979,0.86521614,0.72957927,0.8893425,0.73694867,0.8733306,0.7237252,0.8884874,0.73490167,0.8709703,0.7374731,0.8962011,0.743729,0.8694608,0.7383137,0.89903474
2025-01-01 01:43:00,0.7400771,0.8995697,0.7408295,0.87688,0.7407307,0.88621616,0.7283667,0.86519635,0.7295516,0.8893268,0.73692656,0.87331915,0.7237053,0.88847923,0.7348871,0.8709646,0.73745865,0.896195,0.7437151,0.8694551,0.73829955,0.8990272
2025-01-01 01:44:00,0.7400482,0.8995466,0.74080217,0.87685966,0.74070585,0.8861992,0.72834545,0.86518335,0.72953427,0.889318,0.7369144,0.8733145,0.72369576,0.8884778,0.7348819,0.87096536,0.7374538,0.8961956,0.74371046,0.8694556,0.7382941,0.8990255
2025-01-01 01:45:00,0.7400252,0.89952767,0.7407809,0.8768435,0.7406874,0.8861865,0.72833085,0.8651748,0.7295237,0.88931376,0.73690856,0.87331426,0.7236929,0.8884807,0.7348827,0.87097025,0.73745525,0.8962006,0.7437118,0.8694599,0.73829436,0.89902765
2025-01-01 01:46:00,0.74000597,0.8995114,0.74076355,0.8768301,0.74067307,0.8861766,0.7283205,0.86516917,0.7295176,0.88931245,0.736907,0.87331694,0.7236945,0.8884865,0.7348875,0.87097794,0.7374608,0.89620835,0.74371713,0.86946696,0.7382982,0.8990323
2025-01-01 01:47:00,0.73998916,0.89949685,0.7407488,0.8768184,0.74066144,0.88616866,0.72831297,0.8651655,0.72951436,0.88931304,0.7369082,0.87332153,0.7236989,0.88849413,0.7348949,0.8709875,0.73746896,0.896218,0.743725,0.8694756,0.7383044,0.8990385
2025-01-01 01:48:00,0.739974,0.89948356,0.7407358,0.876808,0.74065167,0.8861619,0.72830725,0.8651631,0.729513,0.88931495,0.7369112,0.87332743,0.72370523,0.888503,0.7349039,0.8709981,0.73747885,0.8962288,0.7437345,0.8694853,0.7383122,0.89904565
2025-01-01 01:49:00,0.7399599,0.8994709,0.74072385,0.8767983,0.7406431,0.886156,0.7283027,0.86516154,0.7295129,0.88931775,0.73691535,0.8733341,0.7237128,0.8885127,0.73491395,0.87100947,0.7374898,0.89624035,0.74374497,0.86949575,0.7383208,0.8990536
2025-01-01 01:50:00,0.7399465,0.8994588,0.74071264,0.87678903,0.7406353,0.88615066,0.7282991,0.8651605,0.7295136,0.8893211,0.73692036,0.8733413,0.7237211,0.88852286,0.7349248,0.8710214,0.7375016,0.8962524,0.74375623,0.8695066,0.73833025,0.89906186
2025-01-01 01:51:00,0.73993343,0.8994471,0.740702,0.8767802,0.74062794,0.88614565,0.7282959,0.86515987,0.72951484,0.88932484,0.73692584,0.87334895,0.72372997,0.8885334,0.7349361,0.8710336,0.73751384,0.8962648,0.7437679,0.86951774,0.73833996,0.8990704
2025-01-01 01:52:00,0.7399208,0.8994356,0.7406916,0.8767716,0.740621,0.88614094,0.7282932,0.8651595,0.7295165,0.88932884,0.7369316,0.8733568,0.72373927,0.8885442,0.73494774,0.87104607,0.7375264,0.89627737,0.7437799,0.86952907,0.7383499,0.899079
2025-01-01 01:53:00,0.7399083,0.89942425,0.74068147,0.8767632,0.7406143,0.8861364,0.7282906,0.86515933,0.72951835,0.889333,0.73693776,0.87336487,0.72374874,0.8885551,0.7349596,0.8710587,0.7375392,0.8962901,0.74379206,0.8695405,0.73836005,0.8990877
2025-01-01 01:54:00,0.739896,0.899413,0.74067146,0.87675494,0.7406078,0.886132,0.7282883,0.8651593,0.72952044,0.88933736,0.7369441,0.8733731,0.72375846,0.8885662,0.7349716,0.87107134,0.737552,0.89630294,0.7438043,0.86955196,0.73837024,0.89909655
2025-01-01 01:55:00,0.7398838,0.8994018,0.7406617,0.8767468,0.7406014,0.8861277,0.72828615,0.8651594,0.7295227,0.8893418,0.73695046,0.8733814,0.7237683,0.88857734,0.73498374,0.8710841,0.7375649,0.89631575,0.7438166,0.8695634,0.7383805,0.8991053
2025-01-01 01:56:00,0.73987156,0.8993907,0.74065185,0.87673867,0.74059516,0.88612354,0.72828406,0.8651596,0.729525,0.88934636,0.736957,0.8733898,0.7237782,0.8885886,0.7349959,0.8710969,0.7375779,0.8963287,0.74382895,0.8695749,0.7383908,0.89911413
2025-01-01 01:57:00,0.73985946,0.8993797,0.7406422,0.8767306,0.74058896,0.8861194,0.7282821,0.86515987,0.72952753,0.88935095,0.7369636,0.8733982,0.7237882,0.8885999,0.7350081,0.8711097,0.73759097,0.89634156,0.74384135,0.8695864,0.73840106,0.8991229
2025-01-01 01:58:00,0.7398474,0.8993687,0.74063253,0.8767227,0.7405828,0.88611543,0.7282802,0.8651602,0.7295301,0.8893557,0.7369703,0.8734067,0.7237982,0.8886112,0.73502034,0.8711226,0.737604,0.8963545,0.7438537,0.8695979,0.73841125,0.8991316
2025-01-01 01:59:00,0.7398354,0.89935774,0.740623,0.87671477,0.74057686,0.88611144,0.72827846,0.8651607,0.7295327,0.8893605,0.73697704,0.8734153,0.72380835,0.88862264,0.7350327,0.87113553,0.73761714,0.89636743,0.743866,0.8696094,0.73842156,0.89914036
2025-01-01 02:00:00,0.73289853,0.8942691,0.7333761,0.8716167,0.73300374,0.8809052,0.72057927,0.8597997,0.7216899,0.88398856,0.7295098,0.86811775,0.716054,0.8834888,0.7280918,0.86615735,0.73042876,0.89132124,0.7370272,0.86490905,0.73206013,0.8947116
2025-01-01 02:01:00,0.72838545,0.8909577,0.7286623,0.8683003,0.72807914,0.8775198,0.71557426,0.85631526,0.71659297,0.8804986,0.72465855,0.86467737,0.71101725,0.88015586,0.7235846,0.86292607,0.7257609,0.8880457,0.73258626,0.86185783,0.72792876,0.8918359
2025-01-01 02:02:00,0.7254478,0.8888015,0.7255951,0.866142,0.72487617,0.87531805,0.71232045,0.8540507,0.713281,0.8782318,0.72150767,0.8624442,0.707747,0.87799346,0.7206592,0.8608302,0.7227313,0.8859211,0.72970396,0.8598785,0.72524685,0.8899697
2025-01-01 02:03:00,0.7235341,0.8873963,0.7235981,0.86473644,0.72279227,0.87388563,0.71020496,0.85257894,0.71112925,0.87676024,0.71946204,0.86099577,0.7056249,0.876592,0.71876204,0.85947245,0.7207667,0.8845447,0.72783476,0.8585959,0.7235071,0.8887597
2025-01-01 02:04:00,0.7222861,0.8864791,0.72229683,0.86382014,0.7214357,0.8729533,0.7088294,0.8516226,0.70973176,0.87580556,0.7181349,0.8600574,0.7042492,0.8756851,0.7175333,0.8585945,0.71949434,0.8836545,0.7266241,0.85776615,0.72237986,0.8879761
2025-01-01 02:05:00,0.7214708,0.88587916,0.72144777,0.86322194,0.720552,0.8723461,0.70793486,0.85100126,0.7088244,0.87518674,0.7172747,0.8594506,0.70335865,0.8750996,0.71673894,0.8580283,0.71867186,0.88308036,0.7258414,0.8572308,0.7216506,0.88746965
2025-01-01 02:06:00,0.72093666,0.88548553,0.7208927,0.86283046,0.71997565,0.87195015,0.70735294,0.85059774,0.70823574,0.87478644,0.7167182,0.8590593,0.70278347,0.8747232,0.716227,0.8576649,0.71814185,0.8827117,0.7253369,0.8568867,0.72118,0.88714343
2025-01-01 02:07:00,0.72058535,0.8852259,0.7205287,0.8625734,0.71959907,0.8716916,0.70697427,0.85033584,0.7078542,0.87452805,0.71635896,0.8588081,0.70241326,0.8744826,0.71589863,0.85743314,0.7178019,0.8824765,0.7250133,0.8566669,0.72087765,0.8869343
2025-01-01 02:08:00,0.7203529,0.88505346,0.7202889,0.86240375,0.7193524,0.87152237,0.7067277,0.850166,0.7076074,0.874362,0.716128,0.85864794,0.7021763,0.8743302,0.7156896,0.8572871,0.71758556,0.88232815,0.72480726,0.85652804,0.7206845,0.88680124
2025-01-01 02:09:00,0.7201978,0.8849377,0.72012985,0.86229086,0.7191902,0.8714112,0.70656705,0.850056,0.7074481,0.87425596,0.71598047,0.85854703,0.70202595,0.87423533,0.71555805,0.8571967,0.7174494,0.8822362,0.7246775,0.8564416,0.72056246,0.8867176
2025-01-01 02:10:00,0.72009283,0.8848588,0.7200233,0.8622149,0.71908283,0.87133783,0.7064623,0.8499848,0.7073457,0.8741889,0.7158872,0.8584847,0.70193195,0.87417775,0.715477,0.8571425,0.7173656,0.88218087,0.72459745,0.8563894,0.7204865,0.8866661
2025-01-01 02:11:00,0.7200205,0.88480383,0.71995085,0.86216307,0.71901125,0.87128896,0.70639384,0.84993905,0.7072804,0.8741473,0.71582913,0.8584474,0.70187455,0.8741445,0.7154287,0.8571119,0.71731573,0.8821494,0.72454965,0.8563593,0.72044057,0.8866355
2025-01-01 02:12:00,0.7199694,0.88476443,0.71990067,0.8621268,0.71896285,0.8712562,0.706349,0.8499097,0.70723915,0.87412214,0.715794,0.85842633,0.70184094,0.874127,0.71540165,0.8570965,0.71728784,0.88213336,0.72452277,0.85634357,0.72041404,0.8866184
2025-01-01 02:13:00,0.7199322,0.88473517,0.7198649,0.8621008,0.7189296,0.87123376,0.7063196,0.8498911,0.7072135,0.8741078,0.7157738,0.8584159,0.7018229,0.8741197,0.7153886,0.857091,0.7172743,0.88212746,0.72450954,0.85633725,0.7204003,0.88661015
2025-01-01 02:14:00,0.71990395,0.8847125,0.71983856,0.86208135,0.7189062,0.8712181,0.7063002,0.84987956,0.7071982,0.87410045,0.7157634,0.8584123,0.7018149,0.8741191,0.7153845,0.8570921,0.7172701,0.88212806,0.7245052,0.85633695,0.7203946,0.8866075
2025-01-01 02:15:00,0.7198815,0.8846942,0.7198184,0.86206627,0.71888924,0.87120694,0.70628726,0.8498726,0.7071895,0.87409765,0.7157593,0.8584133,0.70181346,0.87412286,0.7153862,0.85709727,0.71727186,0.88213295,0.7245065,0.8563406,0.7203943,0.88660854
2025-01-01 02:16:00,0.7198629,0.8846787,0.7198022,0.862054,0.7188764,0.8711986,0.7062787,0.84986854,0.7071851,0.8740979,0.7157593,0.85841715,0.7018163,0.87412953,0.71539176,0.85710526,0.71727765,0.8821406,0.72451156,0.8563468,0.7203975,0.886612
2025-01-01 02:17:00,0.7198467,0.884665,0.7197886,0.8620436,0.7188663,0.8711922,0.70627284,0.8498665,0.7071836,0.8741001,0.71576196,0.858423,0.7018219,0.874138,0.7153998,0.85711503,0.717286,0.88215,0.7245191,0.85635465,0.72040284,0.886617
2025-01-01 02:18:00,0.71983224,0.8846525,0.71977675,0.8620344,0.718858,0.87118715,0.7062688,0.84986573,0.70718396,0.87410355,0.7157665,0.8584301,0.7018294,0.8741477,0.7154095,0.85712594,0.71729594,0.88216054,0.72452813,0.85636353,0.7204097,0.88662297
2025-01-01 02:19:00,0.71981883,0.8846408,0.71976596,0.86202604,0.718851,0.8711828,0.706266,0.8498658,0.7071855,0.8741079,0.7157721,0.858438,0.7018381,0.87415814,0.7154202,0.8571376,0.717307,0.8821718,0.7245382,0.85637313,0.7204174,0.8866296
2025-01-01 02:20:00,0.71980613,0.8846297,0.719756,0.8620182,0.71884465,0.87117904,0.7062641,0.8498665,0.7071879,0.87411284,0.7157785,0.85844654,0.7018475,0.8741692,0.71543163,0.8571498,0.7173188,0.8821836,0.7245489,0.85638314,0.72042567,0.88663656
2025-01-01 02:21:00,0.71979386,0.88461894,0.7197465,0.8620108,0.71883893,0.8711757,0.70626265,0.8498675,0.7071909,0.8741181,0.71578544,0.85845536,0.7018575,0.87418056,0.7154435,0.8571623,0.717331,0.88219565,0.72456,0.85639346,0.72043437,0.88664377
2025-01-01 02:22:00,0.71978194,0.8846084,0.71973735,0.86200356,0.7188335,0.8711726,0.7062616,0.8498689,0.7071942,0.8741237,0.7157928,0.8584645,0.70186776,0.8741921,0.71545565,0.85717493,0.71734345,0.8822079,0.7245714,0.8564039,0.72044325,0.8866511
2025-01-01 02:23:00,0.7197702,0.884598,0.71972847,0.86199653,0.7188284,0.87116975,0.70626074,0.8498704,0.7071978,0.8741294,0.71580034,0.8584738,0.7018783,0.87420386,0.71546805,0.85718775,0.71735615,0.8822203,0.7245829,0.8564144,0.7204523,0.8866586
2025-01-01 02:24:00,0.7197586,0.88458776,0.7197197,0.8619897,0.71882343,0.871167,0.70626014,0.84987205,0.70720154,0.8741353,0.7158081,0.85848325,0.7018891,0.8742157,0.71548057,0.8572007,0.71736896,0.8822328,0.7245946,0.8564249,0.7204614,0.88666606
2025-01-01 02:25:00,0.7197472,0.8845776,0.71971107,0.8619829,0.7188186,0.8711644,0.70625967,0.8498739,0.7072055,0.87414134,0.7158159,0.8584928,0.7018999,0.87422764,0.7154932,0.8572136,0.7173819,0.88224524,0.7246063,0.85643554,0.72047055,0.8866735
2025-01-01 02:26:00,0.7197358,0.88456756,0.7197025,0.8619762,0.7188139,0.8711619,0.7062593,0.8498758,0.70720947,0.8741475,0.7158238,0.8585024,0.7019108,0.8742397,0.71550584,0.8572266,0.71739477,0.88225776,0.72461796,0.85644615,0.72047967,0.88668096
2025-01-01 02:27:00,0.7197245,0.8845575,0.7196941,0.8619696,0.7188093,0.87115943,0.7062591,0.8498778,0.70721364,0.8741537,0.7158319,0.85851204,0.7019218,0.8742517,0.7155186,0.85723966,0.71740776,0.8822703,0.7246297,0.8564567,0.7204888,0.88668835
2025-01-01 02:28:00,0.71971315,0.8845476,0.7196857,0.8619631,0.7188047,0.87115705,0.7062589,0.84987986,0.7072178,0.87415993,0.71584,0.8585218,0.7019329,0.8742638,0.71553135,0.8572528,0.7174207,0.88228285,0.7246414,0.8564673,0.72049785,0.88669574
2025-01-01 02:29:00,0.71970195,0.8845377,0.7196774,0.86195666,0.7188003,0.8711548,0.70625883,0.849882,0.70722216,0.87416625,0.71584815,0.8585316,0.701944,0.874276,0.7155441,0.85726583,0.7174337,0.8822954,0.72465307,0.85647786,0.7205069,0.88670313
2025-01-01 02:30:00,0.7128302,0.87933177,0.71248686,0.8567462,0.71132994,0.865941,0.69871825,0.84447765,0.6996318,0.8688265,0.70862883,0.85325,0.69452554,0.86925435,0.7089505,0.85236925,0.7106166,0.8774554,0.71827835,0.8519088,0.71462125,0.8824984
2025-01-01 02:31:00,0.70835966,0.87594455,0.70781016,0.85335726,0.7064727,0.8625513,0.69381696,0.8409656,0.69469965,0.86535794,0.7039392,0.8498205,0.6897074,0.86599463,0.70466924,0.84919107,0.70619,0.8743138,0.7141388,0.8489426,0.7107986,0.8797678
2025-01-01 02:32:00,0.70544994,0.8737395,0.7047676,0.8511523,0.703314,0.8603473,0.6906312,0.83868366,0.69149536,0.8631056,0.7008939,0.84759474,0.68657964,0.86388004,0.7018909,0.84712976,0.70331717,0.872276,0.7114521,0.8470181,0.70831704,0.8779954
2025-01-01 02:33:00,0.70355475,0.8723028,0.702787,0.8497169,0.70125943,0.85891396,0.6885606,0.8372013,0.6894142,0.86164397,0.69891745,0.8461516,0.6845505,0.86250985,0.70008945,0.84579456,0.7014544,0.8709559,0.7097099,0.8457709,0.7067071,0.8768458
2025-01-01 02:34:00,0.7023191,0.87136555,0.70149684,0.8487817,0.6999226,0.8579817,0.68721473,0.8362386,0.688063,0.86069626,0.6976357,0.845217,0.6832356,0.8616235,0.69892305,0.84493124,0.7002482,0.8701021,0.70858145,0.8449638,0.70566374,0.8761011
2025-01-01 02:35:00,0.70151204,0.870753,0.70065546,0.8481718,0.6990522,0.857375,0.6863401,0.8356137,0.6871865,0.86008257,0.69680554,0.84461313,0.68238485,0.86105174,0.6981694,0.8443747,0.6994686,0.86955154,0.707852,0.8444428,0.70498866,0.8756195
2025-01-01 02:36:00,0.70098364,0.8703515,0.7001058,0.8477732,0.6984851,0.8569801,0.6857717,0.83520854,0.6866184,0.859686,0.6962689,0.84422404,0.68183583,0.8606844,0.69768405,0.8440175,0.69896644,0.86919796,0.7073819,0.8441077,0.7045528,0.8753088
2025-01-01 02:37:00,0.7006363,0.8700872,0.6997458,0.847512,0.69811505,0.85672283,0.68540245,0.83494616,0.6862508,0.8594307,0.6959232,0.84397477,0.681483,0.86044997,0.6973731,0.84378994,0.69864464,0.8689725,0.7070803,0.84389347,0.7042726,0.8751093
2025-01-01 02:38:00,0.70040673,0.8699121,0.699509,0.84734017,0.69787323,0.856555,0.6851626,0.8347765,0.68601364,0.8592671,0.6957015,0.8438163,0.68125767,0.86030185,0.69717544,0.8436466,0.6984399,0.86883026,0.7068883,0.8437578,0.7040936,0.874982
2025-01-01 02:39:00,0.7002538,0.8697949,0.6993524,0.8472265,0.6977147,0.8564453,0.685007,0.83466727,0.6858612,0.8591632,0.69556034,0.8437168,0.68111515,0.86020994,0.6970515,0.843558,0.6983113,0.8687421,0.7067675,0.84367317,0.7039801,0.87490165
2025-01-01 02:40:00,0.70015055,0.86971545,0.6992479,0.84715044,0.6976103,0.8563735,0.684906,0.83459723,0.6857638,0.85909814,0.69547176,0.8436558,0.6810266,0.86015457,0.6969755,0.843505,0.6982323,0.8686892,0.7066929,0.8436217,0.7039094,0.8748518
2025-01-01 02:41:00,0.7000797,0.86966056,0.6991773,0.84709907,0.69754124,0.8563263,0.6848407,0.83455276,0.68570226,0.8590583,0.6954172,0.84361976,0.68097305,0.8601229,0.69693065,0.84347516,0.69818544,0.868659,0.7066484,0.84359175,0.70386636,0.8748218
2025-01-01 02:42:00,0.70002985,0.86962163,0.6991288,0.84706366,0.697495,0.85629505,0.6847984,0.83452487,0.68566406,0.8590349,0.69538486,0.8435999,0.6809423,0.86010665,0.69690603,0.8434603,0.69815946,0.8686437,0.70662344,0.8435758,0.7038414,0.8748045
2025-01-01 02:43:00,0.6999937,0.8695931,0.69909453,0.8470386,0.69746375,0.8562743,0.68477124,0.8345078,0.68564105,0.85902214,0.695367,0.8435907,0.6809264,0.86010045,0.6968945,0.84345526,0.6981471,0.86863804,0.7066112,0.8435689,0.7038281,0.8747957
2025-01-01 02:44:00,0.6999665,0.8695713,0.69906974,0.84702045,0.6974422,0.85626036,0.68475395,0.8344978,0.6856279,0.8590163,0.6953584,0.84358835,0.6809201,0.8601008,0.69689167,0.84345657,0.6981436,0.86863863,0.70660716,0.8435679,0.7038224,0.87479216
2025-01-01 02:45:00,0.6999451,0.8695539,0.69905096,0.8470067,0.6974269,0.8562508,0.68474305,0.83449244,0.6856212,0.8590151,0.695356,0.84359044,0.68092006,0.8601054,0.6968943,0.84346205,0.6981458,0.86864334,0.7066085,0.84357077,0.7038216,0.87479216
2025-01-01 02:46:00,0.69992745,0.8695394,0.6990362,0.8469958,0.6974158,0.8562442,0.6847363,0.83449006,0.68561864,0.85901684,0.6953576,0.8435955,0.6809242,0.8601127,0.69690055,0.84347016,0.69815165,0.8686506,0.70661324,0.8435761,0.703824,0.87479436
2025-01-01 02:47:00,0.69991225,0.8695268,0.6990239,0.84698683,0.6974074,0.85623944,0.68473226,0.83448964,0.68561894,0.85902053,0.6953618,0.8436025,0.6809309,0.8601219,0.6969092,0.84348005,0.69816,0.8686596,0.7066202,0.8435829,0.70382845,0.87479806
2025-01-01 02:48:00,0.6998987,0.8695155,0.6990134,0.84697914,0.6974008,0.85623604,0.68473005,0.83449054,0.68562096,0.8590255,0.69536775,0.8436107,0.6809394,0.8601323,0.6969193,0.8434911,0.6981699,0.8686697,0.7066287,0.84359086,0.7038342,0.87480277
2025-01-01 02:49:00,0.69988626,0.86950487,0.699004,0.8469722,0.6973954,0.8562334,0.68472904,0.83449227,0.68562424,0.8590313,0.6953747,0.84361976,0.680949,0.8601434,0.69693047,0.84350276,0.6981808,0.86868054,0.70663804,0.84359944,0.70384073,0.87480795
2025-01-01 02:50:00,0.69987446,0.86949486,0.69899535,0.8469659,0.6973908,0.8562314,0.6847288,0.83449465,0.6856283,0.85903776,0.69538254,0.84362936,0.6809594,0.86015505,0.69694227,0.843515,0.69819236,0.8686918,0.70664805,0.84360844,0.7038479,0.8748135
2025-01-01 02:51:00,0.69986314,0.86948526,0.69898725,0.84695995,0.6973867,0.8562297,0.6847291,0.8344974,0.6856329,0.8590445,0.6953908,0.8436394,0.68097025,0.860167,0.6969545,0.8435275,0.6982044,0.86870337,0.70665836,0.8436177,0.7038553,0.87481934
2025-01-01 02:52:00,0.69985217,0.86947584,0.69897944,0.8469542,0.697383,0.85622835,0.68472975,0.83450043,0.68563783,0.8590515,0.69539946,0.84364957,0.6809815,0.8601792,0.69696707,0.8435402,0.6982166,0.86871517,0.706669,0.84362704,0.70386297,0.8748253
2025-01-01 02:53:00,0.6998414,0.86946666,0.6989719,0.8469488,0.69737947,0.85622716,0.6847307,0.8345036,0.685643,0.8590588,0.69540834,0.84365994,0.6809929,0.8601915,0.6969797,0.84355307,0.698229,0.86872697,0.7066797,0.84363645,0.7038707,0.8748312
2025-01-01 02:54:00,0.6998307,0.8694576,0.69896454,0.84694344,0.6973762,0.85622615,0.68473184,0.834507,0.68564844,0.8590662,0.69541734,0.8436704,0.6810045,0.860204,0.6969925,0.84356594,0.6982416,0.86873883,0.70669055,0.843646,0.7038786,0.8748372
2025-01-01 02:55:00,0.6998202,0.8694486,0.6989573,0.8469382,0.697373,0.8562252,0.6847331,0.83451045,0.6856539,0.85907364,0.69542646,0.84368104,0.6810162,0.8602165,0.69700545,0.84357893,0.6982542,0.86875075,0.70670146,0.8436555,0.70388645,0.8748433
2025-01-01 02:56:00,0.69980985,0.8694397,0.6989502,0.84693307,0.69736993,0.8562244,0.6847344,0.834514,0.6856595,0.8590812,0.69543564,0.84369177,0.68102795,0.8602291,0.6970184,0.8435919,0.6982668,0.86876273,0.70671225,0.843665,0.70389426,0.87484926
2025-01-01 02:57:00,0.6997995,0.8694309,0.6989431,0.846928,0.69736695,0.85622364,0.6847359,0.8345177,0.68566525,0.85908884,0.695445,0.8437025,0.68103975,0.86024165,0.6970314,0.8436049,0.6982795,0.86877465,0.7067231,0.8436745,0.70390207,0.87485516
2025-01-01 02:58:00,0.69978917,0.8694222,0.6989361,0.846923,0.6973641,0.856223,0.68473744,0.8345215,0.68567103,0.8590966,0.69545436,0.8437133,0.6810516,0.86025435,0.69704443,0.84361804,0.69829214,0.86878663,0.70673394,0.843684,0.7039099,0.8748611
2025-01-01 02:59:00,0.699779,0.8694135,0.6989292,0.8469181,0.6973613,0.85622245,0.68473905,0.8345253,0.68567693,0.8591044,0.6954638,0.84372413,0.68106353,0.86026704,0.6970574,0.843631,0.6983048,0.86879855,0.7067448,0.84369344,0.7039176,0.874867
2025-01-01 03:00:00,0.69309485,0.8641833,0.6919234,0.8416886,0.6901269,0.85109395,0.6774917,0.8291743,0.67847466,0.85389173,0.6886212,0.8385527,0.6741133,0.8554472,0.6909289,0.8389038,0.6919805,0.8642513,0.7009479,0.83933735,0.6986124,0.8709613
2025-01-01 03:01:00,0.6887467,0.8607807,0.6873673,0.8382878,0.6854237,0.84776026,0.6727816,0.82569754,0.6737953,0.8505063,0.6841769,0.8351951,0.6695999,0.8523187,0.68694985,0.8358356,0.6878741,0.8612998,0.6971836,0.83650917,0.69516665,0.8684246
2025-01-01 03:02:00,0.68591684,0.85856605,0.68440354,0.8360756,0.68236566,0.8455933,0.6697207,0.8234391,0.67075586,0.8483086,0.68129146,0.8330166,0.6666703,0.8502897,0.68436813,0.8338458,0.6852094,0.85938543,0.6947406,0.83467406,0.6929295,0.86677766
2025-01-01 03:03:00,0.6840739,0.8571236,0.68247473,0.8346361,0.6803771,0.84418464,0.66773176,0.8219726,0.6687824,0.84688294,0.6794194,0.83160436,0.66477036,0.84897524,0.68269455,0.83255696,0.6834817,0.8581452,0.69315636,0.8334845,0.6914781,0.8657091
2025-01-01 03:04:00,0.6828726,0.856183,0.68121874,0.8336988,0.6790837,0.84326905,0.6664397,0.8210208,0.6675018,0.84595907,0.6782059,0.8306903,0.6635396,0.84812534,0.6816113,0.8317238,0.68236315,0.8573432,0.6921304,0.83271444,0.6905372,0.8650165
2025-01-01 03:05:00,0.6820882,0.85556877,0.6804001,0.833088,0.6782422,0.84267384,0.6656006,0.82040364,0.66667163,0.8453614,0.6774205,0.8301001,0.66274387,0.84757745,0.6809118,0.83118683,0.68164045,0.856826,0.6914671,0.83221716,0.6899282,0.86456823
2025-01-01 03:06:00,0.68157494,0.8551666,0.67986566,0.8326894,0.67769444,0.8422869,0.66505593,0.8200039,0.6661342,0.8449757,0.67691344,0.8297203,0.6622309,0.8472257,0.68046165,0.8308423,0.6811751,0.8564939,0.69103974,0.8318971,0.68953496,0.8642788
2025-01-01 03:07:00,0.6812378,0.8549023,0.6795161,0.8324288,0.6773376,0.8420354,0.66470265,0.8197457,0.66578716,0.844728,0.67658734,0.8294774,0.6619017,0.84700155,0.6801737,0.8306229,0.68087703,0.8562821,0.6907656,0.8316922,0.68928194,0.8640925
2025-01-01 03:08:00,0.68101525,0.85472757,0.6792866,0.83225787,0.6771049,0.8418719,0.6644738,0.81957936,0.6655638,0.84456986,0.67637885,0.82932335,0.661692,0.8468604,0.6799911,0.8304849,0.6806876,0.8561486,0.69059116,0.8315622,0.68912,0.8639733
2025-01-01 03:09:00,0.6808672,0.8546112,0.6791352,0.83214533,0.67695284,0.84176564,0.6643259,0.81947285,0.66542095,0.84446996,0.67624676,0.8292272,0.66155994,0.8467732,0.67987704,0.83039975,0.68056893,0.85606587,0.69048136,0.83148086,0.6890173,0.8638977
2025-01-01 03:10:00,0.68076754,0.8545327,0.67903465,0.83207065,0.67685336,0.8416967,0.6642306,0.8194052,0.66533035,0.844408,0.6761644,0.8291687,0.6614784,0.8467209,0.6798074,0.83034885,0.6804961,0.85601616,0.69041365,0.8314311,0.68895304,0.8638503
2025-01-01 03:11:00,0.68069935,0.8544789,0.67896706,0.8320207,0.676788,0.8416519,0.6641695,0.8193628,0.6652738,0.84437066,0.6761143,0.8291345,0.6614297,0.8466915,0.6797668,0.83032036,0.6804532,0.8559879,0.69037324,0.8314018,0.68891376,0.8638213
2025-01-01 03:12:00,0.68065166,0.85444105,0.678921,0.8319867,0.67674476,0.84162295,0.6641306,0.8193369,0.66523933,0.8443493,0.6760853,0.8291163,0.66140234,0.8466769,0.67974496,0.8303064,0.6804296,0.8559736,0.69035065,0.83138597,0.68889076,0.86380434
2025-01-01 03:13:00,0.6806173,0.8544137,0.6788889,0.83196324,0.676716,0.84160423,0.6641062,0.81932163,0.66521925,0.8443384,0.67607,0.8291084,0.6613888,0.8466718,0.67973536,0.8303019,0.6804186,0.8559683,0.69033957,0.8313787,0.6888782,0.863795
2025-01-01 03:14:00,0.6805916,0.8543931,0.67886597,0.83194655,0.67669666,0.84159213,0.6640913,0.8193134,0.6652086,0.8443343,0.67606354,0.8291073,0.66138434,0.8466731,0.6797337,0.83030343,0.6804158,0.8559689,0.690336,0.831377,0.6888725,0.8637907
2025-01-01 03:15:00,0.68057156,0.854377,0.6788489,0.83193433,0.6766835,0.8415845,0.6640825,0.8193098,0.665204,0.84433466,0.6760629,0.8291105,0.6613858,0.84667844,0.6797372,0.830309,0.6804184,0.85597336,0.69033724,0.83137906,0.68887126,0.8637896
2025-01-01 03:16:00,0.68055516,0.85436374,0.6788358,0.83192503,0.67667437,0.84157974,0.66407776,0.81930906,0.6652034,0.8443379,0.676066,0.82911664,0.661391,0.8466864,0.679744,0.8303171,0.6804243,0.8559802,0.69034165,0.83138335,0.6888728,0.86379063
2025-01-01 03:17:00,0.6805412,0.85435236,0.67882514,0.83191764,0.6766678,0.84157676,0.6640756,0.81931037,0.6652054,0.844343,0.67607164,0.8291246,0.66139877,0.8466961,0.67975307,0.8303269,0.6804325,0.8559887,0.6903481,0.8313892,0.6888762,0.863793
2025-01-01 03:18:00,0.6805288,0.85434234,0.6788162,0.83191156,0.676663,0.8415751,0.66407526,0.8193129,0.6652092,0.84434944,0.67607886,0.82913387,0.6614081,0.8467069,0.67976356,0.8303378,0.68044215,0.8559982,0.6903558,0.8313959,0.68888086,0.86379623
2025-01-01 03:19:00,0.6805175,0.8543331,0.67880833,0.83190626,0.6766593,0.8415742,0.66407603,0.8193163,0.665214,0.8443567,0.6760872,0.8291439,0.66141856,0.84671855,0.67977494,0.83034945,0.68045276,0.85600835,0.69036436,0.8314034,0.68888617,0.8638
2025-01-01 03:20:00,0.6805069,0.8543244,0.67880124,0.8319015,0.6766564,0.8415739,0.6640775,0.8193203,0.6652196,0.84436446,0.6760962,0.82915443,0.66142964,0.8467306,0.6797869,0.8303614,0.68046397,0.8560189,0.69037336,0.8314112,0.688892,0.8638041
2025-01-01 03:21:00,0.68049675,0.8543161,0.6787946,0.8318972,0.67665404,0.84157395,0.66407955,0.8193247,0.6652258,0.84437263,0.6761057,0.82916534,0.6614412,0.846743,0.6797993,0.8303738,0.6804755,0.85602975,0.6903828,0.83141917,0.6888981,0.86380833
2025-01-01 03:22:00,0.68048686,0.854308,0.6787883,0.8318931,0.676652,0.8415743,0.664082,0.8193293,0.6652323,0.84438103,0.67611545,0.8291765,0.6614531,0.84675556,0.67981195,0.83038634,0.68048733,0.8560408,0.69039243,0.83142734,0.68890435,0.86381274
2025-01-01 03:23:00,0.6804772,0.85430014,0.6787823,0.8318893,0.6766502,0.84157485,0.6640846,0.8193341,0.665239,0.84438956,0.67612547,0.8291877,0.66146517,0.8467683,0.67982477,0.830399,0.68049926,0.8560518,0.69040215,0.83143556,0.6889107,0.86381716
2025-01-01 03:24:00,0.6804677,0.8542924,0.6787764,0.8318855,0.6766486,0.8415755,0.6640874,0.8193391,0.6652459,0.84439826,0.67613566,0.82919914,0.6614775,0.8467811,0.6798377,0.8304117,0.6805113,0.85606295,0.690412,0.83144385,0.68891716,0.8638216
2025-01-01 03:25:00,0.68045837,0.85428476,0.6787707,0.8318819,0.6766471,0.8415763,0.6640904,0.8193442,0.665253,0.8444071,0.676146,0.82921064,0.66148984,0.84679395,0.6798507,0.83042437,0.6805234,0.8560741,0.6904218,0.83145213,0.6889236,0.8638261
2025-01-01 03:26:00,0.6804491,0.8542772,0.67876506,0.83187836,0.67664576,0.84157723,0.66409343,0.8193494,0.6652601,0.84441596,0.67615634,0.8292222,0.66150224,0.8468069,0.67986375,0.8304372,0.68053555,0.8560853,0.69043165,0.8314604,0.68893003,0.8638305
2025-01-01 03:27:00,0.6804399,0.85426974,0.6787595,0.8318749,0.67664444,0.8415782,0.6640966,0.81935465,0.6652673,0.84442496,0.6761668,0.8292338,0.66151464,0.8468198,0.67987674,0.83044994,0.68054765,0.8560964,0.6904415,0.83146864,0.6889364,0.86383486
2025-01-01 03:28:00,0.68043077,0.85426235,0.678754,0.83187157,0.67664325,0.84157926,0.6640998,0.81936,0.66527456,0.844434,0.6761772,0.8292455,0.66152716,0.8468328,0.6798898,0.83046275,0.68055975,0.8561076,0.69045126,0.83147687,0.6889428,0.8638392
2025-01-01 03:29:00,0.6804217,0.854255,0.6787486,0.8318683,0.6766422,0.8415804,0.6641031,0.8193655,0.6652819,0.8444431,0.6761878,0.82925725,0.6615397,0.8468458,0.6799029,0.83047557,0.6805719,0.85611874,0.69046104,0.83148503,0.6889491,0.8638435
2025-01-01 03:30:00,0.6740446,0.8490938,0.6720526,0.82671267,0.669773,0.8366288,0.65727836,0.8141629,0.65859616,0.8394509,0.66984403,0.82428825,0.65518165,0.84231365,0.6743488,0.8260015,0.6748534,0.85194534,0.68534535,0.8274197,0.6843192,0.8603064
2025-01-01 03:31:00,0.6698963,0.8457365,0.6676984,0.82336044,0.66530764,0.83341074,0.65284353,0.81078327,0.65425307,0.83620924,0.6657244,0.82106256,0.6510533,0.8393723,0.67074317,0.8230979,0.67114055,0.8492364,0.6820235,0.82478,0.68131185,0.85800874
2025-01-01 03:32:00,0.6671968,0.84355175,0.6648663,0.82118046,0.6624049,0.8313195,0.6499621,0.8085885,0.6514327,0.83410543,0.66305035,0.81896996,0.6483743,0.837465,0.66840404,0.821215,0.66873145,0.8474796,0.67986774,0.82306695,0.6793592,0.85651666
2025-01-01 03:33:00,0.6654391,0.84212923,0.66302377,0.8197624,0.6605179,0.8299607,0.6480905,0.80716383,0.64960206,0.8327412,0.661316,0.81761396,0.64663744,0.83622974,0.6668883,0.8199955,0.6671697,0.8463414,0.6784698,0.8219563,0.6780921,0.85554826
2025-01-01 03:34:00,0.66429347,0.84120214,0.6618243,0.8188397,0.659291,0.829078,0.64687526,0.8062399,0.6484149,0.83185774,0.66019243,0.8167367,0.6455129,0.83543146,0.66590756,0.8192073,0.6661588,0.84560543,0.6775645,0.8212371,0.6772706,0.85492015
2025-01-01 03:35:00,0.6635458,0.8405971,0.66104287,0.8182389,0.6584934,0.82850486,0.64608663,0.80564135,0.647646,0.8312868,0.6594659,0.81617063,0.6447863,0.8349171,0.66527474,0.8186995,0.6655059,0.8451308,0.67697936,0.82077235,0.6767387,0.85451317
2025-01-01 03:36:00,0.66305673,0.8402013,0.66053325,0.8178475,0.6579747,0.8281328,0.6455754,0.80525434,0.6471489,0.830919,0.6589975,0.8158069,0.64431846,0.8345874,0.66486794,0.8183738,0.6650857,0.84482616,0.67660236,0.820473,0.67639506,0.85425
2025-01-01 03:37:00,0.6627359,0.83994174,0.6602003,0.817592,0.65763736,0.82789165,0.6452444,0.8050049,0.6468285,0.8306832,0.6586968,0.81557465,0.6440189,0.83437765,0.66460806,0.81816655,0.6648167,0.84463185,0.67636055,0.82028115,0.6761737,0.8540803
2025-01-01 03:38:00,0.6625243,0.8397706,0.65998214,0.8174251,0.65741795,0.8277355,0.6450307,0.80484486,0.646623,0.83053327,0.6585052,0.8154279,0.6438286,0.83424586,0.66444373,0.81803626,0.664646,0.84450936,0.6762067,0.8201591,0.6760318,0.8539713
2025-01-01 03:39:00,0.66238374,0.839657,0.65983874,0.81731564,0.65727514,0.82763463,0.6448931,0.80474293,0.64649224,0.8304392,0.65838444,0.8153367,0.6437093,0.8341648,0.66434145,0.81795603,0.6645393,0.84443355,0.67610997,0.8200825,0.67594165,0.8539017
2025-01-01 03:40:00,0.66228944,0.8395809,0.65974385,0.8172436,0.6571822,0.82756966,0.64480513,0.8046788,0.64641,0.83038145,0.6583098,0.8152816,0.6436362,0.8341167,0.6642795,0.8179082,0.664474,0.84438795,0.6760503,0.82003534,0.675885,0.8538577
2025-01-01 03:41:00,0.6622252,0.839529,0.6596806,0.8171959,0.6571218,0.8275282,0.64474934,0.8046393,0.6463594,0.83034724,0.6582652,0.81525004,0.6435932,0.83409,0.6642439,0.8178816,0.66443574,0.84436214,0.6760148,0.8200073,0.67585015,0.8538304
2025-01-01 03:42:00,0.6621804,0.839493,0.65963787,0.817164,0.6570823,0.82750183,0.64471453,0.80461574,0.6463293,0.83032846,0.65824,0.8152338,0.6435697,0.83407724,0.6642253,0.8178687,0.664415,0.8443491,0.67599493,0.81999177,0.67582947,0.8538138
2025-01-01 03:43:00,0.6621484,0.8394673,0.6596085,0.8171425,0.6570566,0.8274855,0.6446934,0.8046026,0.64631253,0.83031964,0.6582275,0.81522745,0.6435589,0.8340735,0.6642177,0.8178647,0.6644056,0.84434426,0.6759852,0.8199842,0.6758179,0.8538043
2025-01-01 03:44:00,0.6621247,0.8394483,0.6595878,0.81712765,0.6570399,0.8274756,0.6446811,0.8045963,0.6463045,0.83031726,0.65822333,0.8152275,0.64355636,0.8340756,0.66421735,0.8178665,0.6644036,0.84434485,0.67598206,0.81998193,0.67581236,0.8537993
2025-01-01 03:45:00,0.66210634,0.83943367,0.65957284,0.81711715,0.657029,0.8274699,0.64467466,0.8045944,0.64630216,0.8303192,0.65822446,0.81523186,0.6435592,0.83408165,0.66422164,0.8178721,0.6644065,0.8443489,0.67598325,0.819983,0.67581064,0.8537972
2025-01-01 03:46:00,0.6620916,0.8394219,0.6595616,0.81710964,0.6570219,0.827467,0.64467204,0.8045954,0.64630353,0.83032393,0.6582291,0.8152389,0.64356554,0.8340902,0.66422904,0.8178801,0.6644124,0.8443553,0.6759872,0.8199863,0.6758114,0.85379696
2025-01-01 03:47:00,0.6620791,0.8394121,0.6595527,0.817104,0.6570173,0.8274659,0.6446718,0.80459833,0.64630735,0.8303304,0.6582361,0.8152478,0.6435741,0.83410025,0.66423833,0.81788963,0.6644203,0.8443631,0.6759929,0.819991,0.6758138,0.853798
2025-01-01 03:48:00,0.66206807,0.83940345,0.6595455,0.8170996,0.65701437,0.82746595,0.6446732,0.80460256,0.6463127,0.83033806,0.6582445,0.8152578,0.6435842,0.8341114,0.66424894,0.8179003,0.66442955,0.8443718,0.67599976,0.81999654,0.67581713,0.8537997
2025-01-01 03:49:00,0.6620581,0.8393957,0.65953934,0.817096,0.6570125,0.82746685,0.6446758,0.8046075,0.64631915,0.8303466,0.6582539,0.81526864,0.6435953,0.83412325,0.6642604,0.81791157,0.6644396,0.84438115,0.67600733,0.8200027,0.6758211,0.8538019
2025-01-01 03:50:00,0.6620488,0.8393885,0.6595338,0.8170929,0.6570114,0.8274683,0.644679,0.80461305,0.64632624,0.83035564,0.658264,0.8152799,0.64360696,0.83413553,0.66427237,0.8179232,0.6644502,0.8443908,0.6760154,0.8200091,0.6758256,0.8538044
2025-01-01 03:51:00,0.66203994,0.83938164,0.6595288,0.8170903,0.65701073,0.82747006,0.64468277,0.804619,0.6463338,0.830365,0.6582745,0.8152915,0.64361906,0.83414805,0.66428465,0.8179351,0.66446114,0.84440076,0.6760237,0.82001585,0.67583025,0.8538071
2025-01-01 03:52:00,0.6620314,0.839375,0.65952414,0.8170879,0.65701044,0.82747215,0.6446868,0.80462515,0.6463417,0.8303746,0.6582853,0.81530344,0.64363146,0.8341608,0.6642972,0.81794727,0.66447234,0.84441084,0.6760322,0.82002264,0.6758351,0.85380983
2025-01-01 03:53:00,0.66202307,0.83936864,0.6595197,0.8170857,0.6570104,0.8274744,0.6446911,0.8046316,0.64634985,0.8303844,0.65829635,0.8153155,0.64364403,0.8341737,0.6643099,0.8179594,0.6644836,0.84442097,0.67604077,0.82002956,0.6758399,0.85381263
2025-01-01 03:54:00,0.66201484,0.8393624,0.65951544,0.81708366,0.6570105,0.8274768,0.6446955,0.8046381,0.64635813,0.83039427,0.65830743,0.8153276,0.64365673,0.8341867,0.6643227,0.8179717,0.66449493,0.84443116,0.67604935,0.8200364,0.67584485,0.8538155
2025-01-01 03:55:00,0.6620068,0.8393562,0.6595113,0.8170817,0.65701073,0.8274793,0.64470017,0.8046447,0.6463666,0.8304042,0.6583187,0.8153398,0.6436695,0.83419967,0.6643355,0.8179841,0.6645063,0.84444135,0.676058,0.8200433,0.67584974,0.8538183
2025-01-01 03:56:00,0.66199887,0.83935016,0.6595073,0.81707984,0.65701115,0.8274819,0.6447049,0.80465144,0.64637506,0.83041435,0.65833,0.8153521,0.6436823,0.8342127,0.66434836,0.8179964,0.66451776,0.84445155,0.6760667,0.8200502,0.67585456,0.85382104
2025-01-01 03:57:00,0.661991,0.83934414,0.65950334,0.8170781,0.6570116,0.82748455,0.6447097,0.80465823,0.64638364,0.8304244,0.6583414,0.81536436,0.6436951,0.8342258,0.6643612,0.8180087,0.6645291,0.8444617,0.6760753,0.820057,0.6758594,0.8538238
2025-01-01 03:58:00,0.66198313,0.83933824,0.65949947,0.81707644,0.6570121,0.82748735,0.64471453,0.80466515,0.6463922,0.8304347,0.6583528,0.8153767,0.643708,0.8342389,0.6643741,0.81802106,0.66454047,0.8444718,0.6760839,0.8200638,0.6758643,0.8538265
2025-01-01 03:59:00,0.6619754,0.8393324,0.65949565,0.81707484,0.65701276,0.8274902,0.6447195,0.80467206,0.646401,0.83044493,0.6583643,0.8153891,0.6437209,0.834252,0.66438705,0.8180334,0.66455185,0.84448195,0.6760925,0.82007056,0.67586905,0.85382915
2025-01-01 04:00:00,0.656019,0.83433247,0.6532289,0.81208533,0.6506311,0.8228038,0.638439,0.799711,0.64035094,0.82576215,0.6526326,0.8107113,0.63806856,0.83008856,0.6595064,0.81389284,0.6595411,0.84075695,0.6717495,0.81636834,0.671997,0.85072404
2025-01-01 04:01:00,0.65214473,0.83108056,0.6491542,0.8088417,0.6464834,0.81975865,0.6343585,0.79648876,0.63642156,0.8227221,0.64891106,0.8076751,0.6343991,0.827387,0.65633845,0.81120574,0.656288,0.83833915,0.6689294,0.8139642,0.6694819,0.84870654
2025-01-01 04:02:00,0.64962375,0.8289648,0.64650446,0.80673283,0.6437877,0.8177805,0.631708,0.7943969,0.6338706,0.8207496,0.6464961,0.80570596,0.63201845,0.8256355,0.6542838,0.80946344,0.6541775,0.8367711,0.6670993,0.8124038,0.6678485,0.847396
2025-01-01 04:03:00,0.64798254,0.82758766,0.6447809,0.8053616,0.64203584,0.8164957,0.62998706,0.7930397,0.6322156,0.8194712,0.6449304,0.80443037,0.63047564,0.82450163,0.6529528,0.80833524,0.65280956,0.8357552,0.6659127,0.8113918,0.66678846,0.84654504
2025-01-01 04:04:00,0.6469132,0.8266906,0.6436594,0.80446994,0.64089745,0.8156617,0.6288703,0.79216003,0.63114303,0.81864387,0.64391685,0.8036056,0.62947726,0.8237692,0.65209204,0.80760616,0.6519243,0.83509845,0.66514426,0.81073624,0.666101,0.8459926
2025-01-01 04:05:00,0.6462155,0.8261056,0.64292926,0.80388993,0.6401579,0.8151209,0.62814623,0.7915908,0.630449,0.81810975,0.64326215,0.80307394,0.62883294,0.82329774,0.6515371,0.8071365,0.6513528,0.83467495,0.6646477,0.8103124,0.6656556,0.84563434
2025-01-01 04:06:00,0.6457594,0.82572347,0.6424535,0.8035126,0.6396775,0.8147704,0.62767756,0.7912234,0.6300011,0.8177663,0.6428407,0.8027327,0.6284187,0.82299584,0.65118086,0.8068355,0.65098524,0.83440316,0.6643278,0.8100391,0.66536766,0.84540224
2025-01-01 04:07:00,0.6454604,0.8254732,0.64214313,0.8032669,0.6393658,0.8145438,0.6273748,0.7909872,0.6297132,0.8175468,0.6425708,0.8025153,0.6281539,0.82280415,0.65095377,0.8066441,0.6507502,0.8342299,0.6641227,0.8098637,0.665182,0.8452521
2025-01-01 04:08:00,0.64526355,0.8253087,0.6419403,0.80310684,0.63916355,0.8143977,0.62718,0.7908363,0.6295292,0.8174078,0.6423995,0.8023784,0.62798643,0.82268417,0.65081066,0.8065239,0.6506013,0.83412063,0.6639922,0.8097518,0.6650627,0.84515524
2025-01-01 04:09:00,0.6451331,0.8251999,0.6418074,0.80300254,0.63903254,0.814304,0.6270553,0.7907408,0.62941283,0.8173212,0.6422923,0.80229384,0.6278821,0.8226108,0.6507221,0.80645,0.6505084,0.83405304,0.66391027,0.80968124,0.66498667,0.84509295
2025-01-01 04:10:00,0.64504576,0.8251274,0.6417199,0.8029344,0.63894784,0.8142443,0.6269762,0.79068136,0.62934047,0.81726867,0.64222676,0.80224335,0.6278189,0.82256764,0.65066904,0.8064062,0.6504519,0.8340125,0.6638597,0.80963755,0.6649386,0.84505314
2025-01-01 04:11:00,0.6449865,0.8250785,0.641662,0.8028899,0.6388933,0.8142068,0.6269268,0.7906454,0.6292966,0.8172382,0.6421883,0.80221486,0.6277823,0.8225442,0.65063894,0.8063819,0.650419,0.8339895,0.6638297,0.8096113,0.6649089,0.8450279
2025-01-01 04:12:00,0.64494556,0.82504493,0.6416233,0.8028606,0.6388584,0.81418365,0.6268966,0.79062474,0.62927145,0.81722224,0.6421675,0.80220073,0.62776315,0.8225335,0.65062386,0.8063704,0.6504014,0.83397794,0.663813,0.8095963,0.6648909,0.8450121
2025-01-01 04:13:00,0.6449165,0.8250213,0.64159715,0.8028414,0.6388362,0.8141699,0.6268791,0.790614,0.62925833,0.8172156,0.6421581,0.802196,0.6277553,0.82253116,0.65061855,0.80636704,0.6503938,0.8339737,0.6638048,0.80958873,0.66488063,0.84500253
2025-01-01 04:14:00,0.64489514,0.8250043,0.64157915,0.80282867,0.6388224,0.8141623,0.62686974,0.79060966,0.62925315,0.8172151,0.6421561,0.8021974,0.6277546,0.8225342,0.6506195,0.80636907,0.65039265,0.8339743,0.66380227,0.80958587,0.6648753,0.84499687
2025-01-01 04:15:00,0.64487886,0.82499146,0.64156646,0.8028202,0.638814,0.8141587,0.6268657,0.7906096,0.62925303,0.8172186,0.6421591,0.80220276,0.62775886,0.8225407,0.6506246,0.80637455,0.6503957,0.833978,0.66380334,0.80958605,0.6648731,0.8449937
2025-01-01 04:16:00,0.6448659,0.82498145,0.6415573,0.80281454,0.6388091,0.8141577,0.62686515,0.7906123,0.6292563,0.8172246,0.6421652,0.8022106,0.6277662,0.8225496,0.65063226,0.8063823,0.65040153,0.83398366,0.66380674,0.8095882,0.66487306,0.8449923
2025-01-01 04:17:00,0.6448551,0.8249733,0.64155036,0.80281067,0.63880646,0.81415844,0.6268669,0.7906168,0.6292618,0.8172324,0.64217335,0.8022202,0.62777543,0.82255983,0.65064174,0.8063915,0.65040904,0.8339907,0.6638116,0.80959165,0.6648743,0.84499186
2025-01-01 04:18:00,0.64484566,0.82496625,0.641545,0.802808,0.63880545,0.8141603,0.62687016,0.79062253,0.6292687,0.81724125,0.6421828,0.8022309,0.6277861,0.82257116,0.6506523,0.8064016,0.65041775,0.8339985,0.66381747,0.8095959,0.6648764,0.8449921
2025-01-01 04:19:00,0.6448372,0.8249601,0.6415406,0.8028062,0.63880545,0.8141629,0.62687445,0.790629,0.6292766,0.8172509,0.64219326,0.80224234,0.6277976,0.822583,0.6506636,0.80641234,0.65042716,0.8340068,0.66382396,0.80960065,0.664879,0.84499276
2025-01-01 04:20:00,0.6448294,0.82495445,0.64153683,0.8028049,0.63880616,0.81416607,0.62687933,0.79063606,0.62928504,0.81726104,0.64220417,0.8022542,0.6278097,0.8225953,0.65067536,0.8064235,0.650437,0.8340154,0.6638308,0.80960566,0.66488194,0.84499365
2025-01-01 04:21:00,0.644822,0.82494915,0.64153355,0.80280393,0.63880724,0.8141696,0.6268847,0.79064345,0.6292939,0.8172715,0.64221555,0.8022664,0.6278221,0.8226078,0.65068734,0.8064348,0.65044713,0.8340243,0.66383785,0.8096109,0.6648851,0.8449947
2025-01-01 04:22:00,0.6448149,0.82494414,0.6415306,0.8028033,0.6388087,0.81417334,0.62689036,0.7906511,0.6293031,0.81728214,0.64222723,0.8022788,0.62783474,0.8226206,0.6506996,0.8064463,0.6504574,0.83403325,0.66384506,0.8096162,0.6648883,0.84499586
2025-01-01 04:23:00,0.644808,0.8249393,0.64152783,0.8028028,0.6388104,0.8141773,0.62689626,0.79065895,0.6293125,0.8172929,0.64223903,0.80229133,0.62784755,0.8226334,0.65071195,0.80645794,0.6504678,0.8340423,0.66385233,0.80962163,0.6648916,0.8449969
2025-01-01 04:24:00,0.6448013,0.8249346,0.6415252,0.80280244,0.63881224,0.8141814,0.62690234,0.7906669,0.62932205,0.8173039,0.6422509,0.80230397,0.6278604,0.8226463,0.65072435,0.80646956,0.65047824,0.8340513,0.66385967,0.809627,0.66489494,0.84499806
2025-01-01 04:25:00,0.6447947,0.82493,0.64152277,0.8028022,0.6388142,0.8141855,0.62690854,0.7906749,0.6293317,0.81731486,0.64226294,0.80231667,0.6278734,0.8226592,0.6507368,0.80648124,0.6504887,0.83406043,0.663867,0.8096324,0.6648982,0.8449992
2025-01-01 04:26:00,0.64478815,0.82492554,0.64152044,0.8028021,0.6388163,0.8141898,0.62691474,0.79068303,0.6293415,0.81732595,0.64227504,0.8023294,0.6278865,0.8226721,0.65074927,0.80649287,0.6504992,0.83406943,0.66387427,0.8096378,0.6649015,0.84500027
2025-01-01 04:27:00,0.6447817,0.8249211,0.6415181,0.8028021,0.6388185,0.8141941,0.6269211,0.79069126,0.62935126,0.8173371,0.64228714,0.8023422,0.6278995,0.8226851,0.6507618,0.8065045,0.65050966,0.83407843,0.66388154,0.8096431,0.6649047,0.8450013
2025-01-01 04:28:00,0.64477533,0.8249168,0.6415159,0.80280215,0.6388207,0.81419855,0.6269275,0.79069954,0.6293611,0.8173483,0.64229923,0.802355,0.6279125,0.82269806,0.65077424,0.8065162,0.65052015,0.83408743,0.6638888,0.80964833,0.6649079,0.8450023
2025-01-01 04:29:00,0.644769,0.8249125,0.6415138,0.80280226,0.63882303,0.814203,0.626934,0.7907079,0.629371,0.8173595,0.6423115,0.80236787,0.62792563,0.82271105,0.65078676,0.8065278,0.6505306,0.8340964,0.663896,0.80965364,0.66491103,0.84500325
2025-01-01 04:30:00,0.6393396,0.8201627,0.6357881,0.7980677,0.63304293,0.8098656,0.62130994,0.78607684,0.6240649,0.8130698,0.6372942,0.79806465,0.62307996,0.8189906,0.64666677,0.80279434,0.646317,0.8308861,0.660403,0.80638057,0.661866,0.8423852
2025-01-01 04:31:00,0.63580847,0.8170739,0.63206565,0.79499024,0.62928677,0.8070479,0.61765665,0.7830696,0.6206194,0.81028545,0.63403714,0.795272,0.61993486,0.8165768,0.6439931,0.8003716,0.6435818,0.8288025,0.658135,0.80425483,0.65988773,0.8406837
2025-01-01 04:32:00,0.633511,0.8150648,0.62964547,0.7929901,0.6268462,0.80521804,0.6152843,0.7811179,0.6183834,0.8084796,0.63192445,0.7934613,0.6178951,0.81501234,0.64225954,0.7988009,0.64180756,0.8274513,0.6566633,0.80287486,0.6586029,0.839578
2025-01-01 04:33:00,0.6320156,0.8137575,0.6280717,0.7916902,0.6252608,0.80403036,0.61374474,0.77985233,0.6169335,0.8073098,0.63055557,0.79228896,0.61657387,0.81399995,0.64113706,0.797784,0.64065784,0.826576,0.6557091,0.80197966,0.6577687,0.83885944
2025-01-01 04:34:00,0.6310415,0.8129064,0.62704813,0.7908454,0.62423116,0.80325997,0.61274636,0.77903277,0.61599463,0.8065534,0.62967,0.7915314,0.6157196,0.81334645,0.6404118,0.7971269,0.6399141,0.8260101,0.6550912,0.8013994,0.65722746,0.8383927
2025-01-01 04:35:00,0.63040626,0.8123518,0.6263823,0.7902965,0.62356293,0.802761,0.6120998,0.77850306,0.615388,0.8060658,0.6290988,0.79104346,0.615169,0.8129262,0.63994473,0.7967039,0.6394342,0.8256453,0.6546921,0.80102396,0.65687656,0.8380894
2025-01-01 04:36:00,0.62999135,0.81199,0.6259489,0.7899399,0.62312955,0.80243844,0.611682,0.77816176,0.6149972,0.8057529,0.6287318,0.7907309,0.6148157,0.81265754,0.6396454,0.79643285,0.6391258,0.8254112,0.654435,0.8007816,0.6566495,0.8378924
2025-01-01 04:37:00,0.6297196,0.8117536,0.6256667,0.7897084,0.6228488,0.8022305,0.6114129,0.777943,0.61474687,0.8055535,0.6284976,0.79053223,0.61459064,0.8124874,0.63945514,0.7962607,0.6389289,0.825262,0.6542702,0.80062574,0.6565027,0.8377645
2025-01-01 04:38:00,0.629541,0.81159854,0.62548274,0.7895582,0.62266743,0.8020971,0.6112404,0.7778039,0.6145877,0.80542797,0.6283497,0.79040766,0.61444885,0.8123813,0.6393358,0.7961528,0.63880444,0.825168,0.65416545,0.8005261,0.65640825,0.8376815
2025-01-01 04:39:00,0.62942284,0.81149656,0.62536263,0.7894608,0.6225506,0.80201215,0.6111308,0.7777166,0.61448795,0.80535036,0.62825793,0.7903312,0.61436135,0.8123169,0.6392625,0.79608655,0.63872707,0.82510984,0.6540997,0.80046296,0.65634775,0.83762765
2025-01-01 04:40:00,0.6293441,0.811429,0.6252841,0.7893978,0.6224757,0.80195874,0.61106205,0.77766293,0.6144267,0.805304,0.6282027,0.79028606,0.614309,0.8122795,0.6392192,0.79604745,0.6386802,0.82507503,0.65405923,0.80042344,0.65630925,0.83759266
2025-01-01 04:41:00,0.62929094,0.81138384,0.6252326,0.7893571,0.6224281,0.8019259,0.6110198,0.77763116,0.6143905,0.80527794,0.6281711,0.7902612,0.6142796,0.81225973,0.63919526,0.79602593,0.6386533,0.82505524,0.6540352,0.80039936,0.65628505,0.8375701
2025-01-01 04:42:00,0.62925446,0.8113533,0.6251987,0.7893311,0.62239826,0.8019064,0.61099494,0.7776137,0.61437064,0.805265,0.62815493,0.79024965,0.6142651,0.8122514,0.63918406,0.7960159,0.6386393,0.82504535,0.65402186,0.8003853,0.6562701,0.83755535
2025-01-01 04:43:00,0.62922883,0.8113323,0.62517625,0.78931445,0.62237996,0.80189556,0.61098135,0.7776055,0.6143614,0.8052607,0.62814885,0.79024667,0.61426026,0.81225044,0.63918096,0.79601336,0.6386336,0.82504183,0.6540155,0.8003777,0.6562612,0.8375459
2025-01-01 04:44:00,0.62921023,0.8113175,0.62516123,0.7893041,0.6223693,0.8018904,0.610975,0.77760327,0.6143591,0.8052621,0.6281492,0.7902493,0.6142616,0.8122543,0.63918316,0.79601556,0.6386334,0.8250424,0.6540136,0.80037427,0.6562562,0.8375396
2025-01-01 04:45:00,0.62919635,0.81130666,0.6251511,0.7892977,0.62236345,0.80188894,0.6109735,0.7776051,0.61436135,0.80526704,0.62815386,0.79025555,0.6142672,0.8122613,0.63918895,0.7960209,0.63863665,0.82504565,0.65401447,0.80037355,0.6562537,0.83753556
2025-01-01 04:46:00,0.6291854,0.8112985,0.6251441,0.789294,0.6223609,0.8018899,0.6109751,0.77760947,0.6143665,0.80527437,0.6281614,0.7902641,0.61427534,0.8122703,0.63919693,0.79602826,0.6386422,0.82505065,0.6540173,0.80037457,0.65625274,0.8375329
2025-01-01 04:47:00,0.62917644,0.81129205,0.6251393,0.7892921,0.6223604,0.8018925,0.6109788,0.77761555,0.6143735,0.80528325,0.62817055,0.7902743,0.61428523,0.81228065,0.63920635,0.7960369,0.63864917,0.8250567,0.6540214,0.8003768,0.65625286,0.8375311
2025-01-01 04:48:00,0.6291688,0.8112868,0.62513584,0.78929126,0.6223613,0.80189615,0.6109838,0.77762264,0.61438185,0.80529314,0.628181,0.79028547,0.6142962,0.8122918,0.63921666,0.7960464,0.6386571,0.8250634,0.65402615,0.8003796,0.65625364,0.83752984
2025-01-01 04:49:00,0.629162,0.81128234,0.6251332,0.7892912,0.62236315,0.8019005,0.6109897,0.7776305,0.61439097,0.80530375,0.6281922,0.7902973,0.61430794,0.81230354,0.6392276,0.7960564,0.6386657,0.8250706,0.65403146,0.80038285,0.6562548,0.8375289
2025-01-01 04:50:00,0.6291558,0.8112784,0.6251313,0.7892916,0.62236565,0.80190533,0.6109962,0.7776389,0.6144007,0.8053148,0.6282039,0.79030955,0.6143201,0.81231564,0.6392389,0.79606676,0.63867456,0.82507807,0.65403694,0.80038637,0.65625626,0.83752817
2025-01-01 04:51:00,0.62915003,0.8112748,0.62512976,0.78929245,0.62236845,0.8019104,0.6110031,0.7776476,0.6144108,0.8053261,0.6282159,0.7903221,0.6143327,0.812328,0.63925046,0.7960773,0.63868374,0.8250857,0.65404266,0.80039006,0.6562578,0.8375276
2025-01-01 04:52:00,0.6291445,0.8112715,0.62512857,0.7892935,0.6223717,0.80191576,0.6110103,0.77765656,0.6144211,0.8053376,0.6282281,0.7903348,0.6143454,0.8123404,0.6392622,0.79608804,0.63869303,0.8250934,0.65404844,0.8003938,0.6562594,0.837527
2025-01-01 04:53:00,0.6291391,0.81126827,0.6251275,0.7892948,0.6223751,0.80192125,0.61101764,0.7776657,0.61443156,0.8053493,0.6282405,0.79034764,0.61435825,0.81235296,0.63927406,0.79609877,0.6387024,0.82510114,0.6540543,0.80039763,0.65626115,0.83752644
2025-01-01 04:54:00,0.62913394,0.81126523,0.62512666,0.78929615,0.6223786,0.801927,0.6110252,0.777675,0.6144422,0.8053611,0.62825304,0.79036057,0.6143711,0.81236553,0.6392859,0.79610956,0.6387118,0.8251089,0.6540601,0.8004014,0.65626276,0.8375259
2025-01-01 04:55:00,0.6291289,0.8112623,0.62512594,0.78929764,0.6223823,0.80193275,0.61103284,0.7776843,0.6144529,0.8053729,0.62826556,0.7903735,0.61438406,0.81237817,0.6392977,0.7961204,0.63872117,0.82511663,0.654066,0.8004052,0.65626436,0.8375253
2025-01-01 04:56:00,0.6291239,0.81125945,0.6251253,0.78929925,0.62238604,0.8019386,0.61104053,0.7776937,0.61446375,0.80538476,0.6282782,0.79038656,0.61439705,0.8123908,0.63930964,0.7961312,0.6387306,0.8251244,0.6540718,0.80040896,0.6562659,0.83752465
2025-01-01 04:57:00,0.62911904,0.81125665,0.62512475,0.7893009,0.62238985,0.8019445,0.61104834,0.7777031,0.6144746,0.8053967,0.62829083,0.79039955,0.61441004,0.8124034,0.6393215,0.7961419,0.6387399,0.8251321,0.65407765,0.8004127,0.6562675,0.837524
2025-01-01 04:58:00,0.6291142,0.811254,0.6251242,0.7893027,0.6223938,0.80195045,0.61105615,0.77771264,0.6144855,0.80540866,0.6283035,0.7904126,0.6144231,0.812416,0.63933337,0.7961527,0.63874924,0.82513976,0.65408343,0.8004164,0.656269,0.8375233
2025-01-01 04:59:00,0.6291095,0.8112514,0.62512386,0.7893045,0.6223978,0.80195653,0.6110641,0.77772224,0.61449647,0.8054207,0.6283163,0.7904257,0.61443615,0.81242865,0.6393452,0.79616344,0.6387586,0.8251474,0.65408915,0.80042005,0.6562705,0.8375225
2025-01-01 05:00:00,0.6243035,0.8068362,0.62004066,0.784909,0.61732185,0.7980448,0.6061963,0.7735035,0.6100283,0.80160016,0.6241024,0.7865735,0.6104831,0.8092173,0.63605905,0.79290366,0.63541716,0.82250893,0.65150833,0.7976345,0.65410656,0.8354384
2025-01-01 05:01:00,0.62117803,0.80396545,0.61673653,0.7820527,0.614024,0.7955044,0.6030351,0.7707647,0.6071279,0.799121,0.6213679,0.7840742,0.60791814,0.80713433,0.6339271,0.7907885,0.63324845,0.8207966,0.64983267,0.79582506,0.6527005,0.8340833
2025-01-01 05:02:00,0.6191449,0.80209863,0.61458886,0.7801968,0.61188185,0.7938553,0.60098314,0.7689879,0.6052465,0.79751384,0.6195949,0.78245425,0.60625553,0.80578476,0.6325455,0.7894173,0.63184196,0.8196861,0.6487454,0.7946502,0.65178686,0.8332021
2025-01-01 05:03:00,0.6178218,0.8008844,0.6131928,0.7789912,0.6104909,0.79278564,0.5996523,0.7678364,0.6040275,0.7964735,0.61844695,0.78140587,0.60517937,0.804912,0.6316515,0.78852975,0.6309309,0.8189669,0.64804065,0.7938876,0.6511935,0.832629
2025-01-01 05:04:00,0.6169603,0.8000944,0.6122854,0.7782084,0.60958844,0.7920926,0.5987901,0.7670914,0.6032391,0.79580146,0.6177052,0.780729,0.60448444,0.80434906,0.63107455,0.7879566,0.6303419,0.81850207,0.6475844,0.79339314,0.65080816,0.8322561
2025-01-01 05:05:00,0.6163988,0.79958016,0.6116955,0.77770036,0.60900337,0.79164433,0.59823257,0.7666106,0.6027305,0.7953689,0.6172277,0.7802936,0.6040373,0.8039875,0.63070357,0.78758764,0.62996215,0.8182024,0.6472897,0.79307276,0.650558,0.83201325
2025-01-01 05:06:00,0.6160323,0.7992451,0.61131227,0.7773709,0.6086246,0.7913553,0.59787315,0.7663016,0.6024038,0.79509205,0.6169217,0.7800152,0.6037512,0.80375683,0.6304666,0.7873515,0.6297185,0.8180101,0.6471,0.7928657,0.65039575,0.831855
2025-01-01 05:07:00,0.61579263,0.79902667,0.6110632,0.7771576,0.60838,0.7911697,0.5976424,0.76610416,0.60219544,0.7949164,0.6167274,0.7798388,0.60356975,0.8036113,0.6303165,0.78720164,0.6295632,0.81788766,0.6469785,0.7927321,0.6502906,0.8317516
2025-01-01 05:08:00,0.6156354,0.798884,0.61090136,0.77701986,0.6082226,0.7910513,0.5974954,0.7659793,0.602064,0.7948064,0.6166055,0.7797287,0.6034563,0.80352104,0.63022304,0.7871079,0.6294654,0.81781054,0.6469013,0.7926464,0.6502226,0.83168393
2025-01-01 05:09:00,0.61553174,0.7987906,0.6107963,0.77693117,0.60812193,0.7909767,0.59740275,0.76590174,0.60198253,0.7947393,0.61653084,0.7796618,0.6033872,0.8034668,0.63016635,0.7870506,0.62940496,0.8177629,0.6468529,0.79259175,0.6501787,0.8316394
2025-01-01 05:10:00,0.61546296,0.7987291,0.6107281,0.7768744,0.60805815,0.79093057,0.5973456,0.76585484,0.6019335,0.79469997,0.61648685,0.77962285,0.60334677,0.80343586,0.6301335,0.7870169,0.62936866,0.81773436,0.6468232,0.79255724,0.6501503,0.83161
2025-01-01 05:11:00,0.6154168,0.7986886,0.61068386,0.7768384,0.60801834,0.790903,0.5973114,0.76582783,0.6019056,0.79467875,0.6164627,0.77960217,0.603325,0.80342,0.6301162,0.7869987,0.6293482,0.8177183,0.6468057,0.79253584,0.6501321,0.83159035
2025-01-01 05:12:00,0.6153855,0.79866165,0.6106553,0.77681595,0.60799414,0.79088736,0.5972921,0.7658138,0.6018915,0.7946692,0.61645156,0.7795933,0.60331535,0.80341405,0.630109,0.78699034,0.6293379,0.8177102,0.646796,0.7925229,0.6501205,0.83157694
2025-01-01 05:13:00,0.6153638,0.79864347,0.61063695,0.7768023,0.60798013,0.79087967,0.59728265,0.76580834,0.60188633,0.7946673,0.6164488,0.7795921,0.6033136,0.8034145,0.63010836,0.78698856,0.6293343,0.8177074,0.64679146,0.79251546,0.6501132,0.8315677
2025-01-01 05:14:00,0.6153483,0.79863113,0.61062515,0.77679443,0.60797274,0.79087704,0.59727955,0.76580834,0.6018869,0.79467046,0.6164516,0.7795959,0.603317,0.8034192,0.6301119,0.7869909,0.6293349,0.81770796,0.6467902,0.7925115,0.6501086,0.8315611
2025-01-01 05:15:00,0.6153369,0.7986225,0.61061776,0.7767903,0.60796964,0.79087776,0.5972805,0.7658119,0.6018914,0.7946769,0.6164579,0.77960294,0.60332376,0.8034265,0.6301182,0.78699595,0.6293384,0.81771076,0.64679104,0.7925099,0.6501057,0.83155614
2025-01-01 05:16:00,0.6153282,0.7986164,0.61061317,0.77678865,0.60796946,0.7908807,0.59728426,0.7658179,0.6018983,0.79468536,0.6164665,0.7796122,0.60333264,0.8034356,0.6301263,0.7870028,0.62934357,0.81771487,0.64679325,0.79250973,0.650104,0.83155227
2025-01-01 05:17:00,0.6153213,0.7986119,0.6106105,0.77678853,0.6079711,0.7908851,0.5972898,0.76582533,0.60190684,0.7946952,0.61647666,0.77962273,0.6033429,0.80344576,0.6301355,0.7870108,0.62934995,0.81771994,0.6467963,0.7925105,0.650103,0.8315491
2025-01-01 05:18:00,0.6153155,0.7986085,0.61060894,0.7767896,0.6079739,0.7908904,0.5972965,0.7658338,0.60191643,0.7947059,0.6164878,0.7796341,0.6033541,0.8034567,0.6301454,0.7870195,0.62935704,0.8177255,0.64679986,0.79251194,0.65010244,0.83154637
2025-01-01 05:19:00,0.61531055,0.7986058,0.6106083,0.77679133,0.6079775,0.79089636,0.5973039,0.765843,0.60192674,0.7947173,0.6164996,0.77964616,0.60336584,0.8034681,0.6301558,0.7870287,0.6293646,0.8177314,0.6468038,0.79251367,0.6501022,0.83154386
2025-01-01 05:20:00,0.6153061,0.7986036,0.6106082,0.77679354,0.60798174,0.79090273,0.59731185,0.7658526,0.6019375,0.79472905,0.61651176,0.77965856,0.603378,0.8034798,0.63016653,0.7870381,0.6293724,0.8177375,0.64680797,0.7925157,0.650102,0.83154154
2025-01-01 05:21:00,0.61530197,0.7986017,0.61060846,0.7767961,0.60798633,0.7909094,0.59732026,0.76586246,0.60194856,0.7947411,0.6165243,0.77967125,0.6033904,0.80349165,0.6301774,0.7870476,0.6293804,0.81774384,0.6468122,0.7925177,0.65010196,0.8315393
2025-01-01 05:22:00,0.61529815,0.7986001,0.610609,0.77679884,0.60799116,0.79091626,0.59732884,0.76587254,0.6019598,0.79475325,0.6165369,0.77968407,0.603403,0.80350363,0.6301884,0.78705734,0.6293885,0.8177501,0.64681655,0.7925199,0.65010196,0.83153707
2025-01-01 05:23:00,0.61529446,0.7985986,0.6106097,0.7768019,0.6079962,0.79092336,0.59733754,0.76588285,0.6019712,0.7947656,0.6165497,0.779697,0.6034156,0.8035157,0.63019943,0.78706706,0.6293967,0.8177565,0.64682084,0.7925221,0.6501019,0.8315348
2025-01-01 05:24:00,0.6152909,0.7985973,0.6106106,0.776805,0.60800135,0.7909305,0.5973464,0.7658932,0.6019828,0.794778,0.61656255,0.77970994,0.6034283,0.8035277,0.6302105,0.78707683,0.6294048,0.81776285,0.6468252,0.7925242,0.6501019,0.83153254
2025-01-01 05:25:00,0.6152875,0.7985961,0.61061156,0.77680814,0.60800666,0.7909378,0.59735537,0.76590365,0.6019944,0.79479045,0.6165755,0.779723,0.60344106,0.8035398,0.6302216,0.78708655,0.62941295,0.8177691,0.6468295,0.79252636,0.6501018,0.8315302
2025-01-01 05:26:00,0.61528414,0.79859495,0.6106127,0.7768114,0.608012,0.7909451,0.5973644,0.76591414,0.6020061,0.79480296,0.6165884,0.77973604,0.6034538,0.8035519,0.63023263,0.7870963,0.62942106,0.8177754,0.6468337,0.79252845,0.6501017,0.83152795
2025-01-01 05:27:00,0.61528087,0.7985939,0.6106138,0.77681476,0.60801744,0.79095244,0.5973735,0.7659247,0.6020178,0.7948155,0.6166014,0.77974904,0.6034665,0.803564,0.6302438,0.7871061,0.6294292,0.8177817,0.64683795,0.7925305,0.65010154,0.83152556
2025-01-01 05:28:00,0.6152777,0.7985929,0.6106151,0.7768182,0.608023,0.79095995,0.59738266,0.7659353,0.60202956,0.79482806,0.6166144,0.77976215,0.6034793,0.8035761,0.6302548,0.78711575,0.62943727,0.8177879,0.6468421,0.7925325,0.65010136,0.8315232
2025-01-01 05:29:00,0.6152746,0.79859203,0.6106164,0.77682173,0.6080286,0.79096746,0.5973919,0.765946,0.60204136,0.79484063,0.6166274,0.7797752,0.6034921,0.80358815,0.63026583,0.78712547,0.6294453,0.8177941,0.6468463,0.7925345,0.6501011,0.8315207
2025-01-01 05:30:00,0.6111789,0.7945913,0.6062678,0.772845,0.6037486,0.7875525,0.59336835,0.7622156,0.59849215,0.79155827,0.6132932,0.77644384,0.6005031,0.80094373,0.6278728,0.784398,0.6270364,0.8157753,0.6452243,0.7902866,0.6488574,0.8300079
2025-01-01 05:31:00,0.6085156,0.7919906,0.6034418,0.77026135,0.60096866,0.7853354,0.5907563,0.75979465,0.59618926,0.7894292,0.6111305,0.774283,0.5985646,0.7992291,0.62632114,0.78262854,0.62547326,0.8144651,0.64417136,0.7888261,0.6480489,0.8290237
2025-01-01 05:32:00,0.6067835,0.79029995,0.6016054,0.7685833,0.5991637,0.783897,0.58906174,0.75822484,0.5946966,0.7880497,0.6097293,0.772883,0.5973091,0.7981187,0.6253163,0.7814816,0.62446,0.81361556,0.64348835,0.7878774,0.64752316,0.82838297
2025-01-01 05:33:00,0.6056566,0.78920084,0.60041237,0.76749396,0.5979926,0.7829648,0.5879636,0.7572082,0.5937305,0.7871574,0.6088231,0.77197766,0.5964975,0.79740125,0.62466705,0.7807395,0.6238041,0.81306547,0.64304566,0.78726125,0.6471812,0.82796556
2025-01-01 05:34:00,0.60492325,0.78848624,0.59963745,0.76678723,0.5972335,0.7823616,0.58725315,0.75655127,0.59310675,0.78658193,0.60823864,0.7713937,0.5959743,0.79693896,0.6242488,0.7802604,0.6233805,0.8127099,0.64275926,0.78686136,0.6469587,0.8276932
2025-01-01 05:35:00,0.60444564,0.78802156,0.5991344,0.7663292,0.5967421,0.7819723,0.5867947,0.7561281,0.5927055,0.7862123,0.6078633,0.7710187,0.5956387,0.79664266,0.6239807,0.7799522,0.6231078,0.8124808,0.6425744,0.7866019,0.64681387,0.8275152
2025-01-01 05:36:00,0.6041342,0.7877194,0.59880805,0.76603293,0.5964248,0.78172195,0.58650005,0.7558568,0.5924489,0.7859765,0.60762393,0.7707795,0.595425,0.79645425,0.6238102,0.77975523,0.6229332,0.81233394,0.6424555,0.78643376,0.64671946,0.8273984
2025-01-01 05:37:00,0.60393095,0.78752285,0.5985966,0.7658418,0.5962208,0.7815621,0.5863119,0.7556844,0.5922863,0.7858277,0.60747296,0.7706286,0.5952905,0.79633594,0.6237031,0.7796304,0.6228224,0.8122405,0.6423795,0.786325,0.6466577,0.82732147
2025-01-01 05:38:00,0.6037979,0.78739506,0.5984598,0.76571894,0.59609026,0.781461,0.58619297,0.75557613,0.59218484,0.7857354,0.6073793,0.77053505,0.59520745,0.79626316,0.62363726,0.7795525,0.622753,0.81218165,0.64233136,0.78625476,0.64661735,0.8272704
2025-01-01 05:39:00,0.60371065,0.7873119,0.59837157,0.76564056,0.59600765,0.7813981,0.5861191,0.7555096,0.59212315,0.78567994,0.60732305,0.7704788,0.5951579,0.79621994,0.6235982,0.77950513,0.6227105,0.8121453,0.64230126,0.7862095,0.64659077,0.82723606
2025-01-01 05:40:00,0.6036531,0.78725773,0.598315,0.7655911,0.5959561,0.7813601,0.5860745,0.7554703,0.5920873,0.78564835,0.6072911,0.77044684,0.5951301,0.796196,0.6235765,0.77947754,0.62268555,0.8121237,0.6422829,0.7861806,0.6465731,0.82721263
2025-01-01 05:41:00,0.6036148,0.7872225,0.59827894,0.76556045,0.59592485,0.78133816,0.5860489,0.75544864,0.5920682,0.78563225,0.60727495,0.7704306,0.59511644,0.79618454,0.62356615,0.77946275,0.62267184,0.81211156,0.6422721,0.7861622,0.6465613,0.82719624
2025-01-01 05:42:00,0.6035891,0.7871996,0.59825623,0.76554203,0.5959067,0.7813268,0.58603567,0.7554384,0.59206,0.7856263,0.6072689,0.7704246,0.5951119,0.7961812,0.62356305,0.7794564,0.6226655,0.81210554,0.6422663,0.78615063,0.6465532,0.8271845
2025-01-01 05:43:00,0.6035717,0.7871847,0.5982423,0.7655316,0.59589714,0.7813223,0.58603054,0.7554357,0.592059,0.78562695,0.60726964,0.7704252,0.5951134,0.7961831,0.6235647,0.77945536,0.622664,0.8121035,0.64226365,0.7861435,0.64654756,0.8271756
2025-01-01 05:44:00,0.6035596,0.78717506,0.598234,0.7655263,0.5958932,0.7813223,0.58603066,0.75543785,0.5920626,0.78563184,0.6072747,0.7704302,0.59511876,0.7961885,0.6235695,0.7794578,0.6226655,0.812104,0.642263,0.7861392,0.6465435,0.8271687
2025-01-01 05:45:00,0.60355103,0.78716886,0.59822947,0.7655245,0.59589297,0.78132516,0.5860342,0.75544316,0.5920692,0.7856395,0.6072826,0.7704379,0.5951265,0.796196,0.6235762,0.7794626,0.6226691,0.8121062,0.6422637,0.78613675,0.64654034,0.8271629
2025-01-01 05:46:00,0.6035447,0.78716487,0.5982273,0.76552486,0.59589505,0.78133005,0.58603996,0.7554506,0.5920778,0.78564906,0.6072923,0.77044755,0.595136,0.7962049,0.6235843,0.7794688,0.62267387,0.8121095,0.6422652,0.78613544,0.64653784,0.827158
2025-01-01 05:47:00,0.60353994,0.78716236,0.5982268,0.7655268,0.5958987,0.7813361,0.5860473,0.75545937,0.5920877,0.7856597,0.6073032,0.7704583,0.59514654,0.7962149,0.62359315,0.7794759,0.6226795,0.8121134,0.6422673,0.7861349,0.64653575,0.82715356
2025-01-01 05:48:00,0.6035361,0.7871608,0.5982273,0.7655296,0.59590346,0.7813431,0.5860556,0.755469,0.59209836,0.7856711,0.6073149,0.77046984,0.5951577,0.7962253,0.6236025,0.7794836,0.62268555,0.8121177,0.6422697,0.78613484,0.64653385,0.82714933
2025-01-01 05:49:00,0.603533,0.7871599,0.5982286,0.76553303,0.5959088,0.78135055,0.5860644,0.7554793,0.5921097,0.7856831,0.60732704,0.7704819,0.5951693,0.7962361,0.6236122,0.7794917,0.622692,0.8121223,0.64227223,0.786135,0.6465321,0.82714534
2025-01-01 05:50:00,0.60353035,0.7871595,0.5982303,0.76553696,0.5959147,0.7813584,0.58607376,0.75548995,0.5921213,0.7856954,0.60733956,0.7704943,0.5951812,0.7962472,0.6236222,0.77950007,0.62269866,0.81212705,0.6422749,0.7861354,0.64653045,0.8271414
2025-01-01 05:51:00,0.603528,0.7871594,0.5982323,0.7655412,0.595921,0.7813665,0.58608335,0.75550085,0.59213316,0.78570783,0.60735226,0.7705068,0.59519327,0.79625845,0.6236322,0.7795086,0.62270534,0.8121318,0.64227766,0.78613585,0.64652884,0.82713753
2025-01-01 05:52:00,0.60352594,0.7871595,0.5982346,0.76554567,0.59592736,0.7813748,0.5860932,0.75551194,0.5921452,0.78572047,0.6073651,0.7705195,0.5952054,0.79626966,0.62364227,0.77951705,0.62271214,0.81213665,0.6422804,0.78613627,0.6465271,0.82713366
2025-01-01 05:53:00,0.60352397,0.78715974,0.59823704,0.7655503,0.5959339,0.7813832,0.5861031,0.75552315,0.59215736,0.7857332,0.607378,0.77053225,0.59521765,0.79628104,0.62365234,0.77952564,0.62271893,0.8121414,0.64228314,0.78613675,0.64652544,0.8271298
2025-01-01 05:54:00,0.6035222,0.78716016,0.59823966,0.7655551,0.59594065,0.78139174,0.58611315,0.75553447,0.5921696,0.78574604,0.607391,0.77054507,0.5952299,0.7962924,0.6236625,0.7795342,0.6227257,0.81214625,0.6422858,0.7861373,0.6465237,0.8271259
2025-01-01 05:55:00,0.6035204,0.7871607,0.5982424,0.7655599,0.5959475,0.7814004,0.58612335,0.7555459,0.5921819,0.7857589,0.60740405,0.77055794,0.5952422,0.7963038,0.6236726,0.7795428,0.6227325,0.812151,0.64228845,0.7861377,0.646522,0.827122
2025-01-01 05:56:00,0.6035188,0.7871613,0.5982452,0.76556486,0.5959544,0.781409,0.58613354,0.7555573,0.5921942,0.7857718,0.6074171,0.77057076,0.5952545,0.7963151,0.6236827,0.77955127,0.6227392,0.8121558,0.64229107,0.7861381,0.6465202,0.827118
2025-01-01 05:57:00,0.6035172,0.78716195,0.59824806,0.7655698,0.59596133,0.78141785,0.5861438,0.7555688,0.59220666,0.7857847,0.6074302,0.7705836,0.59526676,0.79632646,0.62369275,0.7795598,0.62274593,0.8121605,0.6422937,0.7861385,0.6465183,0.827114
2025-01-01 05:58:00,0.60351574,0.78716266,0.598251,0.7655749,0.5959684,0.78142667,0.5861541,0.75558037,0.5922191,0.78579766,0.60744333,0.7705965,0.59527904,0.7963378,0.6237028,0.7795683,0.6227526,0.8121652,0.6422962,0.7861388,0.6465164,0.8271099
2025-01-01 05:59:00,0.6035143,0.7871635,0.598254,0.76558,0.5959755,0.7814355,0.5861645,0.7555919,0.5922315,0.78581065,0.60745645,0.7706094,0.5952913,0.7963491,0.6237128,0.7795767,0.6227592,0.8121698,0.64229864,0.786139,0.6465144,0.82710576
2025-01-01 06:00:00,0.6002013,0.7836479,0.59471697,0.76209193,0.59256715,0.77857745,0.58305633,0.7524159,0.58966374,0.78312457,0.6050607,0.76785755,0.59331936,0.7943187,0.6222553,0.77742994,0.6213252,0.81080616,0.6416641,0.7844687,0.6462129,0.8261911
2025-01-01 06:01:00,0.5980475,0.78136307,0.59241897,0.75982654,0.59035426,0.77672285,0.5810398,0.75035566,0.5879991,0.7813832,0.60350806,0.7660733,0.59204185,0.7930028,0.6213114,0.7760374,0.62039536,0.8099213,0.6412524,0.783383,0.64601606,0.82559514
2025-01-01 06:02:00,0.5966471,0.7798784,0.59092647,0.758356,0.5889184,0.7755205,0.57973266,0.7490205,0.5869214,0.7802559,0.6025034,0.764918,0.5912157,0.7921514,0.6207013,0.77513516,0.61979324,0.8093477,0.6409856,0.78267723,0.64588743,0.82520616
2025-01-01 06:03:00,0.59573644,0.7789137,0.5899575,0.757402,0.58798766,0.77474225,0.57888675,0.7481568,0.5862254,0.7795277,0.601855,0.7641716,0.590683,0.7916019,0.6203081,0.7745516,0.6194041,0.80897635,0.6408129,0.7822185,0.645803,0.82495177
2025-01-01 06:04:00,0.59514415,0.7782871,0.5893288,0.7567838,0.5873853,0.77423954,0.57834065,0.7475995,0.58577734,0.77905893,0.6014381,0.7636909,0.590341,0.79124856,0.620056,0.7741751,0.61915326,0.8087365,0.6407014,0.78192025,0.64574724,0.8247849
2025-01-01 06:05:00,0.5947588,0.77788025,0.5889214,0.75638396,0.5869964,0.773916,0.5779894,0.7472414,0.5854905,0.7787588,0.6011717,0.7633829,0.5901229,0.7910228,0.61989546,0.77393323,0.61899245,0.80858207,0.64062965,0.78172636,0.6457102,0.8246748
2025-01-01 06:06:00,0.59450805,0.77761626,0.5886579,0.756126,0.5867463,0.77370894,0.5777648,0.74701273,0.58530843,0.77856827,0.6010031,0.76318717,0.5899853,0.7908799,0.61979455,0.7737788,0.61889005,0.8084831,0.6405837,0.7816002,0.64568526,0.8246016
2025-01-01 06:07:00,0.59434474,0.77744514,0.5884878,0.7559603,0.58658636,0.7735776,0.57762253,0.74686825,0.5851946,0.77844894,0.6008981,0.7630644,0.58990014,0.79079086,0.6197323,0.7736812,0.6188256,0.8084202,0.6405544,0.7815181,0.64566815,0.8245524
2025-01-01 06:08:00,0.59423834,0.7773344,0.58837855,0.75585455,0.586485,0.77349544,0.57753384,0.7467785,0.58512497,0.778376,0.6008344,0.7629891,0.58984894,0.79073685,0.61969525,0.7736206,0.6187859,0.8083807,0.64053607,0.7814646,0.6456561,0.82451874
2025-01-01 06:09:00,0.5941689,0.777263,0.5883088,0.75578785,0.58642185,0.7734453,0.57747996,0.7467243,0.5850841,0.7783331,0.6007976,0.7629445,0.5898199,0.79070556,0.61967444,0.77358395,0.6187622,0.8083564,0.6405248,0.7814297,0.6456474,0.82449526
2025-01-01 06:10:00,0.59412354,0.7772171,0.5882647,0.75574654,0.5863835,0.7734161,0.5774487,0.74669325,0.585062,0.77830976,0.6007783,0.7629201,0.58980525,0.79068905,0.6196644,0.77356285,0.61874884,0.80834204,0.64051807,0.7814068,0.6456408,0.82447827
2025-01-01 06:11:00,0.59409386,0.7771878,0.5882374,0.7557217,0.5863612,0.77340037,0.5774322,0.7466772,0.5850521,0.7782992,0.6007703,0.7629086,0.5897999,0.79068214,0.61966103,0.77355194,0.6187423,0.808334,0.6405143,0.7813918,0.6456355,0.82446545
2025-01-01 06:12:00,0.59407437,0.77716935,0.588221,0.7557077,0.58634955,0.7733934,0.57742524,0.746671,0.58505005,0.77829695,0.6007697,0.7629056,0.5898006,0.7906814,0.6196622,0.77354753,0.61874,0.8083301,0.6405124,0.7813818,0.6456311,0.82445544
2025-01-01 06:13:00,0.59406155,0.77715796,0.5882118,0.7557006,0.58634466,0.7733922,0.5774246,0.74667114,0.5850532,0.7783,0.6007738,0.762908,0.58980525,0.7906847,0.6196662,0.7735473,0.6187406,0.80832887,0.6405117,0.78137505,0.6456272,0.8244472
2025-01-01 06:14:00,0.594053,0.77715117,0.58820707,0.7556981,0.58634424,0.7733948,0.5774279,0.7466755,0.5850597,0.7783066,0.60078114,0.76291406,0.5898124,0.79069066,0.6196722,0.7735499,0.618743,0.8083294,0.64051175,0.78137046,0.6456236,0.8244401
2025-01-01 06:15:00,0.5940473,0.7771474,0.58820546,0.7556986,0.5863468,0.7733999,0.57743394,0.74668247,0.58506835,0.7783154,0.60079044,0.76292247,0.5898212,0.79069823,0.6196793,0.77355427,0.6187466,0.808331,0.6405124,0.7813671,0.6456203,0.8244337
2025-01-01 06:16:00,0.59404355,0.7771456,0.5882058,0.75570107,0.5863512,0.7734065,0.57744175,0.7466912,0.5850784,0.77832574,0.600801,0.7629323,0.58983105,0.79070693,0.6196871,0.77355975,0.61875093,0.8083333,0.64051324,0.78136474,0.64561707,0.8244277
2025-01-01 06:17:00,0.59404093,0.77714515,0.5882075,0.7557049,0.5863569,0.7734142,0.5774507,0.7467012,0.5850895,0.77833706,0.60081244,0.7629431,0.5898416,0.79071635,0.6196955,0.77356595,0.61875564,0.808336,0.64051425,0.78136283,0.6456139,0.82442206
2025-01-01 06:18:00,0.5940392,0.77714556,0.58821005,0.75570947,0.5863635,0.7734226,0.57746035,0.74671185,0.5851011,0.778349,0.6008245,0.7629545,0.58985263,0.7907262,0.6197041,0.7735726,0.6187607,0.808339,0.6405153,0.7813613,0.64561075,0.82441646
2025-01-01 06:19:00,0.59403807,0.7771466,0.5882132,0.7557147,0.5863705,0.7734315,0.5774705,0.746723,0.58511317,0.77836126,0.60083675,0.76296633,0.5898639,0.7907363,0.6197129,0.77357954,0.6187659,0.80834216,0.6405165,0.7813599,0.6456076,0.82441103
2025-01-01 06:20:00,0.59403723,0.77714795,0.5882167,0.75572026,0.58637804,0.77344066,0.57748103,0.7467345,0.58512545,0.7783739,0.6008494,0.76297843,0.5898753,0.79074657,0.6197219,0.77358663,0.6187712,0.8083454,0.64051765,0.78135866,0.6456044,0.8244056
2025-01-01 06:21:00,0.5940367,0.77714956,0.58822054,0.7557261,0.5863857,0.7734501,0.57749176,0.74674624,0.58513796,0.7783867,0.60086215,0.76299065,0.58988684,0.79075694,0.61973083,0.7735938,0.6187765,0.80834866,0.64051884,0.78135747,0.64560115,0.8244002
2025-01-01 06:22:00,0.59403634,0.7771514,0.5882245,0.7557321,0.5863936,0.7734597,0.57750267,0.74675816,0.5851506,0.77839965,0.60087496,0.763003,0.5898984,0.7907674,0.61973983,0.773601,0.6187818,0.8083519,0.6405199,0.78135633,0.6455979,0.82439476
2025-01-01 06:23:00,0.5940361,0.77715343,0.58822864,0.7557383,0.58640164,0.7734693,0.5775136,0.74677014,0.58516324,0.7784126,0.60088784,0.7630154,0.58991,0.7907778,0.61974883,0.7736082,0.61878717,0.8083551,0.64052105,0.78135514,0.64559454,0.8243893
2025-01-01 06:24:00,0.59403604,0.7771555,0.58823293,0.75574464,0.5864098,0.7734791,0.57752466,0.7467822,0.585176,0.7784256,0.60090077,0.76302785,0.5899216,0.79078823,0.61975783,0.7736155,0.6187925,0.8083583,0.64052206,0.7813539,0.6455912,0.8243838
2025-01-01 06:25:00,0.59403604,0.7771578,0.5882373,0.755751,0.58641803,0.77348894,0.5775358,0.74679434,0.5851888,0.7784386,0.6009137,0.7630403,0.5899332,0.79079866,0.61976683,0.77362263,0.6187977,0.8083615,0.6405231,0.7813526,0.64558774,0.8243783
2025-01-01 06:26:00,0.5940361,0.77716005,0.58824176,0.75575745,0.5864263,0.77349883,0.577547,0.74680644,0.58520156,0.7784516,0.60092664,0.7630527,0.58994484,0.7908091,0.6197758,0.77362984,0.61880296,0.8083646,0.640524,0.7813513,0.6455843,0.8243727
2025-01-01 06:27:00,0.59403634,0.77716243,0.5882463,0.75576407,0.5864347,0.7735088,0.5775583,0.7468187,0.58521444,0.77846473,0.6009396,0.76306516,0.5899564,0.79081947,0.61978465,0.773637,0.61880815,0.80836767,0.64052486,0.78134996,0.64558077,0.8243671
2025-01-01 06:28:00,0.5940366,0.77716494,0.58825094,0.7557707,0.5864431,0.7735188,0.57756954,0.746831,0.5852273,0.77847785,0.60095257,0.7630776,0.589968,0.79082984,0.61979353,0.7736441,0.6188133,0.8083707,0.6405257,0.7813485,0.6455772,0.82436144
2025-01-01 06:29:00,0.5940369,0.77716744,0.5882556,0.75577736,0.58645165,0.7735289,0.5775809,0.7468433,0.5852402,0.77849096,0.6009655,0.7630901,0.5899796,0.7908402,0.61980236,0.7736512,0.6188184,0.8083737,0.6405265,0.7813471,0.6455735,0.8243557
2025-01-01 06:30:00,0.5915657,0.7741999,0.5855931,0.7528405,0.5839757,0.7712788,0.5754436,0.74427867,0.5836998,0.77644914,0.5995512,0.7609671,0.5890597,0.7894599,0.6193064,0.77212346,0.618385,0.80768955,0.6408907,0.78028405,0.64621955,0.82405555
2025-01-01 06:31:00,0.5899597,0.772272,0.5838642,0.75093406,0.5823694,0.76981986,0.5740584,0.742616,0.5827032,0.7751265,0.5986365,0.75959146,0.5884658,0.78856635,0.6189871,0.7711329,0.6181051,0.80724573,0.6411276,0.7795925,0.6466381,0.8238583
2025-01-01 06:32:00,0.58891594,0.7710199,0.58274215,0.7496972,0.58132833,0.76887506,0.573162,0.7415396,0.5820598,0.7742714,0.5980464,0.7587017,0.58808374,0.787989,0.6187825,0.77049136,0.6179248,0.80695826,0.6412818,0.77914244,0.6469088,0.8237281
2025-01-01 06:33:00,0.58823776,0.7702069,0.58201456,0.7488957,0.5806547,0.7682646,0.5725834,0.74084425,0.5816462,0.7737202,0.59766734,0.7581276,0.5878394,0.7876173,0.6186525,0.77007675,0.6178093,0.8067723,0.64138216,0.7788492,0.64708346,0.8236413
2025-01-01 06:34:00,0.58779716,0.76967955,0.5815434,0.7483772,0.5802199,0.7678714,0.5722113,0.7403967,0.58138186,0.7733665,0.5974255,0.7577588,0.5876845,0.7873793,0.618571,0.7698096,0.61773586,0.8066523,0.64144754,0.778658,0.6471955,0.82358277
2025-01-01 06:35:00,0.58751106,0.7693377,0.5812389,0.74804264,0.5799404,0.76761943,0.5719735,0.74011004,0.5812146,0.7731412,0.5972728,0.75752336,0.58758783,0.7872281,0.61852103,0.7696383,0.6176898,0.8065753,0.6414901,0.77853304,0.6472669,0.8235426
2025-01-01 06:36:00,0.5873254,0.76911664,0.58104277,0.74782765,0.57976174,0.7674593,0.571823,0.73992807,0.5811104,0.7729993,0.59717804,0.7573746,0.587529,0.78713334,0.6184915,0.7695292,0.6176614,0.80652606,0.6415179,0.7784511,0.6473119,0.82351434
2025-01-01 06:37:00,0.587205,0.768974,0.5809171,0.74769044,0.5796488,0.7673588,0.57172924,0.73981416,0.5810472,0.77291167,0.59712094,0.7572822,0.5874947,0.78707516,0.6184752,0.7694607,0.6176446,0.8064949,0.64153606,0.77839714,0.64733964,0.8234938
2025-01-01 06:38:00,0.58712703,0.7688824,0.58083725,0.7476037,0.5795785,0.76729715,0.5716723,0.7397445,0.5810107,0.7728593,0.59708834,0.7572264,0.58747625,0.7870409,0.61846757,0.7694184,0.61763525,0.80647546,0.64154786,0.7783614,0.6473562,0.8234782
2025-01-01 06:39:00,0.5870767,0.768824,0.58078724,0.7475499,0.579536,0.7672608,0.5716394,0.73970366,0.5809915,0.77282983,0.59707165,0.7571944,0.58746827,0.7870221,0.6184655,0.7693932,0.61763066,0.80646366,0.64155555,0.77833736,0.64736545,0.8234658
2025-01-01 06:40:00,0.5870444,0.7687871,0.58075655,0.74751747,0.5795115,0.76724076,0.57162213,0.7396814,0.5809835,0.7728153,0.59706527,0.7571779,0.58746696,0.7870133,0.61846703,0.769379,0.6176293,0.80645674,0.64156055,0.77832097,0.64737,0.8234556
2025-01-01 06:41:00,0.5870238,0.7687643,0.5807385,0.7474989,0.57949877,0.76723146,0.571615,0.7396714,0.5809829,0.7728104,0.5970656,0.7571714,0.58747,0.787011,0.6184709,0.7693721,0.6176299,0.806453,0.64156383,0.7783095,0.64737135,0.8234467
2025-01-01 06:42:00,0.58701074,0.76875067,0.5807287,0.7474895,0.57949364,0.7672291,0.57161444,0.73966926,0.58098716,0.7728118,0.59707034,0.7571714,0.5874759,0.787013,0.61847633,0.7693697,0.6176318,0.8064513,0.641566,0.7783013,0.6473707,0.82343864
2025-01-01 06:43:00,0.58700275,0.768743,0.58072424,0.747486,0.5794935,0.7672313,0.57161826,0.73967224,0.58099437,0.77281725,0.59707785,0.7571757,0.5874835,0.78701764,0.6184827,0.76937044,0.61763453,0.80645096,0.64156723,0.7782951,0.64736867,0.82343113
2025-01-01 06:44:00,0.5869979,0.7687392,0.5807233,0.7474863,0.5794967,0.7672364,0.5716248,0.7396786,0.58100367,0.7728254,0.59708726,0.75718266,0.58749247,0.7870241,0.6184896,0.76937306,0.6176377,0.8064514,0.641568,0.7782903,0.64736575,0.8234239
2025-01-01 06:45:00,0.5869953,0.768738,0.5807246,0.74748915,0.579502,0.7672435,0.5716332,0.73968714,0.5810142,0.77283525,0.5970978,0.7571915,0.5875021,0.78703165,0.61849695,0.76937693,0.6176412,0.8064524,0.6415684,0.7782862,0.64736223,0.8234169
2025-01-01 06:46:00,0.58699405,0.76873845,0.58072746,0.7474936,0.5795086,0.76725185,0.5716428,0.7396971,0.5810257,0.7728463,0.59710914,0.7572014,0.58751225,0.78703994,0.61850446,0.7693816,0.61764497,0.80645365,0.64156854,0.7782827,0.64735836,0.82341003
2025-01-01 06:47:00,0.5869938,0.76874,0.58073133,0.74749917,0.5795162,0.767261,0.5716532,0.739708,0.5810377,0.77285796,0.59712094,0.75721204,0.5875227,0.7870487,0.61851215,0.76938677,0.6176488,0.8064552,0.64156854,0.77827954,0.6473541,0.82340324
2025-01-01 06:48:00,0.5869941,0.7687423,0.58073586,0.74750555,0.5795244,0.7672708,0.5716641,0.7397195,0.5810501,0.7728702,0.5971331,0.7572232,0.58753324,0.78705776,0.61851996,0.7693922,0.6176527,0.8064568,0.64156836,0.77827656,0.6473497,0.82339644
2025-01-01 06:49:00,0.5869948,0.7687451,0.5807408,0.74751234,0.579533,0.7672809,0.5716754,0.73973143,0.58106273,0.7728827,0.59714544,0.75723463,0.5875439,0.78706694,0.6185278,0.76939785,0.6176566,0.8064585,0.6415681,0.77827364,0.6473452,0.82338965
2025-01-01 06:50:00,0.58699596,0.7687483,0.58074605,0.74751943,0.5795419,0.76729125,0.57168686,0.7397436,0.5810755,0.7728954,0.59715784,0.7572462,0.58755463,0.78707623,0.6185356,0.7694036,0.61766046,0.80646014,0.6415677,0.77827084,0.64734054,0.8233828
2025-01-01 06:51:00,0.5869972,0.7687517,0.5807516,0.7475268,0.57955104,0.7673018,0.57169855,0.739756,0.58108836,0.7729083,0.59717035,0.75725794,0.5875654,0.78708553,0.6185434,0.76940936,0.61766434,0.8064618,0.6415673,0.77826804,0.64733577,0.8233759
2025-01-01 06:52:00,0.58699864,0.76875526,0.5807572,0.7475344,0.5795603,0.76731247,0.5717103,0.73976845,0.5811013,0.77292114,0.5971829,0.7572697,0.58757627,0.7870949,0.61855114,0.76941514,0.6176681,0.8064634,0.64156675,0.7782652,0.64733094,0.823369
2025-01-01 06:53:00,0.5870002,0.76875895,0.580763,0.7475421,0.57956964,0.7673232,0.5717221,0.739781,0.5811143,0.7729341,0.59719557,0.7572815,0.587587,0.78710425,0.6185589,0.7694209,0.6176719,0.80646497,0.64156616,0.7782623,0.64732605,0.8233621
2025-01-01 06:54:00,0.58700186,0.76876277,0.5807689,0.74754983,0.5795791,0.76733404,0.571734,0.73979366,0.5811273,0.7729471,0.59720814,0.75729334,0.58759785,0.7871136,0.6185666,0.7694267,0.6176756,0.8064665,0.64156544,0.7782594,0.64732105,0.82335514
2025-01-01 06:55:00,0.5870036,0.76876664,0.5807749,0.74755764,0.5795886,0.76734495,0.571746,0.73980635,0.58114034,0.77296007,0.59722084,0.75730515,0.58760864,0.78712296,0.61857426,0.76943237,0.6176793,0.806468,0.6415647,0.7782565,0.647316,0.8233481
2025-01-01 06:56:00,0.5870054,0.76877064,0.58078086,0.74756557,0.5795982,0.7673559,0.57175803,0.73981905,0.5811534,0.7729731,0.5972335,0.75731707,0.58761936,0.7871323,0.6185819,0.7694381,0.61768293,0.80646944,0.64156395,0.77825344,0.6473109,0.823341
2025-01-01 06:57:00,0.5870073,0.7687747,0.580787,0.74757355,0.5796078,0.7673669,0.57177,0.73983175,0.58116645,0.7729861,0.59724605,0.75732887,0.58763003,0.78714156,0.61858946,0.76944375,0.6176865,0.8064709,0.6415631,0.7782504,0.6473057,0.8233339
2025-01-01 06:58:00,0.58700925,0.7687788,0.5807932,0.7475816,0.57961744,0.767378,0.5717821,0.73984456,0.58117956,0.77299917,0.5972587,0.75734067,0.58764076,0.7871508,0.618597,0.76944935,0.61769,0.8064722,0.6415622,0.7782473,0.64730054,0.82332677
2025-01-01 06:59:00,0.5870113,0.768783,0.5807994,0.74758965,0.57962716,0.767389,0.5717942,0.7398573,0.5811927,0.7730122,0.59727126,0.7573525,0.5876514,0.78716,0.6186044,0.7694549,0.6176935,0.80647343,0.64156127,0.7782442,0.64729524,0.82331955
2025-01-01 07:00:00,0.5854261,0.7664162,0.57905906,0.7452565,0.578128,0.765787,0.570666,0.7379495,0.5807072,0.7716511,0.5968634,0.7558959,0.5878001,0.78645426,0.6190788,0.7685734,0.6182685,0.80648106,0.6429177,0.7778074,0.64887726,0.82363915
2025-01-01 07:01:00,0.5843965,0.76487935,0.5779301,0.74374276,0.5771569,0.76474965,0.569937,0.73671395,0.58039623,0.7707709,0.59660274,0.75495327,0.5879004,0.7859987,0.6193897,0.76800233,0.61864334,0.8064865,0.64379895,0.77752227,0.6499038,0.8238443
2025-01-01 07:02:00,0.5837281,0.763882,0.57719857,0.7427618,0.5765292,0.7640793,0.56946737,0.7359153,0.5801987,0.77020335,0.5964377,0.7543446,0.5879693,0.7857058,0.61959434,0.76763296,0.61888814,0.8064903,0.64437133,0.77733576,0.65056896,0.8239751
2025-01-01 07:03:00,0.58329445,0.7632353,0.57672536,0.742127,0.57612467,0.76364744,0.56916636,0.7354007,0.58007485,0.769839,0.5963347,0.75395304,0.5880177,0.78551847,0.6197298,0.7673947,0.61904836,0.80649316,0.64474297,0.77721334,0.6509995,0.82405746
2025-01-01 07:04:00,0.58301336,0.7628164,0.57642,0.7417174,0.57586527,0.76337075,0.56897503,0.73507065,0.57999897,0.7696067,0.5962722,0.7537026,0.58805287,0.78539985,0.6198205,0.7672416,0.61915356,0.80649525,0.644984,0.77713245,0.6512773,0.8241083
2025-01-01 07:05:00,0.58283156,0.7625459,0.5762239,0.74145406,0.57570004,0.7631948,0.5688549,0.7348607,0.5799542,0.76946026,0.59623593,0.7535439,0.58807933,0.7853259,0.6198818,0.7671439,0.61922306,0.806497,0.6451403,0.7770787,0.65145594,0.8241388
2025-01-01 07:06:00,0.58271426,0.76237166,0.57609874,0.7412859,0.5755963,0.7630845,0.56878114,0.73472875,0.5799297,0.7693696,0.5962167,0.75344473,0.5881002,0.7852809,0.6199242,0.7670822,0.6192692,0.80649835,0.64524126,0.77704245,0.65156996,0.8241559
2025-01-01 07:07:00,0.582639,0.76226,0.57601976,0.7411795,0.5755323,0.7630167,0.5687375,0.73464745,0.5799184,0.7693152,0.5962085,0.75338435,0.58811724,0.7852547,0.61995417,0.7670439,0.61930025,0.8064994,0.6453064,0.7770176,0.6516421,0.8241644
2025-01-01 07:08:00,0.5825909,0.7621891,0.57597077,0.74111336,0.5754942,0.76297665,0.5687135,0.7345991,0.57991564,0.76928437,0.5962075,0.7533491,0.588132,0.78524077,0.61997616,0.7670207,0.6193214,0.80650043,0.64534825,0.7770001,0.65168697,0.82416713
2025-01-01 07:09:00,0.58256054,0.7621447,0.5759413,0.7410735,0.5754731,0.7629546,0.56870216,0.73457223,0.57991844,0.7692689,0.5962112,0.7533303,0.5881452,0.78523475,0.6199928,0.7670074,0.6193361,0.80650127,0.6453748,0.77698743,0.6517141,0.8241662
2025-01-01 07:10:00,0.5825419,0.76211756,0.5759246,0.7410505,0.5754629,0.7629443,0.5686991,0.73455924,0.57992476,0.7692633,0.59621793,0.75332195,0.5881573,0.7852338,0.620006,0.7670004,0.6193467,0.8065019,0.64539146,0.77697784,0.6517296,0.8241629
2025-01-01 07:11:00,0.5825307,0.76210165,0.5759161,0.7410386,0.57545984,0.76294154,0.5687015,0.73455536,0.5799335,0.7692642,0.59622663,0.7533206,0.5881687,0.78523624,0.62001705,0.7669976,0.6193545,0.8065026,0.6454017,0.7769702,0.6517376,0.82415795
2025-01-01 07:12:00,0.58252436,0.76209307,0.575913,0.741034,0.57546145,0.7629438,0.56870735,0.7345574,0.5799438,0.7692693,0.5962366,0.7533237,0.58817965,0.7852408,0.6200265,0.76699734,0.6193605,0.8065032,0.64540774,0.77696395,0.65174073,0.824152
2025-01-01 07:13:00,0.5825213,0.76208925,0.5759135,0.74103403,0.57546616,0.76294935,0.5687155,0.73456323,0.57995504,0.76927716,0.5962474,0.75332963,0.5881904,0.78524685,0.62003505,0.7669989,0.6193653,0.80650365,0.64541095,0.7769584,0.65174055,0.8241453
2025-01-01 07:14:00,0.58252037,0.7620885,0.5759163,0.7410372,0.5754728,0.762957,0.56872517,0.7345716,0.57996696,0.7692867,0.5962587,0.7533375,0.5882008,0.78525364,0.6200429,0.7670015,0.61936927,0.8065041,0.64541245,0.7769534,0.65173835,0.82413816
2025-01-01 07:15:00,0.5825208,0.76208985,0.5759205,0.74104226,0.5754807,0.762966,0.5687358,0.73458153,0.5799793,0.7692975,0.5962703,0.7533465,0.58821106,0.78526103,0.6200504,0.76700485,0.6193727,0.8065044,0.6454127,0.77694863,0.65173477,0.8241307
2025-01-01 07:16:00,0.58252215,0.7620925,0.5759258,0.7410487,0.57548946,0.7629759,0.5687471,0.73459256,0.57999194,0.769309,0.5962822,0.75335634,0.58822125,0.7852688,0.62005746,0.7670086,0.6193758,0.8065047,0.64541215,0.77694416,0.65173024,0.8241231
2025-01-01 07:17:00,0.5825242,0.7620961,0.5759318,0.741056,0.5754989,0.76298636,0.5687588,0.73460424,0.5800047,0.7693209,0.59629416,0.7533667,0.5882314,0.7852768,0.6200644,0.7670126,0.6193786,0.80650496,0.6454111,0.7769397,0.65172505,0.8241153
2025-01-01 07:18:00,0.5825265,0.7621003,0.57593817,0.7410639,0.57550865,0.76299727,0.56877077,0.7346164,0.5800176,0.7693332,0.5963062,0.7533773,0.5882414,0.7852848,0.6200711,0.76701677,0.61938125,0.80650514,0.64540964,0.77693534,0.65171957,0.8241073
2025-01-01 07:19:00,0.58252925,0.76210487,0.5759449,0.74107224,0.57551867,0.7630085,0.568783,0.73462886,0.58003056,0.76934564,0.5963183,0.7533881,0.5882514,0.7852929,0.6200778,0.76702106,0.6193838,0.80650526,0.6454079,0.7769309,0.65171367,0.8240992
2025-01-01 07:20:00,0.58253217,0.76210976,0.5759518,0.74108076,0.57552886,0.7630198,0.5687952,0.73464143,0.58004355,0.7693582,0.5963304,0.7533991,0.58826125,0.7853011,0.62008435,0.7670253,0.6193862,0.8065053,0.645406,0.7769266,0.65170765,0.8240911
2025-01-01 07:21:00,0.5825352,0.76211476,0.57595897,0.7410895,0.5755392,0.76303136,0.5688076,0.7346542,0.5800566,0.76937085,0.59634256,0.7534101,0.58827114,0.7853093,0.6200908,0.7670296,0.61938846,0.8065054,0.645404,0.77692217,0.65170145,0.8240829
2025-01-01 07:22:00,0.5825384,0.76212,0.5759662,0.7410984,0.5755496,0.7630429,0.5688201,0.7346671,0.58006966,0.76938355,0.5963547,0.7534211,0.588281,0.7853175,0.6200972,0.7670338,0.6193907,0.8065053,0.64540184,0.7769177,0.65169513,0.8240746
2025-01-01 07:23:00,0.5825417,0.7621254,0.57597345,0.74110746,0.57556015,0.7630546,0.56883264,0.73468,0.5800827,0.7693963,0.5963668,0.75343215,0.58829075,0.7853256,0.62010354,0.76703805,0.6193928,0.8065052,0.6453996,0.7769132,0.6516887,0.8240663
2025-01-01 07:24:00,0.58254504,0.7621308,0.57598084,0.7411165,0.5755707,0.7630663,0.5688451,0.73469293,0.5800958,0.769409,0.5963789,0.7534432,0.58830047,0.7853337,0.6201098,0.7670423,0.6193949,0.806505,0.64539725,0.7769087,0.6516822,0.82405794
2025-01-01 07:25:00,0.5825485,0.7621363,0.5759883,0.74112564,0.5755814,0.76307803,0.5688577,0.7347059,0.5801089,0.76942176,0.596391,0.75345427,0.5883102,0.78534174,0.620116,0.76704645,0.6193969,0.80650485,0.6453948,0.7769041,0.6516757,0.82404953
2025-01-01 07:26:00,0.582552,0.7621419,0.5759958,0.74113494,0.57559204,0.7630899,0.5688703,0.734719,0.580122,0.7694346,0.5964031,0.7534653,0.58831984,0.7853498,0.6201222,0.76705056,0.61939883,0.80650455,0.64539236,0.7768995,0.651669,0.82404107
2025-01-01 07:27:00,0.5825556,0.76214755,0.5760034,0.7411442,0.5756027,0.7631017,0.56888294,0.734732,0.58013505,0.76944727,0.59641516,0.75347626,0.5883295,0.7853578,0.6201283,0.7670546,0.61940074,0.80650425,0.6453898,0.7768948,0.65166235,0.8240326
2025-01-01 07:28:00,0.5825592,0.76215327,0.576011,0.74115354,0.5756135,0.76311356,0.5688956,0.734745,0.58014816,0.76946,0.59642714,0.7534872,0.5883391,0.7853657,0.62013435,0.7670586,0.6194026,0.80650383,0.6453872,0.7768901,0.6516556,0.8240241
2025-01-01 07:29:00,0.5825629,0.762159,0.5760187,0.7411629,0.5756243,0.7631254,0.5689082,0.7347581,0.5801612,0.7694727,0.5964392,0.75349814,0.5883486,0.78537357,0.6201403,0.76706254,0.6194044,0.8065034,0.64538455,0.7768853,0.6516489,0.82401544
2025-01-01 07:30:00,0.581892,0.7604354,0.57523155,0.7394748,0.57512844,0.7622003,0.5688092,0.73354125,0.5807395,0.7688166,0.5970455,0.75273436,0.5895635,0.7853554,0.62157685,0.7668432,0.6209777,0.80720294,0.6477094,0.7770826,0.654139,0.8249493
2025-01-01 07:31:00,0.58145726,0.7593171,0.57472265,0.73838085,0.57480997,0.7616031,0.5687493,0.7327549,0.5811199,0.76839453,0.5974438,0.7522417,0.59035647,0.7853462,0.62251264,0.7667019,0.62200093,0.8076574,0.64921963,0.7772091,0.65575504,0.82555324
2025-01-01 07:32:00,0.58117604,0.75859237,0.57439464,0.7376731,0.57460684,0.7612192,0.56871486,0.7322483,0.5813718,0.76812464,0.59770685,0.75192523,0.59087515,0.78534293,0.623123,0.76661134,0.6226666,0.8079526,0.6502002,0.77728957,0.6568031,0.82594275
2025-01-01 07:33:00,0.58099467,0.7581234,0.57418424,0.7372165,0.5744786,0.7609739,0.5686969,0.73192364,0.58154005,0.76795363,0.597882,0.75172335,0.5912156,0.78534347,0.6235216,0.7665537,0.62309974,0.80814415,0.6508365,0.77734005,0.6574818,0.8261928
2025-01-01 07:34:00,0.58087814,0.7578207,0.57405025,0.736923,0.57439905,0.7608186,0.5686897,0.73171717,0.58165395,0.7678469,0.59799993,0.7515958,0.59144014,0.7853465,0.6237827,0.7665175,0.6233818,0.80826837,0.6512491,0.7773711,0.6579205,0.8263523
2025-01-01 07:35:00,0.58080393,0.7576261,0.57396597,0.73673564,0.57435125,0.7607219,0.5686895,0.7315875,0.5817326,0.7677819,0.59808075,0.75151664,0.5915893,0.78535104,0.6239544,0.7664952,0.6235656,0.80834883,0.6515162,0.77738947,0.6582032,0.8264528
2025-01-01 07:36:00,0.5807571,0.75750184,0.573914,0.73661727,0.5743241,0.76066333,0.5686939,0.7315079,0.58178824,0.7677441,0.5981374,0.75146896,0.59168947,0.78535664,0.62406796,0.766482,0.6236856,0.8084008,0.6516887,0.77739954,0.6583843,0.82651496
2025-01-01 07:37:00,0.5807282,0.7574232,0.57388306,0.7365437,0.57431024,0.7606294,0.5687011,0.73146063,0.58182895,0.7677239,0.5981783,0.75144166,0.5917578,0.78536296,0.6241437,0.76647455,0.623764,0.8084342,0.6517997,0.77740425,0.6584996,0.8265523
2025-01-01 07:38:00,0.5807108,0.75737435,0.57386583,0.7364993,0.5743051,0.76061165,0.5687103,0.7314345,0.58186,0.76771516,0.5982091,0.7514276,0.59180534,0.7853696,0.62419486,0.7664709,0.6238153,0.8084555,0.65187067,0.7774054,0.65857196,0.8265733
2025-01-01 07:39:00,0.5807011,0.7573448,0.5738575,0.7364739,0.5743058,0.7606043,0.56872076,0.7314221,0.58188474,0.7677139,0.5982331,0.7514221,0.5918395,0.7853765,0.62422997,0.76646966,0.62384903,0.808469,0.65191567,0.77740425,0.65861636,0.82658386
2025-01-01 07:40:00,0.58069634,0.7573278,0.573855,0.73646086,0.57431006,0.7606039,0.5687321,0.73141867,0.5819054,0.7677175,0.59825283,0.7514223,0.5918648,0.78538346,0.62425464,0.76647,0.6238714,0.80847734,0.65194374,0.7774016,0.6586427,0.8265875
2025-01-01 07:41:00,0.5806948,0.75731903,0.5738562,0.73645586,0.57431674,0.76060784,0.56874394,0.731421,0.58192337,0.76772416,0.59826976,0.751426,0.59188443,0.78539056,0.6242725,0.7664713,0.6238862,0.80848235,0.6519608,0.777398,0.65865713,0.82658666
2025-01-01 07:42:00,0.5806954,0.75731564,0.57385993,0.7364561,0.5743251,0.7606147,0.5687561,0.73142713,0.5819396,0.76773286,0.59828484,0.7514321,0.5919003,0.78539777,0.62428606,0.76647335,0.6238962,0.80848515,0.6519706,0.77739364,0.6586639,0.82658285
2025-01-01 07:43:00,0.5806973,0.75731575,0.57386535,0.73645973,0.5743344,0.76062346,0.56876856,0.73143566,0.58195466,0.7677429,0.5982987,0.7514397,0.59191376,0.78540486,0.62429667,0.7664757,0.623903,0.80848646,0.6519758,0.77738893,0.6586657,0.8265771
2025-01-01 07:44:00,0.5807002,0.7573181,0.5738718,0.7364656,0.57434446,0.7606334,0.5687811,0.7314458,0.58196896,0.7677537,0.5983118,0.7514483,0.5919256,0.785412,0.62430525,0.76647824,0.6239076,0.8084869,0.6519779,0.7773838,0.6586642,0.8265702
2025-01-01 07:45:00,0.58070374,0.75732195,0.57387894,0.7364729,0.57435495,0.7606442,0.5687938,0.731457,0.58198285,0.7677651,0.59832424,0.7514575,0.5919364,0.78541905,0.62431264,0.766481,0.62391096,0.80848664,0.651978,0.7773785,0.65866053,0.82656246
2025-01-01 07:46:00,0.5807076,0.7573269,0.5738866,0.7364812,0.57436574,0.7606555,0.5688065,0.73146886,0.5819964,0.7677769,0.59833646,0.7514671,0.5919465,0.78542614,0.62431926,0.7664837,0.62391335,0.8084859,0.65197676,0.777373,0.6586555,0.8265541
2025-01-01 07:47:00,0.58071184,0.7573324,0.57389456,0.73649013,0.5743767,0.7606672,0.56881934,0.73148113,0.5820097,0.7677889,0.5983484,0.7514769,0.591956,0.78543323,0.6243253,0.7664866,0.62391514,0.8084849,0.6519747,0.7773674,0.65864956,0.8265454
2025-01-01 07:48:00,0.5807163,0.75733835,0.5739027,0.7364995,0.5743878,0.7606791,0.56883216,0.7314937,0.58202285,0.76780105,0.5983601,0.7514868,0.5919654,0.7854402,0.62433094,0.7664894,0.62391657,0.8084837,0.65197194,0.7773617,0.6586429,0.8265365
2025-01-01 07:49:00,0.5807209,0.75734466,0.5739111,0.73650914,0.5743991,0.7606911,0.5688451,0.73150647,0.58203596,0.76781327,0.5983718,0.75149685,0.59197444,0.7854472,0.6243363,0.7664921,0.6239176,0.8084823,0.65196884,0.7773559,0.6586359,0.8265273
2025-01-01 07:50:00,0.5807256,0.75735116,0.57391953,0.73651904,0.57441044,0.7607033,0.56885797,0.73151934,0.582049,0.7678255,0.5983834,0.7515069,0.5919834,0.78545403,0.6243414,0.76649487,0.6239185,0.80848074,0.6519654,0.77735007,0.6586285,0.826518
2025-01-01 07:51:00,0.58073044,0.75735784,0.5739282,0.73652905,0.5744218,0.76071554,0.5688709,0.7315323,0.582062,0.76783776,0.5983949,0.75151706,0.59199214,0.7854609,0.6243465,0.7664976,0.6239192,0.80847913,0.6519618,0.77734417,0.658621,0.82650864
2025-01-01 07:52:00,0.5807353,0.75736463,0.5739368,0.7365392,0.57443327,0.7607279,0.56888384,0.7315453,0.58207494,0.76785004,0.5984064,0.75152713,0.5920008,0.7854677,0.62435144,0.7665003,0.6239198,0.8084774,0.65195805,0.77733815,0.6586133,0.82649916
2025-01-01 07:53:00,0.5807402,0.75737154,0.57394546,0.7365493,0.5744448,0.7607402,0.5688968,0.7315584,0.5820879,0.7678623,0.59841776,0.7515372,0.5920094,0.7854745,0.6243562,0.7665029,0.62392026,0.8084757,0.65195423,0.7773321,0.6586055,0.8264896
2025-01-01 07:54:00,0.5807453,0.75737846,0.5739543,0.73655957,0.5744563,0.7607526,0.5689097,0.73157144,0.58210075,0.7678746,0.5984291,0.7515473,0.59201795,0.78548115,0.624361,0.7665055,0.6239206,0.8084738,0.65195024,0.77732605,0.6585976,0.82648003
2025-01-01 07:55:00,0.58075035,0.7573855,0.5739631,0.7365698,0.57446784,0.760765,0.5689227,0.73158455,0.5821136,0.7678869,0.5984404,0.7515573,0.5920264,0.78548783,0.6243656,0.766508,0.623921,0.80847186,0.6519462,0.7773199,0.65858966,0.8264704
2025-01-01 07:56:00,0.58075553,0.7573926,0.573972,0.7365802,0.5744794,0.76077753,0.56893563,0.73159766,0.5821265,0.76789916,0.5984517,0.7515673,0.5920349,0.78549445,0.6243702,0.7665104,0.6239212,0.8084699,0.6519421,0.7773137,0.6585816,0.82646066
2025-01-01 07:57:00,0.5807607,0.75739974,0.5739809,0.7365906,0.574491,0.76079,0.5689486,0.7316108,0.5821393,0.7679114,0.59846294,0.75157726,0.5920433,0.785501,0.62437475,0.7665128,0.6239214,0.80846786,0.65193784,0.77730745,0.65857357,0.82645094
2025-01-01 07:58:00,0.58076596,0.75740695,0.57398987,0.73660105,0.57450265,0.76080245,0.5689616,0.7316238,0.5821522,0.7679236,0.5984742,0.7515872,0.59205157,0.7855075,0.6243793,0.76651514,0.6239215,0.8084657,0.6519336,0.7773012,0.6585654,0.82644117
2025-01-01 07:59:00,0.58077127,0.7574142,0.57399887,0.73661155,0.5745143,0.76081496,0.5689746,0.73163694,0.582165,0.7679358,0.5984854,0.7515971,0.59205985,0.78551394,0.6243837,0.7665174,0.6239216,0.8084636,0.65192926,0.7772948,0.6585572,0.8264314
2025-01-01 08:00:00,0.5810266,0.7563648,0.57417905,0.73559916,0.57503086,0.7605833,0.5699067,0.7311331,0.58379656,0.76799655,0.6000947,0.75153977,0.594319,0.7861836,0.62675637,0.76696396,0.6264648,0.8098421,0.65518045,0.77812284,0.66191036,0.82796276
2025-01-01 08:01:00,0.5811945,0.75568527,0.57429945,0.73494476,0.5753707,0.760437,0.5705171,0.7308102,0.5848616,0.7680403,0.6011446,0.7515059,0.5957902,0.7866211,0.6283001,0.7672549,0.6281178,0.8107374,0.6572921,0.77865875,0.66408706,0.82895464
2025-01-01 08:02:00,0.58130556,0.75524616,0.5743809,0.7345231,0.57559586,0.7603464,0.57091844,0.7306049,0.5855583,0.7680729,0.60183096,0.7514873,0.5967493,0.7869077,0.62930495,0.76744473,0.6291922,0.8113184,0.6586631,0.77900475,0.6654989,0.82959586
2025-01-01 08:03:00,0.5813798,0.7549634,0.5744371,0.7342528,0.57574624,0.76029193,0.5711839,0.730476,0.5860156,0.76809835,0.6022809,0.75147855,0.5973755,0.7870961,0.6299595,0.76756877,0.62989044,0.8116952,0.65955263,0.7792273,0.6664136,0.8300091
2025-01-01 08:04:00,0.58142996,0.75478226,0.5744768,0.73408085,0.57584816,0.7602609,0.571361,0.7303968,0.5863173,0.7681191,0.6025772,0.7514763,0.5977854,0.78722066,0.6303864,0.7676501,0.63034415,0.81193924,0.6601292,0.7793697,0.66700524,0.8302742
2025-01-01 08:05:00,0.5814646,0.75466716,0.57450587,0.73397285,0.57591856,0.7602452,0.5714807,0.73034996,0.5865179,0.7681368,0.60277367,0.75147814,0.5980546,0.78730375,0.6306653,0.7677036,0.630639,0.812097,0.6605023,0.77945983,0.6673868,0.830443
2025-01-01 08:06:00,0.58148915,0.75459504,0.5745281,0.73390645,0.5759685,0.7602394,0.57156307,0.7303241,0.5866527,0.76815253,0.60290515,0.7514827,0.5982323,0.7873599,0.630848,0.767739,0.63083047,0.8121986,0.6607431,0.7795161,0.6676318,0.8305492
2025-01-01 08:07:00,0.58150715,0.75455093,0.5745458,0.7338671,0.5760051,0.7602401,0.5716212,0.7303118,0.5867448,0.7681669,0.60299444,0.751489,0.5983506,0.78739846,0.6309681,0.7677626,0.6309548,0.81226367,0.6608979,0.77955025,0.667788,0.8306146
2025-01-01 08:08:00,0.58152086,0.7545249,0.5745606,0.73384523,0.57603306,0.7602449,0.57166344,0.7303084,0.5868091,0.76818043,0.60305625,0.7514964,0.5984302,0.78742564,0.6310475,0.7677785,0.6310353,0.81230503,0.6609969,0.77957004,0.66788656,0.8306536
2025-01-01 08:09:00,0.5815319,0.75451076,0.5745736,0.73383486,0.5760554,0.7602525,0.57169557,0.73031074,0.5868553,0.7681934,0.60310024,0.75150454,0.59848464,0.7874453,0.6311005,0.7677894,0.6310875,0.8123309,0.6610595,0.7795805,0.66794753,0.83067536
2025-01-01 08:10:00,0.5815411,0.75450426,0.5745853,0.73383194,0.5760741,0.7602619,0.5717211,0.7303169,0.5868898,0.76820606,0.60313267,0.7515131,0.5985228,0.78746015,0.6311362,0.76779705,0.63112116,0.8123467,0.66109836,0.7795849,0.6679841,0.8306859
2025-01-01 08:11:00,0.5815492,0.75450283,0.5745963,0.73383385,0.5760905,0.76027244,0.5717422,0.73032534,0.5869167,0.7682184,0.60315746,0.75152194,0.5985502,0.7874718,0.6311607,0.76780254,0.6311428,0.812356,0.6611219,0.77958524,0.6680048,0.83068913
2025-01-01 08:12:00,0.5815566,0.7545047,0.5746068,0.7338389,0.57610536,0.76028377,0.5717605,0.7303355,0.5869385,0.76823056,0.60317737,0.7515309,0.5985707,0.7874813,0.6311779,0.76780665,0.63115656,0.812361,0.66113544,0.779583,0.6680152,0.83068764
2025-01-01 08:13:00,0.58156353,0.75450873,0.57461697,0.7338461,0.57611924,0.7602956,0.5717769,0.7303466,0.5869571,0.76824266,0.60319406,0.75154,0.59858674,0.7874895,0.6311903,0.7678098,0.63116527,0.8123631,0.6611424,0.77957904,0.6680188,0.830683
2025-01-01 08:14:00,0.58157027,0.75451416,0.574627,0.73385465,0.5761325,0.7603078,0.57179224,0.7303584,0.5869736,0.76825464,0.6032086,0.7515491,0.59859973,0.7874968,0.6311996,0.7678123,0.6311706,0.81236345,0.66114515,0.779574,0.66801804,0.8306764
2025-01-01 08:15:00,0.58157676,0.7545205,0.57463694,0.73386407,0.5761453,0.7603201,0.5718067,0.73037064,0.5869888,0.7682665,0.60322183,0.7515583,0.5986108,0.78750354,0.63120687,0.7678144,0.63117373,0.81236255,0.66114503,0.7795682,0.6680144,0.8306684
2025-01-01 08:16:00,0.5815832,0.75452745,0.5746468,0.7338741,0.5761579,0.7603327,0.57182074,0.73038316,0.58700305,0.76827836,0.6032341,0.7515674,0.5986206,0.78750974,0.6312128,0.7678161,0.6311754,0.8123608,0.6611431,0.7795618,0.6680088,0.8306595
2025-01-01 08:17:00,0.58158964,0.75453484,0.57465667,0.73388445,0.5761704,0.7603453,0.5718344,0.7303958,0.5870167,0.76829016,0.6032458,0.7515766,0.5986296,0.7875157,0.6312178,0.7678177,0.6311761,0.81235856,0.66114,0.77955514,0.66800207,0.83065003
2025-01-01 08:18:00,0.581596,0.7545425,0.57466644,0.7338951,0.5761827,0.7603579,0.5718479,0.73040855,0.58703,0.7683019,0.6032571,0.7515857,0.59863794,0.7875215,0.6312221,0.76781905,0.6311762,0.81235594,0.6611361,0.7795482,0.66799456,0.8306402
2025-01-01 08:19:00,0.5816024,0.7545504,0.57467633,0.7339059,0.576195,0.7603707,0.57186127,0.7304215,0.5870429,0.7683136,0.6032681,0.75159484,0.5986459,0.78752714,0.6312261,0.7678203,0.63117576,0.8123531,0.6611316,0.77954113,0.66798645,0.83063006
2025-01-01 08:20:00,0.58160883,0.7545585,0.57468617,0.73391694,0.5762072,0.7603834,0.5718745,0.7304344,0.5870558,0.7683253,0.60327893,0.7516039,0.5986537,0.7875326,0.6312299,0.7678215,0.6311751,0.81235,0.6611268,0.7795339,0.6679779,0.8306198
2025-01-01 08:21:00,0.58161527,0.7545666,0.574696,0.73392797,0.57621944,0.76039624,0.57188773,0.73044735,0.58706844,0.76833695,0.6032896,0.7516129,0.59866124,0.787538,0.6312334,0.76782256,0.6311742,0.81234676,0.6611217,0.7795266,0.6679692,0.83060944
2025-01-01 08:22:00,0.58162177,0.7545749,0.5747059,0.7339392,0.5762317,0.7604091,0.5719009,0.7304603,0.5870811,0.76834863,0.60330015,0.7516219,0.59866863,0.78754336,0.63123673,0.7678236,0.63117313,0.8123434,0.6611164,0.7795192,0.6679603,0.8305989
2025-01-01 08:23:00,0.58162826,0.7545832,0.57471585,0.7339503,0.57624394,0.76042193,0.5719141,0.7304732,0.58709365,0.76836026,0.6033107,0.75163084,0.59867597,0.78754866,0.63123995,0.76782453,0.63117194,0.81234,0.661111,0.77951175,0.6679513,0.8305883
2025-01-01 08:24:00,0.5816349,0.7545915,0.57472587,0.7339616,0.5762562,0.7604348,0.5719272,0.7304862,0.58710617,0.7683719,0.60332114,0.7516397,0.5986832,0.7875538,0.6312431,0.76782537,0.6311707,0.8123365,0.6611055,0.7795042,0.6679421,0.8305777
2025-01-01 08:25:00,0.5816415,0.7546,0.5747359,0.73397285,0.57626843,0.7604477,0.57194024,0.73049915,0.5871186,0.76838344,0.60333157,0.75164855,0.5986903,0.7875589,0.63124615,0.7678262,0.6311693,0.8123329,0.66109985,0.7794966,0.66793287,0.830567
2025-01-01 08:26:00,0.5816482,0.75460845,0.57474595,0.7339842,0.5762807,0.76046056,0.57195336,0.73051214,0.5871311,0.76839495,0.6033419,0.75165737,0.59869736,0.787564,0.6312491,0.7678269,0.6311679,0.81232923,0.6610942,0.779489,0.6679236,0.8305562
2025-01-01 08:27:00,0.5816549,0.754617,0.574756,0.73399556,0.57629305,0.7604735,0.57196647,0.7305251,0.5871435,0.7684065,0.6033522,0.7516661,0.59870434,0.787569,0.63125205,0.76782763,0.63116634,0.81232554,0.6610884,0.77948123,0.6679142,0.8305454
2025-01-01 08:28:00,0.58166164,0.75462556,0.57476616,0.73400694,0.5763054,0.76048636,0.5719796,0.730538,0.5871559,0.76841795,0.6033624,0.75167483,0.59871125,0.787574,0.6312549,0.7678282,0.6311647,0.8123218,0.66108257,0.77947354,0.6679048,0.83053464
2025-01-01 08:29:00,0.5816685,0.7546342,0.57477635,0.7340184,0.5763177,0.76049924,0.5719927,0.73055094,0.5871683,0.7684294,0.60337263,0.75168353,0.59871817,0.7875789,0.63125765,0.7678288,0.6311631,0.8123179,0.66107666,0.77946573,0.6678954,0.8305238
2025-01-01 08:30:00,0.5828456,0.7542774,0.57592064,0.7336992,0.5778374,0.7609649,0.57393914,0.7307687,0.58982396,0.7692058,0.6059564,0.7523334,0.60198116,0.78892416,0.6345244,0.7689334,0.6346311,0.8143511,0.6651964,0.7809095,0.672052,0.8326251
2025-01-01 08:31:00,0.5836133,0.7540486,0.5766681,0.73349583,0.5788296,0.7612721,0.57520896,0.73091465,0.59155446,0.7697145,0.6076393,0.7527588,0.60410446,0.78980017,0.63664865,0.7696515,0.6368846,0.8156712,0.66787213,0.78184503,0.6747505,0.8339871
2025-01-01 08:32:00,0.5841147,0.753903,0.5771575,0.73336756,0.5794788,0.7614763,0.5760389,0.731014,0.59268355,0.77004904,0.6087368,0.7530383,0.6054869,0.79037124,0.6380303,0.77011836,0.63834876,0.81652784,0.6696092,0.7824504,0.67650115,0.8348686
2025-01-01 08:33:00,0.58444303,0.7538114,0.57747924,0.73328835,0.57990515,0.7616136,0.57658297,0.7310832,0.5934218,0.7702705,0.6094537,0.7532228,0.60638785,0.79074407,0.63892925,0.7704219,0.63929975,0.81708324,0.67073613,0.7828411,0.6776356,0.83543766
2025-01-01 08:34:00,0.58465904,0.75375503,0.5776921,0.7332409,0.58018667,0.76170737,0.5769412,0.7311326,0.5939059,0.7704184,0.60992306,0.7533458,0.60697573,0.79098797,0.6395144,0.7706193,0.63991714,0.8174428,0.67146647,0.78309214,0.67836964,0.83580375
2025-01-01 08:35:00,0.5848019,0.7537215,0.57783407,0.7332141,0.580374,0.7617728,0.5771786,0.7311692,0.5942249,0.7705184,0.6102317,0.7534286,0.6073601,0.79114807,0.63989556,0.7707476,0.64031774,0.817675,0.67193896,0.78325254,0.6788434,0.83603776
2025-01-01 08:36:00,0.5848974,0.7537028,0.57793,0.7332008,0.5805001,0.76181996,0.5773375,0.73119754,0.59443647,0.7705874,0.6104357,0.7534853,0.60761225,0.7912537,0.6401441,0.77083105,0.6405773,0.81782436,0.67224383,0.78335387,0.67914784,0.83618605
2025-01-01 08:37:00,0.58496195,0.7536939,0.5779961,0.7331962,0.58058655,0.7618551,0.5774454,0.7312204,0.59457827,0.7706361,0.6105718,0.7535251,0.6077784,0.79132396,0.6403065,0.7708853,0.64074534,0.81791997,0.6724398,0.78341687,0.6793423,0.83627844
2025-01-01 08:38:00,0.5850064,0.75369126,0.5780427,0.73319733,0.5806471,0.76188254,0.57752013,0.7312398,0.5946747,0.77067167,0.6106637,0.7535538,0.6078886,0.79137105,0.64041275,0.7709205,0.64085376,0.8179806,0.6725649,0.78345495,0.6794653,0.8363346
2025-01-01 08:39:00,0.585038,0.7536927,0.57807666,0.73320216,0.58069086,0.7619049,0.57757324,0.73125684,0.5947416,0.7706987,0.61072683,0.7535753,0.6079624,0.7914032,0.64048254,0.7709434,0.64092344,0.8180184,0.672644,0.7834767,0.6795417,0.8363672
2025-01-01 08:40:00,0.5850611,0.75369686,0.57810247,0.73320943,0.5807237,0.76192397,0.57761234,0.7312724,0.5947893,0.7707202,0.6107713,0.7535922,0.6080126,0.7914256,0.6405287,0.7709582,0.6409679,0.8180414,0.67269313,0.783488,0.67958796,0.8363844
2025-01-01 08:41:00,0.5850788,0.75370276,0.57812303,0.7332183,0.58074945,0.761941,0.5776424,0.73128694,0.59482455,0.77073795,0.6108036,0.75360596,0.6080474,0.79144156,0.6405593,0.7709677,0.6409959,0.81805474,0.6727227,0.7834924,0.6796144,0.8363916
2025-01-01 08:42:00,0.5850929,0.75370985,0.5781401,0.73322815,0.5807706,0.7619566,0.5776664,0.73130095,0.5948517,0.7707534,0.610828,0.7536177,0.60807216,0.7914534,0.6405799,0.7709738,0.64101326,0.8180618,0.6727396,0.78349227,0.6796282,0.83639246
2025-01-01 08:43:00,0.58510464,0.7537177,0.5781549,0.73323876,0.58078873,0.7619713,0.57768667,0.7313145,0.59487355,0.7707672,0.61084723,0.75362813,0.60809046,0.79146254,0.640594,0.7709777,0.64102364,0.81806475,0.67274827,0.7834892,0.67963356,0.83638895
2025-01-01 08:44:00,0.585115,0.7537261,0.57816833,0.7332498,0.580805,0.76198536,0.5777044,0.7313277,0.594892,0.7707801,0.6108631,0.75363773,0.6081044,0.7914699,0.6406038,0.77098,0.6410295,0.818065,0.67275155,0.7834842,0.67963356,0.8363827
2025-01-01 08:45:00,0.58512443,0.7537348,0.57818085,0.7332611,0.58081996,0.76199913,0.5777205,0.73134077,0.5949081,0.77079225,0.6108767,0.7536467,0.60811555,0.79147595,0.64061075,0.77098143,0.64103234,0.81806356,0.67275125,0.78347796,0.67963,0.83637464
2025-01-01 08:46:00,0.58513325,0.7537438,0.5781927,0.7332726,0.58083415,0.76201266,0.57773554,0.73135364,0.59492284,0.770804,0.6108889,0.75365525,0.608125,0.7914813,0.6406159,0.77098215,0.64103323,0.8180609,0.6727487,0.7834709,0.67962414,0.8363654
2025-01-01 08:47:00,0.5851417,0.75375295,0.5782043,0.73328424,0.5808478,0.762026,0.5777499,0.7313665,0.59493655,0.77081543,0.6109001,0.7536636,0.6081331,0.7914862,0.6406198,0.7709824,0.6410329,0.81805736,0.67274463,0.7834633,0.6796167,0.8363554
2025-01-01 08:48:00,0.58514994,0.7537622,0.5782156,0.73329604,0.5808611,0.76203924,0.5777638,0.73137933,0.59494966,0.77082664,0.6109108,0.7536717,0.6081404,0.7914906,0.6406229,0.7709824,0.6410317,0.8180534,0.67273957,0.7834553,0.67960835,0.83634484
2025-01-01 08:49:00,0.5851581,0.7537715,0.57822675,0.7333079,0.5808742,0.7620524,0.5777774,0.731392,0.59496236,0.77083766,0.6109209,0.7536797,0.6081472,0.7914948,0.6406254,0.7709821,0.64102983,0.8180491,0.67273384,0.783447,0.6795993,0.836334
2025-01-01 08:50:00,0.5851661,0.75378096,0.5782378,0.7333198,0.5808872,0.76206553,0.5777908,0.7314048,0.59497476,0.77084863,0.61093086,0.75368756,0.60815364,0.7914988,0.6406276,0.7709817,0.6410277,0.8180444,0.67272764,0.78343856,0.6795898,0.8363229
2025-01-01 08:51:00,0.5851741,0.75379044,0.57824886,0.73333174,0.5809001,0.7620787,0.5778041,0.7314175,0.594987,0.77085954,0.6109405,0.7536953,0.60815984,0.7915027,0.6406296,0.77098113,0.6410252,0.81803966,0.67272115,0.78343,0.67958003,0.83631164
2025-01-01 08:52:00,0.58518213,0.7538,0.5782599,0.7333438,0.58091295,0.7620918,0.57781726,0.7314301,0.594999,0.7708704,0.61095005,0.753703,0.6081658,0.79150647,0.6406313,0.7709805,0.6410225,0.81803477,0.6727144,0.7834213,0.67957,0.8363003
2025-01-01 08:53:00,0.5851901,0.7538096,0.5782709,0.7333558,0.5809257,0.76210487,0.57783043,0.7314427,0.595011,0.7708812,0.6109595,0.7537106,0.6081717,0.79151016,0.6406329,0.7709797,0.64101964,0.8180298,0.6727075,0.7834125,0.6795598,0.83628887
2025-01-01 08:54:00,0.5851982,0.7538192,0.578282,0.73336786,0.5809385,0.762118,0.5778435,0.7314553,0.5950229,0.77089185,0.61096877,0.7537182,0.6081774,0.79151374,0.6406344,0.7709789,0.6410167,0.8180247,0.6727005,0.7834037,0.6795495,0.8362773
2025-01-01 08:55:00,0.5852062,0.75382894,0.578293,0.7333799,0.5809513,0.76213104,0.5778566,0.7314679,0.5950348,0.7709025,0.61097807,0.7537257,0.6081831,0.79151726,0.6406358,0.770978,0.6410137,0.8180195,0.67269343,0.78339475,0.67953926,0.83626574
2025-01-01 08:56:00,0.5852143,0.75383866,0.5783041,0.733392,0.5809641,0.76214415,0.5778696,0.7314805,0.59504664,0.7709132,0.6109873,0.75373316,0.6081887,0.7915207,0.6406371,0.770977,0.6410106,0.81801426,0.6726863,0.78338575,0.67952883,0.8362541
2025-01-01 08:57:00,0.5852225,0.75384843,0.5783152,0.73340416,0.5809769,0.7621572,0.57788265,0.73149306,0.5950584,0.77092373,0.6109964,0.7537406,0.6081942,0.7915241,0.6406383,0.770976,0.6410073,0.8180089,0.67267907,0.78337675,0.6795184,0.83624244
2025-01-01 08:58:00,0.58523065,0.7538582,0.57832634,0.7334163,0.58098966,0.7621703,0.57789564,0.73150563,0.5950701,0.77093434,0.61100554,0.75374794,0.6081996,0.79152745,0.6406394,0.77097493,0.641004,0.81800354,0.67267174,0.7833677,0.67950785,0.8362307
2025-01-01 08:59:00,0.5852389,0.75386804,0.5783375,0.7334284,0.5810025,0.7621834,0.57790864,0.73151815,0.5950818,0.77094483,0.6110146,0.7537553,0.60820496,0.7915307,0.6406405,0.7709738,0.64100075,0.8179981,0.67266434,0.7833586,0.6794973,0.836219
2025-01-01 09:00:00,0.58731663,0.75421035,0.5804255,0.7338085,0.5834981,0.7633384,0.5808347,0.73245394,0.5987143,0.772423,0.61452657,0.755101,0.6124138,0.7935277,0.6447428,0.7727165,0.64533144,0.82064945,0.6775791,0.78539234,0.68438333,0.838853
2025-01-01 09:01:00,0.58867013,0.7544363,0.58178663,0.7340599,0.58512473,0.7640937,0.58274114,0.7330666,0.60107946,0.77338755,0.61681247,0.7559782,0.61515135,0.7948268,0.6474095,0.77384883,0.64814514,0.8223708,0.680771,0.78671104,0.68755543,0.8405609
2025-01-01 09:02:00,0.5895528,0.7545867,0.58267534,0.7342275,0.5861865,0.76458913,0.5839849,0.7334692,0.60262084,0.77401805,0.61830133,0.75655097,0.6169326,0.7956723,0.64914316,0.77458435,0.64997274,0.8234877,0.68284315,0.78756493,0.68961364,0.84166694
2025-01-01 09:03:00,0.59012955,0.7546879,0.58325696,0.7343407,0.5868812,0.7649158,0.58479786,0.7337352,0.60362685,0.77443147,0.6192723,0.7569257,0.61809206,0.79622287,0.6502703,0.7750619,0.6511594,0.8242117,0.68418735,0.7881167,0.69094765,0.8423817
2025-01-01 09:04:00,0.59050745,0.7547573,0.58363897,0.7344187,0.5873373,0.7651327,0.58533084,0.73391247,0.60428476,0.77470386,0.6199064,0.7571717,0.6188475,0.7965818,0.65100324,0.7753718,0.6519295,0.82468027,0.68505836,0.78847206,0.691811,0.8428421
2025-01-01 09:05:00,0.590756,0.75480586,0.5838913,0.73447365,0.58763826,0.76527834,0.5856818,0.734032,0.60471636,0.77488446,0.6203217,0.757334,0.6193403,0.79681605,0.6514798,0.7755727,0.6524287,0.8249828,0.68562186,0.78869975,0.69236845,0.8431372
2025-01-01 09:06:00,0.5909207,0.7548411,0.5840593,0.7345137,0.5878385,0.7653776,0.58591443,0.734114,0.6050009,0.77500546,0.6205946,0.757442,0.61966234,0.79696935,0.6517898,0.77570266,0.65275186,0.8251774,0.6859853,0.78884447,0.69272697,0.84332484
2025-01-01 09:07:00,0.5910307,0.7548675,0.5841725,0.7345441,0.58797306,0.76544666,0.5860702,0.7341717,0.6051899,0.77508765,0.62077504,0.75751454,0.61987334,0.7970699,0.6519914,0.7757865,0.65296054,0.82530177,0.68621886,0.7889351,0.69295615,0.8434426
2025-01-01 09:08:00,0.5911053,0.7548883,0.5842501,0.7345682,0.5880651,0.76549613,0.5861759,0.73421353,0.6053168,0.77514464,0.6208954,0.75756407,0.6200122,0.79713625,0.65212274,0.7758404,0.65309477,0.8253805,0.686368,0.7889908,0.69310135,0.843515
2025-01-01 09:09:00,0.5911568,0.7549054,0.5843046,0.73458815,0.5881294,0.76553285,0.5862492,0.734245,0.6054032,0.7751852,0.6209765,0.7575986,0.62010413,0.79718024,0.65220815,0.7758748,0.65318066,0.82542956,0.68646204,0.7890236,0.6931918,0.8435578
2025-01-01 09:10:00,0.5911934,0.7549201,0.58434397,0.7346055,0.58817583,0.76556134,0.58630127,0.73426974,0.6054633,0.7752151,0.6210323,0.7576234,0.6201655,0.79720974,0.6522638,0.77589655,0.6532351,0.8254593,0.68652046,0.7890415,0.6932468,0.84358144
2025-01-01 09:11:00,0.59122026,0.7549333,0.5843737,0.7346211,0.58821046,0.76558447,0.5863397,0.73429006,0.6055064,0.7752381,0.62107146,0.7576419,0.620207,0.7972298,0.6523001,0.77590996,0.653269,0.8254765,0.6865556,0.7890498,0.69327873,0.8435925
2025-01-01 09:12:00,0.59124076,0.7549455,0.584397,0.7346356,0.5882375,0.7656041,0.58636916,0.7343076,0.6055383,0.77525645,0.6210999,0.7576562,0.6202356,0.7972437,0.6523238,0.77591807,0.6532896,0.8254856,0.68657565,0.78905183,0.6932956,0.84359556
2025-01-01 09:13:00,0.5912573,0.7549571,0.5844163,0.7346494,0.58825964,0.7656214,0.5863928,0.73432326,0.60556304,0.77527195,0.6211213,0.7576678,0.6202558,0.79725355,0.6523392,0.77592254,0.65330154,0.8254892,0.68658584,0.78904974,0.69330263,0.8435933
2025-01-01 09:14:00,0.59127116,0.7549682,0.58443284,0.7346628,0.5882786,0.7656373,0.58641267,0.73433775,0.6055831,0.7752854,0.6211381,0.7576776,0.6202705,0.79726076,0.65234935,0.77592474,0.6533078,0.8254894,0.68658954,0.7890449,0.69330335,0.8435876
2025-01-01 09:15:00,0.5912833,0.7549792,0.5844477,0.7346758,0.58829546,0.7656522,0.58643,0.7343514,0.6056,0.7752977,0.6211519,0.75768626,0.6202816,0.79726624,0.6523559,0.7759254,0.65331036,0.8254873,0.6865891,0.7890384,0.6932999,0.8435796
2025-01-01 09:16:00,0.59129435,0.75499,0.5844614,0.73468864,0.5883109,0.76566637,0.58644587,0.73436457,0.6056149,0.7753091,0.62116385,0.7576941,0.62029034,0.7972706,0.6523602,0.7759251,0.6533105,0.82548374,0.68658596,0.78903073,0.6932938,0.8435702
2025-01-01 09:17:00,0.5913047,0.7550007,0.58447444,0.7347014,0.58832556,0.76568025,0.5864606,0.7343774,0.6056285,0.77531993,0.62117445,0.75770146,0.62029755,0.79727423,0.65236294,0.7759241,0.65330905,0.8254791,0.6865811,0.7890222,0.6932859,0.84355974
2025-01-01 09:18:00,0.5913147,0.7550114,0.584487,0.7347141,0.5883397,0.76569384,0.58647466,0.73438996,0.6056412,0.7753304,0.6211842,0.7577084,0.6203037,0.7972773,0.65236473,0.7759226,0.6533065,0.82547385,0.6865749,0.78901327,0.69327676,0.84354866
2025-01-01 09:19:00,0.5913243,0.755022,0.58449936,0.7347267,0.5883534,0.76570725,0.5864883,0.73440236,0.60565335,0.7753406,0.62119335,0.7577151,0.6203092,0.79727995,0.65236574,0.7759208,0.65330327,0.8254682,0.68656796,0.7890039,0.693267,0.8435373
2025-01-01 09:20:00,0.5913338,0.7550326,0.58451146,0.73473936,0.5883668,0.7657205,0.5865016,0.7344147,0.6056651,0.7753507,0.6212022,0.7577216,0.62031424,0.7972824,0.65236646,0.7759188,0.65329957,0.8254621,0.6865606,0.7889944,0.6932566,0.8435255
2025-01-01 09:21:00,0.5913432,0.7550433,0.5845235,0.734752,0.58838016,0.7657337,0.5865148,0.7344269,0.6056766,0.77536064,0.6212107,0.75772804,0.62031895,0.79728466,0.65236676,0.7759166,0.6532956,0.82545584,0.68655276,0.7889846,0.69324595,0.8435136
2025-01-01 09:22:00,0.59135264,0.75505394,0.5845354,0.7347646,0.58839333,0.7657469,0.58652776,0.734439,0.6056879,0.7753704,0.62121904,0.75773436,0.62032336,0.79728687,0.6523668,0.77591425,0.65329134,0.8254495,0.6865447,0.7889748,0.69323504,0.84350157
2025-01-01 09:23:00,0.591362,0.75506467,0.5845474,0.7347772,0.5884065,0.76576006,0.58654064,0.7344512,0.6056991,0.77538013,0.6212272,0.75774056,0.6203277,0.7972889,0.6523667,0.77591187,0.6532869,0.82544297,0.6865365,0.78896487,0.69322395,0.8434894
2025-01-01 09:24:00,0.59137136,0.7550754,0.58455926,0.73478985,0.5884196,0.76577324,0.58655345,0.7344632,0.60571027,0.77538985,0.6212353,0.7577467,0.6203319,0.79729086,0.65236646,0.77590936,0.6532823,0.82543635,0.68652815,0.78895485,0.69321275,0.8434772
2025-01-01 09:25:00,0.5913808,0.7550861,0.58457124,0.7348025,0.5884327,0.7657863,0.5865662,0.73447526,0.6057213,0.7753994,0.6212433,0.7577528,0.62033594,0.7972927,0.65236616,0.7759068,0.65327764,0.8254297,0.6865197,0.78894484,0.69320154,0.8434649
2025-01-01 09:26:00,0.59139013,0.7550969,0.5845831,0.7348151,0.5884458,0.76579934,0.58657897,0.7344872,0.60573226,0.7754089,0.6212512,0.75775874,0.62033993,0.7972945,0.65236574,0.7759041,0.6532729,0.82542294,0.68651116,0.7889347,0.6931902,0.8434527
2025-01-01 09:27:00,0.59139955,0.75510776,0.584595,0.7348278,0.58845884,0.7658124,0.5865917,0.73449916,0.6057431,0.77541846,0.62125903,0.7577647,0.62034386,0.79729617,0.6523653,0.7759014,0.6532681,0.8254161,0.6865026,0.7889245,0.6931788,0.8434403
2025-01-01 09:28:00,0.59140897,0.7551186,0.58460695,0.7348405,0.58847195,0.7658255,0.5866044,0.73451114,0.605754,0.7754279,0.62126684,0.7577706,0.6203477,0.79729784,0.65236473,0.77589864,0.6532632,0.8254092,0.68649393,0.78891426,0.6931673,0.84342796
2025-01-01 09:29:00,0.5914185,0.75512946,0.5846189,0.73485315,0.588485,0.7658385,0.58661705,0.73452306,0.6057648,0.7754373,0.6212746,0.75777644,0.62035143,0.79729944,0.65236413,0.7758958,0.65325826,0.82540226,0.6864852,0.788904,0.6931559,0.84341556
2025-01-01 09:30:00,0.5943598,0.7561646,0.5876132,0.7359256,0.591912,0.7676619,0.5904705,0.73615986,0.61030924,0.77759093,0.6256522,0.75979376,0.6254307,0.7999125,0.6572289,0.7782458,0.6583744,0.8286246,0.6921072,0.79149145,0.69868386,0.8465352
2025-01-01 09:31:00,0.596275,0.75684124,0.5895638,0.7366271,0.5941441,0.7688517,0.59297967,0.73722804,0.61326694,0.77899396,0.6285003,0.76110697,0.6287335,0.80161154,0.6603907,0.7797722,0.6616981,0.83071667,0.6957584,0.79316956,0.7022731,0.84855855
2025-01-01 09:32:00,0.5975232,0.75728494,0.5908358,0.7370876,0.59559953,0.76962966,0.59461504,0.73792636,0.6151931,0.7799092,0.63035417,0.76196253,0.63088155,0.8027164,0.66244555,0.7807633,0.66385674,0.832074,0.6981286,0.7942568,0.70460194,0.84986943
2025-01-01 09:33:00,0.598338,0.75757724,0.59166694,0.7373914,0.5965502,0.7701399,0.59568244,0.7383844,0.6164489,0.7805073,0.6315618,0.7625206,0.632279,0.80343497,0.6637808,0.7814064,0.665258,0.8329537,0.699666,0.7949598,0.7061116,0.850717
2025-01-01 09:34:00,0.59887105,0.75777113,0.5922113,0.7375933,0.59717274,0.77047604,0.59638065,0.7386863,0.61726886,0.7808992,0.6323494,0.7628853,0.6331885,0.80390245,0.6646484,0.7818233,0.6661669,0.833523,0.7006622,0.795413,0.7070888,0.85126364
2025-01-01 09:35:00,0.59922093,0.757901,0.5925695,0.7377291,0.5975819,0.77069914,0.5968389,0.7388866,0.6178055,0.7811572,0.6328639,0.76312417,0.6337808,0.8042067,0.665212,0.7820931,0.6667558,0.8338904,0.7013065,0.79570395,0.70771986,0.85161453
2025-01-01 09:36:00,0.59945184,0.7579894,0.5928065,0.73782176,0.5978525,0.7708487,0.59714115,0.7390209,0.61815804,0.781328,0.6332008,0.76328135,0.63416696,0.80440485,0.6655779,0.78226733,0.6671367,0.83412665,0.7017222,0.79588944,0.708126,0.85183823
2025-01-01 09:37:00,0.5996053,0.7580507,0.5929649,0.7378865,0.598033,0.77095044,0.59734195,0.7391123,0.61839086,0.7814423,0.63342243,0.76338536,0.63441914,0.804534,0.66581535,0.7823793,0.6673824,0.83427763,0.7019892,0.7960062,0.7083859,0.85197926
2025-01-01 09:38:00,0.5997086,0.75809455,0.59307206,0.7379331,0.59815484,0.7710212,0.5974769,0.7391758,0.61854583,0.78151965,0.633569,0.7634549,0.6345842,0.8046183,0.66596925,0.782451,0.66754013,0.83437324,0.70215946,0.7960784,0.70855063,0.85206646
2025-01-01 09:39:00,0.5997792,0.7581269,0.59314597,0.73796785,0.59823865,0.7710716,0.5975689,0.73922116,0.6186502,0.78157306,0.63366675,0.7635019,0.63469255,0.80467343,0.66606885,0.78249633,0.6676407,0.83443266,0.702267,0.79612166,0.7086537,0.8521188
2025-01-01 09:40:00,0.5998286,0.75815195,0.59319836,0.73799497,0.5982977,0.771109,0.5976331,0.73925465,0.61872166,0.7816109,0.63373286,0.7635342,0.634764,0.80470955,0.66613305,0.7825246,0.6677041,0.83446866,0.7023336,0.796146,0.70871645,0.8521484
2025-01-01 09:41:00,0.5998642,0.75817215,0.5932367,0.7380171,0.5983407,0.77113783,0.5976792,0.73928046,0.6187718,0.78163856,0.6337783,0.763557,0.6348115,0.8047333,0.6661743,0.78254163,0.6677434,0.8344894,0.7023737,0.796158,0.7087531,0.8521632
2025-01-01 09:42:00,0.5998908,0.75818926,0.59326595,0.738036,0.59837323,0.77116114,0.59771353,0.7393013,0.61880803,0.7816597,0.6338103,0.7635736,0.6348434,0.804749,0.6662006,0.78255147,0.66776687,0.8345002,0.7023964,0.7961621,0.7087728,0.8521684
2025-01-01 09:43:00,0.5999117,0.7582044,0.5932892,0.7380528,0.5983989,0.77118075,0.5977401,0.73931885,0.6188351,0.7816765,0.63383347,0.76358616,0.63486516,0.80475944,0.66621715,0.78255653,0.66778004,0.83450454,0.7024079,0.796161,0.7087815,0.85216737
2025-01-01 09:44:00,0.5999288,0.75821817,0.5933087,0.7380682,0.59842026,0.77119803,0.5977618,0.7393343,0.6188563,0.7816904,0.633851,0.76359606,0.63488036,0.8047664,0.66622734,0.78255856,0.6677866,0.83450466,0.70241207,0.79615647,0.70878285,0.85216224
2025-01-01 09:45:00,0.5999435,0.75823116,0.5933256,0.7380828,0.5984387,0.7712138,0.5977802,0.73934835,0.6188737,0.7817025,0.6338648,0.7636042,0.63489115,0.80477124,0.66623336,0.7825585,0.6677888,0.834502,0.70241153,0.79614973,0.70877963,0.85215443
2025-01-01 09:46:00,0.59995663,0.7582436,0.593341,0.7380968,0.59845525,0.77122855,0.59779644,0.7393615,0.61888856,0.7817134,0.6338762,0.7636112,0.6348991,0.80477446,0.6662367,0.78255713,0.6677882,0.8344975,0.70240784,0.7961415,0.7087734,0.852145
2025-01-01 09:47:00,0.5999688,0.7582557,0.5933553,0.7381104,0.5984706,0.7712427,0.5978114,0.73937404,0.6189017,0.7817235,0.6338859,0.7636174,0.6349052,0.8047768,0.6662383,0.7825548,0.6677857,0.83449185,0.70240206,0.7961324,0.70876503,0.8521344
2025-01-01 09:48:00,0.59998024,0.7582676,0.59336895,0.7381238,0.5984852,0.7712564,0.5978254,0.7393862,0.6189139,0.78173304,0.6338946,0.7636231,0.63491017,0.8047784,0.66623867,0.78255194,0.66778195,0.8344854,0.70239496,0.7961226,0.70875543,0.852123
2025-01-01 09:49:00,0.5999913,0.7582793,0.5933821,0.73813695,0.59849924,0.77126974,0.5978388,0.739398,0.6189253,0.7817422,0.63390267,0.7636285,0.6349142,0.8047796,0.66623825,0.78254867,0.66777736,0.83447844,0.702387,0.7961124,0.708745,0.85211116
2025-01-01 09:50:00,0.6000021,0.758291,0.59339505,0.7381501,0.59851295,0.77128303,0.5978519,0.7394097,0.6189362,0.78175116,0.6339102,0.76363355,0.63491774,0.8047804,0.6662373,0.7825451,0.6677722,0.8344711,0.7023784,0.7961019,0.708734,0.852099
2025-01-01 09:51:00,0.6000128,0.7583027,0.59340787,0.7381632,0.5985265,0.77129614,0.59786457,0.7394212,0.6189468,0.7817599,0.6339174,0.7636385,0.6349209,0.8047811,0.666236,0.78254133,0.6677667,0.8344635,0.70236945,0.7960912,0.70872265,0.8520866
2025-01-01 09:52:00,0.6000234,0.7583143,0.59342057,0.73817617,0.5985399,0.77130914,0.59787714,0.73943263,0.61895716,0.78176856,0.6339244,0.7636433,0.63492376,0.8047816,0.6662344,0.7825374,0.66776097,0.83445567,0.7023602,0.79608035,0.70871097,0.8520741
2025-01-01 09:53:00,0.6000339,0.75832593,0.59343314,0.7381892,0.5985531,0.7713221,0.59788954,0.73944396,0.61896735,0.7817771,0.63393116,0.76364803,0.63492644,0.8047819,0.6662326,0.78253335,0.667755,0.8344478,0.7023508,0.79606944,0.70869917,0.8520615
2025-01-01 09:54:00,0.60004437,0.7583376,0.5934457,0.7382023,0.59856635,0.77133495,0.5979019,0.7394553,0.6189774,0.7817855,0.63393784,0.76365256,0.634929,0.80478215,0.66623074,0.7825292,0.6677489,0.83443975,0.70234126,0.7960584,0.70868725,0.8520488
2025-01-01 09:55:00,0.6000549,0.7583493,0.5934583,0.73821527,0.5985795,0.7713479,0.59791416,0.73946655,0.6189875,0.7817939,0.63394445,0.76365715,0.63493145,0.80478233,0.6662287,0.782525,0.6677427,0.83443165,0.7023316,0.7960474,0.7086752,0.85203606
2025-01-01 09:56:00,0.6000654,0.7583609,0.5934708,0.7382282,0.5985927,0.7713607,0.5979264,0.73947775,0.6189974,0.7818022,0.63395095,0.76366156,0.63493377,0.80478245,0.6662266,0.78252065,0.6677364,0.83442354,0.7023218,0.7960363,0.70866317,0.85202336
2025-01-01 09:57:00,0.60007596,0.75837266,0.5934834,0.7382412,0.5986058,0.7713735,0.59793866,0.7394889,0.6190073,0.7818104,0.6339574,0.7636659,0.63493603,0.8047824,0.6662245,0.7825163,0.6677301,0.8344153,0.70231205,0.7960251,0.70865107,0.85201055
2025-01-01 09:58:00,0.6000865,0.75838435,0.5934959,0.73825425,0.59861887,0.7713863,0.5979508,0.73950005,0.6190171,0.7818186,0.63396376,0.7636702,0.6349382,0.80478233,0.66622216,0.78251183,0.6677236,0.834407,0.7023022,0.7960139,0.70863885,0.8519977
2025-01-01 09:59:00,0.6000971,0.75839615,0.5935085,0.73826724,0.598632,0.77139914,0.5979629,0.7395112,0.6190269,0.78182673,0.63397,0.7636745,0.63494027,0.8047822,0.66621983,0.78250736,0.6677171,0.8343986,0.70229226,0.7960027,0.7086266,0.85198486
2025-01-01 10:00:00,0.6038496,0.7601058,0.5973558,0.740013,0.60292935,0.7738585,0.6026751,0.74182,0.6244022,0.78461736,0.63913506,0.7663276,0.6407997,0.80796486,0.6717602,0.78542256,0.6735274,0.83813447,0.7085213,0.7990976,0.71469814,0.8555343
2025-01-01 10:01:00,0.6062924,0.76122123,0.59986097,0.74115235,0.60572726,0.77546155,0.6057422,0.74332464,0.6278995,0.78643405,0.6424945,0.76805365,0.6446089,0.81003344,0.6753605,0.7873158,0.67730176,0.8405597,0.7125667,0.80110526,0.7186403,0.85783696
2025-01-01 10:02:00,0.6078841,0.7619504,0.6014938,0.74189746,0.6075505,0.77650803,0.60774,0.7443064,0.6301761,0.7876177,0.64468026,0.7691769,0.64708555,0.8113779,0.6776998,0.7885447,0.67975277,0.84213316,0.7151927,0.80240625,0.72119844,0.85932916
2025-01-01 10:03:00,0.60892236,0.7624285,0.60255945,0.7423863,0.60874015,0.77719265,0.60904276,0.7449484,0.63165927,0.78838974,0.6461031,0.7699084,0.648696,0.8122516,0.6792194,0.7893418,0.6813435,0.84315294,0.716896,0.803248,0.7228569,0.8602946
2025-01-01 10:04:00,0.6096011,0.7627435,0.6032567,0.7427086,0.609518,0.7776421,0.60989374,0.7453695,0.63262665,0.78889436,0.64703,0.77038527,0.6497434,0.8128194,0.6802062,0.7898582,0.68237513,0.8438127,0.7179996,0.80379105,0.72393054,0.8609176
2025-01-01 10:05:00,0.610046,0.7629524,0.6037143,0.7429227,0.6100282,0.7779387,0.61045104,0.745647,0.63325876,0.7892251,0.64763457,0.7706966,0.6504247,0.81318825,0.68084663,0.7901922,0.68304324,0.8442386,0.71871334,0.8041401,0.72462416,0.86131805
2025-01-01 10:06:00,0.6103391,0.76309234,0.6040161,0.7430665,0.6103644,0.7781359,0.6108175,0.7458312,0.6336729,0.78944284,0.6480295,0.77090025,0.65086824,0.81342775,0.6812619,0.79040754,0.6834751,0.84451234,0.71917367,0.8043629,0.7250706,0.8615738
2025-01-01 10:07:00,0.6105334,0.7631875,0.6042168,0.7431645,0.6105874,0.7782685,0.61105984,0.7459547,0.6339454,0.78958696,0.6482883,0.7710339,0.651157,0.8135832,0.68153083,0.7905457,0.6837533,0.84468716,0.71946925,0.80450374,0.72535646,0.8617355
2025-01-01 10:08:00,0.61066353,0.7632536,0.60435176,0.7432328,0.61073697,0.7783592,0.61122155,0.7460388,0.63412577,0.78968334,0.64845854,0.77112204,0.6513452,0.8136839,0.68170464,0.7906338,0.68393177,0.8447978,0.71965784,0.8045912,0.72553796,0.861836
2025-01-01 10:09:00,0.6107519,0.7633008,0.60444385,0.7432817,0.6108388,0.7784225,0.6113308,0.74609715,0.63424623,0.78974867,0.6485712,0.77118057,0.6514681,0.8137492,0.6818165,0.7906893,0.6840452,0.8448665,0.71977675,0.8046439,0.7256515,0.8618969
2025-01-01 10:10:00,0.6108132,0.76333565,0.60450816,0.74331814,0.6109095,0.7784681,0.61140597,0.7461388,0.6343278,0.7897938,0.64864635,0.77121985,0.6515484,0.8137913,0.68188816,0.7907235,0.6841165,0.8449082,0.7198504,0.80467427,0.725721,0.8619319
2025-01-01 10:11:00,0.610857,0.7633625,0.6045545,0.7433464,0.61096,0.7785021,0.61145896,0.7461696,0.6343841,0.78982574,0.64869714,0.7712467,0.6516011,0.81381834,0.6819337,0.79074395,0.6841603,0.8449321,0.71989465,0.8046899,0.7257618,0.8619501
2025-01-01 10:12:00,0.6108893,0.7633843,0.60458905,0.74336934,0.61099744,0.77852863,0.61149746,0.7461934,0.63442385,0.78984916,0.6487321,0.77126527,0.65163577,0.81383556,0.68196213,0.7907554,0.6841862,0.8449445,0.71991974,0.8046959,0.72578394,0.86195743
2025-01-01 10:13:00,0.6109142,0.7634026,0.604616,0.74338883,0.61102635,0.77855027,0.61152667,0.74621254,0.63445294,0.7898669,0.64875674,0.77127856,0.6516587,0.8138464,0.68197954,0.79076093,0.6842006,0.84494936,0.7199324,0.8046958,0.72579396,0.8619576
2025-01-01 10:14:00,0.61093426,0.7634188,0.60463804,0.74340606,0.61104965,0.77856874,0.6115497,0.74622875,0.634475,0.78988105,0.6487747,0.77128834,0.65167403,0.813853,0.68198967,0.79076266,0.68420726,0.84494936,0.7199369,0.8046916,0.72579604,0.86195314
2025-01-01 10:15:00,0.6109512,0.7634336,0.60465676,0.74342185,0.6110694,0.77858514,0.6115688,0.7462429,0.6344925,0.78989285,0.6487882,0.7712959,0.6516844,0.813857,0.68199503,0.7907619,0.6842091,0.8449462,0.71993613,0.8046848,0.72579306,0.8619457
2025-01-01 10:16:00,0.61096615,0.76344746,0.60467345,0.74343675,0.6110867,0.77860016,0.61158526,0.7462558,0.634507,0.789903,0.6487989,0.7713019,0.6516915,0.8138591,0.68199736,0.79075944,0.6842077,0.8449409,0.7199319,0.80467623,0.72578675,0.86193633
2025-01-01 10:17:00,0.61097974,0.76346076,0.6046888,0.74345094,0.6111025,0.7786143,0.61160004,0.74626786,0.6345196,0.78991216,0.64880764,0.77130693,0.65169644,0.81386006,0.6819977,0.7907559,0.6842041,0.8449343,0.71992546,0.8046666,0.72577816,0.8619257
2025-01-01 10:18:00,0.61099255,0.76347363,0.6047033,0.7434648,0.61111736,0.7786278,0.61161375,0.7462793,0.6345309,0.7899206,0.64881516,0.7713113,0.65169996,0.81386024,0.6819967,0.7907517,0.68419915,0.8449267,0.71991754,0.8046561,0.7257682,0.8619142
2025-01-01 10:19:00,0.6110049,0.7634863,0.60471725,0.7434784,0.61113155,0.77864105,0.6116267,0.7462904,0.6345414,0.7899286,0.6488219,0.7713152,0.6517025,0.8138598,0.6819948,0.790747,0.6841933,0.8449186,0.7199086,0.80464524,0.7257573,0.8619022
2025-01-01 10:20:00,0.61101675,0.76349884,0.6047308,0.7434918,0.61114526,0.7786539,0.61163914,0.74630123,0.6345512,0.78993624,0.6488281,0.7713188,0.6517045,0.8138591,0.6819923,0.7907419,0.6841869,0.84491,0.7198991,0.804634,0.72574586,0.8618898
2025-01-01 10:21:00,0.6110285,0.76351136,0.6047441,0.7435051,0.6111587,0.7786667,0.6116513,0.7463119,0.63456076,0.78994375,0.6488338,0.77132213,0.65170604,0.8138581,0.6819894,0.7907366,0.68418,0.8449012,0.71988916,0.8046225,0.72573394,0.8618772
2025-01-01 10:22:00,0.6110401,0.76352376,0.60475725,0.74351835,0.611172,0.7786793,0.6116632,0.74632245,0.63457006,0.789951,0.64883935,0.77132535,0.65170723,0.8138569,0.6819862,0.7907312,0.6841728,0.84489214,0.7198789,0.80461085,0.7257218,0.86186445
2025-01-01 10:23:00,0.6110516,0.7635361,0.6047703,0.7435315,0.61118513,0.7786918,0.61167496,0.7463329,0.6345791,0.7899581,0.64884466,0.7713284,0.65170825,0.8138556,0.6819828,0.7907255,0.6841655,0.844883,0.7198684,0.80459917,0.72570944,0.8618516
2025-01-01 10:24:00,0.61106306,0.76354843,0.60478336,0.7435447,0.61119825,0.7787043,0.61168665,0.7463432,0.63458806,0.7899652,0.64884984,0.7713313,0.65170914,0.81385416,0.68197924,0.7907198,0.6841579,0.8448737,0.7198579,0.80458736,0.7256969,0.86183864
2025-01-01 10:25:00,0.61107457,0.76356083,0.6047963,0.7435579,0.6112113,0.77871674,0.61169827,0.7463535,0.6345969,0.78997225,0.6488549,0.77133423,0.65170985,0.8138526,0.6819756,0.79071397,0.6841503,0.84486437,0.71984714,0.8045755,0.7256844,0.86182564
2025-01-01 10:26:00,0.6110861,0.7635732,0.6048093,0.743571,0.6112243,0.7787292,0.6117098,0.74636376,0.63460565,0.78997916,0.64885986,0.77133703,0.65171045,0.813851,0.6819718,0.7907081,0.68414253,0.84485495,0.71983635,0.8045636,0.72567177,0.86181265
2025-01-01 10:27:00,0.6110976,0.76358557,0.6048223,0.7435841,0.6112372,0.7787415,0.6117212,0.7463739,0.6346143,0.789986,0.64886475,0.7713398,0.65171105,0.8138493,0.681968,0.7907022,0.6841348,0.8448455,0.7198255,0.80455166,0.72565913,0.8617996
2025-01-01 10:28:00,0.611109,0.76359797,0.6048352,0.7435972,0.61125016,0.7787538,0.61173266,0.746384,0.6346229,0.7899928,0.6488695,0.7713424,0.6517115,0.8138475,0.68196404,0.7906962,0.6841269,0.84483594,0.7198146,0.8045396,0.7256465,0.8617865
2025-01-01 10:29:00,0.6111206,0.76361036,0.60484815,0.7436103,0.61126304,0.77876616,0.61174405,0.74639416,0.63463145,0.78999954,0.6488743,0.771345,0.65171194,0.81384563,0.68196005,0.7906901,0.684119,0.84482634,0.71980363,0.80452764,0.72563374,0.86177343
2025-01-01 10:30:00,0.6156172,0.765964,0.60947967,0.74599814,0.6163539,0.7818176,0.6172308,0.7493337,0.64074177,0.7933774,0.6547347,0.77458644,0.65824676,0.817541,0.68807715,0.79411846,0.6905198,0.8490089,0.7265285,0.80807483,0.7321403,0.86568946
2025-01-01 10:31:00,0.6185441,0.7674982,0.61249477,0.74755484,0.61966753,0.7838054,0.62080103,0.75124794,0.64471644,0.79557526,0.65854555,0.77669424,0.6624945,0.81994224,0.6920518,0.79634464,0.69467753,0.85172415,0.7308958,0.8103762,0.73636514,0.86823034
2025-01-01 10:32:00,0.6204507,0.76849985,0.61445904,0.7485713,0.6218259,0.78510165,0.62312573,0.75249565,0.64730287,0.7970062,0.6610242,0.77806515,0.66525555,0.8215023,0.6946339,0.79778945,0.6973772,0.8534856,0.7337307,0.8118679,0.73910683,0.8698773
2025-01-01 10:33:00,0.621694,0.7691553,0.6157404,0.7492365,0.62323326,0.7859486,0.62464064,0.75331014,0.648987,0.7979385,0.6626369,0.778957,0.6670502,0.82251567,0.69631076,0.7987264,0.6991291,0.8546271,0.73556936,0.81283325,0.74088436,0.8709432
2025-01-01 10:34:00,0.62250626,0.7695857,0.61657786,0.7496735,0.62415254,0.78650326,0.62562925,0.753843,0.6500845,0.7985468,0.6636866,0.7795375,0.66821676,0.8231735,0.69739914,0.7993331,0.700265,0.85536563,0.7367607,0.81345654,0.7420353,0.8716315
2025-01-01 10:35:00,0.62303835,0.76986986,0.61712676,0.7499621,0.62475455,0.7868681,0.6262758,0.75419277,0.65080076,0.7989444,0.6643704,0.7799155,0.668975,0.82360035,0.69810504,0.79972523,0.7010004,0.85584223,0.73753107,0.8138574,0.74277896,0.8720743
2025-01-01 10:36:00,0.6233883,0.770059,0.6174881,0.7501543,0.6251503,0.78710943,0.62669986,0.7544236,0.6512692,0.799205,0.66481644,0.780162,0.66946775,0.8238769,0.6985624,0.7999779,0.70147544,0.85614854,0.73802793,0.8141136,0.7432578,0.8723575
2025-01-01 10:37:00,0.6236199,0.7701863,0.6177275,0.7502838,0.6254121,0.78727055,0.62697935,0.754577,0.65157646,0.7993766,0.6651078,0.7803229,0.66978806,0.8240559,0.69885796,0.8001398,0.70178133,0.85634416,0.73834693,0.81427586,0.7435646,0.8725371
2025-01-01 10:38:00,0.6237746,0.7702735,0.6178877,0.7503725,0.6255867,0.78737956,0.62716496,0.7546801,0.65177906,0.79949033,0.6652986,0.78042823,0.66999614,0.82417136,0.6990485,0.8002427,0.7019772,0.85646784,0.7385503,0.81437707,0.74375945,0.87264913
2025-01-01 10:39:00,0.62387925,0.77033454,0.6179964,0.7504348,0.62570465,0.7874546,0.6272895,0.7547505,0.6519135,0.7995664,0.6654241,0.7804974,0.6701313,0.8242455,0.69917077,0.8003073,0.7021016,0.8565447,0.7386786,0.8144386,0.74388164,0.8727174
2025-01-01 10:40:00,0.6239514,0.77037865,0.61807156,0.7504799,0.62578577,0.78750753,0.62737423,0.7547996,0.6520037,0.79961795,0.6655071,0.78054297,0.67021906,0.82429284,0.69924855,0.8003469,0.70217943,0.8565911,0.73875797,0.8144742,0.74395657,0.8727572
2025-01-01 10:41:00,0.62400246,0.7704118,0.618125,0.7505138,0.625843,0.7875462,0.6274331,0.7548349,0.6520651,0.7996536,0.66556245,0.7805732,0.6702759,0.8243227,0.6992975,0.80037034,0.70222706,0.85661775,0.7388056,0.8144931,0.7440007,0.8727785
2025-01-01 10:42:00,0.6240398,0.77043766,0.61816436,0.7505403,0.6258846,0.78757554,0.62747526,0.7548612,0.6521078,0.79967886,0.66559976,0.78059345,0.67031276,0.8243412,0.6993276,0.80038315,0.70225495,0.8566315,0.73883253,0.81450105,0.7440249,0.8727877
2025-01-01 10:43:00,0.62406826,0.770459,0.61819446,0.7505622,0.62591606,0.7875988,0.62750643,0.7548816,0.6521383,0.7996974,0.6656254,0.7806073,0.6703365,0.8243522,0.69934547,0.80038905,0.7022701,0.8566369,0.73884606,0.8145019,0.7440361,0.87278914
2025-01-01 10:44:00,0.6240909,0.7704773,0.6182186,0.75058097,0.625941,0.7876181,0.62753046,0.7548982,0.6521608,0.79971147,0.6656434,0.7806168,0.67035174,0.8243584,0.6993554,0.8003905,0.7022769,0.8566368,0.7388509,0.81449807,0.7440389,0.8727855
2025-01-01 10:45:00,0.62410986,0.77049357,0.61823887,0.7505977,0.6259616,0.7876348,0.62754995,0.75491226,0.65217817,0.7997227,0.6656564,0.7806236,0.6703614,0.82436144,0.6993601,0.800389,0.70227826,0.8566332,0.73884994,0.8144913,0.74403614,0.87277853
2025-01-01 10:46:00,0.6241264,0.77050865,0.6182566,0.7506132,0.6259794,0.7876498,0.62756634,0.7549247,0.6521922,0.7997319,0.66566616,0.7806285,0.6703674,0.8243624,0.6993614,0.80038553,0.70227605,0.85662717,0.7388453,0.8144825,0.7440298,0.8727694
2025-01-01 10:47:00,0.6241413,0.7705229,0.6182727,0.7506278,0.62599546,0.78766376,0.6275808,0.754936,0.6522039,0.79973996,0.6656738,0.7806322,0.67037106,0.824362,0.69936043,0.8003809,0.7022716,0.8566197,0.7388383,0.81447256,0.7440212,0.87275887
2025-01-01 10:48:00,0.6241552,0.77053666,0.61828774,0.7506419,0.6260103,0.78767693,0.62759393,0.75494665,0.6522142,0.7997472,0.66568,0.7806351,0.6703732,0.82436067,0.69935805,0.80037534,0.70226556,0.8566112,0.7388296,0.81446165,0.74401104,0.8727474
2025-01-01 10:49:00,0.62416846,0.77055,0.61830217,0.7506556,0.62602437,0.7876897,0.6276062,0.7549568,0.6522235,0.7997539,0.66568524,0.7806375,0.6703743,0.82435876,0.6993547,0.80036926,0.7022585,0.8566021,0.73882,0.8144502,0.7439999,0.87273544
2025-01-01 10:50:00,0.62418133,0.7705632,0.61831605,0.75066906,0.6260379,0.787702,0.6276179,0.7549666,0.6522323,0.79976016,0.6656899,0.78063947,0.67037463,0.8243564,0.69935066,0.8003628,0.70225084,0.8565925,0.7388096,0.8144384,0.7439881,0.87272304
2025-01-01 10:51:00,0.62419397,0.77057624,0.6183297,0.75068235,0.62605107,0.78771424,0.6276292,0.7549762,0.6522405,0.79976624,0.6656942,0.7806412,0.6703746,0.82435375,0.69934624,0.8003561,0.70224273,0.8565826,0.7387988,0.81442636,0.74397594,0.8727104
2025-01-01 10:52:00,0.62420636,0.7705892,0.6183431,0.7506956,0.6260641,0.7877262,0.6276403,0.75498563,0.6522485,0.799772,0.66569805,0.78064275,0.6703741,0.8243509,0.6993415,0.8003491,0.70223427,0.8565724,0.7387877,0.81441414,0.7439634,0.87269765
2025-01-01 10:53:00,0.62421876,0.7706021,0.61835647,0.7507087,0.62607694,0.78773814,0.6276512,0.7549949,0.65225625,0.79977775,0.6657018,0.7806442,0.67037344,0.8243479,0.69933647,0.8003421,0.70222557,0.85656214,0.7387764,0.8144018,0.7439508,0.8726847
2025-01-01 10:54:00,0.624231,0.7706149,0.61836964,0.75072175,0.62608963,0.78775,0.627662,0.75500417,0.6522638,0.7997833,0.6657053,0.78064543,0.67037266,0.82434475,0.6993313,0.80033493,0.70221674,0.85655177,0.73876494,0.81438947,0.74393797,0.8726717
2025-01-01 10:55:00,0.6242432,0.7706278,0.6183829,0.75073487,0.6261023,0.78776175,0.6276727,0.7550133,0.65227133,0.7997888,0.6657088,0.7806466,0.67037165,0.82434154,0.69932604,0.80032766,0.7022078,0.85654134,0.7387534,0.81437695,0.7439251,0.87265867
2025-01-01 10:56:00,0.6242554,0.7706406,0.61839604,0.7507479,0.6261149,0.78777355,0.6276832,0.7550224,0.65227866,0.7997942,0.6657121,0.78064775,0.6703706,0.82433826,0.6993206,0.8003203,0.70219874,0.8565308,0.7387417,0.81436443,0.7439122,0.8726457
2025-01-01 10:57:00,0.62426764,0.7706534,0.6184092,0.7507609,0.6261274,0.7877852,0.6276938,0.7550314,0.652286,0.7997995,0.6657154,0.78064877,0.67036945,0.8243349,0.6993152,0.8003129,0.7021897,0.85652024,0.73873,0.8143519,0.7438993,0.8726326
2025-01-01 10:58:00,0.62427986,0.7706663,0.6184223,0.7507739,0.62613994,0.78779685,0.62770426,0.75504035,0.65229326,0.7998048,0.66571856,0.7806497,0.6703682,0.82433146,0.6993097,0.80030537,0.70218056,0.8565096,0.7387183,0.81433934,0.7438863,0.87261957
2025-01-01 10:59:00,0.62429214,0.7706792,0.6184354,0.75078684,0.62615246,0.7878084,0.62771463,0.7550493,0.6523005,0.79981,0.66572165,0.7806506,0.6703669,0.82432795,0.6993041,0.80029786,0.7021713,0.85649896,0.73870647,0.8143267,0.74387324,0.87260646
2025-01-01 11:00:00,0.62945324,0.7736352,0.6237693,0.7537746,0.6319469,0.7913982,0.63387877,0.7585677,0.6590375,0.8037152,0.67217356,0.7844231,0.6774614,0.82847047,0.7058897,0.80417883,0.7090492,0.86105424,0.74580795,0.81826335,0.75069964,0.87681973
2025-01-01 11:01:00,0.6328123,0.77556103,0.6272409,0.7557211,0.63571763,0.7937356,0.637889,0.7608577,0.6634189,0.80625546,0.67636836,0.7868754,0.6820723,0.8311618,0.71016836,0.80669874,0.7135166,0.8640114,0.7504198,0.8208178,0.7551322,0.8795538
2025-01-01 11:02:00,0.635,0.77681744,0.62950206,0.7569909,0.638173,0.7952589,0.6404993,0.7623493,0.6662693,0.8079083,0.679096,0.78846973,0.6850687,0.8329098,0.71294737,0.808334,0.7164171,0.8659298,0.75341326,0.8224737,0.7580089,0.8813264
2025-01-01 11:03:00,0.6364263,0.77763855,0.6309764,0.7578208,0.63977325,0.796253,0.6421996,0.7633219,0.6681245,0.8089844,0.6808699,0.7895062,0.6870159,0.8340447,0.7147517,0.8093941,0.71829903,0.86717296,0.7553548,0.82354563,0.75987405,0.88247395
2025-01-01 11:04:00,0.6373578,0.7781768,0.6319393,0.7583647,0.6408177,0.79690325,0.6433082,0.7639571,0.66933274,0.80968547,0.6820238,0.79018,0.68828094,0.83478105,0.7159224,0.8100805,0.719519,0.86797714,0.7566127,0.82423794,0.76108193,0.88321537
2025-01-01 11:05:00,0.6379675,0.7785312,0.6325698,0.7587227,0.641501,0.7973299,0.6440325,0.76437294,0.6701205,0.8101429,0.68277484,0.7906182,0.6891026,0.83525825,0.7166813,0.81052387,0.72030866,0.8684961,0.7574261,0.8246835,0.76186246,0.8836926
2025-01-01 11:06:00,0.6383682,0.7787661,0.6329842,0.75896,0.6419494,0.79761124,0.6445067,0.76464623,0.67063487,0.8104419,0.68326396,0.79090315,0.68963605,0.83556706,0.71717244,0.81080925,0.7208185,0.86882955,0.7579506,0.82496864,0.76236516,0.88399833
2025-01-01 11:07:00,0.638633,0.77892333,0.6332581,0.75911874,0.6422452,0.797798,0.6448185,0.76482683,0.6709716,0.8106379,0.6835827,0.79108846,0.6899821,0.8357664,0.71748954,0.810992,0.7211466,0.86904246,0.7582873,0.82514954,0.7626874,0.8841925
2025-01-01 11:08:00,0.6388095,0.7790301,0.63344073,0.75922644,0.6424417,0.7979234,0.64502466,0.7649472,0.67119277,0.8107669,0.68379086,0.791209,0.69020635,0.83589447,0.7176935,0.811108,0.72135645,0.869177,0.75850195,0.82526267,0.76289225,0.8843142
2025-01-01 11:09:00,0.6389286,0.77910405,0.63356405,0.75930095,0.6425737,0.7980088,0.6451622,0.76502836,0.6713388,0.81085235,0.68392694,0.7912875,0.6903515,0.8359763,0.71782386,0.81118053,0.7214895,0.8692606,0.75863725,0.8253317,0.7630208,0.8843887
2025-01-01 11:10:00,0.63901037,0.7791566,0.6336488,0.7593539,0.64266384,0.7980683,0.64525515,0.7650841,0.671436,0.81090945,0.6840162,0.7913385,0.69044507,0.836028,0.7179064,0.8112248,0.7215725,0.86931103,0.75872093,0.8253721,0.76309985,0.8844325
2025-01-01 11:11:00,0.6390679,0.7791953,0.6337085,0.75939274,0.64272666,0.79811084,0.6453189,0.7651232,0.6715015,0.8109482,0.6840751,0.79137176,0.69050515,0.8360601,0.7179579,0.8112508,0.7216231,0.8693399,0.7587711,0.8253939,0.7631466,0.8844565
2025-01-01 11:12:00,0.6391096,0.77922505,0.63375187,0.7594225,0.64277184,0.7981425,0.64536387,0.7651515,0.6715463,0.8109749,0.6841141,0.79139334,0.6905434,0.8360794,0.71798915,0.81126475,0.7216525,0.8693548,0.75879943,0.8254036,0.7631724,0.8844675
2025-01-01 11:13:00,0.6391412,0.7792489,0.63378465,0.7594463,0.6428054,0.79816693,0.64539653,0.76517284,0.6715777,0.81099373,0.68414026,0.7914074,0.69056755,0.83609045,0.7180072,0.811271,0.7216682,0.86936057,0.7588136,0.8254054,0.7631846,0.8844701
2025-01-01 11:14:00,0.6391661,0.779269,0.6338105,0.7594663,0.6428315,0.7981867,0.6454212,0.7651895,0.6716003,0.8110075,0.684158,0.7914165,0.6905824,0.83609605,0.7180167,0.81127214,0.7216749,0.8693604,0.75881857,0.8254021,0.76318794,0.88446724
2025-01-01 11:15:00,0.6391867,0.77928656,0.6338319,0.75948375,0.6428527,0.79820347,0.64544064,0.76520324,0.67161715,0.81101793,0.6841703,0.79142237,0.6905913,0.8360982,0.7180206,0.81127,0.7216759,0.86935633,0.7588175,0.82539546,0.7631855,0.88446087
2025-01-01 11:16:00,0.63920444,0.7793026,0.63385046,0.7594996,0.6428707,0.79821825,0.6454567,0.765215,0.6716303,0.8110262,0.684179,0.7914261,0.69059616,0.83609796,0.7180208,0.8112656,0.72167295,0.8693498,0.7588125,0.8253866,0.7631794,0.88445216
2025-01-01 11:17:00,0.6392204,0.77931756,0.6338671,0.75951433,0.64288664,0.7982317,0.6454705,0.76522547,0.6716411,0.811033,0.6841853,0.7914285,0.6905985,0.8360962,0.71801865,0.8112598,0.7216675,0.8693415,0.758805,0.8253764,0.7631708,0.884442
2025-01-01 11:18:00,0.63923514,0.7793318,0.6338824,0.75952834,0.64290124,0.79824436,0.64548284,0.765235,0.6716502,0.81103885,0.68419015,0.79142994,0.6905991,0.8360934,0.7180149,0.81125313,0.72166055,0.8693322,0.7587958,0.8253652,0.76316065,0.8844308
2025-01-01 11:19:00,0.6392492,0.7793457,0.633897,0.759542,0.6429149,0.79825634,0.6454942,0.765244,0.6716583,0.8110441,0.6841939,0.7914307,0.6905986,0.83608997,0.7180101,0.81124574,0.72165245,0.8693222,0.7587855,0.82535344,0.76314944,0.884419
2025-01-01 11:20:00,0.63926274,0.7793593,0.633911,0.7595553,0.642928,0.798268,0.645505,0.7652527,0.6716656,0.8110489,0.684197,0.79143107,0.6905974,0.8360861,0.71800464,0.811238,0.7216436,0.8693117,0.7587745,0.8253413,0.7631376,0.8844068
2025-01-01 11:21:00,0.63927597,0.77937263,0.63392466,0.75956833,0.6429407,0.7982794,0.6455153,0.76526105,0.67167246,0.8110534,0.68419963,0.7914311,0.6905957,0.83608186,0.7179987,0.81122994,0.7216344,0.86930084,0.7587631,0.8253289,0.76312524,0.88439435
2025-01-01 11:22:00,0.639289,0.77938586,0.6339382,0.7595813,0.64295316,0.7982906,0.6455254,0.7652693,0.671679,0.8110577,0.6842019,0.791431,0.6905936,0.8360774,0.7179924,0.81122166,0.7216248,0.8692898,0.7587513,0.8253163,0.76311266,0.8843818
2025-01-01 11:23:00,0.63930196,0.77939904,0.63395154,0.75959414,0.64296544,0.79830176,0.64553523,0.7652773,0.67168534,0.8110618,0.684204,0.7914307,0.6905912,0.83607274,0.717986,0.81121325,0.721615,0.86927867,0.7587393,0.82530355,0.7630999,0.8843691
2025-01-01 11:24:00,0.6393148,0.7794122,0.6339648,0.75960696,0.64297754,0.7983127,0.6455449,0.76528525,0.67169154,0.8110658,0.6842059,0.7914303,0.6905887,0.83606803,0.7179794,0.81120473,0.721605,0.86926734,0.7587272,0.82529074,0.76308703,0.8843563
2025-01-01 11:25:00,0.6393276,0.7794253,0.63397795,0.7596197,0.64298964,0.79832363,0.6455544,0.76529306,0.6716975,0.81106967,0.6842077,0.79142976,0.6905861,0.8360632,0.7179726,0.8111961,0.72159487,0.869256,0.7587149,0.82527786,0.7630741,0.88434345
2025-01-01 11:26:00,0.63934034,0.7794385,0.6339911,0.7596324,0.6430016,0.79833454,0.64556396,0.76530087,0.6717034,0.8110735,0.6842093,0.79142916,0.69058335,0.83605826,0.71796566,0.8111874,0.72158474,0.8692446,0.75870264,0.825265,0.763061,0.88433063
2025-01-01 11:27:00,0.63935316,0.77945155,0.63400424,0.7596451,0.64301354,0.7983453,0.6455734,0.76530856,0.67170924,0.81107724,0.68421084,0.79142857,0.6905805,0.8360533,0.7179587,0.8111787,0.7215745,0.8692331,0.7586903,0.8252521,0.763048,0.88431776
2025-01-01 11:28:00,0.63936585,0.7794646,0.6340172,0.7596577,0.64302546,0.79835606,0.6455828,0.7653162,0.671715,0.8110809,0.6842124,0.7914278,0.69057757,0.83604825,0.7179517,0.81116986,0.72156423,0.86922157,0.7586779,0.8252392,0.76303494,0.8843049
2025-01-01 11:29:00,0.6393786,0.7794777,0.6340303,0.7596703,0.6430373,0.7983668,0.6455921,0.76532376,0.6717207,0.81108445,0.6842138,0.79142696,0.6905745,0.83604306,0.7179446,0.811161,0.72155386,0.86920995,0.75866544,0.8252262,0.7630218,0.884292
2025-01-01 11:30:00,0.6451111,0.7829826,0.6399702,0.76320386,0.64943045,0.8024297,0.6523223,0.7693574,0.6789627,0.8154464,0.6911406,0.7956623,0.6981005,0.84055793,0.72487944,0.81542414,0.7287845,0.87405556,0.7660153,0.82948107,0.77004457,0.8887262
2025-01-01 11:31:00,0.6488416,0.7852654,0.6438356,0.765505,0.6535901,0.8050743,0.6567001,0.7719818,0.68367195,0.8182829,0.6956435,0.79841495,0.7029912,0.84349084,0.72938454,0.818192,0.73348075,0.8772011,0.7707884,0.83224225,0.7746048,0.8916038
2025-01-01 11:32:00,0.651271,0.7867537,0.64635277,0.76700515,0.6562979,0.8067969,0.6595489,0.7736902,0.68673486,0.8201277,0.69857067,0.80020374,0.706169,0.84539527,0.73231035,0.81998795,0.73652965,0.8792415,0.77388644,0.8340325,0.7775643,0.89346987
2025-01-01 11:33:00,0.6528545,0.78772575,0.6479934,0.7679846,0.65806216,0.8079203,0.6614038,0.77480334,0.6887276,0.82132804,0.7004738,0.80136603,0.7082334,0.8466312,0.7342095,0.8211521,0.73850775,0.88056374,0.7758958,0.83519155,0.77948344,0.8946783
2025-01-01 11:34:00,0.65388834,0.7883622,0.64906436,0.7686257,0.659213,0.8086542,0.66261256,0.7755293,0.6900248,0.82210934,0.7017112,0.80212116,0.7095741,0.8474327,0.7354413,0.8219056,0.7397898,0.8814191,0.7771975,0.8359404,0.78072625,0.8954593
2025-01-01 11:35:00,0.6545648,0.7887804,0.649765,0.7690467,0.6599651,0.8091349,0.6634014,0.7760038,0.6908698,0.8226183,0.7025158,0.8026115,0.71044433,0.8479517,0.7362394,0.82239217,0.7406194,0.88197094,0.77803916,0.83642256,0.78152955,0.8959625
2025-01-01 11:36:00,0.65500903,0.78905684,0.650225,0.7693248,0.660458,0.809451,0.6639173,0.7763146,0.69142085,0.82295024,0.7030391,0.80292976,0.7110087,0.8482871,0.7367555,0.8227052,0.7411549,0.8823255,0.77858186,0.83673143,0.78204715,0.8962851
2025-01-01 11:37:00,0.6553022,0.78924114,0.65052855,0.7695099,0.6607825,0.8096601,0.66425574,0.7765192,0.69178087,0.823167,0.7033796,0.8031361,0.71137434,0.8485031,0.7370884,0.8229054,0.7414992,0.88255185,0.7789302,0.8369276,0.782379,0.8964903
2025-01-01 11:38:00,0.6554974,0.78936553,0.6507304,0.76963454,0.6609974,0.8097997,0.66447884,0.7766546,0.69201666,0.823309,0.7036011,0.8032698,0.71161073,0.8486415,0.737302,0.8230324,0.74171925,0.88269484,0.77915215,0.8370506,0.7825901,0.89661926
2025-01-01 11:39:00,0.65562874,0.78945094,0.6508661,0.76971996,0.6611412,0.80989397,0.66462696,0.77674514,0.69217163,0.8234023,0.7037454,0.8033562,0.7117631,0.8487295,0.7374382,0.82311153,0.7418585,0.8827836,0.77929205,0.83712596,0.7827227,0.8966986
2025-01-01 11:40:00,0.6557186,0.7895111,0.6509589,0.76977974,0.6612387,0.8099588,0.66472626,0.7768064,0.69227415,0.823464,0.7038394,0.8034117,0.71186084,0.8487847,0.73752403,0.8231597,0.74194527,0.8828371,0.77937853,0.83717036,0.78280437,0.8967458
2025-01-01 11:41:00,0.65578157,0.7895547,0.6510237,0.76982296,0.661306,0.8100046,0.66479385,0.7768487,0.6923425,0.82350504,0.70390075,0.8034473,0.711923,0.8488185,0.73757714,0.82318777,0.74199784,0.88286775,0.7794303,0.8371947,0.7828528,0.896772
2025-01-01 11:42:00,0.655827,0.7895877,0.65107036,0.76985544,0.6613538,0.810038,0.6648408,0.77687854,0.6923887,0.8235327,0.7039408,0.80346984,0.71196216,0.8488383,0.7376089,0.82320267,0.74202824,0.8828834,0.7794595,0.8372058,0.7828798,0.89678454
2025-01-01 11:43:00,0.6558611,0.7896137,0.65110517,0.7698808,0.66138893,0.8100631,0.6648744,0.77690035,0.6924204,0.8235516,0.703967,0.8034839,0.7119862,0.8488492,0.73762685,0.823209,0.74204415,0.88288945,0.779474,0.83720857,0.7828927,0.8967883
2025-01-01 11:44:00,0.6558877,0.7896353,0.65113235,0.76990163,0.6614157,0.8100831,0.66489923,0.7769169,0.6924427,0.8235649,0.70398414,0.8034924,0.71200037,0.8488541,0.73763573,0.82320976,0.74205065,0.88288915,0.779479,0.83720577,0.7828966,0.89678633
2025-01-01 11:45:00,0.65590954,0.7896538,0.65115446,0.76991946,0.66143703,0.81009954,0.6649183,0.77693003,0.6924588,0.82357436,0.70399547,0.8034973,0.71200824,0.84885526,0.7376387,0.82320696,0.7420511,0.88288474,0.77947783,0.8371994,0.7828945,0.8967806
2025-01-01 11:46:00,0.65592825,0.78967047,0.6511734,0.76993537,0.6614549,0.8101138,0.6649337,0.77694094,0.6924709,0.8235814,0.704003,0.8034998,0.7120119,0.8488538,0.7376379,0.8232017,0.7420475,0.8828777,0.7794726,0.8371907,0.7828886,0.8967725
2025-01-01 11:47:00,0.655945,0.78968585,0.6511902,0.76995,0.66147053,0.81012654,0.6649467,0.77695024,0.69248044,0.8235869,0.7040079,0.8035008,0.7120129,0.8488507,0.7376345,0.8231949,0.7420413,0.8828689,0.7794647,0.8371804,0.7828802,0.8967628
2025-01-01 11:48:00,0.6559604,0.78970045,0.65120566,0.7699638,0.6614846,0.81013834,0.66495806,0.77695864,0.6924882,0.8235913,0.7040112,0.80350065,0.71201205,0.84884655,0.7376295,0.8231872,0.7420334,0.88285893,0.7794551,0.8371692,0.78287023,0.8967521
2025-01-01 11:49:00,0.6559749,0.7897145,0.6512202,0.76997703,0.6614977,0.8101495,0.6649683,0.77696645,0.6924948,0.823595,0.7040134,0.8034999,0.71200997,0.84884167,0.73762333,0.8231787,0.7420244,0.8828482,0.7794444,0.83715725,0.78285915,0.89674073
2025-01-01 11:50:00,0.65598893,0.7897283,0.65123415,0.7699899,0.6615101,0.8101603,0.66497797,0.7769737,0.6925007,0.82359815,0.70401484,0.8034986,0.71200716,0.84883624,0.73761654,0.82316977,0.74201465,0.88283706,0.77943295,0.837145,0.7828474,0.89672893
2025-01-01 11:51:00,0.6560026,0.78974175,0.6512477,0.77000254,0.66152215,0.81017065,0.6649871,0.7769807,0.6925061,0.82360107,0.70401585,0.803497,0.7120038,0.8488305,0.73760927,0.82316047,0.7420044,0.8828255,0.7794211,0.83713233,0.7828352,0.8967169
2025-01-01 11:52:00,0.656016,0.78975517,0.651261,0.77001506,0.66153383,0.8101809,0.66499597,0.7769875,0.692511,0.82360375,0.70401645,0.8034952,0.71200013,0.84882456,0.7376016,0.82315105,0.7419938,0.8828137,0.7794088,0.8371196,0.7828227,0.89670473
2025-01-01 11:53:00,0.65602934,0.78976846,0.6512741,0.77002746,0.66154534,0.8101909,0.6650046,0.77699417,0.6925158,0.8236062,0.70401686,0.8034933,0.7119962,0.8488184,0.7375937,0.82314146,0.741983,0.8828018,0.77939636,0.83710676,0.7828101,0.89669234
2025-01-01 11:54:00,0.6560425,0.7897817,0.6512871,0.77003974,0.6615567,0.81020087,0.665013,0.77700067,0.6925204,0.8236085,0.704017,0.8034912,0.711992,0.84881216,0.73758566,0.8231317,0.741972,0.88278973,0.7793837,0.8370938,0.7827973,0.89667994
2025-01-01 11:55:00,0.6560556,0.7897948,0.65129995,0.7700519,0.6615679,0.81021076,0.6650213,0.77700704,0.69252485,0.8236107,0.70401704,0.80348897,0.71198773,0.8488057,0.7375775,0.82312185,0.74196106,0.8827777,0.7793711,0.8370807,0.78278446,0.8966676
2025-01-01 11:56:00,0.6560687,0.789808,0.6513128,0.77006406,0.66157913,0.8102206,0.6650295,0.77701336,0.6925292,0.82361287,0.70401704,0.80348665,0.7119834,0.8487993,0.7375692,0.823112,0.7419499,0.88276553,0.7793584,0.83706766,0.7827716,0.89665514
2025-01-01 11:57:00,0.6560818,0.7898211,0.6513257,0.77007616,0.6615902,0.8102304,0.6650377,0.7770197,0.6925335,0.82361495,0.70401686,0.8034843,0.71197885,0.84879273,0.73756087,0.82310206,0.7419387,0.8827533,0.7793456,0.8370546,0.78275865,0.89664274
2025-01-01 11:58:00,0.65609485,0.78983414,0.65133846,0.77008826,0.6616013,0.81024003,0.6650458,0.7770258,0.69253767,0.8236169,0.7040167,0.8034818,0.7119743,0.8487861,0.7375525,0.82309204,0.74192744,0.8827411,0.77933276,0.83704156,0.7827458,0.8966303
2025-01-01 11:59:00,0.6561079,0.78984725,0.6513512,0.7701003,0.66161233,0.8102497,0.6650538,0.77703196,0.6925417,0.8236188,0.7040164,0.8034793,0.7119697,0.8487795,0.73754406,0.82308203,0.7419161,0.8827288,0.7793199,0.83702844,0.78273284,0.8966179
2025-01-01 12:00:00,0.66230994,0.7938389,0.6577916,0.774117,0.6684909,0.8147137,0.67223054,0.78150904,0.70016026,0.8283604,0.71129525,0.8081023,0.7197935,0.8535867,0.7447054,0.8276519,0.7493713,0.8877787,0.7867876,0.84152627,0.7898274,0.9011945
2025-01-01 12:01:00,0.6663459,0.7964381,0.6619823,0.776732,0.67296576,0.8176187,0.67689806,0.7844212,0.70511365,0.831443,0.71602625,0.8111062,0.72487724,0.85670894,0.7493572,0.8306188,0.75421315,0.89105684,0.79163706,0.8444452,0.7944344,0.904165
2025-01-01 12:02:00,0.6689738,0.7981321,0.6647107,0.778436,0.6758782,0.8195102,0.67993474,0.7863162,0.70833474,0.8334473,0.71910125,0.81305784,0.72818005,0.85873604,0.7523778,0.83254373,0.7573564,0.89318335,0.7947847,0.846338,0.7974245,0.9060916
2025-01-01 12:03:00,0.67068654,0.7992378,0.6664886,0.77954775,0.6777751,0.8207431,0.68191123,0.78755003,0.7104297,0.83475065,0.72109973,0.8143254,0.7303251,0.86005116,0.7543382,0.8337913,0.7593954,0.8945612,0.7968262,0.8475637,0.79936343,0.90733945
2025-01-01 12:04:00,0.67180437,0.79996103,0.6676487,0.7802745,0.6790118,0.8215476,0.6831987,0.788354,0.71179277,0.83559835,0.7223985,0.8151483,0.7317176,0.86090356,0.75560933,0.8345986,0.76071674,0.89545244,0.7981486,0.8483558,0.8006193,0.9081463
2025-01-01 12:05:00,0.67253554,0.8004357,0.6684071,0.7807511,0.67981946,0.8220739,0.68403816,0.78887856,0.71268,0.8361498,0.72324246,0.8156821,0.73262095,0.86145514,0.75643253,0.8351198,0.76157165,0.89602745,0.7990036,0.8488661,0.8014311,0.9086665
2025-01-01 12:06:00,0.67301536,0.8007488,0.6689045,0.781065,0.68034816,0.82241917,0.6845865,0.7892215,0.71325797,0.8365088,0.72379076,0.81602806,0.73320633,0.86181116,0.75696445,0.8354549,0.7621232,0.89639676,0.7995548,0.8491932,0.8019542,0.9090003
2025-01-01 12:07:00,0.67333186,0.80095696,0.6692322,0.7812732,0.6806956,0.82264686,0.6849456,0.7894464,0.7136349,0.8367426,0.72414684,0.8162518,0.73358506,0.8620401,0.7573071,0.8356691,0.7624777,0.89663255,0.7999086,0.84940124,0.8022898,0.90921295
2025-01-01 12:08:00,0.67354214,0.80109674,0.6694496,0.78141266,0.6809251,0.8227981,0.6851816,0.7895946,0.71388113,0.83689505,0.724378,0.81639624,0.7338293,0.86218643,0.75752676,0.83580464,0.762704,0.8967814,0.800134,0.84953195,0.80250347,0.909347
2025-01-01 12:09:00,0.6736834,0.8011922,0.66959536,0.78150743,0.6810781,0.8228996,0.68533766,0.7896928,0.71404237,0.8369945,0.72452784,0.8164889,0.73398626,0.862279,0.75766635,0.83588904,0.7628471,0.8968738,0.8002759,0.84961224,0.8026378,0.90942985
2025-01-01 12:10:00,0.6737798,0.8012588,0.66969454,0.7815731,0.68118113,0.8229688,0.6854416,0.78975856,0.71414834,0.8370597,0.7246249,0.81654805,0.7340864,0.8623366,0.7577539,0.8359403,0.76293594,0.8969294,0.80036366,0.84965986,0.8027206,0.9094793
2025-01-01 12:11:00,0.6738471,0.8013066,0.6697634,0.7816199,0.6812519,0.8230169,0.68551177,0.7898032,0.7142184,0.83710235,0.7246876,0.81658536,0.7341496,0.86237144,0.7578077,0.83596987,0.76298964,0.89696115,0.8004161,0.8496862,0.80276996,0.90950733
2025-01-01 12:12:00,0.67389536,0.80134225,0.66981244,0.7816544,0.68130153,0.82305133,0.6855599,0.7898341,0.7142651,0.8371305,0.724728,0.81660837,0.7341888,0.86239153,0.7578394,0.8359854,0.76302046,0.8969774,0.80044574,0.8496987,0.80279756,0.9095213
2025-01-01 12:13:00,0.6739313,0.80136997,0.6698488,0.781681,0.6813375,0.8230769,0.6855938,0.789856,0.7142965,0.83714914,0.7247538,0.8166222,0.73421234,0.86240196,0.75785685,0.8359918,0.7630363,0.8969836,0.80046034,0.84970236,0.802811,0.9095261
2025-01-01 12:14:00,0.6739593,0.80139256,0.66987675,0.7817023,0.6813645,0.82309663,0.68561834,0.7898721,0.7143181,0.83716154,0.72477007,0.81662995,0.7342257,0.86240613,0.75786495,0.8359922,0.7630425,0.8969832,0.80046535,0.8497001,0.8028153,0.909525
2025-01-01 12:15:00,0.6739821,0.8014117,0.6698992,0.78172016,0.6813857,0.8231126,0.6856368,0.7898844,0.71433324,0.83716995,0.72478026,0.81663376,0.7342324,0.86240625,0.757867,0.83598876,0.76304245,0.89697856,0.80046403,0.8496941,0.80281365,0.90952003
2025-01-01 12:16:00,0.67400146,0.80142874,0.6699183,0.7817359,0.6814031,0.8231261,0.6856513,0.78989416,0.7143441,0.8371757,0.72478634,0.816635,0.7342348,0.86240363,0.7578651,0.8359828,0.7630382,0.8969711,0.80045855,0.84968555,0.8028081,0.9095126
2025-01-01 12:17:00,0.6740187,0.80144435,0.669935,0.7817501,0.68141806,0.82313794,0.68566316,0.7899023,0.7143522,0.8371798,0.7247898,0.81663454,0.73423433,0.8623992,0.75786054,0.8359751,0.76303136,0.89696187,0.80045044,0.8496754,0.8028,0.9095036
2025-01-01 12:18:00,0.6740344,0.8014591,0.6699502,0.78176343,0.68143135,0.8231487,0.68567336,0.78990936,0.7143585,0.83718264,0.72479147,0.81663287,0.734232,0.86239374,0.75785434,0.8359664,0.7630227,0.89695144,0.8004406,0.84966433,0.80279034,0.9094935
2025-01-01 12:19:00,0.6740492,0.80147314,0.66996443,0.7817761,0.6814436,0.8231588,0.6856824,0.78991574,0.7143636,0.8371847,0.72479206,0.8166306,0.73422855,0.8623874,0.7578471,0.83595693,0.76301295,0.89694023,0.8004297,0.8496525,0.80277956,0.9094827
2025-01-01 12:20:00,0.67406344,0.8014868,0.669978,0.78178835,0.68145514,0.8231684,0.68569076,0.7899216,0.71436787,0.8371863,0.7247919,0.81662774,0.7342242,0.8623807,0.757839,0.835947,0.7630024,0.8969285,0.800418,0.84964025,0.8027682,0.9094716
2025-01-01 12:21:00,0.6740773,0.8015002,0.6699912,0.7818003,0.6814663,0.8231777,0.68569857,0.7899271,0.7143716,0.83718747,0.72479117,0.8166245,0.73421925,0.8623735,0.75783044,0.83593667,0.76299137,0.8969164,0.80040586,0.84962773,0.8027563,0.9094601
2025-01-01 12:22:00,0.67409086,0.80151343,0.67000407,0.7818121,0.681477,0.82318676,0.685706,0.7899324,0.714375,0.8371884,0.7247901,0.81662107,0.734214,0.8623661,0.75782156,0.8359262,0.76298,0.8969042,0.80039334,0.84961504,0.80274415,0.90944856
2025-01-01 12:23:00,0.6741043,0.80152655,0.6700167,0.7818237,0.68148756,0.82319564,0.68571323,0.78993744,0.7143781,0.8371892,0.7247888,0.8166174,0.7342085,0.8623585,0.75781244,0.83591557,0.76296836,0.8968917,0.80038065,0.8496022,0.8027318,0.9094368
2025-01-01 12:24:00,0.6741176,0.8015396,0.6700293,0.78183526,0.68149793,0.8232044,0.6857203,0.78994244,0.71438104,0.83718985,0.7247873,0.8166137,0.73420274,0.8623508,0.75780314,0.8359048,0.7629566,0.89687914,0.8003678,0.8495893,0.8027194,0.9094251
2025-01-01 12:25:00,0.67413086,0.80155253,0.67004174,0.78184676,0.6815082,0.823213,0.6857272,0.7899473,0.71438384,0.8371904,0.7247857,0.8166098,0.7341969,0.862343,0.7577937,0.8358939,0.7629448,0.89686656,0.8003549,0.8495763,0.8027069,0.90941334
2025-01-01 12:26:00,0.674144,0.80156547,0.6700541,0.78185815,0.6815184,0.82322156,0.68573403,0.7899521,0.7143866,0.8371908,0.72478396,0.81660587,0.73419094,0.86233515,0.7577842,0.835883,0.7629329,0.89685386,0.80034196,0.8495633,0.8026943,0.90940154
2025-01-01 12:27:00,0.6741572,0.8015784,0.6700664,0.7818696,0.6815285,0.82323015,0.68574077,0.7899568,0.71438915,0.8371912,0.7247821,0.8166018,0.7341849,0.8623272,0.75777465,0.8358721,0.7629209,0.89684117,0.8003289,0.8495503,0.8026818,0.90938973
2025-01-01 12:28:00,0.6741704,0.8015913,0.67007875,0.78188086,0.6815386,0.8232386,0.68574744,0.7899614,0.7143917,0.83719146,0.7247802,0.8165977,0.7341788,0.8623192,0.757765,0.835861,0.7629089,0.8968284,0.8003159,0.8495373,0.8026692,0.90937793
2025-01-01 12:29:00,0.6741834,0.80160415,0.670091,0.7818921,0.68154854,0.82324696,0.685754,0.789966,0.7143941,0.83719164,0.7247782,0.8165935,0.7341726,0.86231107,0.7577553,0.83585,0.76289684,0.89681566,0.8003028,0.84952426,0.80265665,0.90936613
2025-01-01 12:30:00,0.68074435,0.8060112,0.67691696,0.7863204,0.6887896,0.82803243,0.69324934,0.7948067,0.7222532,0.842228,0.7322792,0.8215215,0.7421547,0.86732465,0.76501507,0.8406451,0.7704434,0.9019798,0.8077552,0.8541845,0.80969656,0.9140033
2025-01-01 12:31:00,0.68501353,0.8088803,0.68135804,0.78920263,0.6934997,0.8311459,0.6981235,0.79795474,0.72736233,0.8455016,0.73715407,0.8247232,0.7473409,0.8705805,0.7697304,0.8437579,0.77534443,0.905332,0.81259465,0.8572091,0.81426805,0.91701335
2025-01-01 12:32:00,0.687793,0.8107497,0.684249,0.79108006,0.69656473,0.83317244,0.70129395,0.80000246,0.73068404,0.8476294,0.74032193,0.82680273,0.75070965,0.872694,0.772792,0.8457774,0.7785258,0.9075065,0.8157357,0.85917056,0.81723523,0.9189659
2025-01-01 12:33:00,0.68960434,0.8119693,0.6861324,0.7923042,0.6985604,0.83449256,0.7033569,0.801335,0.7328439,0.84901243,0.74238026,0.82815284,0.7528971,0.8740648,0.7747785,0.8470861,0.7805894,0.9089154,0.8177728,0.86044097,0.8191595,0.9202309
2025-01-01 12:34:00,0.69078624,0.8127665,0.6873608,0.7931038,0.699861,0.83535355,0.70470005,0.8022026,0.73424846,0.8499114,0.74371725,0.8290288,0.75431657,0.87495285,0.77606624,0.84793276,0.7819265,0.90982664,0.81909233,0.86126214,0.8204059,0.9210491
2025-01-01 12:35:00,0.6915591,0.8132891,0.6881636,0.7936274,0.70070976,0.8359159,0.7055752,0.80276793,0.73516214,0.8504955,0.74458545,0.82959664,0.7552369,0.8755272,0.77689976,0.84847915,0.78279126,0.91041446,0.8199455,0.8617914,0.8212117,0.9215769
2025-01-01 12:36:00,0.69206595,0.81363326,0.6886895,0.79397154,0.7012648,0.83628434,0.7061463,0.8031368,0.7357567,0.85087514,0.74514896,0.82996404,0.75583285,0.8758975,0.77743804,0.84883034,0.7833491,0.9107921,0.8204954,0.8621308,0.82173115,0.92191595
2025-01-01 12:37:00,0.69240004,0.8138615,0.6890356,0.7941991,0.701629,0.8365265,0.70651954,0.80337805,0.7361438,0.8511218,0.7455143,0.8302012,0.75621784,0.8761353,0.77778435,0.8490547,0.7837074,0.91103303,0.8208483,0.862347,0.82206434,0.92213225
2025-01-01 12:38:00,0.69262177,0.8140143,0.6892647,0.79435086,0.701869,0.8366868,0.70676434,0.80353624,0.7363961,0.85128194,0.74575084,0.8303537,0.75646573,0.87628675,0.77800596,0.84919643,0.78393596,0.9111851,0.82107306,0.8624829,0.82227665,0.9222688
2025-01-01 12:39:00,0.6927704,0.814118,0.6894179,0.7944533,0.7020284,0.83679366,0.7069255,0.8036404,0.73656064,0.8513859,0.7459037,0.83045113,0.75662446,0.87638223,0.77814645,0.84928465,0.78408027,0.91127944,0.82121456,0.86256677,0.82241035,0.9223536
2025-01-01 12:40:00,0.6928717,0.81419,0.6895216,0.7945237,0.7021353,0.83686584,0.7070324,0.80370945,0.7366682,0.85145324,0.746002,0.83051276,0.75672525,0.87644124,0.7782342,0.849338,0.7841697,0.9113362,0.82130194,0.8626168,0.8224929,0.9224047
2025-01-01 12:41:00,0.692942,0.8142411,0.6895932,0.7945733,0.70220816,0.8369155,0.70710385,0.8037557,0.73673874,0.8514969,0.74606496,0.8305511,0.7567883,0.8764766,0.77828765,0.84936863,0.7842235,0.91136855,0.82135415,0.86264473,0.82254225,0.922434
2025-01-01 12:42:00,0.6929923,0.8142787,0.68964386,0.7946093,0.7022587,0.8369505,0.70715237,0.8037871,0.7367851,0.85152495,0.7461049,0.8305743,0.7568269,0.87649655,0.7783188,0.84938455,0.78425413,0.9113851,0.8213836,0.86265844,0.82257,0.92244893
2025-01-01 12:43:00,0.6930296,0.8143077,0.68968105,0.7946365,0.7022949,0.83697593,0.70718586,0.80380875,0.7368158,0.85154295,0.7461298,0.83058757,0.7568495,0.87650645,0.77833545,0.8493908,0.7842697,0.9113913,0.8213981,0.8626628,0.8225837,0.9224547
2025-01-01 12:44:00,0.6930584,0.81433094,0.68970937,0.7946579,0.7023217,0.8369951,0.7072097,0.8038241,0.73683625,0.8515544,0.746145,0.8305945,0.75686175,0.8765097,0.77834266,0.84939086,0.7842755,0.91139084,0.8214029,0.8626611,0.8225884,0.92245454
2025-01-01 12:45:00,0.6930817,0.8143504,0.6897319,0.7946756,0.70234233,0.83701026,0.7072272,0.8038354,0.73685,0.85156155,0.74615383,0.8305971,0.7568672,0.8765088,0.7783437,0.8493868,0.7842749,0.91138595,0.8214015,0.86265546,0.8225871,0.9224504
2025-01-01 12:46:00,0.6931014,0.81436753,0.6897507,0.7946908,0.70235896,0.8370227,0.7072405,0.8038439,0.73685944,0.8515659,0.7461585,0.83059704,0.75686824,0.876505,0.77834076,0.8493802,0.7842701,0.91137826,0.82139593,0.86264735,0.82258195,0.9224438
2025-01-01 12:47:00,0.69311875,0.8143831,0.689767,0.79470444,0.702373,0.83703345,0.70725113,0.8038507,0.73686606,0.8515684,0.7461604,0.83059514,0.7568664,0.8764995,0.7783351,0.84937173,0.78426266,0.9113687,0.82138777,0.86263764,0.8225744,0.9224356
2025-01-01 12:48:00,0.6931346,0.8143976,0.6897817,0.794717,0.70238537,0.837043,0.70725995,0.8038563,0.7368707,0.85156965,0.7461605,0.83059204,0.75686264,0.87649274,0.7783278,0.8493622,0.7842534,0.91135794,0.8213779,0.8626268,0.82256514,0.92242634
2025-01-01 12:49:00,0.69314945,0.81441134,0.6897954,0.79472893,0.7023966,0.8370518,0.7072676,0.8038611,0.7368742,0.8515701,0.74615943,0.83058816,0.7568577,0.87648517,0.7783194,0.84935194,0.78424305,0.9113464,0.8213669,0.8626153,0.82255495,0.9224164
2025-01-01 12:50:00,0.69316363,0.8144247,0.6898084,0.7947403,0.70240706,0.83706015,0.70727444,0.80386543,0.73687685,0.85157,0.74615765,0.83058375,0.7568519,0.87647706,0.77831024,0.84934115,0.7842319,0.91133434,0.8213551,0.86260325,0.822544,0.922406
2025-01-01 12:51:00,0.69317746,0.8144378,0.68982095,0.7947514,0.702417,0.8370681,0.7072808,0.8038693,0.73687893,0.85156953,0.74615526,0.830579,0.75684553,0.8764686,0.7783006,0.84933,0.7842202,0.91132194,0.8213429,0.86259097,0.82253265,0.9223954
2025-01-01 12:52:00,0.69319093,0.8144507,0.68983316,0.7947623,0.7024266,0.83707577,0.7072867,0.80387294,0.7368806,0.8515688,0.74615246,0.8305739,0.7568388,0.87645996,0.77829057,0.8493186,0.7842083,0.91130936,0.8213303,0.8625785,0.82252103,0.9223846
2025-01-01 12:53:00,0.6932043,0.81446344,0.6898452,0.794773,0.702436,0.8370833,0.70729244,0.80387646,0.7368821,0.85156786,0.7461495,0.83056873,0.7568318,0.8764511,0.7782804,0.8493071,0.78419614,0.91129667,0.8213176,0.862566,0.8225093,0.9223738
2025-01-01 12:54:00,0.69321746,0.8144761,0.68985707,0.7947836,0.7024452,0.83709073,0.707298,0.8038798,0.73688334,0.85156685,0.7461463,0.83056337,0.7568246,0.8764421,0.77827,0.84929556,0.78418374,0.9112838,0.82130474,0.8625533,0.82249737,0.9223628
2025-01-01 12:55:00,0.69323057,0.81448865,0.6898688,0.7947942,0.7024544,0.83709806,0.7073034,0.8038831,0.7368844,0.85156566,0.746143,0.83055794,0.7568173,0.87643296,0.7782595,0.8492839,0.78417134,0.91127086,0.8212918,0.86254066,0.82248545,0.92235184
2025-01-01 12:56:00,0.6932436,0.81450117,0.6898805,0.79480463,0.7024634,0.8371053,0.7073087,0.80388623,0.7368854,0.8515644,0.7461396,0.8305524,0.7568099,0.87642384,0.77824897,0.84927213,0.7841589,0.9112579,0.82127887,0.86252797,0.82247347,0.92234087
2025-01-01 12:57:00,0.6932567,0.8145137,0.6898922,0.79481506,0.7024723,0.8371124,0.7073139,0.8038893,0.7368863,0.85156304,0.74613607,0.8305468,0.7568023,0.8764146,0.7782383,0.84926033,0.7841463,0.9112449,0.8212658,0.8625153,0.8224615,0.92232996
2025-01-01 12:58:00,0.69326967,0.8145261,0.6899038,0.79482543,0.7024812,0.83711946,0.7073191,0.80389225,0.73688716,0.8515616,0.7461325,0.8305411,0.75679475,0.87640524,0.77822757,0.84924847,0.78413373,0.9112319,0.8212528,0.8625025,0.82244956,0.922319
2025-01-01 12:59:00,0.6932826,0.8145385,0.6899153,0.7948357,0.70249,0.8371265,0.7073241,0.8038952,0.7368879,0.85156006,0.7461288,0.8305353,0.7567871,0.8763959,0.77821684,0.8492366,0.7841211,0.9112189,0.82123977,0.8624898,0.8224376,0.9223081
2025-01-01 13:00:00,0.7000854,0.8192824,0.6970051,0.7995964,0.7099645,0.84214824,0.7150042,0.8090134,0.74484724,0.8568014,0.7537181,0.83568066,0.7647852,0.8815265,0.7854457,0.8541711,0.7916246,0.91640514,0.8285439,0.8672295,0.829297,0.92692333
2025-01-01 13:01:00,0.70451176,0.82237035,0.7016174,0.8026945,0.7148259,0.8454148,0.71999794,0.8123412,0.750021,0.8602077,0.75864977,0.8390231,0.7699811,0.8848582,0.7901406,0.8573743,0.79649746,0.9197717,0.833287,0.8703059,0.8337515,0.9299194
2025-01-01 13:02:00,0.7073934,0.8243818,0.70461947,0.80471176,0.71798885,0.84754044,0.72324556,0.8145052,0.75338405,0.86242104,0.76185393,0.84119356,0.7733557,0.8870204,0.7931886,0.8594522,0.7996603,0.92195535,0.83636546,0.8723011,0.83664274,0.9318632
2025-01-01 13:03:00,0.709271,0.8256935,0.7065748,0.8060266,0.7200477,0.8489244,0.7253582,0.8159127,0.7555702,0.8638591,0.76393527,0.84260225,0.77554643,0.8884224,0.79516584,0.8607986,0.80171174,0.9233702,0.8383619,0.8735936,0.8385179,0.9331229
2025-01-01 13:04:00,0.7104959,0.8265504,0.7078497,0.80688465,0.721389,0.84982634,0.726733,0.8168285,0.75699127,0.86479324,0.76528674,0.84351575,0.77696764,0.8893304,0.7964472,0.86166954,0.80304074,0.92428523,0.83965504,0.87442935,0.83973265,0.9339379
2025-01-01 13:05:00,0.7112966,0.8271118,0.7086823,0.80744594,0.72226375,0.8504149,0.72762823,0.81742465,0.7579151,0.8653997,0.7661637,0.8441074,0.77788854,0.8899172,0.79727626,0.8622315,0.80390006,0.9248754,0.84049106,0.8749681,0.84051806,0.9344639
2025-01-01 13:06:00,0.7118215,0.82748085,0.70922744,0.80781424,0.7228353,0.8507998,0.7282117,0.817813,0.75851566,0.8657932,0.76673234,0.84448975,0.77848434,0.89029527,0.79781127,0.8625925,0.8044542,0.92525446,0.8410299,0.87531394,0.8410245,0.9348021
2025-01-01 13:07:00,0.71216726,0.8277251,0.7095858,0.8080571,0.72320974,0.8510522,0.72859263,0.8180662,0.75890607,0.8660483,0.76710045,0.84473616,0.7788688,0.8905375,0.7981551,0.8628229,0.8048099,0.9254962,0.8413755,0.8755343,0.84134954,0.93501824
2025-01-01 13:08:00,0.7123965,0.82788813,0.7098226,0.80821854,0.723456,0.8512186,0.7288417,0.81823164,0.7591599,0.8662133,0.76733816,0.84489405,0.7791158,0.8906916,0.7983747,0.8629684,0.80503666,0.92564887,0.8415957,0.8756732,0.8415567,0.93515503
2025-01-01 13:09:00,0.7125499,0.8279983,0.70998037,0.80832684,0.7236189,0.851329,0.72900516,0.8183399,0.75932485,0.86631984,0.76749116,0.8449945,0.7792735,0.8907883,0.79851365,0.86305875,0.80517954,0.92574346,0.84173423,0.875759,0.8416873,0.93524027
2025-01-01 13:10:00,0.71265423,0.8280742,0.71008694,0.8084007,0.72372776,0.851403,0.729113,0.81841105,0.7594321,0.86638826,0.7675891,0.8450575,0.7793731,0.8908477,0.79859996,0.86311316,0.80526793,0.9258003,0.8418197,0.87581044,0.8417681,0.935292
2025-01-01 13:11:00,0.7127265,0.82812786,0.71016,0.8084521,0.7238013,0.8514533,0.72918457,0.818458,0.75950176,0.86643195,0.7676512,0.8450961,0.7794349,0.89088285,0.7986521,0.8631443,0.8053209,0.92583275,0.8418707,0.8758395,0.84181654,0.9353219
2025-01-01 13:12:00,0.7127779,0.82816696,0.7102114,0.80848897,0.72385204,0.8514882,0.72923255,0.8184893,0.75954694,0.8664595,0.76768994,0.84511906,0.7794722,0.89090216,0.79868215,0.8631602,0.8053508,0.9258492,0.84189934,0.875854,0.84184396,0.9353377
2025-01-01 13:13:00,0.7128158,0.8281965,0.7102487,0.8085163,0.7238878,0.851513,0.72926515,0.81851035,0.7595763,0.86647654,0.76771355,0.84513164,0.77949345,0.8909113,0.7986977,0.86316633,0.80536574,0.92585534,0.8419134,0.87585914,0.84185773,0.93534434
2025-01-01 13:14:00,0.7128449,0.82822,0.71027684,0.8085374,0.7239139,0.8515313,0.7292878,0.81852466,0.7595953,0.8664868,0.7677273,0.8451375,0.77950436,0.89091367,0.79870385,0.86316603,0.8053709,0.92585474,0.841918,0.875858,0.84186256,0.93534505
2025-01-01 13:15:00,0.71286833,0.8282395,0.71029896,0.8085546,0.72393364,0.8515454,0.72930396,0.8185347,0.75960755,0.86649257,0.7677346,0.84513897,0.7795085,0.89091176,0.7987039,0.8631615,0.80536985,0.92584974,0.8419165,0.875853,0.8418617,0.9353419
2025-01-01 13:16:00,0.7128879,0.82825637,0.71031713,0.8085691,0.72394925,0.85155666,0.72931594,0.8185419,0.7596153,0.8664954,0.76773775,0.84513754,0.7795082,0.890907,0.7986999,0.8631543,0.8053646,0.925842,0.841911,0.87584543,0.84185714,0.93533623
2025-01-01 13:17:00,0.7129051,0.8282715,0.7103328,0.8085818,0.7239622,0.8515661,0.72932506,0.8185472,0.75962025,0.8664963,0.76773804,0.84513426,0.77950495,0.8909003,0.79869336,0.8631453,0.8053567,0.9258323,0.84190285,0.8758361,0.8418501,0.93532896
2025-01-01 13:18:00,0.7129208,0.8282856,0.7103468,0.80859345,0.72397333,0.8515743,0.7293323,0.81855124,0.7596232,0.86649597,0.7677366,0.8451297,0.7794998,0.89089245,0.7986851,0.86313504,0.80534697,0.92582136,0.841893,0.8758257,0.8418415,0.9353206
2025-01-01 13:19:00,0.71293545,0.82829887,0.71035975,0.80860436,0.72398335,0.8515817,0.72933847,0.81855446,0.759625,0.86649483,0.76773393,0.84512436,0.77949345,0.89088374,0.7986757,0.8631241,0.8053362,0.9258097,0.8418821,0.8758146,0.8418319,0.9353117
2025-01-01 13:20:00,0.7129494,0.82831174,0.7103719,0.80861473,0.7239925,0.85158855,0.7293437,0.8185571,0.75962603,0.8664931,0.7677305,0.8451185,0.77948624,0.89087445,0.79866564,0.8631126,0.8053246,0.9257975,0.8418705,0.8758031,0.84182173,0.9353023
2025-01-01 13:21:00,0.71296287,0.8283242,0.71038365,0.80862474,0.7240012,0.85159504,0.7293485,0.81855935,0.7596264,0.8664909,0.7677265,0.8451122,0.77947855,0.89086485,0.798655,0.8631009,0.8053126,0.925785,0.84185845,0.8757913,0.8418111,0.93529266
2025-01-01 13:22:00,0.71297604,0.82833654,0.71039504,0.8086345,0.7240095,0.85160136,0.72935283,0.8185614,0.7596264,0.8664885,0.76772213,0.8451057,0.77947044,0.890855,0.79864407,0.86308885,0.80530024,0.9257723,0.8418461,0.87577933,0.8418003,0.9352829
2025-01-01 13:23:00,0.7129891,0.82834864,0.7104062,0.8086442,0.72401756,0.8516074,0.729357,0.81856316,0.75962615,0.8664859,0.7677175,0.845099,0.7794621,0.890845,0.7986329,0.8630767,0.8052877,0.9257595,0.8418336,0.8757673,0.84178925,0.935273
2025-01-01 13:24:00,0.7130019,0.82836074,0.7104172,0.8086537,0.7240255,0.85161334,0.72936094,0.81856483,0.7596257,0.86648315,0.76771265,0.8450921,0.77945364,0.89083487,0.7986216,0.86306447,0.80527496,0.92574656,0.8418209,0.87575513,0.84177816,0.93526304
2025-01-01 13:25:00,0.71301466,0.8283727,0.71042806,0.80866313,0.7240333,0.8516192,0.72936475,0.81856644,0.7596251,0.8664803,0.76770777,0.8450852,0.77944493,0.8908246,0.7986102,0.8630521,0.8052622,0.92573357,0.8418082,0.875743,0.8417669,0.93525314
2025-01-01 13:26:00,0.71302736,0.8283846,0.7104389,0.8086725,0.724041,0.85162485,0.72936845,0.8185679,0.75962436,0.8664773,0.7677027,0.8450782,0.77943623,0.8908143,0.79859877,0.86303973,0.80524933,0.9257206,0.8417955,0.8757308,0.8417557,0.9352432
2025-01-01 13:27:00,0.71304005,0.82839644,0.71044964,0.8086818,0.72404855,0.8516305,0.729372,0.81856924,0.7596235,0.8664743,0.7676976,0.845071,0.77942735,0.890804,0.7985872,0.86302733,0.80523646,0.9257075,0.8417827,0.87571865,0.84174454,0.9352333
2025-01-01 13:28:00,0.7130527,0.82840824,0.7104603,0.80869097,0.7240561,0.8516361,0.72937554,0.81857055,0.75962263,0.8664711,0.7676924,0.8450638,0.77941847,0.8907935,0.79857564,0.8630148,0.8052235,0.9256944,0.8417699,0.87570643,0.84173334,0.93522334
2025-01-01 13:29:00,0.71306527,0.82842,0.7104709,0.80870014,0.7240635,0.8516416,0.72937894,0.81857175,0.7596216,0.8664679,0.7676871,0.84505653,0.7794094,0.890783,0.79856396,0.8630023,0.80521053,0.9256813,0.84175706,0.8756942,0.84172213,0.93521345
2025-01-01 13:30:00,0.71998924,0.83341676,0.7176989,0.81370884,0.7316388,0.8568103,0.7371077,0.8238765,0.7675402,0.8718212,0.77523005,0.85032785,0.7872816,0.89593965,0.80563354,0.86798894,0.8125376,0.9307977,0.84878325,0.8804292,0.8482795,0.9397247
2025-01-01 13:31:00,0.7244942,0.8366687,0.7224007,0.8169677,0.7365653,0.8601718,0.74213254,0.82732487,0.77268684,0.87529963,0.78013104,0.8537516,0.7923952,0.8992877,0.8102247,0.8712259,0.8172956,0.93411887,0.85334575,0.8835027,0.8525379,0.9426536
2025-01-01 13:32:00,0.7274268,0.83878666,0.7254605,0.8190891,0.73977005,0.8623586,0.7453998,0.8295667,0.7760318,0.8775594,0.78331476,0.8559744,0.79571587,0.9014602,0.8132048,0.87332547,0.82038385,0.936273,0.8563069,0.88549626,0.8553019,0.9445539
2025-01-01 13:33:00,0.72933733,0.8401673,0.727453,0.82047117,0.7418556,0.8637818,0.7475245,0.83102417,0.77820545,0.879027,0.7853822,0.85741657,0.7978711,0.90286857,0.8151377,0.87468576,0.8223866,0.9376686,0.85822725,0.88678783,0.85709476,0.9457858
2025-01-01 13:34:00,0.7305836,0.8410688,0.72875184,0.82137257,0.7432138,0.8647087,0.7489067,0.8319718,0.77961785,0.8799797,0.78672403,0.8583514,0.7992687,0.9037803,0.81639,0.8755656,0.8236838,0.93857116,0.85947096,0.88762313,0.8582562,0.9465832
2025-01-01 13:35:00,0.731398,0.84165883,0.72959965,0.8219616,0.744099,0.865313,0.74980617,0.8325881,0.78053546,0.8805977,0.78759426,0.85895634,0.80017394,0.9043692,0.81719977,0.87613297,0.82452244,0.9391532,0.8602749,0.88816184,0.85900736,0.9470981
2025-01-01 13:36:00,0.7319317,0.8420464,0.73015434,0.82234746,0.7446769,0.8657075,0.7503918,0.83298886,0.7811313,0.88099813,0.7881579,0.85934687,0.800759,0.90474814,0.817722,0.87649745,0.82506305,0.93952703,0.86079305,0.8885079,0.85949177,0.9474295
2025-01-01 13:37:00,0.73228294,0.8423023,0.7305185,0.8226014,0.7450549,0.8659658,0.7507735,0.8332496,0.7815181,0.88125706,0.7885222,0.859598,0.8011361,0.90499073,0.8180573,0.87672985,0.8254098,0.93976545,0.86112535,0.88872856,0.8598028,0.9476415
2025-01-01 13:38:00,0.7325156,0.8424727,0.7307587,0.82276946,0.7453031,0.8661353,0.7510226,0.8334193,0.781769,0.88142407,0.78875697,0.8597585,0.8013778,0.9051446,0.81827104,0.8768765,0.82563066,0.9399158,0.86133695,0.88886786,0.8600012,0.947776
2025-01-01 13:39:00,0.73267114,0.8425874,0.7309185,0.82288176,0.7454668,0.8662472,0.7511854,0.83352983,0.7819314,0.88153124,0.78890747,0.85986006,0.80153155,0.9052408,0.81840575,0.8769674,0.8257696,0.940009,0.86147004,0.8889542,0.8601263,0.9478602
2025-01-01 13:40:00,0.7327765,0.842666,0.7310259,0.82295775,0.74557555,0.8663216,0.75129217,0.83360183,0.78203636,0.88159955,0.78900325,0.85992336,0.80162823,0.9052995,0.8184892,0.87702197,0.8258554,0.940065,0.8615521,0.8890062,0.8602039,0.94791156
2025-01-01 13:41:00,0.7328494,0.84272105,0.73109925,0.82301015,0.7456487,0.8663717,0.7513625,0.8336488,0.782104,0.8816425,0.78906333,0.8599617,0.8016877,0.9053338,0.8185392,0.877053,0.8259066,0.94009686,0.8616011,0.88903576,0.86025053,0.9479417
2025-01-01 13:42:00,0.73290104,0.84276086,0.7311505,0.82304716,0.7456985,0.8664059,0.7514091,0.8336794,0.7821473,0.88166904,0.7891003,0.85998386,0.801723,0.90535223,0.8185675,0.87706876,0.8259352,0.94011295,0.8616285,0.8890509,0.8602771,0.94795805
2025-01-01 13:43:00,0.7329389,0.8427906,0.7311873,0.8230742,0.7457332,0.8664297,0.7514404,0.8336994,0.78217477,0.8816849,0.78912216,0.85999554,0.8017426,0.90536046,0.8185817,0.87707454,0.82594925,0.94011885,0.8616418,0.88905656,0.8602906,0.94796544
2025-01-01 13:44:00,0.73296785,0.84281397,0.7312147,0.8230948,0.7457581,0.8664468,0.75146157,0.8337126,0.78219193,0.8816937,0.78913414,0.86000025,0.8017519,0.9053619,0.81858665,0.8770738,0.82595384,0.94011813,0.8616461,0.8890561,0.86029565,0.947967
2025-01-01 13:45:00,0.7329909,0.8428331,0.73123604,0.82311106,0.7457766,0.86645955,0.7514761,0.83372116,0.7822024,0.881698,0.78913987,0.8600005,0.8017546,0.9053589,0.8185857,0.8770689,0.82595223,0.94011307,0.8616445,0.8890517,0.86029524,0.9479648
2025-01-01 13:46:00,0.73301023,0.8428495,0.7312534,0.8231246,0.7457909,0.8664694,0.7514864,0.83372676,0.78220844,0.8816993,0.78914136,0.8599978,0.8017529,0.9053531,0.81858075,0.8770611,0.8259466,0.94010526,0.861639,0.8890447,0.86029124,0.94796014
2025-01-01 13:47:00,0.733027,0.84286404,0.7312681,0.82313627,0.74580246,0.8664773,0.7514939,0.83373046,0.78221166,0.8816987,0.7891401,0.85999316,0.8017484,0.90534544,0.8185733,0.87705165,0.82593834,0.94009566,0.8616311,0.8890361,0.860285,0.947954
2025-01-01 13:48:00,0.7330422,0.8428774,0.73128116,0.82314676,0.74581224,0.866484,0.7514996,0.83373284,0.782213,0.8816967,0.78913707,0.85998726,0.801742,0.90533656,0.81856424,0.87704104,0.8259284,0.9400848,0.86162156,0.8890264,0.8602771,0.9479468
2025-01-01 13:49:00,0.7330563,0.84288996,0.7312931,0.8231565,0.74582076,0.8664899,0.751504,0.8337344,0.78221303,0.8816939,0.7891328,0.8599806,0.80173445,0.90532684,0.81855404,0.8770296,0.82591736,0.94007325,0.861611,0.889016,0.8602684,0.9479389
2025-01-01 13:50:00,0.7330697,0.84290206,0.7313042,0.8231656,0.74582857,0.86649525,0.75150764,0.8337354,0.78221226,0.8816905,0.78912777,0.8599733,0.80172604,0.90531665,0.8185432,0.8770177,0.82590556,0.9400612,0.86159974,0.8890051,0.8602591,0.94793075
2025-01-01 13:51:00,0.7330827,0.8429138,0.7313149,0.8231744,0.74583584,0.86650014,0.7515107,0.833736,0.7822109,0.88168675,0.7891222,0.8599656,0.80171704,0.90530604,0.8185319,0.87700546,0.82589334,0.9400488,0.86158806,0.888994,0.8602494,0.9479222
2025-01-01 13:52:00,0.73309535,0.84292525,0.7313252,0.823183,0.74584275,0.86650485,0.7515134,0.8337363,0.7822092,0.8816827,0.7891164,0.8599577,0.80170774,0.90529525,0.8185202,0.876993,0.82588077,0.94003624,0.8615761,0.88898265,0.8602394,0.94791365
2025-01-01 13:53:00,0.7331078,0.8429366,0.7313353,0.82319134,0.7458494,0.8665094,0.7515159,0.8337364,0.78220725,0.8816785,0.7891102,0.85994965,0.8016982,0.9052843,0.8185083,0.8769804,0.82586807,0.9400235,0.861564,0.8889713,0.8602294,0.94790494
2025-01-01 13:54:00,0.7331201,0.84294784,0.73134524,0.8231996,0.7458558,0.8665137,0.75151813,0.83373636,0.78220505,0.8816741,0.78910387,0.8599414,0.80168843,0.9052732,0.8184963,0.8769677,0.8258552,0.9400107,0.86155176,0.8889599,0.8602192,0.9478962
2025-01-01 13:55:00,0.7331323,0.842959,0.7313551,0.82320774,0.7458621,0.86651796,0.7515203,0.83373624,0.7822028,0.8816696,0.78909737,0.8599331,0.8016786,0.905262,0.8184841,0.876955,0.82584226,0.93999785,0.8615394,0.88894844,0.8602089,0.94788736
2025-01-01 13:56:00,0.73314446,0.84297,0.7313648,0.8232158,0.7458684,0.8665221,0.7515223,0.83373594,0.78220034,0.881665,0.7890908,0.8599247,0.80166864,0.9052507,0.81847197,0.87694216,0.82582927,0.939985,0.8615271,0.88893694,0.8601987,0.9478786
2025-01-01 13:57:00,0.7331565,0.84298104,0.73137444,0.82322377,0.7458745,0.8665261,0.7515242,0.83373564,0.7821978,0.8816603,0.78908414,0.8599162,0.80165863,0.9052394,0.81845975,0.87692934,0.8258162,0.9399721,0.86151475,0.8889255,0.8601884,0.94786996
2025-01-01 13:58:00,0.7331686,0.842992,0.73138404,0.8232317,0.74588054,0.8665301,0.75152606,0.83373517,0.7821952,0.8816555,0.78907746,0.8599076,0.80164856,0.905228,0.8184475,0.8769164,0.82580316,0.93995917,0.8615024,0.888914,0.8601783,0.9478612
2025-01-01 13:59:00,0.7331806,0.8430029,0.7313936,0.82323956,0.7458865,0.866534,0.7515277,0.8337347,0.78219247,0.8816507,0.7890706,0.859899,0.80163836,0.9052166,0.81843513,0.8769035,0.82579005,0.93994623,0.8614901,0.88890254,0.86016804,0.9478525
2025-01-01 14:00:00,0.7401007,0.8481621,0.738629,0.82840586,0.7534257,0.8717565,0.75916547,0.83913004,0.7899272,0.88701916,0.796431,0.865201,0.80924225,0.91030604,0.8252178,0.88185203,0.8328085,0.94490016,0.86811143,0.8935471,0.8663048,0.9521783
2025-01-01 14:01:00,0.7446029,0.85151935,0.74333525,0.8317667,0.7583283,0.87515235,0.76413053,0.8426367,0.7949537,0.8905069,0.8012127,0.8686442,0.81418115,0.9136101,0.8296221,0.885064,0.83736587,0.9481157,0.872411,0.89656204,0.8702902,0.9549871
2025-01-01 14:02:00,0.7475335,0.8537053,0.7463976,0.8339539,0.7615169,0.87736094,0.7673584,0.8449158,0.7982199,0.89277214,0.8043184,0.8708792,0.8173878,0.9157537,0.8324805,0.8871472,0.84032357,0.9502013,0.8752014,0.89851785,0.8728772,0.9568098
2025-01-01 14:03:00,0.7494425,0.85512996,0.7483914,0.8353783,0.7635916,0.87879777,0.769457,0.8463969,0.80034184,0.89424276,0.8063346,0.87232876,0.81946856,0.917143,0.83433414,0.8884968,0.84224147,0.9515524,0.8770109,0.89978516,0.8745553,0.9579916
2025-01-01 14:04:00,0.75068754,0.85605973,0.74969053,0.8363067,0.764942,0.8797329,0.7708215,0.84735936,0.80172,0.89519686,0.8076427,0.87326795,0.82081735,0.91804194,0.8355347,0.88936955,0.8434835,0.95242614,0.87818277,0.90060496,0.8756425,0.9587569
2025-01-01 14:05:00,0.75150096,0.85666776,0.7505382,0.8369128,0.76582175,0.880342,0.77170885,0.8479846,0.80261475,0.89581513,0.8084904,0.87387526,0.82169044,0.91862226,0.8363106,0.8899322,0.84428626,0.9529896,0.8789402,0.90113395,0.8763457,0.95925134
2025-01-01 14:06:00,0.75203377,0.85706675,0.7510924,0.8373094,0.7663955,0.8807391,0.77228606,0.8483906,0.8031952,0.8962152,0.8090389,0.87426686,0.82225424,0.9189953,0.83681065,0.8902934,0.84480345,0.9533513,0.87942827,0.9014738,0.87679935,0.9595699
2025-01-01 14:07:00,0.7523842,0.8573297,0.7514558,0.8375698,0.76677036,0.8809984,0.7726617,0.84865415,0.80357134,0.89647335,0.8093928,0.8745183,0.82261705,0.91923374,0.83713126,0.8905237,0.84513503,0.953582,0.8797413,0.90169084,0.8770908,0.959774
2025-01-01 14:08:00,0.7526161,0.85750437,0.7516952,0.8377416,0.7670159,0.88116807,0.7729062,0.8488251,0.80381465,0.8966392,0.8096203,0.8746785,0.82284915,0.9193846,0.8373353,0.89066875,0.84534603,0.9537274,0.87994045,0.901828,0.8772768,0.95990384
2025-01-01 14:09:00,0.75277084,0.85762155,0.751854,0.8378558,0.7671774,0.88127947,0.7730655,0.84893584,0.8039717,0.89674515,0.8097656,0.8747794,0.8229963,0.91947854,0.83746344,0.8907585,0.84547853,0.9538175,0.8800657,0.9019132,0.87739426,0.9599854
2025-01-01 14:10:00,0.75287557,0.8577014,0.75196034,0.8379326,0.76728415,0.8813531,0.77316946,0.84900737,0.80407256,0.89681214,0.8098574,0.8748418,0.8230883,0.9195355,0.8375424,0.89081234,0.8455601,0.95387155,0.8801428,0.90196484,0.8774672,0.9600355
2025-01-01 14:11:00,0.7529477,0.857757,0.7520326,0.837985,0.76735544,0.88140196,0.7732373,0.8490534,0.8041369,0.8968537,0.8099145,0.8748791,0.8231444,0.91956836,0.83758926,0.8908427,0.84560853,0.9539022,0.88018876,0.90199447,0.8775112,0.96006536
2025-01-01 14:12:00,0.7529986,0.8577967,0.7520827,0.8380215,0.7674036,0.8814348,0.77328175,0.8490828,0.80417746,0.8968787,0.809949,0.87490016,0.82317704,0.91958565,0.8376154,0.89085793,0.8456354,0.9539177,0.8802144,0.90200984,0.8775365,0.9600819
2025-01-01 14:13:00,0.7530358,0.85782623,0.75211835,0.8380478,0.7674366,0.88145727,0.7733109,0.8491015,0.80420256,0.89689296,0.8099687,0.8749106,0.8231945,0.9195927,0.8376279,0.89086324,0.8456483,0.9539233,0.88022685,0.90201604,0.87754947,0.96008986
2025-01-01 14:14:00,0.75306404,0.857849,0.75214463,0.83806735,0.7674599,0.8814728,0.77333015,0.84911305,0.80421764,0.8969003,0.80997884,0.8749141,0.82320213,0.91959316,0.83763164,0.89086217,0.84565216,0.95392245,0.8802307,0.9020162,0.8775546,0.9600923
2025-01-01 14:15:00,0.7530864,0.8578674,0.7521648,0.8380825,0.7674768,0.88148403,0.77334285,0.8491201,0.80422616,0.89690304,0.8099828,0.8749131,0.8232033,0.9195893,0.8376296,0.89085686,0.84565,0.95391744,0.88022906,0.9020125,0.8775546,0.96009105
2025-01-01 14:16:00,0.753105,0.857883,0.75218093,0.8380948,0.76748955,0.8814923,0.7733514,0.8491241,0.80423033,0.89690274,0.80998254,0.87490916,0.82320035,0.9195826,0.8376239,0.8908488,0.8456441,0.95390975,0.88022375,0.90200627,0.87755126,0.96008754
2025-01-01 14:17:00,0.753121,0.8578966,0.75219446,0.8381052,0.76749957,0.88149863,0.7733571,0.8491261,0.8042317,0.8969005,0.8099798,0.8749033,0.82319456,0.9195741,0.8376157,0.89083904,0.8456357,0.95390034,0.8802162,0.9019984,0.8775458,0.96008253
2025-01-01 14:18:00,0.7531355,0.85790914,0.7522063,0.8381143,0.76750773,0.8815037,0.773361,0.8491269,0.8042313,0.89689696,0.8099752,0.87489617,0.823187,0.91956437,0.83760595,0.89082813,0.8456257,0.9538898,0.88020706,0.9019895,0.8775389,0.9600765
2025-01-01 14:19:00,0.75314885,0.85792077,0.752217,0.8381227,0.76751477,0.88150793,0.7733637,0.8491267,0.8042296,0.89689255,0.8099694,0.8748882,0.82317823,0.9195538,0.83759516,0.89081645,0.84561455,0.95387846,0.880197,0.90198,0.8775312,0.96006995
2025-01-01 14:20:00,0.75316155,0.8579319,0.752227,0.83813053,0.76752096,0.8815116,0.7733656,0.849126,0.8042271,0.8968876,0.8099629,0.87487966,0.8231687,0.91954273,0.8375837,0.89080423,0.84560275,0.9538667,0.88018626,0.90196997,0.8775229,0.960063
2025-01-01 14:21:00,0.75317377,0.85794264,0.7522364,0.8381379,0.7675267,0.8815149,0.773367,0.84912485,0.8042241,0.89688224,0.80995595,0.8748707,0.82315874,0.91953135,0.8375718,0.8907918,0.8455906,0.9538546,0.8801751,0.9019597,0.87751424,0.9600558
2025-01-01 14:22:00,0.7531857,0.8579532,0.7522455,0.83814514,0.76753205,0.88151795,0.773368,0.8491235,0.8042207,0.89687663,0.80994856,0.8748616,0.82314837,0.9195198,0.8375596,0.8907791,0.8455781,0.95384234,0.8801637,0.90194935,0.87750536,0.9600485
2025-01-01 14:23:00,0.75319743,0.8579635,0.75225437,0.83815205,0.7675371,0.8815208,0.7733687,0.8491219,0.8042171,0.89687085,0.80994093,0.87485224,0.8231377,0.919508,0.83754724,0.8907662,0.8455654,0.95382994,0.8801522,0.90193886,0.87749636,0.96004117
2025-01-01 14:24:00,0.753209,0.85797375,0.75226307,0.8381589,0.767542,0.8815235,0.77336925,0.8491202,0.8042132,0.8968649,0.8099332,0.8748428,0.823127,0.9194961,0.83753467,0.8907533,0.84555256,0.95381755,0.88014066,0.90192825,0.8774873,0.9600337
2025-01-01 14:25:00,0.7532204,0.8579838,0.7522717,0.83816564,0.7675468,0.88152605,0.77336967,0.8491183,0.80420923,0.8968588,0.8099253,0.8748332,0.8231161,0.91948414,0.83752203,0.8907404,0.8455397,0.9538051,0.880129,0.9019177,0.8774782,0.96002626
2025-01-01 14:26:00,0.7532317,0.8579939,0.7522802,0.83817226,0.7675514,0.8815285,0.77336997,0.8491163,0.8042052,0.8968526,0.80991733,0.8748236,0.82310516,0.9194721,0.83750933,0.89072734,0.84552675,0.9537925,0.88011724,0.90190715,0.87746906,0.9600189
2025-01-01 14:27:00,0.753243,0.85800385,0.7522886,0.8381788,0.76755595,0.8815309,0.77337015,0.8491143,0.804201,0.8968464,0.8099093,0.87481385,0.8230941,0.91946006,0.83749664,0.8907143,0.8455138,0.95378006,0.88010556,0.9018966,0.87746,0.96001154
2025-01-01 14:28:00,0.7532543,0.85801375,0.7522969,0.83818525,0.7675605,0.8815332,0.77337027,0.84911215,0.8041967,0.8968401,0.8099011,0.8748041,0.82308304,0.9194479,0.8374839,0.89070123,0.8455009,0.9537675,0.88009393,0.90188605,0.87745094,0.96000415
2025-01-01 14:29:00,0.75326544,0.85802364,0.7523052,0.8381917,0.76756483,0.8815354,0.7733703,0.84910995,0.80419236,0.89683366,0.8098929,0.8747942,0.82307184,0.91943574,0.83747107,0.8906881,0.84548783,0.95375496,0.8800822,0.9018755,0.87744194,0.9599968
2025-01-01 14:30:00,0.760059,0.8632539,0.75941986,0.84342414,0.77493453,0.8867191,0.78078157,0.85450053,0.811606,0.9021225,0.8169402,0.880033,0.8302728,0.9243679,0.84384644,0.895511,0.85207313,0.9584589,0.88618124,0.9063477,0.8830493,0.96406054
2025-01-01 14:31:00,0.76447874,0.86665696,0.7640472,0.8468274,0.77972627,0.89008915,0.78559875,0.8580036,0.81642324,0.905558,0.82151806,0.8834347,0.8349494,0.92756957,0.847986,0.8986412,0.8563491,0.96151215,0.89014155,0.909251,0.8866911,0.9666995
2025-01-01 14:32:00,0.7673554,0.86887234,0.7670578,0.84904164,0.78284234,0.8922804,0.78872985,0.86027974,0.81955284,0.9077887,0.82449067,0.88564235,0.8379853,0.9296463,0.8506722,0.90067136,0.8591239,0.96349233,0.8927117,0.9111345,0.8890551,0.9684123
2025-01-01 14:33:00,0.76922905,0.87031573,0.7690174,0.8504831,0.78486913,0.8937053,0.790765,0.8617583,0.8215855,0.90923625,0.8264199,0.8870738,0.83995456,0.93099195,0.8524137,0.90198636,0.86092293,0.96477515,0.8943783,0.9123552,0.89058864,0.96952313
2025-01-01 14:34:00,0.7704508,0.87125725,0.77029395,0.85142213,0.786188,0.8946322,0.7920877,0.8627185,0.822905,0.91017485,0.8276709,0.8880007,0.8412307,0.93186224,0.8535412,0.9028365,0.86208785,0.96560466,0.8954575,0.913145,0.89158237,0.97024274
2025-01-01 14:35:00,0.7712487,0.8718726,0.7711265,0.85203457,0.7870467,0.8952353,0.7929473,0.8633417,0.823761,0.9107826,0.8284811,0.88859963,0.8420561,0.93242365,0.85426956,0.9033845,0.86284053,0.96613944,0.89615494,0.9136548,0.8922252,0.9707081
2025-01-01 14:36:00,0.7717712,0.87227595,0.7716704,0.8524348,0.7876062,0.89562786,0.79350585,0.8637458,0.8243157,0.9111752,0.8290046,0.88898534,0.84258866,0.9327842,0.8547384,0.9037361,0.8633252,0.96648276,0.8966043,0.91398257,0.89264005,0.9710081
2025-01-01 14:37:00,0.77211463,0.87254137,0.77202666,0.852697,0.7879712,0.8958837,0.7938687,0.86400753,0.82467455,0.911428,0.8293419,0.8892325,0.8429308,0.9330143,0.8550387,0.90396005,0.8636357,0.96670157,0.89689237,0.9141921,0.89290667,0.97120076
2025-01-01 14:38:00,0.7723416,0.87271726,0.77226096,0.85286945,0.78820974,0.8960505,0.79410434,0.86417663,0.8249061,0.91158986,0.82955813,0.88938963,0.84314924,0.93315953,0.8552293,0.904101,0.86383307,0.9668395,0.89707565,0.9143247,0.89307696,0.97132355
2025-01-01 14:39:00,0.772493,0.87283486,0.77241594,0.85298365,0.7883662,0.89615947,0.7942573,0.8642856,0.8250549,0.9116927,0.8296956,0.8894881,0.8432871,0.93324953,0.8553487,0.9041881,0.8639568,0.9669248,0.8971908,0.9144074,0.89318466,0.97140104
2025-01-01 14:40:00,0.77259517,0.87291455,0.77251935,0.8530599,0.78846914,0.8962308,0.7943564,0.8643553,0.8251498,0.911757,0.8297819,0.8895485,0.84337276,0.9333037,0.8554218,0.9042401,0.8640327,0.9669759,0.8972616,0.9144576,0.89325166,0.971449
2025-01-01 14:41:00,0.7726653,0.87296957,0.7725892,0.8531114,0.7885373,0.8962777,0.7944206,0.8643997,0.8252097,0.9117964,0.8298349,0.8895842,0.8434244,0.9333346,0.85546476,0.90426934,0.86407757,0.96700495,0.89730376,0.91448677,0.8932923,0.971478
2025-01-01 14:42:00,0.7727146,0.8730086,0.7726373,0.8531469,0.78858286,0.8963087,0.794462,0.86442745,0.8252468,0.91181946,0.8298662,0.88960373,0.8434538,0.9333503,0.8554881,0.90428376,0.86410224,0.9670195,0.8973271,0.9145022,0.89331573,0.97149444
2025-01-01 14:43:00,0.7727505,0.8730372,0.77267116,0.8531719,0.78861374,0.8963293,0.7944886,0.8644444,0.82526916,0.91183203,0.82988346,0.8896128,0.8434689,0.93335617,0.85549873,0.90428853,0.86411375,0.9670247,0.8973384,0.91450876,0.893328,0.97150284
2025-01-01 14:44:00,0.77277744,0.8730591,0.77269584,0.8531901,0.788635,0.8963431,0.7945056,0.86445427,0.8252818,0.91183764,0.8298915,0.889615,0.8434747,0.93335557,0.8555012,0.90428704,0.8641167,0.9670238,0.89734185,0.91450953,0.8933331,0.971506
2025-01-01 14:45:00,0.7727987,0.8730765,0.77271444,0.8532039,0.78865004,0.8963525,0.79451627,0.8644595,0.82528824,0.91183877,0.8298936,0.8896128,0.8434743,0.9333508,0.85549814,0.9042815,0.8641142,0.9670189,0.8973401,0.91450655,0.8933335,0.9715058
2025-01-01 14:46:00,0.7728163,0.873091,0.77272916,0.85321474,0.78866094,0.8963591,0.7945228,0.86446184,0.82529044,0.9118369,0.8298918,0.88960767,0.84347004,0.9333433,0.85549164,0.9042733,0.864108,0.96701145,0.8973351,0.9145012,0.8933309,0.97150344
2025-01-01 14:47:00,0.7728314,0.87310356,0.77274126,0.8532237,0.7886692,0.8963637,0.7945267,0.8644622,0.82529,0.9118331,0.8298874,0.88960063,0.8434631,0.93333405,0.8554829,0.9042634,0.86409956,0.9670024,0.89732796,0.9144943,0.8933263,0.9714997
2025-01-01 14:48:00,0.77284485,0.8731149,0.7727517,0.8532313,0.7886757,0.896367,0.79452884,0.8644613,0.8252879,0.91182804,0.8298814,0.88959235,0.84345454,0.9333237,0.8554726,0.9042524,0.8640896,0.96699226,0.89731944,0.91448635,0.8933205,0.97149503
2025-01-01 14:49:00,0.7728573,0.8731254,0.772761,0.8532381,0.78868103,0.8963695,0.7945298,0.86445946,0.82528454,0.91182214,0.8298743,0.88958323,0.8434448,0.9333125,0.8554614,0.9042406,0.86407864,0.9669814,0.89731,0.91447777,0.8933139,0.97148985
2025-01-01 14:50:00,0.772869,0.8731354,0.7727696,0.8532444,0.78868556,0.89637154,0.7945299,0.864457,0.82528037,0.9118157,0.8298664,0.8895736,0.8434344,0.93330085,0.85544956,0.9042284,0.864067,0.96697015,0.89730006,0.9144688,0.89330673,0.9714843
2025-01-01 14:51:00,0.7728802,0.8731449,0.7727777,0.8532503,0.7886896,0.8963731,0.79452956,0.8644542,0.8252757,0.91180885,0.82985806,0.88956356,0.8434235,0.9332889,0.8554373,0.9042159,0.86405504,0.9669586,0.8972897,0.91445965,0.8932993,0.9714786
2025-01-01 14:52:00,0.77289116,0.8731543,0.77278537,0.8532559,0.7886933,0.89637446,0.7945288,0.86445117,0.8252707,0.91180176,0.82984936,0.8895533,0.8434122,0.9332766,0.85542476,0.9042031,0.86404276,0.96694684,0.89727914,0.9144503,0.89329165,0.9714727
2025-01-01 14:53:00,0.77290195,0.87316346,0.7727929,0.8532614,0.7886967,0.8963756,0.79452777,0.8644479,0.8252654,0.9117945,0.8298405,0.88954294,0.8434007,0.93326426,0.855412,0.9041903,0.86403036,0.96693504,0.8972684,0.9144409,0.8932839,0.9714667
2025-01-01 14:54:00,0.77291256,0.8731725,0.7728002,0.8532667,0.7887,0.8963766,0.7945266,0.8644445,0.82526,0.9117871,0.8298314,0.8895324,0.8433891,0.9332518,0.8553992,0.90417737,0.86401784,0.9669232,0.89725757,0.9144314,0.89327615,0.9714607
2025-01-01 14:55:00,0.772923,0.87318146,0.77280736,0.8532719,0.7887031,0.89637744,0.7945253,0.864441,0.82525444,0.9117796,0.82982224,0.8895217,0.84337735,0.9332393,0.8553863,0.90416443,0.86400527,0.96691126,0.8972468,0.9144219,0.89326835,0.9714548
2025-01-01 14:56:00,0.77293336,0.8731903,0.7728145,0.85327697,0.7887061,0.8963782,0.7945239,0.8644373,0.8252488,0.9117719,0.82981294,0.889511,0.8433656,0.9332267,0.85537326,0.90415144,0.8639926,0.96689934,0.89723593,0.91441244,0.89326054,0.9714489
2025-01-01 14:57:00,0.7729437,0.87319905,0.7728215,0.85328203,0.788709,0.89637893,0.79452235,0.8644336,0.825243,0.91176426,0.8298036,0.88950026,0.84335375,0.93321407,0.85536027,0.9041384,0.86397994,0.9668874,0.8972251,0.91440296,0.89325273,0.971443
2025-01-01 14:58:00,0.7729539,0.87320775,0.77282846,0.8532869,0.78871185,0.8963795,0.7945208,0.8644298,0.82523715,0.91175646,0.8297942,0.8894894,0.8433419,0.9332014,0.8553473,0.90412533,0.86396736,0.9668755,0.8972143,0.91439354,0.89324504,0.9714371
2025-01-01 14:59:00,0.7729641,0.8732164,0.7728353,0.8532918,0.7887146,0.89638,0.79451907,0.8644259,0.8252312,0.91174865,0.8297847,0.8894785,0.8433299,0.9331887,0.8553342,0.9041123,0.86395466,0.9668636,0.89720345,0.9143841,0.8932373,0.97143126
2025-01-01 15:00:00,0.7795098,0.87842435,0.77970225,0.8584966,0.795783,0.90143204,0.8015717,0.8697152,0.8321915,0.91686296,0.8363931,0.8945604,0.8499992,0.9378752,0.8611887,0.908723,0.8699893,0.9712331,0.90267146,0.91860354,0.8982153,0.9751602
2025-01-01 15:01:00,0.783768,0.8818125,0.78416806,0.86188143,0.8003783,0.90471596,0.8061552,0.8731518,0.8367136,0.92018455,0.84068525,0.89785975,0.85433006,0.940917,0.8649896,0.91171545,0.87390745,0.9740693,0.9062219,0.92134297,0.90144837,0.97758204
2025-01-01 15:02:00,0.7865393,0.88401777,0.7870732,0.8640832,0.8033661,0.9068506,0.8091338,0.8753841,0.83965075,0.9223407,0.84347165,0.9000005,0.8571409,0.9428897,0.8674555,0.91365594,0.8764498,0.97590864,0.908526,0.9231204,0.9035472,0.9791543
2025-01-01 15:03:00,0.78834414,0.8854541,0.7889638,0.8655159,0.80530906,0.9082381,0.81106913,0.8768337,0.84155774,0.92373943,0.84527946,0.9013881,0.8589637,0.94416744,0.8690538,0.9149127,0.8780979,0.9771,0.9100199,0.9242725,0.9049089,0.9801743
2025-01-01 15:04:00,0.7895208,0.8863906,0.790195,0.8664487,0.8065728,0.90914005,0.81232643,0.8777744,0.8427951,0.92464566,0.8464511,0.9022861,0.86014426,0.94499344,0.87008804,0.91572505,0.8791648,0.97787035,0.9109872,0.92501813,0.9057913,0.98083544
2025-01-01 15:05:00,0.7902891,0.8870022,0.7909975,0.8670566,0.807395,0.9097264,0.8131429,0.8783844,0.8435972,0.9252319,0.8472093,0.902866,0.8609074,0.94552594,0.8707558,0.91624856,0.8798539,0.978367,0.91161233,0.9254996,0.9063623,0.9812632
2025-01-01 15:06:00,0.7907919,0.8874027,0.7915214,0.8674533,0.8079302,0.9101075,0.81367284,0.87877935,0.8441163,0.92561007,0.8476986,0.90323895,0.8613992,0.9458676,0.87118524,0.9165843,0.8802974,0.9786857,0.91201496,0.92580944,0.90673095,0.9815394
2025-01-01 15:07:00,0.7911222,0.8876659,0.7918641,0.8677127,0.8082788,0.91035515,0.81401646,0.8790345,0.8444514,0.92585295,0.8480132,0.9034775,0.86171454,0.94608516,0.8714598,0.91679794,0.8805814,0.97888875,0.91227293,0.9260076,0.906968,0.9817171
2025-01-01 15:08:00,0.7913403,0.88783985,0.79208916,0.8678827,0.80850625,0.9105162,0.814239,0.87919885,0.84466696,0.9260079,0.84821427,0.90362865,0.8619153,0.94622207,0.8716337,0.91693234,0.88076156,0.97901666,0.912437,0.9261334,0.9071196,0.9818307
2025-01-01 15:09:00,0.7914855,0.8879557,0.7922376,0.8679948,0.8086547,0.91062075,0.81438285,0.879304,0.8448048,0.92610574,0.8483414,0.90372294,0.8620415,0.9463065,0.8717421,0.917015,0.8808743,0.9790957,0.91254,0.9262119,0.9072156,0.9819028
2025-01-01 15:10:00,0.79158324,0.88803387,0.7923362,0.868069,0.80875194,0.91068864,0.81447554,0.8793708,0.84489214,0.92616636,0.8484206,0.9037803,0.8621192,0.946357,0.871808,0.9170643,0.8809432,0.9791431,0.9126034,0.9262599,0.9072755,0.98194784
2025-01-01 15:11:00,0.7916502,0.88808745,0.7924025,0.8681187,0.80881584,0.9107327,0.8145349,0.8794126,0.8449466,0.92620283,0.8484686,0.9038136,0.86216545,0.9463853,0.8718462,0.9170918,0.88098365,0.9791698,0.91264087,0.92628795,0.9073119,0.98197526
2025-01-01 15:12:00,0.7916971,0.8881251,0.79244775,0.86815244,0.808858,0.9107612,0.81457263,0.87943816,0.84497964,0.9262236,0.8484962,0.9038313,0.86219126,0.94639915,0.87186646,0.9171051,0.8810056,0.97918314,0.9126617,0.92630315,0.9073332,0.98199135
2025-01-01 15:13:00,0.7917309,0.88815236,0.7924793,0.8681758,0.8088861,0.9107796,0.8145962,0.87945306,0.8449987,0.92623407,0.8485107,0.9038388,0.86220366,0.9464037,0.87187505,0.91710925,0.8810155,0.9791878,0.91267157,0.92630994,0.9073445,0.98200005
2025-01-01 15:14:00,0.7917562,0.88817286,0.7925019,0.8681924,0.808905,0.9107914,0.8146106,0.8794611,0.8450088,0.9262379,0.8485165,0.9038397,0.8622074,0.946402,0.87187606,0.9171074,0.88101757,0.9791868,0.9126744,0.92631125,0.90734947,0.9820039
2025-01-01 15:15:00,0.791776,0.8881889,0.7925187,0.8682045,0.8089178,0.91079885,0.814619,0.8794647,0.8450129,0.92623734,0.84851676,0.90383625,0.8622055,0.94639647,0.8718722,0.91710174,0.88101465,0.9791821,0.9126727,0.9263091,0.9073503,0.98200476
2025-01-01 15:16:00,0.79179215,0.88820213,0.79253167,0.8682137,0.80892676,0.91080356,0.81462353,0.8794652,0.8450132,0.92623395,0.8485133,0.90383005,0.86219996,0.94638836,0.87186503,0.91709346,0.8810084,0.9791751,0.912668,0.9263047,0.90734845,0.9820036
2025-01-01 15:17:00,0.791806,0.88821334,0.79254216,0.868221,0.80893314,0.91080636,0.81462544,0.87946385,0.84501094,0.9262287,0.84850746,0.90382195,0.86219203,0.9463785,0.8718558,0.9170836,0.881,0.9791665,0.91266143,0.92629886,0.9073449,0.9820012
2025-01-01 15:18:00,0.7918182,0.88822335,0.792551,0.868227,0.80893785,0.91080797,0.8146257,0.8794612,0.84500706,0.92622226,0.84850013,0.9038127,0.86218256,0.9463676,0.8718452,0.91707265,0.8809902,0.97915703,0.9126536,0.926292,0.90734017,0.98199797
2025-01-01 15:19:00,0.7918295,0.8882325,0.7925587,0.8682323,0.80894136,0.91080874,0.81462485,0.8794577,0.8450021,0.92621493,0.8484917,0.90380263,0.862172,0.946356,0.8718337,0.9170611,0.88097954,0.97914684,0.912645,0.9262846,0.90733474,0.9819942
2025-01-01 15:20:00,0.7918401,0.8882412,0.79256576,0.86823696,0.8089442,0.910809,0.81462324,0.87945366,0.84499633,0.92620707,0.84848267,0.903792,0.86216086,0.9463439,0.87182164,0.917049,0.8809684,0.9791362,0.91263586,0.92627686,0.9073289,0.98199016
2025-01-01 15:21:00,0.7918502,0.8882494,0.79257226,0.86824125,0.80894655,0.9108088,0.8146211,0.87944925,0.84499013,0.9261989,0.84847313,0.9037811,0.8621492,0.9463315,0.87180924,0.91703665,0.8809568,0.97912544,0.91262645,0.9262688,0.9073228,0.9819859
2025-01-01 15:22:00,0.79186,0.88825744,0.7925785,0.86824524,0.8089485,0.91080844,0.81461865,0.87944454,0.84498364,0.92619044,0.84846324,0.90376997,0.8621373,0.94631886,0.87179655,0.91702414,0.880945,0.9791145,0.91261685,0.9262607,0.9073165,0.9819816
2025-01-01 15:23:00,0.7918696,0.8882653,0.79258454,0.86824906,0.80895025,0.91080785,0.81461596,0.87943965,0.84497684,0.9261818,0.8484532,0.9037586,0.86212516,0.94630617,0.87178373,0.9170115,0.88093305,0.9791034,0.91260713,0.92625254,0.9073102,0.98197716
2025-01-01 15:24:00,0.791879,0.888273,0.7925903,0.86825275,0.8089518,0.91080713,0.81461304,0.8794346,0.8449698,0.92617303,0.848443,0.90374714,0.8621129,0.94629335,0.8717708,0.9169988,0.880921,0.9790923,0.91259736,0.9262443,0.9073038,0.98197275
2025-01-01 15:25:00,0.7918883,0.8882806,0.7925959,0.86825633,0.80895317,0.91080624,0.81461,0.87942946,0.8449627,0.9261642,0.8484326,0.90373564,0.86210054,0.9462805,0.87175786,0.91698605,0.8809089,0.97908115,0.9125876,0.92623603,0.90729743,0.98196834
2025-01-01 15:26:00,0.7918976,0.8882881,0.7926015,0.8682598,0.80895454,0.9108053,0.8146069,0.8794242,0.84495556,0.9261552,0.8484222,0.903724,0.86208814,0.94626755,0.8717448,0.9169733,0.8808968,0.97907,0.91257775,0.9262278,0.9072911,0.981964
2025-01-01 15:27:00,0.7919067,0.88829553,0.79260707,0.8682632,0.8089557,0.9108043,0.8146037,0.8794189,0.8449483,0.9261462,0.84841174,0.9037124,0.8620756,0.9462546,0.87173176,0.91696054,0.8808847,0.97905886,0.912568,0.92621964,0.90728474,0.9819597
2025-01-01 15:28:00,0.79191583,0.8883028,0.7926125,0.86826646,0.80895686,0.91080314,0.81460047,0.8794135,0.844941,0.92613715,0.84840125,0.90370065,0.86206317,0.9462416,0.87171876,0.9169477,0.8808726,0.9790478,0.9125582,0.9262115,0.9072784,0.9819554
2025-01-01 15:29:00,0.7919249,0.88831013,0.7926178,0.8682697,0.8089579,0.91080195,0.8145971,0.879408,0.84493357,0.92612803,0.8483907,0.9036889,0.8620506,0.94622856,0.87170565,0.91693497,0.8808605,0.9790366,0.9125484,0.9262033,0.90727216,0.9819511
2025-01-01 15:30:00,0.7981061,0.8934028,0.79911447,0.87335443,0.81559896,0.9156326,0.82116514,0.884502,0.85131633,0.93097687,0.85444236,0.90852344,0.8680694,0.9505862,0.87693465,0.9212518,0.88623685,0.9829944,0.9172878,0.9300953,0.9115319,0.98527896
2025-01-01 15:31:00,0.802127,0.8967156,0.8033391,0.8766605,0.8199159,0.91877204,0.82543314,0.88781106,0.8554625,0.9341253,0.8583722,0.91166174,0.8719772,0.9534141,0.88032895,0.92405325,0.88972723,0.9855631,0.9203651,0.9326223,0.91429865,0.9874406
2025-01-01 15:32:00,0.80474365,0.8988713,0.80608684,0.8788106,0.82272214,0.92081213,0.8282061,0.88996,0.8581548,0.93616855,0.8609229,0.91369754,0.87451285,0.9552477,0.8825306,0.92586976,0.8919918,0.987229,0.922362,0.9342621,0.9160949,0.98884434
2025-01-01 15:33:00,0.8064476,0.900275,0.8078747,0.8802091,0.8245465,0.9221377,0.8300072,0.89135474,0.85990214,0.9374934,0.862577,0.9150166,0.87615657,0.9564349,0.88395715,0.927046,0.89345956,0.9883079,0.9236566,0.9353252,0.91726035,0.98975533
2025-01-01 15:34:00,0.80755824,0.9011898,0.8090385,0.8811192,0.8257325,0.9229987,0.8311766,0.8922593,0.86103517,0.9383512,0.8636484,0.91586983,0.8772206,0.957202,0.88487977,0.92780614,0.89440936,0.98900545,0.9244948,0.93601346,0.91801584,0.99034613
2025-01-01 15:35:00,0.8082831,0.9017868,0.8097967,0.88171166,0.8265037,0.9235579,0.8319353,0.8928452,0.8617689,0.93890554,0.864341,0.9164203,0.87790775,0.9576961,0.885475,0.9282958,0.8950226,0.98945504,0.9250363,0.9364582,0.9185048,0.99072886
2025-01-01 15:36:00,0.80875736,0.90217733,0.81029123,0.8820978,0.82700515,0.9239207,0.83242714,0.893224,0.8622432,0.93926245,0.86478746,0.9167738,0.87834996,0.95801264,0.8858573,0.92860967,0.89541703,0.9897435,0.925385,0.93674445,0.9188206,0.9909763
2025-01-01 15:37:00,0.8090686,0.9024335,0.8106144,0.8823496,0.8273312,0.9241559,0.8327455,0.8934681,0.86254865,0.9394912,0.86507374,0.91699946,0.87863296,0.95821387,0.8861012,0.9288092,0.8956692,0.9899272,0.92560834,0.9369279,0.9190239,0.99113584
2025-01-01 15:38:00,0.8092739,0.9026024,0.81082606,0.8825143,0.8275433,0.9243082,0.832951,0.8936246,0.86274445,0.93963647,0.8652561,0.9171419,0.8788125,0.9583401,0.88625515,0.9289346,0.895829,0.99004287,0.92575026,0.93704444,0.919154,0.99123824
2025-01-01 15:39:00,0.8094104,0.9027145,0.81096536,0.88262224,0.8276813,0.92440647,0.8330832,0.89372426,0.86286885,0.93972754,0.8653707,0.9172303,0.87892467,0.95841753,0.8863507,0.9290115,0.8959287,0.9901142,0.92583925,0.9371175,0.91923654,0.9913035
2025-01-01 15:40:00,0.809502,0.9027898,0.8110575,0.8826933,0.82777107,0.92446965,0.8331677,0.89378685,0.8629469,0.9397834,0.8654413,0.91728354,0.8789931,0.9584633,0.8864082,0.9290572,0.89598936,0.9901569,0.92589384,0.9371624,0.9192883,0.99134475
2025-01-01 15:41:00,0.80956453,0.902841,0.81111896,0.8827403,0.82782954,0.92451006,0.83322114,0.8938254,0.86299485,0.93981624,0.86548334,0.91731393,0.8790332,0.95848846,0.88644105,0.92908245,0.89602464,0.9901809,0.9259261,0.9371889,0.9193199,0.9913703
2025-01-01 15:42:00,0.8096081,0.90287656,0.81116056,0.8827717,0.8278676,0.9245356,0.8332544,0.89384824,0.8630232,0.93983424,0.8655069,0.91732943,0.8790547,0.95850027,0.88645786,0.9290945,0.8960435,0.99019283,0.92594385,0.9372036,0.9193386,0.99138576
2025-01-01 15:43:00,0.80963933,0.9029019,0.8111891,0.88279295,0.8278924,0.9245515,0.8332746,0.8938609,0.86303884,0.9398425,0.8655182,0.91733533,0.87906426,0.95850337,0.8864642,0.9290979,0.89605165,0.9901968,0.92595226,0.9372105,0.9193488,0.9913946
2025-01-01 15:44:00,0.8096626,0.90292066,0.81120926,0.88280755,0.8279085,0.9245611,0.83328617,0.8938669,0.8630461,0.9398444,0.86552167,0.9173348,0.87906593,0.95850074,0.88646376,0.9290957,0.8960528,0.99019575,0.92595446,0.9372124,0.9193535,0.9913991
2025-01-01 15:45:00,0.8096805,0.9029351,0.81122386,0.8828178,0.827919,0.9245665,0.8332921,0.89386857,0.8630479,0.9398423,0.86552006,0.91733027,0.8790626,0.9584944,0.886459,0.9290899,0.8960495,0.99019134,0.9259528,0.9372111,0.91935474,0.99140096
2025-01-01 15:46:00,0.80969507,0.9029467,0.81123495,0.8828252,0.8279258,0.92456925,0.8332945,0.89386743,0.86304617,0.9398374,0.86551505,0.91732305,0.8790559,0.95848584,0.88645124,0.92908174,0.89604324,0.99018484,0.9259485,0.93720764,0.9193536,0.991401
2025-01-01 15:47:00,0.8097074,0.9029565,0.8112436,0.88283074,0.8279302,0.92457026,0.8332945,0.89386433,0.8630422,0.9398308,0.8655079,0.9173141,0.8790471,0.9584756,0.8864417,0.9290721,0.89603513,0.9901769,0.9259426,0.93720293,0.91935104,0.99139994
2025-01-01 15:48:00,0.8097182,0.902965,0.8112507,0.8828351,0.827933,0.9245701,0.83329284,0.8938601,0.86303663,0.939823,0.8654993,0.917304,0.8790368,0.9584644,0.886431,0.9290614,0.8960258,0.9901681,0.9259356,0.9371973,0.9193476,0.9913982
2025-01-01 15:49:00,0.8097281,0.90297276,0.81125677,0.88283867,0.82793474,0.9245691,0.8332902,0.89385504,0.8630301,0.9398144,0.8654898,0.91729313,0.87902564,0.95845246,0.8864195,0.92905015,0.89601564,0.9901588,0.925928,0.93719125,0.91934353,0.99139595
2025-01-01 15:50:00,0.8097373,0.9029799,0.8112622,0.8828416,0.82793576,0.9245676,0.8332869,0.8938494,0.86302286,0.9398053,0.86547965,0.91728175,0.8790139,0.9584401,0.8864075,0.9290384,0.896005,0.9901491,0.9259199,0.93718475,0.91933906,0.99139345
2025-01-01 15:51:00,0.8097461,0.9029867,0.8112671,0.88284415,0.8279363,0.9245657,0.83328307,0.8938434,0.8630152,0.93979585,0.86546904,0.91727006,0.87900174,0.95842755,0.8863951,0.9290265,0.895994,0.9901392,0.92591155,0.93717813,0.9193344,0.9913908
2025-01-01 15:52:00,0.8097546,0.90299326,0.81127167,0.88284653,0.8279365,0.9245635,0.83327895,0.89383715,0.86300725,0.9397862,0.8654582,0.91725814,0.8789894,0.95841485,0.8863826,0.92901444,0.8959829,0.9901292,0.9259031,0.93717134,0.91932964,0.9913881
2025-01-01 15:53:00,0.8097629,0.9029996,0.811276,0.8828486,0.8279365,0.9245612,0.8332746,0.8938307,0.862999,0.93977636,0.86544716,0.9172461,0.87897676,0.958402,0.8863698,0.9290022,0.89597166,0.99011904,0.92589456,0.9371645,0.91932476,0.9913853
2025-01-01 15:54:00,0.809771,0.90300584,0.81128025,0.88285065,0.82793635,0.92455876,0.8332701,0.89382416,0.8629906,0.93976647,0.86543596,0.91723394,0.87896407,0.958389,0.88635707,0.92898995,0.89596033,0.99010885,0.925886,0.93715763,0.91931987,0.99138254
2025-01-01 15:55:00,0.809779,0.9030119,0.8112843,0.88285255,0.827936,0.9245562,0.8332654,0.8938175,0.86298215,0.93975645,0.8654247,0.9172217,0.8789513,0.95837593,0.88634425,0.92897767,0.895949,0.9900987,0.9258774,0.9371508,0.9193151,0.9913798
2025-01-01 15:56:00,0.8097869,0.90301794,0.81128824,0.8828543,0.8279355,0.9245536,0.8332606,0.8938107,0.86297363,0.9397463,0.8654133,0.91720945,0.87893844,0.9583629,0.8863314,0.92896533,0.89593756,0.9900885,0.92586875,0.937144,0.9193102,0.9913771
2025-01-01 15:57:00,0.8097948,0.9030239,0.8112921,0.882856,0.82793504,0.92455083,0.83325577,0.89380383,0.86296505,0.9397361,0.8654019,0.91719717,0.87892556,0.9583498,0.88631856,0.92895305,0.89592624,0.99007845,0.92586017,0.9371372,0.91930544,0.9913744
2025-01-01 15:58:00,0.8098026,0.90302974,0.811296,0.8828576,0.82793444,0.924548,0.8332509,0.8937969,0.86295635,0.9397259,0.8653905,0.91718477,0.8789127,0.9583367,0.88630563,0.9289407,0.89591485,0.99006826,0.9258516,0.9371304,0.9193007,0.99137175
2025-01-01 15:59:00,0.8098103,0.9030355,0.8112997,0.8828592,0.8279338,0.9245451,0.8332459,0.89378995,0.8629476,0.9397156,0.865379,0.9171724,0.87889975,0.9583236,0.88629276,0.92892843,0.89590347,0.9900582,0.92584306,0.9371237,0.91929597,0.9913691
2025-01-01 16:00:00,0.8155165,0.9079221,0.8173102,0.88773274,0.8340291,0.92906785,0.8392122,0.89859724,0.868639,0.94421226,0.8707658,0.92167306,0.8841606,0.9622743,0.890803,0.93287385,0.9005255,0.99353296,0.9297693,0.9406184,0.92276144,0.9942363
2025-01-01 16:01:00,0.8192282,0.9111003,0.82121825,0.890901,0.8379907,0.9320065,0.84308845,0.90171957,0.8723352,0.94713145,0.8742632,0.9245941,0.8875756,0.9648377,0.8937301,0.93543404,0.9035259,0.9957881,0.9323184,0.9428876,0.92501247,0.9960991
2025-01-01 16:02:00,0.8216434,0.9131681,0.82375973,0.8929609,0.8405654,0.9339155,0.84560615,0.9037465,0.87473464,0.9490252,0.8765325,0.92648846,0.88979083,0.9664993,0.8956282,0.9370939,0.9054722,0.9972505,0.93397236,0.9443604,0.92647403,0.99730915
2025-01-01 16:03:00,0.8232159,0.91451406,0.8254128,0.8943002,0.8422386,0.9351553,0.84724075,0.9050614,0.8762911,0.95025253,0.8780034,0.9277154,0.89122623,0.9675748,0.89685756,0.9381685,0.9067334,0.9981976,0.9350446,0.9453154,0.9274225,0.9980949
2025-01-01 16:04:00,0.82424057,0.91539085,0.82648855,0.89517117,0.84332585,0.9359599,0.8483014,0.90591365,0.8772996,0.95104665,0.87895536,0.9285085,0.89215463,0.9682692,0.8976521,0.93886274,0.90754926,0.9988097,0.9357386,0.94593394,0.9280375,0.99860483
2025-01-01 16:05:00,0.8249092,0.91596264,0.8271889,0.89573765,0.84403217,0.9364818,0.8489889,0.906465,0.877952,0.95155907,0.87957007,0.92901963,0.8927535,0.968716,0.8981641,0.9393098,0.90807563,0.9992042,0.93618685,0.94633377,0.92843574,0.9989355
2025-01-01 16:06:00,0.82534635,0.9163362,0.8276453,0.8961063,0.84449077,0.9368198,0.8494339,0.9068208,0.8783728,0.95188844,0.87996554,0.9293475,0.8931383,0.96900195,0.8984924,0.9395961,0.90841395,0.99945724,0.9364754,0.94659144,0.9286931,0.9991497
2025-01-01 16:07:00,0.82563305,0.91658086,0.827943,0.8963462,0.8447885,0.9370383,0.8497212,0.9070494,0.87864316,0.95209885,0.8802185,0.9295562,0.8933838,0.96918315,0.8987013,0.939778,0.90862995,0.99961823,0.9366601,0.9467568,0.92885894,0.9992882
2025-01-01 16:08:00,0.8258219,0.9167417,0.82813764,0.8965025,0.84498155,0.93717915,0.84990597,0.90719545,0.8788156,0.9522318,0.8803787,0.9296875,0.89353883,0.96929634,0.8988327,0.939892,0.9087665,0.9997195,0.9367773,0.9468621,0.9289653,0.99937755
2025-01-01 16:09:00,0.8259471,0.91684806,0.8282652,0.89660436,0.84510654,0.9372695,0.8500241,0.9072877,0.8789245,0.95231456,0.8804788,0.9297684,0.8936351,0.9693654,0.8989135,0.93996185,0.9088514,0.9997819,0.9368507,0.9469284,0.929033,0.999435
2025-01-01 16:10:00,0.826031,0.91691905,0.8283492,0.8966708,0.8451873,0.9373269,0.8500989,0.907345,0.878992,0.95236456,0.88053966,0.9298165,0.89369303,0.96940565,0.89896166,0.9400031,0.90890276,0.99981916,0.93689567,0.94696933,0.92907554,0.99947166
2025-01-01 16:11:00,0.826088,0.91696686,0.8284048,0.8967143,0.8452393,0.9373629,0.8501456,0.90737957,0.8790327,0.9523933,0.880575,0.9298434,0.8937261,0.9694273,0.8989885,0.9400256,0.90893227,0.99984,0.9369221,0.9469939,0.9291018,0.9994949
2025-01-01 16:12:00,0.8261275,0.91699976,0.828442,0.8967428,0.84527254,0.9373851,0.85017383,0.9073993,0.8790558,0.9524082,0.8805939,0.9298564,0.8937431,0.96943676,0.89900154,0.9400362,0.90894765,0.9998502,0.93693656,0.9470077,0.9291175,0.99950933
2025-01-01 16:13:00,0.8261556,0.9170229,0.82846713,0.8967616,0.8452936,0.93739814,0.85019016,0.9074095,0.87906754,0.95241416,0.88060194,0.9298605,0.89374954,0.9694383,0.8990055,0.94003874,0.90895385,0.99985355,0.9369432,0.9470146,0.9291263,0.99951816
2025-01-01 16:14:00,0.8261763,0.91703963,0.8284845,0.896774,0.8453067,0.9374053,0.85019875,0.90741336,0.8790719,0.95241416,0.8806031,0.9298586,0.8937492,0.9694348,0.8990036,0.9400363,0.908954,0.99985236,0.9369448,0.947017,0.9291308,0.99952334
2025-01-01 16:15:00,0.82619214,0.9170522,0.82849663,0.8967822,0.8453146,0.93740857,0.85020214,0.90741307,0.87907135,0.9524104,0.88059956,0.929853,0.8937443,0.9694279,0.898998,0.9400305,0.9089504,0.99984837,0.9369431,0.9470166,0.92913234,0.999526
2025-01-01 16:16:00,0.8262048,0.91706204,0.8285056,0.89678776,0.84531915,0.93740934,0.8502024,0.9074102,0.87906766,0.95240414,0.88059306,0.9298449,0.8937366,0.96941894,0.8989899,0.9400226,0.90894425,0.99984246,0.93693936,0.9470142,0.92913204,0.9995274
2025-01-01 16:17:00,0.8262154,0.91707015,0.82851225,0.8967915,0.8453215,0.93740845,0.85020036,0.9074055,0.8790619,0.9523962,0.88058466,0.9298352,0.893727,0.96940845,0.89898026,0.9400133,0.90893644,0.9998353,0.9369342,0.9470107,0.9291306,0.99952775
2025-01-01 16:18:00,0.8262246,0.917077,0.8285175,0.896794,0.8453223,0.9374065,0.8501969,0.9073997,0.8790548,0.95238715,0.880575,0.9298244,0.8937162,0.96939707,0.89896953,0.9400031,0.9089277,0.9998275,0.93692815,0.9470064,0.9291284,0.9995274
2025-01-01 16:19:00,0.82623297,0.91708314,0.8285218,0.8967958,0.84532213,0.93740374,0.85019255,0.9073931,0.87904686,0.9523775,0.8805645,0.92981297,0.89370465,0.9693852,0.89895815,0.93999237,0.90891826,0.99981916,0.93692166,0.94700164,0.9291257,0.9995268
2025-01-01 16:20:00,0.82624066,0.91708875,0.8285254,0.89679706,0.8453214,0.9374005,0.8501875,0.907386,0.8790382,0.9523673,0.8805534,0.92980105,0.8936925,0.96937287,0.8989464,0.9399812,0.90890837,0.99981046,0.9369148,0.9469966,0.92912275,0.99952585
2025-01-01 16:21:00,0.82624805,0.9170939,0.8285286,0.89679784,0.84532017,0.93739694,0.85018206,0.90737855,0.8790292,0.9523568,0.880542,0.9297888,0.8936801,0.9693603,0.8989343,0.9399699,0.90889823,0.9998016,0.9369077,0.94699144,0.92911965,0.99952483
2025-01-01 16:22:00,0.8262551,0.9170988,0.8285315,0.89679843,0.8453187,0.9373931,0.85017633,0.9073708,0.8790199,0.95234615,0.8805303,0.92977643,0.8936674,0.9693476,0.8989221,0.9399584,0.9088879,0.9997926,0.9369005,0.94698614,0.9291164,0.9995238
2025-01-01 16:23:00,0.8262619,0.9171036,0.8285342,0.89679885,0.8453169,0.9373891,0.8501704,0.90736294,0.8790105,0.95233524,0.88051856,0.9297639,0.8936546,0.9693347,0.8989097,0.93994683,0.90887755,0.99978364,0.9368932,0.94698083,0.92911315,0.9995227
2025-01-01 16:24:00,0.82626855,0.91710824,0.8285367,0.89679915,0.845315,0.93738496,0.85016423,0.90735495,0.8790009,0.9523243,0.8805066,0.9297512,0.89364165,0.96932185,0.89889723,0.93993515,0.9088671,0.99977463,0.93688595,0.94697547,0.92910993,0.9995216
2025-01-01 16:25:00,0.82627517,0.9171128,0.8285391,0.8967993,0.84531295,0.93738073,0.85015804,0.9073469,0.8789912,0.95231324,0.88049453,0.92973846,0.89362866,0.9693089,0.89888483,0.9399235,0.90885663,0.9997657,0.9368787,0.9469701,0.92910665,0.9995205
2025-01-01 16:26:00,0.8262816,0.91711724,0.82854134,0.8967993,0.84531075,0.93737644,0.85015166,0.9073387,0.8789814,0.9523021,0.88048244,0.9297257,0.8936156,0.969296,0.8988724,0.9399119,0.9088462,0.99975663,0.9368714,0.94696486,0.92910343,0.99951947
2025-01-01 16:27:00,0.826288,0.9171216,0.8285436,0.8967993,0.84530854,0.937372,0.8501453,0.90733045,0.8789716,0.95229095,0.8804703,0.92971295,0.8936026,0.96928304,0.8988599,0.9399003,0.90883577,0.99974763,0.9368642,0.9469595,0.9291003,0.99951845
2025-01-01 16:28:00,0.82629436,0.9171259,0.82854575,0.8967992,0.8453063,0.93736756,0.85013884,0.9073221,0.87896174,0.95227975,0.88045806,0.9297001,0.8935895,0.96927005,0.8988474,0.93988866,0.90882534,0.9997387,0.936857,0.94695425,0.9290971,0.9995175
2025-01-01 16:29:00,0.8263006,0.91713005,0.8285478,0.8967991,0.8453039,0.937363,0.8501323,0.90731376,0.8789518,0.9522685,0.88044584,0.92968726,0.8935764,0.96925706,0.89883494,0.93987703,0.9088149,0.99972975,0.93684983,0.94694906,0.929094,0.9995166
2025-01-01 16:30:00,0.83143014,0.9217233,0.8339649,0.901375,0.8507445,0.9414974,0.85539037,0.91174895,0.8838501,0.956333,0.8850719,0.933774,0.8979854,0.9727304,0.9025459,0.943381,0.9126002,1.00266,0.9398927,0.94998425,0.93170345,1.0018721
2025-01-01 16:31:00,0.83476657,0.9247103,0.83748657,0.90434915,0.85428,0.94418305,0.85880584,0.9146288,0.8870304,0.9589709,0.88807446,0.93642586,0.90084666,0.9749835,0.9049537,0.9456546,0.91505706,1.0045617,0.94186807,0.9519553,0.93339854,1.0034028
2025-01-01 16:32:00,0.83693725,0.9266532,0.8397763,0.9062822,0.8565771,0.9459271,0.8610234,0.9164977,0.8890941,0.9606815,0.89002174,0.93814504,0.9027019,0.9764435,0.90651447,0.94712836,0.9166504,1.0057946,0.9431496,0.9532348,0.9344994,1.0043976
2025-01-01 16:33:00,0.8383503,0.9279175,0.84126526,0.9075385,0.8580693,0.94705904,0.8624625,0.91770947,0.890432,0.9617894,0.8912832,0.93925804,0.90390325,0.977388,0.9075246,0.9480823,0.9176825,1.0065931,0.94398034,0.9540648,0.935214,1.0050442
2025-01-01 16:34:00,0.8392709,0.9287406,0.8422336,0.9083549,0.85903823,0.94779307,0.8633955,0.9184941,0.891298,0.9625056,0.89209884,0.939977,0.90467954,0.9779974,0.90817684,0.9486984,0.91834986,1.0071089,0.9445178,0.95460254,0.9356775,1.0054642
2025-01-01 16:35:00,0.8398712,0.92927694,0.8428636,0.90888536,0.85966706,0.9482684,0.8639995,0.91900104,0.8918574,0.96296704,0.8926247,0.9404397,0.9051795,0.978389,0.9085965,0.9490949,0.9187801,1.0074414,0.9448648,0.9549504,0.9359779,1.0057371
2025-01-01 16:36:00,0.84026355,0.9296269,0.8432737,0.9092299,0.8600748,0.9485757,0.86438966,0.9193275,0.8922173,0.963263,0.8929621,0.94073594,0.90549994,0.97863907,0.908865,0.94934857,0.91905624,1.0076544,0.945088,0.95517486,0.9361722,1.0059143
2025-01-01 16:37:00,0.84052056,0.92985564,0.8435407,0.9094536,0.8603388,0.9487736,0.86464083,0.9195366,0.89244765,0.96345127,0.8931771,0.940924,0.9057036,0.978797,0.90903515,0.9495095,0.9192322,1.00779,0.9452307,0.9553191,0.93629766,1.0060294
2025-01-01 16:38:00,0.8406896,0.9300056,0.84371483,0.9095987,0.86050934,0.9489005,0.8648016,0.9196694,0.89259374,0.96356964,0.89331245,0.9410417,0.9058314,0.97889525,0.9091415,0.9496102,0.919343,1.007875,0.9453212,0.9554112,0.93637824,1.0061041
2025-01-01 16:39:00,0.8408015,0.9301043,0.8438285,0.9096927,0.8606191,0.9489811,0.8649035,0.9197526,0.8926851,0.9636425,0.8933961,0.9411136,0.9059099,0.97895455,0.90920633,0.9496717,0.9194116,1.0079274,0.9453777,0.95546955,0.93642986,1.0061525
2025-01-01 16:40:00,0.8408761,0.9301697,0.8439028,0.90975356,0.86068934,0.9490318,0.8649673,0.9198036,0.8927408,0.9636858,0.89344615,0.94115585,0.9059563,0.9789886,0.90924424,0.94970775,0.91945267,1.0079585,0.94541216,0.9555059,0.9364625,1.006184
2025-01-01 16:41:00,0.8409265,0.9302134,0.8439515,0.9097927,0.8607339,0.9490628,0.86500627,0.91983354,0.8927734,0.96370995,0.8934743,0.94117874,0.9059819,0.97900623,0.90926456,0.9497272,0.91947585,1.0079758,0.9454323,0.9555279,0.936483,1.0062044
2025-01-01 16:42:00,0.8409613,0.930243,0.84398365,0.9098179,0.86076176,0.9490811,0.86502904,0.9198499,0.89279085,0.96372145,0.8934881,0.94118905,0.90599394,0.9790132,0.9092735,0.94973594,0.9194875,1.0079842,0.9454431,0.95554066,0.9364955,1.0062176
2025-01-01 16:43:00,0.8409858,0.9302634,0.8440049,0.9098338,0.8607787,0.9490912,0.8650413,0.9198574,0.89279854,0.9637249,0.8934928,0.94119126,0.9059972,0.97901326,0.9092751,0.9497377,0.91949165,1.0079868,0.94544786,0.95554745,0.9365028,1.0062262
2025-01-01 16:44:00,0.8410036,0.9302778,0.8440191,0.90984374,0.8607885,0.9490958,0.8650467,0.919859,0.89279985,0.963723,0.89349145,0.94118816,0.9059948,0.97900885,0.90927184,0.949735,0.9194909,1.0079855,0.94544876,0.9555504,0.9365068,1.0062319
2025-01-01 16:45:00,0.841017,0.9302883,0.8440287,0.9098498,0.86079377,0.94909686,0.8650476,0.9198569,0.89279693,0.9637177,0.8934861,0.9411815,0.9059886,0.97900146,0.9092655,0.9497293,0.91948694,1.0079819,0.94544715,0.9555508,0.9365088,1.0062356
2025-01-01 16:46:00,0.84102756,0.93029624,0.84403527,0.9098533,0.860796,0.9490956,0.86504555,0.9198524,0.8927914,0.96371007,0.8934783,0.94117266,0.90598,0.97899216,0.9092572,0.94972175,0.91948104,1.0079768,0.9454439,0.9555496,0.93650925,1.0062381
2025-01-01 16:47:00,0.84103626,0.9303025,0.84403986,0.9098551,0.86079615,0.9490928,0.86504155,0.9198461,0.892784,0.963701,0.89346874,0.9411624,0.9059698,0.97898173,0.90924746,0.949713,0.9194738,1.0079705,0.9454397,0.95554733,0.9365089,1.0062398
2025-01-01 16:48:00,0.8410437,0.9303076,0.8440432,0.90985584,0.860795,0.94908905,0.86503637,0.91983885,0.8927755,0.96369094,0.8934582,0.9411511,0.9059586,0.9789704,0.90923697,0.9497034,0.91946566,1.0079638,0.94543475,0.9555445,0.936508,1.006241
2025-01-01 16:49:00,0.8410504,0.930312,0.8440456,0.9098558,0.86079305,0.9490846,0.86503035,0.91983086,0.8927662,0.96368027,0.89344686,0.9411392,0.9059468,0.9789586,0.90922594,0.9496933,0.9194571,1.0079565,0.94542944,0.9555412,0.93650675,1.0062419
2025-01-01 16:50:00,0.8410564,0.93031585,0.84404737,0.90985525,0.8607905,0.94907975,0.86502373,0.9198224,0.89275634,0.96366924,0.8934351,0.94112694,0.90593445,0.9789465,0.9092146,0.949683,0.91944814,1.007949,0.94542384,0.9555376,0.9365053,1.0062426
2025-01-01 16:51:00,0.8410621,0.93031937,0.8440488,0.90985435,0.8607875,0.9490745,0.8650167,0.91981363,0.8927462,0.96365786,0.893423,0.94111437,0.90592194,0.9789342,0.909203,0.9496724,0.91943896,1.0079414,0.9454181,0.955534,0.93650377,1.0062432
2025-01-01 16:52:00,0.8410676,0.9303227,0.84405,0.9098532,0.86078423,0.9490691,0.8650095,0.91980463,0.8927358,0.9636463,0.89341074,0.9411016,0.9059092,0.9789218,0.90919125,0.9496618,0.9194297,1.0079337,0.94541234,0.9555302,0.93650216,1.0062438
2025-01-01 16:53:00,0.84107286,0.9303258,0.84405094,0.9098519,0.86078084,0.9490635,0.86500204,0.9197954,0.8927253,0.96363455,0.89339834,0.94108886,0.9058963,0.97890925,0.90917945,0.94965106,0.91942036,1.007926,0.9454065,0.9555265,0.93650055,1.0062444
2025-01-01 16:54:00,0.841078,0.9303287,0.8440517,0.9098504,0.8607772,0.9490577,0.8649944,0.9197861,0.8927146,0.96362275,0.89338577,0.94107586,0.9058834,0.9788967,0.90916765,0.9496403,0.919411,1.0079182,0.94540066,0.9555227,0.93649894,1.0062451
2025-01-01 16:55:00,0.841083,0.93033165,0.84405243,0.90984887,0.8607735,0.9490519,0.8649868,0.91977674,0.89270383,0.9636109,0.8933732,0.94106287,0.90587044,0.97888404,0.9091557,0.9496295,0.9194016,1.0079105,0.9453949,0.95551896,0.9364974,1.0062457
2025-01-01 16:56:00,0.8410879,0.93033445,0.844053,0.9098472,0.8607697,0.949046,0.86497897,0.9197673,0.892693,0.963599,0.89336056,0.9410499,0.90585744,0.97887146,0.90914387,0.94961876,0.9193922,1.0079027,0.9453891,0.95551527,0.93649584,1.0062463
2025-01-01 16:57:00,0.84109277,0.93033713,0.8440535,0.9098455,0.86076576,0.9490401,0.86497116,0.91975784,0.89268214,0.9635871,0.8933479,0.9410369,0.90584445,0.9788588,0.90913206,0.94960797,0.919383,1.0078951,0.9453833,0.95551157,0.93649435,1.006247
2025-01-01 16:58:00,0.8410975,0.93033975,0.84405386,0.9098437,0.86076176,0.94903404,0.8649632,0.91974825,0.89267117,0.96357507,0.89333516,0.94102377,0.9058314,0.97884613,0.9091202,0.94959724,0.91937363,1.0078875,0.9453776,0.95550793,0.93649286,1.0062479
2025-01-01 16:59:00,0.8411022,0.93034226,0.8440542,0.9098418,0.8607577,0.94902796,0.86495525,0.9197386,0.8926602,0.963563,0.8933224,0.9410107,0.90581834,0.97883356,0.90910834,0.9495865,0.91936433,1.0078799,0.9453719,0.95550436,0.9364915,1.0062487
2025-01-01 17:00:00,0.84556407,0.9345607,0.8487817,0.91403836,0.86544716,0.95270044,0.8694117,0.9237229,0.8966785,0.96712303,0.8971053,0.94461083,0.9092972,0.9817679,0.9119541,0.9525866,0.92224556,1.010213,0.9474774,0.9580262,0.9381984,1.0080504
2025-01-01 17:01:00,0.8484658,0.93730354,0.85185456,0.91676545,0.8684938,0.95508534,0.87230563,0.9263093,0.8992865,0.9694328,0.8995597,0.94694626,0.9115539,0.9836709,0.91379976,0.9545329,0.9241152,1.011727,0.9488441,0.9596641,0.9393075,1.0092219
2025-01-01 17:02:00,0.8503535,0.93908715,0.853852,0.91853726,0.87047267,0.9566333,0.8741837,0.927987,0.9009778,0.9709298,0.9011505,0.94845974,0.91301626,0.9849034,0.9149954,0.95579433,0.92532724,1.0127085,0.94973046,0.9607277,0.940028,1.0099838
2025-01-01 17:03:00,0.851582,0.9402473,0.8551503,0.9196882,0.8717573,0.9576373,0.8754017,0.92907405,0.9020732,0.9718987,0.90218014,0.9494389,0.9139622,0.9857002,0.9157684,0.95661056,0.92611194,1.0133439,0.9503048,0.96141785,0.9404959,1.0104795
2025-01-01 17:04:00,0.85238206,0.94100213,0.85599416,0.9204355,0.8725908,0.9582876,0.8761904,0.92977715,0.9027813,0.97252417,0.9028449,0.9500708,0.9145725,0.9862137,0.9162668,0.95713747,0.9266189,1.0137544,0.9506762,0.9618653,0.9407998,1.0108019
2025-01-01 17:05:00,0.8529036,0.9414935,0.8565426,0.92092043,0.87313104,0.958708,0.87670016,0.93023074,0.9032377,0.9729265,0.9032725,0.95047694,0.9149646,0.9865431,0.91658664,0.9574763,0.9269452,1.0140187,0.9509158,0.96215504,0.9409969,1.0110121
2025-01-01 17:06:00,0.85324407,0.9418136,0.856899,0.92123485,0.87348056,0.958979,0.8770286,0.9305221,0.90353036,0.9731837,0.9035459,0.95073634,0.91521496,0.98675287,0.9167905,0.95769286,0.9271542,1.0141879,0.9510697,0.9623423,0.94112474,1.011149
2025-01-01 17:07:00,0.8534668,0.9420223,0.85713065,0.9214383,0.87370616,0.9591528,0.8772391,0.93070793,0.9037166,0.9733466,0.9037192,0.95090044,0.9153732,0.9868849,0.91691893,0.95783,0.9272869,1.0142955,0.95116794,0.96246296,0.9412075,1.0112387
2025-01-01 17:08:00,0.8536131,0.9421587,0.8572811,0.9215697,0.8738512,0.9592635,0.87737304,0.93082523,0.90383375,0.9734482,0.90382725,0.9510024,0.9154715,0.98696625,0.9169984,0.95791554,0.9273701,1.0143628,0.95123005,0.9625403,0.94126105,1.0112973
2025-01-01 17:09:00,0.8537095,0.94224805,0.8573788,0.9216542,0.8739438,0.95933306,0.877457,0.93089795,0.9039059,0.9735099,0.903893,0.9510641,0.9155308,0.98701483,0.91704595,0.9579675,0.92742103,1.0144043,0.9512687,0.9625896,0.9412956,1.0113361
2025-01-01 17:10:00,0.85377365,0.9423067,0.85744214,0.9217082,0.87400234,0.9593759,0.87750864,0.9309417,0.90394884,0.9735458,0.90393126,0.95109963,0.9155649,0.9870421,0.9170729,0.95799774,0.9274512,1.0144287,0.951292,0.9626207,0.9413179,1.0113617
2025-01-01 17:11:00,0.8538167,0.94234544,0.85748315,0.9217424,0.8740387,0.9594014,0.8775392,0.93096656,0.90397274,0.9735647,0.9039515,0.9511182,0.91558254,0.98705554,0.91708636,0.9580138,0.9274677,1.0144422,0.95130545,0.96263987,0.94133216,1.011379
2025-01-01 17:12:00,0.85384595,0.94237125,0.8575096,0.92176366,0.87406063,0.95941556,0.8775561,0.93097913,0.9039843,0.97357273,0.9039602,0.9511256,0.91558945,0.98705983,0.91709113,0.95802057,0.9274754,1.0144485,0.9513124,0.9626514,0.94134116,1.0113908
2025-01-01 17:13:00,0.85386634,0.9423886,0.85752666,0.9217765,0.87407315,0.95942235,0.87756395,0.9309838,0.9039878,0.97357357,0.90396136,0.95112586,0.91558945,0.9870584,0.91709024,0.9580215,0.92747736,1.0144502,0.9513153,0.96265787,0.9413469,1.0113991
2025-01-01 17:14:00,0.85388094,0.94240046,0.8575375,0.9217838,0.8740796,0.9594243,0.8775661,0.9309832,0.90398604,0.9735698,0.9039576,0.95112145,0.9155849,0.98705316,0.91708565,0.95801854,0.9274757,1.014449,0.95131546,0.9626612,0.94135046,1.0114051
2025-01-01 17:15:00,0.85389173,0.9424087,0.8575443,0.92178756,0.87408197,0.95942324,0.8775644,0.9309792,0.9039809,0.973563,0.9039506,0.95111394,0.9155774,0.98704535,0.9170787,0.95801306,0.92747164,1.0144458,0.9513139,0.96266246,0.9413526,1.0114096
2025-01-01 17:16:00,0.8539,0.9424146,0.8575485,0.92178905,0.8740818,0.95942,0.87756014,0.930973,0.9039735,0.97355425,0.90394145,0.9511045,0.91556805,0.98703605,0.9170702,0.95800596,0.927466,1.0144415,0.9513113,0.9626624,0.9413539,1.0114132
2025-01-01 17:17:00,0.8539067,0.9424189,0.8575509,0.92178893,0.8740799,0.9594155,0.8775543,0.93096536,0.90396464,0.97354424,0.9039311,0.95109385,0.9155575,0.9870257,0.91706073,0.9579979,0.92745936,1.0144362,0.95130795,0.96266145,0.9413547,1.0114163
2025-01-01 17:18:00,0.85391223,0.94242215,0.8575522,0.92178774,0.87407684,0.95940995,0.8775474,0.9309567,0.9039548,0.97353333,0.9039197,0.9510823,0.9155461,0.98701465,0.91705066,0.95798916,0.9274521,1.0144305,0.9513042,0.96266,0.94135505,1.011419
2025-01-01 17:19:00,0.85391706,0.9424248,0.85755265,0.92178595,0.874073,0.9594039,0.8775398,0.9309475,0.9039444,0.9735218,0.90390784,0.9510702,0.91553414,0.9870032,0.9170401,0.95798,0.92744446,1.0144247,0.95130014,0.9626582,0.9413553,1.0114214
2025-01-01 17:20:00,0.8539215,0.94242686,0.85755265,0.9217836,0.8740687,0.95939744,0.8775317,0.9309378,0.9039335,0.97351,0.90389556,0.95105773,0.915522,0.9869915,0.9170294,0.95797056,0.9274366,1.0144186,0.95129603,0.9626563,0.9413554,1.0114238
2025-01-01 17:21:00,0.85392547,0.94242865,0.85755223,0.921781,0.87406397,0.95939064,0.8775233,0.9309279,0.9039223,0.973498,0.903883,0.95104504,0.9155095,0.98697966,0.9170185,0.95796096,0.9274286,1.0144123,0.95129174,0.96265423,0.94135547,1.0114262
2025-01-01 17:22:00,0.8539293,0.9424302,0.85755163,0.9217781,0.874059,0.95938367,0.8775147,0.9309177,0.903911,0.97348577,0.9038703,0.9510322,0.915497,0.9869677,0.91700745,0.9579513,0.9274205,1.014406,0.95128745,0.96265215,0.9413555,1.0114285
2025-01-01 17:23:00,0.85393286,0.9424316,0.8575508,0.92177504,0.87405396,0.9593766,0.87750584,0.93090737,0.9038995,0.9734734,0.9038575,0.95101935,0.91548437,0.98695564,0.9169964,0.95794153,0.9274124,1.0143996,0.9512832,0.96265,0.9413555,1.0114307
2025-01-01 17:24:00,0.8539363,0.9424329,0.8575499,0.9217719,0.8740487,0.95936936,0.8774969,0.93089694,0.9038879,0.97346103,0.9038446,0.95100635,0.9154717,0.98694354,0.91698533,0.9579318,0.9274042,1.0143933,0.9512789,0.96264786,0.94135565,1.011433
2025-01-01 17:25:00,0.85393965,0.942434,0.85754883,0.92176867,0.8740434,0.95936203,0.8774879,0.93088645,0.9038763,0.9734485,0.90383166,0.9509933,0.9154589,0.98693144,0.9169743,0.9579221,0.92739606,1.014387,0.9512747,0.96264577,0.94135576,1.0114353
2025-01-01 17:26:00,0.85394293,0.9424351,0.8575477,0.9217653,0.874038,0.9593547,0.87747884,0.9308759,0.90386456,0.973436,0.90381867,0.9509803,0.91544616,0.9869194,0.9169632,0.9579124,0.927388,1.0143808,0.95127046,0.9626438,0.94135594,1.0114377
2025-01-01 17:27:00,0.85394615,0.9424361,0.8575465,0.92176193,0.8740325,0.95934725,0.8774697,0.93086535,0.9038529,0.9734234,0.90380573,0.9509672,0.9154334,0.9869073,0.9169522,0.9579027,0.92737997,1.0143745,0.9512663,0.9626418,0.9413561,1.01144
2025-01-01 17:28:00,0.85394925,0.942437,0.8575452,0.9217584,0.8740269,0.95933974,0.8774605,0.9308546,0.9038411,0.97341084,0.9037927,0.95095414,0.91542065,0.98689526,0.91694117,0.957893,0.9273719,1.0143684,0.9512621,0.9626398,0.94135636,1.0114425
2025-01-01 17:29:00,0.8539523,0.9424378,0.85754377,0.92175484,0.87402123,0.95933217,0.8774512,0.93084395,0.9038292,0.9733982,0.9037797,0.950941,0.9154079,0.98688316,0.91693014,0.95788336,0.9273639,1.0143622,0.95125806,0.9626379,0.9413567,1.011445
2025-01-01 17:30:00,0.8576657,0.94620526,0.86149627,0.9254963,0.87787473,0.96247643,0.88102555,0.93430513,0.90689504,0.9763892,0.90665114,0.9539893,0.9178937,0.98922545,0.91885924,0.96032536,0.92928904,1.0160565,0.9523881,0.9646005,0.9421302,1.0126607
2025-01-01 17:31:00,0.8600804,0.94865423,0.8640648,0.9279269,0.8803775,0.96451753,0.8833456,0.9365511,0.9088836,0.978329,0.908513,0.9559661,0.919505,0.9907437,0.9201094,0.9619093,0.93053764,1.0171559,0.95312124,0.96587557,0.94263315,1.0134519
2025-01-01 17:32:00,0.861651,0.9502463,0.8657338,0.9295054,0.8820022,0.9658415,0.8848503,0.9380072,0.9101719,0.9795854,0.9097187,0.9572465,0.92054796,0.9917264,0.92091817,0.9629355,0.93134654,1.0178684,0.9535964,0.96670383,0.94296026,1.013967
2025-01-01 17:33:00,0.86267275,0.95128125,0.866818,0.9305301,0.88305616,0.9666993,0.88582504,0.9389498,0.9110052,0.9803976,0.9104978,0.95807415,0.92122144,0.992361,0.92144006,0.9635993,0.9318695,1.0183294,0.95390403,0.9672416,0.9431731,1.0143031
2025-01-01 17:34:00,0.8633378,0.9519542,0.8675221,0.9311948,0.8837392,0.9672541,0.88645524,0.93955874,0.91154265,0.9809211,0.91099966,0.95860755,0.92165476,0.99276936,0.9217755,0.9640275,0.9322068,1.018627,0.95410264,0.96759063,0.9433117,1.0145223
2025-01-01 17:35:00,0.8637711,0.9523917,0.86797917,0.9316255,0.88418096,0.967612,0.88686156,0.9399507,0.91188776,0.9812569,0.9113213,0.9589497,0.92193204,0.9930306,0.92198986,0.96430254,0.9324234,1.0188185,0.9542304,0.967817,0.9434021,1.014666
2025-01-01 17:36:00,0.86405355,0.95267624,0.8682756,0.93190396,0.884466,0.9678418,0.88712233,0.9402016,0.9121079,0.9814707,0.9115257,0.95916754,0.9221078,0.99319625,0.9221254,0.9644781,0.9325615,1.018941,0.95431226,0.9679637,0.9434611,1.0147605
2025-01-01 17:37:00,0.8642381,0.95286125,0.8684676,0.93208355,0.88464916,0.9679884,0.8872884,0.94036084,0.9122467,0.98160523,0.91165406,0.9593046,0.92221767,0.99329984,0.92220974,0.96458894,0.93264866,1.0190187,0.95436424,0.9680585,0.94349974,1.014823
2025-01-01 17:38:00,0.8643588,0.9529816,0.8685917,0.9321988,0.884766,0.9680808,0.88739294,0.94046044,0.9123327,0.9816882,0.91173285,0.9593891,0.92228466,0.993363,0.9222608,0.9646578,0.9327027,1.0190672,0.9543968,0.96811974,0.9435252,1.0148646
2025-01-01 17:39:00,0.8644381,0.9530599,0.86867166,0.93227226,0.8848398,0.96813804,0.8874575,0.9405213,0.9123844,0.9817377,0.9117795,0.9594395,0.92232376,0.9934,0.9222903,0.9646993,0.9327352,1.0190967,0.95441675,0.9681591,0.9435421,1.0148928
2025-01-01 17:40:00,0.8644905,0.9531109,0.8687229,0.9323185,0.88488555,0.96817243,0.88749605,0.940557,0.9124138,0.98176533,0.91180533,0.95946765,0.92234486,0.9934199,0.92230576,0.96472317,0.93275374,1.0191141,0.95442855,0.96818423,0.9435535,1.0149122
2025-01-01 17:41:00,0.8645254,0.95314395,0.8687554,0.93234706,0.884913,0.9681919,0.8875177,0.9405763,0.9124286,0.9817788,0.91181743,0.9594814,0.92235416,0.9934287,0.92231214,0.96473545,0.9327632,1.0191234,0.9544351,0.96820015,0.94356126,1.0149261
2025-01-01 17:42:00,0.86454874,0.9531655,0.8687757,0.93236405,0.8849287,0.9682017,0.8875283,0.9405849,0.912434,0.98178315,0.9118207,0.9594858,0.9223558,0.9934304,0.9223126,0.9647403,0.9327668,1.0191277,0.95443815,0.9682102,0.94356674,1.0149362
2025-01-01 17:43:00,0.8645647,0.9531794,0.8687882,0.9323736,0.8849366,0.9682051,0.8875317,0.9405866,0.9124332,0.9817814,0.91181827,0.9594841,0.92235243,0.99342734,0.9223092,0.9647403,0.9327666,1.0191286,0.95443904,0.96821636,0.9435707,1.014944
2025-01-01 17:44:00,0.86457586,0.9531884,0.86879545,0.9323782,0.88493943,0.96820444,0.8875305,0.9405838,0.91242844,0.9817758,0.9118122,0.9594785,0.922346,0.9934213,0.9223034,0.9647371,0.93276393,1.0191272,0.9544385,0.96822,0.9435737,1.0149502
2025-01-01 17:45:00,0.8645838,0.95319426,0.8687994,0.9323796,0.884939,0.96820104,0.88752615,0.940578,0.91242105,0.98176765,0.9118036,0.9594703,0.92233735,0.9934134,0.9222959,0.96473193,0.93275976,1.0191246,0.95443714,0.9682221,0.94357616,1.0149555
2025-01-01 17:46:00,0.86458963,0.95319796,0.86880106,0.9323789,0.8849364,0.9681959,0.8875199,0.9405703,0.9124119,0.9817579,0.9117934,0.95946044,0.9223274,0.9934041,0.9222874,0.9647255,0.9327545,1.0191212,0.9544351,0.96822315,0.9435782,1.0149602
2025-01-01 17:47:00,0.8645941,0.9532003,0.86880124,0.93237686,0.88493246,0.96818966,0.8875123,0.94056135,0.91240174,0.981747,0.9117822,0.95944947,0.9223166,0.9933941,0.92227834,0.9647182,0.9327486,1.019117,0.9544328,0.9682236,0.9435801,1.0149646
2025-01-01 17:48:00,0.86459774,0.95320165,0.86880046,0.9323739,0.8849275,0.9681825,0.88750386,0.9405515,0.91239077,0.9817354,0.91177034,0.9594378,0.9223052,0.9933835,0.9222688,0.96471035,0.93274236,1.0191126,0.9544303,0.9682236,0.9435818,1.0149688
2025-01-01 17:49:00,0.8646007,0.95320237,0.8687991,0.93237025,0.8849219,0.96817493,0.88749474,0.94054115,0.9123793,0.98172337,0.911758,0.9594257,0.9222935,0.9933726,0.922259,0.96470225,0.9327358,1.019108,0.9544276,0.96822333,0.94358355,1.0149727
2025-01-01 17:50:00,0.8646032,0.9532027,0.86879724,0.93236625,0.8849159,0.96816695,0.8874853,0.9405305,0.9123676,0.98171103,0.9117454,0.9594133,0.9222815,0.9933615,0.922249,0.96469384,0.9327292,1.0191033,0.95442486,0.968223,0.94358516,1.0149766
2025-01-01 17:51:00,0.8646054,0.9532027,0.8687951,0.9323619,0.8849096,0.9681587,0.8874756,0.9405195,0.9123556,0.9816985,0.91173273,0.9594007,0.9222694,0.99335027,0.922239,0.96468544,0.93272245,1.0190986,0.9544221,0.9682226,0.94358677,1.0149806
2025-01-01 17:52:00,0.8646075,0.95320255,0.8687927,0.9323574,0.8849031,0.9681504,0.8874658,0.94050837,0.9123435,0.9816858,0.9117198,0.959388,0.9222572,0.993339,0.92222893,0.9646769,0.93271565,1.0190938,0.95441943,0.96822214,0.9435885,1.0149845
2025-01-01 17:53:00,0.86460936,0.9532022,0.86879015,0.93235266,0.88489634,0.9681419,0.88745576,0.9404971,0.91233134,0.981673,0.9117068,0.95937526,0.92224497,0.9933277,0.92221886,0.9646684,0.9327089,1.019089,0.95441675,0.96822166,0.9435902,1.0149883
2025-01-01 17:54:00,0.86461115,0.9532017,0.86878747,0.9323479,0.8848896,0.96813333,0.8874456,0.9404857,0.91231906,0.98166025,0.9116938,0.9593625,0.9222327,0.99331635,0.9222087,0.9646598,0.9327021,1.0190842,0.9544141,0.96822125,0.94359195,1.0149922
2025-01-01 17:55:00,0.86461276,0.9532011,0.86878467,0.93234295,0.8848827,0.9681247,0.88743544,0.9404743,0.9123067,0.9816473,0.91168076,0.95934963,0.9222204,0.993305,0.92219865,0.96465135,0.93269545,1.0190794,0.9544115,0.9682209,0.9435938,1.0149962
2025-01-01 17:56:00,0.86461437,0.95320046,0.8687818,0.932338,0.8848757,0.9681159,0.8874252,0.9404628,0.9122944,0.98163444,0.9116677,0.9593368,0.9222082,0.99329364,0.9221886,0.9646429,0.9326887,1.0190747,0.9544089,0.96822053,0.94359565,1.0150002
2025-01-01 17:57:00,0.86461586,0.9531998,0.86877894,0.932333,0.88486874,0.96810716,0.8874149,0.9404513,0.912282,0.9816215,0.9116546,0.95932394,0.9221959,0.9932823,0.92217857,0.96463436,0.93268204,1.01907,0.9544064,0.96822023,0.94359756,1.0150043
2025-01-01 17:58:00,0.8646173,0.95319897,0.8687759,0.93232787,0.88486165,0.9680983,0.8874045,0.9404397,0.91226953,0.9816085,0.9116415,0.95931107,0.92218363,0.993271,0.92216855,0.96462595,0.9326754,1.0190655,0.95440394,0.96822,0.9435995,1.0150084
2025-01-01 17:59:00,0.86461866,0.9531981,0.8687728,0.9323227,0.8848545,0.96808934,0.88739413,0.94042814,0.9122571,0.9815956,0.91162837,0.9592982,0.9221714,0.9932597,0.92215854,0.96461755,0.93266886,1.0190609,0.9544015,0.96821976,0.94360155,1.0150126
2025-01-01 18:00:00,0.86751795,0.9564477,0.8718803,0.9355431,0.8878038,0.97064966,0.8900231,0.94330525,0.9143158,0.9839649,0.91353756,0.9617409,0.9236202,0.9949686,0.92313695,0.96645826,0.93360394,1.0200864,0.95453626,0.9695887,0.9434281,1.0156207
2025-01-01 18:01:00,0.86940295,0.9585596,0.873899,0.9376345,0.88971835,0.9723107,0.89172834,0.9451713,0.91564965,0.98550045,0.91477394,0.96332425,0.9245577,0.9960755,0.9237695,0.9676519,0.93420947,1.0207514,0.954623,0.97047853,0.9433161,1.0160174
2025-01-01 18:02:00,0.8706286,0.9599319,0.87521,0.938992,0.8909602,0.9733872,0.89283305,0.94638014,0.9165122,0.986494,0.915573,0.9643489,0.92516285,0.99679106,0.9241772,0.96842486,0.93460083,1.0211822,0.95467865,0.97105694,0.94324416,1.0162768
2025-01-01 18:03:00,0.8714256,0.9608235,0.87606096,0.9398725,0.89176476,0.9740837,0.89354736,0.94716173,0.9170685,0.9871353,0.9160878,0.96501046,0.92555195,0.9972523,0.92443883,0.9689244,0.9348531,1.0214608,0.9547141,0.971433,0.94319826,1.0164471
2025-01-01 18:04:00,0.871944,0.9614026,0.8766129,0.94044286,0.89228517,0.9745332,0.8940079,0.9476657,0.9174257,0.9875476,0.9164179,0.96543604,0.9258006,0.9975482,0.9246055,0.9692463,0.93501484,1.0216403,0.9547365,0.9716774,0.94316924,1.0165592
2025-01-01 18:05:00,0.87228125,0.9617785,0.87697035,0.9408116,0.89262074,0.97482216,0.89430356,0.94798905,0.91765344,0.98781097,0.9166278,0.96570814,0.925958,0.9977367,0.9247104,0.96945274,0.9351178,1.0217557,0.9547503,0.97183645,0.9431512,1.0166339
2025-01-01 18:06:00,0.8725008,0.9620224,0.8772015,0.94104934,0.8928362,0.97500676,0.89449203,0.94819516,0.917797,0.9879776,0.9167597,0.9658806,0.9260561,0.9978554,0.9247752,0.9695841,0.9351826,1.0218292,0.95475864,0.9719399,0.9431404,1.016684
2025-01-01 18:07:00,0.8726437,0.96218044,0.87735045,0.94120187,0.89297366,0.97512347,0.89461076,0.9483249,0.91788596,0.98808134,0.91684085,0.96598816,0.9261157,0.9979287,0.924814,0.9696667,0.9352225,1.0218756,0.9547634,0.97200733,0.9431343,1.0167183
2025-01-01 18:08:00,0.8727369,0.9622826,0.877446,0.94129896,0.8930603,0.97519606,0.89468414,0.9484052,0.9179393,0.9881442,0.9168891,0.9660537,0.9261502,0.9979725,0.9248358,0.9697176,0.9352464,1.0219043,0.95476586,0.97205126,0.9431312,1.0167422
2025-01-01 18:09:00,0.87279767,0.96234846,0.8775068,0.94136006,0.8931139,0.97523993,0.89472806,0.9484532,0.9179696,0.9881805,0.9169158,0.9660918,0.9261684,0.99799716,0.92484665,0.969748,0.9352598,1.0219216,0.95476687,0.97208005,0.9431302,1.0167594
2025-01-01 18:10:00,0.8728374,0.9623907,0.877545,0.9413978,0.8931461,0.97526515,0.8947528,0.9484802,0.91798484,0.98819953,0.9169286,0.9661122,0.9261761,0.9980093,0.9248504,0.969765,0.9352665,1.0219315,0.9547669,0.9720989,0.94313043,1.0167723
2025-01-01 18:11:00,0.8728635,0.9624176,0.8775685,0.9414202,0.8931642,0.97527826,0.8947651,0.94849354,0.9179903,0.9882074,0.91693234,0.966121,0.9261769,0.99801356,0.92484957,0.96977335,0.93526876,1.0219367,0.9547664,0.97211134,0.94313157,1.0167824
2025-01-01 18:12:00,0.8728806,0.9624345,0.8775824,0.9414327,0.8931733,0.97528344,0.89476925,0.9484981,0.91798943,0.9882079,0.9169302,0.96612227,0.9261732,0.9980124,0.9248457,0.96977603,0.9352682,1.0219387,0.9547655,0.9721197,0.94313335,1.0167907
2025-01-01 18:13:00,0.8728919,0.96244484,0.87759006,0.94143873,0.8931764,0.97528344,0.8947682,0.94849676,0.91798437,0.9882036,0.9169242,0.96611863,0.9261667,0.99800795,0.9248399,0.9697751,0.9352658,1.0219387,0.95476437,0.97212535,0.94313556,1.0167979
2025-01-01 18:14:00,0.87289935,0.9624509,0.8775936,0.9414405,0.8931756,0.97528017,0.8947636,0.9484918,0.9179767,0.98819625,0.91691583,0.9661119,0.9261583,0.9980013,0.92483294,0.96977186,0.93526226,1.0219375,0.9547631,0.97212934,0.943138,1.0168043
2025-01-01 18:15:00,0.8729043,0.9624542,0.87759453,0.9414395,0.8931724,0.9752746,0.89475673,0.9484843,0.9179672,0.9881869,0.91690576,0.966103,0.9261487,0.9979932,0.92482513,0.96976703,0.935258,1.0219353,0.95476186,0.9721322,0.9431406,1.0168103
2025-01-01 18:16:00,0.87290764,0.9624557,0.8775937,0.9414367,0.89316744,0.97526765,0.89474845,0.9484752,0.91795653,0.9881762,0.9168947,0.9660929,0.92613834,0.9979842,0.9248168,0.96976125,0.93525326,1.0219327,0.95476055,0.97213435,0.9431434,1.016816
2025-01-01 18:17:00,0.87290984,0.9624559,0.8775916,0.9414328,0.89316136,0.97525966,0.8947392,0.94846505,0.91794515,0.9881647,0.9168829,0.96608186,0.92612743,0.9979746,0.92480814,0.96975493,0.93524826,1.0219299,0.95475924,0.9721361,0.94314635,1.0168215
2025-01-01 18:18:00,0.87291133,0.96245533,0.8775888,0.94142795,0.8931546,0.97525114,0.8947293,0.94845426,0.9179333,0.9881527,0.91687065,0.96607035,0.9261163,0.9979647,0.9247994,0.9697482,0.93524307,1.0219269,0.9547579,0.9721376,0.9431494,1.016827
2025-01-01 18:19:00,0.87291235,0.9624542,0.87758553,0.94142264,0.89314735,0.97524214,0.894719,0.94844294,0.9179211,0.9881402,0.9168582,0.9660585,0.9261049,0.99795455,0.92479044,0.9697412,0.9352377,1.0219237,0.95475674,0.9721389,0.9431524,1.0168325
2025-01-01 18:20:00,0.872913,0.96245277,0.87758183,0.941417,0.8931398,0.97523284,0.8947084,0.9484314,0.91790867,0.9881275,0.9168455,0.96604633,0.9260934,0.99794424,0.9247815,0.9697342,0.9352324,1.0219203,0.9547555,0.97214013,0.94315565,1.016838
2025-01-01 18:21:00,0.8729135,0.96245104,0.87757796,0.941411,0.893132,0.97522336,0.8946976,0.9484196,0.91789615,0.9881148,0.91683275,0.9660341,0.92608184,0.99793386,0.9247725,0.969727,0.9352271,1.0219171,0.95475435,0.9721413,0.9431589,1.0168434
2025-01-01 18:22:00,0.8729137,0.9624491,0.87757385,0.9414049,0.893124,0.9752137,0.89468664,0.9484076,0.9178835,0.98810184,0.9168199,0.9660217,0.9260703,0.99792343,0.9247635,0.96971977,0.93522173,1.0219139,0.9547532,0.9721426,0.9431622,1.0168488
2025-01-01 18:23:00,0.8729138,0.96244705,0.8775696,0.9413986,0.8931158,0.975204,0.89467555,0.94839555,0.91787076,0.98808885,0.916807,0.9660093,0.92605865,0.997913,0.9247545,0.96971256,0.9352164,1.0219107,0.9547522,0.9721438,0.9431656,1.0168543
2025-01-01 18:24:00,0.87291384,0.96244484,0.8775653,0.9413923,0.89310765,0.97519416,0.89466447,0.94838345,0.917858,0.9880758,0.91679406,0.96599686,0.926047,0.9979026,0.9247455,0.96970534,0.9352112,1.0219074,0.9547512,0.97214514,0.943169,1.0168598
2025-01-01 18:25:00,0.8729138,0.9624426,0.87756085,0.94138587,0.89309937,0.97518426,0.89465326,0.9483713,0.91784525,0.9880628,0.9167811,0.96598446,0.9260354,0.9978922,0.92473656,0.96969825,0.93520594,1.0219043,0.95475024,0.9721464,0.9431725,1.0168654
2025-01-01 18:26:00,0.8729136,0.96244025,0.8775564,0.9413793,0.893091,0.97517437,0.89464206,0.94835913,0.9178324,0.98804975,0.9167682,0.96597207,0.92602384,0.9978818,0.9247277,0.9696911,0.93520075,1.0219012,0.9547494,0.97214776,0.94317603,1.016871
2025-01-01 18:27:00,0.87291336,0.96243775,0.87755173,0.9413727,0.8930826,0.97516435,0.8946308,0.94834685,0.9178195,0.98803663,0.9167552,0.9659596,0.9260122,0.99787146,0.9247188,0.969684,0.9351956,1.0218983,0.9547486,0.9721492,0.9431796,1.0168767
2025-01-01 18:28:00,0.87291306,0.96243525,0.8775471,0.9413661,0.89307415,0.9751543,0.89461946,0.9483346,0.9178066,0.9880235,0.91674227,0.96594715,0.9260007,0.9978611,0.92471,0.9696769,0.9351905,1.0218953,0.9547478,0.9721506,0.94318324,1.0168824
2025-01-01 18:29:00,0.8729127,0.9624327,0.8775424,0.94135934,0.89306563,0.9751442,0.8946081,0.9483223,0.91779375,0.9880104,0.91672933,0.96593475,0.92598915,0.9978508,0.9247012,0.96966994,0.9351855,1.0218924,0.9547471,0.9721522,0.943187,1.0168881
2025-01-01 18:30:00,0.8749462,0.9651065,0.87974936,0.94400066,0.8950582,0.977075,0.89624476,0.9505637,0.918809,0.9897155,0.91764224,0.9677281,0.92637515,0.99889547,0.9247114,0.97087646,0.9351137,1.0222306,0.9538841,0.97290295,0.9420697,1.0168778
2025-01-01 18:31:00,0.87626773,0.9668434,0.8811822,0.9457151,0.8963504,0.97832644,0.89730465,0.95201635,0.91946447,0.9908193,0.9182312,0.9688895,0.9266221,0.99957097,0.9247151,0.9716583,0.93506545,1.0224495,0.95332295,0.97339153,0.9413448,1.016873
2025-01-01 18:32:00,0.8771265,0.9679715,0.88211185,0.9468271,0.8971872,0.9791363,0.8979895,0.9529562,0.91988593,0.9915321,0.91860944,0.96963996,0.9267786,1.0000064,0.9247144,0.97216415,0.93503237,1.0225909,0.95295805,0.9737098,0.940875,1.0168722
2025-01-01 18:33:00,0.8776845,0.96870375,0.88271433,0.94754744,0.897728,0.979659,0.89843065,0.95356274,0.9201554,0.99199086,0.9188508,0.9701235,0.9268764,1.000286,0.924711,0.9724906,0.93500924,1.0226818,0.95272076,0.9739173,0.94057107,1.0168737
2025-01-01 18:34:00,0.8780469,0.9691786,0.88310415,0.9480132,0.89807653,0.97999525,0.89871335,0.95395267,0.920326,0.9922845,0.9190032,0.97043353,0.926936,1.0004642,0.9247058,0.9727004,0.93499255,1.0227401,0.9525664,0.97405285,0.9403749,1.0168768
2025-01-01 18:35:00,0.8782822,0.9694863,0.88335574,0.9483135,0.8983,0.9802101,0.89889306,0.95420176,0.9204324,0.9924708,0.9190977,0.97063076,0.9269707,1.0005766,0.9246995,0.9728346,0.9349801,1.0227771,0.95246595,0.97414166,0.94024885,1.016881
2025-01-01 18:36:00,0.87843484,0.9696852,0.8835175,0.9485061,0.8984421,0.9803462,0.8990058,0.9543593,0.92049694,0.99258727,0.9191547,0.9707547,0.9269894,1.000646,0.92469245,0.9729194,0.93497044,1.0228003,0.95240057,0.97420007,0.9401684,1.0168859
2025-01-01 18:37:00,0.8785338,0.96981335,0.88362074,0.94862884,0.8985313,0.98043096,0.89907503,0.95445734,0.92053443,0.9926584,0.91918725,0.9708309,0.9269976,1.0006877,0.9246849,0.9729723,0.9349626,1.0228145,0.95235807,0.97423875,0.94011754,1.0168912
2025-01-01 18:38:00,0.8785977,0.9698956,0.88368607,0.9487061,0.89858615,0.9804824,0.8991159,0.95451677,0.92055416,0.9927,0.9192039,0.9708762,0.926999,1.0007114,0.92467713,0.9730044,0.9349559,1.022823,0.9523304,0.9742647,0.94008607,1.016897
2025-01-01 18:39:00,0.87863886,0.9699479,0.88372666,0.9487537,0.89861864,0.98051214,0.89913845,0.9545509,0.9205625,0.99272245,0.91921026,0.9709014,0.92699593,1.0007232,0.9246692,0.97302306,0.93495,1.0228276,0.9523124,0.97428226,0.94006705,1.0169029
2025-01-01 18:40:00,0.8786652,0.96998066,0.8837511,0.94878215,0.8986366,0.9805278,0.899149,0.95456874,0.92056334,0.99273247,0.91920984,0.9709135,0.9269901,1.0007275,0.9246611,0.9730329,0.9349447,1.02283,0.9523007,0.9742945,0.94005626,1.016909
2025-01-01 18:41:00,0.878682,0.97000086,0.8837651,0.948798,0.8986451,0.9805343,0.8991517,0.95457596,0.9205593,0.9927344,0.9192051,0.97091717,0.92698234,1.000727,0.92465305,0.9730371,0.9349397,1.0228307,0.95229316,0.97430325,0.9400508,1.0169153
2025-01-01 18:42:00,0.87869245,0.9700128,0.88377225,0.94880575,0.8986474,0.9805348,0.89914936,0.95457625,0.92055213,0.9927311,0.91919756,0.97091526,0.92697346,1.0007231,0.92464495,0.97303766,0.934935,1.0228305,0.9522883,0.9743098,0.9400488,1.0169216
2025-01-01 18:43:00,0.8786988,0.9700193,0.883775,0.94880813,0.8986457,0.9805314,0.8991437,0.954572,0.92054296,0.99272436,0.91918814,0.97090983,0.92696387,1.0007173,0.92463684,0.9730358,0.93493044,1.0228297,0.95228523,0.97431487,0.9400492,1.0169281
2025-01-01 18:44:00,0.87870246,0.9700223,0.88377476,0.94880706,0.89864135,0.98052543,0.89913595,0.95456487,0.92053246,0.9927154,0.9191776,0.970902,0.92695373,1.00071,0.9246288,0.9730325,0.9349261,1.0228285,0.95228326,0.97431904,0.940051,1.0169346
2025-01-01 18:45:00,0.87870437,0.97002304,0.8837727,0.9488037,0.89863527,0.9805178,0.8991267,0.9545558,0.920521,0.992705,0.91916627,0.9708928,0.9269433,1.000702,0.92462075,0.9730282,0.9349218,1.0228269,0.9522822,0.9743227,0.9400538,1.0169412
2025-01-01 18:46:00,0.8787051,0.97002226,0.88376933,0.9487989,0.89862806,0.9805091,0.8991166,0.9545455,0.92050904,0.99269366,0.91915447,0.97088253,0.9269327,1.0006934,0.9246127,0.97302324,0.9349176,1.0228254,0.95228153,0.9743259,0.94005734,1.0169479
2025-01-01 18:47:00,0.878705,0.9700205,0.88376516,0.948793,0.89862007,0.9804997,0.8991058,0.95453435,0.9204967,0.9926817,0.9191423,0.9708717,0.92692196,1.0006845,0.9246047,0.9730179,0.93491346,1.0228237,0.95228136,0.97432894,0.9400612,1.0169545
2025-01-01 18:48:00,0.8787045,0.97001797,0.88376045,0.94878656,0.89861166,0.9804898,0.8990947,0.95452267,0.92048407,0.9926694,0.91912997,0.9708605,0.9269112,1.0006754,0.9245968,0.9730124,0.93490946,1.022822,0.95228136,0.97433186,0.9400655,1.0169612
2025-01-01 18:49:00,0.8787035,0.97001505,0.88375527,0.94877964,0.89860284,0.98047954,0.89908326,0.9545106,0.9204713,0.99265677,0.91911757,0.9708489,0.9269003,1.0006661,0.92458886,0.9730067,0.9349055,1.0228204,0.9522816,0.9743347,0.94007,1.016968
2025-01-01 18:50:00,0.8787023,0.9700118,0.88374984,0.9487724,0.8985938,0.9804691,0.89907163,0.95449835,0.92045844,0.992644,0.91910505,0.9708373,0.9268895,1.0006568,0.924581,0.97300094,0.9349016,1.0228186,0.9522819,0.9743375,0.9400746,1.0169748
2025-01-01 18:51:00,0.8787009,0.97000825,0.88374424,0.9487649,0.8985846,0.9804585,0.8990599,0.95448595,0.9204455,0.9926312,0.9190925,0.97082555,0.9268787,1.0006474,0.9245732,0.97299516,0.9348978,1.0228169,0.9522823,0.9743404,0.9400794,1.0169817
2025-01-01 18:52:00,0.8786994,0.9700046,0.8837385,0.94875735,0.8985753,0.98044777,0.8990481,0.9544735,0.9204325,0.99261826,0.91907984,0.97081375,0.92686784,1.0006381,0.92456543,0.97298944,0.93489397,1.0228153,0.95228285,0.97434324,0.9400842,1.0169886
2025-01-01 18:53:00,0.8786978,0.9700008,0.8837326,0.9487496,0.8985659,0.980437,0.89903617,0.95446086,0.9204195,0.99260527,0.91906726,0.97080195,0.92685705,1.0006287,0.92455775,0.97298366,0.9348903,1.0228138,0.9522835,0.97434616,0.94008917,1.0169957
2025-01-01 18:54:00,0.8786961,0.969997,0.88372666,0.9487418,0.8985564,0.9804261,0.8990242,0.9544482,0.92040646,0.9925923,0.91905457,0.9707901,0.92684627,1.0006194,0.92455006,0.972978,0.9348866,1.0228122,0.9522842,0.9743491,0.9400942,1.0170027
2025-01-01 18:55:00,0.8786943,0.969993,0.8837207,0.94873387,0.8985469,0.98041517,0.89901227,0.9544356,0.9203934,0.9925793,0.919042,0.97077835,0.92683554,1.0006101,0.9245424,0.9729723,0.93488294,1.0228108,0.952285,0.97435206,0.94009924,1.0170097
2025-01-01 18:56:00,0.8786924,0.969989,0.88371456,0.94872594,0.8985372,0.9804042,0.89900017,0.95442283,0.9203803,0.9925663,0.91902936,0.9707665,0.92682487,1.0006008,0.92453486,0.9729666,0.93487936,1.0228094,0.9522858,0.97435516,0.9401044,1.0170169
2025-01-01 18:57:00,0.8786904,0.9699849,0.88370836,0.9487179,0.89852756,0.9803931,0.8989881,0.95441,0.92036724,0.99255323,0.9190167,0.9707547,0.92681414,1.0005916,0.92452735,0.972961,0.93487585,1.0228081,0.9522867,0.97435826,0.9401096,1.017024
2025-01-01 18:58:00,0.8786884,0.9699807,0.88370216,0.94870985,0.89851785,0.9803821,0.898976,0.95439726,0.9203541,0.9925402,0.91900414,0.9707429,0.9268035,1.0005823,0.9245199,0.97295547,0.9348724,1.0228068,0.9522877,0.97436136,0.94011486,1.0170312
2025-01-01 18:59:00,0.8786863,0.9699765,0.8836959,0.9487017,0.8985081,0.980371,0.8989639,0.9543845,0.9203411,0.9925272,0.9189916,0.97073114,0.9267929,1.0005733,0.92451245,0.97295,0.934869,1.0228056,0.9522887,0.9743646,0.94012016,1.0170385
2025-01-01 19:00:00,0.8798177,0.9720269,0.88496315,0.9507175,0.89950836,0.9816377,0.8995791,0.9559504,0.92029464,0.9935379,0.9188919,0.97184336,0.92610925,1.0009354,0.9235543,0.9735009,0.9337917,1.0224503,0.9504432,0.97448385,0.938079,1.0164096
2025-01-01 19:01:00,0.8805523,0.97335804,0.8857846,0.9520249,0.90015507,0.98245716,0.8999747,0.9569637,0.92025983,0.9941903,0.91882265,0.97256225,0.92566115,1.0011678,0.922929,0.9738572,0.9330903,1.022219,0.9492441,0.9745626,0.9367541,1.0160036
2025-01-01 19:02:00,0.8810289,0.9742217,0.8863163,0.9528718,0.90057194,0.98298585,0.9002276,0.9576179,0.9202327,0.9946099,0.91877335,0.97302544,0.9253663,1.0013157,0.92252004,0.97408694,0.93263334,1.0220684,0.9484651,0.9746149,0.9358949,1.0157422
2025-01-01 19:03:00,0.8813379,0.9747816,0.8866596,0.95341927,0.9008394,0.9833256,0.9003877,0.9580386,0.9202104,0.99487805,0.91873693,0.97332245,0.92517096,1.0014086,0.9222517,0.97423446,0.93233526,1.02197,0.9479593,0.97465026,0.93533844,1.015575
2025-01-01 19:04:00,0.88153785,0.9751438,0.8868804,0.95377225,0.9010098,0.9835425,0.9004875,0.95830756,0.92019135,0.9950478,0.91870886,0.97351146,0.92504036,1.0014659,0.92207485,0.9743285,0.9321404,1.021906,0.94763094,0.97467446,0.93497866,1.015469
2025-01-01 19:05:00,0.88166696,0.9753777,0.8870216,0.95399874,0.90111697,0.9836795,0.90054804,0.95847785,0.92017436,0.9951536,0.9186863,0.9736303,0.92495185,1.0015001,0.9219574,0.9743879,0.93201274,1.0218639,0.94741803,0.9746915,0.93474686,1.0154027
2025-01-01 19:06:00,0.8817499,0.975528,0.887111,0.9541429,0.9011831,0.9837645,0.9005831,0.958584,0.92015874,0.99521786,0.91866726,0.9737035,0.9248907,1.0015193,0.9218786,0.9744247,0.9319287,1.0218364,0.9472802,0.97470385,0.93459815,1.0153624
2025-01-01 19:07:00,0.881803,0.9756241,0.8871668,0.95423365,0.90122265,0.98381585,0.90060157,0.95864856,0.920144,0.99525505,0.91865057,0.973747,0.92484736,1.0015287,0.9218249,0.97444695,0.93187314,1.0218183,0.9471911,0.97471315,0.93450356,1.0153388
2025-01-01 19:08:00,0.88183653,0.9756848,0.88720065,0.9542896,0.9012447,0.9838452,0.90060925,0.958686,0.92012984,0.9952747,0.9186353,0.9737713,0.9248156,1.0015317,0.9217876,0.9744596,0.931836,1.0218064,0.94713384,0.9747206,0.9344441,1.0153261
2025-01-01 19:09:00,0.88185734,0.9757226,0.88722026,0.954323,0.90125555,0.98386025,0.9006099,0.9587058,0.92011607,0.995283,0.9186212,0.97378314,0.9247914,1.0015306,0.921761,0.9744662,0.9318109,1.0217984,0.9470972,0.97472674,0.9344076,1.0153207
2025-01-01 19:10:00,0.8818699,0.97574544,0.8872306,0.9543416,0.90125895,0.9838661,0.90060604,0.9587141,0.92010254,0.99528384,0.9186076,0.9737868,0.92477214,1.001527,0.92174125,0.97446877,0.93179363,1.021793,0.94707394,0.9747321,0.9343859,1.0153198
2025-01-01 19:11:00,0.8818771,0.97575855,0.88723487,0.95435065,0.9012576,0.98386586,0.9005991,0.958715,0.9200891,0.99527985,0.9185945,0.97378516,0.92475605,1.0015216,0.92172605,0.9744688,0.9317815,1.0217893,0.94705945,0.974737,0.9343739,1.0153221
2025-01-01 19:12:00,0.88188076,0.9757653,0.88723516,0.95435345,0.90125304,0.9838616,0.90059036,0.9587111,0.92007583,0.9952728,0.91858166,0.97378016,0.9247421,1.0015152,0.9217138,0.97446716,0.93177265,1.0217869,0.94705075,0.9747415,0.93436825,1.0153264
2025-01-01 19:13:00,0.8818821,0.9757679,0.8872329,0.9543522,0.90124655,0.98385483,0.9005803,0.958704,0.9200626,0.9952637,0.918569,0.97377294,0.92472947,1.001508,0.9217036,0.9744644,0.9317661,1.0217851,0.94704574,0.9747459,0.93436676,1.0153319
2025-01-01 19:14:00,0.8818819,0.9757678,0.88722897,0.9543483,0.9012387,0.98384637,0.9005694,0.9586948,0.9200494,0.9952532,0.9185566,0.9737643,0.9247178,1.0015002,0.9216946,0.974461,0.93176097,1.021784,0.9470432,0.9747503,0.9343679,1.0153383
2025-01-01 19:15:00,0.8818807,0.97576594,0.8872239,0.95434266,0.90122986,0.9838368,0.9005579,0.95868427,0.92003626,0.99524194,0.9185442,0.9737547,0.92470664,1.0014924,0.9216865,0.97445726,0.9317568,1.0217831,0.9470422,0.9747545,0.9343708,1.0153453
2025-01-01 19:16:00,0.8818788,0.97576284,0.8872181,0.9543358,0.90122056,0.9838266,0.9005461,0.95867294,0.9200231,0.99523014,0.9185318,0.9737445,0.92469597,1.0014844,0.9216789,0.9744532,0.9317532,1.0217825,0.94704235,0.9747588,0.93437487,1.0153528
2025-01-01 19:17:00,0.8818765,0.975759,0.8872118,0.95432824,0.9012108,0.9838158,0.90053403,0.95866096,0.92001,0.995218,0.9185195,0.973734,0.9246856,1.0014762,0.9216717,0.97444904,0.9317501,1.021782,0.9470431,0.97476304,0.9343798,1.0153605
2025-01-01 19:18:00,0.88187385,0.9757547,0.8872051,0.95432013,0.9012008,0.9838047,0.9005218,0.9586487,0.91999686,0.9952055,0.9185072,0.9737233,0.92467535,1.001468,0.9216647,0.97444475,0.93174726,1.0217818,0.94704443,0.9747674,0.93438524,1.0153683
2025-01-01 19:19:00,0.8818709,0.9757499,0.8871982,0.9543117,0.9011906,0.9837934,0.90050954,0.95863616,0.9199838,0.995193,0.918495,0.9737124,0.9246653,1.0014598,0.92165804,0.9744405,0.9317447,1.0217816,0.94704604,0.97477174,0.934391,1.0153764
2025-01-01 19:20:00,0.8818679,0.97574496,0.8871912,0.954303,0.90118027,0.98378193,0.9004971,0.95862347,0.9199707,0.99518037,0.91848284,0.97370136,0.9246553,1.0014517,0.9216515,0.9744362,0.9317423,1.0217816,0.9470479,0.9747761,0.93439704,1.0153846
2025-01-01 19:21:00,0.88186467,0.9757398,0.88718396,0.9542942,0.90116984,0.9837704,0.9004846,0.9586106,0.9199576,0.9951677,0.9184707,0.97369033,0.9246454,1.0014435,0.921645,0.974432,0.93174,1.0217817,0.94705,0.9747805,0.93440324,1.0153927
2025-01-01 19:22:00,0.88186145,0.9757345,0.8871767,0.95428526,0.9011593,0.98375875,0.90047216,0.9585977,0.9199445,0.995155,0.9184586,0.97367936,0.9246356,1.0014353,0.9216386,0.97442776,0.93173784,1.0217817,0.9470522,0.974785,0.93440956,1.015401
2025-01-01 19:23:00,0.8818581,0.9757291,0.8871693,0.9542762,0.90114874,0.98374707,0.9004596,0.9585848,0.9199314,0.9951422,0.9184465,0.97366834,0.9246258,1.0014272,0.9216323,0.9744235,0.9317357,1.0217819,0.94705445,0.9747895,0.934416,1.0154094
2025-01-01 19:24:00,0.88185465,0.9757236,0.88716185,0.9542671,0.9011381,0.9837353,0.90044695,0.9585718,0.91991836,0.9951295,0.9184344,0.9736573,0.9246161,1.0014191,0.9216261,0.97441936,0.9317336,1.0217822,0.94705683,0.9747941,0.9344225,1.0154178
2025-01-01 19:25:00,0.88185114,0.975718,0.88715434,0.9542579,0.90112746,0.9837235,0.9004344,0.95855886,0.91990525,0.9951168,0.91842234,0.97364634,0.92460644,1.0014111,0.92161995,0.97441524,0.9317317,1.0217824,0.9470592,0.9747987,0.93442905,1.0154263
2025-01-01 19:26:00,0.88184756,0.97571236,0.8871468,0.9542486,0.9011168,0.98371166,0.90042174,0.9585458,0.9198922,0.995104,0.91841024,0.9736353,0.9245968,1.0014031,0.9216138,0.9744112,0.9317298,1.0217828,0.9470618,0.9748034,0.9344358,1.0154347
2025-01-01 19:27:00,0.8818439,0.97570664,0.8871391,0.95423925,0.901106,0.9836998,0.9004091,0.95853275,0.9198791,0.99509126,0.91839826,0.97362435,0.9245872,1.0013952,0.92160773,0.9744072,0.93172795,1.0217831,0.9470644,0.9748081,0.9344425,1.0154433
2025-01-01 19:28:00,0.8818402,0.9757009,0.88713145,0.9542299,0.9010952,0.9836879,0.90039647,0.9585197,0.919866,0.99507856,0.9183862,0.97361344,0.92457765,1.0013872,0.9216018,0.97440326,0.93172616,1.0217836,0.947067,0.9748129,0.9344493,1.0154519
2025-01-01 19:29:00,0.8818365,0.9756951,0.8871237,0.95422053,0.9010844,0.983676,0.90038383,0.95850664,0.919853,0.99506587,0.9183743,0.97360253,0.9245682,1.0013795,0.9215958,0.9743993,0.9317245,1.0217841,0.94706976,0.97481775,0.9344561,1.0154605
2025-01-01 19:30:00,0.88204545,0.9770856,0.8874285,0.95557445,0.90107447,0.9842561,0.8999665,0.95936906,0.9187454,0.99536395,0.9172635,0.97401375,0.9228266,1.0010523,0.9196861,0.9742848,0.9296606,1.0207422,0.94427454,0.9743032,0.93152714,1.0142244
2025-01-01 19:31:00,0.8821799,0.97798723,0.88762385,0.9564512,0.90106416,0.9846289,0.89969075,0.9599251,0.91802084,0.99555326,0.91653734,0.97427726,0.9216913,1.0008368,0.91844267,0.9742091,0.92831856,1.0200651,0.94245875,0.9739705,0.9296257,1.013424
2025-01-01 19:32:00,0.88226587,0.97857124,0.88774806,0.9570177,0.90105367,0.98486704,0.8995071,0.96028197,0.91754544,0.9956719,0.91606116,0.97444475,0.92095006,1.0006942,0.9176325,0.9741586,0.9274457,1.0196252,0.9412795,0.973756,0.92839223,1.0129069
2025-01-01 19:33:00,0.8823204,0.97894865,0.88782597,0.9573826,0.90104294,0.98501766,0.89938325,0.9605093,0.9172318,0.99574465,0.9157476,0.9745499,0.920465,1.0005988,0.91710395,0.9741245,0.9268779,1.0193397,0.94051397,0.9736184,0.927593,1.0125738
2025-01-01 19:34:00,0.8823543,0.97919184,0.8878738,0.9576164,0.90103215,0.9851113,0.89929825,0.96065253,0.91702336,0.9957875,0.91553956,0.9746145,0.9201465,1.0005342,0.91675836,0.9741011,0.9265083,1.0191543,0.9400175,0.9735307,0.92707604,1.0123605
2025-01-01 19:35:00,0.88237494,0.9793477,0.8879021,0.9577649,0.90102124,0.98516786,0.8992385,0.960741,0.91688335,0.9958109,0.9154002,0.9746527,0.91993624,1.0004896,0.9165318,0.97408473,0.9262676,1.0190341,0.9396959,0.97347564,0.9267425,1.012225
2025-01-01 19:36:00,0.88238686,0.9794469,0.88791764,0.9578581,0.9010103,0.98520046,0.8991953,0.960794,0.9167878,0.9958218,0.9153056,0.97467387,0.9197964,1.000458,0.9163826,0.9740729,0.9261108,1.0189565,0.939488,0.97344166,0.9265282,1.01214
2025-01-01 19:37:00,0.8823931,0.97950906,0.88792485,0.9579152,0.90099925,0.9852174,0.89916265,0.9608238,0.9167211,0.9958244,0.91523993,0.97468394,0.91970235,1.0004349,0.9162837,0.974064,0.92600846,1.0189064,0.939354,0.9734215,0.92639154,1.012088
2025-01-01 19:38:00,0.8823957,0.9795473,0.8879267,0.95794886,0.90098816,0.9852241,0.89913696,0.96083856,0.91667324,0.9958217,0.9151932,0.9746868,0.919638,1.0004174,0.9162176,0.9740571,0.9259415,1.018874,0.93926805,0.97341025,0.92630523,1.0120574
2025-01-01 19:39:00,0.8823958,0.9795699,0.8879249,0.95796734,0.9009771,0.98522425,0.8991158,0.9608436,0.9166376,0.9958156,0.9151587,0.974685,0.919593,1.0004033,0.91617274,0.9740515,0.92589766,1.0188535,0.9392134,0.9734048,0.92625177,1.0120406
2025-01-01 19:40:00,0.8823943,0.9795823,0.8879209,0.95797586,0.9009659,0.9852201,0.89909756,0.9608423,0.9166098,0.99580723,0.9151322,0.9746801,0.9195606,1.0003916,0.91614175,0.9740467,0.9258688,1.0188407,0.93917906,0.9734033,0.92621964,1.012033
2025-01-01 19:41:00,0.88239175,0.9795881,0.88791543,0.9579779,0.9009547,0.9852131,0.8990812,0.9608368,0.91658723,0.99579746,0.91511095,0.9746733,0.9195365,1.0003816,0.91611975,0.9740425,0.92584974,1.0188328,0.93915796,0.9734042,0.92620134,1.0120312
2025-01-01 19:42:00,0.88238853,0.9795896,0.8879089,0.95797575,0.9009435,0.9852042,0.8990661,0.9608288,0.91656804,0.9957867,0.915093,0.9746652,0.9195176,1.0003726,0.9161036,0.97403866,0.925837,1.018828,0.93914545,0.97340673,0.9261921,1.0120332
2025-01-01 19:43:00,0.8823848,0.9795882,0.88790166,0.95797086,0.90093225,0.9851942,0.8990517,0.9608189,0.916551,0.9957754,0.9150773,0.97465634,0.91950226,1.0003642,0.9160914,0.97403514,0.92582846,1.0188255,0.9391386,0.9734104,0.92618877,1.012038
2025-01-01 19:44:00,0.8823807,0.979585,0.88789403,0.9579642,0.900921,0.9851834,0.8990379,0.96080786,0.9165354,0.9957637,0.91506314,0.9746469,0.9194892,1.0003562,0.9160816,0.97403175,0.9258226,1.0188245,0.9391354,0.9734148,0.92618924,1.0120442
2025-01-01 19:45:00,0.8823765,0.9795805,0.88788605,0.9579563,0.90090966,0.98517203,0.89902437,0.9607961,0.91652066,0.99575174,0.9150498,0.9746372,0.9194776,1.0003487,0.9160735,0.9740286,0.9258186,1.0188242,0.93913466,0.97341967,0.9261922,1.0120516
2025-01-01 19:46:00,0.8823721,0.97957534,0.8878779,0.9579476,0.90089834,0.98516035,0.8990111,0.9607839,0.9165066,0.99573964,0.91503716,0.9746273,0.9194671,1.0003413,0.9160665,0.9740255,0.92581576,1.0188246,0.93913543,0.97342485,0.92619693,1.0120596
2025-01-01 19:47:00,0.88236743,0.9795695,0.8878696,0.95793843,0.90088695,0.98514843,0.8989979,0.9607714,0.91649294,0.99572736,0.91502494,0.97461736,0.91945714,1.000334,0.9160602,0.9740225,0.9258137,1.0188254,0.9391373,0.9734303,0.9262026,1.0120682
2025-01-01 19:48:00,0.8823627,0.9795633,0.88786113,0.9579289,0.90087557,0.9851364,0.8989848,0.9607586,0.9164795,0.9957151,0.91501296,0.9746072,0.91944766,1.000327,0.9160544,0.97401965,0.9258122,1.0188265,0.9391399,0.9734359,0.9262091,1.012077
2025-01-01 19:49:00,0.88235795,0.9795569,0.8878526,0.95791906,0.9008642,0.98512423,0.8989718,0.9607458,0.9164663,0.99570286,0.9150012,0.97459716,0.9194385,1.00032,0.916049,0.97401685,0.92581105,1.0188279,0.93914294,0.97344166,0.92621607,1.012086
2025-01-01 19:50:00,0.8823531,0.97955024,0.88784397,0.9579091,0.90085274,0.98511195,0.8989588,0.9607329,0.9164532,0.9956905,0.9149896,0.974587,0.91942954,1.000313,0.91604376,0.9740141,0.92581016,1.0188295,0.93914634,0.9734475,0.92622334,1.0120953
2025-01-01 19:51:00,0.8823482,0.9795435,0.8878353,0.95789903,0.90084124,0.9850996,0.8989458,0.9607199,0.9164402,0.99567825,0.914978,0.97457695,0.9194207,1.0003062,0.9160387,0.9740114,0.92580944,1.0188311,0.9391499,0.97345346,0.9262309,1.0121047
2025-01-01 19:52:00,0.88234323,0.97953665,0.8878266,0.9578889,0.90082973,0.9850873,0.8989329,0.96070683,0.9164272,0.99566597,0.9149665,0.9745669,0.919412,1.0002996,0.91603386,0.9740088,0.92580885,1.0188328,0.9391536,0.9734594,0.9262386,1.0121142
2025-01-01 19:53:00,0.88233817,0.97952974,0.8878178,0.95787865,0.9008182,0.9850749,0.89891994,0.9606938,0.91641426,0.9956537,0.91495514,0.9745568,0.9194035,1.0002928,0.9160291,0.97400624,0.9258084,1.0188347,0.93915755,0.9734655,0.92624646,1.0121238
2025-01-01 19:54:00,0.8823331,0.9795227,0.887809,0.9578684,0.90080667,0.9850624,0.89890695,0.96068066,0.9164013,0.9956414,0.91494375,0.9745468,0.91939497,1.0002862,0.9160244,0.97400373,0.9258081,1.0188366,0.9391616,0.97347164,0.92625433,1.0121335
2025-01-01 19:55:00,0.8823279,0.9795156,0.8878001,0.957858,0.9007951,0.98504996,0.898894,0.96066755,0.91638845,0.99562913,0.9149324,0.9745368,0.91938645,1.0002795,0.91601974,0.9740013,0.9258078,1.0188386,0.93916565,0.97347784,0.9262623,1.0121431
2025-01-01 19:56:00,0.8823227,0.97950846,0.8877912,0.9578476,0.9007835,0.9850375,0.898881,0.96065444,0.91637564,0.9956169,0.9149212,0.9745268,0.9193781,1.000273,0.9160152,0.9739989,0.9258076,1.0188407,0.9391698,0.9734841,0.92627037,1.0121529
2025-01-01 19:57:00,0.8823175,0.97950125,0.8877822,0.95783716,0.90077186,0.98502505,0.898868,0.9606414,0.91636276,0.9956047,0.91490996,0.97451687,0.91936976,1.0002666,0.9160107,0.9739966,0.9258075,1.0188427,0.93917406,0.97349036,0.92627853,1.0121627
2025-01-01 19:58:00,0.8823122,0.979494,0.8877732,0.9578267,0.9007602,0.98501253,0.89885503,0.9606283,0.91634995,0.9955925,0.91489875,0.974507,0.9193615,1.0002601,0.91600627,0.9739943,0.9258074,1.0188448,0.9391784,0.97349674,0.92628676,1.0121725
2025-01-01 19:59:00,0.8823068,0.9794867,0.8877642,0.9578162,0.9007485,0.985,0.89884204,0.96061516,0.91633713,0.9955803,0.9148876,0.97449714,0.9193532,1.0002537,0.9160019,0.97399205,0.92580736,1.0188471,0.93918276,0.9735031,0.926295,1.0121824
2025-01-01 20:00:00,0.8815897,0.980192,0.887101,0.9584839,0.8997284,0.98488307,0.89739966,0.9607583,0.91418844,0.9951605,0.91278595,0.9741996,0.9165854,0.9992433,0.9131751,0.973214,0.9227943,1.0171365,0.9354883,0.97236395,0.92253107,1.0103614
2025-01-01 20:01:00,0.8811217,0.98064786,0.8866667,0.9589142,0.8990612,0.9848026,0.89645755,0.96084684,0.9127873,0.9948835,0.911416,0.97400284,0.9147834,0.99858445,0.91133624,0.97270745,0.92083585,1.0160254,0.9330885,0.9716258,0.9200874,1.0091814
2025-01-01 20:02:00,0.8808155,0.98094153,0.8863812,0.9591902,0.8986234,0.98474586,0.8958406,0.9608998,0.91187215,0.99469906,0.9105217,0.9738716,0.9136093,0.99815404,0.9101396,0.9723776,0.919563,1.0153041,0.93153024,0.9711483,0.91850203,1.0084177
2025-01-01 20:03:00,0.8806145,0.98112977,0.8861924,0.9593658,0.8983347,0.9847046,0.89543504,0.96092963,0.9112728,0.9945751,0.90993655,0.97378284,0.9128434,0.9978721,0.90936035,0.9721625,0.91873574,1.0148362,0.930519,0.9708403,0.9174745,1.0079249
2025-01-01 20:04:00,0.8804819,0.9812495,0.8860664,0.9594762,0.8981429,0.9846733,0.8951668,0.9609444,0.9108788,0.9944902,0.90955234,0.9737218,0.9123428,0.9976868,0.9088524,0.97202206,0.9181981,1.0145329,0.92986333,0.97064245,0.9168096,1.0076082
2025-01-01 20:05:00,0.8803936,0.98132455,0.8859812,0.9595442,0.898014,0.9846486,0.8949879,0.9609494,0.9106182,0.9944309,0.90929884,0.97367877,0.9120146,0.9975642,0.9085209,0.9719301,0.9178489,1.0143367,0.9294388,0.9705162,0.91638047,1.0074059
2025-01-01 20:06:00,0.88033426,0.98137075,0.8859226,0.9595846,0.89792615,0.98462814,0.8948671,0.96094817,0.9104444,0.99438816,0.9091302,0.97364753,0.91179854,0.9974825,0.90830404,0.9718697,0.91762197,1.0142101,0.92916465,0.9704365,0.9161045,1.0072778
2025-01-01 20:07:00,0.8802936,0.981398,0.8858812,0.95960706,0.8978648,0.9846103,0.894784,0.9609428,0.91032696,0.9943562,0.9090168,0.9736239,0.9116553,0.9974272,0.9081617,0.97182995,0.91747475,1.0141288,0.9289881,0.97038716,0.9159282,1.0071982
2025-01-01 20:08:00,0.8802651,0.98141295,0.8858509,0.95961785,0.8978208,0.98459435,0.8947254,0.96093476,0.9102462,0.99433124,0.90893924,0.97360516,0.9115596,0.9973893,0.9080678,0.9718035,0.91737926,1.014077,0.9288751,0.97035754,0.9158166,1.0071502
2025-01-01 20:09:00,0.8802445,0.98142,0.8858279,0.9596211,0.897788,0.9845795,0.89468265,0.96092486,0.9101893,0.9943108,0.90888506,0.9735897,0.9114946,0.99736255,0.90800554,0.9717857,0.9173174,1.0140442,0.9288034,0.97034067,0.9157471,1.0071225
2025-01-01 20:10:00,0.880229,0.9814217,0.8858096,0.95961934,0.8977624,0.9845654,0.89465034,0.96091396,0.91014785,0.9942934,0.90884614,0.9735764,0.91144973,0.99734324,0.9079638,0.9717737,0.91727746,1.014024,0.92875856,0.9703322,0.915705,1.007108
2025-01-01 20:11:00,0.8802168,0.9814201,0.88579434,0.95961434,0.8977416,0.9845518,0.89462477,0.9609022,0.9101165,0.99427795,0.90881705,0.97356457,0.9114179,0.99732864,0.9079354,0.97176534,0.9172518,1.0140119,0.9287312,0.97032917,0.9156808,1.0071024
2025-01-01 20:12:00,0.88020664,0.9814163,0.8857811,0.95960724,0.8977239,0.98453844,0.8946036,0.96089005,0.9100917,0.9942637,0.90879434,0.9735536,0.9113945,0.9973172,0.9079156,0.97175944,0.9172354,1.0140051,0.9287152,0.97032964,0.91566813,1.0071021
2025-01-01 20:13:00,0.880198,0.9814109,0.88576907,0.9595988,0.8977081,0.9845253,0.8945852,0.96087766,0.9100712,0.9942504,0.90877587,0.9735432,0.9113767,0.9973078,0.9079016,0.97175515,0.91722506,1.0140017,0.9287066,0.9703325,0.915663,1.0071057
2025-01-01 20:14:00,0.88019013,0.98140466,0.88575786,0.95958936,0.89769363,0.9845123,0.89456874,0.96086496,0.91005343,0.9942376,0.90876013,0.9735332,0.9113625,0.99729973,0.9078912,0.9717519,0.9172187,1.0140008,0.9287029,0.97033685,0.9156629,1.0071117
2025-01-01 20:15:00,0.8801828,0.98139775,0.88574713,0.9595794,0.89768,0.98449934,0.8945534,0.96085215,0.9100375,0.99422514,0.9087462,0.9735236,0.9113507,0.99729264,0.9078833,0.9717494,0.9172149,1.0140013,0.92870235,0.9703423,0.91566586,1.0071193
2025-01-01 20:16:00,0.8801759,0.98139036,0.8857368,0.9595691,0.8976669,0.98448646,0.8945389,0.96083933,0.9100228,0.994213,0.9087335,0.97351414,0.9113404,0.997286,0.907877,0.9717474,0.9172128,1.0140026,0.92870384,0.9703483,0.91567105,1.0071279
2025-01-01 20:17:00,0.8801691,0.9813827,0.88572663,0.95955837,0.8976541,0.98447365,0.8945248,0.96082646,0.9100088,0.9942009,0.9087215,0.9735048,0.9113312,0.9972798,0.9078718,0.97174567,0.9172118,1.0140047,0.9287067,0.9703548,0.91567755,1.0071372
2025-01-01 20:18:00,0.8801625,0.98137486,0.8857165,0.9595475,0.89764154,0.9844608,0.8945111,0.96081346,0.9099954,0.994189,0.90871006,0.97349554,0.9113226,0.997274,0.90786725,0.9717442,0.9172116,1.0140073,0.92871046,0.97036165,0.915685,1.007147
2025-01-01 20:19:00,0.8801559,0.98136675,0.8857065,0.95953655,0.8976291,0.98444796,0.89449763,0.9608005,0.9099822,0.99417716,0.9086989,0.9734864,0.9113145,0.9972684,0.90786314,0.9717428,0.9172119,1.0140102,0.9287149,0.9703687,0.91569304,1.007157
2025-01-01 20:20:00,0.88014936,0.98135865,0.88569653,0.9595255,0.89761674,0.98443514,0.8944843,0.96078753,0.9099693,0.9941655,0.90868807,0.97347736,0.91130674,0.99726284,0.9078594,0.9717417,0.91721255,1.0140132,0.9287197,0.9703759,0.9157015,1.0071672
2025-01-01 20:21:00,0.8801428,0.98135036,0.8856866,0.9595143,0.8976044,0.98442227,0.894471,0.96077454,0.9099566,0.99415374,0.90867734,0.9734683,0.91129917,0.9972574,0.90785587,0.97174066,0.91721344,1.0140164,0.9287248,0.9703832,0.9157103,1.0071776
2025-01-01 20:22:00,0.88013625,0.9813421,0.88567656,0.9595032,0.8975921,0.98440945,0.89445776,0.9607616,0.9099439,0.9941421,0.90866673,0.97345936,0.9112918,0.99725205,0.90785253,0.97173965,0.9172145,1.0140197,0.92873013,0.9703907,0.9157192,1.0071882
2025-01-01 20:23:00,0.8801296,0.98133373,0.8856665,0.95949197,0.89757985,0.9843966,0.89444464,0.9607486,0.9099313,0.99413055,0.90865624,0.9734505,0.9112845,0.9972469,0.9078493,0.97173876,0.9172157,1.0140232,0.92873555,0.9703981,0.9157283,1.0071987
2025-01-01 20:24:00,0.88012296,0.98132527,0.8856565,0.95948064,0.8975675,0.9843837,0.8944315,0.9607357,0.9099188,0.9941189,0.9086458,0.97344166,0.91127735,0.9972418,0.9078463,0.9717379,0.917217,1.0140268,0.92874116,0.9704057,0.91573745,1.0072095
2025-01-01 20:25:00,0.8801163,0.9813168,0.8856464,0.9594693,0.89755523,0.9843708,0.89441836,0.9607227,0.9099063,0.9941074,0.90863544,0.97343284,0.9112702,0.9972367,0.90784323,0.9717372,0.91721845,1.0140305,0.9287468,0.9704133,0.91574675,1.0072203
2025-01-01 20:26:00,0.88010955,0.9813083,0.8856363,0.95945793,0.8975429,0.9843579,0.89440525,0.96070975,0.90989393,0.99409586,0.9086251,0.9734241,0.91126317,0.9972317,0.9078403,0.9717365,0.91721994,1.0140342,0.92875254,0.9704211,0.91575605,1.007231
2025-01-01 20:27:00,0.88010275,0.9812997,0.8856262,0.95944655,0.89753056,0.984345,0.89439213,0.9606968,0.90988153,0.9940844,0.9086149,0.9734154,0.91125625,0.9972267,0.90783745,0.9717359,0.91722155,1.014038,0.9287583,0.97042876,0.9157654,1.0072418
2025-01-01 20:28:00,0.88009596,0.98129106,0.885616,0.9594351,0.8975182,0.9843321,0.894379,0.9606839,0.90986913,0.994073,0.9086047,0.9734067,0.91124934,0.9972218,0.9078347,0.9717353,0.91722316,1.0140418,0.9287642,0.9704366,0.9157749,1.0072527
2025-01-01 20:29:00,0.88008904,0.9812824,0.8856058,0.95942366,0.8975059,0.9843192,0.8943659,0.96067095,0.9098568,0.9940615,0.9085945,0.97339803,0.9112425,0.99721694,0.90783197,0.97173476,0.9172249,1.0140456,0.9287702,0.97044444,0.91578436,1.0072637
2025-01-01 20:30:00,0.8784587,0.9812902,0.8839865,0.9593935,0.895494,0.98350716,0.89192414,0.96009284,0.9067054,0.9929313,0.9055393,0.9723975,0.9074976,0.9955413,0.90413845,0.9703071,0.913316,1.0116973,0.92424214,0.96870124,0.9112524,1.0048902
2025-01-01 20:31:00,0.87739646,0.9812922,0.8829302,0.95936984,0.8941819,0.98297477,0.89033246,0.95971256,0.9046527,0.9921927,0.90354985,0.9717441,0.90506107,0.9944504,0.9017368,0.969379,0.910776,1.0101724,0.9213011,0.967571,0.90831,1.0033513
2025-01-01 20:32:00,0.8767036,0.98129034,0.88224006,0.9593504,0.89332473,0.9826241,0.88929325,0.95946085,0.9033141,0.99170864,0.90225327,0.97131646,0.903475,0.9937397,0.90017486,0.9687757,0.9091256,1.0091826,0.9193916,0.96683913,0.9064008,1.0023549
2025-01-01 20:33:00,0.8762507,0.98128605,0.88178784,0.9593337,0.89276314,0.9823917,0.8886132,0.9592928,0.90243983,0.99139005,0.901407,0.97103566,0.9024418,0.99327624,0.8991588,0.96838343,0.90805364,1.0085406,0.9181526,0.9663663,0.9051633,1.0017111
2025-01-01 20:34:00,0.8759538,0.98128015,0.8814902,0.9593188,0.89239377,0.9822361,0.8881666,0.95917904,0.9018672,0.99117905,0.9008534,0.9708501,0.9017679,0.9929734,0.8984975,0.96812844,0.9073576,1.008125,0.9173494,0.9660618,0.9043623,1.0012965
2025-01-01 20:35:00,0.87575823,0.9812732,0.8812931,0.95930505,0.8921493,0.9821304,0.8878717,0.9591006,0.9014908,0.99103796,0.9004901,0.97072667,0.9013276,0.99277496,0.8980669,0.9679627,0.90690595,1.0078562,0.9168296,0.9658667,0.9038451,1.0010309
2025-01-01 20:36:00,0.8756286,0.9812654,0.8811613,0.959292,0.891986,0.98205715,0.8876754,0.9590451,0.90124184,0.99094236,0.9002505,0.9706435,0.9010392,0.9926444,0.8977862,0.9678549,0.9066131,1.0076832,0.9164939,0.9657428,0.90351236,1.0008624
2025-01-01 20:37:00,0.8755418,0.98125726,0.8810719,0.9592794,0.89187545,0.982005,0.88754326,0.9590046,0.9010757,0.9908764,0.9000914,0.9705866,0.9008495,0.9925581,0.897603,0.9677849,0.90642357,1.0075722,0.916278,0.96566516,0.9032995,1.0007565
2025-01-01 20:38:00,0.87548274,0.98124874,0.8810102,0.95926714,0.8917992,0.98196656,0.8874528,0.95897377,0.90096354,0.9908295,0.8999845,0.9705468,0.90072405,0.99250054,0.89748317,0.9677394,0.90630114,1.0075016,0.9161399,0.96561766,0.9031646,1.0006918
2025-01-01 20:39:00,0.87544173,0.98124003,0.8809663,0.959255,0.89174527,0.981937,0.8873894,0.9589492,0.90088636,0.9907952,0.89991164,0.970518,0.90064025,0.99246156,0.89740455,0.9677099,0.9062224,1.0074573,0.91605246,0.96558964,0.9030805,1.0006536
2025-01-01 20:40:00,0.87541246,0.98123115,0.880934,0.95924306,0.8917058,0.98191315,0.8873436,0.9589288,0.900832,0.990769,0.89986086,0.9704965,0.90058357,0.99243486,0.89735276,0.9676908,0.9061721,1.00743,0.9159979,0.9655744,0.90302926,1.0006326
2025-01-01 20:41:00,0.8753908,0.9812221,0.8809093,0.9592311,0.8916757,0.9818932,0.88730925,0.95891106,0.9007924,0.99074817,0.8998245,0.97047967,0.9005446,0.992416,0.8973184,0.9676785,0.90614027,1.007414,0.9159648,0.96556747,0.90299946,1.000623
2025-01-01 20:42:00,0.87537414,0.981213,0.8808895,0.95921916,0.89165175,0.9818756,0.8872823,0.9588951,0.9007625,0.99073076,0.8997975,0.970466,0.9005171,0.9924023,0.8972954,0.9676706,0.9061205,1.0074052,0.9159456,0.9655659,0.90298367,1.0006207
2025-01-01 20:43:00,0.87536055,0.98120373,0.88087285,0.9592073,0.8916317,0.98185956,0.88726026,0.95888025,0.9007388,0.9907156,0.8997766,0.9704543,0.90049714,0.992392,0.89727986,0.9676656,0.9061085,1.0074011,0.91593546,0.9655679,0.9029769,1.0006232
2025-01-01 20:44:00,0.8753491,0.98119456,0.88085824,0.9591954,0.8916143,0.98184466,0.88724136,0.9588661,0.9007193,0.990702,0.89975965,0.97044396,0.9004821,0.992384,0.89726907,0.9676625,0.90610164,1.0074002,0.9159313,0.9655722,0.90297604,1.0006288
2025-01-01 20:45:00,0.87533885,0.9811852,0.880845,0.9591835,0.8915986,0.98183036,0.8872245,0.9588525,0.90070236,0.9906893,0.8997453,0.9704344,0.9004702,0.9923774,0.8972615,0.9676607,0.9060981,1.0074012,0.9159309,0.96557796,0.9029791,1.0006365
2025-01-01 20:46:00,0.8753295,0.98117584,0.8808326,0.9591716,0.89158386,0.9818165,0.88720894,0.95883924,0.90068716,0.9906772,0.89973265,0.97042555,0.9004604,0.99237174,0.89725596,0.9676598,0.9060969,1.0074036,0.91593313,0.96558475,0.9029846,1.0006455
2025-01-01 20:47:00,0.87532073,0.9811664,0.8808207,0.95915973,0.8915699,0.9818029,0.8871943,0.9588262,0.9006731,0.99066556,0.8997211,0.9704171,0.900452,0.99236673,0.8972518,0.9676593,0.906097,1.007407,0.915937,0.96559227,0.9029918,1.0006554
2025-01-01 20:48:00,0.8753122,0.98115695,0.8808091,0.95914775,0.8915564,0.98178947,0.88718015,0.95881325,0.90065986,0.99065423,0.89971036,0.97040886,0.9004445,0.9923622,0.8972486,0.9676593,0.9060981,1.0074109,0.9159419,0.9656002,0.90300006,1.0006658
2025-01-01 20:49:00,0.875304,0.98114747,0.88079786,0.95913583,0.89154315,0.98177624,0.88716644,0.95880044,0.90064704,0.9906431,0.89970005,0.9704008,0.9004376,0.99235797,0.897246,0.9676595,0.90609986,1.0074152,0.9159476,0.9656084,0.90300906,1.0006765
2025-01-01 20:50:00,0.8752958,0.981138,0.88078666,0.95912385,0.8915301,0.98176306,0.88715297,0.9587877,0.9006346,0.9906321,0.89969015,0.97039294,0.90043116,0.9923539,0.8972438,0.9676599,0.906102,1.0074197,0.91595376,0.9656169,0.9030185,1.0006876
2025-01-01 20:51:00,0.8752877,0.9811284,0.8807755,0.9591118,0.8915171,0.98174983,0.8871396,0.9587749,0.90062237,0.9906212,0.89968044,0.9703852,0.900425,0.9923501,0.8972419,0.9676604,0.90610445,1.0074245,0.91596025,0.9656255,0.9030283,1.0006989
2025-01-01 20:52:00,0.87527966,0.9811188,0.8807644,0.95909977,0.89150417,0.9817367,0.8871264,0.9587622,0.90061027,0.99061036,0.8996709,0.9703775,0.900419,0.99234635,0.89724016,0.96766114,0.9061072,1.0074295,0.915967,0.9656342,0.90303826,1.0007104
2025-01-01 20:53:00,0.87527156,0.98110914,0.88075334,0.9590877,0.8914913,0.98172355,0.8871133,0.95874965,0.9005982,0.9905996,0.89966154,0.9703699,0.9004132,0.99234277,0.8972386,0.9676619,0.90611005,1.0074346,0.91597396,0.96564305,0.90304846,1.0007218
2025-01-01 20:54:00,0.87526345,0.9810994,0.88074225,0.9590757,0.89147854,0.9817105,0.88710016,0.9587371,0.90058637,0.9905889,0.8996522,0.97036237,0.9004075,0.9923392,0.8972372,0.9676628,0.906113,1.0074396,0.915981,0.96565187,0.90305877,1.0007333
2025-01-01 20:55:00,0.87525535,0.9810897,0.8807311,0.9590636,0.89146566,0.9816974,0.8870871,0.9587245,0.9005745,0.99057823,0.89964294,0.9703549,0.9004019,0.9923357,0.8972359,0.96766376,0.9061161,1.007445,0.9159881,0.9656608,0.9030691,1.0007449
2025-01-01 20:56:00,0.8752472,0.98107994,0.88072,0.95905143,0.89145285,0.98168427,0.887074,0.9587119,0.9005627,0.9905676,0.89963377,0.97034746,0.90039635,0.9923323,0.8972346,0.9676648,0.90611935,1.0074502,0.9159953,0.9656698,0.9030795,1.0007566
2025-01-01 20:57:00,0.875239,0.98107016,0.8807089,0.95903933,0.8914401,0.9816712,0.887061,0.95869935,0.90055096,0.9905571,0.89962465,0.97034013,0.90039086,0.99232894,0.8972334,0.96766585,0.9061225,1.0074556,0.9160026,0.9656789,0.90309,1.0007683
2025-01-01 20:58:00,0.8752308,0.9810603,0.8806977,0.9590271,0.8914273,0.9816581,0.887048,0.9586868,0.9005393,0.9905466,0.8996156,0.9703328,0.9003855,0.99232566,0.89723235,0.967667,0.90612584,1.0074611,0.91600996,0.965688,0.90310055,1.0007801
2025-01-01 20:59:00,0.8752225,0.98105043,0.8806865,0.95901495,0.8914144,0.981645,0.887035,0.9586743,0.9005276,0.9905361,0.8996066,0.9703255,0.90038013,0.99232244,0.8972313,0.96766824,0.90612924,1.0074666,0.91601735,0.9656971,0.90311116,1.0007918
2025-01-01 21:00:00,0.87270784,0.9803608,0.87814015,0.95828724,0.8884466,0.98015255,0.8836375,0.9573848,0.8964296,0.9887157,0.89565235,0.96863943,0.89572495,0.99001133,0.8927369,0.96561635,0.9013945,1.0045223,0.91073656,0.9633809,0.89789206,0.9979081
2025-01-01 21:01:00,0.8710704,0.979909,0.87648106,0.9578099,0.88651305,0.97917795,0.88142455,0.9565424,0.8937618,0.9875288,0.89307904,0.96754104,0.8926972,0.98850805,0.88981533,0.96428317,0.8983181,1.0026107,0.9073067,0.96187854,0.8945034,0.99603784
2025-01-01 21:02:00,0.8700031,0.9796118,0.8753987,0.9574954,0.8852517,0.9785398,0.87998164,0.9559904,0.8920237,0.98675376,0.89140326,0.9668246,0.89072746,0.9875299,0.887916,0.9634171,0.8963198,1.0013702,0.90507984,0.96090525,0.89230454,0.9948263
2025-01-01 21:03:00,0.8693063,0.9794151,0.8746911,0.9572866,0.8844273,0.97812045,0.87903917,0.95562726,0.8908899,0.98624635,0.89031094,0.9663565,0.88944536,0.986893,0.8866812,0.9628547,0.89502215,1.0005658,0.90363514,0.96027595,0.89087903,0.994043
2025-01-01 21:04:00,0.86885047,0.97928375,0.8742272,0.9571466,0.88388693,0.9778433,0.8784221,0.95538694,0.89014894,0.985913,0.8895979,0.9660498,0.88861024,0.9864781,0.8858784,0.9624896,0.89418006,1.000045,0.9026988,0.9598702,0.88995624,0.99353796
2025-01-01 21:05:00,0.8685511,0.97919476,0.8739217,0.9570512,0.88353115,0.9776585,0.8780165,0.95522636,0.88966334,0.9856927,0.88913137,0.96584797,0.8880657,0.98620737,0.8853563,0.9622529,0.89363396,0.99970853,0.90209293,0.95960975,0.8893603,0.99321395
2025-01-01 21:06:00,0.8683535,0.97913337,0.8737191,0.95698494,0.8832954,0.9775338,0.87774825,0.95511764,0.8893436,0.98554593,0.8888251,0.96571445,0.88771003,0.9860305,0.88501686,0.9620997,0.8932803,0.99949193,0.90170187,0.95944387,0.8889767,0.9930075
2025-01-01 21:07:00,0.86822206,0.9790899,0.8735834,0.95693755,0.88313764,0.9774482,0.8775694,0.95504266,0.88913184,0.985447,0.888623,0.9656252,0.88747716,0.9859146,0.88479596,0.9620007,0.8930519,0.99935323,0.9014504,0.95933926,0.8887312,0.9928775
2025-01-01 21:08:00,0.8681335,0.97905797,0.87349117,0.9569024,0.88303053,0.97738796,0.8774486,0.9549896,0.8889902,0.9853791,0.8884887,0.9655649,0.88732415,0.98583835,0.8846523,0.961937,0.8929048,0.99926513,0.90128976,0.9592747,0.88857543,0.9927972
2025-01-01 21:09:00,0.86807287,0.97903365,0.8734272,0.9568752,0.8829564,0.9773442,0.87736565,0.9549508,0.8888942,0.9853315,0.88839835,0.96552336,0.887223,0.98578787,0.8845588,0.96189624,0.89281064,0.9992101,0.9011881,0.9592361,0.888478,0.9927492
2025-01-01 21:10:00,0.86803037,0.9790142,0.8733815,0.95685315,0.8829037,0.9773112,0.8773072,0.95492136,0.8888278,0.98529696,0.8883367,0.965494,0.8871557,0.9857542,0.8844979,0.96187043,0.89275086,0.99917644,0.9011248,0.9592144,0.8884186,0.9927223
2025-01-01 21:11:00,0.8679997,0.97899795,0.8733478,0.9568345,0.8828649,0.97728515,0.8772647,0.9548979,0.8887807,0.9852711,0.8882937,0.9654726,0.88711035,0.9857314,0.88445824,0.96185434,0.8927134,0.99915665,0.9010865,0.9592036,0.8883838,0.992709
2025-01-01 21:12:00,0.86797655,0.9789837,0.87332183,0.956818,0.88283515,0.9772636,0.87723255,0.95487833,0.88874614,0.9852507,0.88826275,0.9654564,0.88707924,0.98571587,0.8844324,0.9618446,0.8926906,0.99914604,0.9010644,0.9592,0.88836503,0.9927045
2025-01-01 21:13:00,0.8679584,0.9789708,0.8733009,0.9568029,0.88281125,0.97724503,0.87720716,0.95486134,0.88871974,0.9852341,0.88823974,0.9654436,0.8870575,0.9857049,0.8844155,0.961839,0.89267725,0.9991414,0.90105295,0.95920116,0.8883568,0.9927059
2025-01-01 21:14:00,0.8679435,0.9789588,0.8732832,0.9567887,0.88279116,0.9772284,0.87718624,0.9548461,0.8886987,0.9852198,0.8882219,0.965433,0.8870418,0.985697,0.88440454,0.96183616,0.89267004,0.99914056,0.90104836,0.95920527,0.8883553,0.992711
2025-01-01 21:15:00,0.8679306,0.9789473,0.87326765,0.95677507,0.8827736,0.97721297,0.87716806,0.95483184,0.88868105,0.985207,0.88820744,0.9654239,0.88703,0.985691,0.8843974,0.961835,0.89266694,0.9991422,0.90104824,0.9592114,0.88835824,0.9927186
2025-01-01 21:16:00,0.867919,0.9789361,0.8732534,0.95676184,0.88275754,0.9771984,0.8771518,0.9548183,0.8886657,0.9851953,0.88819516,0.9654157,0.8870209,0.98568636,0.8843928,0.9618351,0.8926664,0.9991456,0.90105104,0.95921886,0.8883641,0.9927278
2025-01-01 21:17:00,0.8679083,0.97892517,0.87324005,0.95674884,0.88274264,0.97718436,0.87713677,0.9548054,0.88865185,0.98518425,0.8881843,0.9654082,0.8870135,0.9856826,0.8843899,0.961836,0.8926677,0.9991501,0.9010558,0.95922714,0.88837177,0.99273807
2025-01-01 21:18:00,0.86789817,0.97891426,0.8732272,0.956736,0.88272834,0.9771706,0.8771225,0.9547927,0.888639,0.9851737,0.8881744,0.9654011,0.8870072,0.9856795,0.884388,0.96183735,0.8926701,0.9991552,0.9010619,0.9592361,0.8883807,0.99274904
2025-01-01 21:19:00,0.86788833,0.97890353,0.8732147,0.9567232,0.8827145,0.9771571,0.8771088,0.95478016,0.88862675,0.98516345,0.8881651,0.9653944,0.8870016,0.98567677,0.88438684,0.96183914,0.89267325,0.99916095,0.9010687,0.9592453,0.8883905,0.9927605
2025-01-01 21:20:00,0.86787874,0.97889274,0.87320244,0.9567105,0.8827009,0.9771437,0.8770954,0.9547678,0.8886149,0.9851533,0.8881563,0.9653878,0.8869965,0.9856743,0.8843862,0.96184117,0.8926769,0.9991669,0.90107614,0.9592549,0.8884008,0.99277216
2025-01-01 21:21:00,0.8678692,0.9788821,0.8731904,0.9566979,0.88268757,0.9771305,0.8770822,0.9547556,0.8886034,0.9851434,0.8881478,0.96538144,0.88699186,0.985672,0.8843859,0.9618434,0.89268094,0.9991731,0.9010839,0.9592646,0.88841146,0.9927841
2025-01-01 21:22:00,0.8678598,0.9788713,0.87317836,0.9566852,0.8826743,0.97711724,0.8770692,0.95474344,0.88859206,0.98513365,0.8881395,0.9653752,0.8869874,0.9856699,0.8843858,0.9618457,0.89268523,0.99917954,0.90109193,0.9592745,0.88842237,0.9927962
2025-01-01 21:23:00,0.86785036,0.9788605,0.87316644,0.9566725,0.8826611,0.97710407,0.87705624,0.95473135,0.8885808,0.98512393,0.8881313,0.96536905,0.8869831,0.9856679,0.884386,0.96184814,0.8926897,0.9991861,0.9011002,0.9592844,0.88843346,0.99280834
2025-01-01 21:24:00,0.867841,0.97884977,0.8731545,0.95665985,0.882648,0.97709095,0.8770434,0.9547193,0.8885698,0.98511434,0.8881233,0.9653629,0.886979,0.98566604,0.8843863,0.9618507,0.8926943,0.9991927,0.90110856,0.95929444,0.88844466,0.9928205
2025-01-01 21:25:00,0.8678315,0.978839,0.87314254,0.9566472,0.8826349,0.9770779,0.8770306,0.95470726,0.88855875,0.98510474,0.88811535,0.9653569,0.88697493,0.9856642,0.88438666,0.9618533,0.89269894,0.9991995,0.9011171,0.9593045,0.888456,0.9928328
2025-01-01 21:26:00,0.86782205,0.97882813,0.87313056,0.9566345,0.88262177,0.97706485,0.87701786,0.95469534,0.88854784,0.9850952,0.8881074,0.9653509,0.886971,0.9856625,0.8843871,0.96185607,0.8927038,0.99920636,0.90112567,0.9593147,0.8884673,0.9928451
2025-01-01 21:27:00,0.86781263,0.9788173,0.87311864,0.9566219,0.8826087,0.9770518,0.8770052,0.95468336,0.88853693,0.9850858,0.8880996,0.965345,0.8869671,0.98566085,0.8843876,0.9618588,0.8927086,0.9992133,0.90113425,0.95932496,0.8884787,0.99285746
2025-01-01 21:28:00,0.8678031,0.97880644,0.87310666,0.9566092,0.8825956,0.97703874,0.8769925,0.95467144,0.8885261,0.98507637,0.88809186,0.9653392,0.88696337,0.98565924,0.8843882,0.96186167,0.89271355,0.9992202,0.901143,0.9593352,0.8884902,0.99286985
2025-01-01 21:29:00,0.86779356,0.97879547,0.8730947,0.95659643,0.88258255,0.9770257,0.8769799,0.9546596,0.8885153,0.98506695,0.8880842,0.9653334,0.8869597,0.98565775,0.8843889,0.96186453,0.8927186,0.9992272,0.9011518,0.95934546,0.8885017,0.99288225
2025-01-01 21:30:00,0.8644397,0.97742045,0.8696664,0.95518446,0.87871176,0.9748794,0.87268716,0.9526819,0.8835438,0.98258877,0.88330156,0.9629922,0.8814773,0.9827527,0.87917393,0.9592254,0.8872424,0.99573976,0.89521235,0.95649755,0.8826886,0.9895402
2025-01-01 21:31:00,0.86225635,0.9765228,0.8674339,0.95426214,0.87619114,0.97347975,0.86989254,0.95139235,0.8803086,0.98097473,0.88019013,0.96146846,0.8779126,0.98086387,0.87578446,0.95751107,0.88368464,0.99347544,0.8913548,0.95465,0.878914,0.9873722
2025-01-01 21:32:00,0.86083376,0.97593546,0.8659785,0.95365816,0.8745482,0.9725654,0.8680716,0.95054996,0.8782021,0.97992235,0.8781651,0.96047604,0.87559426,0.9796357,0.87358165,0.9563979,0.88137394,0.9920061,0.88885057,0.95345277,0.87646466,0.98596746
2025-01-01 21:33:00,0.8599056,0.97554976,0.8650282,0.95326114,0.8734757,0.97196656,0.86688364,0.9499983,0.8768291,0.9792352,0.87684625,0.9598291,0.87408614,0.978837,0.8721502,0.9556754,0.8798739,0.9910536,0.887226,0.95267826,0.8748767,0.9850587
2025-01-01 21:34:00,0.8592989,0.9752952,0.86440635,0.9529986,0.87277395,0.9715727,0.86610705,0.9496357,0.87593293,0.9787853,0.87598646,0.95940673,0.87310475,0.97831744,0.8712201,0.95520693,0.8789007,0.99043703,0.8861732,0.9521785,0.87384856,0.98447245
2025-01-01 21:35:00,0.8589011,0.9751258,0.8639978,0.9528234,0.8723132,0.9713122,0.86559784,0.94939584,0.8753467,0.9784897,0.87542504,0.9591303,0.87246567,0.97797936,0.87061596,0.9549036,0.8782701,0.9900389,0.885492,0.9518574,0.8731844,0.98409575
2025-01-01 21:36:00,0.8586391,0.9750118,0.863728,0.9527051,0.87200916,0.97113836,0.8652625,0.94923586,0.87496203,0.9782944,0.8750575,0.95894873,0.87204915,0.97775924,0.87022364,0.9547077,0.87786204,0.98978263,0.8850525,0.9516523,0.87275684,0.9838553
2025-01-01 21:37:00,0.85846525,0.97493374,0.86354834,0.95262367,0.8718069,0.9710207,0.8650401,0.9491278,0.8747083,0.97816426,0.8748161,0.9588288,0.8717773,0.97761583,0.86996907,0.9545815,0.8775988,0.98961866,0.88477004,0.95152277,0.87248296,0.98370343
2025-01-01 21:38:00,0.85834885,0.97487915,0.86342734,0.95256627,0.87167096,0.9709398,0.8648913,0.94905347,0.87453973,0.9780766,0.87465674,0.95874906,0.8715995,0.9775223,0.8698041,0.9545007,0.87742966,0.98951477,0.8845896,0.95144224,0.8723091,0.9836091
2025-01-01 21:39:00,0.85826963,0.9748396,0.8633444,0.9525244,0.871578,0.97088265,0.86479014,0.94900113,0.87442654,0.97801644,0.8745506,0.9586954,0.87148285,0.9774612,0.8696974,0.95444936,0.87732166,0.98944986,0.88447565,0.9513937,0.87220025,0.98355216
2025-01-01 21:40:00,0.8582147,0.97481,0.86328614,0.9524928,0.8715129,0.97084093,0.86472,0.94896305,0.87434936,0.9779743,0.8744791,0.95865875,0.87140596,0.9774212,0.8696285,0.9544173,0.8772534,0.98941034,0.8844047,0.9513659,0.8721336,0.9835196
2025-01-01 21:41:00,0.85817546,0.97478676,0.863244,0.9524677,0.8714661,0.97080934,0.86467016,0.94893426,0.8742956,0.97794384,0.8744302,0.9586332,0.871355,0.97739494,0.8695842,0.95439774,0.8772111,0.98938733,0.884362,0.9513515,0.87209445,0.98350286
2025-01-01 21:42:00,0.8581464,0.9747677,0.8632123,0.9524468,0.87143105,0.9707842,0.8646334,0.9489115,0.87425697,0.9779209,0.87439597,0.95861477,0.87132084,0.97737765,0.86955595,0.95438635,0.87718564,0.98937505,0.8843374,0.951346,0.87207323,0.9834964
2025-01-01 21:43:00,0.85812396,0.9747513,0.8631873,0.95242876,0.8714037,0.9707634,0.86460507,0.94889265,0.8742283,0.97790295,0.8743713,0.95860106,0.8712976,0.9773662,0.8695382,0.9543802,0.8771711,0.98936975,0.8843248,0.9513462,0.8720636,0.98349667
2025-01-01 21:44:00,0.8581058,0.97473663,0.8631668,0.95241255,0.8713813,0.9707453,0.86458236,0.94887644,0.87420607,0.97788835,0.8743528,0.95859045,0.87128156,0.9773585,0.8695272,0.95437765,0.8771637,0.9893691,0.88431984,0.95135015,0.87206143,0.9835013
2025-01-01 21:45:00,0.85809046,0.9747231,0.86314917,0.9523974,0.87136215,0.97072905,0.86456335,0.9488619,0.87418807,0.9778757,0.8743384,0.95858186,0.8712702,0.9773534,0.86952066,0.9543773,0.87716097,0.9893714,0.88431996,0.95135653,0.87206423,0.9835087
2025-01-01 21:46:00,0.8580769,0.9747103,0.8631334,0.95238304,0.8713451,0.970714,0.8645466,0.9488484,0.87417287,0.97786456,0.8743267,0.9585746,0.87126184,0.9773498,0.86951697,0.9543785,0.8771613,0.9893757,0.8843234,0.95136446,0.8720703,0.983518
2025-01-01 21:47:00,0.8580645,0.97469795,0.8631187,0.9523692,0.8713294,0.9706996,0.86453146,0.9488357,0.8741594,0.9778543,0.8743167,0.95856816,0.87125546,0.97734743,0.86951524,0.95438063,0.87716365,0.9893812,0.884329,0.9513735,0.8720785,0.98352855
2025-01-01 21:48:00,0.8580528,0.9746859,0.8631049,0.95235574,0.87131464,0.97068584,0.8645173,0.94882345,0.8741471,0.97784466,0.8743079,0.9585624,0.8712505,0.9773457,0.8695148,0.95438343,0.87716734,0.9893876,0.884336,0.9513832,0.87208796,0.9835398
2025-01-01 21:49:00,0.8580416,0.97467405,0.86309147,0.95234233,0.87130046,0.9706723,0.86450374,0.94881153,0.8741357,0.9778354,0.8742998,0.958557,0.87124634,0.9773445,0.86951524,0.95438665,0.8771719,0.9893946,0.8843439,0.95139337,0.8720983,0.98355156
2025-01-01 21:50:00,0.8580307,0.97466224,0.8630785,0.95232916,0.87128663,0.970659,0.8644907,0.94879985,0.8741247,0.9778265,0.87429225,0.9585519,0.8712428,0.9773436,0.86951613,0.9543902,0.877177,0.9894019,0.88435245,0.95140386,0.87210935,0.9835637
2025-01-01 21:51:00,0.8580199,0.9746505,0.8630656,0.95231605,0.87127316,0.9706459,0.864478,0.9487883,0.8741141,0.9778177,0.87428504,0.95854694,0.8712397,0.97734296,0.8695175,0.95439404,0.8771825,0.9894095,0.8843614,0.95141447,0.8721207,0.98357606
2025-01-01 21:52:00,0.8580093,0.9746388,0.8630529,0.95230293,0.87125975,0.97063285,0.86446536,0.9487769,0.8741037,0.97780913,0.8742781,0.95854217,0.87123686,0.9773426,0.8695191,0.954398,0.87718827,0.98941725,0.8843707,0.9514254,0.8721323,0.9835885
2025-01-01 21:53:00,0.85799867,0.97462714,0.86304027,0.9522899,0.87124646,0.9706199,0.8644529,0.9487655,0.87409353,0.97780067,0.87427133,0.9585376,0.8712342,0.9773423,0.86952084,0.9544021,0.8771942,0.98942524,0.8843801,0.95143634,0.87214416,0.98360115
2025-01-01 21:54:00,0.85798806,0.9746154,0.86302763,0.9522768,0.8712332,0.970607,0.86444056,0.94875425,0.8740834,0.97779226,0.87426466,0.958533,0.8712317,0.97734207,0.8695228,0.95440626,0.87720037,0.9894333,0.88438976,0.95144737,0.8721561,0.98361385
2025-01-01 21:55:00,0.85797757,0.9746038,0.8630151,0.9522639,0.87122005,0.9705941,0.8644283,0.948743,0.87407345,0.9777839,0.8742581,0.9585285,0.8712293,0.97734195,0.86952484,0.95441055,0.8772066,0.9894414,0.8843994,0.9514584,0.8721681,0.98362654
2025-01-01 21:56:00,0.85796696,0.97459203,0.8630025,0.95225084,0.8712069,0.9705813,0.86441606,0.94873184,0.87406355,0.97777563,0.87425166,0.95852417,0.871227,0.97734195,0.869527,0.95441484,0.87721294,0.9894496,0.8844092,0.95146954,0.8721803,0.9836393
2025-01-01 21:57:00,0.8579564,0.97458035,0.86298996,0.95223784,0.87119377,0.9705685,0.86440384,0.9487207,0.87405366,0.9777674,0.8742452,0.9585199,0.8712248,0.977342,0.86952925,0.9544193,0.8772194,0.9894579,0.884419,0.95148075,0.8721924,0.9836522
2025-01-01 21:58:00,0.8579458,0.9745686,0.8629774,0.95222485,0.87118065,0.9705557,0.86439174,0.9487096,0.8740439,0.9777593,0.87423897,0.95851564,0.87122273,0.9773421,0.8695316,0.9544238,0.8772259,0.9894662,0.8844289,0.95149195,0.87220454,0.983665
2025-01-01 21:59:00,0.8579352,0.9745568,0.8629648,0.9522118,0.8711676,0.9705429,0.86437964,0.9486985,0.87403417,0.9777512,0.8742327,0.9585114,0.87122065,0.9773423,0.86953396,0.9544283,0.87723243,0.9894746,0.8844389,0.9515032,0.87221676,0.98367786
2025-01-01 22:00:00,0.85380185,0.9725209,0.85871613,0.9501405,0.8664628,0.967781,0.8592685,0.9460679,0.86827797,0.9746593,0.8687069,0.9555567,0.8650089,0.9738948,0.8636914,0.9512487,0.8711125,0.98550594,0.877947,0.9481744,0.86591345,0.9799365
2025-01-01 22:01:00,0.8511115,0.9711934,0.85595006,0.9487895,0.8634002,0.9659813,0.8559421,0.9443543,0.86453307,0.9726468,0.865113,0.9536348,0.8609706,0.97165406,0.85989463,0.9491836,0.8671369,0.9829292,0.8737308,0.9460146,0.8618205,0.9775091
2025-01-01 22:02:00,0.8493589,0.9703263,0.8541477,0.94790685,0.8614049,0.96480703,0.8537757,0.9432366,0.8620955,0.9713359,0.8627749,0.9523841,0.85834503,0.97019774,0.85742766,0.94784296,0.8645552,0.98125744,0.8709938,0.94461477,0.85916454,0.9759358
2025-01-01 22:03:00,0.84821594,0.96975857,0.8529717,0.9473285,0.8601034,0.9640394,0.85236335,0.94250625,0.8605078,0.97048104,0.8612531,0.95156986,0.8566379,0.9692513,0.85582507,0.94697326,0.86287946,0.98017377,0.86921835,0.94370884,0.85744244,0.9749177
2025-01-01 22:04:00,0.8474692,0.9693853,0.8522029,0.94694793,0.8592528,0.9635359,0.85144114,0.9420277,0.85947245,0.9699227,0.8602618,0.95103925,0.85552764,0.9686363,0.85478437,0.9464097,0.8617926,0.9794724,0.8680679,0.943124,0.8563274,0.9742605
2025-01-01 22:05:00,0.84698004,0.96913856,0.85169876,0.9466961,0.8586954,0.96320426,0.8508375,0.94171286,0.85879624,0.96955705,0.85961545,0.950693,0.8548054,0.96823674,0.8541089,0.9460451,0.86108863,0.9790196,0.86732364,0.9427479,0.855607,0.97383785
2025-01-01 22:06:00,0.8466583,0.968974,0.8513666,0.9465278,0.8583285,0.96298426,0.85044104,0.9415045,0.8583534,0.9693167,0.85919327,0.9504667,0.85433537,0.96797734,0.8536709,0.9458099,0.8606335,0.97872835,0.8668435,0.9425074,0.85514295,0.97356755
2025-01-01 22:07:00,0.84644526,0.9688628,0.85114616,0.9464138,0.85808545,0.9628368,0.85017914,0.9413652,0.85806227,0.9691578,0.8589168,0.9503183,0.8540294,0.96780896,0.8533872,0.94565874,0.8603401,0.97854215,0.866535,0.94235516,0.8548458,0.9733965
2025-01-01 22:08:00,0.846303,0.9687863,0.85099846,0.9463352,0.8579229,0.96273655,0.85000473,0.94127095,0.8578698,0.96905184,0.85873514,0.9502206,0.85383,0.96769977,0.85320383,0.9455623,0.8601519,0.9784242,0.8663381,0.9422602,0.854657,0.9732898
2025-01-01 22:09:00,0.84620667,0.9687324,0.850898,0.9462795,0.8578127,0.962667,0.84988725,0.941206,0.8577414,0.9689803,0.8586151,0.95015585,0.8536999,0.96762913,0.85308576,0.9455014,0.860032,0.9783506,0.8662138,0.94220257,0.85453856,0.973225
2025-01-01 22:10:00,0.84614015,0.96869314,0.85082823,0.9462387,0.85773647,0.96261734,0.8498067,0.94115996,0.85765475,0.96893114,0.8585351,0.95011246,0.8536149,0.9675835,0.85301006,0.94546366,0.8599566,0.97830594,0.8661366,0.9421692,0.85446596,0.97318745
2025-01-01 22:11:00,0.84609306,0.96866333,0.8507784,0.94620764,0.8576824,0.9625806,0.84975034,0.9411263,0.8575952,0.96889657,0.85848117,0.95008314,0.8535592,0.9675542,0.852962,0.94544095,0.8599102,0.97828,0.8660901,0.9421516,0.85442317,0.97316754
2025-01-01 22:12:00,0.8460586,0.96863973,0.85074157,0.9461828,0.85764265,0.9625524,0.8497096,0.9411008,0.8575533,0.9688716,0.8584442,0.9500628,0.85352254,0.9675355,0.85293186,0.9454281,0.8598825,0.9782663,0.86606354,0.9421442,0.8543997,0.9731592
2025-01-01 22:13:00,0.84603226,0.9686201,0.8507131,0.9461621,0.8576123,0.9625297,0.849679,0.94108045,0.85752285,0.96885276,0.8584183,0.9500485,0.85349834,0.96752375,0.8529134,0.94542164,0.8598671,0.9782606,0.86605,0.9421435,0.85438883,0.9731583
2025-01-01 22:14:00,0.8460113,0.9686031,0.8506901,0.94614404,0.857588,0.9625105,0.8496549,0.9410636,0.8574999,0.9688379,0.8583995,0.950038,0.85348225,0.9675165,0.8529026,0.9454193,0.85985965,0.9782601,0.8660449,0.94214714,0.8543862,0.97316223
2025-01-01 22:15:00,0.8459937,0.9685878,0.8506707,0.9461277,0.85756767,0.9624937,0.84963524,0.9410489,0.85748184,0.96882576,0.85838544,0.9500301,0.8534714,0.96751225,0.85289675,0.9454197,0.8598574,0.9782629,0.8660453,0.94215363,0.85438883,0.9731694
2025-01-01 22:16:00,0.8459784,0.9685736,0.8506536,0.9461126,0.8575499,0.9624784,0.8496184,0.94103575,0.85746694,0.96881527,0.8583745,0.95002383,0.853464,0.96750987,0.8528942,0.94542193,0.8598586,0.97826797,0.86604923,0.9421619,0.85439503,0.97317857
2025-01-01 22:17:00,0.84596443,0.9685601,0.850638,0.9460981,0.8575338,0.9624641,0.84960335,0.9410235,0.8574542,0.96880597,0.85836554,0.95001864,0.8534589,0.9675088,0.8528937,0.94542533,0.85986197,0.9782745,0.86605555,0.9421715,0.85440344,0.9731891
2025-01-01 22:18:00,0.84595144,0.968547,0.8506233,0.9460841,0.85751885,0.96245044,0.8495895,0.94101197,0.85744274,0.96879745,0.8583579,0.95001423,0.8534553,0.9675086,0.85289466,0.9454295,0.8598668,0.978282,0.86606336,0.9421818,0.8544133,0.9732005
2025-01-01 22:19:00,0.84593904,0.96853423,0.8506093,0.94607043,0.85750455,0.96243715,0.8495765,0.9410008,0.85743225,0.96878946,0.8583511,0.9500103,0.8534527,0.967509,0.8528966,0.9454342,0.8598726,0.9782901,0.8660723,0.94219273,0.8544241,0.9732125
2025-01-01 22:20:00,0.84592694,0.9685216,0.85059565,0.94605696,0.8574907,0.9624242,0.84956396,0.94099,0.85742235,0.96878177,0.85834503,0.9500067,0.8534507,0.96750975,0.8528991,0.9454393,0.859879,0.9782986,0.8660818,0.942204,0.8544356,0.9732248
2025-01-01 22:21:00,0.84591514,0.9685091,0.8505823,0.9460436,0.85747725,0.9624114,0.8495518,0.9409793,0.85741276,0.9687743,0.85833925,0.9500034,0.8534492,0.96751076,0.85290194,0.9454446,0.85988593,0.9783075,0.8660917,0.94221544,0.8544475,0.97323745
2025-01-01 22:22:00,0.8459035,0.9684966,0.85056907,0.9460304,0.85746396,0.96239877,0.8495399,0.94096875,0.8574036,0.9687671,0.85833377,0.9500002,0.85344803,0.96751195,0.8529052,0.9454501,0.8598931,0.9783165,0.86610204,0.94222707,0.85445964,0.9732502
2025-01-01 22:23:00,0.84589195,0.9684842,0.85055596,0.94601715,0.8574507,0.96238625,0.84952813,0.9409583,0.8573945,0.96875995,0.85832846,0.94999725,0.853447,0.9675133,0.8529087,0.94545573,0.85990053,0.9783257,0.8661125,0.9422388,0.854472,0.9732631
2025-01-01 22:24:00,0.84588045,0.9684718,0.85054296,0.946004,0.8574377,0.9623738,0.84951645,0.94094807,0.85738564,0.96875286,0.85832334,0.94999427,0.8534462,0.9675148,0.85291225,0.9454615,0.8599081,0.978335,0.86612314,0.9422506,0.85448444,0.973276
2025-01-01 22:25:00,0.84586895,0.9684594,0.8505299,0.9459908,0.8574247,0.9623614,0.8495049,0.94093776,0.8573768,0.96874595,0.8583183,0.94999146,0.85344553,0.9675164,0.852916,0.94546735,0.8599158,0.97834444,0.86613387,0.9422625,0.854497,0.973289
2025-01-01 22:26:00,0.8458574,0.968447,0.8505169,0.9459777,0.8574117,0.96234894,0.8494934,0.94092757,0.8573682,0.96873903,0.85831344,0.94998866,0.85344493,0.9675181,0.8529198,0.94547325,0.85992354,0.9783539,0.86614466,0.9422744,0.85450965,0.97330207
2025-01-01 22:27:00,0.8458459,0.96843463,0.8505039,0.9459646,0.8573987,0.96233666,0.84948194,0.94091743,0.85735947,0.96873224,0.8583086,0.94998604,0.85344446,0.9675199,0.8529237,0.9454792,0.8599314,0.9783634,0.86615556,0.94228643,0.85452235,0.97331506
2025-01-01 22:28:00,0.8458343,0.96842223,0.850491,0.94595146,0.8573858,0.9623243,0.84947056,0.9409073,0.8573509,0.9687255,0.85830384,0.9499834,0.853444,0.9675217,0.8529277,0.9454853,0.8599393,0.978373,0.8661665,0.9422984,0.854535,0.9733281
2025-01-01 22:29:00,0.8458228,0.96840984,0.85047805,0.94593835,0.85737294,0.96231204,0.84945923,0.9408972,0.8573424,0.9687188,0.8582992,0.9499809,0.8534437,0.9675236,0.85293174,0.9454914,0.85994726,0.9783826,0.86617744,0.94231045,0.85454774,0.9733412
2025-01-01 22:30:00,0.84098375,0.9657495,0.8454845,0.9432447,0.8519182,0.9589839,0.8436208,0.9376607,0.8509041,0.96506876,0.85212886,0.9464655,0.8466134,0.9635954,0.8465658,0.941828,0.8532928,0.9740036,0.85924876,0.93856007,0.84786654,0.96926767
2025-01-01 22:31:00,0.83783424,0.96401596,0.8422342,0.9414892,0.8483681,0.9568164,0.83982176,0.9355535,0.8467163,0.96269387,0.84811664,0.94417965,0.8421737,0.9610428,0.8424294,0.939449,0.84897023,0.9711607,0.854749,0.9361266,0.8435282,0.9666245
2025-01-01 22:32:00,0.83578306,0.9628848,0.8401169,0.9403437,0.8460561,0.9554032,0.8373486,0.9341803,0.84399134,0.961148,0.84550714,0.94269305,0.8392879,0.9593844,0.8397422,0.9379049,0.84616345,0.9693163,0.8518281,0.93454903,0.8407127,0.964911
2025-01-01 22:33:00,0.83444566,0.9621451,0.8387361,0.93959445,0.84454876,0.95448035,0.835737,0.9332843,0.8422172,0.96014094,0.8438094,0.941726,0.83741206,0.9583072,0.8379971,0.9369035,0.84434193,0.9681208,0.84993345,0.9335279,0.8388873,0.9638018
2025-01-01 22:34:00,0.83357227,0.9616599,0.83783406,0.9391028,0.84356457,0.9538762,0.8346856,0.9326985,0.8410612,0.9594841,0.8427044,0.9410967,0.8361928,0.9576078,0.83686435,0.9362548,0.84316087,0.96734726,0.8487058,0.9328684,0.83770514,0.9630854
2025-01-01 22:35:00,0.8330005,0.9613402,0.8372432,0.9387787,0.84292036,0.9534793,0.8339984,0.9323143,0.8403069,0.959055,0.8419846,0.94068694,0.8354004,0.9571541,0.8361296,0.9358354,0.842396,0.9668479,0.8479118,0.93244404,0.83694124,0.9626243
2025-01-01 22:36:00,0.8326246,0.9611279,0.8368546,0.93856347,0.8424971,0.95321715,0.8335478,0.93206114,0.83981377,0.9587739,0.84151536,0.94041985,0.83488536,0.95685995,0.83565366,0.9355652,0.8419019,0.9665268,0.8473996,0.9321725,0.83644927,0.9623292
2025-01-01 22:37:00,0.83237624,0.9609855,0.8365974,0.9384189,0.84221756,0.95304245,0.833251,0.93189317,0.8394904,0.95858896,0.8412089,0.9402455,0.8345506,0.9566697,0.83534586,0.9353918,0.8415836,0.9663216,0.84707063,0.9320003,0.8361339,0.962142
2025-01-01 22:38:00,0.8322106,0.96088856,0.83642566,0.9383204,0.84203136,0.95292467,0.83305424,0.93178064,0.83927745,0.9584666,0.8410082,0.94013155,0.8343332,0.95654684,0.8351474,0.9352814,0.84137964,0.9661917,0.84686077,0.93189263,0.8359335,0.96202487
2025-01-01 22:39:00,0.83209884,0.96082115,0.8363095,0.93825185,0.8419059,0.95284396,0.8329225,0.93170416,0.83913624,0.958385,0.84087634,0.9400568,0.834192,0.95646787,0.8350201,0.935212,0.8412501,0.9661108,0.8467283,0.93182695,0.83580774,0.96195334
2025-01-01 22:40:00,0.832022,0.9607729,0.8362294,0.9382026,0.8418199,0.9527872,0.83283305,0.93165106,0.8390417,0.9583298,0.8407892,0.9400076,0.8341003,0.95641744,0.834939,0.9351693,0.8411689,0.9660618,0.8466462,0.93178856,0.8357305,0.96191144
2025-01-01 22:41:00,0.8319679,0.96073705,0.83617276,0.93816614,0.8417595,0.95274615,0.83277106,0.9316132,0.83897746,0.9582918,0.84073126,0.939975,0.8340409,0.9563856,0.834888,0.9351438,0.8411191,0.96603346,0.84659684,0.93176794,0.8356848,0.9618888
2025-01-01 22:42:00,0.83192855,0.9607094,0.8361314,0.9381378,0.8417159,0.95271534,0.832727,0.93158525,0.83893293,0.958265,0.8406922,0.9399532,0.83400244,0.9563659,0.83485645,0.9351297,0.8410897,0.9660186,0.84656876,0.9317589,0.83565956,0.9618786
2025-01-01 22:43:00,0.83189887,0.9606869,0.8360999,0.9381148,0.84168303,0.9526911,0.83269453,0.9315638,0.8389013,0.9582456,0.84066546,0.9399385,0.83397764,0.956354,0.83483773,0.93512297,0.84107375,0.96601254,0.84655446,0.93175733,0.83564776,0.96187663
2025-01-01 22:44:00,0.8318753,0.96066785,0.8360749,0.93809533,0.8416573,0.9526711,0.8326696,0.93154657,0.83887804,0.95823085,0.84064674,0.9399283,0.8339618,0.95634735,0.8348273,0.935121,0.8410664,0.9660122,0.8465492,0.9317606,0.8356446,0.9618799
2025-01-01 22:45:00,0.83185583,0.9606511,0.836054,0.9380781,0.84163606,0.952654,0.83264965,0.9315321,0.83886015,0.95821935,0.84063333,0.9399212,0.8339517,0.956344,0.83482224,0.9351222,0.8410647,0.9660156,0.84654987,0.9317671,0.8356471,0.96188664
2025-01-01 22:46:00,0.831839,0.9606357,0.8360359,0.9380623,0.8416178,0.95263875,0.8326329,0.93151945,0.8388459,0.9582098,0.8406233,0.939916,0.83394545,0.9563429,0.8348208,0.93512535,0.84106666,0.96602136,0.8465543,0.9317757,0.8356532,0.9618956
2025-01-01 22:47:00,0.83182377,0.96062124,0.8360195,0.93804747,0.8416016,0.9526246,0.8326183,0.9315079,0.838834,0.95820165,0.8406156,0.9399122,0.8339416,0.95634323,0.8348216,0.93512994,0.841071,0.96602875,0.84656125,0.9317856,0.83566177,0.961906
2025-01-01 22:48:00,0.8318097,0.9606074,0.8360043,0.9380333,0.84158665,0.9526113,0.83260506,0.9314972,0.8388236,0.9581944,0.8406093,0.9399092,0.83393943,0.9563445,0.8348239,0.9351354,0.84107697,0.9660372,0.8465698,0.93179643,0.83567184,0.9619174
2025-01-01 22:49:00,0.83179635,0.9605939,0.8359899,0.9380195,0.84157246,0.95259863,0.8325927,0.931487,0.8388142,0.9581877,0.840604,0.9399069,0.83393836,0.9563464,0.83482724,0.9351415,0.841084,0.96604633,0.84657943,0.93180776,0.83568287,0.9619294
2025-01-01 22:50:00,0.83178335,0.96058065,0.8359759,0.938006,0.84155893,0.9525862,0.832581,0.9314772,0.8388055,0.9581814,0.8405993,0.93990487,0.83393794,0.9563487,0.8348313,0.935148,0.8410917,0.9660559,0.8465898,0.93181956,0.8356947,0.9619417
2025-01-01 22:51:00,0.8317708,0.9605676,0.83596224,0.93799263,0.84154564,0.95257396,0.8325696,0.9314676,0.8387972,0.9581754,0.8405951,0.93990314,0.8339381,0.9563514,0.83483577,0.9351548,0.84109986,0.9660659,0.8466006,0.93183166,0.8357069,0.96195436
2025-01-01 22:52:00,0.8317583,0.96055466,0.83594877,0.9379794,0.8415327,0.952562,0.8325586,0.9314582,0.8387893,0.9581696,0.8405912,0.9399016,0.8339386,0.95635426,0.8348406,0.9351617,0.8411083,0.96607596,0.84661174,0.9318438,0.83571935,0.9619671
2025-01-01 22:53:00,0.8317459,0.9605417,0.8359354,0.9379663,0.84151983,0.95255005,0.83254766,0.9314489,0.8387816,0.958164,0.84058756,0.9399003,0.83393925,0.95635736,0.83484566,0.9351688,0.841117,0.96608627,0.84662306,0.9318562,0.835732,0.96198
2025-01-01 22:54:00,0.8317336,0.9605288,0.8359222,0.9379532,0.8415071,0.9525382,0.83253694,0.9314397,0.83877397,0.95815843,0.84058404,0.939899,0.83394015,0.9563605,0.8348508,0.9351761,0.84112585,0.9660967,0.84663457,0.9318686,0.83574474,0.961993
2025-01-01 22:55:00,0.8317213,0.9605159,0.83590895,0.9379401,0.84149444,0.95252645,0.83252627,0.9314306,0.8387666,0.958153,0.84058064,0.9398979,0.83394116,0.9563638,0.83485615,0.93518335,0.84113485,0.9661072,0.8466462,0.9318811,0.8357577,0.96200603
2025-01-01 22:56:00,0.8317091,0.96050304,0.8358958,0.93792707,0.84148186,0.95251477,0.8325158,0.9314215,0.83875924,0.95814764,0.8405773,0.9398968,0.8339423,0.95636714,0.8348616,0.93519074,0.8411439,0.96611774,0.8466578,0.9318936,0.8357706,0.962019
2025-01-01 22:57:00,0.8316968,0.96049017,0.8358826,0.9379141,0.84146935,0.9525031,0.8325052,0.9314126,0.838752,0.9581423,0.84057415,0.93989587,0.83394355,0.95637053,0.83486706,0.9351982,0.841153,0.9661283,0.84666955,0.93190616,0.83578354,0.9620321
2025-01-01 22:58:00,0.8316845,0.9604773,0.8358695,0.93790114,0.84145683,0.95249146,0.83249474,0.93140364,0.8387447,0.9581371,0.840571,0.939895,0.8339448,0.95637405,0.8348726,0.9352057,0.8411622,0.96613896,0.8466813,0.93191874,0.83579654,0.96204513
2025-01-01 22:59:00,0.8316723,0.9604645,0.83585644,0.93788815,0.84144443,0.9524799,0.8324844,0.93139476,0.8387376,0.95813197,0.84056795,0.93989414,0.83394617,0.9563776,0.83487827,0.93521327,0.8411715,0.9661497,0.8466931,0.9319313,0.8358096,0.9620582
2025-01-01 23:00:00,0.8262132,0.95722663,0.83020663,0.9346199,0.8353364,0.94864446,0.8260219,0.9276095,0.8317314,0.95398796,0.83386236,0.9358803,0.8266184,0.9520381,0.82810175,0.93113136,0.8341004,0.96143806,0.8394505,0.92782575,0.828869,0.95772463
2025-01-01 23:01:00,0.82266045,0.95511746,0.8265297,0.932491,0.8313618,0.94614744,0.8218177,0.92514604,0.82717496,0.95129263,0.82950276,0.93327105,0.82185596,0.94921875,0.8236991,0.9284808,0.8295075,0.95837927,0.834747,0.9251616,0.8243623,0.95491236
2025-01-01 23:02:00,0.82034683,0.953742,0.82413507,0.9311027,0.828774,0.94452035,0.81908137,0.9235417,0.8242108,0.94953895,0.8266681,0.9315749,0.81876093,0.9473875,0.82083946,0.92676073,0.8265255,0.95639485,0.83169395,0.9234343,0.82143736,0.953089
2025-01-01 23:03:00,0.81883866,0.9528435,0.82257396,0.93019575,0.82708764,0.94345874,0.81729925,0.9224959,0.8222818,0.94839746,0.8248246,0.9304722,0.81674975,0.9461985,0.8189828,0.9256454,0.8245905,0.9551088,0.8297136,0.9223161,0.8195408,0.95190835
2025-01-01 23:04:00,0.81785405,0.9522549,0.82155466,0.9296018,0.82598716,0.9427647,0.81613725,0.92181313,0.8210255,0.9476538,0.8236254,0.9297553,0.8154431,0.9454271,0.817778,0.9249232,0.82333606,0.9542767,0.82843053,0.92159367,0.81831264,0.9511455
2025-01-01 23:05:00,0.81720966,0.95186776,0.8208875,0.92921114,0.82526755,0.9423096,0.8153785,0.92136633,0.8202065,0.94716865,0.8228449,0.9292891,0.81459445,0.9449271,0.81699705,0.92445654,0.8225241,0.95373964,0.8276008,0.9211285,0.8175189,0.95065427
2025-01-01 23:06:00,0.8167865,0.95161164,0.8204493,0.92895275,0.8247955,0.9420099,0.81488174,0.92107296,0.8196719,0.94685173,0.8223368,0.928986,0.81404346,0.9446035,0.81649154,0.924156,0.8219996,0.9533945,0.82706565,0.9208306,0.8170075,0.9503395
2025-01-01 23:07:00,0.8165071,0.95144063,0.82015985,0.92878026,0.8244844,0.9418111,0.81455535,0.9208793,0.81932205,0.9466441,0.82200557,0.92878896,0.813686,0.94439465,0.8161651,0.9239635,0.8216621,0.95317394,0.8267221,0.9206415,0.8166797,0.9501394
2025-01-01 23:08:00,0.8163211,0.9513249,0.81996715,0.9286637,0.8242779,0.94167787,0.81433976,0.9207505,0.81909233,0.9465075,0.8217895,0.9286607,0.81345433,0.9442603,0.8159551,0.9238412,0.8214461,0.9530344,0.826503,0.920523,0.8164712,0.95001394
2025-01-01 23:09:00,0.81619585,0.9512451,0.81983733,0.9285834,0.82413936,0.9415874,0.8141961,0.92066383,0.81894076,0.9464172,0.8216482,0.92857736,0.8133045,0.94417447,0.81582075,0.9237645,0.82130915,0.9529476,0.82636476,0.92045045,0.81634027,0.949937
2025-01-01 23:10:00,0.8161101,0.9511888,0.81974834,0.9285267,0.82404506,0.9415246,0.81409925,0.9206046,0.8188399,0.9463569,0.8215555,0.9285231,0.8132078,0.94412017,0.8157357,0.92371756,0.8212235,0.95289516,0.82627916,0.9204078,0.81625974,0.94989145
2025-01-01 23:11:00,0.81604993,0.95114756,0.8196859,0.9284854,0.82397944,0.9414799,0.81403285,0.9205632,0.81877214,0.9463161,0.8214945,0.9284879,0.81314576,0.9440864,0.81568265,0.92368984,0.8211713,0.95286494,0.82622784,0.9203846,0.816212,0.9498665
2025-01-01 23:12:00,0.8160064,0.9511162,0.8196407,0.928454,0.8239325,0.94144696,0.81398624,0.92053336,0.8187258,0.94628817,0.8214541,0.92846495,0.8131062,0.944066,0.8156504,0.92367476,0.82114077,0.95284915,0.8261987,0.9203739,0.81618553,0.94985473
2025-01-01 23:13:00,0.81597376,0.9510913,0.8196068,0.9284291,0.82389784,0.9414216,0.8139525,0.9205111,0.8186935,0.94626844,0.82142705,0.92845005,0.81308126,0.94405425,0.8156317,0.92366785,0.82112443,0.95284283,0.82618403,0.9203715,0.8161729,0.9498517
2025-01-01 23:14:00,0.8159482,0.95107055,0.81958014,0.9284085,0.823871,0.9414013,0.8139272,0.92049384,0.81867033,0.94625413,0.82140875,0.92844045,0.8130659,0.94404817,0.8156218,0.92366624,0.8211173,0.9528427,0.8261787,0.9203744,0.8161693,0.94985425
2025-01-01 23:15:00,0.8159271,0.9510525,0.8195582,0.9283906,0.8238493,0.9413842,0.8139073,0.9204798,0.8186531,0.94624335,0.8213961,0.92843425,0.81305677,0.94404584,0.8156177,0.9236682,0.8211161,0.9528465,0.8261796,0.92038083,0.8161716,0.94986045
2025-01-01 23:16:00,0.815909,0.9510362,0.8195394,0.9283745,0.823831,0.94136924,0.813891,0.92046785,0.8186397,0.94623494,0.82138723,0.92843026,0.81305164,0.9440459,0.81561726,0.9236723,0.8211189,0.9528529,0.82618445,0.9203895,0.81617755,0.94986904
2025-01-01 23:17:00,0.8158929,0.9510211,0.8195226,0.9283596,0.8238149,0.9413556,0.813877,0.92045724,0.81862885,0.946228,0.8213808,0.9284278,0.81304926,0.94404763,0.81561935,0.92367804,0.8211242,0.95286113,0.8261919,0.9203996,0.8161861,0.94987917
2025-01-01 23:18:00,0.8158779,0.95100665,0.81950706,0.92834544,0.82380027,0.9413429,0.8138645,0.9204476,0.81861967,0.9462221,0.82137597,0.9284264,0.81304854,0.9440504,0.81562304,0.9236848,0.82113117,0.95287037,0.8262011,0.92041075,0.8161962,0.94989026
2025-01-01 23:19:00,0.8158638,0.95099276,0.81949246,0.92833185,0.82378656,0.9413308,0.8138531,0.9204385,0.81861156,0.9462169,0.8213722,0.92842555,0.813049,0.9440538,0.8156278,0.9236921,0.8211393,0.9528804,0.82621133,0.9204225,0.81620735,0.94990194
2025-01-01 23:20:00,0.8158502,0.9509791,0.8194784,0.9283185,0.8237734,0.9413191,0.8138423,0.9204298,0.81860423,0.9462121,0.8213691,0.9284252,0.81305027,0.94405776,0.81563336,0.92369986,0.82114804,0.95289093,0.8262223,0.9204346,0.8162192,0.94991416
2025-01-01 23:21:00,0.8158369,0.9509657,0.8194646,0.9283053,0.8237606,0.9413077,0.8138319,0.9204215,0.8185974,0.94620764,0.8213665,0.92842513,0.813052,0.944062,0.8156393,0.92370796,0.82115734,0.9529018,0.8262338,0.920447,0.8162315,0.94992656
2025-01-01 23:22:00,0.8158238,0.9509524,0.81945115,0.9282924,0.8237482,0.9412965,0.8138219,0.9204133,0.8185909,0.9462034,0.8213642,0.9284253,0.8130542,0.94406646,0.8156456,0.92371625,0.82116693,0.9529128,0.8262456,0.9204596,0.81624407,0.94993913
2025-01-01 23:23:00,0.81581086,0.9509392,0.8194378,0.9282795,0.82373595,0.9412855,0.81381214,0.9204053,0.81858456,0.9461993,0.8213622,0.9284256,0.8130566,0.94407105,0.8156521,0.9237247,0.82117677,0.952924,0.8262576,0.9204723,0.81625676,0.9499518
2025-01-01 23:24:00,0.815798,0.950926,0.81942457,0.9282667,0.8237238,0.9412745,0.8138025,0.92039746,0.8185785,0.94619536,0.82136035,0.9284261,0.81305915,0.9440759,0.81565875,0.9237333,0.8211868,0.9529353,0.82626975,0.92048514,0.81626976,0.94996464
2025-01-01 23:25:00,0.81578517,0.95091283,0.81941134,0.928254,0.82371175,0.9412636,0.81379294,0.92038965,0.8185725,0.94619155,0.8213587,0.9284267,0.8130618,0.9440808,0.8156656,0.92374194,0.8211969,0.95294666,0.82628196,0.920498,0.8162827,0.9499774
2025-01-01 23:26:00,0.8157724,0.9508997,0.8193983,0.9282413,0.82369983,0.9412528,0.8137835,0.9203819,0.8185666,0.9461878,0.8213571,0.9284273,0.8130646,0.9440858,0.8156726,0.92375064,0.8212071,0.9529581,0.82629424,0.9205109,0.8162957,0.9499902
2025-01-01 23:27:00,0.8157596,0.95088667,0.8193852,0.9282287,0.8236879,0.941242,0.8137741,0.9203742,0.81856084,0.9461841,0.8213555,0.928428,0.8130675,0.9440908,0.81567955,0.9237594,0.82121736,0.9529696,0.82630664,0.92052376,0.81630874,0.9500031
2025-01-01 23:28:00,0.81574684,0.95087355,0.81937206,0.92821604,0.823676,0.94123125,0.81376475,0.92036664,0.8185551,0.9461805,0.82135403,0.9284288,0.8130705,0.94409597,0.8156866,0.9237683,0.82122767,0.95298123,0.82631904,0.92053676,0.8163218,0.95001596
2025-01-01 23:29:00,0.8157341,0.9508605,0.81935906,0.92820346,0.8236642,0.9412206,0.8137555,0.9203591,0.8185495,0.946177,0.8213527,0.9284297,0.8130735,0.94410115,0.81569374,0.92377716,0.8212381,0.9529928,0.8263315,0.9205497,0.8163349,0.9500288
2025-01-01 23:30:00,0.80975366,0.9471039,0.813155,0.9244196,0.8170131,0.936947,0.80678594,0.9160936,0.81110185,0.9416143,0.8142332,0.9239898,0.8053807,0.93942904,0.8086293,0.9193502,0.8138783,0.94803363,0.8189059,0.91616356,0.8092605,0.9455135
2025-01-01 23:31:00,0.8058619,0.9446576,0.8091178,0.9219557,0.8126858,0.9341655,0.8022525,0.91331834,0.80625904,0.9386474,0.8096052,0.92110425,0.8003815,0.93639404,0.80403996,0.9164759,0.8090981,0.9448143,0.8140837,0.91331714,0.80466664,0.942583
2025-01-01 23:32:00,0.8033278,0.9430629,0.8064891,0.9203498,0.80986893,0.9323538,0.7993026,0.9115119,0.8031093,0.9367177,0.8065965,0.9192291,0.7971332,0.9344232,0.8010594,0.9146108,0.8059947,0.94272584,0.8109536,0.9114715,0.80168533,0.9406827
2025-01-01 23:33:00,0.8016761,0.9420217,0.8047759,0.91930157,0.8080339,0.9311726,0.79738206,0.9103352,0.8010601,0.93546236,0.80464053,0.9180106,0.795023,0.9331441,0.7991247,0.91340166,0.8039812,0.94137245,0.8089235,0.91027635,0.799752,0.939452
2025-01-01 23:34:00,0.800598,0.9413404,0.80365777,0.9186158,0.806837,0.9304011,0.79613054,0.9095678,0.79972625,0.93464524,0.8033688,0.91721904,0.7936526,0.9323146,0.79786974,0.91261894,0.8026761,0.94049686,0.8076083,0.9095041,0.7984999,0.9386565
2025-01-01 23:35:00,0.7998927,0.940893,0.8029264,0.91816574,0.806055,0.929896,0.7953139,0.9090665,0.79885745,0.934113,0.80254185,0.91670495,0.7927631,0.93177736,0.7970567,0.91211337,0.80183154,0.9399319,0.80675787,0.9090067,0.7976907,0.93814385
2025-01-01 23:36:00,0.79942983,0.94059753,0.8024465,0.91786885,0.80554265,0.92956406,0.79478,0.90873814,0.7982909,0.93376607,0.80200404,0.91637135,0.79218614,0.9314302,0.7965308,0.911788,0.80128634,0.9395688,0.8062095,0.90868795,0.7971692,0.93781507
2025-01-01 23:37:00,0.7991244,0.9404009,0.80213,0.91767144,0.8052056,0.92934465,0.79442984,0.90852225,0.7979209,0.93353945,0.8016542,0.916155,0.79181236,0.9312065,0.7961917,0.9115798,0.8009357,0.93933696,0.8058575,0.90848535,0.7968348,0.9376059
2025-01-01 23:38:00,0.7989214,0.9402685,0.80191976,0.9175388,0.8049825,0.92919844,0.79419917,0.90837944,0.79767865,0.93339115,0.8014266,0.91601485,0.7915707,0.9310632,0.79597396,0.9114477,0.8007116,0.9391904,0.80563307,0.9083582,0.7966221,0.93747437
2025-01-01 23:39:00,0.7987849,0.94017786,0.80177855,0.91744834,0.8048334,0.92909986,0.79404616,0.90828425,0.7975194,0.93329376,0.8012784,0.9159244,0.791415,0.930972,0.79583514,0.9113652,0.80056965,0.9390993,0.8054916,0.90828013,0.79648834,0.93739325
2025-01-01 23:40:00,0.7986917,0.9401144,0.8016823,0.9173851,0.8047325,0.92903215,0.7939437,0.9082199,0.7974142,0.93322945,0.80118185,0.9158661,0.7913151,0.93091476,0.7957476,0.9113148,0.8004812,0.93904424,0.8054041,0.90823394,0.796406,0.93734497
2025-01-01 23:41:00,0.7986266,0.9400684,0.8016152,0.9173397,0.8046629,0.9289845,0.793874,0.90817565,0.797344,0.93318665,0.8011189,0.91582876,0.7912514,0.93087965,0.79569346,0.9112854,0.8004275,0.93901265,0.80535173,0.9082085,0.79635704,0.9373181
2025-01-01 23:42:00,0.79857975,0.94003403,0.801567,0.9173059,0.8046136,0.9289501,0.79382575,0.90814453,0.79729676,0.93315786,0.80107784,0.9158051,0.7912114,0.9308589,0.795661,0.9112696,0.80039644,0.9389963,0.8053221,0.9081965,0.7963298,0.93730503
2025-01-01 23:43:00,0.7985448,0.94000715,0.80153126,0.91727954,0.8045776,0.92892414,0.7937913,0.90812194,0.79726434,0.93313825,0.80105096,0.9157904,0.79118687,0.9308475,0.7956426,0.91126263,0.80038005,0.93898994,0.80530727,0.9081933,0.7963166,0.9373009
2025-01-01 23:44:00,0.7985175,0.93998504,0.8015034,0.91725814,0.8045503,0.9289037,0.793766,0.90810484,0.7972416,0.9331246,0.8010334,0.91578144,0.79117227,0.9308422,0.7956335,0.9112615,0.80037326,0.93898994,0.80530214,0.9081958,0.79631263,0.93730277
2025-01-01 23:45:00,0.7984953,0.9399661,0.8014808,0.9172399,0.80452853,0.9288869,0.7937466,0.90809137,0.79722524,0.9331149,0.80102175,0.91577625,0.7911642,0.9308409,0.79563034,0.9112642,0.8003727,0.93899417,0.8053032,0.90820205,0.7963146,0.9373083
2025-01-01 23:46:00,0.7984763,0.93994915,0.8014617,0.9172238,0.8045104,0.9288725,0.793731,0.9080804,0.79721296,0.9331076,0.8010142,0.9157736,0.7911604,0.9308423,0.7956311,0.9112692,0.8003762,0.93900114,0.8053084,0.90821064,0.79632044,0.93731636
2025-01-01 23:47:00,0.79845935,0.9399336,0.8014447,0.917209,0.8044947,0.92885965,0.79371786,0.9080709,0.79720336,0.93310213,0.8010092,0.91577256,0.7911594,0.9308453,0.79563445,0.9112759,0.80038226,0.9390099,0.80531627,0.90822077,0.7963289,0.93732595
2025-01-01 23:48:00,0.79844385,0.9399189,0.8014292,0.91719514,0.8044805,0.9288478,0.7937065,0.9080624,0.79719555,0.93309766,0.80100584,0.9157726,0.7911602,0.93084943,0.79563946,0.9112837,0.8003902,0.93901986,0.8053258,0.90823203,0.79633886,0.9373366
2025-01-01 23:49:00,0.7984292,0.9399047,0.8014146,0.9171819,0.8044674,0.9288366,0.7936961,0.90805465,0.7971889,0.933094,0.8010037,0.9157734,0.79116225,0.9308544,0.79564553,0.91129214,0.8003992,0.9390306,0.8053365,0.9082439,0.79634994,0.93734795
2025-01-01 23:50:00,0.7984151,0.939891,0.80140066,0.917169,0.8044549,0.9288259,0.7936865,0.9080474,0.79718304,0.9330908,0.8010022,0.9157747,0.7911651,0.9308598,0.7956524,0.91130114,0.80040896,0.9390418,0.8053479,0.9082562,0.7963616,0.9373597
2025-01-01 23:51:00,0.7984014,0.93987745,0.8013871,0.91715634,0.80444294,0.9288155,0.79367733,0.9080404,0.79717773,0.93308794,0.8010013,0.9157763,0.7911685,0.9308656,0.7956597,0.9113104,0.8004192,0.9390533,0.80535984,0.90826875,0.7963738,0.9373717
2025-01-01 23:52:00,0.79838794,0.93986404,0.8013738,0.9171438,0.80443126,0.9288053,0.7936685,0.9080336,0.7971728,0.9330854,0.8010007,0.9157781,0.7911722,0.9308716,0.7956674,0.91131985,0.8004298,0.9390651,0.8053721,0.90828145,0.7963863,0.9373839
2025-01-01 23:53:00,0.79837465,0.93985075,0.80136067,0.91713154,0.80441976,0.9287953,0.79366,0.90802705,0.7971681,0.93308294,0.8010004,0.9157801,0.7911762,0.93087775,0.7956753,0.91132945,0.8004406,0.939077,0.8053846,0.9082944,0.7963989,0.9373962
2025-01-01 23:54:00,0.7983615,0.9398376,0.8013476,0.91711926,0.80440843,0.9287854,0.7936516,0.9080206,0.79716355,0.9330807,0.80100024,0.9157823,0.79118043,0.9308841,0.7956833,0.9113393,0.80045164,0.93908906,0.8053972,0.9083074,0.79641163,0.93740857
2025-01-01 23:55:00,0.79834837,0.9398244,0.80133474,0.9171071,0.80439717,0.9287755,0.79364336,0.90801424,0.79715914,0.93307847,0.80100024,0.9157846,0.7911847,0.9308905,0.7956916,0.9113491,0.80046266,0.93910116,0.80540985,0.90832037,0.7964245,0.93742096
2025-01-01 23:56:00,0.79833525,0.9398112,0.80132186,0.91709495,0.8043861,0.9287657,0.79363513,0.9080079,0.7971548,0.9330764,0.80100036,0.9157869,0.7911892,0.93089706,0.7956999,0.9113591,0.8004738,0.9391134,0.8054226,0.9083334,0.7964374,0.93743336
2025-01-01 23:57:00,0.7983222,0.9397981,0.8013091,0.9170828,0.804375,0.928756,0.793627,0.9080017,0.7971506,0.93307436,0.80100054,0.91578937,0.7911937,0.9309036,0.79570824,0.911369,0.8004851,0.93912554,0.8054354,0.9083464,0.79645026,0.93744576
2025-01-01 23:58:00,0.7983091,0.939785,0.8012963,0.91707075,0.8043639,0.92874634,0.793619,0.9079956,0.7971465,0.93307245,0.8010008,0.91579187,0.7911983,0.9309102,0.79571664,0.91137904,0.80049634,0.9391378,0.80544823,0.9083595,0.7964632,0.9374582
2025-01-01 23:59:00,0.79829603,0.93977195,0.80128354,0.9170587,0.80435294,0.92873675,0.793611,0.9079895,0.79714245,0.9330706,0.80100113,0.91579443,0.791203,0.93091697,0.79572517,0.9113892,0.8005077,0.93915015,0.8054611,0.90837264,0.7964761,0.9374706
