TIME,B_001_v000,B_001_v001,B_015_v000,B_015_v001,B_120_v000,B_120_v001,B_198_v000,B_198_v001,B_233_v000,B_233_v001,B_273_v000,B_273_v001,B_286_v000,B_286_v001,B_302_v000,B_302_v001,B_317_v000,B_317_v001,B_329_v000,B_329_v001,B_341_v000,B_341_v001
2025-01-01 00:01:00,0.8026218,0.9050925,0.7935893,0.896098,0.79860383,0.9010923,0.80354923,0.9059615,0.8083173,0.8966062,0.79882,0.9009525,0.8029999,0.9049608,0.8068363,0.9086301,0.796348,0.8979982,0.7995908,0.9011376,0.8026515,0.90414673
2025-01-01 00:02:00,0.80263346,0.905105,0.7936023,0.89611113,0.79861665,0.90110445,0.80356044,0.90597147,0.8083256,0.8966127,0.7988245,0.90095484,0.803,0.90495867,0.806832,0.90862375,0.7963398,0.89798844,0.7995797,0.90112543,0.8026387,0.9041336
2025-01-01 00:03:00,0.8026451,0.90511745,0.7936153,0.8961242,0.79862946,0.90111667,0.80357164,0.9059813,0.8083339,0.89661914,0.7988289,0.90095705,0.80300003,0.90495646,0.80682766,0.9086174,0.7963316,0.8979786,0.79956853,0.9011133,0.80262595,0.9041205
2025-01-01 00:04:00,0.8026568,0.90513,0.7936283,0.8961373,0.7986423,0.9011288,0.8035828,0.90599114,0.8083421,0.89662546,0.7988332,0.90095925,0.803,0.9049542,0.80682325,0.90861094,0.7963233,0.8979687,0.7995573,0.9011011,0.8026131,0.9041074
2025-01-01 00:05:00,0.8026686,0.9051426,0.7936413,0.8961504,0.7986551,0.9011409,0.80359393,0.9060009,0.80835027,0.8966318,0.7988375,0.9009614,0.80299985,0.9049519,0.8068188,0.90860444,0.796315,0.8979588,0.7995461,0.9010889,0.80260026,0.90409434
2025-01-01 00:06:00,0.8026803,0.9051552,0.7936543,0.89616346,0.7986679,0.9011531,0.803605,0.9060107,0.8083584,0.8966381,0.7988417,0.9009634,0.80299973,0.90494955,0.8068143,0.90859795,0.79630667,0.89794886,0.79953486,0.9010767,0.8025874,0.9040812
2025-01-01 00:07:00,0.8026921,0.9051677,0.7936674,0.8961766,0.79868066,0.9011651,0.80361605,0.90602034,0.8083664,0.8966443,0.7988459,0.90096545,0.8029995,0.9049471,0.8068097,0.90859133,0.79629827,0.8979389,0.7995236,0.9010644,0.8025745,0.9040681
2025-01-01 00:08:00,0.8027039,0.90518034,0.79368037,0.89618963,0.7986934,0.9011772,0.8036271,0.90603006,0.80837446,0.89665043,0.79885,0.9009674,0.80299926,0.9049446,0.80680513,0.9085847,0.7962898,0.8979289,0.79951227,0.9010521,0.8025617,0.904055
2025-01-01 00:09:00,0.8027158,0.905193,0.7936934,0.89620274,0.7987062,0.90118927,0.8036381,0.90603966,0.80838245,0.8966566,0.7988541,0.9009693,0.80299896,0.9049421,0.8068004,0.90857804,0.7962813,0.8979188,0.79950094,0.90103984,0.80254877,0.9040419
2025-01-01 00:10:00,0.8027276,0.90520555,0.7937065,0.8962158,0.79871887,0.90120125,0.803649,0.90604925,0.80839044,0.89666265,0.7988581,0.9009712,0.80299854,0.9049395,0.8067957,0.9085713,0.79627275,0.89790875,0.7994896,0.90102756,0.8025359,0.9040288
2025-01-01 00:11:00,0.8027395,0.90521824,0.79371953,0.89622885,0.7987316,0.9012133,0.80366,0.9060588,0.8083983,0.8966687,0.79886204,0.9009729,0.8029981,0.90493685,0.80679095,0.9085645,0.7962642,0.8978986,0.7994782,0.9010152,0.802523,0.90401566
2025-01-01 00:12:00,0.8027514,0.9052309,0.7937326,0.89624196,0.7987443,0.90122527,0.8036709,0.9060683,0.8084062,0.89667463,0.798866,0.90097463,0.80299765,0.90493417,0.80678606,0.9085577,0.7962556,0.8978884,0.7994668,0.9010029,0.8025101,0.90400255
2025-01-01 00:13:00,0.80276334,0.9052436,0.79374564,0.896255,0.798757,0.9012372,0.80368173,0.9060778,0.808414,0.89668053,0.7988698,0.90097636,0.80299705,0.90493137,0.80678123,0.90855086,0.79624695,0.8978782,0.79945534,0.90099055,0.80249715,0.9039895
2025-01-01 00:14:00,0.80277526,0.9052563,0.7937587,0.89626807,0.79876965,0.9012491,0.8036926,0.9060872,0.80842173,0.8966864,0.7988736,0.90097797,0.80299646,0.90492857,0.8067763,0.9085439,0.7962382,0.897868,0.79944384,0.90097815,0.8024843,0.9039764
2025-01-01 00:15:00,0.80278724,0.90526897,0.79377174,0.8962811,0.79878235,0.90126103,0.8037034,0.90609664,0.8084294,0.8966922,0.79887736,0.9009795,0.8029958,0.9049257,0.8067713,0.9085369,0.7962294,0.8978577,0.79943234,0.90096575,0.8024713,0.90396327
2025-01-01 00:16:00,0.8027993,0.9052817,0.79378486,0.8962942,0.798795,0.90127295,0.80371416,0.906106,0.8084371,0.89669794,0.798881,0.900981,0.8029951,0.9049228,0.8067662,0.9085299,0.79622066,0.89784735,0.79942083,0.9009533,0.80245835,0.90395015
2025-01-01 00:17:00,0.80281126,0.9052944,0.7937979,0.8963072,0.7988076,0.90128475,0.8037249,0.9061153,0.80844474,0.89670366,0.79888463,0.90098244,0.8029943,0.9049198,0.80676115,0.90852284,0.79621184,0.89783704,0.7994093,0.9009409,0.8024454,0.90393704
2025-01-01 00:18:00,0.8028233,0.9053072,0.79381096,0.8963202,0.79882026,0.9012966,0.8037356,0.9061246,0.8084523,0.8967093,0.7988882,0.9009838,0.8029935,0.90491676,0.80675596,0.90851575,0.79620296,0.8978267,0.79939765,0.90092844,0.8024324,0.9039239
2025-01-01 00:19:00,0.8028354,0.9053199,0.7938241,0.8963333,0.79883283,0.9013084,0.8037463,0.90613383,0.8084598,0.8967149,0.7988917,0.9009852,0.8029926,0.90491366,0.8067508,0.90850854,0.796194,0.89781624,0.799386,0.9009159,0.8024194,0.9039108
2025-01-01 00:20:00,0.8028475,0.9053327,0.79383713,0.8963463,0.7988454,0.9013202,0.80375695,0.906143,0.8084673,0.89672047,0.7988952,0.90098643,0.8029916,0.9049105,0.8067455,0.9085013,0.7961851,0.8978058,0.7993744,0.90090346,0.8024065,0.90389776
2025-01-01 00:21:00,0.8028596,0.9053455,0.79385024,0.8963593,0.798858,0.90133196,0.80376756,0.9061521,0.8084747,0.89672595,0.7988986,0.9009877,0.8029906,0.9049073,0.8067402,0.9084941,0.7961761,0.8977953,0.7993628,0.90089095,0.80239344,0.90388465
2025-01-01 00:22:00,0.80287176,0.9053583,0.79386336,0.8963723,0.79887056,0.9013437,0.8037781,0.90616125,0.8084821,0.89673144,0.798902,0.9009888,0.80298954,0.904904,0.80673486,0.9084868,0.796167,0.89778477,0.79935104,0.9008784,0.8023805,0.90387154
2025-01-01 00:23:00,0.8028839,0.9053711,0.79387647,0.8963853,0.7988831,0.9013554,0.80378866,0.90617037,0.8084895,0.8967368,0.79890525,0.90098995,0.8029884,0.9049007,0.80672944,0.9084794,0.79615796,0.8977742,0.79933935,0.90086585,0.80236745,0.9038584
2025-01-01 00:24:00,0.8028961,0.9053839,0.7938895,0.8963983,0.7988956,0.90136707,0.80379915,0.90617937,0.8084968,0.89674217,0.7989085,0.90099096,0.8029872,0.90489733,0.80672395,0.908472,0.79614884,0.89776367,0.7993276,0.90085334,0.80235445,0.90384537
2025-01-01 00:25:00,0.8029083,0.90539676,0.79390264,0.8964113,0.7989081,0.90137875,0.80380964,0.90618837,0.808504,0.8967474,0.7989117,0.900992,0.80298597,0.90489393,0.8067184,0.90846455,0.79613966,0.89775306,0.7993158,0.90084076,0.80234146,0.90383226
2025-01-01 00:26:00,0.8029205,0.90540963,0.79391575,0.8964243,0.7989206,0.9013904,0.8038201,0.9061973,0.8085112,0.89675266,0.7989148,0.9009929,0.8029847,0.9048904,0.80671287,0.90845704,0.7961304,0.8977424,0.799304,0.9008282,0.8023284,0.90381914
2025-01-01 00:27:00,0.80293274,0.90542245,0.79392886,0.8964372,0.798933,0.90140194,0.80383044,0.9062062,0.80851835,0.89675784,0.7989179,0.90099376,0.80298334,0.9048869,0.80670726,0.90844953,0.7961212,0.8977317,0.7992922,0.90081555,0.80231535,0.9038061
2025-01-01 00:28:00,0.802945,0.9054353,0.7939419,0.8964502,0.7989455,0.90141356,0.8038409,0.9062151,0.80852544,0.89676297,0.79892087,0.9009946,0.8029819,0.9048833,0.80670154,0.90844196,0.7961119,0.897721,0.7992804,0.9008029,0.80230236,0.903793
2025-01-01 00:29:00,0.8029573,0.9054482,0.793955,0.8964632,0.79895794,0.9014251,0.8038512,0.9062239,0.8085325,0.8967681,0.79892385,0.9009953,0.8029805,0.9048796,0.8066958,0.9084343,0.7961026,0.8977102,0.79926854,0.9007903,0.80228925,0.9037799
2025-01-01 00:30:00,0.81416523,0.91272384,0.7931475,0.89566845,0.8073865,0.90776944,0.80274624,0.90530854,0.8192598,0.904221,0.7984805,0.90017796,0.84197336,0.9349846,0.8072701,0.9087893,0.8066878,0.90649253,0.80034983,0.9010338,0.8138192,0.9129544
2025-01-01 00:31:00,0.82145476,0.9174576,0.79262716,0.89515644,0.8128694,0.9118973,0.8020316,0.9047166,0.82623494,0.90906703,0.7981933,0.8996469,0.86731815,0.9545515,0.80764127,0.9090172,0.8135648,0.91219723,0.8010485,0.9011877,0.8213091,0.91891325
2025-01-01 00:32:00,0.82619727,0.92053896,0.79229355,0.89482814,0.81643766,0.9145844,0.8015706,0.90433484,0.8307712,0.9122187,0.79800755,0.8993019,0.8837916,0.96726865,0.8078804,0.9091626,0.8180315,0.9159015,0.8014985,0.90128326,0.8261729,0.9227819
2025-01-01 00:33:00,0.8292842,0.92254645,0.7920813,0.8946193,0.8187613,0.916335,0.80127454,0.90408975,0.8337222,0.914269,0.79788774,0.8990778,0.89449877,0.97553337,0.8080337,0.9092544,0.82093155,0.9183054,0.8017867,0.90134096,0.8293298,0.92529196
2025-01-01 00:34:00,0.8312951,0.92385584,0.7919479,0.894488,0.82027596,0.91747683,0.80108565,0.9039334,0.83564264,0.9156032,0.79781073,0.8989322,0.9014577,0.98090404,0.8081313,0.90931123,0.8228132,0.9198641,0.8019699,0.901374,0.8313772,0.926919
2025-01-01 00:35:00,0.8326065,0.92471147,0.7918658,0.89440715,0.8212648,0.918223,0.8009663,0.90383476,0.83689326,0.91647214,0.79776156,0.8988377,0.9059804,0.98439354,0.80819255,0.9093454,0.8240329,0.9208734,0.80208474,0.90139097,0.8327035,0.92797196
2025-01-01 00:36:00,0.83346325,0.92527217,0.79181707,0.8943592,0.8219118,0.918712,0.80089235,0.9037736,0.83770853,0.91703856,0.79773045,0.89877635,0.9089195,0.98666024,0.8082302,0.9093648,0.8248223,0.9215256,0.80215514,0.9013975,0.8335609,0.9286518
2025-01-01 00:37:00,0.83402455,0.9256412,0.7917899,0.8943324,0.8223367,0.91903377,0.8008477,0.90373677,0.8382407,0.91740835,0.7977111,0.89873654,0.9108292,0.9881322,0.8082525,0.90937454,0.8253321,0.9219457,0.8021967,0.9013974,0.8341137,0.9290892
2025-01-01 00:38:00,0.83439374,0.92588556,0.79177684,0.89431953,0.8226171,0.91924685,0.8008222,0.9037157,0.8385889,0.91765034,0.79769933,0.8987107,0.91206974,0.9890874,0.8082648,0.90937805,0.82566,0.92221475,0.80221945,0.90139276,0.8344684,0.929369
2025-01-01 00:39:00,0.8346381,0.926049,0.79177296,0.89431566,0.8228037,0.91938925,0.800809,0.903705,0.8388175,0.9178091,0.79769254,0.898694,0.9128753,0.9897069,0.80827063,0.90937746,0.8258697,0.9223859,0.80223,0.9013853,0.83469445,0.9295462
2025-01-01 00:40:00,0.8348013,0.9261597,0.791775,0.8943176,0.8229292,0.91948575,0.80080396,0.9037009,0.83896834,0.91791385,0.79768884,0.8986831,0.9133982,0.99010795,0.8082721,0.90937424,0.82600254,0.9224931,0.8022326,0.901376,0.8348368,0.92965686
2025-01-01 00:41:00,0.8349118,0.9262363,0.79178095,0.8943234,0.82301503,0.9195524,0.8008041,0.90370107,0.8390686,0.9179835,0.79768723,0.898676,0.9137373,0.99036705,0.8082709,0.90936923,0.82608545,0.92255896,0.80223,0.9013654,0.83492464,0.9297243
2025-01-01 00:42:00,0.834988,0.9262906,0.7917894,0.89433163,0.8230751,0.91959953,0.8008076,0.9037041,0.839136,0.9180302,0.79768693,0.8986714,0.9139569,0.990534,0.8082678,0.90936303,0.8261359,0.92259777,0.80222404,0.901354,0.8349772,0.9297635
2025-01-01 00:43:00,0.83504194,0.9263304,0.7917995,0.89434147,0.8231184,0.91963416,0.8008133,0.9037089,0.83918196,0.9180621,0.7976874,0.8986683,0.9140988,0.99064094,0.8082635,0.9093561,0.82616514,0.92261904,0.8022159,0.90134215,0.8350068,0.9297845
2025-01-01 00:44:00,0.83508134,0.92636085,0.7918106,0.8943523,0.8231507,0.9196605,0.8008204,0.90371484,0.839214,0.91808426,0.7976885,0.8986662,0.91419023,0.9907088,0.80825835,0.90934867,0.8261807,0.922629,0.80220634,0.90132993,0.8350214,0.9297936
2025-01-01 00:45:00,0.83511144,0.9263852,0.7918224,0.8943638,0.8231759,0.9196815,0.80082846,0.9037215,0.83923703,0.9181001,0.7976898,0.89866483,0.91424876,0.9907514,0.8082527,0.90934086,0.8261873,0.9226315,0.80219585,0.9013175,0.8350264,0.92979497
2025-01-01 00:46:00,0.8351354,0.9264056,0.7918346,0.8943758,0.8231966,0.91969895,0.80083704,0.90372866,0.8392542,0.91811186,0.7976914,0.89866376,0.9142859,0.9907774,0.80824673,0.9093328,0.8261881,0.9226291,0.8021847,0.90130484,0.83502495,0.9297913
2025-01-01 00:47:00,0.8351554,0.92642343,0.79184717,0.89438796,0.8232142,0.91971415,0.8008459,0.9037361,0.83926743,0.9181209,0.7976931,0.898663,0.91430914,0.9907926,0.80824053,0.9093246,0.82618505,0.92262363,0.80217314,0.9012922,0.8350195,0.9297844
2025-01-01 00:48:00,0.83517283,0.9264395,0.79185987,0.89440036,0.8232299,0.9197279,0.80085504,0.9037437,0.8392781,0.9181282,0.7976948,0.89866227,0.9143234,0.99080086,0.80823404,0.90931624,0.8261795,0.922616,0.80216134,0.90127945,0.83501136,0.92977536
2025-01-01 00:49:00,0.83518857,0.9264546,0.79187274,0.89441293,0.8232442,0.9197406,0.80086434,0.9037513,0.83928716,0.9181343,0.7976965,0.8986617,0.9143316,0.9908045,0.8082275,0.90930784,0.8261724,0.9226071,0.80214936,0.9012666,0.83500147,0.929765
2025-01-01 00:50:00,0.8352033,0.92646897,0.7918857,0.8944255,0.8232578,0.91975266,0.80087364,0.903759,0.83929515,0.9181395,0.7976982,0.8986611,0.9143361,0.99080515,0.80822086,0.9092993,0.8261641,0.9225973,0.8021372,0.90125376,0.83499044,0.9297537
2025-01-01 00:51:00,0.83521724,0.9264829,0.7918986,0.8944381,0.8232707,0.91976434,0.80088305,0.90376675,0.83930236,0.91814435,0.79769987,0.8986605,0.91433793,0.9908039,0.80821407,0.9092908,0.82615525,0.922587,0.802125,0.9012408,0.8349787,0.92974186
2025-01-01 00:52:00,0.83523077,0.9264965,0.7919116,0.8944507,0.8232833,0.91977566,0.8008925,0.9037745,0.8393091,0.9181487,0.7977015,0.8986598,0.9143382,0.9908013,0.8082073,0.9092821,0.8261459,0.9225762,0.80211264,0.9012279,0.8349665,0.9297297
2025-01-01 00:53:00,0.835244,0.92651,0.7919246,0.89446336,0.82329565,0.9197868,0.80090183,0.9037822,0.8393155,0.91815287,0.7977031,0.89865917,0.91433734,0.9907978,0.8082003,0.9092734,0.8261362,0.9225651,0.8021003,0.90121496,0.8349539,0.92971724
2025-01-01 00:54:00,0.83525705,0.92652327,0.79193765,0.894476,0.8233079,0.91979784,0.8009111,0.9037899,0.8393217,0.9181568,0.79770464,0.8986585,0.91433567,0.99079376,0.8081933,0.9092646,0.8261263,0.9225539,0.802088,0.901202,0.8349412,0.92970467
2025-01-01 00:55:00,0.83527,0.9265365,0.7919507,0.8944887,0.8233199,0.91980875,0.8009205,0.90379757,0.83932763,0.9181607,0.7977061,0.8986578,0.9143336,0.99078935,0.80818635,0.9092558,0.82611614,0.9225426,0.80207556,0.9011891,0.8349283,0.929692
2025-01-01 00:56:00,0.8352829,0.9265497,0.79196376,0.8945013,0.8233319,0.91981953,0.80092984,0.9038052,0.8393335,0.91816443,0.79770756,0.89865696,0.91433114,0.9907847,0.80817926,0.909247,0.82610595,0.9225311,0.8020631,0.9011761,0.8349154,0.9296792
2025-01-01 00:57:00,0.8352958,0.92656285,0.7919768,0.8945139,0.82334375,0.9198303,0.8009391,0.9038127,0.83933914,0.91816807,0.797709,0.89865613,0.91432846,0.9907798,0.8081721,0.9092381,0.82609564,0.92251956,0.80205065,0.90116316,0.8349024,0.9296664
2025-01-01 00:58:00,0.8353086,0.92657596,0.7919898,0.8945265,0.8233557,0.91984105,0.8009483,0.9038203,0.8393448,0.91817164,0.7977103,0.89865524,0.9143256,0.9907748,0.80816495,0.9092292,0.82608527,0.922508,0.8020382,0.90115017,0.83488935,0.9296536
2025-01-01 00:59:00,0.8353214,0.9265891,0.79200286,0.8945391,0.8233674,0.91985166,0.8009575,0.9038277,0.83935046,0.9181751,0.79771155,0.8986543,0.91432256,0.9907696,0.80815774,0.9092202,0.82607484,0.92249644,0.8020257,0.9011372,0.8348763,0.9296408
2025-01-01 01:00:00,0.8301575,0.92213136,0.78611183,0.8897912,0.8177091,0.9156849,0.79506904,0.89911425,0.8341282,0.9140509,0.79238266,0.8942198,0.9105002,0.9879615,0.8036941,0.90535086,0.82185274,0.9193732,0.798129,0.89769715,0.8318026,0.9271288
2025-01-01 01:01:00,0.82680535,0.9192384,0.7822872,0.8867094,0.8140352,0.9129802,0.7912446,0.896053,0.83073556,0.9113713,0.7889193,0.891337,0.9080145,0.9861343,0.8007902,0.90283257,0.8191047,0.917339,0.79559183,0.89545655,0.82980007,0.9254916
2025-01-01 01:02:00,0.824631,0.9173626,0.7798058,0.88471055,0.8116513,0.91122574,0.788762,0.89406574,0.8285322,0.90963066,0.7866685,0.8894627,0.90639764,0.98494464,0.79890007,0.9011925,0.8173147,0.9160127,0.7939383,0.89399564,0.8284939,0.92442286
2025-01-01 01:03:00,0.8232222,0.9161479,0.7781974,0.8834157,0.8101058,0.9100891,0.78715134,0.89277655,0.8271019,0.9085003,0.7852058,0.888244,0.9053454,0.9841694,0.7976689,0.9001232,0.81614745,0.9151464,0.792859,0.8930415,0.82764024,0.9237237
2025-01-01 01:04:00,0.8223109,0.91536283,0.7771564,0.88257843,0.8091053,0.9093538,0.7861076,0.891941,0.826174,0.9077667,0.78425527,0.8874513,0.90466017,0.9836636,0.79686594,0.89942497,0.81538504,0.9145792,0.7921531,0.8924167,0.82708085,0.9232648
2025-01-01 01:05:00,0.8217231,0.9148572,0.7764844,0.88203853,0.808459,0.9088795,0.7854322,0.89140046,0.8255726,0.9072909,0.78363776,0.88693565,0.9042136,0.9833328,0.79634136,0.8989678,0.81488574,0.9142064,0.7916899,0.8920061,0.8267126,0.92296207
2025-01-01 01:06:00,0.82134557,0.91453314,0.7760521,0.88169205,0.808043,0.9085749,0.78499633,0.8910516,0.8251835,0.90698266,0.7832366,0.8865999,0.903922,0.9831158,0.79599774,0.8986674,0.81455743,0.9139599,0.7913843,0.89173454,0.8264687,0.9227608
2025-01-01 01:07:00,0.82110465,0.9143271,0.7757757,0.88147116,0.80777663,0.90838045,0.78471607,0.89082724,0.82493246,0.9067833,0.78297615,0.88638115,0.9037312,0.9829727,0.79577166,0.89846885,0.81434023,0.91379553,0.79118127,0.89155346,0.8263056,0.92262554
2025-01-01 01:08:00,0.8209526,0.91419774,0.7756005,0.88133186,0.80760753,0.90825766,0.78453696,0.8906838,0.8247709,0.9066548,0.78280705,0.8862384,0.9036059,0.9828777,0.79562205,0.89833647,0.8141952,0.9136845,0.7910449,0.8914313,0.82619506,0.92253315
2025-01-01 01:09:00,0.8208583,0.91411823,0.7754911,0.8812457,0.8075016,0.9081815,0.7844236,0.8905931,0.82466763,0.90657216,0.7826974,0.88614506,0.903523,0.98281384,0.79552203,0.8982472,0.8140972,0.91360813,0.7909517,0.89134717,0.8261185,0.9224687
2025-01-01 01:10:00,0.8208015,0.91407114,0.77542454,0.88119394,0.80743676,0.9081355,0.7843529,0.8905365,0.8246022,0.9065195,0.7826263,0.8860838,0.90346783,0.98277026,0.7954543,0.8981858,0.81402975,0.9135543,0.7908868,0.891288,0.8260643,0.92242235
2025-01-01 01:11:00,0.8207691,0.91404516,0.7753858,0.88116467,0.80739856,0.9081091,0.78431,0.8905021,0.8245614,0.90648615,0.7825802,0.88604337,0.9034306,0.98273987,0.79540753,0.8981426,0.81398207,0.91351515,0.79084015,0.89124495,0.82602453,0.9223878
2025-01-01 01:12:00,0.82075256,0.9140328,0.7753652,0.88114995,0.80737776,0.90809554,0.78428507,0.89048207,0.8245365,0.9064654,0.78255033,0.8860164,0.903405,0.982718,0.7953744,0.8981111,0.8139472,0.91348547,0.79080534,0.8912124,0.825994,0.9223609
2025-01-01 01:13:00,0.82074636,0.9140294,0.77535623,0.8811447,0.80736816,0.9080903,0.78427184,0.8904714,0.824522,0.90645283,0.78253114,0.8859983,0.90338695,0.98270166,0.7953501,0.8980873,0.81392074,0.913462,0.7907783,0.8911867,0.82596964,0.922339
2025-01-01 01:14:00,0.82074684,0.91403174,0.7753549,0.88114554,0.8073659,0.90809035,0.78426623,0.8904668,0.8245142,0.9064455,0.78251874,0.8859858,0.90337384,0.9826889,0.7953314,0.8980685,0.81389964,0.91344255,0.7907562,0.89116544,0.82594925,0.92232037
2025-01-01 01:15:00,0.8207517,0.9140379,0.7753586,0.8811504,0.8073684,0.90809387,0.7842656,0.89046615,0.82451075,0.9064416,0.78251076,0.885977,0.9033638,0.9826784,0.79531646,0.8980528,0.81388205,0.9134256,0.7907374,0.89114696,0.8259314,0.92230386
2025-01-01 01:16:00,0.8207594,0.91404647,0.77536553,0.8811579,0.807374,0.9080997,0.7842681,0.890468,0.8245101,0.90643996,0.78250563,0.8859706,0.90335584,0.9826694,0.79530394,0.8980393,0.81386673,0.9134104,0.7907207,0.89113045,0.8259153,0.9222887
2025-01-01 01:17:00,0.820769,0.9140566,0.77537453,0.881167,0.8073815,0.908107,0.7842726,0.89047146,0.82451123,0.90643966,0.78250235,0.88596565,0.9033492,0.98266137,0.795293,0.898027,0.8138529,0.9133963,0.7907054,0.89111507,0.8259002,0.9222744
2025-01-01 01:18:00,0.82077974,0.9140678,0.7753848,0.8811772,0.80739033,0.90811515,0.78427845,0.890476,0.82451355,0.90644026,0.78250027,0.8859617,0.9033433,0.982654,0.79528296,0.8980156,0.81384003,0.9133829,0.79069096,0.8911005,0.8258859,0.92226076
2025-01-01 01:19:00,0.82079124,0.91407967,0.775396,0.8811881,0.8074,0.90812385,0.7842851,0.89048123,0.82451653,0.90644145,0.7824989,0.8859584,0.903338,0.9826469,0.79527354,0.8980048,0.81382775,0.9133699,0.7906771,0.89108646,0.82587206,0.9222475
2025-01-01 01:20:00,0.8208033,0.91409194,0.77540773,0.88119936,0.8074102,0.908133,0.78429234,0.89048684,0.82452005,0.906443,0.782498,0.88595545,0.903333,0.98264,0.79526454,0.8979942,0.81381583,0.9133572,0.79066354,0.8910727,0.8258585,0.92223454
2025-01-01 01:21:00,0.8208157,0.91410446,0.77541983,0.881211,0.80742073,0.9081424,0.78429985,0.8904927,0.8245238,0.9064447,0.7824974,0.8859527,0.90332824,0.9826333,0.7952558,0.897984,0.8138042,0.9133447,0.7906503,0.8910592,0.8258451,0.9222217
2025-01-01 01:22:00,0.82082826,0.9141172,0.7754322,0.8812228,0.80743146,0.90815187,0.78430766,0.8904987,0.82452774,0.90644664,0.7824969,0.8859501,0.9033235,0.9826267,0.79524714,0.89797384,0.8137927,0.9133322,0.79063714,0.89104587,0.8258319,0.922209
2025-01-01 01:23:00,0.8208411,0.9141301,0.77544475,0.8812347,0.80744225,0.90816146,0.7843155,0.8905048,0.8245318,0.9064485,0.7824966,0.8859475,0.9033188,0.98262006,0.79523855,0.8979637,0.8137813,0.9133198,0.79062414,0.8910326,0.8258187,0.9221964
2025-01-01 01:24:00,0.8208539,0.914143,0.7754573,0.8812466,0.80745316,0.90817106,0.78432345,0.89051086,0.8245358,0.90645045,0.7824962,0.885945,0.9033142,0.9826134,0.7952301,0.8979536,0.81376994,0.9133075,0.79061115,0.89101934,0.82580566,0.9221839
2025-01-01 01:25:00,0.82086676,0.9141561,0.77546996,0.8812586,0.8074641,0.9081807,0.7843314,0.89051694,0.82453984,0.90645236,0.7824959,0.8859425,0.9033096,0.98260677,0.7952216,0.8979436,0.81375855,0.9132952,0.7905983,0.8910062,0.8257926,0.92217135
2025-01-01 01:26:00,0.82087976,0.9141691,0.77548265,0.8812706,0.8074751,0.9081903,0.78433937,0.890523,0.8245439,0.90645427,0.78249556,0.88594,0.9033049,0.98260003,0.7952131,0.8979335,0.81374717,0.9132829,0.7905853,0.890993,0.82577956,0.92215884
2025-01-01 01:27:00,0.82089275,0.9141821,0.77549535,0.88128257,0.807486,0.90819985,0.7843473,0.8905291,0.8245479,0.90645605,0.78249514,0.8859374,0.9033001,0.98259336,0.7952045,0.89792335,0.8137357,0.9132706,0.79057235,0.8909799,0.8257666,0.92214644
2025-01-01 01:28:00,0.8209058,0.9141952,0.77550805,0.8812946,0.8074969,0.90820944,0.78435516,0.8905351,0.8245519,0.9064579,0.7824948,0.88593477,0.9032954,0.9825866,0.795196,0.8979133,0.8137244,0.91325825,0.7905595,0.89096683,0.8257537,0.92213404
2025-01-01 01:29:00,0.82091886,0.91420823,0.77552074,0.8813066,0.8075078,0.908219,0.7843631,0.89054114,0.8245558,0.9064597,0.7824943,0.88593215,0.9032906,0.9825798,0.7951874,0.89790314,0.813713,0.913246,0.79054654,0.8909537,0.82574075,0.92212164
2025-01-01 01:30:00,0.8161763,0.9098429,0.7701567,0.8767733,0.8023638,0.90425575,0.77911717,0.88612056,0.81997156,0.9025803,0.77786195,0.8818352,0.8999508,0.9798849,0.7914614,0.89439577,0.8101877,0.9104783,0.78747535,0.88789886,0.8233904,0.91993284
2025-01-01 01:31:00,0.8130982,0.90701,0.76667446,0.8738308,0.799024,0.9016829,0.77571005,0.8832492,0.81699306,0.9000593,0.7748506,0.87917125,0.8977782,0.9781308,0.78903645,0.89211243,0.8078922,0.908675,0.7854745,0.8859086,0.8218582,0.9185058
2025-01-01 01:32:00,0.811102,0.9051732,0.76441544,0.8719224,0.7968569,0.9000139,0.7734981,0.88138485,0.81505835,0.8984211,0.7728931,0.8774386,0.8963643,0.9769882,0.7874571,0.89062464,0.80639607,0.9074985,0.78416944,0.88461035,0.82085776,0.9175739
2025-01-01 01:33:00,0.809809,0.90398383,0.7629515,0.87068605,0.795452,0.8989323,0.772063,0.88017505,0.813802,0.8973568,0.7716204,0.87631136,0.8954434,0.97624296,0.78642744,0.889654,0.80541956,0.9067294,0.7833166,0.8837619,0.82020295,0.91696393
2025-01-01 01:34:00,0.8089732,0.9032153,0.76200444,0.86988664,0.7945426,0.89823246,0.7711329,0.8793906,0.8129867,0.8966655,0.7707928,0.87557757,0.894843,0.9757561,0.7857551,0.88901937,0.8047808,0.9062251,0.7827577,0.8832058,0.8197728,0.91656315
2025-01-01 01:35:00,0.8084345,0.9027203,0.76139313,0.86937106,0.79395527,0.8977808,0.7705309,0.87888265,0.8124579,0.89621663,0.77025455,0.8750995,0.89445096,0.97543716,0.7853149,0.88860327,0.8043616,0.905893,0.7823899,0.88283974,0.81948876,0.91629833
2025-01-01 01:36:00,0.80808884,0.9024031,0.7610003,0.86904013,0.7935772,0.89749044,0.7701422,0.87855446,0.8121155,0.8959253,0.7699044,0.8747877,0.89419425,0.9752273,0.78502566,0.88832915,0.80408496,0.9056728,0.7821463,0.8825972,0.8192996,0.9161219
2025-01-01 01:37:00,0.80786884,0.90220153,0.7607493,0.86882913,0.79333514,0.89730495,0.7698922,0.8783431,0.81189406,0.89573634,0.76967645,0.8745839,0.8940255,0.97508836,0.7848345,0.8881473,0.8039011,0.9055252,0.7819834,0.88243496,0.81917214,0.916003
2025-01-01 01:38:00,0.8077304,0.902075,0.7605905,0.86869603,0.7931815,0.89718753,0.76973224,0.8782076,0.8117513,0.8956139,0.7695279,0.87445027,0.893914,0.9749955,0.7847071,0.88802534,0.80377746,0.90542495,0.7818729,0.882325,0.8190848,0.91592145
2025-01-01 01:39:00,0.80764496,0.9019974,0.7604917,0.8686136,0.79308534,0.8971144,0.7696308,0.87812144,0.8116597,0.8955347,0.7694309,0.87436223,0.8938396,0.97493255,0.7846211,0.88794243,0.803693,0.90535533,0.7817966,0.8822489,0.8190236,0.9158642
2025-01-01 01:40:00,0.80759406,0.90195143,0.76043195,0.8685641,0.7930265,0.89707005,0.7695675,0.87806726,0.8116013,0.8954837,0.76936746,0.8743038,0.89378935,0.97488904,0.784562,0.88788486,0.803634,0.90530574,0.7817424,0.8821948,0.81897926,0.91582274
2025-01-01 01:41:00,0.8075655,0.9019261,0.7603974,0.86853606,0.79299194,0.89704436,0.76952887,0.87803394,0.8115644,0.8954508,0.7693258,0.87426466,0.8937548,0.9748581,0.7845204,0.8878437,0.8035915,0.905269,0.78170264,0.8821551,0.81894606,0.9157915
2025-01-01 01:42:00,0.80755156,0.9019142,0.7603793,0.86852187,0.7929731,0.8970308,0.7695062,0.8780141,0.8115415,0.89542973,0.76929826,0.874238,0.89373034,0.9748354,0.78449005,0.8878132,0.8035598,0.90524083,0.7816722,0.8821247,0.81891996,0.915767
2025-01-01 01:43:00,0.8075471,0.90191096,0.7603719,0.86851674,0.7929645,0.89702505,0.76949406,0.878003,0.8115277,0.8954164,0.7692799,0.8742194,0.89371246,0.974818,0.78446716,0.8877896,0.80353504,0.905218,0.7816479,0.88210034,0.81889856,0.91574687
2025-01-01 01:44:00,0.80754876,0.90191346,0.76037145,0.86851746,0.79296255,0.89702445,0.7694886,0.8779976,0.8115198,0.895408,0.76926744,0.87420607,0.8936989,0.97480404,0.784449,0.8877706,0.8035147,0.9051988,0.78162754,0.88207996,0.8188802,0.9157295
2025-01-01 01:45:00,0.8075544,0.90191954,0.7603755,0.8685219,0.7929649,0.89702713,0.7694875,0.8779958,0.8115157,0.8954028,0.7692589,0.8741962,0.8936881,0.9747923,0.78443396,0.8877544,0.80349743,0.90518194,0.7816098,0.88206214,0.8188638,0.9157141
2025-01-01 01:46:00,0.8075627,0.90192807,0.76038253,0.86852896,0.79297,0.89703196,0.7694893,0.87799644,0.8115141,0.89539963,0.7692528,0.87418836,0.893679,0.974782,0.7844209,0.8877401,0.80348206,0.9051665,0.7815936,0.882046,0.81884867,0.91569984
2025-01-01 01:47:00,0.80757266,0.90193814,0.7603914,0.8685375,0.7929769,0.8970381,0.76949286,0.8779986,0.81151396,0.89539784,0.76924825,0.87418205,0.89367104,0.9747725,0.78440917,0.8877271,0.8034678,0.9051521,0.78157854,0.88203084,0.8188344,0.91568637
2025-01-01 01:48:00,0.8075837,0.90194917,0.7604015,0.868547,0.792985,0.89704514,0.7694976,0.8780017,0.8115149,0.8953968,0.7692447,0.8741766,0.8936638,0.9747637,0.78439814,0.8877148,0.80345446,0.90513825,0.7815642,0.8820165,0.8188207,0.9156735
2025-01-01 01:49:00,0.8075955,0.9019609,0.7604124,0.8685573,0.79299384,0.89705276,0.7695031,0.87800545,0.8115165,0.8953964,0.7692418,0.87417173,0.893657,0.97475517,0.7843877,0.887703,0.8034416,0.9051248,0.7815503,0.8820026,0.8188073,0.9156609
2025-01-01 01:50:00,0.80760777,0.90197307,0.76042384,0.86856794,0.79300314,0.89706075,0.7695091,0.87800956,0.81151843,0.8953963,0.7692393,0.8741671,0.89365053,0.97474694,0.7843776,0.8876915,0.80342895,0.9051116,0.7815367,0.881989,0.8187942,0.9156486
2025-01-01 01:51:00,0.80762035,0.90198547,0.7604355,0.86857885,0.79301274,0.8970689,0.76951534,0.8780139,0.81152064,0.8953963,0.76923704,0.87416273,0.8936442,0.9747388,0.7843676,0.8876802,0.8034166,0.90509856,0.7815233,0.8819756,0.8187812,0.9156364
2025-01-01 01:52:00,0.8076331,0.901998,0.76044744,0.8685899,0.79302245,0.8970772,0.7695217,0.8780183,0.81152296,0.8953965,0.76923496,0.8741585,0.89363796,0.9747307,0.7843578,0.88766897,0.80340433,0.9050857,0.78150994,0.8819623,0.8187684,0.9156244
2025-01-01 01:53:00,0.807646,0.9020107,0.7604595,0.868601,0.79303235,0.89708555,0.76952815,0.8780229,0.81152534,0.8953967,0.76923287,0.87415427,0.89363176,0.9747226,0.7843481,0.8876578,0.8033921,0.9050728,0.7814967,0.8819491,0.8187557,0.91561234
2025-01-01 01:54:00,0.8076589,0.90202343,0.7604716,0.86861223,0.79304224,0.89709395,0.76953465,0.8780275,0.8115278,0.89539695,0.7692309,0.87415016,0.89362556,0.97471464,0.7843383,0.88764673,0.80337995,0.90505993,0.7814835,0.88193595,0.81874293,0.9156005
2025-01-01 01:55:00,0.8076719,0.90203625,0.76048374,0.86862344,0.79305214,0.89710236,0.7695412,0.878032,0.8115302,0.8953972,0.7692289,0.874146,0.89361936,0.97470653,0.7843286,0.88763565,0.80336785,0.9050472,0.78147036,0.8819229,0.8187303,0.9155886
2025-01-01 01:56:00,0.80768496,0.90204906,0.76049596,0.86863464,0.7930621,0.8971107,0.76954776,0.87803656,0.81153256,0.8953973,0.7692268,0.87414175,0.8936131,0.9746984,0.78431886,0.88762456,0.8033557,0.9050343,0.78145725,0.8819098,0.8187177,0.9155768
2025-01-01 01:57:00,0.80769795,0.9020619,0.7605081,0.86864585,0.793072,0.89711905,0.76955426,0.878041,0.8115349,0.8953974,0.7692247,0.8741375,0.89360684,0.9746903,0.784309,0.8876135,0.8033436,0.90502155,0.78144413,0.8818968,0.81870514,0.915565
2025-01-01 01:58:00,0.80771106,0.9020747,0.76052034,0.86865705,0.79308194,0.8971274,0.76956075,0.8780455,0.8115372,0.89539754,0.7692226,0.8741332,0.8936005,0.97468215,0.7842993,0.8876024,0.8033315,0.90500873,0.7814311,0.88188374,0.81869256,0.9155533
2025-01-01 01:59:00,0.8077242,0.9020875,0.7605325,0.8686683,0.79309183,0.8971357,0.7695672,0.8780499,0.8115395,0.8953976,0.7692205,0.87412894,0.8935942,0.974674,0.7842895,0.88759124,0.80331933,0.9049959,0.78141797,0.88187075,0.81868005,0.9155415
2025-01-01 02:00:00,0.80348706,0.89789206,0.75579065,0.8644305,0.78855366,0.89344656,0.7650571,0.87400097,0.80767465,0.8918321,0.76536673,0.8704424,0.8907964,0.9721405,0.78136736,0.8845086,0.80055374,0.90263325,0.7792268,0.8792558,0.81709486,0.91371495
2025-01-01 02:01:00,0.8007375,0.8951695,0.7527126,0.8616798,0.7856073,0.89105153,0.76212776,0.87137055,0.80516315,0.88951445,0.762861,0.8680445,0.8889755,0.97049075,0.7794645,0.88250095,0.7987518,0.901093,0.77779794,0.8775515,0.8160602,0.91252357
2025-01-01 02:02:00,0.79895484,0.8934043,0.7507162,0.85989565,0.7836955,0.8894976,0.7602259,0.8696623,0.80353135,0.8880079,0.7612314,0.86648434,0.8877897,0.9694155,0.7782241,0.88119197,0.7975762,0.90008736,0.7768646,0.87643915,0.81538326,0.91174513
2025-01-01 02:03:00,0.7978007,0.8922613,0.7494227,0.85873985,0.7824562,0.88849026,0.7589918,0.86855334,0.80247146,0.8870285,0.7601713,0.8654685,0.8870166,0.9687136,0.7774144,0.88033724,0.7968078,0.89942914,0.77625334,0.87571156,0.81493884,0.9112351
2025-01-01 02:04:00,0.79705507,0.89152294,0.7485862,0.8579925,0.78165406,0.8878383,0.75819176,0.867834,0.80178314,0.8863918,0.7594813,0.8648067,0.8865117,0.9682544,0.7768845,0.8797776,0.7963041,0.89899683,0.7758514,0.8752342,0.8146457,0.9108996
2025-01-01 02:05:00,0.796575,0.89104736,0.74804664,0.85751045,0.78113604,0.8874174,0.75767386,0.86736774,0.8013364,0.88597786,0.759032,0.8643748,0.8861812,0.9679529,0.7765366,0.87940997,0.79597235,0.89871126,0.7755856,0.87491935,0.8144508,0.91067743
2025-01-01 02:06:00,0.7962675,0.8907427,0.74770015,0.85720104,0.7808026,0.88714653,0.7573393,0.8670661,0.8010466,0.8857086,0.758739,0.8640924,0.8859639,0.967754,0.77630687,0.87916696,0.7957524,0.8985212,0.7754082,0.87471014,0.81431973,0.910529
2025-01-01 02:07:00,0.7960723,0.8905492,0.74747914,0.8570037,0.7805893,0.8869732,0.75712395,0.86687136,0.80085886,0.8855334,0.75854754,0.86390716,0.8858203,0.9676216,0.776154,0.879005,0.79560506,0.8983931,0.77528834,0.87456965,0.8142303,0.9104285
2025-01-01 02:08:00,0.79594994,0.89042777,0.7473396,0.8568792,0.7804539,0.88686323,0.7569861,0.8667462,0.80073744,0.88541937,0.75842214,0.863785,0.8857246,0.9675326,0.77605104,0.87889576,0.795505,0.8983053,0.77520585,0.8744738,0.81416774,0.91035926
2025-01-01 02:09:00,0.79587495,0.8903533,0.7472531,0.8568021,0.7803692,0.88679445,0.75689846,0.86666614,0.800659,0.885345,0.7583397,0.8637039,0.88566,0.96747166,0.77598053,0.8788207,0.7954356,0.8982437,0.7751476,0.874407,0.81412286,0.9103102
2025-01-01 02:10:00,0.7958308,0.89030933,0.747201,0.85675573,0.7803174,0.8867525,0.75684357,0.86661536,0.8006086,0.88529646,0.75828505,0.86364937,0.8856155,0.96742904,0.7759311,0.8787679,0.79538614,0.89819914,0.7751052,0.8743591,0.81408936,0.9102743
2025-01-01 02:11:00,0.79580665,0.8902852,0.74717134,0.8567294,0.7802871,0.88672787,0.7568099,0.86658365,0.8005763,0.8852646,0.7582485,0.86361223,0.8855842,0.96739817,0.77589536,0.8787295,0.79534966,0.89816564,0.775073,0.87432337,0.81406325,0.9102471
2025-01-01 02:12:00,0.7957955,0.8902739,0.7471562,0.85671604,0.7802706,0.8867145,0.75679,0.86656433,0.8005559,0.88524365,0.7582237,0.8635863,0.8855613,0.9673751,0.77586854,0.87870055,0.79532164,0.89813936,0.77504754,0.8742957,0.81404203,0.9102254
2025-01-01 02:13:00,0.7957928,0.890271,0.7471505,0.85671103,0.7802631,0.88670856,0.7567791,0.866553,0.80054307,0.8852297,0.75820655,0.8635676,0.88554394,0.9673569,0.7758474,0.87867767,0.795299,0.89811766,0.7750264,0.8742732,0.8140239,0.91020733
2025-01-01 02:14:00,0.7957957,0.8902735,0.74715096,0.8567116,0.7802615,0.88670725,0.7567739,0.8665469,0.8005352,0.88522035,0.7581943,0.8635537,0.8855302,0.96734196,0.7758301,0.8786587,0.7952799,0.89809906,0.775008,0.87425405,0.8140079,0.91019166
2025-01-01 02:15:00,0.79580206,0.89027953,0.7471553,0.8567157,0.78026366,0.88670903,0.75677246,0.8665442,0.80053055,0.8852139,0.7581852,0.86354274,0.88551867,0.96732914,0.7758151,0.87864226,0.7952632,0.89808244,0.7749915,0.8742371,0.81399316,0.9101775
2025-01-01 02:16:00,0.7958108,0.8902879,0.7471623,0.85672206,0.78026825,0.8867128,0.7567735,0.86654353,0.80052793,0.8852094,0.7581782,0.86353374,0.88550866,0.96731764,0.7758017,0.87862754,0.7952479,0.8980671,0.7749762,0.8742216,0.8139793,0.9101644
2025-01-01 02:17:00,0.7958211,0.89029765,0.747171,0.85672987,0.78027445,0.88671786,0.75677603,0.8665443,0.8005266,0.88520604,0.75817245,0.86352605,0.88549954,0.96730703,0.7757894,0.8786139,0.7952336,0.8980526,0.77496165,0.8742071,0.81396604,0.910152
2025-01-01 02:18:00,0.7958322,0.89030844,0.7471807,0.8567386,0.7802816,0.88672364,0.75677955,0.866546,0.80052614,0.8852035,0.75816756,0.8635192,0.8854911,0.96729696,0.77577764,0.8786009,0.7952199,0.8980385,0.7749476,0.87419313,0.8139532,0.91014004
2025-01-01 02:19:00,0.795844,0.89031976,0.74719113,0.856748,0.7802895,0.88673,0.7567837,0.8665482,0.8005262,0.88520145,0.7581632,0.86351275,0.88548297,0.9672872,0.77576625,0.8785884,0.7952066,0.8980249,0.77493393,0.8741796,0.81394064,0.9101284
2025-01-01 02:20:00,0.79585624,0.89033157,0.7472019,0.85675776,0.7802977,0.8867367,0.75678825,0.8665507,0.8005266,0.8851996,0.75815916,0.8635067,0.88547516,0.9672776,0.77575517,0.8785761,0.7951936,0.89801145,0.7749204,0.8741663,0.8139282,0.9101169
2025-01-01 02:21:00,0.79586875,0.8903436,0.74721307,0.8567678,0.78030616,0.88674355,0.7567931,0.8665534,0.8005272,0.885198,0.75815535,0.8635008,0.88546735,0.96726817,0.7757442,0.878564,0.7951807,0.89799815,0.77490705,0.8741532,0.8139159,0.9101056
2025-01-01 02:22:00,0.7958814,0.89035577,0.74722433,0.8567779,0.7803148,0.88675046,0.75679797,0.8665563,0.8005279,0.88519645,0.75815165,0.863495,0.8854597,0.9672588,0.7757334,0.878552,0.79516786,0.897985,0.7748938,0.8741402,0.8139037,0.9100944
2025-01-01 02:23:00,0.7958942,0.89036804,0.7472357,0.8567881,0.7803235,0.88675743,0.756803,0.8665592,0.8005286,0.88519496,0.75814795,0.8634892,0.8854521,0.96724945,0.7757226,0.87854,0.7951551,0.8979718,0.7748806,0.8741273,0.81389153,0.9100833
2025-01-01 02:24:00,0.7959071,0.89038044,0.74724716,0.85679835,0.78033227,0.88676447,0.756808,0.8665621,0.80052936,0.88519347,0.75814426,0.8634834,0.8854444,0.96724015,0.7757118,0.87852806,0.7951425,0.8979587,0.7748675,0.8741145,0.81387943,0.9100722
2025-01-01 02:25:00,0.7959199,0.8903928,0.7472586,0.85680866,0.780341,0.8867715,0.75681305,0.86656505,0.8005301,0.88519204,0.7581406,0.8634777,0.8854368,0.9672308,0.775701,0.87851614,0.7951298,0.8979456,0.7748543,0.8741017,0.81386733,0.9100612
2025-01-01 02:26:00,0.79593277,0.8904051,0.74727005,0.8568189,0.78034973,0.8867785,0.75681806,0.86656797,0.8005308,0.8851905,0.75813687,0.8634719,0.885429,0.9672214,0.7756902,0.8785042,0.7951171,0.8979326,0.77484125,0.87408894,0.81385535,0.9100502
2025-01-01 02:27:00,0.7959457,0.89041746,0.74728155,0.85682917,0.78035843,0.8867854,0.756823,0.8665708,0.8005314,0.88518894,0.7581331,0.863466,0.88542134,0.967212,0.7756794,0.8784923,0.79510444,0.89791954,0.7748282,0.8740762,0.81384337,0.9100393
2025-01-01 02:28:00,0.79595864,0.89042985,0.747293,0.8568394,0.7803672,0.88679236,0.756828,0.86657363,0.80053204,0.8851873,0.75812936,0.8634602,0.8854136,0.96720254,0.77566856,0.8784804,0.79509175,0.8979064,0.7748151,0.8740635,0.8138314,0.9100284
2025-01-01 02:29:00,0.7959715,0.8904422,0.74730444,0.8568496,0.78037584,0.8867992,0.7568329,0.8665764,0.8005326,0.88518566,0.7581255,0.8634543,0.88540584,0.9671931,0.7756577,0.87846845,0.79507905,0.8978934,0.7748021,0.87405086,0.8138194,0.91001755
2025-01-01 02:30:00,0.79231644,0.88649243,0.7432704,0.8529838,0.77652526,0.8834509,0.7531401,0.8629721,0.7974569,0.8819982,0.7551202,0.8602448,0.8832005,0.96486664,0.77359223,0.875866,0.79312277,0.89597815,0.7735305,0.8719228,0.8130281,0.9085862
2025-01-01 02:31:00,0.7899452,0.8839294,0.7406523,0.8504745,0.7740254,0.88127685,0.7507414,0.8606302,0.7954579,0.87992567,0.75316536,0.85815644,0.88176435,0.9633511,0.7722459,0.87417024,0.79184675,0.8947287,0.7726994,0.87053514,0.81250954,0.9076521
2025-01-01 02:32:00,0.78840834,0.88226765,0.7389544,0.8488469,0.7724035,0.879866,0.7491839,0.85910887,0.7941586,0.8785779,0.7518933,0.8567969,0.880828,0.96236265,0.7713669,0.8730638,0.7910128,0.893912,0.77215475,0.8696287,0.81216836,0.9070412
2025-01-01 02:33:00,0.7874139,0.8811918,0.73785484,0.8477926,0.7713521,0.8789514,0.7481731,0.85812086,0.79331416,0.8777011,0.75106496,0.85591096,0.8802166,0.9617167,0.7707917,0.8723404,0.7904663,0.8933765,0.7717961,0.8690352,0.81194246,0.90664035
2025-01-01 02:34:00,0.786772,0.8804968,0.737144,0.84711075,0.77067167,0.8783591,0.7475177,0.8574795,0.7927653,0.8771305,0.75052506,0.855333,0.87981635,0.96129346,0.77041394,0.87186587,0.79010665,0.8930239,0.7715584,0.86864495,0.8117914,0.906376
2025-01-01 02:35:00,0.78635925,0.88004935,0.7366859,0.84667104,0.7702324,0.8779764,0.74709326,0.8570634,0.79240865,0.8767588,0.7501727,0.8549551,0.87955326,0.9610149,0.77016443,0.8715532,0.78986835,0.8927901,0.7713994,0.8683869,0.8116892,0.9062005
2025-01-01 02:36:00,0.78609544,0.87976277,0.736392,0.84638864,0.7699497,0.87772995,0.7468189,0.85679376,0.79217684,0.8765165,0.74994206,0.8547072,0.87937945,0.96083045,0.76999843,0.87134576,0.78970903,0.89263356,0.7712914,0.8682148,0.8116187,0.90608275
2025-01-01 02:37:00,0.7859285,0.87958074,0.7362049,0.8462085,0.76976883,0.87757194,0.7466421,0.85661924,0.79202616,0.8763582,0.7497907,0.85454386,0.8792636,0.9607071,0.76988655,0.87120664,0.78960097,0.8925272,0.7712167,0.86809856,0.81156874,0.9060026
2025-01-01 02:38:00,0.7858244,0.8794667,0.7360872,0.8460949,0.76965415,0.87747145,0.7465287,0.8565066,0.7919282,0.87625456,0.7496908,0.8544354,0.8791854,0.9606235,0.76980996,0.8711119,0.7895262,0.8924535,0.7711636,0.86801857,0.81153214,0.9059468
2025-01-01 02:39:00,0.78576124,0.87939674,0.73601454,0.84602445,0.76958245,0.8774083,0.7464565,0.8564341,0.79186445,0.8761864,0.74962425,0.85436267,0.8791316,0.9605657,0.76975626,0.8710461,0.7894731,0.89240104,0.77112454,0.86796224,0.8115043,0.9059068
2025-01-01 02:40:00,0.7857247,0.87935555,0.7359712,0.84598213,0.7695387,0.8773695,0.746411,0.8563877,0.79182297,0.8761412,0.7495794,0.85431314,0.87909377,0.9605246,0.7697174,0.8709991,0.78943413,0.89236236,0.7710946,0.86792123,0.81148213,0.9058772
2025-01-01 02:41:00,0.7857054,0.879333,0.73594695,0.845958,0.7695131,0.8773465,0.74638295,0.85635823,0.7917959,0.876111,0.7495486,0.85427856,0.87906617,0.9604944,0.7696882,0.8709642,0.7894043,0.8923326,0.7710706,0.8678903,0.8114637,0.9058543
2025-01-01 02:42:00,0.7856973,0.8793226,0.735935,0.84594566,0.7694992,0.87733364,0.7463661,0.85633975,0.79177827,0.87609047,0.74952704,0.8542538,0.87904525,0.9604713,0.76966524,0.8709373,0.7893804,0.89230865,0.77105045,0.8678658,0.8114477,0.9058358
2025-01-01 02:43:00,0.78569645,0.87931997,0.7359311,0.84594107,0.76949304,0.87732744,0.7463566,0.85632837,0.79176664,0.8760763,0.74951136,0.85423535,0.87902874,0.9604527,0.7696464,0.8709154,0.78936034,0.8922885,0.77103287,0.8678455,0.8114332,0.9058202
2025-01-01 02:44:00,0.7857004,0.8793225,0.7359324,0.8459414,0.76949173,0.8773256,0.74635184,0.8563217,0.79175895,0.87606615,0.74949956,0.854221,0.87901497,0.9604371,0.76963013,0.8708969,0.7893428,0.8922708,0.77101684,0.867828,0.8114198,0.9058064
2025-01-01 02:45:00,0.7857074,0.87932837,0.73593706,0.84594494,0.7694937,0.8773264,0.7463501,0.8563179,0.7917538,0.8760586,0.74949014,0.8542093,0.87900305,0.9604234,0.76961553,0.87088054,0.7893269,0.8922547,0.77100194,0.8678122,0.81140697,0.9057939
2025-01-01 02:46:00,0.7857165,0.87933636,0.7359439,0.8459506,0.7694977,0.87732905,0.74635035,0.8563161,0.7917504,0.87605274,0.74948233,0.8541993,0.8789923,0.9604109,0.7696021,0.8708656,0.78931206,0.89223975,0.77098775,0.8677977,0.8113947,0.90578216
2025-01-01 02:47:00,0.7857267,0.8793458,0.7359522,0.8459576,0.769503,0.87733287,0.74635184,0.85631543,0.79174787,0.87604797,0.7494756,0.8541904,0.87898225,0.9603992,0.7695893,0.8708515,0.7892978,0.8922254,0.770974,0.8677839,0.8113827,0.90577096
2025-01-01 02:48:00,0.7857379,0.879356,0.7359614,0.8459654,0.7695092,0.87733734,0.7463541,0.8563156,0.791746,0.87604386,0.7494694,0.8541822,0.87897265,0.96038806,0.76957697,0.87083805,0.78928405,0.89221144,0.7709605,0.8677707,0.8113709,0.90576017
2025-01-01 02:49:00,0.78574955,0.8793669,0.7359711,0.8459738,0.7695159,0.8773422,0.7463569,0.85631627,0.7917446,0.8760402,0.7494637,0.8541744,0.87896335,0.9603772,0.769565,0.870825,0.78927064,0.8921978,0.7709473,0.86775774,0.8113593,0.9057496
2025-01-01 02:50:00,0.78576154,0.8793781,0.7359812,0.8459825,0.7695229,0.87734747,0.74636,0.85631716,0.7917434,0.87603676,0.7494582,0.85416687,0.87895423,0.96036655,0.7695531,0.8708121,0.7892573,0.8921843,0.7709341,0.867745,0.8113478,0.9057392
2025-01-01 02:51:00,0.7857738,0.87938946,0.73599154,0.8459914,0.7695302,0.8773529,0.74636334,0.8563183,0.7917423,0.87603354,0.74945277,0.85415953,0.87894523,0.96035594,0.7695414,0.87079936,0.7892441,0.892171,0.7709211,0.86773247,0.8113363,0.90572894
2025-01-01 02:52:00,0.78578615,0.8794011,0.73600197,0.84600043,0.76953757,0.8773584,0.7463667,0.8563195,0.7917414,0.8760303,0.74944746,0.8541522,0.87893623,0.96034545,0.76952964,0.8707868,0.78923106,0.8921578,0.77090806,0.86771995,0.8113249,0.90571874
2025-01-01 02:53:00,0.7857986,0.8794127,0.73601246,0.84600955,0.76954496,0.87736386,0.74637014,0.85632074,0.7917404,0.87602717,0.7494423,0.854145,0.8789273,0.96033496,0.769518,0.8707742,0.789218,0.89214456,0.7708952,0.8677076,0.81131357,0.9057087
2025-01-01 02:54:00,0.78581107,0.87942445,0.73602307,0.8460187,0.7695524,0.8773694,0.74637353,0.856322,0.7917394,0.876024,0.749437,0.8541377,0.8789183,0.9603245,0.76950634,0.8707617,0.78920496,0.8921314,0.77088225,0.8676953,0.81130224,0.90569866
2025-01-01 02:55:00,0.78582364,0.8794362,0.7360337,0.84602785,0.76955986,0.87737495,0.746377,0.85632324,0.79173845,0.8760208,0.74943167,0.85413045,0.8789093,0.96031404,0.76949465,0.8707492,0.7891919,0.8921182,0.7708694,0.867683,0.81129104,0.9056887
2025-01-01 02:56:00,0.78583616,0.8794479,0.7360442,0.846037,0.76956725,0.8773804,0.7463804,0.85632443,0.7917374,0.8760176,0.74942636,0.8541232,0.87890035,0.9603036,0.76948303,0.8707366,0.7891789,0.89210516,0.77085656,0.86767083,0.81127983,0.9056788
2025-01-01 02:57:00,0.7858486,0.87945956,0.7360548,0.84604603,0.76957464,0.87738585,0.74638367,0.8563256,0.79173636,0.87601435,0.749421,0.8541159,0.87889135,0.96029305,0.76947135,0.8707241,0.7891659,0.89209205,0.77084374,0.8676586,0.81126857,0.9056689
2025-01-01 02:58:00,0.7858612,0.8794713,0.7360653,0.84605515,0.769582,0.8773913,0.746387,0.85632676,0.7917353,0.8760111,0.74941564,0.8541086,0.8788822,0.96028256,0.7694596,0.87071157,0.7891529,0.89207894,0.7708309,0.86764646,0.8112574,0.9056591
2025-01-01 02:59:00,0.7858737,0.879483,0.7360758,0.8460642,0.7695893,0.87739664,0.7463903,0.85632783,0.79173416,0.87600774,0.7494102,0.8541012,0.87887317,0.960272,0.7694479,0.870699,0.7891399,0.8920659,0.7708181,0.86763436,0.81124634,0.9056493
2025-01-01 03:00:00,0.78286546,0.8758487,0.7328211,0.8426387,0.76649475,0.87444836,0.7435801,0.85323185,0.789502,0.87325484,0.7473064,0.85142523,0.8772994,0.9581937,0.7682757,0.86862296,0.7880279,0.8906321,0.7704886,0.8660307,0.81126267,0.90463835
2025-01-01 03:01:00,0.7809145,0.87349045,0.73070914,0.8404152,0.7644858,0.87253374,0.7417546,0.85121983,0.7880507,0.8714642,0.74593693,0.8496832,0.87627333,0.9568391,0.7675095,0.86726904,0.78730047,0.8896956,0.77027,0.86498415,0.8112695,0.9039779
2025-01-01 03:02:00,0.7796506,0.87196165,0.72934,0.83897305,0.76318246,0.8712911,0.7405691,0.8499123,0.7871069,0.870299,0.74504477,0.84854823,0.87560314,0.9559548,0.7670074,0.8663846,0.7868231,0.8890823,0.7701234,0.86429965,0.81127006,0.90354514
2025-01-01 03:03:00,0.7788335,0.870972,0.7284537,0.8380387,0.76233774,0.87048507,0.7397995,0.8490626,0.7864929,0.8695404,0.74446285,0.8478079,0.87516415,0.95537627,0.7666769,0.8658053,0.78650826,0.888679,0.7700237,0.86385053,0.81126666,0.9032605
2025-01-01 03:04:00,0.7783067,0.8703327,0.7278812,0.8374344,0.76179117,0.86996293,0.73930025,0.84851056,0.78609324,0.869046,0.7440826,0.8473239,0.8748756,0.95499647,0.76645786,0.86542434,0.78629905,0.88841236,0.7699544,0.8635544,0.8112606,0.90307224
2025-01-01 03:05:00,0.77796865,0.8699212,0.72751266,0.8370447,0.7614383,0.86962533,0.7389768,0.848152,0.7858329,0.8687232,0.7438334,0.84700656,0.8746847,0.95474577,0.7663113,0.8651722,0.78615844,0.88823444,0.769905,0.8633578,0.81125283,0.90294653
2025-01-01 03:06:00,0.77775323,0.8696577,0.7272767,0.83679444,0.76121134,0.8694076,0.7387675,0.84791905,0.78566307,0.86851215,0.7436694,0.84679765,0.8745573,0.95457906,0.76621187,0.86500394,0.7860625,0.8881142,0.7698684,0.86322576,0.811244,0.9028615
2025-01-01 03:07:00,0.7776175,0.86949044,0.72712684,0.8366348,0.76106626,0.86926776,0.7386324,0.8477679,0.78555214,0.86837363,0.7435607,0.84665906,0.8744712,0.9544668,0.7661431,0.86489016,0.78599554,0.88803154,0.7698402,0.86313576,0.8112345,0.90280294
2025-01-01 03:08:00,0.77753365,0.8693857,0.727033,0.8365341,0.7609743,0.8691786,0.73854554,0.8476698,0.7854794,0.86828214,0.7434879,0.84656626,0.8744119,0.9543901,0.7660941,0.8648117,0.7859475,0.88797325,0.7698174,0.8630731,0.81122446,0.9027616
2025-01-01 03:09:00,0.7774834,0.86932164,0.72697556,0.8364715,0.7609169,0.8691222,0.7384899,0.8476062,0.7854315,0.8682213,0.7434385,0.84650314,0.8743699,0.95433635,0.7660581,0.8647562,0.7859117,0.88793075,0.76979816,0.8630282,0.8112142,0.9027314
2025-01-01 03:10:00,0.7774551,0.8692839,0.72694176,0.8364338,0.7608819,0.8690872,0.73845476,0.8475649,0.7853997,0.86818033,0.74340427,0.8464593,0.87433934,0.9542976,0.7660305,0.86471575,0.78588384,0.88789856,0.76978123,0.86299497,0.8112038,0.9027086
2025-01-01 03:11:00,0.77744097,0.8692634,0.7269232,0.8364124,0.7608615,0.8690661,0.73843277,0.8475382,0.78537834,0.86815226,0.74337983,0.84642804,0.8743161,0.9542686,0.7660084,0.864685,0.78586113,0.88787305,0.7697658,0.86296916,0.8111933,0.90269053
2025-01-01 03:12:00,0.77743614,0.86925405,0.7269147,0.83640134,0.76085055,0.869054,0.73841935,0.84752095,0.78536373,0.8681326,0.74336183,0.8464049,0.87429756,0.9542458,0.7659897,0.8646605,0.78584176,0.88785195,0.76975137,0.86294824,0.81118274,0.9026755
2025-01-01 03:13:00,0.77743715,0.86925185,0.7269127,0.83639705,0.7608457,0.8690477,0.73841137,0.84750974,0.7853536,0.86811835,0.74334794,0.84638697,0.8742821,0.9542272,0.7659733,0.8646401,0.78582466,0.8878337,0.7697376,0.86293054,0.8111722,0.9026626
2025-01-01 03:14:00,0.77744216,0.8692544,0.7269148,0.83639723,0.7608448,0.8690452,0.7384071,0.8475025,0.7853462,0.86810756,0.7433366,0.84637254,0.87426865,0.9542111,0.7659585,0.8646224,0.785809,0.88781726,0.76972425,0.8629149,0.8111616,0.90265095
2025-01-01 03:15:00,0.77744967,0.86925995,0.7269197,0.8364003,0.76084656,0.86904514,0.73840505,0.8474979,0.78534067,0.86809903,0.7433271,0.84636027,0.8742565,0.9541968,0.76594454,0.8646064,0.78579414,0.88780206,0.7697112,0.8629006,0.811151,0.9026403
2025-01-01 03:16:00,0.77745885,0.86926746,0.7269263,0.83640516,0.7608499,0.8690466,0.7384045,0.84749484,0.7853363,0.868092,0.7433187,0.8463494,0.8742451,0.95418364,0.76593125,0.86459154,0.78577995,0.8877876,0.7696983,0.8628873,0.8111405,0.90263015
2025-01-01 03:17:00,0.777469,0.8692763,0.726934,0.8364112,0.7608543,0.8690491,0.7384049,0.8474929,0.7853327,0.86808586,0.7433109,0.8463394,0.87423426,0.9541711,0.7659183,0.86457735,0.7857661,0.8877736,0.7696856,0.86287457,0.81112987,0.9026204
2025-01-01 03:18:00,0.7774799,0.8692859,0.72694254,0.8364179,0.7608594,0.86905223,0.73840594,0.8474915,0.78532946,0.8680803,0.74330366,0.84633005,0.87422377,0.9541591,0.7659057,0.8645636,0.78575253,0.88776,0.76967293,0.86286217,0.8111194,0.9026109
2025-01-01 03:19:00,0.7774912,0.869296,0.7269514,0.8364251,0.76086485,0.8690557,0.7384074,0.84749055,0.78532654,0.86807513,0.74329656,0.846321,0.87421346,0.9541472,0.7658931,0.8645502,0.7857391,0.8877466,0.7696603,0.86285007,0.8111089,0.9026016
2025-01-01 03:20:00,0.7775028,0.86930645,0.7269606,0.8364327,0.7608706,0.8690594,0.7384089,0.8474899,0.7853238,0.8680701,0.7432897,0.84631217,0.87420326,0.95413566,0.7658807,0.864537,0.78572583,0.8877334,0.7696478,0.86283815,0.81109846,0.9025925
2025-01-01 03:21:00,0.7775145,0.8693171,0.7269699,0.8364404,0.7608765,0.86906326,0.7384106,0.84748936,0.7853212,0.86806524,0.7432829,0.84630346,0.8741931,0.95412415,0.7658683,0.8645239,0.7857126,0.8877202,0.76963526,0.86282635,0.811088,0.9025835
2025-01-01 03:22:00,0.7775264,0.86932784,0.7269794,0.83644813,0.76088244,0.86906713,0.7384123,0.8474889,0.78531855,0.8680604,0.7432761,0.8462949,0.87418294,0.9541127,0.76585597,0.86451083,0.78569937,0.8877071,0.7696228,0.86281466,0.81107765,0.90257454
2025-01-01 03:23:00,0.7775383,0.8693387,0.72698885,0.83645594,0.7608884,0.8690711,0.73841417,0.84748846,0.78531593,0.86805564,0.7432694,0.8462863,0.87417287,0.95410126,0.7658437,0.86449784,0.78568625,0.8876941,0.76961035,0.86280304,0.8110673,0.90256566
2025-01-01 03:24:00,0.7775502,0.86934954,0.7269983,0.8364638,0.76089436,0.86907506,0.73841596,0.847488,0.7853133,0.8680509,0.74326265,0.84627765,0.87416273,0.9540899,0.7658313,0.8644849,0.7856731,0.8876811,0.76959795,0.8627915,0.81105703,0.9025568
2025-01-01 03:25:00,0.77756214,0.86936045,0.72700787,0.8364717,0.7609004,0.869079,0.73841774,0.8474875,0.7853106,0.8680461,0.7432558,0.8462691,0.87415254,0.95407844,0.765819,0.864472,0.78565997,0.88766813,0.76958555,0.8627799,0.8110467,0.902548
2025-01-01 03:26:00,0.7775741,0.8693713,0.72701734,0.8364795,0.7609063,0.86908287,0.7384194,0.847487,0.78530794,0.8680412,0.743249,0.84626037,0.8741424,0.954067,0.7658067,0.86445904,0.78564686,0.8876552,0.76957315,0.8627684,0.81103647,0.9025393
2025-01-01 03:27:00,0.77758604,0.86938214,0.7270268,0.83648735,0.76091224,0.86908674,0.73842114,0.84748644,0.7853052,0.8680363,0.74324214,0.8462518,0.8741322,0.95405555,0.76579434,0.86444616,0.78563374,0.8876423,0.7695608,0.86275697,0.8110263,0.90253067
2025-01-01 03:28:00,0.77759796,0.869393,0.7270363,0.8364951,0.76091814,0.86909056,0.73842275,0.8474859,0.7853024,0.86803144,0.7432353,0.8462431,0.874122,0.9540441,0.76578194,0.8644332,0.7856206,0.8876294,0.7695485,0.8627455,0.8110161,0.902522
2025-01-01 03:29:00,0.77760994,0.86940384,0.7270457,0.83650285,0.760924,0.8690943,0.73842436,0.84748524,0.7852996,0.8680265,0.7432283,0.8462343,0.8741118,0.9540326,0.76576954,0.86442024,0.7856075,0.8876165,0.76953614,0.86273414,0.811006,0.90251344
2025-01-01 03:30:00,0.7753022,0.8661502,0.7246283,0.83357906,0.75864047,0.8665987,0.736547,0.84495324,0.783951,0.86575747,0.7420636,0.8441401,0.87319773,0.95223975,0.76551133,0.8629077,0.78535926,0.8866897,0.77015454,0.8616838,0.8118298,0.9019412
2025-01-01 03:31:00,0.7738063,0.86403906,0.7230603,0.83168125,0.75715816,0.8649779,0.7353271,0.8433072,0.78307337,0.8642807,0.7413039,0.84277576,0.8726,0.9510703,0.7653391,0.86192006,0.7851933,0.88608277,0.77055216,0.8609971,0.8123617,0.9015662
2025-01-01 03:32:00,0.77283806,0.86267054,0.7220443,0.83045036,0.7561966,0.8639255,0.73453474,0.84223694,0.78250176,0.863319,0.74080765,0.84188586,0.8722078,0.9503061,0.76522285,0.86127347,0.78508085,0.8856838,0.7708064,0.86054677,0.812704,0.90131956
2025-01-01 03:33:00,0.7722128,0.8617847,0.7213871,0.8296528,0.7555736,0.86324275,0.7340201,0.84154093,0.78212917,0.8626921,0.7404826,0.84130424,0.87194926,0.9498053,0.76514286,0.8608487,0.78500324,0.88541996,0.77096736,0.8602502,0.812923,0.90115637
2025-01-01 03:34:00,0.77181053,0.8612127,0.72096306,0.829137,0.75517046,0.86280006,0.73368603,0.8410881,0.7818858,0.8622827,0.74026877,0.8409231,0.8717775,0.9494757,0.7650865,0.86056805,0.78494817,0.88524395,0.77106774,0.8600534,0.8130619,0.90104735
2025-01-01 03:35:00,0.7715532,0.86084455,0.72069067,0.8288044,0.7549104,0.86251354,0.73346925,0.8407935,0.7817265,0.8620147,0.7401272,0.8406721,0.87166214,0.9492574,0.76504546,0.86038107,0.78490776,0.8851251,0.77112865,0.85992163,0.81314874,0.9009736
2025-01-01 03:36:00,0.77139,0.86060894,0.7205168,0.8285907,0.7547432,0.8623284,0.73332876,0.8406015,0.78162175,0.86183864,0.74003255,0.8405057,0.8715835,0.94911134,0.7650144,0.860255,0.78487694,0.8850433,0.77116406,0.85983205,0.8132017,0.90092283
2025-01-01 03:37:00,0.771288,0.86045945,0.7204069,0.8284543,0.7546364,0.86220914,0.7332378,0.84047633,0.7815525,0.86172223,0.73996854,0.8403945,0.8715287,0.94901234,0.76498985,0.8601685,0.7848523,0.88498574,0.77118284,0.85977,0.8132328,0.90088695
2025-01-01 03:38:00,0.7712258,0.860366,0.72033864,0.82836825,0.7545688,0.8621328,0.73317903,0.84039456,0.7815063,0.8616447,0.73992425,0.8403189,0.87148935,0.94894385,0.76496947,0.8601077,0.7848317,0.8849438,0.77119076,0.8597258,0.8132496,0.90086085
2025-01-01 03:39:00,0.7711894,0.8603089,0.7202974,0.8283148,0.75452673,0.86208427,0.7331411,0.8403409,0.781475,0.8615923,0.7398928,0.8402665,0.87146,0.9488952,0.7649518,0.8600636,0.7848137,0.8849121,0.7711917,0.85969317,0.8132571,0.900841
2025-01-01 03:40:00,0.77116984,0.8602754,0.72027373,0.82828254,0.75450116,0.86205375,0.73311675,0.8403055,0.78145343,0.8615563,0.7398698,0.8402293,0.87143725,0.9488595,0.7649359,0.8600304,0.7847975,0.88488704,0.7711881,0.85966814,0.81325865,0.9008254
2025-01-01 03:41:00,0.77116114,0.8602572,0.7202614,0.82826406,0.7544864,0.862035,0.7331012,0.8402821,0.7814382,0.8615309,0.73985213,0.8402018,0.8714186,0.94883204,0.7649211,0.86000425,0.78478235,0.8848663,0.7711816,0.859648,0.8132562,0.9008124
2025-01-01 03:42:00,0.7711595,0.86024904,0.7202565,0.82825446,0.7544786,0.86202383,0.73309135,0.8402663,0.78142697,0.86151236,0.73983794,0.8401807,0.8714028,0.9488101,0.7649072,0.8599827,0.784768,0.8848483,0.77117306,0.85963106,0.8132513,0.9008012
2025-01-01 03:43:00,0.7711625,0.8602473,0.7202563,0.8282507,0.7544752,0.86201763,0.7330852,0.8402555,0.7814183,0.8614983,0.739826,0.8401637,0.87138873,0.9487916,0.76489365,0.85996413,0.78475404,0.88483214,0.7711634,0.8596163,0.8132448,0.9007911
2025-01-01 03:44:00,0.7711685,0.86024976,0.72025925,0.8282507,0.75447476,0.86201453,0.7330814,0.8402479,0.78141147,0.8614871,0.7398156,0.84014934,0.87137574,0.9487755,0.7648804,0.85994744,0.7847404,0.88481724,0.7711529,0.8596028,0.8132373,0.90078187
2025-01-01 03:45:00,0.7711764,0.860255,0.72026426,0.8282531,0.7544762,0.8620135,0.73307914,0.84024245,0.7814056,0.86147773,0.73980606,0.84013665,0.8713635,0.94876075,0.7648673,0.85993207,0.784727,0.8848031,0.7711419,0.8595903,0.8132291,0.9007731
2025-01-01 03:46:00,0.77118546,0.8602619,0.7202706,0.828257,0.7544788,0.8620138,0.7330779,0.8402383,0.7814005,0.8614696,0.7397971,0.84012514,0.8713518,0.94874704,0.7648544,0.85991746,0.7847136,0.8847895,0.77113056,0.8595784,0.81322044,0.9007647
2025-01-01 03:47:00,0.77119535,0.86026996,0.7202776,0.82826203,0.75448215,0.8620149,0.73307717,0.84023494,0.78139573,0.86146224,0.73978853,0.8401143,0.87134033,0.9487339,0.76484156,0.85990345,0.78470045,0.88477623,0.77111906,0.8595668,0.81321156,0.9007566
2025-01-01 03:48:00,0.77120584,0.8602788,0.72028524,0.8282676,0.754486,0.86201656,0.73307693,0.84023213,0.78139126,0.8614553,0.73978025,0.8401039,0.871329,0.9487212,0.76482874,0.85988975,0.7846873,0.8847631,0.7711075,0.85955554,0.8132025,0.90074867
2025-01-01 03:49:00,0.7712166,0.860288,0.7202931,0.82827353,0.7544902,0.86201847,0.7330768,0.8402297,0.781387,0.86144865,0.739772,0.8400938,0.87131786,0.94870865,0.7648159,0.8598762,0.7846741,0.88475025,0.77109575,0.85954446,0.8131934,0.9007408
2025-01-01 03:50:00,0.77122754,0.8602975,0.7203012,0.82827973,0.7544945,0.8620207,0.7330769,0.84022737,0.78138274,0.8614422,0.7397639,0.84008384,0.8713067,0.9486964,0.7648032,0.85986286,0.78466105,0.88473743,0.771084,0.85953355,0.8131842,0.90073305
2025-01-01 03:51:00,0.77123857,0.86030716,0.72030944,0.82828605,0.7544989,0.8620229,0.73307693,0.84022516,0.7813785,0.8614358,0.7397558,0.84007394,0.8712956,0.9486841,0.7647904,0.85984963,0.784648,0.88472474,0.77107227,0.8595227,0.81317496,0.9007254
2025-01-01 03:52:00,0.7712497,0.86031693,0.7203177,0.82829255,0.75450337,0.8620252,0.7330771,0.840223,0.7813743,0.86142945,0.7397477,0.8400641,0.8712845,0.9486719,0.76477766,0.8598364,0.78463495,0.88471204,0.77106047,0.859512,0.81316584,0.9007178
2025-01-01 03:53:00,0.77126086,0.86032677,0.720326,0.828299,0.7545078,0.8620275,0.7330772,0.8402209,0.78137004,0.86142313,0.73973954,0.8400543,0.8712734,0.9486597,0.76476485,0.8598232,0.78462195,0.8846994,0.77104867,0.85950124,0.81315666,0.9007103
2025-01-01 03:54:00,0.77127206,0.8603366,0.7203343,0.8283054,0.75451225,0.86202985,0.73307735,0.8402188,0.78136575,0.8614168,0.7397314,0.8400445,0.8712623,0.9486476,0.7647521,0.8598101,0.78460896,0.8846868,0.7710369,0.8594906,0.8131475,0.9007029
2025-01-01 03:55:00,0.7712832,0.86034644,0.7203426,0.82831186,0.75451666,0.8620321,0.7330774,0.84021664,0.78136146,0.86141044,0.7397232,0.84003466,0.87125117,0.9486354,0.7647393,0.859797,0.7845959,0.88467425,0.7710252,0.85948,0.8131384,0.90069544
2025-01-01 03:56:00,0.7712944,0.8603563,0.7203508,0.82831824,0.7545211,0.8620343,0.73307747,0.8402144,0.7813571,0.86140406,0.739715,0.8400248,0.87124,0.94862324,0.76472646,0.8597839,0.7845829,0.88466173,0.7710135,0.8594695,0.8131293,0.9006881
2025-01-01 03:57:00,0.77130556,0.8603661,0.720359,0.8283246,0.7545254,0.8620365,0.7330774,0.84021217,0.78135276,0.8613977,0.73970675,0.840015,0.8712289,0.9486111,0.7647137,0.85977083,0.7845699,0.8846492,0.7710018,0.859459,0.81312025,0.90068084
2025-01-01 03:58:00,0.7713167,0.8603759,0.7203672,0.828331,0.7545298,0.8620387,0.73307735,0.8402099,0.78134835,0.8613912,0.73969847,0.8400051,0.87121767,0.94859886,0.76470083,0.8597577,0.7845569,0.8846367,0.77099013,0.8594485,0.8131113,0.90067357
2025-01-01 03:59:00,0.77132785,0.86038566,0.72037536,0.82833725,0.754534,0.86204076,0.7330772,0.8402075,0.7813438,0.8613847,0.7396901,0.83999515,0.8712064,0.94858664,0.764688,0.8597446,0.78454393,0.8846242,0.7709785,0.859438,0.8131023,0.90066636
2025-01-01 04:00:00,0.7697617,0.8575704,0.71883845,0.825967,0.7531024,0.8600423,0.7321662,0.8382843,0.7809028,0.85963964,0.7394852,0.8385195,0.87096834,0.9471111,0.76534843,0.85882217,0.7851641,0.884221,0.7725338,0.8589596,0.81471884,0.9005427
2025-01-01 04:01:00,0.76874757,0.85574394,0.71784234,0.8244285,0.75217336,0.8587439,0.7315739,0.83703333,0.7806145,0.858503,0.73934907,0.83755684,0.87080956,0.9461477,0.76577324,0.858218,0.78556263,0.8839546,0.7735407,0.8586451,0.81576645,0.9004598
2025-01-01 04:02:00,0.7680922,0.8545601,0.71719754,0.82343054,0.7515709,0.8579007,0.7311887,0.83621925,0.7804254,0.8577618,0.7392576,0.8369276,0.8707024,0.9455171,0.76604486,0.8578207,0.7858172,0.8837771,0.77419114,0.858437,0.8164444,0.9004035
2025-01-01 04:03:00,0.7676701,0.85379386,0.71678126,0.82278395,0.7511806,0.85735315,0.7309382,0.8356892,0.78030086,0.8572777,0.7391951,0.83651495,0.8706288,0.945103,0.7662169,0.85755783,0.7859781,0.88365734,0.77460986,0.8582982,0.816882,0.9003645
2025-01-01 04:04:00,0.7673995,0.8532992,0.71651334,0.82236576,0.7509283,0.85699785,0.7307752,0.83534366,0.7802182,0.8569606,0.7391514,0.8362432,0.8705769,0.9448295,0.76632416,0.8573824,0.78607816,0.88357526,0.7748781,0.85820436,0.8171634,0.90033674
2025-01-01 04:05:00,0.7672274,0.852981,0.716342,0.822096,0.7507656,0.85676754,0.730669,0.8351181,0.7801627,0.85675204,0.73912,0.836063,0.8705391,0.9446474,0.76638937,0.8572638,0.7861387,0.8835175,0.7750484,0.8581398,0.8173433,0.9003163
2025-01-01 04:06:00,0.76711935,0.85277736,0.71623325,0.8219227,0.7506612,0.8566183,0.73059976,0.83497053,0.78012496,0.85661405,0.7390966,0.83594227,0.8705106,0.94452465,0.7664272,0.85718215,0.7861735,0.8834756,0.7751551,0.85809433,0.81745726,0.9003006
2025-01-01 04:07:00,0.7670529,0.8526483,0.7161653,0.8218121,0.7505946,0.8565219,0.7305546,0.83487356,0.7800986,0.85652196,0.7390782,0.8358602,0.870488,0.94444054,0.7664473,0.85712445,0.7861917,0.88344413,0.7752206,0.85806125,0.8175283,0.9002881
2025-01-01 04:08:00,0.7670135,0.85256773,0.7161238,0.8217422,0.75055265,0.8564597,0.7305249,0.8348095,0.7800798,0.8564596,0.73906326,0.8358032,0.8704693,0.94438154,0.7664558,0.85708237,0.786199,0.8834194,0.77525914,0.8580362,0.8175715,0.9002777
2025-01-01 04:09:00,0.7669916,0.8525186,0.7160995,0.8216987,0.7505266,0.8564198,0.73050535,0.83476686,0.7800657,0.85641664,0.7390504,0.83576256,0.87045306,0.94433874,0.76645684,0.8570504,0.78619915,0.88339895,0.7752802,0.85801643,0.8175967,0.9002685
2025-01-01 04:10:00,0.7669811,0.8524899,0.7160863,0.8216725,0.75051093,0.85639435,0.73049235,0.834738,0.7800547,0.8563861,0.73903894,0.8357325,0.87043846,0.9443067,0.76645297,0.8570251,0.7861948,0.8833814,0.77528995,0.85800004,0.8176101,0.90026027
2025-01-01 04:11:00,0.766978,0.85247445,0.7160804,0.82165736,0.750502,0.8563782,0.73048353,0.83471817,0.78004575,0.85636383,0.7390284,0.83570933,0.8704249,0.9442814,0.7664459,0.85700405,0.78618747,0.88336575,0.77529234,0.8579859,0.8176158,0.90025264
2025-01-01 04:12:00,0.76697975,0.8524676,0.7160792,0.82164943,0.75049734,0.8563682,0.73047745,0.8347042,0.78003806,0.8563468,0.7390184,0.8356906,0.87041205,0.9442606,0.76643676,0.85698575,0.7861783,0.8833513,0.77528995,0.85797334,0.8176167,0.9002454
2025-01-01 04:13:00,0.7669846,0.8524664,0.71608096,0.8216463,0.75049555,0.8563621,0.7304732,0.83469397,0.78003126,0.8563332,0.73900867,0.8356747,0.87039953,0.94424266,0.76642627,0.8569693,0.78616774,0.8833376,0.77528447,0.85796165,0.8176143,0.90023845
2025-01-01 04:14:00,0.7669914,0.8524688,0.7160847,0.82164603,0.7504955,0.8563585,0.73047,0.83468616,0.7800249,0.85632175,0.73899925,0.83566076,0.8703874,0.9442267,0.7664149,0.856954,0.7861565,0.88332444,0.7752771,0.8579506,0.8176099,0.9002317
2025-01-01 04:15:00,0.76699954,0.8524735,0.7160897,0.8216478,0.7504967,0.8563566,0.73046756,0.83467996,0.78001887,0.85631174,0.7389899,0.83564794,0.87037534,0.9442119,0.76640296,0.85693944,0.7861446,0.8833117,0.7752683,0.85794,0.8176042,0.9002251
2025-01-01 04:16:00,0.7670085,0.8524797,0.7160955,0.8216508,0.75049853,0.85635567,0.73046553,0.8346747,0.7800131,0.8563027,0.7389806,0.8356359,0.8703634,0.94419783,0.7663906,0.8569254,0.7861324,0.8832991,0.7752588,0.8579297,0.8175976,0.9002186
2025-01-01 04:17:00,0.7670179,0.8524869,0.7161018,0.8216546,0.7505008,0.8563554,0.7304638,0.83467007,0.78000736,0.85629416,0.7389714,0.8356244,0.87035155,0.94418436,0.76637805,0.8569118,0.78612006,0.8832867,0.77524865,0.85791963,0.81759053,0.9002122
2025-01-01 04:18:00,0.76702774,0.8524947,0.71610844,0.8216589,0.7505034,0.8563556,0.7304622,0.83466583,0.78000164,0.856286,0.7389622,0.83561313,0.8703397,0.94417113,0.7663653,0.85689825,0.78610754,0.88327444,0.7752383,0.8579096,0.81758314,0.9002059
2025-01-01 04:19:00,0.7670378,0.85250294,0.71611524,0.82166356,0.75050616,0.856356,0.73046064,0.83466184,0.779996,0.856278,0.73895293,0.83560205,0.87032783,0.94415814,0.7663525,0.85688496,0.78609496,0.8832622,0.7752276,0.8578998,0.81757545,0.9001996
2025-01-01 04:20:00,0.76704794,0.8525113,0.7161221,0.8216683,0.750509,0.8563566,0.73045915,0.83465797,0.7799903,0.8562702,0.73894364,0.83559114,0.87031597,0.94414526,0.76633954,0.85687166,0.7860823,0.8832501,0.7752169,0.85789007,0.8175677,0.90019345
2025-01-01 04:21:00,0.76705813,0.8525198,0.716129,0.82167315,0.7505119,0.8563572,0.73045766,0.8346542,0.77998465,0.8562624,0.73893434,0.8355802,0.87030417,0.9441325,0.76632655,0.8568585,0.78606963,0.883238,0.7752061,0.8578804,0.8175599,0.9001873
2025-01-01 04:22:00,0.7670683,0.85252845,0.716136,0.8216781,0.75051475,0.8563578,0.7304562,0.83465046,0.7799789,0.85625464,0.73892504,0.8355694,0.8702923,0.94411975,0.76631355,0.8568453,0.78605694,0.883226,0.77519524,0.8578707,0.8175521,0.90018123
2025-01-01 04:23:00,0.76707864,0.8525371,0.71614295,0.82168305,0.75051767,0.8563584,0.7304546,0.83464664,0.7799731,0.8562469,0.7389157,0.83555853,0.8702804,0.94410706,0.76630056,0.8568322,0.78604424,0.88321394,0.77518433,0.85786116,0.8175442,0.9001752
2025-01-01 04:24:00,0.76708883,0.8525458,0.71614987,0.821688,0.75052047,0.856359,0.7304531,0.8346428,0.7799673,0.85623914,0.7389063,0.8355477,0.8702685,0.94409436,0.76628757,0.85681915,0.78603154,0.883202,0.7751735,0.8578517,0.8175365,0.90016925
2025-01-01 04:25:00,0.767099,0.85255444,0.7161567,0.8216929,0.75052327,0.8563596,0.73045146,0.834639,0.77996147,0.85623133,0.73889685,0.83553684,0.87025654,0.94408166,0.7662745,0.8568061,0.78601885,0.88319004,0.7751627,0.85784215,0.81752867,0.90016335
2025-01-01 04:26:00,0.7671092,0.8525631,0.71616364,0.8216977,0.750526,0.85636014,0.7304498,0.83463514,0.77995557,0.8562235,0.73888737,0.835526,0.8702446,0.94406897,0.7662614,0.856793,0.78600615,0.8831781,0.77515185,0.85783273,0.8175209,0.90015745
2025-01-01 04:27:00,0.76711935,0.85257167,0.71617043,0.82170254,0.75052875,0.8563606,0.73044807,0.83463126,0.7799496,0.8562157,0.7388779,0.8355151,0.87023264,0.9440563,0.76624835,0.85678,0.7859935,0.8831662,0.77514106,0.8578233,0.8175132,0.90015167
2025-01-01 04:28:00,0.76712954,0.85258025,0.7161772,0.8217073,0.7505314,0.8563611,0.7304463,0.83462733,0.7799436,0.8562078,0.73886836,0.8355042,0.87022066,0.9440435,0.7662353,0.85676694,0.7859808,0.88315433,0.7751303,0.85781395,0.81750554,0.9001459
2025-01-01 04:29:00,0.7671396,0.8525888,0.71618396,0.821712,0.750534,0.85636145,0.73044443,0.8346233,0.7799375,0.85619986,0.73885876,0.8354932,0.8702086,0.9440308,0.7662222,0.8567539,0.7859682,0.8831424,0.7751195,0.85780466,0.8174979,0.90014017
2025-01-01 04:30:00,0.7663431,0.8502623,0.71555495,0.81993777,0.7499798,0.8548958,0.73051596,0.83334327,0.7804119,0.8550101,0.73961735,0.8346628,0.8706508,0.94289887,0.7677897,0.8564384,0.7874458,0.8832699,0.77758425,0.85790664,0.8198785,0.9004675
2025-01-01 04:31:00,0.76582885,0.848753,0.7151484,0.8187861,0.74962044,0.85394305,0.7305617,0.8325098,0.78071815,0.85423386,0.74010706,0.83411926,0.87093407,0.94215864,0.7688041,0.85622877,0.7884018,0.88334864,0.7791826,0.8579697,0.82142323,0.9006784
2025-01-01 04:32:00,0.765498,0.8477748,0.7148864,0.818039,0.7493877,0.8533239,0.7305907,0.8319666,0.78091496,0.8537265,0.74042195,0.833762,0.8711139,0.94167304,0.7694588,0.856088,0.7890188,0.8833957,0.7802178,0.85800755,0.82242477,0.9008135
2025-01-01 04:33:00,0.7652865,0.84714186,0.71471834,0.81755495,0.7492372,0.85292137,0.73060876,0.83161193,0.78104067,0.8533938,0.74062324,0.8335259,0.8712265,0.94135284,0.7698797,0.8559919,0.7894155,0.8834222,0.780887,0.85802895,0.82307315,0.9008994
2025-01-01 04:34:00,0.7651524,0.8467334,0.71461135,0.81724185,0.7491401,0.8526598,0.7306197,0.83137995,0.7811201,0.8531747,0.7407506,0.83336854,0.87129545,0.9411403,0.7701488,0.8559249,0.789669,0.8834353,0.78131825,0.8580397,0.82349205,0.9009535
2025-01-01 04:35:00,0.76506865,0.8464707,0.714544,0.81703985,0.74907774,0.85248977,0.7306261,0.83122754,0.78116953,0.8530294,0.74082994,0.83326226,0.871336,0.94099754,0.7703191,0.8558768,0.7898293,0.8834397,0.78159493,0.85804355,0.8237618,0.9009867
2025-01-01 04:36:00,0.7650176,0.84630287,0.71450245,0.81691,0.7490379,0.85237914,0.7306294,0.83112687,0.7811994,0.852932,0.740878,0.8331893,0.8713581,0.9409003,0.7704252,0.855841,0.78992915,0.8834385,0.7817711,0.8580429,0.8239346,0.90100646
2025-01-01 04:37:00,0.76498795,0.8461966,0.71447766,0.8168271,0.74901277,0.8523072,0.73063076,0.83105993,0.78121644,0.85286576,0.74090576,0.8331379,0.8713681,0.9408326,0.7704896,0.8558132,0.7899897,0.8834337,0.781882,0.8580394,0.82404447,0.9010175
2025-01-01 04:38:00,0.76497203,0.8461303,0.71446365,0.81677467,0.7489971,0.85226035,0.73063076,0.83101475,0.78122526,0.85281974,0.74092036,0.83310056,0.8713704,0.94078416,0.7705269,0.85579056,0.79002476,0.88342655,0.7819504,0.85803396,0.82411337,0.90102285
2025-01-01 04:39:00,0.76496506,0.84609,0.7144567,0.81674206,0.7489876,0.85222983,0.73062986,0.8309838,0.78122866,0.85278684,0.74092627,0.8330723,0.8713676,0.9407481,0.7705465,0.85577136,0.7900432,0.8834178,0.7819913,0.85802734,0.8241557,0.9010246
2025-01-01 04:40:00,0.76496387,0.84606665,0.71445435,0.8167222,0.7489821,0.85220987,0.7306284,0.83096206,0.7812285,0.8527625,0.74092656,0.83305,0.87136143,0.94072014,0.77055466,0.8557543,0.79005075,0.8834081,0.7820142,0.85801995,0.8241807,0.90102386
2025-01-01 04:41:00,0.7649664,0.8460542,0.71445495,0.81671077,0.74897915,0.85219675,0.7306265,0.8309462,0.78122604,0.8527437,0.7409233,0.83303154,0.87135315,0.9406975,0.7705554,0.85573876,0.79005134,0.88339776,0.7820256,0.8580121,0.8241946,0.9010217
2025-01-01 04:42:00,0.76497144,0.8460489,0.7144574,0.81670463,0.74897784,0.852188,0.7306244,0.8309342,0.78122205,0.8527284,0.74091756,0.8330155,0.87134343,0.94067824,0.77055126,0.85572404,0.7900474,0.883387,0.78202933,0.858004,0.82420117,0.9010186
2025-01-01 04:43:00,0.76497805,0.8460482,0.714461,0.81670207,0.7489776,0.85218215,0.73062205,0.83092475,0.7812171,0.85271555,0.7409103,0.8330011,0.87133276,0.9406612,0.770544,0.85570997,0.7900405,0.88337606,0.78202826,0.8579956,0.824203,0.90101486
2025-01-01 04:44:00,0.76498556,0.84605044,0.7144655,0.8167017,0.748978,0.8521782,0.73061955,0.8309169,0.78121144,0.8527041,0.740902,0.8329877,0.8713215,0.94064564,0.7705347,0.8556964,0.79003173,0.8833649,0.782024,0.8579873,0.8242018,0.90101075
2025-01-01 04:45:00,0.76499385,0.8460546,0.71447045,0.8167028,0.74897885,0.85217535,0.7306169,0.83090997,0.78120536,0.85269356,0.740893,0.83297503,0.8713099,0.940631,0.770524,0.85568297,0.79002166,0.8833537,0.78201765,0.85797876,0.8241987,0.9010064
2025-01-01 04:46:00,0.7650024,0.84606004,0.7144757,0.8167048,0.7489799,0.85217327,0.7306142,0.83090377,0.7811989,0.85268366,0.7408835,0.8329627,0.87129796,0.9406169,0.7705125,0.85566974,0.79001087,0.88334244,0.78201,0.8579703,0.8241944,0.90100193
2025-01-01 04:47:00,0.7650113,0.8460662,0.7144811,0.8167074,0.7489812,0.85217166,0.7306114,0.8308979,0.78119224,0.8526742,0.74087375,0.8329507,0.87128586,0.9406032,0.7705004,0.8556566,0.7899995,0.8833311,0.7820015,0.8579618,0.8241891,0.9009974
2025-01-01 04:48:00,0.7650203,0.84607285,0.71448654,0.8167103,0.7489824,0.8521703,0.73060846,0.8308924,0.7811855,0.85266495,0.7408638,0.8329388,0.87127364,0.9405898,0.7704881,0.85564363,0.78998786,0.8833198,0.7819925,0.8579533,0.8241834,0.9009928
2025-01-01 04:49:00,0.7650295,0.8460798,0.71449214,0.81671345,0.74898374,0.8521691,0.7306055,0.83088696,0.78117853,0.85265577,0.7408537,0.83292705,0.8712613,0.9405765,0.7704754,0.85563064,0.789976,0.88330853,0.78198314,0.85794485,0.82417744,0.9009882
2025-01-01 04:50:00,0.76503867,0.84608704,0.7144977,0.81671673,0.748985,0.8521681,0.7306025,0.83088154,0.7811715,0.85264665,0.7408435,0.8329153,0.8712489,0.9405634,0.7704626,0.8556177,0.789964,0.88329726,0.78197354,0.8579364,0.8241712,0.90098363
2025-01-01 04:51:00,0.7650478,0.84609425,0.7145032,0.81672007,0.7489863,0.852167,0.7305994,0.8308763,0.7811644,0.85263765,0.7408331,0.8329036,0.87123656,0.94055027,0.77044964,0.8556048,0.789952,0.883286,0.7819639,0.85792804,0.8241649,0.90097916
2025-01-01 04:52:00,0.7650569,0.8461016,0.7145087,0.8167234,0.74898756,0.85216594,0.7305963,0.8308709,0.7811573,0.85262865,0.74082273,0.83289194,0.8712241,0.9405372,0.77043664,0.85559195,0.7899399,0.88327473,0.7819541,0.85791963,0.8241586,0.90097463
2025-01-01 04:53:00,0.765066,0.8461089,0.71451426,0.81672674,0.7489888,0.8521649,0.7305931,0.83086556,0.78115004,0.8526196,0.7408123,0.8328802,0.8712116,0.94052416,0.7704236,0.85557914,0.7899277,0.8832635,0.78194433,0.85791135,0.82415223,0.9009702
2025-01-01 04:54:00,0.76507515,0.84611624,0.71451974,0.8167301,0.74898994,0.8521638,0.73058987,0.83086014,0.7811428,0.85261047,0.7408018,0.8328685,0.8711991,0.94051105,0.7704106,0.8555663,0.7899156,0.8832523,0.78193456,0.85790306,0.8241459,0.9009658
2025-01-01 04:55:00,0.76508427,0.8461235,0.7145251,0.81673336,0.7489911,0.8521627,0.7305865,0.8308548,0.78113544,0.8526014,0.74079126,0.83285683,0.87118655,0.94049805,0.77039754,0.8555535,0.78990346,0.8832412,0.7819248,0.8578949,0.8241396,0.90096146
2025-01-01 04:56:00,0.76509327,0.84613085,0.71453047,0.8167366,0.74899215,0.8521615,0.7305832,0.8308493,0.78112805,0.8525923,0.7407807,0.8328451,0.871174,0.94048506,0.77038443,0.8555407,0.7898913,0.8832301,0.78191507,0.85788673,0.82413334,0.90095717
2025-01-01 04:57:00,0.76510227,0.8461381,0.71453583,0.8167398,0.74899316,0.85216033,0.7305798,0.8308438,0.7811206,0.85258317,0.7407701,0.8328333,0.8711614,0.94047207,0.7703714,0.85552794,0.7898792,0.88321894,0.7819053,0.85787857,0.8241271,0.90095294
2025-01-01 04:58:00,0.76511127,0.84614533,0.7145411,0.81674296,0.7489941,0.852159,0.73057634,0.83083826,0.7811131,0.85257393,0.74075943,0.83282155,0.8711488,0.940459,0.77035826,0.8555151,0.7898671,0.8832079,0.7818956,0.8578705,0.8241209,0.90094876
2025-01-01 04:59:00,0.76512015,0.8461525,0.71454626,0.81674606,0.748995,0.8521577,0.7305728,0.83083266,0.7811056,0.8525647,0.74074876,0.83280975,0.87113625,0.940446,0.7703452,0.85550237,0.78985506,0.8831969,0.7818859,0.8578625,0.8241147,0.90094465
2025-01-01 05:00:00,0.76510763,0.84435666,0.71483666,0.8155997,0.7493283,0.8512513,0.73162574,0.83021903,0.782487,0.8519517,0.74245745,0.83263963,0.8722506,0.939678,0.7727915,0.8557994,0.79216343,0.8838529,0.78521544,0.8585433,0.8272165,0.9017172
2025-01-01 05:01:00,0.7651025,0.84319174,0.7150272,0.8148556,0.7495452,0.8506615,0.7323088,0.8298181,0.7833822,0.85155,0.7435643,0.8325249,0.8729705,0.93917423,0.77437705,0.855988,0.7936597,0.88427556,0.78737634,0.8589831,0.82923055,0.902218
2025-01-01 05:02:00,0.76510227,0.842437,0.7151528,0.8143729,0.7496864,0.85027766,0.7327515,0.82955545,0.7839613,0.8512856,0.7442799,0.83244616,0.87343407,0.93884224,0.7754031,0.85610616,0.7946281,0.8845464,0.78877753,0.85926616,0.8305376,0.9025421
2025-01-01 05:03:00,0.7651051,0.84194887,0.71523607,0.8140601,0.7497784,0.85002756,0.7330378,0.8293827,0.784335,0.8511104,0.74474126,0.8323908,0.87373096,0.9386218,0.7760654,0.8561785,0.79525334,0.88471866,0.789685,0.8594475,0.8313852,0.9027515
2025-01-01 05:04:00,0.76511,0.841634,0.7152919,0.81385773,0.7498383,0.8498644,0.73322266,0.82926834,0.7845752,0.85099316,0.7450373,0.8323506,0.8739194,0.938474,0.77649134,0.8562211,0.79565555,0.88482684,0.79027164,0.85956264,0.83193403,0.9028863
2025-01-01 05:05:00,0.76511616,0.8414316,0.7153299,0.81372714,0.74987745,0.84975773,0.7333414,0.82919186,0.7847286,0.8509137,0.74522597,0.83232033,0.8740375,0.9383733,0.7767637,0.8562444,0.79591286,0.88489336,0.79064965,0.8596348,0.8322888,0.90297264
2025-01-01 05:06:00,0.7651232,0.8413025,0.71535623,0.81364316,0.749903,0.84968776,0.7334172,0.82914007,0.78482544,0.8508586,0.74534476,0.8322964,0.8741098,0.93830335,0.7769361,0.85625505,0.79607594,0.8849329,0.7908921,0.8596791,0.8325174,0.9030274
2025-01-01 05:07:00,0.76513076,0.8412209,0.71537507,0.81358945,0.7499197,0.8496416,0.733465,0.82910424,0.7848856,0.85081947,0.74541813,0.83227664,0.8741523,0.9382532,0.77704364,0.8562576,0.79617786,0.8849548,0.79104644,0.85970515,0.83266395,0.9030618
2025-01-01 05:08:00,0.76513857,0.84117013,0.7153889,0.8135554,0.74993074,0.8496109,0.7334947,0.82907885,0.78492194,0.8507906,0.74546194,0.8322596,0.8741755,0.9382161,0.77710897,0.8562549,0.7962399,0.88496536,0.7911435,0.85971946,0.83275723,0.9030829
2025-01-01 05:09:00,0.7651466,0.84113944,0.71539944,0.81353414,0.74993795,0.84959024,0.7335125,0.82906014,0.78494275,0.85076845,0.7454865,0.8322442,0.8741861,0.9381874,0.7771469,0.8562486,0.7962761,0.88496846,0.79120344,0.85972613,0.832816,0.9030954
2025-01-01 05:10:00,0.7651548,0.84112185,0.7154079,0.81352115,0.7499427,0.8495761,0.7335226,0.8290458,0.7849534,0.8507507,0.7454986,0.83223003,0.8741885,0.9381642,0.7771669,0.8562402,0.7962955,0.88496673,0.79123914,0.8597279,0.8328522,0.90310234
2025-01-01 05:11:00,0.765163,0.8411126,0.71541494,0.8135135,0.7499458,0.84956616,0.73352766,0.8290342,0.7849575,0.85073566,0.7455026,0.83221656,0.87418556,0.93814445,0.77717537,0.8562303,0.79630405,0.8849619,0.7912591,0.8597264,0.8328738,0.9031057
2025-01-01 05:12:00,0.76517123,0.84110886,0.7154211,0.8135093,0.74994785,0.849559,0.73352945,0.8290245,0.7849573,0.8507225,0.74550134,0.83220357,0.8741792,0.9381271,0.7771764,0.85621953,0.79630554,0.8849551,0.791269,0.859723,0.83288604,0.9031067
2025-01-01 05:13:00,0.7651795,0.8411087,0.7154266,0.8135074,0.74994916,0.8495535,0.73352903,0.8290159,0.7849542,0.8507105,0.7454966,0.8321908,0.87417054,0.9381112,0.7771725,0.8562081,0.7963024,0.884947,0.7912722,0.85971814,0.83289206,0.9031062
2025-01-01 05:14:00,0.7651877,0.8411108,0.71543175,0.8135069,0.74995,0.8495491,0.73352724,0.82900804,0.78494936,0.85069925,0.74548954,0.8321783,0.8741604,0.9380963,0.77716535,0.85619634,0.79629624,0.88493806,0.7912712,0.8597124,0.83289415,0.9031047
2025-01-01 05:15:00,0.76519585,0.8411144,0.7154365,0.8135073,0.74995047,0.8495455,0.7335245,0.8290007,0.7849432,0.85068846,0.745481,0.8321659,0.8741494,0.93808204,0.77715623,0.8561843,0.7962882,0.88492864,0.79126734,0.8597062,0.83289367,0.90310276
2025-01-01 05:16:00,0.7652041,0.8411189,0.7154411,0.8135082,0.74995077,0.84954226,0.73352116,0.8289936,0.78493637,0.85067797,0.74547154,0.8321535,0.8741377,0.93806815,0.77714574,0.8561721,0.79627895,0.8849188,0.7912618,0.8596997,0.8328916,0.9031003
2025-01-01 05:17:00,0.7652122,0.841124,0.7154455,0.8135095,0.7499509,0.84953934,0.73351735,0.8289867,0.7849289,0.8506676,0.74546146,0.83214116,0.8741256,0.93805456,0.77713436,0.8561598,0.7962688,0.8849088,0.791255,0.85969293,0.83288836,0.90309775
2025-01-01 05:18:00,0.7652203,0.8411294,0.7154498,0.8135111,0.74995077,0.84953654,0.73351324,0.8289799,0.7849211,0.85065734,0.745451,0.8321289,0.87411326,0.9380411,0.77712244,0.85614747,0.7962582,0.88489866,0.79124755,0.8596861,0.8328845,0.903095
2025-01-01 05:19:00,0.76522833,0.84113514,0.71545404,0.81351274,0.7499506,0.8495338,0.73350894,0.8289731,0.78491306,0.85064715,0.7454401,0.83211654,0.8741007,0.9380278,0.7771102,0.85613513,0.7962473,0.88488847,0.7912396,0.85967916,0.8328802,0.9030922
2025-01-01 05:20:00,0.7652363,0.8411409,0.71545815,0.81351453,0.74995035,0.8495311,0.7335044,0.8289663,0.78490484,0.85063696,0.7454291,0.83210427,0.874088,0.93801457,0.77709764,0.85612273,0.79623616,0.8848783,0.7912314,0.8596722,0.83287567,0.90308934
2025-01-01 05:21:00,0.7652443,0.8411468,0.71546227,0.81351626,0.74995005,0.84952843,0.7334998,0.8289595,0.7848965,0.8506268,0.74541795,0.832092,0.8740752,0.93800133,0.777085,0.8561104,0.7962249,0.884868,0.79122305,0.8596653,0.832871,0.90308654
2025-01-01 05:22:00,0.7652522,0.8411527,0.7154662,0.8135179,0.74994963,0.8495257,0.7334951,0.8289527,0.784888,0.85061663,0.7454067,0.83207965,0.8740624,0.9379882,0.77707225,0.856098,0.7962136,0.88485783,0.7912146,0.85965836,0.83286625,0.90308374
2025-01-01 05:23:00,0.76526004,0.84115857,0.71547014,0.8135196,0.74994916,0.84952295,0.73349035,0.8289459,0.7848795,0.8506065,0.74539536,0.8320673,0.87404954,0.93797505,0.77705944,0.8560856,0.79620224,0.88484764,0.79120606,0.8596515,0.83286154,0.903081
2025-01-01 05:24:00,0.76526785,0.8411644,0.715474,0.8135212,0.7499486,0.8495202,0.7334856,0.828939,0.7848709,0.8505963,0.745384,0.832055,0.8740367,0.93796194,0.77704656,0.85607326,0.79619086,0.88483745,0.79119754,0.85964465,0.8328568,0.90307826
2025-01-01 05:25:00,0.76527566,0.84117025,0.7154778,0.8135229,0.749948,0.8495174,0.73348063,0.8289321,0.7848622,0.85058606,0.7453726,0.8320426,0.8740238,0.9379488,0.77703375,0.8560609,0.79617953,0.8848273,0.79118896,0.85963786,0.832852,0.9030756
2025-01-01 05:26:00,0.76528335,0.8411761,0.7154816,0.8135244,0.74994737,0.84951454,0.7334756,0.82892513,0.78485346,0.8505758,0.7453611,0.8320302,0.87401086,0.9379357,0.77702093,0.8560486,0.79616815,0.8848172,0.7911805,0.8596311,0.83284736,0.90307295
2025-01-01 05:27:00,0.76529104,0.8411819,0.7154853,0.813526,0.74994665,0.8495116,0.7334706,0.82891816,0.7848447,0.8505655,0.7453495,0.8320178,0.87399787,0.9379226,0.777008,0.8560363,0.79615676,0.8848071,0.79117197,0.8596244,0.8328426,0.9030704
2025-01-01 05:28:00,0.76529866,0.8411876,0.7154889,0.8135274,0.7499459,0.8495087,0.73346555,0.82891107,0.7848359,0.8505551,0.74533796,0.8320053,0.87398493,0.9379095,0.7769951,0.856024,0.79614544,0.8847971,0.79116344,0.8596177,0.83283794,0.9030679
2025-01-01 05:29:00,0.76530623,0.8411932,0.7154925,0.81352884,0.74994504,0.84950566,0.73346037,0.828904,0.784827,0.8505448,0.7453264,0.83199286,0.873972,0.9378964,0.77698225,0.85601175,0.7961342,0.8847871,0.79115504,0.8596111,0.83283335,0.90306544
2025-01-01 05:30:00,0.7660778,0.8399596,0.7166968,0.81303054,0.7511598,0.8491744,0.7354758,0.8289673,0.7870907,0.8505193,0.7479544,0.8324856,0.8757388,0.93750584,0.78026384,0.8569159,0.79923224,0.8859598,0.7952903,0.86085826,0.83660114,0.90426916
2025-01-01 05:31:00,0.76658195,0.83915967,0.7174808,0.8127071,0.7519491,0.84895796,0.7367839,0.82900584,0.7885589,0.85049903,0.7496586,0.8328015,0.8768827,0.9372474,0.7823923,0.8574993,0.80124205,0.8867187,0.79797536,0.8616667,0.8390486,0.9050509
2025-01-01 05:32:00,0.76691216,0.83864164,0.71799153,0.8124972,0.7524617,0.8488161,0.7376323,0.82902837,0.78951013,0.85048217,0.7507622,0.83300245,0.87762165,0.93707484,0.7837714,0.8578743,0.80254453,0.88720846,0.7997178,0.86218995,0.84063804,0.9055582
2025-01-01 05:33:00,0.7671294,0.8383067,0.7183246,0.8123612,0.75279444,0.84872276,0.7381819,0.8290404,0.7901252,0.8504675,0.75147545,0.8331287,0.8780975,0.9369581,0.7846633,0.8581137,0.8033873,0.88752335,0.80084753,0.86252785,0.8416696,0.9058872
2025-01-01 05:34:00,0.7672731,0.83809096,0.7185423,0.81227314,0.7530104,0.8486608,0.73853713,0.82904565,0.7905218,0.8504543,0.7519349,0.8332063,0.8784022,0.93687755,0.78523856,0.8582651,0.8039312,0.8877247,0.801579,0.8627453,0.84233874,0.90610033
2025-01-01 05:35:00,0.7673691,0.83795255,0.71868485,0.8122162,0.7531502,0.8486194,0.73876613,0.8290464,0.7907764,0.85044193,0.75222945,0.8332524,0.8785957,0.9368207,0.785608,0.85835934,0.8042808,0.88785213,0.8020516,0.86288446,0.8427721,0.90623814
2025-01-01 05:36:00,0.767434,0.8378644,0.7187786,0.8121795,0.7532407,0.84859127,0.738913,0.8290443,0.7909386,0.8504302,0.75241673,0.8332779,0.8787169,0.93677914,0.78584373,0.8584164,0.8045042,0.8879316,0.802356,0.86297274,0.8430524,0.906327
2025-01-01 05:37:00,0.76747864,0.8378089,0.71884066,0.81215596,0.753299,0.84857166,0.7390065,0.8290403,0.79104084,0.8504188,0.75253433,0.83329004,0.87879115,0.9367476,0.78599244,0.8584492,0.8046456,0.88797987,0.80255103,0.863028,0.84323317,0.90638417
2025-01-01 05:38:00,0.7675101,0.8377746,0.718882,0.81214094,0.7533364,0.8485577,0.7390653,0.829035,0.791104,0.8504076,0.75260663,0.8332935,0.8788348,0.93672246,0.78608465,0.8584663,0.8047337,0.8880079,0.802675,0.8630617,0.8433493,0.90642065
2025-01-01 05:39:00,0.7675331,0.8377541,0.7189099,0.8121314,0.75336015,0.84854734,0.73910147,0.8290289,0.7911418,0.85039663,0.7526495,0.8332914,0.8788586,0.9367016,0.7861402,0.85847324,0.80478704,0.8880227,0.80275285,0.86308163,0.84342337,0.9064437
2025-01-01 05:40:00,0.76755047,0.8377425,0.718929,0.81212544,0.7533751,0.8485393,0.7391229,0.8290222,0.7911631,0.8503857,0.75267315,0.83328557,0.87886953,0.9366834,0.7861718,0.85847354,0.8048179,0.88802904,0.8028007,0.8630924,0.84347016,0.90645814
2025-01-01 05:41:00,0.7675642,0.8377367,0.71894246,0.8121218,0.7533843,0.84853274,0.73913485,0.82901514,0.79117364,0.8503748,0.75268435,0.8332773,0.87887204,0.936667,0.7861879,0.85846955,0.80483425,0.8880299,0.8028291,0.86309737,0.8434992,0.9064669
2025-01-01 05:42:00,0.7675755,0.83773464,0.7189522,0.8121196,0.75338966,0.8485272,0.73914057,0.82900786,0.79117715,0.85036385,0.7526875,0.8332675,0.8788691,0.9366518,0.7861939,0.85846275,0.80484104,0.88802713,0.80284476,0.8630986,0.84351677,0.9064721
2025-01-01 05:43:00,0.7675852,0.837735,0.71895945,0.81211835,0.75339246,0.8485221,0.7391421,0.82900035,0.79117614,0.85035294,0.7526853,0.8332567,0.8788627,0.9366374,0.7861934,0.8584542,0.8048417,0.888022,0.8028523,0.8630973,0.84352684,0.9064749
2025-01-01 05:44:00,0.7675939,0.8377369,0.71896505,0.81211776,0.7533937,0.8485175,0.7391411,0.8289927,0.79117215,0.85034204,0.7526797,0.8332452,0.87885386,0.9366234,0.78618866,0.8584445,0.8048383,0.8880154,0.8028545,0.86309445,0.84353215,0.90647614
2025-01-01 05:45:00,0.7676019,0.83773977,0.71896964,0.81211746,0.7533939,0.84851307,0.7391383,0.828985,0.7911661,0.8503311,0.75267184,0.8332333,0.8788436,0.9366098,0.78618115,0.858434,0.8048324,0.8880079,0.8028533,0.86309063,0.8435343,0.9064765
2025-01-01 05:46:00,0.7676095,0.8377433,0.71897346,0.8121174,0.75339335,0.8485087,0.7391343,0.8289771,0.7911589,0.8503202,0.7526625,0.83322114,0.87883234,0.93659633,0.7861718,0.8584231,0.80482477,0.8879997,0.8028498,0.8630861,0.8435344,0.9064762
2025-01-01 05:47:00,0.7676167,0.83774716,0.71897686,0.8121174,0.7533923,0.84850454,0.73912954,0.82896924,0.7911508,0.8503092,0.7526522,0.83320874,0.8788204,0.93658304,0.78616136,0.85841185,0.80481607,0.8879912,0.80284494,0.8630812,0.84353334,0.90647554
2025-01-01 05:48:00,0.7676237,0.8377513,0.7189799,0.8121176,0.7533909,0.8485003,0.7391243,0.82896125,0.7911421,0.8502982,0.75264126,0.8331962,0.87880814,0.9365698,0.78615016,0.8584004,0.80480665,0.88798237,0.80283916,0.86307615,0.84353137,0.9064747
2025-01-01 05:49:00,0.7676306,0.83775556,0.71898276,0.8121177,0.7533893,0.8484961,0.7391187,0.8289532,0.7911331,0.8502872,0.75263,0.8331836,0.87879556,0.9365567,0.7861385,0.85838884,0.8047969,0.8879735,0.8028328,0.8630709,0.8435289,0.90647376
2025-01-01 05:50:00,0.76763725,0.83775985,0.7189854,0.81211776,0.75338745,0.84849185,0.73911285,0.8289451,0.7911238,0.8502761,0.7526184,0.8331709,0.87878275,0.9365436,0.7861265,0.8583772,0.8047868,0.88796455,0.8028261,0.8630656,0.8435261,0.9064727
2025-01-01 05:51:00,0.76764387,0.83776426,0.7189879,0.8121179,0.7533855,0.84848756,0.7391068,0.828937,0.79111433,0.850265,0.7526066,0.83315814,0.8787698,0.93653053,0.78611434,0.8583656,0.80477655,0.88795555,0.80281913,0.8630602,0.84352314,0.9064716
2025-01-01 05:52:00,0.76765037,0.8377687,0.7189902,0.8121179,0.7533835,0.84848326,0.73910064,0.8289288,0.79110473,0.85025394,0.75259465,0.83314544,0.8787569,0.93651754,0.78610206,0.858354,0.8047662,0.8879465,0.80281204,0.8630549,0.8435201,0.90647054
2025-01-01 05:53:00,0.76765686,0.837773,0.71899253,0.81211793,0.7533814,0.8484789,0.7390944,0.8289206,0.791095,0.85024273,0.7525826,0.8331326,0.8787439,0.9365045,0.78608966,0.8583423,0.8047558,0.8879375,0.8028049,0.86304957,0.84351695,0.90646946
2025-01-01 05:54:00,0.76766324,0.8377773,0.7189948,0.8121179,0.75337917,0.8484745,0.73908806,0.8289123,0.7910852,0.8502316,0.7525705,0.83311975,0.87873083,0.9364915,0.78607726,0.8583306,0.80474544,0.8879285,0.80279773,0.86304426,0.84351385,0.9064685
2025-01-01 05:55:00,0.76766956,0.8377816,0.71899694,0.8121178,0.7533769,0.8484701,0.7390816,0.82890403,0.79107535,0.8502203,0.75255835,0.83310694,0.8787178,0.9364785,0.7860648,0.8583189,0.804735,0.8879195,0.8027906,0.86303896,0.8435107,0.9064675
2025-01-01 05:56:00,0.7676758,0.83778584,0.718999,0.81211764,0.7533745,0.84846556,0.7390751,0.8288957,0.79106545,0.8502091,0.7525462,0.8330941,0.8787047,0.93646556,0.7860524,0.85830736,0.8047247,0.8879106,0.8027835,0.8630338,0.84350765,0.9064666
2025-01-01 05:57:00,0.7676821,0.83779,0.71900105,0.81211746,0.75337213,0.84846103,0.7390685,0.8288873,0.79105544,0.85019785,0.752534,0.83308125,0.8786916,0.93645257,0.78603995,0.85829574,0.80471426,0.88790166,0.8027764,0.8630286,0.84350467,0.9064657
2025-01-01 05:58:00,0.7676883,0.8377941,0.719003,0.8121172,0.7533696,0.8484564,0.7390619,0.8288788,0.7910454,0.8501865,0.7525217,0.8330684,0.8786785,0.9364396,0.7860275,0.8582842,0.8047039,0.8878928,0.8027693,0.86302346,0.8435016,0.9064649
2025-01-01 05:59:00,0.76769435,0.8377982,0.71900487,0.81211686,0.7533671,0.84845173,0.7390552,0.82887036,0.79103535,0.8501752,0.7525094,0.8330555,0.8786654,0.93642664,0.7860151,0.8582726,0.8046936,0.887884,0.80276227,0.86301833,0.84349865,0.90646416
2025-01-01 06:00:00,0.7692362,0.83714914,0.72110176,0.81227565,0.75544155,0.8487016,0.7419971,0.8296096,0.7941409,0.85073763,0.75601006,0.83420265,0.88105303,0.9364207,0.79007316,0.85976774,0.808526,0.8895524,0.8076293,0.8648098,0.84786516,0.9080778
2025-01-01 06:01:00,0.7702405,0.8367286,0.7224653,0.8123787,0.7567889,0.8488623,0.7439069,0.830087,0.79615587,0.85109913,0.7582811,0.8349437,0.8826004,0.9364123,0.7927066,0.86073554,0.8110135,0.8906339,0.8107904,0.8659726,0.8507024,0.90912646
2025-01-01 06:02:00,0.7708953,0.8364566,0.72335213,0.81244546,0.7576637,0.848965,0.7451459,0.8303943,0.7974621,0.85133016,0.759753,0.83542097,0.88360167,0.9364023,0.7944141,0.8613606,0.8126269,0.8913338,0.81284285,0.86672664,0.8525457,0.909808
2025-01-01 06:03:00,0.771323,0.8362811,0.7239291,0.8124886,0.75823134,0.84903,0.74594873,0.83059096,0.79830754,0.8514763,0.7607054,0.8357266,0.88424784,0.9363913,0.79551965,0.86176294,0.813672,0.8917858,0.81417453,0.86721516,0.8537429,0.9102508
2025-01-01 06:04:00,0.77160305,0.83616835,0.7243047,0.81251645,0.7585993,0.8490705,0.7464682,0.8307158,0.79885346,0.8515672,0.7613201,0.83592075,0.8846633,0.9363797,0.7962339,0.86202043,0.81434774,0.8920766,0.8150377,0.867531,0.8545202,0.9105385
2025-01-01 06:05:00,0.7717871,0.8360962,0.72454935,0.8125343,0.7588374,0.84909505,0.74680334,0.83079386,0.7992047,0.8516223,0.7617153,0.8360424,0.88492876,0.9363676,0.79669386,0.86218387,0.8147835,0.89226264,0.8155965,0.8677347,0.8550246,0.9107254
2025-01-01 06:06:00,0.77190864,0.8360507,0.72470886,0.81254554,0.7589911,0.84910923,0.74701875,0.8308414,0.79942936,0.85165405,0.76196784,0.83611697,0.8850968,0.93635523,0.7969886,0.86228615,0.8150633,0.8923806,0.8159574,0.86786544,0.85535157,0.9108468
2025-01-01 06:07:00,0.77198964,0.8360223,0.724813,0.8125526,0.75908995,0.8491166,0.7471562,0.83086926,0.7995717,0.8516706,0.7621276,0.83616084,0.88520133,0.9363427,0.7971759,0.8623487,0.81524163,0.8924543,0.8161897,0.8679489,0.8555632,0.9109257
2025-01-01 06:08:00,0.77204424,0.8360051,0.7248812,0.8125568,0.7591531,0.84911954,0.74724305,0.8308842,0.7996606,0.85167736,0.76222706,0.83618486,0.8852647,0.93633,0.7972933,0.86238533,0.81535405,0.8924994,0.8163384,0.8680015,0.8557,0.9109769
2025-01-01 06:09:00,0.7720817,0.83599514,0.7249259,0.8125592,0.75919306,0.84911966,0.7472969,0.83089083,0.7997148,0.8516776,0.7622874,0.8361959,0.8853013,0.9363173,0.79736537,0.86240536,0.81542367,0.89252573,0.81643283,0.8680342,0.8557881,0.91101015
2025-01-01 06:10:00,0.77210796,0.8359898,0.7249554,0.8125604,0.7592179,0.8491178,0.7473294,0.83089197,0.7997463,0.85167366,0.7623221,0.8361985,0.88532054,0.93630457,0.7974079,0.86241436,0.81546545,0.89254,0.81649196,0.86805385,0.85584456,0.9110317
2025-01-01 06:11:00,0.77212685,0.83598745,0.72497493,0.81256074,0.7592329,0.8491147,0.74734795,0.8308895,0.7997631,0.851667,0.76234037,0.83619565,0.8853284,0.9362918,0.79743135,0.8624163,0.8154892,0.89254636,0.8165281,0.8680652,0.85588056,0.9110458
2025-01-01 06:12:00,0.7721411,0.83598715,0.72498804,0.8125606,0.7592414,0.8491108,0.7473574,0.8308847,0.79977024,0.8516586,0.7623478,0.83618927,0.88532895,0.936279,0.7974423,0.8624137,0.8155012,0.89254767,0.8165494,0.868071,0.8559032,0.9110549
2025-01-01 06:13:00,0.7721521,0.835988,0.7249969,0.8125601,0.7592458,0.8491064,0.747361,0.8308784,0.7997712,0.85164905,0.7623483,0.83618057,0.8853248,0.93626624,0.79744524,0.86240816,0.81550556,0.89254564,0.81656104,0.86807334,0.85591716,0.9110609
2025-01-01 06:14:00,0.7721612,0.83598965,0.72500294,0.8125593,0.7592475,0.8491015,0.7473607,0.83087105,0.79976815,0.8516387,0.7623442,0.8361704,0.88531744,0.9362534,0.7974429,0.86240065,0.815505,0.8925415,0.81656647,0.86807334,0.85592556,0.9110649
2025-01-01 06:15:00,0.7721689,0.83599186,0.72500724,0.81255835,0.75924724,0.8490964,0.74735785,0.83086306,0.7997624,0.8516278,0.7623371,0.8361591,0.88530815,0.9362406,0.79743713,0.86239195,0.81550133,0.89253604,0.81656784,0.8680719,0.85593027,0.9110676
2025-01-01 06:16:00,0.77217567,0.83599436,0.72501034,0.8125572,0.7592459,0.8490911,0.7473533,0.83085465,0.7997549,0.8516166,0.7623281,0.8361473,0.8852975,0.93622786,0.7974292,0.8623825,0.8154955,0.89252967,0.8165666,0.86806965,0.8559328,0.91106945
2025-01-01 06:17:00,0.77218187,0.835997,0.7250126,0.812556,0.7592437,0.8490857,0.7473478,0.8308459,0.7997463,0.8516052,0.76231784,0.836135,0.88528603,0.9362151,0.7974198,0.8623724,0.8154884,0.89252275,0.81656367,0.8680667,0.85593367,0.9110708
2025-01-01 06:18:00,0.7721877,0.8359997,0.72501427,0.81255466,0.75924104,0.84908015,0.7473414,0.8308369,0.79973686,0.85159355,0.7623067,0.83612245,0.88527393,0.93620235,0.7974095,0.862362,0.8154804,0.8925155,0.8165596,0.8680634,0.85593367,0.91107184
2025-01-01 06:19:00,0.7721932,0.8360025,0.72501564,0.8125533,0.759238,0.8490745,0.7473346,0.8308278,0.799727,0.8515819,0.762295,0.8361098,0.88526154,0.93618965,0.7973986,0.86235154,0.81547195,0.89250803,0.81655496,0.8680599,0.855933,0.9110727
2025-01-01 06:20:00,0.7721985,0.83600533,0.7250167,0.81255174,0.75923467,0.84906876,0.7473275,0.8308185,0.7997168,0.8515701,0.762283,0.83609694,0.8852489,0.93617696,0.79738736,0.86234087,0.81546307,0.8925004,0.81654984,0.8680563,0.85593206,0.9110734
2025-01-01 06:21:00,0.7722037,0.83600813,0.7250176,0.8125502,0.75923115,0.849063,0.7473201,0.83080924,0.7997063,0.85155827,0.76227075,0.836084,0.8852361,0.9361642,0.7973759,0.86233014,0.815454,0.8924928,0.8165444,0.86805266,0.85593086,0.9110741
2025-01-01 06:22:00,0.77220875,0.8360109,0.7250184,0.8125486,0.7592275,0.8490571,0.74731255,0.8307998,0.7996957,0.85154635,0.76225835,0.836071,0.8852232,0.9361515,0.79736423,0.8623194,0.8154448,0.8924851,0.8165389,0.8680489,0.85592955,0.91107476
2025-01-01 06:23:00,0.77221364,0.83601356,0.72501904,0.8125469,0.75922376,0.8490512,0.7473049,0.8307904,0.799685,0.8515344,0.7622459,0.836058,0.8852103,0.93613887,0.79735255,0.8623086,0.8154356,0.8924774,0.81653327,0.8680452,0.8559282,0.9110755
2025-01-01 06:24:00,0.7722185,0.83601624,0.7250196,0.8125451,0.7592199,0.8490452,0.74729717,0.83078086,0.7996742,0.85152245,0.76223326,0.836045,0.8851973,0.9361262,0.79734075,0.8622979,0.8154263,0.89246976,0.81652766,0.8680415,0.85592675,0.9110762
2025-01-01 06:25:00,0.77222335,0.8360189,0.7250201,0.81254333,0.759216,0.84903914,0.7472893,0.8307713,0.7996633,0.8515104,0.7622206,0.836032,0.8851843,0.93611354,0.79732895,0.8622871,0.815417,0.89246213,0.816522,0.86803794,0.8559253,0.91107696
2025-01-01 06:26:00,0.7722281,0.8360215,0.72502047,0.8125415,0.75921196,0.8490331,0.74728143,0.83076173,0.7996524,0.8514984,0.7622079,0.8360189,0.88517135,0.93610096,0.79731715,0.8622764,0.81540775,0.8924545,0.8165164,0.8680343,0.85592395,0.9110778
2025-01-01 06:27:00,0.7722328,0.836024,0.72502077,0.8125396,0.7592079,0.849027,0.7472734,0.8307521,0.79964143,0.8514864,0.76219517,0.8360058,0.8851583,0.9360883,0.7973054,0.8622657,0.8153986,0.89244694,0.8165108,0.8680307,0.85592264,0.91107863
2025-01-01 06:28:00,0.77223736,0.8360265,0.725021,0.8125376,0.7592038,0.8490208,0.74726534,0.8307424,0.79963034,0.8514743,0.7621824,0.8359927,0.88514525,0.9360757,0.7972936,0.86225504,0.81538934,0.8924394,0.8165052,0.8680272,0.8559213,0.9110795
2025-01-01 06:29:00,0.77224195,0.8360289,0.72502124,0.8125356,0.75919956,0.8490146,0.7472573,0.8307327,0.7996193,0.8514622,0.76216966,0.83597964,0.88513225,0.9360632,0.7972818,0.86224437,0.81538016,0.892432,0.81649965,0.86802375,0.85592,0.9110805
2025-01-01 06:30:00,0.7745266,0.8359757,0.7279732,0.8133486,0.7620967,0.849841,0.7510731,0.83213466,0.8035113,0.8526026,0.76648027,0.8377604,0.8880982,0.93644184,0.8020443,0.86430377,0.8198786,0.8945665,0.8220119,0.87032735,0.8608074,0.9130751
2025-01-01 06:31:00,0.7760132,0.835942,0.729892,0.8138763,0.7639783,0.85037595,0.7535505,0.8330425,0.8060372,0.85333955,0.76927763,0.8389133,0.8900215,0.93668354,0.8051358,0.86563873,0.82279944,0.8959514,0.825593,0.87182355,0.86398387,0.914372
2025-01-01 06:32:00,0.776981,0.83592075,0.73113924,0.8142185,0.7651998,0.8507214,0.75515795,0.83362913,0.80767506,0.8538143,0.77109146,0.8396582,0.8912671,0.9368363,0.8071412,0.86650276,0.8246948,0.896849,0.8279188,0.872795,0.8660482,0.91521543
2025-01-01 06:33:00,0.7776115,0.83590764,0.7319498,0.81444013,0.76599216,0.8509437,0.75619984,0.83400697,0.8087357,0.85411865,0.77226603,0.8401377,0.8920722,0.93693125,0.8084406,0.8670608,0.82592374,0.89742994,0.82942885,0.8734253,0.8673897,0.9157641
2025-01-01 06:34:00,0.7780228,0.8358999,0.73247665,0.8145833,0.76650566,0.8510859,0.75687414,0.8342491,0.80942124,0.8543122,0.7730249,0.8404448,0.892591,0.93698853,0.8092812,0.86741984,0.8267194,0.8978051,0.8304085,0.87383395,0.8682614,0.91612124
2025-01-01 06:35:00,0.77829164,0.83589554,0.73281896,0.8146755,0.7668378,0.85117596,0.7573095,0.8344029,0.80986285,0.85443366,0.7735137,0.8406398,0.89292365,0.9370215,0.8098235,0.86764956,0.82723343,0.89804643,0.8310435,0.8740985,0.86882764,0.9163539
2025-01-01 06:36:00,0.7784678,0.8358934,0.7330414,0.8147346,0.7670521,0.85123223,0.7575895,0.8344994,0.8101459,0.85450834,0.7738269,0.8407621,0.89313537,0.93703854,0.810172,0.8677953,0.82756454,0.89820087,0.83145446,0.8742694,0.8691955,0.9165056
2025-01-01 06:37:00,0.77858365,0.8358926,0.7331858,0.814772,0.7671897,0.85126644,0.7577685,0.8345586,0.810326,0.85455257,0.774026,0.84083694,0.8932684,0.9370453,0.8103945,0.86788636,0.8277767,0.8982988,0.8317198,0.8743795,0.8694343,0.91660476
2025-01-01 06:38:00,0.7786604,0.8358927,0.7332796,0.8147955,0.7672775,0.8512863,0.7578819,0.83459353,0.810439,0.854577,0.77415085,0.840881,0.89335036,0.9370453,0.8105351,0.86794204,0.8279115,0.89835995,0.8318906,0.8744501,0.8695893,0.9166697
2025-01-01 06:39:00,0.7787116,0.8358934,0.7333404,0.81480974,0.7673328,0.8512968,0.7579525,0.83461267,0.8105085,0.85458857,0.7742275,0.840905,0.89339906,0.937041,0.81062245,0.8679746,0.8279961,0.8983973,0.8319998,0.87449497,0.8696899,0.9167126
2025-01-01 06:40:00,0.7787463,0.8358944,0.73337966,0.8148181,0.7673671,0.8513012,0.7579955,0.8346216,0.8105497,0.8545918,0.7742728,0.84091604,0.8934263,0.93703383,0.8106752,0.8679922,0.828048,0.89841926,0.8320691,0.8745232,0.869755,0.916741
2025-01-01 06:41:00,0.77877015,0.8358957,0.733405,0.81482255,0.7673877,0.8513017,0.7580203,0.83462375,0.8105724,0.85458946,0.7742977,0.84091866,0.8934395,0.9370249,0.81070554,0.86800015,0.8280788,0.89843106,0.8321125,0.8745406,0.8697973,0.9167601
2025-01-01 06:42:00,0.778787,0.8358971,0.73342127,0.81482446,0.7673993,0.8512995,0.7580334,0.8346216,0.8105831,0.8545837,0.7743094,0.84091574,0.89344347,0.9370147,0.8107213,0.8680017,0.8280958,0.89843637,0.832139,0.874551,0.8698246,0.91677314
2025-01-01 06:43:00,0.7787992,0.8358985,0.7334316,0.8148246,0.7674051,0.8512957,0.7580388,0.8346166,0.8105861,0.8545756,0.7743125,0.84090924,0.8934416,0.9370039,0.81072754,0.8679992,0.82810384,0.8984375,0.8321546,0.87455684,0.8698422,0.91678226
2025-01-01 06:44:00,0.7788084,0.83589995,0.733438,0.8148237,0.7674071,0.8512908,0.75803924,0.83460975,0.810584,0.854566,0.77430993,0.8409004,0.89343584,0.9369925,0.81072766,0.86799407,0.82810616,0.8984359,0.83216316,0.87455976,0.8698535,0.9167889
2025-01-01 06:45:00,0.7788157,0.8359013,0.7334419,0.814822,0.7674066,0.8512851,0.7580364,0.83460164,0.8105785,0.85455537,0.7743037,0.8408901,0.8934276,0.9369808,0.8107237,0.8679872,0.8281047,0.8984325,0.8321671,0.87456083,0.86986077,0.9167938
2025-01-01 06:46:00,0.77882165,0.83590275,0.7334441,0.8148199,0.76740444,0.85127884,0.7580314,0.83459276,0.8105709,0.8545441,0.77429515,0.8408789,0.8934178,0.936969,0.8107173,0.8679793,0.8281008,0.8984281,0.83216804,0.87456065,0.8698655,0.9167978
2025-01-01 06:47:00,0.7788267,0.83590406,0.7334452,0.81481737,0.76740116,0.8512723,0.75802517,0.8345832,0.8105619,0.8545324,0.774285,0.840867,0.89340687,0.93695694,0.8107091,0.86797065,0.8280954,0.8984229,0.8321671,0.87455976,0.86986846,0.9168011
2025-01-01 06:48:00,0.7788312,0.8359054,0.7334456,0.8148147,0.7673972,0.8512655,0.7580179,0.83457345,0.81055194,0.85452044,0.77427393,0.84085464,0.89339525,0.9369449,0.8106999,0.8679616,0.8280889,0.89841723,0.83216494,0.8745583,0.86987036,0.91680396
2025-01-01 06:49:00,0.7788353,0.8359067,0.73344547,0.81481177,0.7673928,0.8512585,0.75801,0.8345634,0.81054145,0.8545082,0.77426213,0.840842,0.89338326,0.9369328,0.8106899,0.8679522,0.8280818,0.89841133,0.83216196,0.87455666,0.8698716,0.9168066
2025-01-01 06:50:00,0.7788391,0.8359079,0.733445,0.81480867,0.76738805,0.85125136,0.75800174,0.8345532,0.8105305,0.85449594,0.7742499,0.84082925,0.893371,0.93692064,0.8106797,0.8679427,0.82807434,0.89840525,0.8321585,0.8745548,0.86987245,0.91680914
2025-01-01 06:51:00,0.7788428,0.83590907,0.7334443,0.8148055,0.76738304,0.85124415,0.7579931,0.8345428,0.8105193,0.85448354,0.77423745,0.84081644,0.8933585,0.93690854,0.810669,0.8679331,0.82806665,0.8983991,0.8321548,0.87455285,0.869873,0.9168116
2025-01-01 06:52:00,0.77884626,0.83591014,0.7334434,0.8148023,0.76737785,0.8512369,0.7579843,0.8345324,0.81050783,0.8544711,0.7742248,0.84080344,0.89334595,0.9368964,0.8106582,0.86792344,0.8280588,0.8983929,0.8321509,0.8745509,0.8698734,0.916814
2025-01-01 06:53:00,0.7788496,0.8359112,0.73344237,0.81479895,0.7673725,0.85122955,0.7579754,0.8345219,0.81049633,0.85445863,0.774212,0.8407904,0.89333326,0.9368843,0.81064737,0.8679138,0.82805085,0.8983868,0.83214694,0.8745489,0.86987376,0.9168165
2025-01-01 06:54:00,0.7788529,0.83591217,0.73344123,0.81479555,0.76736706,0.8512221,0.75796634,0.8345113,0.81048465,0.8544461,0.7741991,0.8407774,0.8933206,0.9368722,0.81063646,0.8679041,0.82804286,0.8983806,0.8321429,0.8745469,0.8698741,0.9168189
2025-01-01 06:55:00,0.7788561,0.8359131,0.73344,0.81479204,0.7673615,0.8512146,0.75795716,0.8345007,0.8104729,0.8544335,0.77418613,0.84076434,0.89330786,0.9368601,0.8106255,0.8678945,0.8280349,0.89837444,0.83213884,0.874545,0.8698745,0.9168214
2025-01-01 06:56:00,0.77885914,0.835914,0.73343873,0.8147885,0.767356,0.8512071,0.757948,0.83448994,0.81046116,0.8544209,0.7741732,0.84075123,0.89329517,0.936848,0.8106145,0.8678848,0.8280269,0.89836824,0.8321348,0.874543,0.8698748,0.91682386
2025-01-01 06:57:00,0.7788622,0.83591485,0.7334373,0.81478494,0.7673503,0.85119945,0.75793874,0.8344793,0.8104494,0.85440826,0.7741602,0.8407382,0.8932825,0.936836,0.8106036,0.8678752,0.82801896,0.89836216,0.8321308,0.8745411,0.8698752,0.9168264
2025-01-01 06:58:00,0.77886516,0.83591557,0.7334358,0.8147813,0.7673446,0.8511918,0.75792944,0.8344685,0.8104375,0.8543956,0.77414715,0.8407251,0.8932697,0.93682396,0.81059265,0.8678656,0.82801104,0.8983561,0.8321268,0.8745393,0.8698756,0.91682905
2025-01-01 06:59:00,0.7788681,0.8359163,0.7334343,0.8147776,0.7673388,0.8511841,0.7579201,0.8344577,0.81042564,0.854383,0.7741341,0.840712,0.89325696,0.936812,0.81058174,0.8678561,0.82800317,0.8983501,0.83212286,0.8745375,0.869876,0.91683173
2025-01-01 07:00:00,0.7818548,0.8364602,0.7371887,0.8162304,0.77100694,0.85257256,0.76254195,0.83649737,0.8150346,0.8560809,0.77917784,0.8430949,0.89674824,0.9375685,0.81596345,0.87044305,0.8330873,0.9009126,0.8381817,0.87731236,0.8751971,0.9191717
2025-01-01 07:01:00,0.78379714,0.83681387,0.7396284,0.81717336,0.7733891,0.85347223,0.7655428,0.83781934,0.8180263,0.8571802,0.7824517,0.8446392,0.8990131,0.938056,0.81945777,0.87212133,0.8363893,0.90257615,0.8421185,0.87911546,0.878656,0.92069376
2025-01-01 07:02:00,0.7850606,0.83704394,0.74121356,0.81778485,0.77493536,0.85405433,0.76749,0.8386748,0.8199667,0.8578902,0.78457516,0.8456384,0.9004808,0.93836874,0.8217253,0.87320894,0.83853287,0.90365547,0.8446762,0.880287,0.8809046,0.9216841
2025-01-01 07:03:00,0.7858827,0.8371936,0.7422433,0.8181809,0.77593833,0.8544299,0.7687524,0.839227,0.8212237,0.8583473,0.78595084,0.8462833,0.9014304,0.93856794,0.82319546,0.87391263,0.83992356,0.90435505,0.8463375,0.88104796,0.8823664,0.9223289
2025-01-01 07:04:00,0.786418,0.837291,0.74291193,0.818437,0.77658814,0.85467124,0.7695695,0.83958215,0.82203656,0.8586399,0.7868404,0.846698,0.9020432,0.9386933,0.82414734,0.87436676,0.8408248,0.90480775,0.84741604,0.8815421,0.88331693,0.92274904
2025-01-01 07:05:00,0.7867668,0.83735436,0.7433459,0.8186019,0.77700835,0.85482526,0.77009726,0.839809,0.82256067,0.8588256,0.7874141,0.8469629,0.90243715,0.9387706,0.8247622,0.87465876,0.84140795,0.90510005,0.84811586,0.8818628,0.88393503,0.9230232
2025-01-01 07:06:00,0.78699434,0.8373956,0.74362725,0.8187077,0.7772793,0.85492253,0.7704369,0.8399527,0.82289714,0.85894185,0.7877823,0.84713066,0.90268874,0.93881667,0.82515824,0.87484527,0.8417845,0.9052881,0.8485696,0.88207084,0.8843371,0.9232026
2025-01-01 07:07:00,0.78714305,0.83742255,0.7438094,0.81877494,0.7774533,0.8549829,0.77065426,0.8400422,0.8231116,0.85901296,0.78801715,0.847235,0.90284795,0.93884254,0.8254119,0.8749634,0.8420266,0.9054084,0.84886324,0.88220567,0.88459885,0.92332023
2025-01-01 07:08:00,0.78724056,0.83744,0.74392706,0.8188172,0.7775641,0.85501933,0.77079207,0.8400964,0.8232467,0.85905474,0.78816515,0.8472984,0.902947,0.9388553,0.82557315,0.87503695,0.8421813,0.9054847,0.84905297,0.88229287,0.8847694,0.9233979
2025-01-01 07:09:00,0.7873047,0.8374514,0.74400276,0.8188431,0.77763385,0.8550401,0.77087826,0.8401278,0.82333034,0.85907733,0.7882568,0.847335,0.90300703,0.9388594,0.82567424,0.87508154,0.84227943,0.90553236,0.84917516,0.88234913,0.8848806,0.9234495
2025-01-01 07:10:00,0.7873472,0.8374588,0.74405116,0.81885844,0.777677,0.8550507,0.77093077,0.8401443,0.8233804,0.8590876,0.7883118,0.84735423,0.90304166,0.9388581,0.8257363,0.87510747,0.8423406,0.9055615,0.8492534,0.8823854,0.8849533,0.92348427
2025-01-01 07:11:00,0.7873755,0.8374636,0.74408185,0.81886685,0.77770275,0.8550547,0.77096146,0.8401511,0.82340866,0.85908973,0.78834295,0.8473622,0.9030597,0.9388531,0.82577294,0.8751211,0.84237784,0.9055786,0.8493032,0.8824086,0.885001,0.92350805
2025-01-01 07:12:00,0.7873947,0.83746666,0.7441009,0.8188707,0.77771723,0.8550543,0.770978,0.84015155,0.8234228,0.8590866,0.7883586,0.8473629,0.9030672,0.9388458,0.82579315,0.87512684,0.84239954,0.90558785,0.8493345,0.8824234,0.8850325,0.9235247
2025-01-01 07:13:00,0.7874078,0.83746856,0.7441125,0.8188716,0.7777243,0.8550512,0.7709851,0.8401479,0.8234277,0.8590801,0.7883643,0.8473587,0.9030676,0.938837,0.82580256,0.8751275,0.84241116,0.90559214,0.84935373,0.88243264,0.8850534,0.9235368
2025-01-01 07:14:00,0.78741705,0.83746976,0.7441192,0.8188706,0.77772665,0.8550462,0.7709864,0.8401416,0.82342654,0.8590713,0.78836334,0.8473515,0.90306354,0.9388272,0.82580507,0.8751248,0.84241617,0.9055931,0.8493652,0.8824384,0.8850675,0.9235459
2025-01-01 07:15:00,0.78742373,0.83747035,0.7441226,0.8188683,0.7777258,0.85504,0.7709836,0.84013355,0.8234215,0.8590612,0.7883581,0.8473423,0.90305656,0.93881685,0.8258031,0.87512,0.84241694,0.90559196,0.84937155,0.88244194,0.8850772,0.92355305
2025-01-01 07:16:00,0.78742874,0.83747065,0.74412394,0.8188652,0.7777229,0.855033,0.7709783,0.8401243,0.8234139,0.85905004,0.7883501,0.84733176,0.9030477,0.938806,0.8257982,0.8751137,0.84241503,0.90558946,0.8493747,0.8824439,0.88508403,0.92355907
2025-01-01 07:17:00,0.78743255,0.83747065,0.74412394,0.8188614,0.77771866,0.85502535,0.77097124,0.8401143,0.8234047,0.8590383,0.78834033,0.8473204,0.9030376,0.938795,0.8257915,0.87510663,0.8424114,0.90558606,0.8493757,0.88244504,0.88508904,0.92356426
2025-01-01 07:18:00,0.7874357,0.83747053,0.7441229,0.8188573,0.7777135,0.8550174,0.7709632,0.8401038,0.82339436,0.85902613,0.78832936,0.84730846,0.9030267,0.9387838,0.8257835,0.875099,0.8424066,0.9055822,0.8493755,0.8824455,0.88509285,0.923569
2025-01-01 07:19:00,0.78743833,0.83747023,0.7441214,0.81885296,0.77770776,0.85500926,0.7709544,0.84009296,0.82338333,0.85901374,0.7883177,0.8472962,0.90301526,0.9387725,0.8257747,0.875091,0.8424011,0.9055779,0.8493743,0.88244563,0.8850959,0.92357343
2025-01-01 07:20:00,0.7874406,0.8374698,0.74411935,0.81884843,0.77770156,0.8550009,0.770945,0.84008193,0.8233718,0.8590011,0.7883055,0.84728366,0.9030035,0.9387612,0.8257655,0.8750828,0.84239507,0.9055735,0.8493727,0.8824456,0.8850985,0.92357767
2025-01-01 07:21:00,0.7874426,0.83746934,0.74411696,0.8188437,0.7776951,0.8549924,0.77093536,0.84007066,0.82336,0.8589884,0.788293,0.847271,0.9029916,0.93874985,0.82575595,0.87507445,0.8423888,0.90556896,0.84937066,0.8824454,0.88510084,0.92358184
2025-01-01 07:22:00,0.7874445,0.8374688,0.74411446,0.8188389,0.77768844,0.8549838,0.77092546,0.8400594,0.823348,0.8589756,0.7882803,0.8472583,0.90297955,0.9387385,0.82574624,0.87506604,0.84238243,0.9055643,0.84936845,0.88244516,0.885103,0.92358595
2025-01-01 07:23:00,0.78744614,0.83746815,0.7441118,0.81883395,0.77768165,0.8549751,0.77091545,0.840048,0.8233358,0.8589627,0.78826743,0.8472455,0.9029674,0.9387272,0.8257364,0.87505764,0.84237593,0.90555966,0.8493661,0.8824449,0.88510513,0.92359006
2025-01-01 07:24:00,0.7874478,0.8374674,0.744109,0.81882894,0.7776748,0.8549664,0.77090526,0.8400365,0.82332355,0.85894984,0.7882545,0.8472327,0.90295523,0.9387159,0.8257265,0.8750492,0.84236944,0.90555507,0.84936374,0.8824446,0.88510716,0.9235942
2025-01-01 07:25:00,0.7874493,0.8374666,0.74410605,0.8188239,0.77766776,0.8549575,0.770895,0.840025,0.8233112,0.85893697,0.7882415,0.8472199,0.902943,0.93870455,0.8257166,0.87504077,0.8423629,0.9055505,0.84936136,0.8824444,0.88510925,0.92359835
2025-01-01 07:26:00,0.78745073,0.83746576,0.7441031,0.8188187,0.7776607,0.85494864,0.7708847,0.84001344,0.8232988,0.858924,0.78822845,0.84720707,0.90293086,0.9386932,0.82570666,0.8750324,0.8423563,0.90554595,0.849359,0.8824442,0.8851113,0.9236025
2025-01-01 07:27:00,0.78745204,0.83746487,0.74410003,0.8188135,0.77765363,0.85493976,0.7708743,0.8400018,0.8232864,0.858911,0.7882154,0.84719425,0.90291864,0.93868196,0.82569677,0.875024,0.8423499,0.9055414,0.84935665,0.882444,0.88511336,0.9236067
2025-01-01 07:28:00,0.78745335,0.8374639,0.7440969,0.81880826,0.77764636,0.8549308,0.7708639,0.8399902,0.8232739,0.85889804,0.78820235,0.8471814,0.9029064,0.93867075,0.8256869,0.87501574,0.8423434,0.90553695,0.8493544,0.8824439,0.8851155,0.923611
2025-01-01 07:29:00,0.78745455,0.8374629,0.74409366,0.81880295,0.77763915,0.85492176,0.7708534,0.8399785,0.8232614,0.858885,0.78818923,0.84716856,0.9028942,0.93865955,0.825677,0.8750074,0.8423369,0.9055325,0.8493521,0.88244385,0.88511765,0.9236153
2025-01-01 07:30:00,0.79109,0.83859396,0.7485834,0.82086945,0.78201276,0.8568474,0.77619857,0.84261936,0.8285051,0.8611101,0.7938762,0.85011077,0.9068484,0.9397803,0.8315818,0.87807566,0.84791607,0.9084771,0.85584956,0.88564014,0.89077735,0.9262591
2025-01-01 07:31:00,0.79345345,0.8393287,0.75150055,0.82221085,0.78485304,0.85809577,0.7796693,0.84433186,0.8319091,0.86255187,0.7975681,0.8520187,0.90941435,0.94050497,0.83541656,0.8800672,0.85154027,0.9103896,0.8600722,0.8877178,0.894457,0.9279791
2025-01-01 07:32:00,0.79499,0.8398059,0.75339544,0.8230807,0.78669655,0.858904,0.7819215,0.84544075,0.8341173,0.86348444,0.7999633,0.8532544,0.91107804,0.94097203,0.8379057,0.88135886,0.8538939,0.9116313,0.86281615,0.88906837,0.8968496,0.9290987
2025-01-01 07:33:00,0.7959891,0.84011555,0.75462586,0.82364416,0.7878922,0.85942614,0.78338164,0.8461575,0.8355482,0.86408603,0.8015155,0.85405314,0.9121552,0.9412718,0.8395203,0.88219565,0.85542154,0.9124369,0.86459905,0.88994634,0.8984056,0.9298281
2025-01-01 07:34:00,0.7966388,0.84031636,0.75542444,0.82400846,0.7886668,0.8597623,0.7843271,0.8466192,0.83647394,0.86447257,0.80252,0.8545679,0.9128511,0.9414628,0.84056646,0.88273674,0.8564124,0.9129592,0.8657572,0.8905171,0.89941794,0.9303039
2025-01-01 07:35:00,0.7970613,0.84044635,0.7559422,0.82424325,0.7891675,0.85997754,0.78493786,0.8469152,0.8370712,0.86471915,0.80316824,0.854898,0.91329926,0.94158316,0.8412431,0.88308567,0.85705435,0.9132973,0.86650944,0.8908883,0.90007687,0.93061477
2025-01-01 07:36:00,0.7973363,0.8405304,0.75627744,0.8243938,0.7894903,0.86011416,0.7853311,0.84710336,0.837455,0.8648749,0.80358505,0.8551081,0.9135864,0.94165754,0.8416795,0.8833097,0.8574695,0.9135156,0.8669977,0.89112973,0.90050614,0.93081856
2025-01-01 07:37:00,0.7975152,0.8405844,0.75649405,0.82448965,0.7896974,0.86019963,0.78558284,0.84722155,0.8377,0.86497164,0.80385137,0.8552402,0.91376877,0.94170207,0.8419599,0.8834526,0.8577373,0.91365623,0.8673146,0.8912868,0.9007861,0.93095267
2025-01-01 07:38:00,0.7976317,0.84061897,0.7566335,0.8245499,0.7898293,0.8602519,0.7857427,0.8472942,0.83785486,0.8650299,0.8040199,0.85532165,0.91388315,0.9417272,0.8421388,0.8835428,0.85790926,0.91374624,0.8675199,0.89138913,0.900969,0.9310416
2025-01-01 07:39:00,0.7977076,0.8406408,0.7567228,0.824587,0.7899124,0.86028254,0.78584284,0.84733725,0.837951,0.8650632,0.80412495,0.85537016,0.9139533,0.94173974,0.8422518,0.8835986,0.85801905,0.91380346,0.8676529,0.8914559,0.9010889,0.9311011
2025-01-01 07:40:00,0.79775715,0.84065443,0.7567795,0.82460904,0.78996354,0.8602991,0.7859041,0.84736097,0.8380091,0.8650802,0.80418855,0.8553972,0.9139948,0.94174415,0.84232193,0.8836323,0.8580883,0.9138393,0.8677387,0.89149946,0.90116787,0.9311415
2025-01-01 07:41:00,0.79778945,0.8406626,0.75681496,0.8246212,0.78999406,0.86030656,0.78594005,0.84737223,0.83804244,0.86508673,0.80422544,0.85541046,0.91401756,0.9417432,0.8423643,0.88365144,0.85813135,0.91386133,0.867794,0.89152807,0.90122026,0.93116957
2025-01-01 07:42:00,0.7978106,0.8406673,0.7568366,0.82462704,0.7900111,0.86030805,0.7859596,0.84737533,0.8380596,0.8650864,0.8042448,0.85541457,0.9140282,0.94173884,0.8423886,0.88366127,0.85815734,0.9138744,0.8678294,0.8915469,0.9012553,0.9311896
2025-01-01 07:43:00,0.79782444,0.84066963,0.7568492,0.82462865,0.7900194,0.86030567,0.7859684,0.84737307,0.83806634,0.8650816,0.8042528,0.85541284,0.914031,0.9417323,0.8424011,0.88366497,0.8581722,0.9138816,0.8678519,0.8915595,0.9012792,0.93120444
2025-01-01 07:44:00,0.79783356,0.8406705,0.756856,0.8246276,0.790022,0.8603007,0.78597033,0.8473674,0.8380662,0.8650739,0.80425346,0.8554073,0.9140287,0.9417243,0.842406,0.8836648,0.8581799,0.9138851,0.86786616,0.89156795,0.9012958,0.9312158
2025-01-01 07:45:00,0.7978395,0.8406704,0.75685894,0.82462466,0.7900208,0.8602941,0.78596765,0.84735954,0.8380617,0.8650643,0.8042493,0.85539937,0.9140231,0.94171536,0.842406,0.88366205,0.858183,0.91388613,0.8678749,0.89157385,0.90130764,0.9312251
2025-01-01 07:46:00,0.79784346,0.8406696,0.75685936,0.82462054,0.79001725,0.86028636,0.78596205,0.8473501,0.83805424,0.8650535,0.8042421,0.8553897,0.91401535,0.9417058,0.84240276,0.88365763,0.85818315,0.9138856,0.8678802,0.89157796,0.9013165,0.93123305
2025-01-01 07:47:00,0.797846,0.8406683,0.7568581,0.82461566,0.790012,0.8602779,0.7859545,0.84733975,0.83804494,0.8650419,0.8042328,0.8553791,0.9140062,0.941696,0.84239745,0.8836522,0.8581813,0.91388416,0.86788327,0.891581,0.90132344,0.9312401
2025-01-01 07:48:00,0.7978477,0.8406667,0.7568558,0.8246103,0.79000574,0.86026895,0.7859457,0.8473288,0.8380344,0.86502975,0.8042222,0.85536784,0.9139961,0.94168586,0.8423909,0.8836461,0.8581782,0.913882,0.8678849,0.8915834,0.9013291,0.9312465
2025-01-01 07:49:00,0.79784876,0.84066486,0.75685275,0.8246045,0.78999877,0.8602597,0.78593606,0.8473174,0.838023,0.8650173,0.80421084,0.8553561,0.9139855,0.9416756,0.84238344,0.8836396,0.8581743,0.9138795,0.8678855,0.8915854,0.9013339,0.93125266
2025-01-01 07:50:00,0.7978495,0.8406629,0.7568492,0.8245985,0.7899913,0.86025023,0.78592587,0.8473057,0.83801115,0.86500466,0.8041988,0.8553441,0.9139745,0.94166523,0.84237546,0.8836328,0.8581699,0.9138768,0.8678856,0.89158714,0.9013383,0.93125856
2025-01-01 07:51:00,0.79784983,0.84066075,0.75684536,0.8245923,0.7899836,0.8602406,0.7859153,0.84729385,0.8379989,0.8649918,0.8041866,0.85533196,0.9139633,0.94165486,0.8423672,0.88362586,0.85816526,0.9138739,0.86788535,0.8915887,0.90134233,0.93126434
2025-01-01 07:52:00,0.79785,0.8406585,0.75684124,0.82458603,0.78997564,0.8602308,0.7859045,0.8472819,0.8379865,0.86497885,0.804174,0.8553197,0.913952,0.94164455,0.84235865,0.8836189,0.85816044,0.913871,0.8678849,0.8915902,0.9013462,0.93127006
2025-01-01 07:53:00,0.7978501,0.84065616,0.75683695,0.8245796,0.7899674,0.86022097,0.78589356,0.8472698,0.83797395,0.86496586,0.8041613,0.85530734,0.91394055,0.9416342,0.84235,0.88361186,0.8581555,0.913868,0.86788434,0.89159167,0.90134996,0.9312758
2025-01-01 07:54:00,0.79784995,0.8406538,0.7568325,0.82457304,0.78995913,0.860211,0.7858825,0.8472576,0.8379613,0.86495286,0.80414855,0.855295,0.9139291,0.94162387,0.8423413,0.8836049,0.85815054,0.91386503,0.8678837,0.89159316,0.9013537,0.9312815
2025-01-01 07:55:00,0.7978497,0.84065133,0.75682795,0.8245665,0.78995085,0.86020106,0.78587127,0.8472454,0.83794856,0.8649398,0.8041357,0.8552826,0.91391754,0.9416135,0.84233254,0.88359785,0.85814553,0.9138621,0.867883,0.89159465,0.9013575,0.9312873
2025-01-01 07:56:00,0.7978495,0.8406488,0.7568233,0.8245598,0.7899424,0.860191,0.78586,0.8472331,0.8379357,0.8649267,0.8041228,0.85527027,0.9139061,0.9416032,0.84232384,0.8835909,0.8581405,0.91385925,0.8678823,0.8915962,0.90136117,0.9312931
2025-01-01 07:57:00,0.7978491,0.84064615,0.75681865,0.8245531,0.7899339,0.8601809,0.7858487,0.84722084,0.8379229,0.8649136,0.8041099,0.8552578,0.91389465,0.9415929,0.8423151,0.88358384,0.8581356,0.9138563,0.8678817,0.89159775,0.901365,0.9312989
2025-01-01 07:58:00,0.7978487,0.8406435,0.7568138,0.8245463,0.78992534,0.8601708,0.7858373,0.8472085,0.83791,0.86490047,0.80409706,0.8552455,0.91388315,0.9415826,0.84230644,0.8835769,0.8581307,0.9138535,0.8678812,0.89159936,0.9013688,0.93130475
2025-01-01 07:59:00,0.79784817,0.8406408,0.756809,0.8245395,0.7899167,0.8601606,0.7858259,0.84719616,0.83789706,0.86488736,0.8040841,0.8552331,0.9138717,0.9415724,0.8422978,0.88357,0.85812575,0.9138507,0.8678806,0.891601,0.9013726,0.93131065
2025-01-01 08:00:00,0.80206805,0.8423392,0.76195467,0.82718325,0.79491836,0.8625891,0.79179984,0.8503917,0.8436826,0.8676004,0.81031334,0.8586826,0.9182188,0.9430378,0.84862125,0.88706553,0.86410105,0.91712534,0.8747013,0.89516246,0.9072707,0.9342113
2025-01-01 08:01:00,0.80481076,0.8434422,0.7652976,0.82889926,0.79816633,0.86416405,0.7956789,0.8524644,0.84743863,0.86935925,0.8143579,0.8609204,0.9210405,0.9439868,0.85272855,0.8893352,0.86798334,0.9192529,0.8791347,0.8974781,0.91110593,0.9360988
2025-01-01 08:02:00,0.80659324,0.84415805,0.7674687,0.8300122,0.8002745,0.8651841,0.79819626,0.85380733,0.84987557,0.87049794,0.81698227,0.8623708,0.9228706,0.94460005,0.85539526,0.8908082,0.8705052,0.9206349,0.88201624,0.89898396,0.9136002,0.9373279
2025-01-01 08:03:00,0.8077515,0.8446223,0.7688781,0.8307331,0.80164164,0.86584353,0.79982847,0.8546758,0.85145503,0.8712335,0.8186837,0.8633092,0.92405623,0.94499516,0.85712576,0.89176327,0.8721428,0.9215324,0.8838892,0.89996344,0.915223,0.93812895
2025-01-01 08:04:00,0.8085041,0.844923,0.76979244,0.8311992,0.8025272,0.8662685,0.8008853,0.85523605,0.85247713,0.8717071,0.81978506,0.86391497,0.9248229,0.94524854,0.85824764,0.89238185,0.8732057,0.92211497,0.88510656,0.90060085,0.9162792,0.9386518
2025-01-01 08:05:00,0.808993,0.8451174,0.77038485,0.8314997,0.80309963,0.8665411,0.8015682,0.8555958,0.853137,0.8720103,0.82049644,0.86430436,0.92531735,0.9454098,0.8589739,0.8927816,0.873895,0.92249274,0.8858978,0.9010159,0.9169673,0.9389939
2025-01-01 08:06:00,0.8093104,0.84524256,0.7707681,0.8316924,0.8034686,0.8667146,0.80200803,0.85582525,0.85356134,0.8722028,0.8209543,0.8645532,0.9256348,0.94551104,0.85944307,0.8930392,0.8743415,0.92273754,0.8864121,0.9012864,0.91741604,0.93921846
2025-01-01 08:07:00,0.8095163,0.8453228,0.7710153,0.8318151,0.8037052,0.8668237,0.80228984,0.85597,0.8538326,0.87232333,0.8212475,0.8647107,0.9258372,0.9455735,0.85974514,0.89320433,0.8746301,0.92289585,0.88674635,0.90146303,0.91770923,0.9393667
2025-01-01 08:08:00,0.80964977,0.8453738,0.77117413,0.8318923,0.8038559,0.86689097,0.8024689,0.85605973,0.8540044,0.87239707,0.8214336,0.86480886,0.92596495,0.94561064,0.8599387,0.8933095,0.87481624,0.922998,0.88696367,0.9015786,0.9179014,0.9394652
2025-01-01 08:09:00,0.80973613,0.84540576,0.77127546,0.83193994,0.80395067,0.8669309,0.8025812,0.8561137,0.8541115,0.8724404,0.8215501,0.86486834,0.926044,0.9456314,0.8600615,0.89337564,0.87493575,0.92306364,0.887105,0.9016546,0.9180278,0.9395316
2025-01-01 08:10:00,0.8097918,0.8454253,0.77133936,0.83196825,0.804009,0.8669532,0.80265003,0.85614425,0.8541765,0.87246406,0.8216213,0.8649028,0.92609155,0.9456414,0.8601386,0.89341646,0.875012,0.9231056,0.8871969,0.9017048,0.9181116,0.93957704
2025-01-01 08:11:00,0.8098275,0.8454369,0.77137893,0.83198404,0.8040437,0.8669639,0.8026907,0.8561598,0.85421425,0.8724748,0.82166314,0.864921,0.9261186,0.9456446,0.86018586,0.8934408,0.87506,0.9231322,0.8872567,0.9017383,0.9181677,0.9396089
2025-01-01 08:12:00,0.8098503,0.84544307,0.7714028,0.8319917,0.804063,0.8669672,0.802713,0.85616547,0.85423416,0.87247723,0.8216859,0.86492854,0.9261323,0.94564325,0.86021376,0.8934545,0.8750898,0.9231488,0.88729566,0.9017609,0.91820574,0.9396319
2025-01-01 08:13:00,0.8098646,0.8454459,0.77141625,0.83199394,0.8040723,0.86696553,0.8027233,0.8561647,0.85424256,0.8724742,0.8216962,0.86492926,0.9261374,0.945639,0.86022913,0.8934612,0.87510777,0.9231589,0.88732105,0.9017765,0.91823214,0.9396492
2025-01-01 08:14:00,0.80987334,0.84544647,0.77142304,0.83199275,0.8040751,0.8669607,0.8027258,0.85615987,0.8542435,0.87246764,0.8216985,0.86492556,0.92613685,0.94563293,0.86023635,0.8934635,0.875118,0.92316484,0.88733774,0.9017875,0.918251,0.9396629
2025-01-01 08:15:00,0.8098786,0.8454455,0.77142537,0.83198935,0.80407363,0.8669538,0.80272335,0.85615224,0.8542395,0.8724589,0.82169545,0.86491895,0.9261327,0.9456256,0.8602383,0.8934629,0.8751234,0.9231681,0.8873488,0.9017956,0.91826487,0.9396741
2025-01-01 08:16:00,0.8098814,0.84544355,0.77142483,0.8319844,0.8040694,0.8669455,0.80271757,0.8561429,0.8542324,0.8724486,0.821689,0.8649105,0.9261261,0.9456175,0.8602368,0.89346045,0.87512547,0.9231696,0.8873561,0.9018019,0.91827554,0.93968374
2025-01-01 08:17:00,0.80988264,0.845441,0.77142245,0.8319784,0.8040633,0.8669363,0.8027096,0.85613227,0.85422313,0.8724373,0.8216804,0.8649007,0.9261181,0.9456089,0.8602331,0.89345676,0.87512547,0.92317003,0.8873611,0.90180695,0.91828424,0.93969244
2025-01-01 08:18:00,0.8098829,0.84543794,0.7714188,0.8319718,0.80405605,0.8669266,0.8027002,0.856121,0.8542126,0.87242544,0.8216704,0.8648903,0.9261091,0.9456001,0.860228,0.89345235,0.87512416,0.92316973,0.8873645,0.90181124,0.9182917,0.93970054
2025-01-01 08:19:00,0.8098824,0.8454346,0.7714144,0.8319648,0.804048,0.8669164,0.80268997,0.8561092,0.85420114,0.87241316,0.82165945,0.86487925,0.9260994,0.94559103,0.860222,0.8934474,0.875122,0.92316896,0.887367,0.90181494,0.91829824,0.93970823
2025-01-01 08:20:00,0.80988145,0.845431,0.7714094,0.83195746,0.80403936,0.8669059,0.80267906,0.8560971,0.85418916,0.8724006,0.82164794,0.8648679,0.92608935,0.9455819,0.86021537,0.8934422,0.87511927,0.923168,0.8873689,0.90181845,0.91830426,0.9397157
2025-01-01 08:21:00,0.8098802,0.84542733,0.771404,0.8319499,0.8040305,0.8668953,0.8026678,0.85608476,0.85417676,0.8723878,0.8216361,0.8648565,0.9260791,0.94557273,0.86020845,0.89343685,0.8751163,0.9231669,0.88737035,0.9018218,0.91831005,0.9397231
2025-01-01 08:22:00,0.8098787,0.84542346,0.77139837,0.8319422,0.8040213,0.8668845,0.80265623,0.85607225,0.85416406,0.872375,0.82162386,0.8648449,0.9260687,0.9455635,0.86020124,0.8934314,0.8751131,0.9231656,0.88737166,0.901825,0.9183155,0.9397303
2025-01-01 08:23:00,0.809877,0.84541947,0.7713925,0.83193433,0.80401194,0.8668737,0.8026445,0.85605973,0.8541513,0.8723621,0.8216115,0.86483324,0.92605823,0.94555426,0.86019397,0.8934259,0.8751098,0.92316437,0.8873728,0.9018282,0.91832095,0.9397375
2025-01-01 08:24:00,0.8098752,0.8454155,0.77138656,0.8319264,0.80400246,0.8668627,0.80263263,0.8560471,0.8541384,0.87234914,0.8215992,0.8648215,0.9260476,0.945545,0.86018664,0.8934204,0.87510645,0.9231632,0.88737386,0.9018314,0.91832626,0.9397448
2025-01-01 08:25:00,0.80987334,0.84541136,0.7713805,0.8319184,0.80399287,0.86685175,0.8026207,0.8560344,0.85412544,0.87233615,0.8215867,0.8648098,0.9260371,0.94553584,0.86017925,0.89341486,0.87510306,0.9231619,0.8873749,0.90183455,0.9183316,0.939752
2025-01-01 08:26:00,0.8098713,0.8454072,0.7713743,0.8319104,0.8039832,0.8668407,0.80260867,0.85602164,0.8541124,0.8723232,0.8215742,0.86479807,0.92602646,0.94552666,0.86017185,0.8934094,0.87509966,0.92316073,0.887376,0.9018378,0.918337,0.9397593
2025-01-01 08:27:00,0.8098693,0.8454029,0.7713681,0.8319022,0.8039735,0.86682963,0.80259657,0.8560088,0.8540994,0.87231016,0.8215617,0.8647863,0.9260159,0.94551754,0.8601645,0.8934039,0.8750964,0.92315954,0.8873771,0.90184104,0.91834235,0.9397666
2025-01-01 08:28:00,0.80986714,0.8453986,0.77136177,0.83189404,0.8039637,0.8668185,0.8025845,0.8559961,0.85408634,0.87229717,0.82154924,0.86477464,0.9260054,0.9455084,0.8601572,0.89339846,0.8750931,0.9231584,0.8873782,0.9018443,0.9183478,0.9397739
2025-01-01 08:29:00,0.80986494,0.84539425,0.77135533,0.8318858,0.8039538,0.86680734,0.8025723,0.85598326,0.8540732,0.8722842,0.82153666,0.8647629,0.9259949,0.94549936,0.86014986,0.8933931,0.8750898,0.92315733,0.8873794,0.90184766,0.91835326,0.93978125
2025-01-01 08:30:00,0.8145929,0.8476292,0.7770639,0.835059,0.8094933,0.86969507,0.8090671,0.85967547,0.860296,0.87543595,0.82819563,0.86865747,0.9306564,0.9472827,0.86677754,0.8972522,0.8813532,0.9267028,0.8944003,0.9057096,0.9243831,0.9428862
2025-01-01 08:31:00,0.8176652,0.8490803,0.78077215,0.83711857,0.8130904,0.87156814,0.8132844,0.862071,0.8643363,0.8774801,0.83251965,0.87118495,0.9336827,0.9484387,0.871083,0.8997588,0.88542336,0.9290071,0.89896435,0.9082211,0.92830443,0.944907
2025-01-01 08:32:00,0.8196614,0.8500219,0.78318024,0.83845437,0.815425,0.8727817,0.8160214,0.86362356,0.8669579,0.8788042,0.83532584,0.8728237,0.9356462,0.949187,0.87387913,0.9013863,0.8880679,0.9305046,0.90193146,0.9098549,0.93085533,0.9462232
2025-01-01 08:33:00,0.82095796,0.8506323,0.78474313,0.8393196,0.816939,0.8735665,0.81779605,0.8646282,0.8686573,0.87966037,0.83714557,0.8738849,0.9369188,0.9496703,0.8756941,0.90244246,0.8897858,0.9314777,0.9038606,0.9109181,0.9325154,0.94708145
2025-01-01 08:34:00,0.82179993,0.85102737,0.7857567,0.83987904,0.8179195,0.8740727,0.8189453,0.8652767,0.86975735,0.8802123,0.83832407,0.87457067,0.9377424,0.9499814,0.87687147,0.90312713,0.8909014,0.93211,0.9051151,0.9116105,0.9335965,0.94764197
2025-01-01 08:35:00,0.8223462,0.85128254,0.7864131,0.8402397,0.8185534,0.8743977,0.819688,0.8656937,0.8704678,0.8805666,0.8390857,0.87501234,0.9382742,0.9501806,0.8776343,0.9035705,0.8916256,0.93252075,0.9059311,0.91206187,0.9343012,0.9480091
2025-01-01 08:36:00,0.8227003,0.8514467,0.78683734,0.84047115,0.8189618,0.874605,0.82016647,0.8659602,0.87092495,0.8807923,0.8395765,0.87529546,0.9386162,0.950307,0.8781277,0.90385693,0.8920953,0.9327876,0.9064621,0.91235656,0.9347614,0.94825035
2025-01-01 08:37:00,0.8229296,0.8515517,0.78711075,0.8406185,0.8192237,0.87473565,0.82047313,0.8661289,0.87121755,0.88093454,0.83989114,0.87547547,0.938835,0.95038617,0.878446,0.9040414,0.89239967,0.93296087,0.9068078,0.91254956,0.9350626,0.94841
2025-01-01 08:38:00,0.8230776,0.8516182,0.78728604,0.8407113,0.81939036,0.87481666,0.82066816,0.86623406,0.8714032,0.8810225,0.8400914,0.8755885,0.9389737,0.95043457,0.87865055,0.90415967,0.8925966,0.9330733,0.90703315,0.91267633,0.9352604,0.9485165
2025-01-01 08:39:00,0.82317287,0.85165966,0.7873975,0.84076846,0.8194951,0.87486523,0.8207905,0.8662979,0.87151927,0.88107514,0.84021723,0.875658,0.9390603,0.95046306,0.8787811,0.9042349,0.8927237,0.93314624,0.90718025,0.91276014,0.9353911,0.94858843
2025-01-01 08:40:00,0.82323366,0.85168487,0.78746754,0.8408026,0.8195595,0.8748928,0.82086575,0.86633486,0.8715901,0.8811048,0.8402947,0.8756991,0.939113,0.9504786,0.87886363,0.9042821,0.8928054,0.9331935,0.9072766,0.9128161,0.93547827,0.9486381
2025-01-01 08:41:00,0.82327217,0.8516995,0.7875106,0.8408217,0.8195978,0.87490666,0.8209103,0.86635435,0.87163156,0.8811196,0.84034073,0.87572193,0.9391438,0.95048577,0.87891495,0.9043112,0.8928576,0.9332242,0.9073398,0.91285384,0.935537,0.9486731
2025-01-01 08:42:00,0.8232961,0.85170716,0.787536,0.8408309,0.81961906,0.8749116,0.8209349,0.8663625,0.8716539,0.88112473,0.8403664,0.87573284,0.93916035,0.9504875,0.878946,0.90432847,0.8928907,0.933244,0.9073816,0.9128798,0.93557733,0.9486987
2025-01-01 08:43:00,0.8233106,0.8517104,0.7875501,0.84083384,0.81962925,0.8749108,0.8209465,0.8663632,0.87166387,0.88112354,0.8403788,0.875736,0.93916756,0.95048565,0.87896395,0.9043381,0.89291143,0.9332568,0.9074095,0.9128982,0.9356058,0.94871813
2025-01-01 08:44:00,0.82331896,0.85171056,0.78755665,0.8408326,0.8196322,0.8749062,0.8209497,0.8663592,0.8716657,0.8811183,0.84038264,0.8757341,0.9391688,0.9504815,0.87897325,0.9043429,0.8929241,0.93326515,0.9074283,0.91291165,0.9356265,0.9487337
2025-01-01 08:45:00,0.82332325,0.8517088,0.78755844,0.84082866,0.81963044,0.8748991,0.82094735,0.86635196,0.8716623,0.88111037,0.84038085,0.87572896,0.9391662,0.95047593,0.87897706,0.9043444,0.89293146,0.9332705,0.9074414,0.91292185,0.9356422,0.9487466
2025-01-01 08:46:00,0.82332486,0.8517058,0.787557,0.84082294,0.81962556,0.8748903,0.82094145,0.8663427,0.8716555,0.8811008,0.84037536,0.87572163,0.93916094,0.9504694,0.8789773,0.90434384,0.8929355,0.93327403,0.9074506,0.9129301,0.93565464,0.94875795
2025-01-01 08:47:00,0.82332474,0.851702,0.7875535,0.84081596,0.81961876,0.8748806,0.8209332,0.8663322,0.8716466,0.88109004,0.84036756,0.875713,0.9391542,0.9504623,0.8789753,0.904342,0.89293736,0.9332763,0.9074575,0.912937,0.9356649,0.9487682
2025-01-01 08:48:00,0.8233235,0.85169756,0.7875486,0.84080833,0.81961066,0.8748702,0.8209235,0.8663208,0.87163615,0.8810786,0.84035826,0.8757035,0.9391464,0.9504549,0.87897176,0.90433925,0.89293784,0.9332779,0.90746266,0.912943,0.9356739,0.94877774
2025-01-01 08:49:00,0.82332146,0.85169274,0.7875429,0.8408001,0.8196016,0.8748592,0.8209128,0.8663088,0.87162477,0.8810667,0.840348,0.8756935,0.9391379,0.95044714,0.8789673,0.90433604,0.8929374,0.9332789,0.9074669,0.91294855,0.935682,0.9487869
2025-01-01 08:50:00,0.82331896,0.85168767,0.78753644,0.8407916,0.81959206,0.874848,0.8209014,0.8662964,0.87161285,0.8810544,0.84033704,0.8756831,0.93912894,0.95043933,0.87896216,0.9043325,0.89293647,0.9332797,0.9074705,0.91295373,0.9356896,0.9487958
2025-01-01 08:51:00,0.8233161,0.8516824,0.7875297,0.84078276,0.81958205,0.87483656,0.8208896,0.86628383,0.8716005,0.881042,0.8403257,0.8756725,0.93911976,0.95043147,0.8789567,0.9043287,0.8929352,0.9332803,0.90747374,0.9129587,0.93569696,0.94880456
2025-01-01 08:52:00,0.82331294,0.851677,0.7875226,0.84077376,0.8195718,0.87482494,0.8208775,0.86627114,0.87158793,0.8810295,0.8403142,0.8756618,0.93911046,0.95042354,0.878951,0.9043249,0.89293367,0.9332808,0.9074767,0.91296357,0.935704,0.9488132
2025-01-01 08:53:00,0.8233096,0.8516715,0.78751534,0.8407647,0.8195614,0.87481326,0.8208652,0.86625826,0.8715751,0.8810169,0.84030247,0.87565094,0.93910104,0.9504156,0.87894523,0.90432096,0.89293206,0.9332813,0.9074796,0.9129684,0.93571097,0.94882184
2025-01-01 08:54:00,0.8233062,0.85166585,0.78750795,0.8407555,0.8195509,0.8748015,0.8208528,0.8662453,0.87156224,0.8810043,0.8402906,0.8756401,0.9390915,0.9504077,0.8789394,0.904317,0.89293045,0.9332818,0.9074824,0.9129732,0.9357179,0.9488305
2025-01-01 08:55:00,0.8233027,0.8516602,0.78750044,0.8407462,0.81954026,0.8747897,0.8208403,0.86623234,0.87154925,0.88099164,0.84027874,0.8756292,0.9390821,0.9503999,0.8789334,0.90431315,0.8929287,0.93328226,0.9074851,0.91297805,0.93572474,0.94883907
2025-01-01 08:56:00,0.823299,0.8516544,0.78749275,0.8407369,0.8195295,0.87477785,0.8208277,0.86621934,0.8715363,0.88097894,0.8402669,0.87561834,0.9390726,0.95039195,0.8789275,0.9043093,0.89292705,0.93328273,0.9074879,0.91298294,0.9357316,0.9488478
2025-01-01 08:57:00,0.8232953,0.85164857,0.7874851,0.8407275,0.81951874,0.87476593,0.8208151,0.86620635,0.8715233,0.88096625,0.84025496,0.8756075,0.9390632,0.95038414,0.8789216,0.90430546,0.8929254,0.93328327,0.90749073,0.9129878,0.9357385,0.9488564
2025-01-01 08:58:00,0.8232915,0.85164267,0.7874774,0.84071803,0.81950784,0.874754,0.82080245,0.8661933,0.8715103,0.88095355,0.84024304,0.87559664,0.9390537,0.95037633,0.8789158,0.90430164,0.89292383,0.93328387,0.9074936,0.9129928,0.9357455,0.9488651
2025-01-01 08:59:00,0.8232876,0.85163677,0.78746957,0.84070855,0.819497,0.87474203,0.82078975,0.86618024,0.8714973,0.8809409,0.8402312,0.87558585,0.9390443,0.95036864,0.87891,0.9042979,0.8929222,0.9332845,0.90749645,0.9129977,0.9357524,0.9488738
2025-01-01 09:00:00,0.82843983,0.8543685,0.7936397,0.8443549,0.82547575,0.87803763,0.8276901,0.8703037,0.87804693,0.8844757,0.8472019,0.87985635,0.9439375,0.9524383,0.8857245,0.9084525,0.8993627,0.9370379,0.9145929,0.9170919,0.94180715,0.9521283
2025-01-01 09:01:00,0.83178735,0.85614204,0.79764754,0.84672165,0.82935804,0.88017553,0.83217084,0.87297934,0.88229966,0.8867689,0.85172874,0.8826284,0.94711477,0.95378083,0.89015186,0.9111518,0.9035485,0.9394778,0.91920674,0.91975504,0.9457452,0.9542468
2025-01-01 09:02:00,0.8339618,0.85729265,0.8002498,0.84825665,0.8318777,0.88156104,0.8350789,0.87471396,0.88505936,0.8882551,0.854667,0.88442653,0.9491768,0.95465094,0.8930277,0.91290516,0.9062688,0.9410641,0.92220676,0.9214878,0.94830745,0.955627
2025-01-01 09:03:00,0.8353737,0.8580383,0.8019384,0.849251,0.8335116,0.8824573,0.8369646,0.87583685,0.88684857,0.8892167,0.8565728,0.88559157,0.9505139,0.95521384,0.89489514,0.91404355,0.90803653,0.9420955,0.9241579,0.92261595,0.9499755,0.95652723
2025-01-01 09:04:00,0.83629,0.8585208,0.8030332,0.84989387,0.8345697,0.8830357,0.83818585,0.8765622,0.88800704,0.8898374,0.85780746,0.88634515,0.95137984,0.9555772,0.896107,0.9147824,0.90918523,0.94276637,0.92542726,0.9233511,0.9510622,0.9571156
2025-01-01 09:05:00,0.836884,0.8588323,0.80374193,0.85030836,0.83525366,0.8834074,0.8389752,0.877029,0.8887555,0.89023644,0.8586059,0.8868313,0.9519395,0.9558108,0.8968929,0.91526145,0.9099314,0.94320273,0.92625356,0.92383087,0.9517712,0.9575012
2025-01-01 09:06:00,0.83726865,0.85903245,0.8041997,0.8505743,0.83569425,0.8836447,0.8394838,0.8773279,0.8892374,0.89049137,0.8591208,0.88714355,0.9523001,0.95596004,0.8974018,0.9155717,0.91041607,0.9434868,0.9267918,0.92414457,0.95223457,0.95775497
2025-01-01 09:07:00,0.8375171,0.85916036,0.8044944,0.8507437,0.8359767,0.88379467,0.8398099,0.8775176,0.88954616,0.8906528,0.85945135,0.8873429,0.95253134,0.9560545,0.8977307,0.91577226,0.9107307,0.9436719,0.9271428,0.9243505,0.9525384,0.9579231
2025-01-01 09:08:00,0.837677,0.8592412,0.80468297,0.85085034,0.8361564,0.8838879,0.8400173,0.8776363,0.88974226,0.8907532,0.8596622,0.8874688,0.9526785,0.9561134,0.89794266,0.9159015,0.9109349,0.94379264,0.92737216,0.9244862,0.95273846,0.95803565
2025-01-01 09:09:00,0.8377794,0.85929143,0.8048027,0.85091627,0.83626926,0.8839442,0.8401477,0.87770885,0.8898652,0.89081424,0.8597951,0.88754696,0.95277107,0.95614916,0.8980786,0.9159844,0.91106737,0.94387156,0.9275225,0.9245764,0.95287114,0.95811206
2025-01-01 09:10:00,0.8378443,0.8593218,0.8048775,0.85095555,0.8363387,0.8839765,0.8402279,0.87775147,0.88994056,0.8908495,0.85987747,0.8875941,0.9528281,0.9561699,0.8981651,0.9160372,0.91115314,0.94392335,0.9276214,0.924637,0.95296,0.95816493
2025-01-01 09:11:00,0.8378849,0.8593392,0.8049232,0.8509776,0.8363799,0.88399327,0.8402755,0.8777746,0.889985,0.89086807,0.85992694,0.88762116,0.9528621,0.95618093,0.8982196,0.91607046,0.9112086,0.9439575,0.92768705,0.9246784,0.95302045,0.9582026
2025-01-01 09:12:00,0.83790964,0.8593482,0.80494994,0.8509884,0.8364027,0.8839998,0.84030205,0.877785,0.8900094,0.89087576,0.8599551,0.8876351,0.9528811,0.9561856,0.89825326,0.9160911,0.91124445,0.9439803,0.927731,0.9247073,0.9530624,0.9582303
2025-01-01 09:13:00,0.83792406,0.85935163,0.8049643,0.85099185,0.8364135,0.88399976,0.84031475,0.87778723,0.89002067,0.8908764,0.8599693,0.88764066,0.9528904,0.95618623,0.89827335,0.9161035,0.9112674,0.9439956,0.92776084,0.92472816,0.9530924,0.9582516
2025-01-01 09:14:00,0.83793175,0.8593516,0.8049706,0.85099053,0.8364165,0.8839954,0.84031844,0.8777841,0.8900235,0.89087254,0.85997456,0.88764066,0.9528934,0.9561842,0.8982847,0.9161106,0.9112822,0.9440061,0.9277816,0.9247437,0.9531146,0.95826876
2025-01-01 09:15:00,0.8379351,0.85934913,0.80497175,0.8509861,0.8364145,0.88398826,0.84031636,0.8777774,0.89002085,0.8908657,0.85997397,0.887637,0.95289224,0.95618045,0.89829034,0.91611415,0.9112916,0.9440135,0.92779636,0.92475593,0.9531318,0.95828325
2025-01-01 09:16:00,0.8379355,0.85934514,0.80496943,0.8509797,0.8364092,0.8839793,0.8403105,0.87776846,0.8900146,0.8908569,0.8599696,0.8876311,0.95288855,0.95617557,0.8982923,0.9161156,0.91129756,0.9440189,0.9278074,0.92476594,0.9531457,0.95829594
2025-01-01 09:17:00,0.8379341,0.8593401,0.8049649,0.850972,0.83640176,0.8839691,0.8403021,0.8777581,0.89000595,0.89084685,0.8599627,0.8876237,0.9528831,0.9561701,0.89829195,0.9161156,0.9113012,0.9440231,0.92781585,0.9247745,0.9531575,0.95830756
2025-01-01 09:18:00,0.83793133,0.85933435,0.8049588,0.8509633,0.8363928,0.8839582,0.84029216,0.87774676,0.8899958,0.89083606,0.8599543,0.8876154,0.95287657,0.9561641,0.89829004,0.9161146,0.91130346,0.9440264,0.9278228,0.9247822,0.9531679,0.9583185
2025-01-01 09:19:00,0.8379278,0.8593282,0.80495185,0.85095406,0.83638304,0.8839467,0.8402811,0.87773484,0.8899848,0.89082474,0.8599449,0.8876065,0.95286936,0.956158,0.8982872,0.91611314,0.9113048,0.9440292,0.9278287,0.92478937,0.95317745,0.9583289
2025-01-01 09:20:00,0.83792377,0.8593217,0.8049442,0.85094446,0.8363726,0.8839349,0.84026945,0.8777225,0.8899731,0.89081305,0.85993475,0.88759714,0.9528617,0.9561516,0.89828366,0.9161113,0.9113056,0.9440317,0.92783403,0.92479616,0.9531865,0.9583391
2025-01-01 09:21:00,0.8379193,0.859315,0.8049361,0.8509345,0.83636177,0.8839229,0.8402573,0.87770987,0.88996094,0.8908012,0.8599242,0.88758755,0.9528538,0.9561451,0.8982798,0.91610926,0.911306,0.94403404,0.9278389,0.9248028,0.9531952,0.9583491
2025-01-01 09:22:00,0.83791465,0.8593081,0.80492777,0.8509245,0.8363507,0.8839107,0.8402449,0.87769705,0.8899486,0.8907892,0.85991347,0.8875779,0.9528457,0.9561387,0.8982757,0.91610706,0.91130626,0.9440363,0.9278436,0.9248092,0.95320374,0.958359
2025-01-01 09:23:00,0.8379097,0.8593011,0.8049192,0.85091424,0.8363394,0.88389844,0.84023225,0.8776841,0.8899361,0.8907772,0.85990256,0.8875681,0.9528375,0.95613223,0.89827144,0.91610485,0.9113063,0.9440385,0.9278481,0.9248157,0.9532121,0.9583689
2025-01-01 09:24:00,0.83790463,0.859294,0.8049104,0.8509039,0.83632797,0.88388604,0.8402195,0.8776711,0.8899234,0.890765,0.85989153,0.8875583,0.95282936,0.95612574,0.89826715,0.9161026,0.91130644,0.94404066,0.9278526,0.9248221,0.95322037,0.9583788
2025-01-01 09:25:00,0.8378995,0.8592868,0.80490154,0.85089356,0.8363164,0.8838736,0.8402066,0.8776581,0.8899107,0.8907529,0.8598804,0.88754845,0.95282114,0.9561193,0.8982628,0.9161003,0.91130644,0.94404286,0.927857,0.92482847,0.9532287,0.9583886
2025-01-01 09:26:00,0.8378942,0.85927963,0.80489266,0.8508831,0.8363048,0.8838612,0.84019375,0.87764513,0.889898,0.89074075,0.85986936,0.8875387,0.95281297,0.95611286,0.8982585,0.9160982,0.91130644,0.94404507,0.92786145,0.92483485,0.95323694,0.95839846
2025-01-01 09:27:00,0.8378889,0.8592723,0.80488366,0.85087264,0.83629316,0.8838486,0.8401808,0.8776321,0.88988525,0.8907286,0.8598583,0.8875289,0.9528048,0.9561065,0.8982542,0.91609603,0.91130656,0.9440474,0.92786586,0.92484134,0.9532453,0.95840836
2025-01-01 09:28:00,0.8378835,0.8592649,0.80487466,0.8508621,0.8362815,0.8838361,0.8401678,0.87761897,0.8898725,0.89071643,0.8598472,0.88751906,0.9527966,0.95610017,0.8982499,0.9160939,0.9113067,0.94404966,0.9278704,0.9248478,0.9532536,0.95841825
2025-01-01 09:29:00,0.837878,0.8592575,0.8048655,0.8508515,0.83626974,0.8838235,0.8401548,0.8776059,0.8898597,0.89070433,0.8598361,0.8875093,0.9527885,0.9560939,0.8982457,0.9160918,0.9113068,0.944052,0.92787486,0.9248543,0.953262,0.9584282
2025-01-01 09:30:00,0.84336245,0.86243755,0.8113872,0.8549058,0.8425812,0.8874682,0.8473376,0.882087,0.8966194,0.8945586,0.86699396,0.8920794,0.9578259,0.9584129,0.90512526,0.9204675,0.9178093,0.94794637,0.9349203,0.9291075,0.9592336,0.9617738
2025-01-01 09:31:00,0.8469254,0.8645019,0.81562304,0.8575373,0.8466795,0.88983285,0.8520018,0.8849951,0.9010087,0.8970597,0.87164277,0.89504665,0.9610974,0.9599181,0.9095955,0.9233111,0.92203605,0.95047855,0.9395016,0.9318744,0.9631181,0.963952
2025-01-01 09:32:00,0.84923923,0.86584103,0.818373,0.85924405,0.8493392,0.8913654,0.8550289,0.8868809,0.9038573,0.89868116,0.8746606,0.89697194,0.96322113,0.9608944,0.91249985,0.92515886,0.9247836,0.9521254,0.94248104,0.9336752,0.96564597,0.9653713
2025-01-01 09:33:00,0.85074127,0.8667088,0.8201573,0.8603497,0.8510639,0.8923572,0.85699207,0.88810205,0.90570444,0.899731,0.87661844,0.89822006,0.96459883,0.9615269,0.9143862,0.9263593,0.92656964,0.95319676,0.9444194,0.9348482,0.96729213,0.9662974
2025-01-01 09:34:00,0.8517155,0.8672701,0.82131374,0.86106455,0.8521807,0.8929974,0.8582635,0.88889116,0.90690064,0.9004091,0.8778872,0.899028,0.9654916,0.96193594,0.915611,0.927139,0.9277308,0.95389414,0.9456809,0.935613,0.9683652,0.966903
2025-01-01 09:35:00,0.8523467,0.86763227,0.82206213,0.8615254,0.85290253,0.8934091,0.8590854,0.8893996,0.90767366,0.90084577,0.8787081,0.89954984,0.96606916,0.96219975,0.91640586,0.92764515,0.92848575,0.9543484,0.9465027,0.9361126,0.96906567,0.9673002
2025-01-01 09:36:00,0.8527549,0.8678649,0.8225453,0.8618211,0.8533675,0.8936722,0.859615,0.88972545,0.9081717,0.9011254,0.87923795,0.8998858,0.96644187,0.9623692,0.91692114,0.9279736,0.92897666,0.9546447,0.9470386,0.93643963,0.969524,0.9675619
2025-01-01 09:37:00,0.8530181,0.86801344,0.82285595,0.8620095,0.8536655,0.8938388,0.8599547,0.8899327,0.9084911,0.901303,0.8795785,0.9001009,0.9666814,0.96247727,0.9172548,0.92818654,0.929296,0.9548383,0.94738865,0.93665475,0.9698251,0.96773565
2025-01-01 09:38:00,0.8531871,0.86810714,0.82305455,0.86212814,0.85385495,0.89394265,0.8601709,0.8900628,0.9086942,0.9014143,0.8797961,0.9002374,0.9668345,0.9625456,0.9174704,0.92832446,0.92950386,0.9549651,0.947618,0.936797,0.9700239,0.9678522
2025-01-01 09:39:00,0.85329485,0.8681653,0.82318026,0.86220145,0.8539739,0.8940057,0.86030686,0.8901429,0.9088218,0.9014825,0.8799338,0.90032285,0.9669313,0.96258795,0.9176093,0.92841357,0.9296393,0.9550486,0.94776887,0.936892,0.97015613,0.96793157
2025-01-01 09:40:00,0.8533627,0.8682003,0.8232586,0.8622452,0.85404706,0.89404225,0.86039066,0.89019036,0.9089004,0.9015227,0.88001955,0.9003752,0.9669916,0.9626135,0.91769826,0.9284711,0.92972755,0.955104,0.9478687,0.9369562,0.97024524,0.9679868
2025-01-01 09:41:00,0.85340464,0.8682202,0.82330614,0.8622698,0.8540904,0.8940615,0.86044055,0.89021665,0.908947,0.9015447,0.8800716,0.90040594,0.96702814,0.9626282,0.9177549,0.928508,0.92978525,0.95514107,0.9479355,0.93700045,0.9703062,0.9680264
2025-01-01 09:42:00,0.85342973,0.86823034,0.8233336,0.8622819,0.85411423,0.89406955,0.86046845,0.89022917,0.90897286,0.9015548,0.8801016,0.90042275,0.9670493,0.9626358,0.91779053,0.9285315,0.92982316,0.9551663,0.94798076,0.93703175,0.9703491,0.9680558
2025-01-01 09:43:00,0.85344386,0.86823404,0.82334805,0.8622859,0.85412556,0.8940703,0.8604819,0.8902328,0.9089853,0.9015574,0.88011754,0.90043044,0.96706045,0.96263885,0.91781247,0.9285465,0.9298481,0.95518374,0.948012,0.9370547,0.97038007,0.96807855
2025-01-01 09:44:00,0.8534508,0.86823356,0.82335407,0.8622846,0.85412866,0.8940663,0.86048615,0.89023054,0.908989,0.9015549,0.8801241,0.90043235,0.9670651,0.9626389,0.91782564,0.9285557,0.9298647,0.9551963,0.9480342,0.9370721,0.9704034,0.96809703
2025-01-01 09:45:00,0.85345304,0.8682304,0.8233545,0.8622798,0.8541264,0.8940592,0.8604843,0.8902246,0.90898705,0.90154916,0.88012475,0.9004303,0.9670656,0.96263707,0.917833,0.9285614,0.92987585,0.9552056,0.94805056,0.93708605,0.9704217,0.96811277
2025-01-01 09:46:00,0.85345227,0.86822546,0.82335126,0.86227274,0.8541207,0.8940501,0.86047846,0.8902161,0.90898144,0.9015414,0.88012147,0.9004259,0.9670633,0.9626341,0.91783667,0.9285647,0.9298836,0.9552129,0.9480631,0.9370976,0.9704368,0.9681267
2025-01-01 09:47:00,0.85344946,0.8682193,0.8233457,0.8622643,0.8541127,0.89403975,0.8604702,0.8902061,0.9089734,0.9015323,0.8801156,0.9004199,0.9670594,0.9626303,0.9178379,0.9285665,0.929889,0.95521885,0.9480732,0.9371078,0.97044986,0.96813947
2025-01-01 09:48:00,0.8534454,0.86821234,0.8233386,0.8622548,0.8541032,0.8940284,0.86046016,0.890195,0.9089638,0.9015223,0.88010824,0.90041286,0.96705425,0.96262586,0.9178377,0.92856735,0.9298931,0.9552239,0.94808173,0.9371171,0.9704616,0.9681515
2025-01-01 09:49:00,0.85344046,0.86820495,0.8233305,0.86224467,0.8540928,0.8940166,0.8604491,0.89018327,0.9089532,0.90151167,0.88009983,0.90040517,0.96704847,0.9626213,0.9178364,0.92856765,0.9298961,0.95522845,0.94808924,0.9371258,0.97047246,0.9681631
2025-01-01 09:50:00,0.85343486,0.86819714,0.82332176,0.86223423,0.8540817,0.8940044,0.8604373,0.8901711,0.9089419,0.9015008,0.8800907,0.90039706,0.9670422,0.9626165,0.9178346,0.9285675,0.9298987,0.9552327,0.9480961,0.9371341,0.97048277,0.96817434
2025-01-01 09:51:00,0.8534289,0.8681891,0.8233126,0.8622234,0.8540702,0.89399195,0.860425,0.8901587,0.90893024,0.9014896,0.8800812,0.9003887,0.96703565,0.9626116,0.9178324,0.92856723,0.9299008,0.95523673,0.9481026,0.93714213,0.9704928,0.9681854
2025-01-01 09:52:00,0.8534227,0.8681809,0.823303,0.86221236,0.8540584,0.8939794,0.8604124,0.8901461,0.9089184,0.90147835,0.88007134,0.90038025,0.967029,0.9626067,0.91782993,0.9285668,0.92990273,0.95524067,0.94810885,0.9371501,0.97050256,0.96819645
2025-01-01 09:53:00,0.85341626,0.8681725,0.82329327,0.8622013,0.8540464,0.8939667,0.8603997,0.8901333,0.9089063,0.901467,0.88006145,0.90037173,0.96702224,0.9626018,0.91782737,0.9285663,0.9299046,0.9552445,0.94811493,0.937158,0.9705122,0.96820736
2025-01-01 09:54:00,0.8534097,0.8681641,0.82328343,0.86219,0.8540343,0.8939539,0.86038685,0.8901205,0.9088941,0.90145564,0.8800514,0.9003631,0.96701545,0.96259683,0.9178247,0.92856574,0.92990637,0.95524836,0.948121,0.93716586,0.9705218,0.9682183
2025-01-01 09:55:00,0.85340303,0.86815554,0.82327336,0.8621787,0.8540221,0.89394104,0.86037385,0.8901077,0.90888184,0.9014442,0.88004124,0.9003545,0.96700865,0.962592,0.917822,0.92856526,0.9299081,0.95525223,0.948127,0.93717366,0.97053134,0.96822923
2025-01-01 09:56:00,0.85339624,0.868147,0.8232633,0.8621673,0.8540098,0.89392823,0.86036086,0.8900948,0.90886956,0.9014329,0.88003117,0.90034586,0.9670018,0.9625871,0.9178193,0.9285647,0.9299098,0.9552561,0.948133,0.93718153,0.9705408,0.96824014
2025-01-01 09:57:00,0.85338944,0.8681383,0.8232531,0.8621559,0.85399747,0.89391536,0.8603478,0.890082,0.9088573,0.9014215,0.8800211,0.90033734,0.96699506,0.96258223,0.9178167,0.9285643,0.9299116,0.9552601,0.948139,0.93718946,0.9705504,0.96825105
2025-01-01 09:58:00,0.85338247,0.8681296,0.8232429,0.8621444,0.8539852,0.8939024,0.86033475,0.89006907,0.908845,0.9014101,0.880011,0.90032876,0.96698827,0.96257746,0.91781414,0.9285639,0.92991346,0.95526403,0.9481451,0.9371973,0.9705601,0.96826196
2025-01-01 09:59:00,0.8533755,0.8681208,0.8232326,0.8621329,0.85397273,0.8938894,0.86032164,0.8900562,0.9088327,0.9013987,0.8800009,0.9003202,0.96698153,0.96257275,0.9178115,0.9285635,0.9299153,0.9552681,0.9481512,0.9372053,0.9705697,0.9682729
2025-01-01 10:00:00,0.8590944,0.871692,0.82998943,0.86652285,0.8605042,0.8978181,0.8676585,0.89481497,0.9156818,0.90550417,0.88721824,0.90510845,0.97207344,0.9650999,0.9246334,0.93308246,0.9363639,0.95923394,0.95501995,0.94154173,0.9763514,0.97165024
2025-01-01 10:01:00,0.8628091,0.8740101,0.8343777,0.86937225,0.8647453,0.9003672,0.8724228,0.8979037,0.92012936,0.9081688,0.89190596,0.90821785,0.9753809,0.96674085,0.9290668,0.9360198,0.94055617,0.9618132,0.9594868,0.9443632,0.9801129,0.97384936
2025-01-01 10:02:00,0.8652212,0.87551373,0.83722645,0.8712203,0.8674977,0.9020195,0.87551504,0.8999068,0.923016,0.90989685,0.8949496,0.91023606,0.97752845,0.9678059,0.93194765,0.9379289,0.94328195,0.96349126,0.96239245,0.9462001,0.9825614,0.97528267
2025-01-01 10:03:00,0.86678654,0.876488,0.83907443,0.87241745,0.8692823,0.903089,0.8775205,0.9012044,0.9248881,0.91101617,0.8969245,0.911545,0.9789221,0.96849674,0.9338195,0.93916994,0.9450544,0.9645835,0.96428335,0.9473969,0.9841563,0.9762182
2025-01-01 10:04:00,0.86780137,0.87711805,0.84027195,0.8731915,0.8704379,0.90377957,0.8788194,0.9020433,0.9261007,0.9117398,0.89820474,0.9123929,0.97982574,0.9689442,0.93503535,0.9399765,0.94620734,0.965295,0.9655147,0.9481777,0.9851965,0.9768303
2025-01-01 10:05:00,0.86845845,0.87752444,0.8410466,0.8736905,0.8711847,0.9042239,0.8796591,0.90258414,0.9268846,0.9122063,0.8990334,0.9129412,0.9804109,0.9692336,0.93582493,0.94050086,0.9469575,0.965759,0.96631736,0.94868815,0.985876,0.97723204
2025-01-01 10:06:00,0.86888295,0.8777854,0.8415465,0.87401074,0.8716657,0.9045082,0.8802003,0.9029312,0.9273899,0.9125056,0.8995687,0.91329473,0.98078907,0.9694202,0.9363374,0.94084173,0.9474459,0.9660622,0.96684134,0.9490229,0.9863212,0.97749704
2025-01-01 10:07:00,0.8691563,0.87795174,0.8418676,0.87421477,0.87197393,0.9046884,0.8805476,0.9031523,0.92771417,0.9126963,0.8999132,0.9135217,0.98103267,0.96954,0.9366698,0.94106334,0.9477643,0.96626085,0.9671842,0.94924337,0.98661405,0.97767335
2025-01-01 10:08:00,0.86933136,0.8780567,0.8420727,0.8743433,0.87216985,0.904801,0.88076866,0.9032916,0.92792064,0.9128164,0.9001337,0.91366637,0.9811889,0.9696164,0.9368852,0.94120747,0.947972,0.96639156,0.96740943,0.94938964,0.98680794,0.97779185
2025-01-01 10:09:00,0.86944246,0.8781217,0.8422022,0.87442267,0.8722928,0.9048696,0.8809078,0.9033776,0.92805064,0.91289055,0.9002737,0.9137576,0.98128825,0.96966463,0.9370245,0.9413013,0.94810796,0.9664782,0.96755815,0.9494877,0.98693746,0.97787285
2025-01-01 10:10:00,0.8695121,0.87816066,0.8422826,0.8744702,0.87236834,0.9049097,0.88099366,0.9034291,0.928131,0.91293496,0.9003613,0.9138142,0.9813507,0.9696946,0.93711436,0.9413624,0.9481972,0.96653616,0.96765715,0.9495544,0.9870252,0.9779295
2025-01-01 10:11:00,0.86955464,0.8781827,0.8423312,0.8744968,0.872413,0.9049311,0.88104486,0.90345806,0.9281789,0.91296,0.9004149,0.91384816,0.9813892,0.9697127,0.9371722,0.94140226,0.94825613,0.96657544,0.9677239,0.94960076,0.98708576,0.97797024
2025-01-01 10:12:00,0.86957955,0.8781938,0.84235895,0.87451,0.87243754,0.9049405,0.8810736,0.9034724,0.92820597,0.9129724,0.9004464,0.91386753,0.9814121,0.9697231,0.9372091,0.9414283,0.94829535,0.9666027,0.9677696,0.9496339,0.9871287,0.9780007
2025-01-01 10:13:00,0.8695931,0.87819767,0.8423732,0.8745144,0.87244916,0.90494204,0.8810877,0.9034774,0.9282193,0.9129767,0.9004635,0.91387737,0.9814249,0.96972847,0.93723255,0.9414454,0.9483219,0.9666221,0.9678018,0.9496584,0.98716015,0.97802454
2025-01-01 10:14:00,0.8695991,0.87819684,0.8423787,0.87451303,0.8724522,0.90493846,0.88109225,0.9034761,0.9282238,0.91297567,0.9004714,0.913881,0.9814312,0.9697307,0.9372472,0.94145674,0.94834006,0.9666365,0.9678251,0.94967747,0.98718417,0.9780441
2025-01-01 10:15:00,0.8696003,0.878193,0.8423784,0.874508,0.87244976,0.90493155,0.8810907,0.9034709,0.92822254,0.9129712,0.9004732,0.9138807,0.9814333,0.96973073,0.93725616,0.94146436,0.9483529,0.96664757,0.9678427,0.94969285,0.98720336,0.9780608
2025-01-01 10:16:00,0.8695983,0.8781872,0.8423744,0.8745006,0.8724437,0.9049225,0.8810851,0.90346307,0.9282176,0.9129645,0.9004711,0.9138778,0.98143256,0.9697295,0.9372615,0.94146955,0.94836223,0.96665645,0.9678566,0.94970596,0.98721945,0.9780756
2025-01-01 10:17:00,0.8695943,0.8781801,0.84236795,0.8744915,0.87243533,0.90491205,0.88107693,0.9034536,0.9282102,0.9129565,0.90046644,0.91387326,0.9814301,0.9697274,0.93726444,0.9414732,0.9483693,0.9666641,0.9678681,0.9497175,0.9872335,0.97808933
2025-01-01 10:18:00,0.86958885,0.8781721,0.84235996,0.87448144,0.8724254,0.90490067,0.88106704,0.9034429,0.92820126,0.9129475,0.9004602,0.9138676,0.98142654,0.9697248,0.9372659,0.94147587,0.948375,0.96667075,0.96787804,0.9497282,0.98724633,0.9781023
2025-01-01 10:19:00,0.8695825,0.87816346,0.84235084,0.8744706,0.87241447,0.9048887,0.881056,0.9034316,0.9281913,0.9129379,0.90045285,0.9138613,0.98142225,0.96972185,0.9372663,0.9414779,0.94837976,0.966677,0.967887,0.9497382,0.9872583,0.97811484
2025-01-01 10:20:00,0.86957556,0.8781545,0.8423411,0.8744593,0.87240297,0.90487635,0.8810443,0.9034199,0.9281807,0.9129279,0.9004449,0.9138546,0.9814175,0.96971875,0.9372662,0.9414795,0.948384,0.96668285,0.9678953,0.9497478,0.9872697,0.978127
2025-01-01 10:21:00,0.8695682,0.8781452,0.8423309,0.8744478,0.872391,0.9048637,0.88103217,0.9034078,0.9281697,0.91291773,0.90043646,0.91384757,0.9814124,0.9697155,0.9372656,0.94148093,0.94838786,0.9666885,0.96790326,0.9497573,0.9872808,0.97813904
2025-01-01 10:22:00,0.8695606,0.87813586,0.8423203,0.8744361,0.87237865,0.90485096,0.88101965,0.9033956,0.92815846,0.91290736,0.9004278,0.9138404,0.9814073,0.9697122,0.93726486,0.94148225,0.94839144,0.96669406,0.967911,0.9497666,0.98729163,0.9781509
2025-01-01 10:23:00,0.8695528,0.87812626,0.8423096,0.8744242,0.87236625,0.904838,0.881007,0.90338326,0.9281471,0.91289693,0.900419,0.91383326,0.98140204,0.9697089,0.93726397,0.9414835,0.94839495,0.96669954,0.9679186,0.9497758,0.9873024,0.97816277
2025-01-01 10:24:00,0.8695448,0.8781166,0.8422987,0.8744122,0.8723537,0.9048251,0.88099426,0.90337086,0.9281356,0.91288644,0.9004101,0.913826,0.98139673,0.9697056,0.93726295,0.94148463,0.9483984,0.96670496,0.9679261,0.94978493,0.9873131,0.97817457
2025-01-01 10:25:00,0.8695367,0.8781069,0.84228766,0.87440014,0.872341,0.90481204,0.8809814,0.90335846,0.92812395,0.912876,0.90040123,0.9138188,0.98139143,0.9697023,0.937262,0.9414858,0.94840187,0.96671045,0.96793354,0.9497941,0.98732376,0.9781863
2025-01-01 10:26:00,0.86952853,0.87809706,0.8422766,0.874388,0.8723282,0.904799,0.8809685,0.903346,0.9281123,0.9128656,0.9003923,0.9138115,0.9813861,0.96969914,0.93726104,0.941487,0.94840527,0.96671593,0.96794105,0.9498033,0.98733443,0.9781981
2025-01-01 10:27:00,0.8695203,0.87808716,0.8422655,0.8743759,0.87231547,0.90478593,0.88095564,0.90333354,0.92810076,0.91285515,0.90038335,0.91380435,0.9813809,0.9696959,0.9372601,0.9414883,0.9484087,0.96672153,0.96794856,0.9498125,0.98734504,0.97820985
2025-01-01 10:28:00,0.869512,0.87807727,0.8422543,0.87436366,0.8723027,0.9047728,0.8809427,0.903321,0.92808914,0.9128447,0.9003745,0.91379714,0.98137563,0.96969277,0.9372592,0.9414896,0.94841224,0.9667271,0.96795607,0.94982165,0.98735577,0.97822165
2025-01-01 10:29:00,0.8695036,0.8780673,0.842243,0.87435144,0.87228984,0.9047597,0.8809297,0.9033086,0.9280775,0.9128343,0.90036553,0.91379,0.98137045,0.96968967,0.9372583,0.94149095,0.94841576,0.9667327,0.96796364,0.9498309,0.98736644,0.97823346
2025-01-01 10:30:00,0.8753555,0.88196677,0.84911513,0.87899923,0.8789255,0.90890276,0.8882908,0.9082606,0.9348944,0.91711795,0.9075145,0.91871125,0.98642653,0.9723799,0.94390154,0.9460729,0.95469606,0.9706996,0.9745338,0.95417356,0.99285597,0.9815824
2025-01-01 10:31:00,0.87915623,0.8844978,0.85357803,0.882016,0.8832342,0.9115911,0.89307094,0.9114751,0.93932134,0.9198987,0.9121582,0.9219077,0.9897112,0.9741276,0.9482194,0.9490517,0.9587796,0.97328013,0.97880715,0.95699954,0.99642795,0.98376334
2025-01-01 10:32:00,0.8816237,0.8861395,0.8564749,0.8839726,0.8860303,0.91333395,0.89617354,0.91356015,0.9421949,0.92170256,0.9151736,0.923983,0.99184453,0.9752626,0.95102584,0.9509885,0.9614352,0.9749595,0.9815875,0.9588397,0.99875355,0.9851851
2025-01-01 10:33:00,0.8832245,0.88720304,0.8583539,0.88524,0.8878433,0.9144622,0.8981857,0.91491115,0.94405866,0.92287153,0.91713053,0.92532945,0.9932295,0.97599936,0.9528498,0.952248,0.9631627,0.9760532,0.9833975,0.9600392,1.000269,0.9861135
2025-01-01 10:34:00,0.88426197,0.88789076,0.8595712,0.8860595,0.88901716,0.915191,0.89948905,0.915785,0.9452661,0.9236278,0.9183995,0.9262023,0.99412805,0.97647727,0.9540352,0.95306724,0.964287,0.97676617,0.9845767,0.96082217,1.0012579,0.9867211
2025-01-01 10:35:00,0.8849333,0.88833416,0.8603584,0.88658786,0.8897757,0.91566014,0.90033174,0.91634864,0.9460469,0.92411584,0.9192214,0.9267673,0.99471045,0.97678703,0.9548056,0.9536004,0.96501905,0.97723174,0.98534596,0.96133447,1.0019045,0.9871203
2025-01-01 10:36:00,0.88536656,0.88861877,0.8608661,0.8869269,0.8902642,0.9159605,0.9008749,0.9167107,0.9465505,0.92442954,0.9197526,0.9271321,0.9950873,0.9769875,0.9553062,0.9539476,0.96549636,0.97753644,0.9858488,0.96167076,1.0023286,0.9873839
2025-01-01 10:37:00,0.88564515,0.88880014,0.86119205,0.887143,0.8905772,0.91615117,0.90122354,0.9169417,0.94687384,0.9246299,0.9200949,0.927367,0.9953307,0.9771169,0.95563143,0.9541739,0.965808,0.97773665,0.9861784,0.9618927,1.0026081,0.9875595
2025-01-01 10:38:00,0.88582313,0.8889144,0.8613999,0.88727903,0.8907761,0.91627043,0.9014456,0.9170876,0.94708,0.92475665,0.9203145,0.9275173,0.9954872,0.9772001,0.9558428,0.95432174,0.96601206,0.977869,0.9863954,0.9620405,1.0027936,0.9876779
2025-01-01 10:39:00,0.88593566,0.8889851,0.8615309,0.88736314,0.89090085,0.9163434,0.9015854,0.91717815,0.94721013,0.92483556,0.92045426,0.9276127,0.99558735,0.9772534,0.9559801,0.9544185,0.9661461,0.9779571,0.98653936,0.96213984,1.0029181,0.98775905
2025-01-01 10:40:00,0.8860057,0.88902736,0.861612,0.88741344,0.89097744,0.9163863,0.9016719,0.9172327,0.9472908,0.92488337,0.9205422,0.92767245,0.9956509,0.9772871,0.95606923,0.95448214,0.96623474,0.9780167,0.98663574,0.96220785,1.0030029,0.98781604
2025-01-01 10:41:00,0.8860481,0.8890512,0.86166066,0.88744175,0.8910226,0.91640955,0.90172356,0.9172639,0.94733924,0.9249109,0.9205964,0.9277089,0.9956906,0.9773083,0.95612717,0.9545242,0.9662939,0.9780575,0.9867013,0.9622555,1.0030619,0.98785734
2025-01-01 10:42:00,0.88607246,0.889063,0.86168814,0.88745576,0.8910475,0.9164201,0.90175265,0.9172799,0.9473669,0.9249254,0.9206288,0.92773044,0.9957149,0.9773212,0.9561648,0.95455235,0.9663338,0.9780863,0.9867467,0.96228987,1.0031041,0.98788846
2025-01-01 10:43:00,0.88608515,0.889067,0.86170197,0.88746053,0.89105904,0.91642237,0.9017671,0.9172861,0.9473809,0.92493135,0.92064697,0.9277422,0.99572915,0.97732884,0.9561893,0.95457137,0.9663613,0.97810733,0.98677915,0.9623157,1.0031354,0.9879129
2025-01-01 10:44:00,0.8860902,0.88906586,0.86170685,0.8874592,0.891062,0.91641927,0.90177196,0.91728586,0.94738615,0.9249318,0.92065585,0.9277476,0.9957369,0.97733307,0.9562052,0.9545846,0.9663807,0.9781232,0.9868032,0.96233594,1.0031599,0.98793304
2025-01-01 10:45:00,0.88609034,0.88906145,0.8617059,0.8874539,0.8910594,0.91641265,0.90177065,0.9172814,0.94738567,0.9249287,0.9206588,0.9277489,0.9957405,0.9773351,0.9562156,0.954594,0.9663949,0.9781358,0.9868217,0.9623526,1.0031797,0.9879505
2025-01-01 10:46:00,0.8860872,0.8890549,0.86170113,0.8874461,0.89105314,0.9164038,0.90176535,0.91727436,0.94738144,0.92492324,0.92065793,0.9277476,0.9957413,0.9773357,0.9562224,0.95460093,0.96640575,0.9781463,0.9868367,0.9623669,1.0031965,0.98796606
2025-01-01 10:47:00,0.88608193,0.88904685,0.8616939,0.8874366,0.8910445,0.91639346,0.9017575,0.91726553,0.9473749,0.9249164,0.92065454,0.9277446,0.9957404,0.9773354,0.956227,0.95460635,0.9664144,0.97815543,0.9868493,0.96237963,1.0032113,0.9879805
2025-01-01 10:48:00,0.88607526,0.8890379,0.8616851,0.8874261,0.89103436,0.91638213,0.9017478,0.9172556,0.9473667,0.9249085,0.92064947,0.9277405,0.9957384,0.9773345,0.95623004,0.9546107,0.96642166,0.97816366,0.9868605,0.9623915,1.0032248,0.9879942
2025-01-01 10:49:00,0.8860676,0.88902825,0.8616752,0.8874148,0.89102316,0.91637015,0.9017371,0.91724485,0.9473576,0.9249,0.92064345,0.9277357,0.99573565,0.9773333,0.95623213,0.95461446,0.966428,0.9781714,0.9868708,0.9624027,1.0032377,0.9880073
2025-01-01 10:50:00,0.8860594,0.8890183,0.86166465,0.887403,0.89101136,0.9163579,0.90172565,0.9172337,0.9473479,0.9248912,0.9206368,0.92773044,0.9957325,0.9773319,0.9562336,0.9546178,0.96643376,0.9781788,0.9868805,0.9624135,1.00325,0.9880202
2025-01-01 10:51:00,0.8860508,0.88900805,0.8616536,0.8873909,0.8909991,0.9163453,0.90171385,0.91722226,0.9473376,0.92488205,0.9206296,0.92772496,0.9957291,0.9773303,0.9562348,0.9546209,0.96643925,0.978186,0.9868898,0.96242416,1.003262,0.98803294
2025-01-01 10:52:00,0.8860419,0.88899755,0.86164224,0.88737863,0.89098656,0.9163325,0.9017016,0.91721064,0.94732726,0.9248728,0.9206223,0.9277193,0.9957255,0.9773288,0.95623577,0.95462394,0.9664445,0.9781931,0.98689884,0.96243465,1.0032737,0.9880455
2025-01-01 10:53:00,0.88603276,0.88898695,0.86163074,0.8873662,0.89097387,0.9163196,0.9016893,0.9171989,0.9473167,0.92486346,0.9206148,0.9277136,0.9957218,0.97732717,0.9562366,0.95462686,0.9664496,0.9782001,0.9869078,0.962445,1.0032854,0.98805803
2025-01-01 10:54:00,0.8860235,0.8889762,0.861619,0.88735366,0.890961,0.9163067,0.90167683,0.9171871,0.94730604,0.9248541,0.9206072,0.92770785,0.9957182,0.97732556,0.9562373,0.9546297,0.96645474,0.97820705,0.98691666,0.96245533,1.0032971,0.9880705
2025-01-01 10:55:00,0.8860142,0.8889654,0.86160713,0.8873411,0.89094806,0.91629374,0.9016643,0.9171753,0.9472953,0.9248448,0.9205995,0.92770207,0.9957145,0.97732395,0.95623803,0.95463264,0.9664598,0.978214,0.9869255,0.96246564,1.0033087,0.98808295
2025-01-01 10:56:00,0.88600475,0.8889546,0.8615953,0.88732845,0.89093506,0.91628075,0.9016518,0.91716343,0.9472846,0.92483544,0.92059195,0.92769635,0.9957108,0.97732246,0.9562388,0.95463556,0.9664649,0.97822106,0.9869343,0.96247596,1.0033203,0.9880954
2025-01-01 10:57:00,0.88599527,0.88894373,0.86158335,0.8873158,0.89092207,0.91626775,0.9016392,0.91715163,0.94727385,0.92482615,0.9205843,0.9276906,0.99570715,0.97732097,0.9562396,0.95463854,0.96646994,0.97822815,0.9869431,0.9624863,1.0033318,0.9881078
2025-01-01 10:58:00,0.88598573,0.88893276,0.8615714,0.88730305,0.8909091,0.9162547,0.90162665,0.91713977,0.9472632,0.92481685,0.92057675,0.9276849,0.9957035,0.9773195,0.9562404,0.9546415,0.96647507,0.9782352,0.986952,0.96249664,1.0033433,0.98812026
2025-01-01 10:59:00,0.8859761,0.88892174,0.86155933,0.8872903,0.89089596,0.91624165,0.901614,0.9171279,0.94725245,0.92480755,0.9205692,0.92767924,0.99569994,0.9773181,0.95624125,0.95464456,0.96648026,0.9782423,0.9869609,0.96250707,1.0033549,0.9881327
2025-01-01 11:00:00,0.89185524,0.8930786,0.8684226,0.892112,0.897516,0.92052406,0.9088661,0.9221838,0.9539141,0.9291919,0.9275204,0.93264484,1.0006287,0.9801229,0.96258575,0.9592067,0.97247875,0.98213875,0.99311376,0.96677744,1.008453,0.99139297
2025-01-01 11:01:00,0.8956733,0.89577675,0.8728795,0.8952417,0.9018144,0.9233031,0.9135756,0.925466,0.95824045,0.93203855,0.93203616,0.9358705,1.0038313,0.9819457,0.96671003,0.9621733,0.97637963,0.984674,0.99711627,0.9695569,1.0117707,0.9935165
2025-01-01 11:02:00,0.8981515,0.8975266,0.87577224,0.89727145,0.90460384,0.925105,0.91663235,0.9275954,0.96104884,0.93388563,0.93496877,0.9379654,1.0059117,0.98313004,0.9693912,0.96410275,0.9789171,0.9863245,0.99972105,0.9713673,1.0139314,0.9949012
2025-01-01 11:03:00,0.89975893,0.8986601,0.8776482,0.89858633,0.90641236,0.92627156,0.91861486,0.92897534,0.96287066,0.9350831,0.9368724,0.93932515,1.007263,0.98389953,0.9711344,0.965358,0.9805684,0.9873999,1.0014174,0.97254777,1.01534,0.9958056
2025-01-01 11:04:00,0.9008003,0.89939296,0.87886333,0.8994365,0.9075833,0.9270254,0.91989917,0.9298682,0.9640512,0.9358583,0.93810725,0.9402072,1.0081401,0.9843993,0.97226787,0.9661752,0.9816436,0.98810154,1.0025232,0.9733187,1.0162597,0.9963979
2025-01-01 11:05:00,0.90147376,0.89986545,0.87964886,0.8999846,0.90833986,0.9275108,0.9207296,0.93044454,0.96481484,0.93635905,0.9389073,0.9407786,1.0087092,0.9847238,0.9730051,0.9667075,0.9823445,0.9885602,1.0032451,0.9738236,1.0168617,0.9967873
2025-01-01 11:06:00,0.901908,0.9001686,0.88015527,0.9003363,0.908827,0.92782176,0.92126495,0.9308151,0.96530753,0.9366814,0.9394249,0.9411482,1.0090779,0.98493445,0.9734848,0.9670548,0.982802,0.98886096,1.0037177,0.9741555,1.017257,0.9970448
2025-01-01 11:07:00,0.9021867,0.9003617,0.8804801,0.9005605,0.90913904,0.9280194,0.9216086,0.9310519,0.9656242,0.9368878,0.9397589,0.9413867,1.0093166,0.9850711,0.973797,0.9672818,0.98310137,0.9890591,1.0040281,0.97437495,1.0175182,0.9972166
2025-01-01 11:08:00,0.9023644,0.9004832,0.88068694,0.9007017,0.9093373,0.92814326,0.9218277,0.93120176,0.96582645,0.9370189,0.9399734,0.94153994,1.0094706,0.98515964,0.9740005,0.9674306,0.98329794,0.9891906,1.0042331,0.97452134,1.017692,0.9973327
2025-01-01 11:09:00,0.9024763,0.90055823,0.88081706,0.90078896,0.90946156,0.92821926,0.92196566,0.9312951,0.96595424,0.93710107,0.94011045,0.94163775,1.0095696,0.9852169,0.97413325,0.9675286,0.98342776,0.9892787,1.0043697,0.97462034,1.0178093,0.99741256
2025-01-01 11:10:00,0.9025456,0.90060306,0.88089734,0.9008412,0.90953773,0.92826414,0.922051,0.93135184,0.9660337,0.9371513,0.9401971,0.94169956,1.0096331,0.98525393,0.97422016,0.9675936,0.98351413,0.98933864,1.0044618,0.9746884,1.0178895,0.997469
2025-01-01 11:11:00,0.90258706,0.9006282,0.8809452,0.9008706,0.90958273,0.9282888,0.92210215,0.9313846,0.9660818,0.937181,0.940251,0.94173807,1.0096734,0.9852778,0.97427714,0.9676372,0.9835723,0.98938036,1.004525,0.97473645,1.0179459,0.99751
2025-01-01 11:12:00,0.9026104,0.90064055,0.88097197,0.9008852,0.90960735,0.92830026,0.92213106,0.93140197,0.9661095,0.9371972,0.9402836,0.9417613,1.0096986,0.9852931,0.97431475,0.96766686,0.98361224,0.98941016,1.0045692,0.9747715,1.0179868,0.9975412
2025-01-01 11:13:00,0.902622,0.9006445,0.8809851,0.9008902,0.90961874,0.9283032,0.92214555,0.93140924,0.96612394,0.9372048,0.94030243,0.9417747,1.009714,0.98530287,0.9743399,0.96768755,0.9836403,0.9894324,1.0046014,0.9747981,1.0180175,0.99756587
2025-01-01 11:14:00,0.90262604,0.90064305,0.88098925,0.9008889,0.9096216,0.9283006,0.9221507,0.93140996,0.9661298,0.9372067,0.94031227,0.9417819,1.0097231,0.98530906,0.97435683,0.9677023,0.9836606,0.98944956,1.0046256,0.97481924,1.0180417,0.99758637
2025-01-01 11:15:00,0.90262496,0.9006381,0.8809876,0.90088356,0.90961885,0.9282944,0.92214966,0.93140644,0.9661301,0.93720496,0.9403163,0.9417848,1.0097282,0.985313,0.97436845,0.96771336,0.9836759,0.98946345,1.0046446,0.9748368,1.0180618,0.99760413
2025-01-01 11:16:00,0.9026207,0.90063083,0.88098216,0.90087545,0.9096125,0.9282859,0.9221447,0.9314002,0.9661267,0.93720084,0.9403166,0.94178504,1.0097306,0.98531544,0.9743767,0.967722,0.983688,0.9894753,1.0046604,0.974852,1.0180789,0.9976201
2025-01-01 11:17:00,0.90261424,0.90062207,0.8809743,0.90086573,0.9096037,0.9282758,0.9221372,0.9313922,0.966121,0.93719524,0.9403145,0.9417836,1.0097312,0.9853169,0.9743827,0.967729,0.98369807,0.98948586,1.0046741,0.9748658,1.0180942,0.997635
2025-01-01 11:18:00,0.9026065,0.9006123,0.8809648,0.9008549,0.90959346,0.9282648,0.9221281,0.9313831,0.9661138,0.9371886,0.9403108,0.9417811,1.0097308,0.98531777,0.97438735,0.967735,0.9837068,0.9894955,1.0046864,0.97487867,1.0181084,0.99764913
2025-01-01 11:19:00,0.9025978,0.9006019,0.88095427,0.9008432,0.9095822,0.9282531,0.9221178,0.9313732,0.96610564,0.9371814,0.9403061,0.9417779,1.0097297,0.9853183,0.9743911,0.9677404,0.98371464,0.98950464,1.0046978,0.9748909,1.018122,0.9976628
2025-01-01 11:20:00,0.9025884,0.9005911,0.88094306,0.90083116,0.9095703,0.9282411,0.92210686,0.9313628,0.9660969,0.9371738,0.9403008,0.9417742,1.0097282,0.9853186,0.97439426,0.9677454,0.9837219,0.9895134,1.0047085,0.97490275,1.018135,0.9976762
2025-01-01 11:21:00,0.9025787,0.9005799,0.88093144,0.9008187,0.909558,0.9282287,0.92209554,0.93135214,0.9660877,0.937166,0.94029516,0.9417703,1.0097264,0.9853188,0.9743971,0.9677502,0.9837289,0.98952204,1.004719,0.9749143,1.0181477,0.99768937
2025-01-01 11:22:00,0.9025687,0.9005686,0.88091946,0.90080607,0.9095454,0.9282162,0.92208385,0.93134135,0.96607834,0.93715805,0.9402892,0.9417662,1.0097245,0.98531896,0.97439975,0.96775484,0.9837357,0.9895305,1.0047293,0.97492576,1.0181602,0.9977024
2025-01-01 11:23:00,0.90255845,0.90055716,0.8809073,0.9007933,0.90953267,0.92820364,0.922072,0.93133044,0.9660688,0.93714994,0.9402831,0.94176203,1.0097225,0.985319,0.97440225,0.96775943,0.98374236,0.9895389,1.0047395,0.97493714,1.0181726,0.9977154
2025-01-01 11:24:00,0.90254813,0.90054554,0.880895,0.9007805,0.90951973,0.92819095,0.92206013,0.9313195,0.9660592,0.93714184,0.940277,0.94175786,1.0097204,0.98531914,0.97440463,0.96776396,0.983749,0.98954725,1.0047495,0.9749484,1.0181849,0.99772835
2025-01-01 11:25:00,0.90253764,0.9005339,0.88088256,0.9007676,0.9095068,0.9281782,0.92204815,0.93130845,0.9660495,0.9371338,0.9402707,0.94175375,1.0097184,0.98531926,0.9744071,0.9677685,0.9837556,0.98955566,1.0047597,0.97495973,1.0181972,0.9977412
2025-01-01 11:26:00,0.9025271,0.9005222,0.88087004,0.90075463,0.9094938,0.92816544,0.9220362,0.9312974,0.9660399,0.93712574,0.9402646,0.9417495,1.0097164,0.9853195,0.9744096,0.9677731,0.98376215,0.98956406,1.0047697,0.97497106,1.0182096,0.99775416
2025-01-01 11:27:00,0.90251654,0.90051043,0.8808575,0.9007417,0.90948075,0.92815274,0.92202413,0.9312864,0.9660302,0.9371177,0.94025844,0.9417454,1.0097145,0.9853197,0.974412,0.9677777,0.9837688,0.9895725,1.0047797,0.9749824,1.0182219,0.99776703
2025-01-01 11:28:00,0.90250593,0.9004987,0.880845,0.90072864,0.90946776,0.92814,0.9220121,0.93127537,0.9660206,0.93710965,0.9402523,0.9417413,1.0097125,0.98532,0.9744146,0.9677823,0.9837755,0.989581,1.0047897,0.9749937,1.018234,0.99777985
2025-01-01 11:29:00,0.9024952,0.9004868,0.8808324,0.9007156,0.90945464,0.9281272,0.92200005,0.9312644,0.966011,0.93710166,0.9402462,0.94173723,1.0097106,0.98532027,0.9744171,0.96778697,0.9837822,0.98958945,1.0047997,0.97500503,1.0182463,0.9977928
2025-01-01 11:30:00,0.9082973,0.90482765,0.887565,0.90562564,0.9159416,0.9324733,0.9290146,0.9363344,0.9723991,0.9415092,0.9468765,0.9466591,1.0144248,0.9881901,0.98035055,0.9722485,0.9893926,0.9933462,1.0104264,0.9791277,1.0228627,1.0009062
2025-01-01 11:31:00,0.91206485,0.90764505,0.8919368,0.9088126,0.9201535,0.93529385,0.93356997,0.9396261,0.9765481,0.9443713,0.95118415,0.949857,1.0174885,0.9900557,0.9842082,0.97515017,0.9930417,0.99579114,1.0140872,0.98181146,1.0258675,1.0029347
2025-01-01 11:32:00,0.91451,0.90947217,0.894774,0.91087955,0.92288667,0.93712276,0.9365267,0.9417619,0.9792416,0.9462289,0.95398206,0.9519343,1.0194793,0.9912686,0.9867167,0.97703797,0.9954161,0.9973834,1.0164703,0.98355985,1.0278249,1.0042576
2025-01-01 11:33:00,0.9160955,0.9106556,0.8966138,0.9122185,0.9246586,0.9383071,0.93844444,0.9431464,0.9809891,0.9474337,0.9557986,0.95328325,1.0207727,0.99205714,0.9883482,0.97826684,0.9969619,0.99842143,1.018023,0.9847004,1.0291016,1.005122
2025-01-01 11:34:00,0.9171223,0.9114206,0.89780515,0.9130842,0.92580587,0.9390725,0.93968683,0.94404256,0.98212165,0.9482141,0.9569774,0.9541587,1.0216129,0.99257,0.98940974,0.9790673,0.99796915,0.99909925,1.0190358,0.9854458,1.0299358,1.0056884
2025-01-01 11:35:00,0.9177858,0.9119137,0.8985751,0.91364235,0.926547,0.9395656,0.94049025,0.94462126,0.9828546,0.9487187,0.9577416,0.9547265,1.0221585,0.9929036,0.99010074,0.9795894,0.9986263,0.9995429,1.0196978,0.9859343,1.0304824,1.0060611
2025-01-01 11:36:00,0.91821325,0.91222996,0.89907116,0.9140006,0.9270242,0.9398817,0.94100827,0.94499373,0.9833277,0.94904405,0.95823634,0.95509434,1.0225128,0.99312073,0.99055094,0.9799306,0.9990559,0.9998343,1.0201316,0.9862559,1.0308421,1.006308
2025-01-01 11:37:00,0.91848725,0.9124313,0.899389,0.9142288,0.9273298,0.9400827,0.94134086,0.94523203,0.983632,0.9492529,0.95855594,0.9553322,1.0227424,0.9932622,0.99084467,0.98015416,0.9993376,1.0000268,1.0204173,0.986469,1.0310801,1.006473
2025-01-01 11:38:00,0.91866153,0.912558,0.8995912,0.9143726,0.9275239,0.940209,0.941553,0.94538325,0.9838267,0.949386,0.95876175,0.9554856,1.0228914,0.99335444,0.99103665,0.9803013,0.9995233,1.0001552,1.0206066,0.98661155,1.0312394,1.0065846
2025-01-01 11:39:00,0.9187709,0.91263604,0.89971817,0.91446155,0.9276455,0.9402867,0.9416867,0.94547784,0.98394996,0.9494699,0.9588936,0.9555841,1.0229877,0.99341476,0.9911626,0.98039883,0.9996466,1.0002416,1.0207334,0.98670834,1.0313473,1.0066619
2025-01-01 11:40:00,0.9188381,0.91268253,0.89979625,0.9145147,0.92772,0.9403328,0.94176954,0.9455356,0.98402685,0.94952184,0.9589774,0.955647,1.02305,0.99345434,0.99124557,0.9804641,0.9997293,1.0003011,1.0208194,0.9867754,1.0314217,1.0067166
2025-01-01 11:41:00,0.9188779,0.9127085,0.89984244,0.91454476,0.9277638,0.9403584,0.94181925,0.94556946,0.9840737,0.9495531,0.9590299,0.9556867,1.02309,0.99348044,0.9913007,0.9805084,0.9997855,1.0003428,1.020879,0.98682296,1.0314745,1.0067567
2025-01-01 11:42:00,0.91889983,0.9127211,0.8998681,0.91455966,0.9277878,0.9403706,0.9418475,0.94558775,0.984101,0.9495708,0.9590623,0.95571136,1.0231156,0.99349785,0.99133766,0.9805391,0.99982464,1.0003732,1.0209215,0.986858,1.0315132,1.0067873
2025-01-01 11:43:00,0.9189102,0.91272503,0.8998802,0.9145647,0.9277988,0.9403742,0.94186175,0.945596,0.98411554,0.9495798,0.9590814,0.95572627,1.023132,0.99350953,0.9913629,0.980561,0.9998527,1.0003963,1.0209528,0.98688495,1.0315428,1.0068117
2025-01-01 11:44:00,0.91891295,0.91272336,0.8998835,0.9145634,0.92780143,0.9403721,0.94186693,0.9455977,0.9841219,0.94958305,0.959092,0.95573485,1.0231422,0.99351764,0.9913805,0.9805772,0.9998736,1.0004145,1.0209768,0.9869066,1.0315665,1.0068324
2025-01-01 11:45:00,0.9189108,0.912718,0.89988124,0.91455805,0.92779857,0.94036645,0.9418663,0.9455952,0.98412293,0.94958276,0.9590971,0.9557393,1.0231485,0.99352336,0.9913932,0.9805897,0.99988985,1.0004294,1.0209962,0.98692477,1.0315862,1.0068502
2025-01-01 11:46:00,0.9189055,0.9127102,0.8998753,0.91454995,0.9277922,0.94035834,0.94186175,0.94558984,0.9841205,0.94958,0.9590986,0.9557412,1.0231525,0.99352753,0.9914027,0.98059976,0.9999031,1.0004425,1.0210127,0.98694074,1.0316035,1.0068663
2025-01-01 11:47:00,0.91889805,0.9127008,0.8998669,0.9145401,0.9277835,0.94034874,0.9418548,0.9455828,0.9841158,0.9495758,0.9590978,0.9557414,1.0231546,0.9935308,0.99141014,0.98060834,0.99991435,1.0004542,1.021027,0.9869552,1.0316192,1.0068814
2025-01-01 11:48:00,0.9188892,0.9126904,0.89985687,0.9145291,0.92777336,0.94033813,0.9418462,0.94557464,0.9841097,0.9495706,0.95909554,0.95574045,1.0231558,0.99353343,0.99141634,0.9806159,0.9999243,1.000465,1.0210401,0.9869689,1.0316337,1.0068958
2025-01-01 11:49:00,0.9188795,0.9126794,0.89984584,0.91451734,0.9277622,0.940327,0.94183666,0.9455657,0.98410267,0.9495648,0.95909226,0.95573884,1.0231564,0.9935357,0.99142164,0.9806229,0.9999335,1.0004754,1.0210524,0.98698187,1.0316476,1.0069096
2025-01-01 11:50:00,0.91886926,0.9126678,0.8998342,0.9145051,0.9277504,0.9403153,0.94182634,0.9455563,0.984095,0.94955856,0.95908844,0.9557369,1.0231565,0.9935377,0.9914264,0.9806294,0.9999421,1.0004855,1.0210643,0.9869945,1.0316612,1.0069233
2025-01-01 11:51:00,0.9188585,0.912656,0.89982206,0.9144926,0.92773825,0.94030344,0.9418157,0.9455466,0.98408705,0.9495521,0.9590842,0.9557346,1.0231564,0.9935397,0.9914309,0.98063576,0.9999505,1.0004953,1.0210758,0.9870069,1.0316744,1.0069367
2025-01-01 11:52:00,0.91884756,0.9126441,0.8998097,0.9144799,0.9277258,0.94029146,0.94180477,0.94553685,0.9840788,0.94954556,0.9590798,0.95573217,1.0231563,0.99354154,0.9914351,0.980642,0.9999588,1.000505,1.0210872,0.9870191,1.0316874,1.00695
2025-01-01 11:53:00,0.9188364,0.91263187,0.89979714,0.914467,0.9277132,0.94027925,0.9417937,0.9455269,0.9840705,0.9495389,0.9590753,0.95572966,1.0231559,0.9935433,0.9914392,0.9806481,0.99996686,1.0005147,1.0210983,0.9870313,1.0317004,1.0069631
2025-01-01 11:54:00,0.91882515,0.9126196,0.8997844,0.91445404,0.9277006,0.940267,0.9417825,0.9455169,0.984062,0.9495322,0.9590707,0.95572716,1.0231556,0.9935452,0.99144334,0.9806542,0.99997485,1.0005244,1.0211092,0.9870434,1.0317131,1.0069764
2025-01-01 11:55:00,0.91881377,0.9126074,0.8997716,0.9144411,0.9276878,0.94025487,0.94177127,0.9455069,0.9840536,0.9495256,0.95906603,0.9557246,1.0231552,0.993547,0.99144745,0.9806603,0.99998283,1.000534,1.0211203,0.9870555,1.031726,1.0069895
2025-01-01 11:56:00,0.9188023,0.912595,0.89975876,0.91442806,0.92767495,0.9402426,0.94176,0.94549686,0.9840452,0.9495189,0.9590614,0.9557221,1.023155,0.9935489,0.9914515,0.9806665,0.99999094,1.0005436,1.0211314,0.9870676,1.0317388,1.0070026
2025-01-01 11:57:00,0.9187908,0.91258264,0.8997458,0.914415,0.92766213,0.94023037,0.94174874,0.9454869,0.98403674,0.9495123,0.9590568,0.95571965,1.0231547,0.99355084,0.9914557,0.98067266,0.9999989,1.0005533,1.0211425,0.98707974,1.0317515,1.0070157
2025-01-01 11:58:00,0.9187793,0.9125702,0.89973295,0.9144019,0.9276493,0.94021815,0.94173753,0.9454769,0.9840284,0.9495057,0.95905226,0.9557172,1.0231545,0.9935528,0.99145985,0.98067886,1.000007,1.0005629,1.0211535,0.9870918,1.0317643,1.0070288
2025-01-01 11:59:00,0.9187677,0.9125577,0.89971995,0.9143888,0.9276365,0.9402059,0.9417262,0.9454669,0.98402,0.94949913,0.9590477,0.95571476,1.0231543,0.99355483,0.991464,0.9806851,1.0000151,1.0005727,1.0211645,0.9871039,1.031777,1.0070418
2025-01-01 12:00:00,0.92438924,0.91700494,0.90620196,0.9192994,0.9338746,0.9445378,0.9483782,0.95046043,0.99002075,0.9538509,0.96523875,0.96050495,1.0275699,0.9964382,0.9968805,0.9849664,1.0051373,1.004123,1.0261643,0.991005,1.0358291,1.0099533
2025-01-01 12:01:00,0.92803913,0.91989124,0.91041064,0.9224867,0.9379249,0.9473493,0.9526981,0.95370275,0.99391836,0.9566773,0.9692614,0.96361774,1.03044,0.9983132,1.0004026,0.9877515,1.0084696,1.0064341,1.0294182,0.99354506,1.0384674,1.0118502
2025-01-01 12:02:00,0.93040746,0.921763,0.9131418,0.92455393,0.9405532,0.94917256,0.9555021,0.9558069,0.99644893,0.95851225,0.9718746,0.96564037,1.0323056,0.99953276,1.0026937,0.98956406,1.0106385,1.0079397,1.031537,0.99520034,1.0401868,1.0130879
2025-01-01 12:03:00,0.9319428,0.9229752,0.91491246,0.925893,0.94225705,0.95035344,0.95732087,0.95717114,0.998091,0.95970285,0.9735718,0.96695435,1.0335182,1.0003262,1.0041844,0.99074453,1.0120513,1.0089219,1.0329183,0.9962805,1.0413089,1.013897
2025-01-01 12:04:00,0.93293667,0.9237587,0.9160588,0.9267588,0.9433601,0.9511168,0.95849913,0.95805454,0.99915546,0.96047455,0.97467345,0.9678077,1.0343065,1.0008428,1.0051548,0.99151415,1.0129726,1.0095637,1.03382,0.9969869,1.0420427,1.0144274
2025-01-01 12:05:00,0.93357855,0.9242636,0.91679937,0.9273171,0.9440726,0.9516088,0.95926124,0.9586254,0.9998446,0.960974,0.97538805,0.96836174,1.0348191,1.0011796,1.0057874,0.9920167,1.0135744,1.0099845,1.0344101,0.99745035,1.0425242,1.0147768
2025-01-01 12:06:00,0.9339916,0.92458737,0.91727614,0.9276753,0.94453126,0.9519243,0.9597527,0.958993,1.0002898,0.96129644,0.9758511,0.96872115,1.0351523,1.0013993,1.0062001,0.9923457,1.0139683,1.0102615,1.0347977,0.99775594,1.0428417,1.0150086
2025-01-01 12:07:00,0.93425596,0.92479336,0.91758156,0.9279036,0.94482493,0.9521252,0.9600683,0.9592286,1.0005763,0.9615039,0.97615075,0.96895415,1.0353692,1.001543,1.0064701,0.9925619,1.0142275,1.0104451,1.0350535,0.9979589,1.0430526,1.0151638
2025-01-01 12:08:00,0.9344236,0.9249229,0.91777545,0.9280474,0.9450114,0.95225155,0.96026963,0.9593784,1.0007597,0.96163666,0.9763441,0.96910495,1.0355101,1.0016373,1.0066472,0.99270475,1.0143989,1.0105679,1.0352238,0.99809504,1.0431942,1.0152692
2025-01-01 12:09:00,0.93452847,0.92500263,0.9178969,0.9281363,0.94512814,0.9523296,0.96039665,0.9594724,1.0008763,0.9617208,0.9764684,0.96920234,1.0356019,1.0016997,1.006764,0.9928,1.0145135,1.0106514,1.0353385,0.9981879,1.0432907,1.0153422
2025-01-01 12:10:00,0.93459237,0.92504996,0.9179713,0.9281895,0.94519955,0.952376,0.96047544,0.95953023,1.0009493,0.9617735,0.97654784,0.96926516,1.0356618,1.001741,1.0068417,0.9928644,1.0145909,1.0107092,1.0354171,0.9982526,1.0433581,1.0153943
2025-01-01 12:11:00,0.93462974,0.92507637,0.9180151,0.9282195,0.9452416,0.95240206,0.96052283,0.9595645,1.0009941,0.9618057,0.97659814,0.96930534,1.0357009,1.001769,1.0068939,0.9929086,1.0146443,1.0107503,1.0354722,0.99829894,1.0434062,1.0154328
2025-01-01 12:12:00,0.9346499,0.92508906,0.918039,0.92823446,0.9452644,0.9524148,0.9605499,0.95958346,1.0010204,0.9618246,0.97662956,0.9693309,1.0357267,1.0017881,1.0069295,0.9929398,1.014682,1.0107807,1.035512,0.9983334,1.0434421,1.0154624
2025-01-01 12:13:00,0.93465877,0.9250928,0.91805,0.92823964,0.9452749,0.952419,0.96056366,0.9595925,1.0010349,0.96183485,0.9766486,0.969347,1.0357436,1.0018015,1.0069544,0.99296254,1.0147097,1.010804,1.0355419,0.9983602,1.04347,1.0154862
2025-01-01 12:14:00,0.9346603,0.92509085,0.91805255,0.9282384,0.9452772,0.9524175,0.96056885,0.95959514,1.0010415,0.9618395,0.9766598,0.96935695,1.0357549,1.0018114,1.0069724,0.99297976,1.0147307,1.0108228,1.0355653,0.998382,1.0434927,1.0155063
2025-01-01 12:15:00,0.9346571,0.9250851,0.91804963,0.928233,0.94527435,0.9524124,0.96056855,0.9595936,1.0010433,0.96184057,0.9766658,0.969363,1.0357625,1.0018188,1.0069859,0.9929934,1.0147475,1.0108386,1.0355846,0.99840045,1.043512,1.0155239
2025-01-01 12:16:00,0.93465084,0.9250769,0.91804314,0.928225,0.94526803,0.952405,0.96056455,0.95958936,1.0010418,0.96183926,0.9766685,0.96936643,1.0357677,1.0018247,1.0069965,0.99300486,1.0147614,1.0108526,1.0356013,0.99841684,1.043529,1.01554
2025-01-01 12:17:00,0.93464243,0.92506707,0.9180344,0.92821527,0.9452595,0.952396,0.96055824,0.9595834,1.0010382,0.96183646,0.976669,0.9693682,1.0357715,1.0018297,1.0070052,0.9930148,1.0147737,1.0108653,1.0356162,0.99843186,1.0435445,1.015555
2025-01-01 12:18:00,0.93463284,0.9250562,0.91802406,0.9282043,0.9452496,0.952386,0.9605504,0.9595763,1.0010332,0.9618327,0.9766681,0.9693689,1.0357744,1.001834,1.0070128,0.9930238,1.0147848,1.0108774,1.03563,0.99844605,1.0435594,1.0155694
2025-01-01 12:19:00,0.9346223,0.9250447,0.9180128,0.9281927,0.94523877,0.9523754,0.9605416,0.9595685,1.0010275,0.9618284,0.9766664,0.96936893,1.0357765,1.001838,1.0070196,0.9930322,1.0147953,1.0108887,1.035643,0.9984596,1.0435734,1.0155834
2025-01-01 12:20:00,0.9346112,0.92503273,0.9180009,0.9281805,0.9452273,0.95236444,0.9605322,0.9595603,1.001021,0.9618237,0.9766641,0.9693686,1.0357783,1.0018417,1.007026,0.99304026,1.0148052,1.0108998,1.0356555,0.9984728,1.0435871,1.015597
2025-01-01 12:21:00,0.9345997,0.92502046,0.91798854,0.9281681,0.9452155,0.95235324,0.9605224,0.95955175,1.0010144,0.96181875,0.97666144,0.969368,1.0357798,1.0018452,1.0070319,0.993048,1.0148149,1.0109107,1.0356678,0.9984858,1.0436006,1.0156105
2025-01-01 12:22:00,0.934588,0.92500806,0.91797596,0.9281555,0.9452035,0.9523419,0.9605124,0.9595431,1.0010076,0.96181375,0.97665864,0.96936727,1.0357814,1.0018488,1.0070376,0.9930557,1.0148243,1.0109216,1.0356798,0.9984986,1.0436139,1.0156237
2025-01-01 12:23:00,0.9345761,0.9249954,0.91796315,0.9281427,0.94519126,0.95233047,0.96050227,0.9595343,1.0010005,0.96180856,0.9766557,0.96936643,1.0357827,1.0018523,1.0070434,0.9930634,1.0148337,1.0109323,1.0356919,0.9985114,1.0436271,1.0156369
2025-01-01 12:24:00,0.93456405,0.9249827,0.9179503,0.9281299,0.945179,0.9523189,0.96049196,0.95952547,1.0009935,0.96180344,0.97665274,0.9693656,1.0357841,1.0018559,1.0070491,0.99307096,1.014843,1.010943,1.0357038,0.99852407,1.0436404,1.0156502
2025-01-01 12:25:00,0.934552,0.92497,0.9179373,0.92811704,0.94516665,0.95230734,0.96048164,0.95951664,1.0009865,0.9617983,0.97664976,0.9693648,1.0357856,1.0018593,1.0070548,0.9930785,1.0148523,1.0109538,1.0357157,0.9985367,1.0436535,1.0156633
2025-01-01 12:26:00,0.9345398,0.92495716,0.9179242,0.9281041,0.94515425,0.9522958,0.96047133,0.9595078,1.0009794,0.9617932,0.9766467,0.969364,1.0357869,1.0018629,1.0070605,0.9930861,1.0148616,1.0109645,1.0357276,0.9985494,1.0436665,1.0156764
2025-01-01 12:27:00,0.9345276,0.92494434,0.9179112,0.9280912,0.94514185,0.9522843,0.960461,0.959499,1.0009723,0.9617881,0.9766438,0.9693632,1.0357883,1.0018665,1.0070662,0.9930938,1.0148709,1.0109752,1.0357394,0.9985621,1.0436796,1.0156894
2025-01-01 12:28:00,0.93451536,0.92493147,0.9178981,0.92807823,0.94512945,0.9522727,0.96045077,0.9594902,1.0009652,0.961783,0.9766409,0.9693625,1.0357897,1.0018702,1.007072,0.9931014,1.0148803,1.010986,1.0357513,0.99857473,1.0436926,1.0157025
2025-01-01 12:29:00,0.9345031,0.9249186,0.91788507,0.9280653,0.94511706,0.9522612,0.96044046,0.9594814,1.0009582,0.961778,0.97663796,0.9693618,1.0357913,1.0018739,1.0070777,0.99310905,1.0148896,1.0109967,1.0357631,0.99858737,1.0437056,1.0157156
2025-01-01 12:30:00,0.9398438,0.9293929,0.92400056,0.93288916,0.950995,0.95650196,0.96661097,0.96430975,1.0064646,0.96599656,0.98227936,0.973935,1.0398291,1.0047194,1.0118804,0.99713373,1.0194322,1.0142769,1.0400472,1.0021975,1.0471213,1.018373
2025-01-01 12:31:00,0.9433109,0.9322967,0.92797107,0.93602014,0.95481133,0.9592545,0.97061825,0.9674452,1.0100414,0.9687369,0.9859453,0.97690743,1.0424544,1.0065705,1.0150043,0.9997526,1.0223883,1.0164129,1.0428361,1.0045484,1.049346,1.020105
2025-01-01 12:32:00,0.9455602,0.9341796,0.9305473,0.9380508,0.95728767,0.9610396,0.97321945,0.9694803,1.0123638,0.97051644,0.98832726,0.97883934,1.0441614,1.0077751,1.0170368,1.0014576,1.024313,1.017805,1.0446529,1.0060811,1.0507965,1.0212352
2025-01-01 12:33:00,0.9470179,0.935399,0.93221724,0.9393662,0.95889294,0.962196,0.9749066,0.97080004,1.0138711,0.9716715,0.9898746,0.98009497,1.0452716,1.0085595,1.0183601,1.0025686,1.0255674,1.0187138,1.045838,1.0070817,1.0517441,1.0219746
2025-01-01 12:34:00,0.94796103,0.9361871,0.9332981,0.9402167,0.9599321,0.9629437,0.97599983,0.9716549,1.0148484,0.9724207,0.99087954,0.980911,1.0459939,1.0090706,1.0192225,1.0032935,1.0263861,1.0193083,1.0466126,1.0077367,1.0523646,1.0224596
2025-01-01 12:35:00,0.9485698,0.9366948,0.9339961,0.9407651,0.96060324,0.9634257,0.9767069,0.97220767,1.0154814,0.972906,0.99153185,0.9814414,1.0464642,1.0094044,1.0197852,1.0037676,1.0269217,1.0196986,1.0471203,1.0081668,1.0527724,1.0227796
2025-01-01 12:36:00,0.948961,0.93702024,0.9344452,0.9411169,0.9610352,0.96373504,0.977163,0.972564,1.0158905,0.9732199,0.99195504,0.981786,1.0467706,1.0096228,1.020153,1.0040785,1.0272733,1.0199562,1.0474546,1.0084509,1.0530422,1.022992
2025-01-01 12:37:00,0.949211,0.93722725,0.9347325,0.9413412,0.9613117,0.9639322,0.977456,0.9727927,1.0161542,0.9734223,0.9922293,0.98201,1.0469704,1.0097663,1.0203944,1.0042835,1.0275052,1.0201275,1.0476762,1.0086399,1.0532221,1.0231346
2025-01-01 12:38:00,0.94936913,0.93735725,0.9349147,0.9414825,0.9614872,0.96405643,0.97764295,0.9729384,1.0163233,0.97355235,0.99240667,0.98215556,1.047101,1.0098611,1.0205536,1.0044196,1.0276594,1.0202428,1.0478244,1.0087674,1.0533435,1.023232
2025-01-01 12:39:00,0.94946754,0.9374372,0.93502855,0.9415698,0.96159697,0.96413326,0.97776103,0.97303027,1.016431,0.9736354,0.9925212,0.98225015,1.0471867,1.0099243,1.0206591,1.0045109,1.027763,1.0203216,1.047925,1.0088546,1.053427,1.0232997
2025-01-01 12:40:00,0.9495271,0.9374846,0.93509793,0.9416221,0.9616641,0.9641793,0.97783434,0.97308713,1.0164988,0.97368777,0.99259496,0.98231167,1.0472432,1.0099669,1.0207301,1.0045732,1.0278339,1.0203767,1.0479946,1.0089159,1.0534859,1.0233483
2025-01-01 12:41:00,0.9495614,0.9375109,0.93513846,0.9416516,0.9617034,0.9642053,0.97787863,0.97312117,1.0165406,0.9737204,0.9926421,0.98235166,1.0472807,1.0099959,1.0207784,1.0046166,1.0278834,1.0204165,1.0480442,1.0089601,1.0535288,1.0233845
2025-01-01 12:42:00,0.94957936,0.9375234,0.9351603,0.9416663,0.9617248,0.9642184,0.97790396,0.97314054,1.0165657,0.97374004,0.9926721,0.9823777,1.0473058,1.0100164,1.0208122,1.0046476,1.027919,1.0204463,1.0480807,1.0089935,1.0535612,1.0234125
2025-01-01 12:43:00,0.9495866,0.937527,0.9351698,0.9416714,0.9617344,0.96422297,0.977917,0.97315025,1.0165797,0.97375137,0.9926908,0.98239475,1.0473231,1.0100315,1.0208364,1.0046709,1.0279458,1.0204695,1.0481086,1.0090197,1.053587,1.0234352
2025-01-01 12:44:00,0.94958687,0.93752474,0.9351714,0.94167024,0.9617365,0.96422213,0.9779221,0.97315377,1.0165867,0.97375727,0.9927023,0.98240584,1.0473353,1.0100428,1.0208545,1.0046889,1.0279666,1.0204886,1.0481311,1.0090411,1.0536083,1.0234545
2025-01-01 12:45:00,0.94958264,0.9375188,0.93516797,0.941665,0.9617336,0.96421766,0.977922,0.97315323,1.016589,0.9737597,0.9927091,0.98241323,1.047344,1.0100517,1.0208687,1.0047035,1.0279837,1.0205051,1.0481501,1.0090595,1.0536267,1.0234716
2025-01-01 12:46:00,0.9495754,0.93751025,0.93516105,0.9416572,0.9617275,0.964211,0.9779186,0.9731501,1.0165886,0.9737599,0.99271286,0.9824181,1.0473505,1.0100592,1.0208801,1.004716,1.0279983,1.0205197,1.0481665,1.0090761,1.0536432,1.0234872
2025-01-01 12:47:00,0.94956636,0.93750024,0.93515205,0.94164765,0.9617193,0.96420276,0.97791314,0.9731453,1.016586,0.97375864,0.9927147,0.9824215,1.0473557,1.0100658,1.0208899,1.0047271,1.0280113,1.0205332,1.0481817,1.0090914,1.0536586,1.023502
2025-01-01 12:48:00,0.94955605,0.9374891,0.93514156,0.941637,0.96170986,0.96419364,0.97790617,0.97313946,1.0165823,0.97375643,0.99271536,0.98242384,1.0473601,1.0100718,1.0208987,1.0047374,1.0280234,1.020546,1.0481958,1.0091058,1.0536731,1.0235159
2025-01-01 12:49:00,0.9495449,0.9374773,0.93513024,0.9416256,0.96169955,0.9641839,0.97789836,0.9731329,1.0165778,0.9737537,0.9927151,0.9824256,1.0473638,1.0100774,1.0209068,1.004747,1.0280348,1.0205584,1.0482093,1.0091197,1.0536871,1.0235296
2025-01-01 12:50:00,0.94953316,0.9374651,0.9351183,0.9416138,0.96168864,0.9641738,0.97788996,0.97312593,1.0165728,0.97375053,0.9927144,0.9824269,1.0473672,1.0100828,1.0209144,1.0047565,1.0280458,1.0205704,1.0482225,1.0091333,1.0537009,1.023543
2025-01-01 12:51:00,0.9495211,0.93745255,0.935106,0.94160163,0.9616774,0.9641634,0.9778812,0.97311866,1.0165676,0.9737472,0.9927134,0.982428,1.0473704,1.0100881,1.020922,1.0047656,1.0280566,1.0205822,1.0482353,1.0091466,1.0537143,1.0235564
2025-01-01 12:52:00,0.94950885,0.93743986,0.9350934,0.9415893,0.96166587,0.96415293,0.97787225,0.9731113,1.0165622,0.9737437,0.9927122,0.98242897,1.0473737,1.0100932,1.0209292,1.0047746,1.0280671,1.0205939,1.048248,1.0091598,1.0537276,1.0235695
2025-01-01 12:53:00,0.9494964,0.937427,0.93508065,0.9415769,0.96165425,0.9641424,0.97786313,0.9731038,1.0165567,0.97374016,0.99271095,0.98242986,1.0473768,1.0100983,1.0209364,1.0047836,1.0280777,1.0206054,1.0482607,1.0091729,1.053741,1.0235825
2025-01-01 12:54:00,0.9494839,0.93741405,0.9350678,0.9415644,0.96164256,0.9641317,0.977854,0.9730963,1.016551,0.9737366,0.99270964,0.9824307,1.0473797,1.0101035,1.0209435,1.0047926,1.0280881,1.0206171,1.0482733,1.009186,1.0537542,1.0235955
2025-01-01 12:55:00,0.94947124,0.937401,0.93505484,0.94155186,0.9616308,0.96412104,0.97784483,0.9730888,1.0165455,0.97373307,0.9927083,0.98243165,1.047383,1.0101086,1.0209508,1.0048015,1.0280986,1.0206288,1.0482858,1.0091991,1.0537674,1.0236083
2025-01-01 12:56:00,0.94945854,0.937388,0.93504184,0.94153935,0.9616191,0.9641104,0.97783566,0.97308135,1.0165399,0.97372955,0.99270695,0.98243254,1.0473859,1.0101137,1.020958,1.0048103,1.028109,1.0206404,1.0482982,1.0092121,1.0537806,1.0236212
2025-01-01 12:57:00,0.94944584,0.937375,0.9350289,0.94152683,0.9616073,0.96409976,0.9778265,0.97307384,1.0165343,0.9737261,0.9927057,0.9824335,1.047389,1.010119,1.0209651,1.0048193,1.0281194,1.020652,1.0483108,1.009225,1.0537937,1.0236341
2025-01-01 12:58:00,0.9494331,0.9373619,0.9350159,0.9415142,0.9615956,0.96408916,0.97781736,0.9730664,1.0165288,0.97372264,0.9927045,0.98243445,1.0473922,1.0101242,1.0209724,1.0048283,1.0281298,1.0206637,1.0483233,1.009238,1.0538068,1.023647
2025-01-01 12:59:00,0.9494203,0.93734884,0.9350029,0.9415017,0.96158385,0.96407855,0.9778082,0.97305894,1.0165234,0.97371924,0.9927033,0.98243546,1.0473953,1.0101296,1.0209796,1.0048373,1.0281403,1.0206753,1.0483358,1.009251,1.0538199,1.0236597
2025-01-01 13:00:00,0.9543848,0.9417702,0.94064295,0.9461522,0.9669967,0.9681521,0.9833873,0.97763544,1.0214368,0.9777291,0.99769425,0.9867097,1.0509839,1.0128865,1.025083,1.0085334,1.0320224,1.0236272,1.0518273,1.0125057,1.0565381,1.0260156
2025-01-01 13:01:00,0.95760727,0.9446395,0.94430435,0.94917077,0.97051096,0.9707962,0.98701054,0.9806076,1.0246288,0.9803344,1.000938,0.9894884,1.0533177,1.0146804,1.0277528,1.010939,1.0345494,1.02555,1.0541011,1.0146258,1.0583094,1.0275514
2025-01-01 13:02:00,0.9596974,0.94649994,0.9466797,0.9511284,0.9727912,0.9725113,0.98936254,0.9825371,1.0267017,0.98202676,1.0030462,0.99129504,1.0548357,1.0158484,1.0294907,1.012506,1.0361956,1.026804,1.0555835,1.0160084,1.0594653,1.0285542
2025-01-01 13:03:00,0.9610515,0.94770473,0.94821924,0.9523965,0.9742693,0.97362244,0.9908882,0.9837887,1.0280473,0.9831256,1.0044162,0.99246985,1.0558237,1.0166097,1.0306231,1.0135278,1.0372695,1.0276232,1.0565516,1.0169116,1.0602213,1.0292104
2025-01-01 13:04:00,0.9619271,0.94848317,0.94921535,0.95321643,0.975226,0.97434103,0.9918768,0.98459977,1.0289202,0.9838389,1.0053064,0.99323386,1.0564672,1.0171064,1.0313618,1.0141951,1.0379711,1.0281599,1.0571852,1.0175033,1.0607173,1.0296414
2025-01-01 13:05:00,0.9624918,0.94898456,0.94985825,0.953745,0.9758438,0.9748045,0.9925163,0.98512447,1.0294857,0.98430145,1.0058848,0.993731,1.0568867,1.0174314,1.0318446,1.0146322,1.038431,1.0285128,1.0576013,1.0178925,1.0610443,1.0299261
2025-01-01 13:06:00,0.9628543,0.9493059,0.95027167,0.9540843,0.97624135,0.9751022,0.99292886,0.9854631,1.0298516,0.98460114,1.0062604,0.99405473,1.0571606,1.0176445,1.0321611,1.0149195,1.0387338,1.0287464,1.0578763,1.01815,1.0612613,1.0301155
2025-01-01 13:07:00,0.9630855,0.94951016,0.9505358,0.9543004,0.9764957,0.9752921,0.993194,0.98568076,1.0300877,0.9847949,1.0065044,0.99426574,1.0573401,1.0177852,1.0323696,1.0151095,1.0389344,1.0289024,1.0580596,1.0183219,1.061407,1.030243
2025-01-01 13:08:00,0.96323115,0.94963837,0.95070297,0.9544366,0.97665703,0.9754119,0.9933633,0.9858198,1.0302395,0.98491997,1.0066628,0.99440336,1.057458,1.0178787,1.0325078,1.0152365,1.0390686,1.029008,1.0581831,1.0184383,1.0615063,1.0303304
2025-01-01 13:09:00,0.9633214,0.9497171,0.95080715,0.95452076,0.97675794,0.9754862,0.9934704,0.98590785,1.0303363,0.9850002,1.0067656,0.9944935,1.057536,1.0179415,1.0326004,1.0153221,1.0391597,1.0290809,1.0582678,1.0185184,1.0615753,1.0303916
2025-01-01 13:10:00,0.96337545,0.9497637,0.95087034,0.9545712,0.97681946,0.97553104,0.9935369,0.9859626,1.0303975,0.9850514,1.0068322,0.9945526,1.0575881,1.0179844,1.0326632,1.0153812,1.0392226,1.0291324,1.0583273,1.0185752,1.0616249,1.0304359
2025-01-01 13:11:00,0.96340615,0.9497894,0.9509069,0.9545997,0.9768555,0.9755566,0.9935771,0.9859959,1.0304357,0.98508376,1.0068753,0.9945918,1.0576234,1.0180144,1.032707,1.0154229,1.0392673,1.02917,1.0583706,1.0186166,1.0616615,1.0304691
2025-01-01 13:12:00,0.9634215,0.9498015,0.9509261,0.95461386,0.976875,0.97556967,0.9936003,0.9860152,1.0304588,0.9851039,1.0069032,0.9946178,1.0576477,1.018036,1.0327381,1.0154535,1.0393003,1.0291988,1.058403,1.0186481,1.06169,1.0304952
2025-01-01 13:13:00,0.963427,0.94980484,0.9509342,0.9546188,0.97688365,0.9755747,0.9936124,0.9860254,1.0304724,0.9851161,1.0069213,0.99463546,1.0576649,1.0180522,1.0327612,1.0154767,1.0393255,1.0292217,1.0584286,1.0186732,1.061713,1.0305163
2025-01-01 13:14:00,0.963426,0.9498024,0.9509348,0.9546177,0.9768853,0.9755744,0.9936173,0.9860297,1.0304794,0.9851232,1.006933,0.99464756,1.0576775,1.018065,1.032779,1.0154952,1.0393459,1.0292407,1.0584497,1.0186939,1.0617326,1.0305345
2025-01-01 13:15:00,0.9634208,0.9497962,0.9509308,0.9546127,0.97688246,0.9755707,0.9936176,0.98603016,1.0304824,0.985127,1.0069404,0.99465615,1.0576872,1.0180753,1.0327935,1.0155106,1.0393629,1.0292573,1.058468,1.0187122,1.0617498,1.0305508
2025-01-01 13:16:00,0.96341294,0.9497876,0.9509237,0.95460516,0.9768767,0.97556484,0.99361485,0.98602825,1.0304829,0.98512864,1.0069453,0.9946625,1.057695,1.0180843,1.0328057,1.015524,1.0393778,1.0292723,1.0584842,1.0187286,1.0617656,1.0305659
2025-01-01 13:17:00,0.9634032,0.9497774,0.95091456,0.954596,0.976869,0.97555757,0.99361014,0.98602474,1.0304815,0.9851289,1.0069485,0.99466735,1.0577016,1.0180924,1.0328164,1.0155362,1.0393914,1.0292863,1.0584992,1.0187439,1.0617803,1.0305799
2025-01-01 13:18:00,0.9633924,0.9497662,0.95090413,0.9545858,0.9768601,0.9755494,0.9936042,0.98602015,1.0304792,0.9851283,1.0069505,0.9946713,1.0577074,1.0180998,1.0328263,1.0155475,1.0394043,1.0292997,1.0585135,1.0187584,1.0617946,1.0305935
2025-01-01 13:19:00,0.96338075,0.94975436,0.95089287,0.95457494,0.9768504,0.9755406,0.99359745,0.98601496,1.0304762,0.9851271,1.0069518,0.9946746,1.0577127,1.018107,1.0328356,1.0155584,1.0394164,1.0293127,1.0585274,1.0187722,1.0618083,1.0306067
2025-01-01 13:20:00,0.96336865,0.9497421,0.95088106,0.9545636,0.9768402,0.9755315,0.99359024,0.9860094,1.0304726,0.9851256,1.0069526,0.9946776,1.0577178,1.0181139,1.0328445,1.015569,1.0394284,1.0293255,1.0585407,1.018786,1.0618218,1.0306196
2025-01-01 13:21:00,0.96335626,0.9497295,0.9508689,0.954552,0.9768297,0.9755222,0.99358267,0.9860036,1.030469,0.9851239,1.0069534,0.99468035,1.0577226,1.0181206,1.0328534,1.0155793,1.03944,1.029338,1.058554,1.0187994,1.0618352,1.0306324
2025-01-01 13:22:00,0.96334356,0.94971675,0.9508565,0.9545402,0.97681904,0.9755127,0.9935749,0.9859976,1.030465,0.9851221,1.0069537,0.994683,1.0577272,1.0181274,1.0328621,1.0155895,1.0394515,1.0293505,1.0585672,1.0188128,1.0618484,1.0306451
2025-01-01 13:23:00,0.9633308,0.9497039,0.95084405,0.95452833,0.97680825,0.9755032,0.9935671,0.9859916,1.030461,0.98512024,1.0069542,0.9946856,1.057732,1.018134,1.0328707,1.0155995,1.0394629,1.0293628,1.05858,1.018826,1.0618615,1.0306576
2025-01-01 13:24:00,0.963318,0.9496909,0.9508315,0.95451635,0.97679734,0.9754936,0.9935592,0.9859855,1.0304569,0.9851184,1.0069546,0.99468815,1.0577368,1.0181408,1.0328791,1.0156096,1.0394744,1.0293752,1.058593,1.0188392,1.0618746,1.0306703
2025-01-01 13:25:00,0.96330506,0.94967794,0.9508188,0.95450443,0.97678643,0.975484,0.9935513,0.9859795,1.030453,0.9851165,1.0069549,0.9946907,1.0577415,1.0181473,1.0328877,1.0156198,1.0394858,1.0293875,1.058606,1.0188525,1.0618875,1.0306827
2025-01-01 13:26:00,0.96329206,0.94966495,0.95080614,0.95449245,0.9767755,0.9754745,0.9935434,0.9859734,1.030449,0.9851147,1.0069554,0.99469334,1.0577462,1.0181541,1.0328962,1.0156299,1.0394971,1.0293998,1.0586189,1.0188656,1.0619005,1.0306951
2025-01-01 13:27:00,0.96327907,0.9496519,0.95079345,0.95448047,0.9767646,0.97546494,0.9935355,0.98596746,1.030445,0.9851129,1.0069557,0.994696,1.0577509,1.0181608,1.0329047,1.0156399,1.0395085,1.029412,1.0586318,1.0188787,1.0619134,1.0307076
2025-01-01 13:28:00,0.963266,0.94963884,0.9507808,0.9544685,0.9767537,0.9754554,0.99352765,0.98596144,1.030441,0.9851111,1.0069562,0.99469864,1.0577557,1.0181676,1.0329133,1.0156502,1.0395199,1.0294244,1.0586448,1.0188918,1.0619264,1.03072
2025-01-01 13:29:00,0.96325296,0.94962573,0.9507681,0.9544565,0.9767428,0.97544587,0.99351984,0.9859555,1.0304372,0.9851094,1.0069567,0.9947014,1.0577605,1.0181744,1.032922,1.0156603,1.0395314,1.0294367,1.0586576,1.0189049,1.0619394,1.0307323
2025-01-01 13:30:00,0.96775275,0.9539155,0.9558319,0.95885146,0.981594,0.9792798,0.99840784,0.9901988,1.0346702,0.98883927,1.0112082,0.99860096,1.0608352,1.0207938,1.0362527,1.018962,1.0426834,1.0320072,1.0612944,1.0217462,1.0639116,1.0327449
2025-01-01 13:31:00,0.970673,0.95669925,0.9591189,0.96170396,0.98474354,0.9817686,1.0015824,0.99295497,1.0374205,0.99126315,1.0139719,1.0011368,1.0628357,1.0224987,1.0384208,1.0211118,1.0447361,1.0336823,1.063013,1.0235976,1.0651981,1.0340573
2025-01-01 13:32:00,0.97256666,0.95850414,0.9612511,0.9635539,0.98678696,0.98338306,1.0036432,0.9947444,1.0392069,0.9928382,1.0157686,1.002786,1.0641377,1.0236095,1.0398332,1.0225129,1.0460745,1.0347755,1.0641346,1.0248057,1.0660387,1.0349147
2025-01-01 13:33:00,0.9737929,0.9596728,0.9626326,0.9647523,0.98811144,0.9844292,1.00498,0.99590564,1.0403669,0.9938615,1.0169368,1.0038592,1.0649858,1.024334,1.0407543,1.0234271,1.0469484,1.0354904,1.0648681,1.0255953,1.0665897,1.0354763
2025-01-01 13:34:00,0.97458535,0.9604278,0.9635261,0.9655271,0.9889686,0.98510593,1.0058463,0.9966585,1.0411195,0.99452615,1.0176963,1.0045577,1.0655389,1.0248073,1.0413562,1.0240251,1.0475206,1.0359596,1.0653495,1.0261133,1.0669523,1.0358456
2025-01-01 13:35:00,0.9750959,0.960914,0.9641025,0.9660266,0.98952204,0.9855426,1.0064068,0.9971459,1.0416075,0.99495775,1.0181905,1.0050129,1.0659003,1.0251176,1.0417504,1.0244174,1.0478967,1.0362688,1.0656669,1.0264546,1.0671926,1.0360899
2025-01-01 13:36:00,0.97542316,0.9612255,0.96447283,0.96634716,0.98987806,0.9858232,1.0067685,0.9974607,1.0419236,0.9952379,1.0185119,1.0053098,1.066137,1.0253218,1.04201,1.0246761,1.0481452,1.0364742,1.0658778,1.026681,1.0673532,1.036253
2025-01-01 13:37:00,0.97563136,0.96142346,0.9647091,0.9665514,0.9901058,0.98600245,1.007001,0.99766356,1.0421278,0.99541956,1.0187212,1.0055041,1.0662926,1.0254571,1.0421817,1.0248477,1.0483108,1.0366122,1.0660193,1.0268327,1.0674621,1.0363632
2025-01-01 13:38:00,0.97576207,0.9615475,0.9648583,0.96668005,0.9902501,0.9861158,1.0071497,0.9977935,1.0422596,0.9955373,1.0188577,1.0056316,1.0663959,1.0255476,1.0422966,1.0249631,1.0484225,1.0367062,1.066116,1.0269359,1.0675374,1.0364392
2025-01-01 13:39:00,0.9758424,0.9616236,0.96495086,0.9667596,0.9903403,0.9861863,1.0072438,0.99787605,1.0423439,0.9956134,1.0189469,1.0057155,1.0664648,1.025609,1.0423745,1.0250419,1.0484992,1.0367717,1.0661833,1.0270076,1.0675908,1.0364928
2025-01-01 13:40:00,0.9758901,0.96166855,0.9650067,0.96680725,0.9903952,0.986229,1.0073023,0.99792784,1.0423976,0.99566257,1.0190052,1.0057713,1.0665116,1.0256516,1.0424283,1.0250968,1.0485532,1.0368186,1.0662316,1.0270588,1.0676299,1.0365318
2025-01-01 13:41:00,0.9759165,0.9616932,0.9650386,0.9668341,0.99042726,0.9862536,1.0073378,0.99795973,1.0424315,0.9956942,1.0190436,1.0058088,1.0665439,1.0256819,1.0424665,1.0251362,1.0485923,1.0368536,1.0662676,1.0270967,1.0676599,1.0365615
2025-01-01 13:42:00,0.9759291,0.96170473,0.9650549,0.96684754,0.9904444,0.9862665,1.0073584,0.9979786,1.0424523,0.9957144,1.0190691,1.0058345,1.066567,1.0257043,1.0424947,1.0251656,1.048622,1.0368807,1.0662955,1.0271258,1.0676838,1.036585
2025-01-01 13:43:00,0.97593266,0.9617077,0.96506125,0.9668522,0.990452,0.98627174,1.0073693,0.9979892,1.042465,0.9957273,1.0190861,1.0058523,1.0665839,1.0257214,1.0425161,1.0251884,1.0486454,1.0369027,1.0663183,1.0271493,1.0677037,1.0366044
2025-01-01 13:44:00,0.9759304,0.961705,0.965061,0.96685123,0.9904533,0.9862721,1.0073739,0.9979941,1.042472,0.9957354,1.0190977,1.0058652,1.0665969,1.0257351,1.0425334,1.0252069,1.0486647,1.0369215,1.0663377,1.0271692,1.0677214,1.0366212
2025-01-01 13:45:00,0.9759243,0.9616988,0.9650565,0.96684647,0.9904505,0.98626924,1.0073745,0.9979957,1.0424757,0.9957405,1.0191058,1.0058749,1.0666074,1.0257468,1.0425478,1.0252228,1.0486815,1.0369382,1.0663548,1.0271868,1.0677371,1.0366364
2025-01-01 13:46:00,0.9759158,0.9616902,0.96504915,0.96683943,0.99044514,0.9862643,1.0073725,0.9979949,1.042477,0.99574345,1.0191115,1.0058825,1.0666162,1.0257571,1.0425605,1.025237,1.0486965,1.0369534,1.0663705,1.0272026,1.0677518,1.0366504
2025-01-01 13:47:00,0.9759057,0.9616801,0.9650401,0.96683085,0.99043804,0.98625815,1.0073687,0.99799263,1.0424769,0.99574524,1.0191158,1.0058888,1.0666239,1.0257665,1.0425721,1.0252498,1.0487105,1.0369678,1.0663853,1.0272176,1.0677658,1.0366637
2025-01-01 13:48:00,0.9758945,0.961669,0.96502995,0.96682125,0.9904299,0.98625106,1.0073638,0.9979894,1.0424758,0.9957462,1.0191193,1.0058942,1.0666311,1.0257753,1.042583,1.0252621,1.0487238,1.0369816,1.0663993,1.0272318,1.0677793,1.0366765
2025-01-01 13:49:00,0.97588265,0.9616573,0.965019,0.966811,0.99042106,0.9862434,1.0073583,0.9979857,1.0424743,0.9957466,1.019122,1.0058991,1.0666379,1.0257839,1.0425934,1.0252739,1.0487366,1.0369949,1.0664132,1.0272458,1.0677927,1.036689
2025-01-01 13:50:00,0.9758704,0.9616451,0.96500754,0.9668004,0.99041176,0.98623556,1.0073524,0.99798167,1.0424724,0.99574685,1.0191246,1.0059037,1.0666444,1.0257921,1.0426035,1.0252854,1.0487492,1.037008,1.0664268,1.0272592,1.0678056,1.0367013
2025-01-01 13:51:00,0.9758578,0.9616327,0.9649958,0.9667895,0.99040216,0.98622733,1.0073462,0.9979774,1.0424702,0.9957468,1.0191269,1.0059081,1.0666507,1.0258003,1.0426134,1.0252967,1.0487615,1.037021,1.0664401,1.0272727,1.0678185,1.0367135
2025-01-01 13:52:00,0.97584504,0.96162015,0.9649839,0.96677846,0.9903924,0.9862191,1.0073397,0.99797297,1.042468,0.9957467,1.019129,1.0059123,1.0666571,1.0258086,1.0426232,1.0253079,1.0487738,1.037034,1.0664535,1.027286,1.0678313,1.0367254
2025-01-01 13:53:00,0.9758321,0.96160746,0.96497184,0.9667673,0.99038255,0.98621076,1.0073333,0.9979685,1.0424656,0.9957465,1.0191312,1.0059166,1.0666633,1.0258167,1.0426329,1.025319,1.0487859,1.0370469,1.0664667,1.0272992,1.067844,1.0367374
2025-01-01 13:54:00,0.9758191,0.9615947,0.96495974,0.9667561,0.9903727,0.9862024,1.0073267,0.99796396,1.0424632,0.9957463,1.0191332,1.0059209,1.0666695,1.0258248,1.0426427,1.0253301,1.0487981,1.0370598,1.0664798,1.0273123,1.0678567,1.0367494
2025-01-01 13:55:00,0.9758061,0.96158195,0.9649476,0.96674496,0.9903628,0.9861941,1.0073203,0.9979595,1.0424609,0.9957462,1.0191352,1.005925,1.0666758,1.0258329,1.0426525,1.0253413,1.0488102,1.0370725,1.0664929,1.0273253,1.0678693,1.0367612
2025-01-01 13:56:00,0.97579306,0.96156913,0.9649354,0.96673375,0.99035287,0.9861857,1.0073138,0.99795496,1.0424585,0.9957461,1.0191374,1.0059294,1.0666821,1.025841,1.0426623,1.0253524,1.0488224,1.0370853,1.066506,1.0273384,1.0678818,1.036773
2025-01-01 13:57:00,0.97578007,0.9615564,0.96492326,0.96672255,0.99034303,0.98617744,1.0073073,0.9979505,1.0424562,0.995746,1.0191394,1.0059335,1.0666883,1.0258491,1.042672,1.0253634,1.0488346,1.037098,1.0665191,1.0273514,1.0678943,1.0367846
2025-01-01 13:58:00,0.97576696,0.96154356,0.9649111,0.96671134,0.99033314,0.98616916,1.0073009,0.997946,1.0424539,0.99574596,1.0191416,1.0059379,1.0666947,1.0258573,1.0426818,1.0253747,1.0488467,1.0371109,1.0665323,1.0273644,1.067907,1.0367963
2025-01-01 13:59:00,0.97575384,0.96153075,0.9648989,0.9667002,0.9903233,0.98616093,1.0072944,0.9979417,1.0424516,0.9957459,1.0191438,1.0059422,1.066701,1.0258656,1.0426917,1.0253857,1.0488589,1.0371237,1.0665454,1.0273774,1.0679195,1.036808
2025-01-01 14:00:00,0.97970897,0.9656126,0.96929663,0.97076094,0.9945267,0.98968714,1.0114045,1.0017765,1.0459291,0.99912935,1.0225804,1.0093974,1.0692075,1.0283004,1.0451906,1.0282344,1.051225,1.0392675,1.0682806,1.0297545,1.0691108,1.0384411
2025-01-01 14:01:00,0.9822752,0.9682613,0.97215086,0.9733966,0.9972555,0.9919763,1.0140738,1.0042676,1.0481887,1.0013287,1.024815,1.011645,1.0708392,1.029886,1.0468185,1.0300899,1.0527672,1.0406656,1.0694132,1.0313041,1.0698894,1.0395067
2025-01-01 14:02:00,0.98393863,0.9699786,0.9740019,0.9751059,0.9990259,0.9934615,1.0158069,1.0058854,1.0496569,1.0027583,1.0262684,1.0131074,1.071902,1.0309197,1.04788,1.0313,1.053774,1.0415789,1.070154,1.032316,1.0703999,1.0402033
2025-01-01 14:03:00,0.98501533,0.97109026,0.97520083,0.97621304,1.0001732,0.9944241,1.0169312,1.0069355,1.0506104,1.0036876,1.027214,1.0140597,1.0725952,1.0315945,1.0485736,1.0320904,1.0544327,1.0421768,1.0706401,1.0329782,1.0707362,1.0406603
2025-01-01 14:04:00,0.98571056,0.9718085,0.975976,0.9769289,1.0009156,0.995047,1.0176598,1.0076168,1.0512296,1.0042918,1.0278296,1.0146803,1.0730482,1.0320362,1.049028,1.0326083,1.0548652,1.0425701,1.0709606,1.033413,1.070959,1.0409613
2025-01-01 14:05:00,0.9861579,0.97227085,0.9764756,0.9773903,1.0013949,0.99544907,1.0181314,1.0080582,1.0516315,1.0046847,1.0282307,1.0150853,1.073345,1.0323262,1.049327,1.0329489,1.0551506,1.0428302,1.0711735,1.0337003,1.0711081,1.0411608
2025-01-01 14:06:00,0.98644406,0.9725669,0.97679615,0.9776864,1.0017031,0.9957077,1.0184357,1.0083437,1.051892,1.0049403,1.0284922,1.0153503,1.0735402,1.0325178,1.0495248,1.0331743,1.0553404,1.0430039,1.0713166,1.0338917,1.0712094,1.0412947
2025-01-01 14:07:00,0.98662555,0.97275496,0.97700036,0.9778751,1.0019001,0.9958731,1.0186316,1.008528,1.0520608,1.0051066,1.0286632,1.0155243,1.0736696,1.0326453,1.0496569,1.0333247,1.0554681,1.0431212,1.0714141,1.0340204,1.0712796,1.0413857
2025-01-01 14:08:00,0.9867389,0.97287273,0.9771289,0.97799397,1.0020248,0.99597794,1.0187567,1.0086465,1.05217,1.0052148,1.0287753,1.0156392,1.0737561,1.0327313,1.0497464,1.0334265,1.0555555,1.043202,1.0714821,1.0341086,1.0713296,1.0414487
2025-01-01 14:09:00,0.98680806,0.97294486,0.9772083,0.97806746,1.0021026,0.9960433,1.018836,1.0087221,1.0522405,1.0052855,1.0288492,1.0157156,1.0738147,1.0327902,1.0498083,1.0334967,1.0556166,1.0432591,1.0715308,1.0341706,1.0713664,1.0414938
2025-01-01 14:10:00,0.9868484,0.97298735,0.97725576,0.97811145,1.0021499,0.99608314,1.0188856,1.00877,1.0522857,1.0053316,1.0288984,1.0157671,1.0738553,1.0328315,1.0498519,1.0335464,1.0556607,1.0433007,1.0715672,1.0342153,1.0713946,1.041527
2025-01-01 14:11:00,0.9868701,0.9730105,0.97728246,0.9781363,1.0021774,0.9961064,1.0189159,1.0087999,1.0523146,1.0053619,1.0289313,1.0158023,1.0738841,1.0328616,1.0498841,1.0335827,1.0556937,1.0433323,1.0715953,1.034249,1.0714171,1.0415525
2025-01-01 14:12:00,0.98687965,0.97302115,0.9772957,0.9781487,1.002192,0.9961188,1.0189337,1.008818,1.0523329,1.005382,1.0289538,1.0158268,1.0739053,1.0328842,1.0499085,1.0336103,1.0557195,1.0433574,1.0716182,1.0342753,1.071436,1.041573
2025-01-01 14:13:00,0.98688126,0.97302365,0.9773001,0.978153,1.0021983,0.99612427,1.0189432,1.0088286,1.0523443,1.0053953,1.0289694,1.0158447,1.0739218,1.032902,1.0499281,1.0336324,1.0557406,1.0433782,1.0716377,1.0342969,1.0714527,1.0415903
2025-01-01 14:14:00,0.9868778,0.9730209,0.9772989,0.9781521,1.0021992,0.9961252,1.0189475,1.0088342,1.0523514,1.0054042,1.0289807,1.0158583,1.0739349,1.0329167,1.0499444,1.0336508,1.0557588,1.0433964,1.071655,1.0343155,1.0714679,1.0416056
2025-01-01 14:15:00,0.98687094,0.97301465,0.977294,0.9781478,1.0021966,0.99612325,1.0189483,1.0088366,1.0523555,1.0054104,1.0289892,1.0158688,1.073946,1.0329294,1.0499588,1.0336668,1.055775,1.0434127,1.0716708,1.034332,1.0714818,1.0416193
2025-01-01 14:16:00,0.98686194,0.97300625,0.9772867,0.9781413,1.0021915,0.9961193,1.0189469,1.0088371,1.0523578,1.0054148,1.0289958,1.0158776,1.0739557,1.032941,1.0499718,1.0336814,1.0557898,1.0434278,1.0716856,1.0343473,1.0714953,1.0416322
2025-01-01 14:17:00,0.9868516,0.97299635,0.9772779,0.9781334,1.0021852,0.99611425,1.0189441,1.0088363,1.0523589,1.0054182,1.0290012,1.0158851,1.0739646,1.0329515,1.049984,1.0336949,1.0558039,1.0434422,1.0716997,1.0343616,1.0715083,1.0416445
2025-01-01 14:18:00,0.98684025,0.97298557,0.97726804,0.97812456,1.0021778,0.9961084,1.0189406,1.0088346,1.0523592,1.0054207,1.0290061,1.015892,1.0739731,1.0329616,1.0499955,1.0337079,1.0558174,1.0434562,1.0717136,1.0343754,1.0715209,1.0416564
2025-01-01 14:19:00,0.9868284,0.9729741,0.97725755,0.97811514,1.00217,0.99610204,1.0189362,1.0088323,1.0523591,1.0054227,1.0290104,1.0158985,1.0739812,1.0329714,1.0500069,1.0337204,1.0558307,1.0434698,1.0717272,1.0343889,1.0715334,1.0416679
2025-01-01 14:20:00,0.98681605,0.9729624,0.97724664,0.9781054,1.0021619,0.9960954,1.0189316,1.0088298,1.0523587,1.0054245,1.0290143,1.0159045,1.073989,1.0329809,1.0500178,1.0337328,1.0558437,1.0434831,1.0717406,1.0344021,1.0715458,1.0416793
2025-01-01 14:21:00,0.9868036,0.9729504,0.97723556,0.9780954,1.0021534,0.9960886,1.0189269,1.0088272,1.052358,1.0054263,1.0290182,1.0159105,1.0739967,1.0329903,1.0500288,1.0337448,1.0558566,1.0434964,1.071754,1.0344151,1.071558,1.0416906
2025-01-01 14:22:00,0.9867909,0.9729382,0.9772243,0.9780853,1.0021448,0.9960817,1.018922,1.0088243,1.0523574,1.0054278,1.029022,1.0159163,1.0740044,1.0329998,1.0500395,1.0337569,1.0558692,1.0435096,1.0717671,1.0344281,1.0715702,1.0417018
2025-01-01 14:23:00,0.9867781,0.97292596,0.9772129,0.9780751,1.0021361,0.9960748,1.018917,1.0088215,1.0523568,1.0054293,1.0290257,1.0159221,1.0740122,1.0330092,1.0500504,1.0337689,1.055882,1.0435227,1.0717803,1.034441,1.0715823,1.0417129
2025-01-01 14:24:00,0.98676527,0.9729137,0.97720146,0.97806484,1.0021274,0.9960678,1.018912,1.0088186,1.0523561,1.0054308,1.0290295,1.0159279,1.0740199,1.0330186,1.0500612,1.0337808,1.0558947,1.0435358,1.0717934,1.0344537,1.0715942,1.0417238
2025-01-01 14:25:00,0.9867524,0.9729013,0.97719,0.97805464,1.0021187,0.99606085,1.0189071,1.0088158,1.0523555,1.0054325,1.0290332,1.0159338,1.0740275,1.033028,1.050072,1.0337926,1.0559074,1.043549,1.0718064,1.0344665,1.0716063,1.0417348
2025-01-01 14:26:00,0.98673946,0.97288895,0.9771785,0.9780444,1.0021099,0.99605393,1.0189021,1.0088129,1.0523548,1.005434,1.029037,1.0159396,1.0740352,1.0330373,1.0500828,1.0338045,1.05592,1.0435619,1.0718195,1.0344793,1.0716183,1.0417458
2025-01-01 14:27:00,0.98672664,0.9728766,0.9771671,0.97803426,1.0021012,0.99604696,1.018897,1.00881,1.0523542,1.0054356,1.0290407,1.0159454,1.0740429,1.0330467,1.0500935,1.0338165,1.0559326,1.043575,1.0718327,1.0344919,1.0716302,1.0417566
2025-01-01 14:28:00,0.9867137,0.9728643,0.9771557,0.978024,1.0020925,0.9960401,1.0188922,1.0088073,1.0523536,1.0054373,1.0290445,1.0159513,1.0740508,1.0330563,1.0501045,1.0338284,1.0559454,1.043588,1.0718457,1.0345047,1.0716422,1.0417675
2025-01-01 14:29:00,0.9867008,0.9728519,0.97714424,0.9780138,1.0020839,0.99603325,1.0188873,1.0088046,1.052353,1.0054389,1.0290484,1.0159572,1.0740585,1.0330657,1.0501153,1.0338404,1.055958,1.0436012,1.0718588,1.0345173,1.0716541,1.0417783
2025-01-01 14:30:00,0.9900397,0.97665197,0.9807964,0.981667,1.0055636,0.9991879,1.0221454,1.0121614,1.0550121,1.0084151,1.031608,1.0189058,1.0759518,1.0352725,1.0517375,1.0361845,1.0574955,1.0452794,1.0726612,1.0363876,1.0720428,1.0430026
2025-01-01 14:31:00,0.99220556,0.97911775,0.9831664,0.984038,1.0078224,1.0012361,1.0242615,1.0143423,1.0567403,1.0103502,1.0332731,1.0208246,1.077185,1.0367104,1.0527956,1.0377123,1.0584993,1.0463747,1.0731874,1.0376077,1.0722996,1.0438021
2025-01-01 14:32:00,0.99360883,0.9807162,0.9847029,0.9855757,1.0092877,1.0025651,1.0256354,1.015759,1.0578636,1.0116088,1.034357,1.0220739,1.0779896,1.0376482,1.0534874,1.0387098,1.0591563,1.0470914,1.0735339,1.0384052,1.0724708,1.0443256
2025-01-01 14:33:00,0.99451643,0.9817509,0.9856977,0.98657167,1.0102372,1.0034267,1.0265268,1.016679,1.0585938,1.0124276,1.0350629,1.0228882,1.0785153,1.0382613,1.0539409,1.0393622,1.0595878,1.0475618,1.0737637,1.038928,1.072586,1.0446696
2025-01-01 14:34:00,0.99510187,0.9824192,0.9863404,0.9872156,1.0108515,1.0039845,1.0271047,1.0172764,1.0590682,1.0129606,1.0355233,1.0234196,1.0788599,1.0386633,1.0542396,1.0397906,1.0598727,1.047872,1.0739177,1.0392722,1.0726651,1.0448968
2025-01-01 14:35:00,0.9954779,0.9828493,0.98675424,0.98763067,1.0112479,1.0043447,1.0274787,1.0176638,1.0593767,1.0133077,1.035824,1.0237672,1.0790868,1.0389279,1.0544376,1.0400733,1.0600624,1.0480783,1.0740223,1.0395004,1.0727206,1.0450482
2025-01-01 14:36:00,0.9957179,0.9831246,0.9870193,0.98789704,1.0115026,1.0045766,1.0277203,1.0179148,1.0595771,1.0135342,1.036021,1.0239955,1.0792371,1.0391034,1.0545702,1.0402614,1.0601902,1.048217,1.0740948,1.039653,1.0727607,1.0451504
2025-01-01 14:37:00,0.9958694,0.9832994,0.9871877,0.98806673,1.0116655,1.0047251,1.0278759,1.0180771,1.0597074,1.0136821,1.0361506,1.0241461,1.0793377,1.039221,1.0546603,1.0403879,1.0602778,1.0483118,1.0741465,1.0397565,1.0727909,1.0452205
2025-01-01 14:38:00,0.9959634,0.9834087,0.9872933,0.9881736,1.0117682,1.0048194,1.0279754,1.018182,1.0597922,1.0137792,1.0362364,1.0242462,1.079406,1.0393008,1.0547229,1.0404743,1.0603391,1.048378,1.0741847,1.0398283,1.0728147,1.0452696
2025-01-01 14:39:00,0.99602,0.9834755,0.98735803,0.98823965,1.0118324,1.0048785,1.0280387,1.0182494,1.0598474,1.013843,1.0362937,1.0243136,1.0794535,1.0393562,1.0547675,1.0405347,1.0603836,1.0484256,1.074214,1.0398793,1.072834,1.0453053
2025-01-01 14:40:00,0.9960523,0.98351467,0.9873962,0.98827916,1.0118711,1.0049148,1.0280783,1.0182925,1.0598832,1.0138854,1.0363326,1.0243598,1.0794872,1.0393957,1.0548004,1.0405785,1.0604169,1.0484611,1.0742376,1.0399169,1.0728508,1.0453321
2025-01-01 14:41:00,0.9960689,0.98353595,0.98741716,0.9883015,1.0118935,1.0049362,1.0281026,1.01832,1.0599066,1.0139138,1.0363595,1.0243921,1.079512,1.0394249,1.0548258,1.040611,1.060443,1.0484886,1.0742575,1.0399456,1.0728657,1.045353
2025-01-01 14:42:00,0.9960752,0.98354554,0.987427,0.98831266,1.0119054,1.004948,1.0281171,1.018337,1.059922,1.0139332,1.0363787,1.0244154,1.0795311,1.0394474,1.0548462,1.0406365,1.0604646,1.0485111,1.074275,1.0399686,1.0728794,1.0453703
2025-01-01 14:43:00,0.9960748,0.98354757,0.9874295,0.98831654,1.0119102,1.0049535,1.028125,1.0183475,1.0599321,1.0139467,1.0363928,1.0244329,1.0795465,1.0394655,1.0548635,1.0406574,1.0604832,1.0485305,1.0742908,1.0399879,1.0728925,1.0453852
2025-01-01 14:44:00,0.99607015,0.9835447,0.98742735,0.98831576,1.0119107,1.004955,1.0281289,1.0183537,1.0599389,1.0139563,1.0364035,1.0244466,1.0795596,1.0394808,1.0548786,1.0406753,1.0604997,1.0485476,1.0743057,1.0400047,1.0729048,1.0453984
2025-01-01 14:45:00,0.99606264,0.9835387,0.9874221,0.9883119,1.0119082,1.0049539,1.0281299,1.0183572,1.0599436,1.0139636,1.0364124,1.024458,1.0795711,1.0394944,1.0548925,1.0406913,1.060515,1.0485634,1.0743198,1.0400201,1.072917,1.0454105
2025-01-01 14:46:00,0.99605334,0.9835305,0.9874149,0.98830605,1.0119039,1.0049511,1.0281293,1.0183588,1.0599467,1.0139693,1.0364197,1.0244678,1.0795816,1.0395068,1.0549055,1.040706,1.0605295,1.0485781,1.0743335,1.0400344,1.0729288,1.045422
2025-01-01 14:47:00,0.99604285,0.98352104,0.98740643,0.988299,1.0118983,1.0049473,1.0281277,1.0183593,1.0599489,1.013974,1.0364263,1.0244765,1.0795915,1.0395185,1.054918,1.04072,1.0605433,1.0485923,1.0743471,1.040048,1.0729405,1.045433
2025-01-01 14:48:00,0.9960316,0.98351073,0.98739713,0.9882911,1.0118921,1.0049428,1.0281253,1.0183592,1.0599506,1.0139781,1.0364323,1.0244848,1.079601,1.0395296,1.0549302,1.0407332,1.060557,1.0486062,1.0743604,1.0400611,1.072952,1.0454438
2025-01-01 14:49:00,0.99601984,0.9834999,0.9873873,0.9882827,1.0118853,1.0049378,1.0281223,1.0183585,1.0599519,1.0139817,1.036438,1.0244925,1.0796102,1.0395405,1.0549421,1.0407463,1.0605702,1.0486197,1.0743735,1.0400739,1.0729636,1.0454543
2025-01-01 14:50:00,0.9960078,0.98348874,0.98737717,0.988274,1.0118781,1.0049325,1.0281192,1.0183575,1.0599531,1.0139853,1.0364435,1.0245001,1.0796194,1.0395511,1.0549538,1.0407592,1.0605835,1.0486331,1.0743865,1.0400866,1.072975,1.0454646
2025-01-01 14:51:00,0.9959956,0.9834773,0.98736686,0.98826504,1.0118709,1.0049272,1.0281159,1.0183564,1.0599542,1.0139885,1.0364487,1.0245075,1.0796283,1.0395616,1.0549656,1.0407718,1.0605966,1.0486465,1.0743995,1.0400991,1.0729864,1.0454748
2025-01-01 14:52:00,0.9959832,0.98346573,0.9873564,0.98825604,1.0118635,1.0049217,1.0281125,1.0183553,1.0599552,1.0139918,1.0364541,1.0245148,1.0796374,1.0395722,1.0549773,1.0407845,1.0606097,1.0486597,1.0744123,1.0401115,1.0729977,1.0454849
2025-01-01 14:53:00,0.9959708,0.98345405,0.9873459,0.988247,1.0118562,1.0049162,1.0281091,1.018354,1.0599562,1.0139949,1.0364594,1.0245221,1.0796463,1.0395828,1.0549891,1.0407971,1.0606228,1.0486729,1.0744252,1.0401238,1.0730089,1.0454949
2025-01-01 14:54:00,0.9959583,0.9834424,0.9873353,0.98823786,1.0118488,1.0049107,1.0281057,1.0183529,1.0599573,1.0139982,1.0364647,1.0245293,1.0796553,1.0395933,1.0550007,1.0408096,1.0606358,1.048686,1.0744381,1.0401361,1.0730202,1.0455049
2025-01-01 14:55:00,0.99594575,0.9834307,0.9873248,0.98822874,1.0118414,1.0049053,1.0281024,1.0183517,1.0599582,1.0140014,1.03647,1.0245366,1.0796643,1.0396038,1.0550123,1.0408221,1.0606488,1.0486991,1.074451,1.0401483,1.0730314,1.0455148
2025-01-01 14:56:00,0.9959333,0.983419,0.9873142,0.9882197,1.011834,1.0048999,1.028099,1.0183505,1.0599592,1.0140046,1.0364753,1.0245439,1.0796733,1.0396143,1.055024,1.0408347,1.0606618,1.0487123,1.0744637,1.0401604,1.0730426,1.0455247
2025-01-01 14:57:00,0.9959207,0.9834073,0.98730373,0.9882106,1.0118266,1.0048944,1.0280956,1.0183493,1.0599604,1.0140079,1.0364808,1.0245513,1.0796824,1.0396248,1.0550357,1.0408472,1.0606748,1.0487252,1.0744766,1.0401727,1.0730537,1.0455345
2025-01-01 14:58:00,0.9959082,0.98339564,0.98729324,0.98820156,1.0118194,1.004889,1.0280924,1.0183482,1.0599614,1.0140113,1.0364861,1.0245585,1.0796915,1.0396354,1.0550474,1.0408597,1.0606878,1.0487384,1.0744894,1.0401847,1.0730649,1.0455443
2025-01-01 14:59:00,0.9958957,0.98338395,0.9872827,0.98819256,1.0118121,1.0048838,1.0280892,1.0183473,1.0599626,1.0140146,1.0364916,1.024566,1.0797006,1.039646,1.0550592,1.0408723,1.0607008,1.0487515,1.0745021,1.0401969,1.073076,1.045554
2025-01-01 15:00:00,0.9985593,0.98683524,0.9901246,0.99137384,1.0145063,1.0076112,1.0304374,1.0211668,1.0617563,1.0165305,1.038129,1.026956,1.0809467,1.0415854,1.0557758,1.0426706,1.0613824,1.0499345,1.0743577,1.0415272,1.0726556,1.046348
2025-01-01 15:01:00,1.0002865,0.98907465,0.99196815,0.9934386,1.0162553,1.0093822,1.0319626,1.0229992,1.0629225,1.0181671,1.0391951,1.0285121,1.0817599,1.0428499,1.0562456,1.043844,1.0618299,1.050708,1.0742681,1.042396,1.072386,1.0468674
2025-01-01 15:02:00,1.0014046,0.99052614,0.9931629,0.99477756,1.0173895,1.0105315,1.0329531,1.02419,1.063681,1.0192323,1.0398902,1.0295264,1.0822917,1.0436755,1.0565553,1.0446111,1.0621253,1.0512154,1.0742145,1.0429649,1.0722146,1.0472083
2025-01-01 15:03:00,1.0021272,0.99146557,0.9939358,0.99564487,1.0181245,1.0112768,1.0335958,1.0249637,1.0641747,1.0199258,1.040344,1.0301882,1.0826406,1.044216,1.0567607,1.0451142,1.062322,1.0515498,1.074184,1.043339,1.0721072,1.0474333
2025-01-01 15:04:00,1.0025923,0.99207217,0.99443465,0.9962055,1.0185996,1.0117596,1.0340127,1.0254664,1.0644962,1.020378,1.040641,1.0306212,1.0828708,1.0445712,1.0568984,1.0454456,1.0624543,1.0517718,1.0741686,1.0435864,1.072041,1.0475829
2025-01-01 15:05:00,1.0028905,0.9924625,0.9947553,0.9965669,1.0189061,1.0120717,1.0342827,1.025793,1.0647056,1.0206732,1.040836,1.0309052,1.0830238,1.0448056,1.056992,1.0456654,1.062545,1.0519205,1.0741631,1.0437512,1.0720019,1.0476834
2025-01-01 15:06:00,1.0030799,0.9927122,0.9949602,0.9967988,1.0191029,1.0122728,1.0344572,1.0260051,1.0648423,1.0208665,1.040965,1.0310926,1.0831265,1.0449619,1.0570571,1.0458127,1.0626085,1.0520219,1.0741639,1.0438626,1.0719802,1.0477519
2025-01-01 15:07:00,1.0031987,0.99287045,0.9950898,0.9969465,1.0192285,1.0124019,1.0345697,1.0261428,1.0649319,1.0209935,1.0410509,1.0312173,1.0831966,1.0450673,1.0571036,1.0459131,1.0626544,1.0520923,1.0741689,1.0439392,1.0719699,1.0477998
2025-01-01 15:08:00,1.0032716,0.99296945,0.99517053,0.9970396,1.0193077,1.0124842,1.0346419,1.0262322,1.0649906,1.0210775,1.0411088,1.031301,1.0832455,1.0451397,1.057138,1.0459826,1.0626887,1.0521426,1.0741765,1.043993,1.0719669,1.0478343
2025-01-01 15:09:00,1.0033147,0.9930298,0.99521947,0.9970971,1.0193568,1.0125359,1.0346878,1.0262902,1.0650296,1.0211334,1.0411485,1.0313584,1.0832807,1.0451906,1.0571645,1.0460323,1.0627156,1.0521798,1.074186,1.0440322,1.0719687,1.0478599
2025-01-01 15:10:00,1.0033383,0.993065,0.9952478,0.99713147,1.0193864,1.0125681,1.034717,1.0263278,1.0650556,1.0211713,1.0411766,1.0313983,1.0833069,1.0452275,1.0571861,1.0460691,1.0627378,1.0522087,1.0741965,1.0440619,1.0719737,1.0478798
2025-01-01 15:11:00,1.0033495,0.993084,0.9952627,0.9971509,1.0194033,1.0125873,1.034735,1.0263522,1.0650731,1.0211973,1.041197,1.0314271,1.0833274,1.0452554,1.0572044,1.0460974,1.0627567,1.0522319,1.0742077,1.0440853,1.0719805,1.0478959
2025-01-01 15:12:00,1.0033525,0.99309236,0.9952688,0.9971606,1.0194122,1.0125982,1.0347458,1.0263679,1.0650853,1.0212157,1.0412124,1.0314486,1.0833441,1.0452775,1.0572205,1.0461204,1.0627736,1.0522517,1.0742195,1.0441046,1.0719888,1.0479096
2025-01-01 15:13:00,1.0033501,0.99309385,0.9952694,0.99716395,1.0194155,1.0126038,1.0347521,1.026378,1.065094,1.0212291,1.0412247,1.0314655,1.0833583,1.0452956,1.0572351,1.0461398,1.0627892,1.052269,1.0742314,1.0441213,1.0719979,1.0479217
2025-01-01 15:14:00,1.0033444,0.9930909,0.9952663,0.99716324,1.0194155,1.0126058,1.0347553,1.0263847,1.0651003,1.0212394,1.0412349,1.0314794,1.083371,1.0453113,1.057249,1.0461569,1.0628039,1.0522848,1.0742437,1.0441362,1.0720075,1.0479327
2025-01-01 15:15:00,1.0033364,0.99308515,0.99526083,0.9971599,1.0194132,1.0126055,1.0347567,1.026389,1.0651051,1.0212476,1.0412437,1.0314913,1.0833827,1.0453254,1.0572621,1.0461724,1.0628179,1.0522996,1.074256,1.0441499,1.0720173,1.047943
2025-01-01 15:16:00,1.0033269,0.99307746,0.9952539,0.99715483,1.0194095,1.0126039,1.0347568,1.0263917,1.0651091,1.0212544,1.0412517,1.0315018,1.0833938,1.0453385,1.0572749,1.046187,1.0628318,1.0523138,1.0742683,1.0441629,1.0720274,1.0479529
2025-01-01 15:17:00,1.0033165,0.9930686,0.99524593,0.9971487,1.0194049,1.0126014,1.0347562,1.0263937,1.0651125,1.0212605,1.0412592,1.0315117,1.0834045,1.045351,1.0572877,1.046201,1.0628452,1.0523276,1.0742807,1.0441755,1.0720377,1.0479625
2025-01-01 15:18:00,1.0033054,0.9930589,0.99523735,0.9971419,1.0193998,1.0125983,1.034755,1.026395,1.0651156,1.021266,1.0412663,1.031521,1.0834149,1.0453631,1.0573001,1.0462147,1.0628586,1.0523411,1.0742931,1.0441877,1.0720481,1.047972
2025-01-01 15:19:00,1.0032941,0.9930488,0.99522835,0.9971346,1.0193942,1.0125947,1.0347536,1.0263959,1.0651184,1.0212712,1.0412734,1.03153,1.0834252,1.0453749,1.0573125,1.046228,1.0628719,1.0523545,1.0743057,1.0441997,1.0720584,1.0479811
2025-01-01 15:20:00,1.0032824,0.9930383,0.9952192,0.9971271,1.0193884,1.012591,1.034752,1.0263965,1.0651212,1.0212762,1.0412802,1.0315388,1.0834354,1.0453864,1.0573249,1.0462412,1.0628852,1.0523677,1.0743182,1.0442115,1.0720687,1.0479902
2025-01-01 15:21:00,1.0032707,0.9930277,0.9952098,0.9971194,1.0193826,1.0125872,1.0347502,1.0263971,1.0651239,1.021281,1.041287,1.0315475,1.0834455,1.045398,1.0573373,1.0462543,1.0628984,1.0523808,1.0743306,1.0442233,1.0720791,1.0479991
2025-01-01 15:22:00,1.003259,0.99301696,0.9952004,0.9971117,1.0193766,1.0125833,1.0347484,1.0263977,1.0651265,1.0212859,1.0412937,1.0315561,1.0834557,1.0454094,1.0573496,1.0462673,1.0629115,1.0523939,1.074343,1.0442349,1.0720894,1.048008
2025-01-01 15:23:00,1.003247,0.99300617,0.9951909,0.99710387,1.0193707,1.0125794,1.0347466,1.0263982,1.0651292,1.0212908,1.0413005,1.0315647,1.0834657,1.0454209,1.0573618,1.0462803,1.0629246,1.0524068,1.0743555,1.0442466,1.0720997,1.0480168
2025-01-01 15:24:00,1.0032351,0.9929953,0.9951814,0.99709606,1.0193648,1.0125755,1.034745,1.0263987,1.0651318,1.0212957,1.0413073,1.0315734,1.0834758,1.0454323,1.0573741,1.0462933,1.0629377,1.0524198,1.0743679,1.0442581,1.0721099,1.0480255
2025-01-01 15:25:00,1.0032231,0.9929845,0.9951719,0.99708825,1.0193588,1.0125716,1.0347432,1.0263991,1.0651344,1.0213004,1.0413141,1.031582,1.083486,1.0454437,1.0573865,1.0463061,1.0629507,1.0524327,1.0743802,1.0442696,1.0721202,1.0480342
2025-01-01 15:26:00,1.0032111,0.9929736,0.9951625,0.99708045,1.0193529,1.0125678,1.0347415,1.0263996,1.0651371,1.0213053,1.0413209,1.0315907,1.0834962,1.0454551,1.0573988,1.046319,1.0629638,1.0524457,1.0743926,1.044281,1.0721304,1.0480429
2025-01-01 15:27:00,1.0031992,0.9929628,0.995153,0.9970727,1.019347,1.012564,1.0347399,1.0264002,1.06514,1.0213102,1.0413278,1.0315994,1.0835065,1.0454665,1.0574112,1.046332,1.062977,1.0524585,1.074405,1.0442924,1.0721406,1.0480515
2025-01-01 15:28:00,1.0031873,0.992952,0.9951436,0.99706495,1.0193411,1.0125601,1.0347383,1.0264009,1.0651429,1.0213152,1.0413347,1.0316081,1.0835167,1.0454781,1.0574236,1.0463449,1.0629901,1.0524714,1.0744172,1.0443038,1.0721507,1.04806
2025-01-01 15:29:00,1.0031754,0.99294114,0.99513423,0.99705726,1.0193354,1.0125564,1.0347368,1.0264015,1.0651457,1.0213202,1.0413418,1.0316168,1.083527,1.0454895,1.057436,1.0463579,1.0630032,1.0524843,1.0744295,1.0443152,1.0721608,1.0480686
2025-01-01 15:30:00,1.0051162,0.9959818,0.9971152,0.99970955,1.0211964,1.0148076,1.0361334,1.0286332,1.0660418,1.0233309,1.0420275,1.033405,1.0841038,1.047127,1.057234,1.0475779,1.0628169,1.0531509,1.0733404,1.0450816,1.0709385,1.0484182
2025-01-01 15:31:00,1.0063738,0.9979545,0.9983996,1.0014309,1.022404,1.0162697,1.0370407,1.030084,1.0666254,1.0246397,1.0424757,1.0345705,1.0844824,1.0481955,1.0571073,1.0483754,1.0627004,1.0535886,1.0726368,1.0455837,1.0701474,1.0486482
2025-01-01 15:32:00,1.007187,0.999233,0.9992313,1.002547,1.023187,1.0172188,1.0376301,1.0310276,1.0670058,1.0254924,1.0427696,1.0353311,1.0847322,1.048894,1.0570292,1.0488983,1.0626292,1.0538777,1.0721837,1.0459139,1.0696367,1.0488007
2025-01-01 15:33:00,1.0077115,1.0000603,0.9997686,1.00327,1.023694,1.0178347,1.0380127,1.031641,1.0672542,1.0260485,1.042963,1.0358287,1.0848981,1.0493522,1.0569829,1.0492429,1.0625876,1.0540701,1.0718935,1.0461326,1.0693082,1.0489026
2025-01-01 15:34:00,1.0080483,1.0005944,1.0001147,1.0037374,1.0240217,1.0182337,1.0382609,1.0320404,1.0674167,1.0264118,1.0430914,1.0361555,1.0850097,1.0496541,1.0569571,1.0494713,1.0625651,1.0541997,1.0717092,1.0462787,1.0690981,1.0489719
2025-01-01 15:35:00,1.0082632,1.0009378,1.0003365,1.0040387,1.0242329,1.018492,1.038422,1.0323001,1.0675236,1.0266498,1.0431775,1.0363709,1.085086,1.0498544,1.0569447,1.0496243,1.0625551,1.0542883,1.0715935,1.0463774,1.068965,1.0490197
2025-01-01 15:36:00,1.0083988,1.0011575,1.0004774,1.0042319,1.0243682,1.0186588,1.0385263,1.0324695,1.0675942,1.0268065,1.0432359,1.0365142,1.0851392,1.0499887,1.0569412,1.0497284,1.0625532,1.0543505,1.0715226,1.0464456,1.0688819,1.0490537
2025-01-01 15:37:00,1.0084828,1.0012965,1.000566,1.004355,1.0244544,1.0187659,1.0385938,1.03258,1.0676413,1.0269102,1.0432765,1.0366106,1.0851775,1.0500801,1.0569432,1.0498005,1.0625565,1.0543953,1.0714808,1.0464936,1.0688312,1.0490786
2025-01-01 15:38:00,1.0085334,1.0013833,1.0006205,1.0044324,1.0245085,1.0188346,1.0386373,1.0326523,1.0676732,1.0269797,1.0433056,1.0366763,1.0852063,1.0501437,1.056949,1.049852,1.0625632,1.0544289,1.0714579,1.0465288,1.0688018,1.0490975
2025-01-01 15:39:00,1.0085622,1.0014361,1.0006528,1.0044804,1.0245419,1.0188782,1.0386653,1.0326998,1.0676951,1.0270268,1.0433272,1.0367223,1.0852286,1.0501891,1.0569571,1.04989,1.0625721,1.0544552,1.0714471,1.0465555,1.0687859,1.0491127
2025-01-01 15:40:00,1.0085768,1.0014666,1.0006707,1.004509,1.0245619,1.0189054,1.0386832,1.0327312,1.0677106,1.0270593,1.0433439,1.0367556,1.0852469,1.0502229,1.0569668,1.0499194,1.0625826,1.0544769,1.0714443,1.0465767,1.0687791,1.0491253
2025-01-01 15:41:00,1.0085824,1.001483,1.0006791,1.0045251,1.024573,1.0189221,1.0386946,1.032752,1.0677221,1.0270824,1.0433575,1.0367805,1.0852627,1.0502489,1.0569775,1.049943,1.0625939,1.0544953,1.0714467,1.0465944,1.0687778,1.0491363
2025-01-01 15:42:00,1.0085819,1.00149,1.0006816,1.0045332,1.0245785,1.0189319,1.0387019,1.0327661,1.0677308,1.0270996,1.0433688,1.0367999,1.0852766,1.05027,1.056989,1.0499628,1.0626059,1.0545117,1.0714524,1.0466096,1.0687804,1.049146
2025-01-01 15:43:00,1.0085776,1.001491,1.0006802,1.004536,1.0245804,1.0189373,1.0387063,1.0327759,1.0677378,1.0271127,1.0433791,1.0368158,1.0852895,1.0502878,1.0570008,1.0499803,1.0626183,1.0545268,1.0714604,1.0466233,1.0687854,1.0491554
2025-01-01 15:44:00,1.0085708,1.0014881,1.0006763,1.0045354,1.0245798,1.0189399,1.0387089,1.0327828,1.0677437,1.0271235,1.0433884,1.0368295,1.0853016,1.0503037,1.0570129,1.0499964,1.0626309,1.0545411,1.0714697,1.046636,1.068792,1.049164
2025-01-01 15:45:00,1.0085623,1.0014826,1.0006707,1.0045327,1.0245777,1.0189406,1.0387105,1.0327878,1.0677489,1.0271324,1.0433972,1.0368416,1.0853132,1.0503181,1.0570252,1.0500113,1.0626435,1.0545548,1.07148,1.0466481,1.0687995,1.0491724
2025-01-01 15:46:00,1.0085528,1.0014755,1.000664,1.0045284,1.0245746,1.01894,1.0387113,1.0327917,1.0677536,1.0271404,1.0434058,1.0368528,1.0853248,1.0503317,1.0570377,1.0500256,1.0626564,1.0545683,1.0714909,1.0466598,1.0688077,1.0491805
2025-01-01 15:47:00,1.0085427,1.0014673,1.0006567,1.0045234,1.0245711,1.0189389,1.0387118,1.0327951,1.0677581,1.0271477,1.043414,1.0368636,1.085336,1.0503448,1.0570502,1.0500394,1.0626693,1.0545813,1.0715021,1.046671,1.0688163,1.0491885
2025-01-01 15:48:00,1.0085322,1.0014585,1.000649,1.0045177,1.0245671,1.0189371,1.0387119,1.0327978,1.0677624,1.0271544,1.0434221,1.0368738,1.0853472,1.0503575,1.0570629,1.050053,1.0626823,1.0545942,1.0715135,1.0466822,1.0688251,1.0491964
2025-01-01 15:49:00,1.0085214,1.0014492,1.000641,1.0045116,1.024563,1.0189352,1.0387119,1.0328002,1.0677667,1.0271611,1.0434302,1.036884,1.0853583,1.05037,1.0570756,1.0500664,1.0626953,1.054607,1.071525,1.0466932,1.0688341,1.0492041
2025-01-01 15:50:00,1.0085104,1.0014397,1.0006329,1.0045054,1.0245587,1.018933,1.0387118,1.0328025,1.0677708,1.0271676,1.0434383,1.0368938,1.0853693,1.0503823,1.0570884,1.0500797,1.0627083,1.0546198,1.0715365,1.046704,1.0688431,1.0492116
2025-01-01 15:51:00,1.0084993,1.00143,1.0006247,1.0044992,1.0245543,1.0189308,1.0387117,1.0328046,1.067775,1.027174,1.0434465,1.0369037,1.0853804,1.0503945,1.0571011,1.0500929,1.0627214,1.0546325,1.0715482,1.0467148,1.0688523,1.0492191
2025-01-01 15:52:00,1.0084882,1.0014204,1.0006163,1.0044928,1.0245497,1.0189285,1.0387115,1.0328069,1.0677793,1.0271803,1.0434545,1.0369136,1.0853915,1.0504068,1.0571139,1.0501062,1.0627344,1.0546451,1.0715599,1.0467255,1.0688614,1.0492266
2025-01-01 15:53:00,1.008477,1.0014105,1.0006081,1.0044863,1.0245453,1.0189263,1.0387114,1.032809,1.0677836,1.0271866,1.0434626,1.0369235,1.0854026,1.050419,1.0571266,1.0501193,1.0627474,1.0546577,1.0715717,1.0467361,1.0688705,1.0492342
2025-01-01 15:54:00,1.0084658,1.0014007,1.0005997,1.00448,1.0245409,1.0189241,1.0387114,1.0328113,1.0677878,1.0271931,1.0434709,1.0369333,1.0854137,1.0504311,1.0571394,1.0501323,1.0627604,1.0546702,1.0715834,1.0467467,1.0688796,1.0492415
2025-01-01 15:55:00,1.0084546,1.0013908,1.0005915,1.0044736,1.0245365,1.0189219,1.0387113,1.0328134,1.0677922,1.0271994,1.0434791,1.0369431,1.0854249,1.0504433,1.0571523,1.0501454,1.0627735,1.0546827,1.0715952,1.0467572,1.0688887,1.0492488
2025-01-01 15:56:00,1.0084435,1.001381,1.0005833,1.0044671,1.0245321,1.0189196,1.0387113,1.0328157,1.0677965,1.0272058,1.0434873,1.036953,1.085436,1.0504555,1.057165,1.0501585,1.0627865,1.0546952,1.0716069,1.0467677,1.0688977,1.0492562
2025-01-01 15:57:00,1.0084323,1.0013711,1.0005751,1.0044608,1.0245278,1.0189174,1.0387114,1.032818,1.067801,1.0272123,1.0434957,1.0369629,1.0854473,1.0504676,1.0571779,1.0501716,1.0627995,1.0547078,1.0716186,1.0467782,1.0689068,1.0492635
2025-01-01 15:58:00,1.0084212,1.0013614,1.000567,1.0044545,1.0245236,1.0189153,1.0387115,1.0328203,1.0678054,1.0272188,1.043504,1.0369728,1.0854585,1.0504799,1.0571908,1.0501847,1.0628123,1.0547203,1.0716301,1.0467887,1.0689157,1.0492706
2025-01-01 15:59:00,1.0084101,1.0013517,1.0005589,1.0044483,1.0245193,1.0189133,1.0387117,1.0328227,1.0678099,1.0272254,1.0435123,1.0369827,1.0854697,1.050492,1.0572035,1.0501978,1.0628253,1.0547327,1.0716417,1.0467991,1.0689245,1.0492778
2025-01-01 16:00:00,1.0095936,1.0039277,1.0016435,1.0065244,1.0255138,1.0206485,1.0391316,1.0344272,1.0677925,1.0286953,1.0432345,1.0381379,1.0853672,1.0517987,1.056087,1.0508182,1.0617744,1.0548714,1.0696279,1.0469884,1.0669223,1.0491765
2025-01-01 16:01:00,1.0103589,1.0055989,1.0023458,1.0078719,1.0261586,1.0217757,1.0394047,1.035471,1.0677829,1.0296532,1.0430567,1.0388924,1.0853045,1.0526522,1.0553659,1.051226,1.0610958,1.0549659,1.0683229,1.047115,1.0656239,1.0491129
2025-01-01 16:02:00,1.0108527,1.0066818,1.0027995,1.0087456,1.0265764,1.0225078,1.0395824,1.0361503,1.0677782,1.0302781,1.0429442,1.0393863,1.0852678,1.0532113,1.0549015,1.0514958,1.0606592,1.0550317,1.0674785,1.0472008,1.064783,1.049074
2025-01-01 16:03:00,1.0111698,1.0073824,1.0030918,1.0093113,1.0268466,1.0229831,1.039698,1.0365928,1.0677769,1.0306867,1.0428741,1.0397109,1.085248,1.0535792,1.0546043,1.0516757,1.06038,1.0550787,1.0669339,1.0472602,1.0642394,1.0490512
2025-01-01 16:04:00,1.0113721,1.0078344,1.003279,1.009677,1.0270209,1.0232913,1.0397735,1.0368816,1.0677779,1.0309547,1.0428315,1.0399255,1.085239,1.0538225,1.0544156,1.0517972,1.060203,1.0551137,1.0665838,1.0473024,1.063889,1.0490388
2025-01-01 16:05:00,1.0114998,1.008125,1.003398,1.0099127,1.027133,1.0234913,1.0398227,1.0370702,1.0677803,1.0311314,1.042807,1.0400686,1.0852373,1.0539851,1.0542974,1.0518807,1.0600924,1.0551407,1.0663601,1.0473334,1.0636643,1.049033
2025-01-01 16:06:00,1.0115792,1.0083106,1.0034726,1.0100639,1.0272045,1.0236206,1.039855,1.0371938,1.0677835,1.0312487,1.042794,1.0401652,1.0852401,1.0540951,1.0542253,1.0519395,1.0600251,1.0551625,1.0662189,1.047357,1.0635213,1.0490316
2025-01-01 16:07:00,1.0116268,1.0084279,1.0035183,1.0101601,1.0272497,1.0237042,1.0398762,1.0372752,1.0677874,1.0313274,1.0427887,1.0402316,1.0852461,1.054171,1.0541829,1.0519824,1.0599858,1.0551811,1.0661309,1.0473759,1.0634313,1.0490332
2025-01-01 16:08:00,1.011654,1.0085008,1.0035454,1.0102206,1.0272778,1.0237579,1.0398903,1.0373291,1.0677917,1.031381,1.0427884,1.0402784,1.0852541,1.0542246,1.0541599,1.0520148,1.0599648,1.0551975,1.0660778,1.0473918,1.0633756,1.0490364
2025-01-01 16:09:00,1.0116681,1.008545,1.0035604,1.0102581,1.0272948,1.0237925,1.0398997,1.0373652,1.0677962,1.0314183,1.0427912,1.0403124,1.0852631,1.0542638,1.0541495,1.0520406,1.0599556,1.0552124,1.0660471,1.0474055,1.0633426,1.0490408
2025-01-01 16:10:00,1.0116735,1.0085706,1.0035677,1.0102805,1.0273046,1.0238144,1.0399061,1.0373898,1.0678011,1.0314451,1.0427964,1.0403382,1.0852731,1.0542936,1.0541471,1.0520619,1.0599542,1.0552263,1.0660311,1.0474179,1.0633239,1.049046
2025-01-01 16:11:00,1.0116732,1.0085839,1.0035696,1.010293,1.0273098,1.0238281,1.0399107,1.0374069,1.0678061,1.031465,1.0428027,1.0403587,1.0852839,1.0543175,1.0541502,1.0520803,1.0599577,1.0552397,1.0660247,1.0474294,1.0633147,1.0490516
2025-01-01 16:12:00,1.0116694,1.0085895,1.0035683,1.0102993,1.027312,1.0238369,1.039914,1.0374191,1.0678113,1.0314807,1.04281,1.0403756,1.0852947,1.0543374,1.0541568,1.0520968,1.0599645,1.0552526,1.0660243,1.0474404,1.0633116,1.0490575
2025-01-01 16:13:00,1.0116632,1.0085899,1.003565,1.0103015,1.0273123,1.023842,1.0399165,1.0374283,1.0678164,1.0314933,1.042818,1.0403903,1.085306,1.0543547,1.0541656,1.0521122,1.0599735,1.0552652,1.066028,1.047451,1.0633124,1.0490636
2025-01-01 16:14:00,1.0116554,1.008587,1.0035602,1.010301,1.0273113,1.023845,1.0399185,1.0374353,1.0678217,1.031504,1.0428262,1.0404035,1.0853175,1.0543703,1.0541759,1.0521268,1.0599837,1.0552777,1.0660343,1.0474614,1.0633159,1.0490698
2025-01-01 16:15:00,1.0116466,1.0085819,1.0035545,1.0102988,1.0273095,1.0238466,1.0399203,1.0374411,1.0678271,1.0315137,1.0428348,1.0404159,1.0853289,1.0543848,1.054187,1.0521408,1.0599949,1.0552901,1.0660424,1.0474714,1.063321,1.049076
2025-01-01 16:16:00,1.0116373,1.0085754,1.0035483,1.0102956,1.0273073,1.0238473,1.0399219,1.0374461,1.0678326,1.0315226,1.0428437,1.0404276,1.0853406,1.0543987,1.054199,1.0521545,1.0600066,1.0553023,1.0660515,1.0474813,1.0633271,1.0490822
2025-01-01 16:17:00,1.0116277,1.0085682,1.0035417,1.0102917,1.0273048,1.0238473,1.0399233,1.0374506,1.0678381,1.031531,1.0428528,1.0404389,1.0853522,1.054412,1.0542113,1.0521679,1.0600187,1.0553145,1.0660613,1.0474912,1.063334,1.0490884
2025-01-01 16:18:00,1.0116178,1.0085603,1.0035349,1.0102873,1.027302,1.0238471,1.0399249,1.0374547,1.0678436,1.0315391,1.0428618,1.0404501,1.085364,1.0544252,1.0542239,1.0521812,1.060031,1.0553266,1.0660715,1.0475011,1.0633411,1.0490946
2025-01-01 16:19:00,1.0116076,1.0085521,1.0035281,1.0102828,1.0272992,1.0238467,1.0399263,1.0374587,1.0678492,1.0315471,1.0428709,1.0404611,1.0853758,1.0544382,1.0542365,1.0521946,1.0600435,1.0553387,1.0660819,1.0475107,1.0633487,1.0491008
2025-01-01 16:20:00,1.0115975,1.0085436,1.0035212,1.0102779,1.0272963,1.0238463,1.0399278,1.0374625,1.0678549,1.0315549,1.0428802,1.040472,1.0853876,1.0544511,1.0542493,1.0522078,1.060056,1.0553508,1.0660926,1.0475204,1.0633563,1.0491068
2025-01-01 16:21:00,1.0115873,1.0085351,1.0035143,1.010273,1.0272934,1.0238457,1.0399293,1.0374663,1.0678606,1.0315627,1.0428895,1.0404829,1.0853995,1.0544639,1.0542623,1.052221,1.0600686,1.0553628,1.0661033,1.0475299,1.063364,1.0491129
2025-01-01 16:22:00,1.0115771,1.0085266,1.0035074,1.0102681,1.0272906,1.0238451,1.0399307,1.0374701,1.0678663,1.0315704,1.0428988,1.0404937,1.0854113,1.0544765,1.0542752,1.052234,1.0600812,1.0553747,1.0661141,1.0475395,1.0633718,1.0491189
2025-01-01 16:23:00,1.0115669,1.008518,1.0035005,1.0102632,1.0272877,1.0238445,1.0399323,1.0374739,1.0678722,1.0315782,1.0429082,1.0405046,1.0854232,1.0544894,1.0542883,1.0522472,1.060094,1.0553868,1.0661249,1.047549,1.0633795,1.049125
2025-01-01 16:24:00,1.0115566,1.0085094,1.0034934,1.0102584,1.0272849,1.0238439,1.0399339,1.0374777,1.067878,1.031586,1.0429176,1.0405154,1.0854352,1.054502,1.0543013,1.0522602,1.0601066,1.0553987,1.0661356,1.0475585,1.0633872,1.0491308
2025-01-01 16:25:00,1.0115464,1.0085007,1.0034866,1.0102535,1.0272821,1.0238434,1.0399356,1.0374815,1.0678838,1.0315938,1.0429271,1.0405263,1.0854472,1.0545148,1.0543144,1.0522733,1.0601194,1.0554106,1.0661465,1.047568,1.063395,1.0491366
2025-01-01 16:26:00,1.0115362,1.0084921,1.0034797,1.0102487,1.0272795,1.0238428,1.0399373,1.0374855,1.0678898,1.0316017,1.0429367,1.0405371,1.0854591,1.0545274,1.0543274,1.0522863,1.060132,1.0554225,1.0661573,1.0475774,1.0634027,1.0491425
2025-01-01 16:27:00,1.0115261,1.0084835,1.003473,1.0102439,1.0272768,1.0238425,1.039939,1.0374894,1.0678959,1.0316095,1.0429462,1.0405481,1.0854712,1.0545402,1.0543405,1.0522994,1.0601447,1.0554345,1.0661681,1.0475867,1.0634103,1.0491483
2025-01-01 16:28:00,1.011516,1.008475,1.0034662,1.0102391,1.0272743,1.023842,1.039941,1.0374935,1.0679018,1.0316175,1.0429558,1.040559,1.0854832,1.0545529,1.0543536,1.0523124,1.0601573,1.0554463,1.0661788,1.0475961,1.063418,1.0491539
2025-01-01 16:29:00,1.011506,1.0084665,1.0034596,1.0102345,1.0272716,1.0238417,1.0399427,1.0374975,1.067908,1.0316255,1.0429654,1.04057,1.0854951,1.0545655,1.0543666,1.0523254,1.0601699,1.0554581,1.0661895,1.0476053,1.0634255,1.0491596
2025-01-01 16:30:00,1.0119109,1.0105317,1.0036285,1.0116974,1.0273815,1.0250295,1.0393785,1.0384458,1.0669771,1.0325283,1.0417284,1.041071,1.0847148,1.0555174,1.052355,1.0523348,1.0582727,1.0550658,1.0632863,1.0472137,1.0606787,1.0486093
2025-01-01 16:31:00,1.0121707,1.0118712,1.0037361,1.0126468,1.0274521,1.0258017,1.0390126,1.0390638,1.0663744,1.033118,1.0409276,1.0414007,1.0842117,1.0561407,1.0510521,1.0523454,1.057044,1.0548148,1.0614028,1.0469623,1.0588958,1.0482534
2025-01-01 16:32:00,1.012336,1.012739,1.0038037,1.0132623,1.0274972,1.0263034,1.0387753,1.0394671,1.0659848,1.0335041,1.0404106,1.0416188,1.083889,1.0565501,1.0502098,1.0523568,1.0562496,1.0546557,1.0601822,1.046802,1.0577395,1.0480239
2025-01-01 16:33:00,1.0124401,1.0133002,1.0038456,1.0136609,1.0275258,1.0266297,1.038622,1.0397307,1.0657339,1.0337579,1.040078,1.0417645,1.0836834,1.0568208,1.0496669,1.0523688,1.0557379,1.0545565,1.0593926,1.046701,1.0569905,1.0478766
2025-01-01 16:34:00,1.0125043,1.013662,1.0038705,1.0139185,1.0275435,1.0268416,1.0385231,1.0399035,1.065573,1.0339259,1.0398654,1.0418631,1.0835543,1.0570012,1.0493186,1.0523812,1.0554094,1.0544959,1.058883,1.0466385,1.0565063,1.0477828
2025-01-01 16:35:00,1.0125427,1.0138943,1.0038844,1.0140843,1.0275544,1.0269794,1.0384597,1.0400175,1.0654707,1.0340381,1.0397305,1.0419312,1.0834745,1.057123,1.0490966,1.0523938,1.0552003,1.0544608,1.0585554,1.046601,1.056194,1.0477237
2025-01-01 16:36:00,1.0125642,1.0140426,1.0038913,1.0141908,1.0275607,1.0270692,1.0384192,1.0400931,1.0654064,1.0341138,1.0396464,1.0419793,1.0834268,1.0572066,1.048957,1.0524064,1.0550689,1.0544419,1.058346,1.0465798,1.0559934,1.0476869
2025-01-01 16:37:00,1.0125748,1.0141361,1.0038937,1.0142584,1.0275642,1.0271276,1.0383939,1.0401438,1.0653671,1.034166,1.0395952,1.0420145,1.0834001,1.0572655,1.0488709,1.0524192,1.0549878,1.0544337,1.0582137,1.0465691,1.0558656,1.0476649
2025-01-01 16:38:00,1.0125782,1.014194,1.003893,1.014301,1.0275657,1.0271657,1.0383781,1.0401785,1.0653437,1.0342028,1.0395654,1.0420414,1.0833871,1.0573083,1.0488195,1.0524321,1.0549393,1.0544325,1.0581312,1.0465653,1.055785,1.0476525
2025-01-01 16:39:00,1.0125772,1.0142289,1.0038904,1.0143272,1.0275661,1.0271904,1.0383688,1.0402027,1.065331,1.0342298,1.0395496,1.0420629,1.083383,1.0573405,1.0487907,1.0524449,1.0549121,1.0544357,1.0580813,1.0465658,1.0557351,1.047646
2025-01-01 16:40:00,1.0125731,1.0142488,1.0038867,1.0143429,1.0275657,1.0272067,1.0383638,1.0402201,1.0653249,1.0342503,1.0395429,1.0420808,1.0833846,1.0573661,1.0487765,1.0524579,1.0548989,1.0544418,1.0580524,1.0465692,1.0557051,1.0476435
2025-01-01 16:41:00,1.012567,1.0142591,1.0038822,1.0143517,1.0275649,1.0272175,1.0383613,1.040233,1.0653235,1.0342667,1.0395421,1.0420964,1.08339,1.0573872,1.048772,1.0524708,1.0548946,1.0544497,1.0580372,1.0465746,1.055688,1.0476438
2025-01-01 16:42:00,1.0125599,1.014263,1.003877,1.0143561,1.0275636,1.0272248,1.0383607,1.0402431,1.065325,1.0342804,1.039545,1.0421104,1.0833977,1.0574055,1.0487735,1.0524838,1.0548961,1.054459,1.058031,1.046581,1.0556793,1.0476456
2025-01-01 16:43:00,1.0125519,1.0142628,1.0038718,1.0143576,1.0275624,1.0272297,1.0383614,1.0402514,1.0653284,1.0342923,1.0395507,1.0421237,1.0834073,1.0574218,1.0487791,1.0524967,1.0549015,1.0544689,1.0580302,1.0465882,1.055676,1.0476485
2025-01-01 16:44:00,1.0125434,1.0142599,1.0038663,1.0143573,1.027561,1.027233,1.0383627,1.0402585,1.0653329,1.0343031,1.0395579,1.0421363,1.0834178,1.0574371,1.0487874,1.0525097,1.0549092,1.0544794,1.0580335,1.0465958,1.0556762,1.0476521
2025-01-01 16:45:00,1.0125346,1.0142554,1.0038607,1.0143558,1.0275594,1.0272354,1.0383646,1.0402651,1.0653384,1.0343132,1.0395662,1.0421486,1.0834289,1.0574515,1.0487974,1.0525225,1.0549185,1.0544902,1.0580391,1.0466039,1.0556787,1.047656
2025-01-01 16:46:00,1.0125257,1.0142498,1.003855,1.0143535,1.027558,1.0272373,1.0383669,1.0402709,1.0653443,1.0343227,1.0395751,1.0421606,1.0834404,1.0574653,1.0488085,1.0525354,1.0549289,1.054501,1.0580462,1.0466119,1.0556828,1.0476602
2025-01-01 16:47:00,1.0125166,1.0142435,1.0038494,1.0143508,1.0275565,1.0272387,1.0383694,1.0402766,1.0653508,1.0343322,1.0395846,1.0421724,1.0834522,1.0574789,1.0488203,1.0525483,1.05494,1.0545121,1.0580543,1.0466202,1.0556877,1.0476646
2025-01-01 16:48:00,1.0125074,1.0142367,1.0038438,1.0143478,1.0275551,1.02724,1.0383722,1.0402821,1.0653574,1.0343413,1.0395944,1.0421842,1.0834644,1.0574923,1.0488325,1.0525612,1.0549514,1.0545233,1.0580633,1.0466286,1.0556931,1.047669
2025-01-01 16:49:00,1.0124983,1.0142298,1.0038381,1.0143445,1.0275537,1.0272412,1.0383751,1.0402875,1.0653644,1.0343505,1.0396044,1.0421959,1.0834765,1.0575055,1.048845,1.052574,1.0549631,1.0545346,1.0580724,1.0466369,1.055699,1.0476735
2025-01-01 16:50:00,1.0124891,1.0142225,1.0038325,1.0143412,1.0275522,1.0272423,1.038378,1.0402929,1.0653713,1.0343595,1.0396146,1.0422077,1.083489,1.0575186,1.0488577,1.0525869,1.054975,1.0545458,1.0580817,1.0466452,1.0557051,1.047678
2025-01-01 16:51:00,1.0124799,1.0142154,1.0038269,1.014338,1.027551,1.0272434,1.0383811,1.0402982,1.0653783,1.0343685,1.0396248,1.0422193,1.0835013,1.0575317,1.0488706,1.0525998,1.0549871,1.054557,1.0580914,1.0466535,1.0557113,1.0476823
2025-01-01 16:52:00,1.0124707,1.014208,1.0038214,1.0143347,1.0275497,1.0272444,1.0383842,1.0403036,1.0653855,1.0343777,1.0396352,1.042231,1.0835137,1.0575448,1.0488836,1.0526127,1.0549991,1.0545682,1.058101,1.0466619,1.0557175,1.0476868
2025-01-01 16:53:00,1.0124615,1.0142007,1.0038159,1.0143315,1.0275486,1.0272455,1.0383875,1.040309,1.0653927,1.0343866,1.0396457,1.0422426,1.0835263,1.0575578,1.0488966,1.0526254,1.0550112,1.0545794,1.0581108,1.0466701,1.0557237,1.0476911
2025-01-01 16:54:00,1.0124525,1.0141934,1.0038105,1.0143281,1.0275475,1.0272466,1.0383908,1.0403143,1.0654001,1.0343957,1.0396563,1.0422543,1.0835389,1.0575708,1.0489095,1.0526383,1.0550233,1.0545905,1.0581205,1.0466783,1.05573,1.0476955
2025-01-01 16:55:00,1.0124434,1.0141861,1.0038052,1.0143248,1.0275464,1.0272478,1.0383941,1.0403198,1.0654075,1.0344049,1.0396669,1.0422661,1.0835514,1.0575838,1.0489227,1.052651,1.0550355,1.0546017,1.0581303,1.0466865,1.0557363,1.0476998
2025-01-01 16:56:00,1.0124345,1.0141789,1.0037998,1.0143216,1.0275455,1.027249,1.0383976,1.0403253,1.0654149,1.034414,1.0396774,1.0422778,1.0835639,1.0575969,1.0489358,1.0526638,1.0550475,1.0546128,1.05814,1.0466946,1.0557425,1.047704
2025-01-01 16:57:00,1.0124255,1.0141717,1.0037946,1.0143185,1.0275445,1.0272503,1.038401,1.0403309,1.0654224,1.0344232,1.0396881,1.0422896,1.0835766,1.0576099,1.0489488,1.0526766,1.0550597,1.0546237,1.0581497,1.0467027,1.0557488,1.0477082
2025-01-01 16:58:00,1.0124166,1.0141644,1.0037893,1.0143154,1.0275435,1.0272516,1.0384046,1.0403365,1.0654299,1.0344324,1.0396987,1.0423014,1.0835892,1.0576229,1.0489619,1.0526893,1.0550717,1.0546348,1.0581594,1.0467107,1.0557549,1.0477123
2025-01-01 16:59:00,1.0124077,1.0141574,1.0037842,1.0143124,1.0275427,1.027253,1.0384082,1.0403421,1.0654376,1.0344417,1.0397094,1.0423132,1.0836018,1.057636,1.048975,1.0527021,1.0550838,1.0546458,1.058169,1.0467187,1.0557611,1.0477164
2025-01-01 17:00:00,1.0120268,1.0156747,1.0030346,1.0151358,1.0267661,1.0278727,1.0368698,1.0406172,1.0636101,1.0347612,1.0375358,1.042151,1.0821576,1.0582166,1.0461047,1.0521004,1.0523748,1.0537297,1.0544288,1.0457531,1.0523194,1.0467266
2025-01-01 17:01:00,1.0117762,1.0166587,1.0025455,1.01567,1.0262611,1.028276,1.0358711,1.0407981,1.0624251,1.0349722,1.0361267,1.0420496,1.0812235,1.0585985,1.0442435,1.0517137,1.0506182,1.053138,1.052001,1.0451281,1.0500842,1.0460845
2025-01-01 17:02:00,1.0116102,1.0172957,1.0022259,1.0160162,1.0259328,1.0285387,1.0352234,1.0409176,1.0616577,1.0351126,1.0352145,1.0419879,1.0806208,1.0588514,1.0430384,1.0514667,1.0494804,1.0527574,1.0504262,1.0447246,1.0486335,1.0456686
2025-01-01 17:03:00,1.0114993,1.0177075,1.0020165,1.0162404,1.0257192,1.0287101,1.0348037,1.0409975,1.0611615,1.0352072,1.0346255,1.041952,1.0802333,1.0590203,1.0422595,1.0513108,1.0487452,1.0525136,1.0494058,1.044465,1.0476925,1.0453995
2025-01-01 17:04:00,1.0114242,1.0179727,1.0018787,1.0163851,1.02558,1.0288221,1.0345323,1.0410515,1.0608417,1.0352719,1.0342464,1.041933,1.0799861,1.0591347,1.0417578,1.0512137,1.0482714,1.052359,1.0487459,1.0442989,1.0470829,1.045226
2025-01-01 17:05:00,1.0113724,1.0181428,1.0017874,1.0164783,1.0254896,1.0288956,1.0343573,1.0410887,1.0606366,1.0353174,1.034004,1.0419247,1.0798297,1.0592136,1.0414364,1.0511551,1.0479677,1.0522622,1.0483202,1.0441937,1.0466888,1.0451144
2025-01-01 17:06:00,1.0113357,1.018251,1.0017265,1.0165379,1.0254306,1.028944,1.034245,1.0411149,1.0605061,1.0353503,1.0338502,1.0419236,1.0797325,1.0592694,1.041232,1.0511215,1.0477743,1.052203,1.0480468,1.0441281,1.0464345,1.0450431
2025-01-01 17:07:00,1.011309,1.018319,1.0016854,1.0165759,1.0253922,1.0289761,1.0341735,1.0411342,1.0604241,1.0353752,1.0337541,1.0419271,1.0796739,1.0593103,1.0411036,1.0511038,1.0476527,1.0521684,1.0478723,1.0440879,1.0462712,1.0449979
2025-01-01 17:08:00,1.0112886,1.0183609,1.0016569,1.0165997,1.0253671,1.0289977,1.0341284,1.0411489,1.0603737,1.0353947,1.0336955,1.0419335,1.0796403,1.0593415,1.0410248,1.0510969,1.047578,1.0521495,1.0477622,1.0440645,1.0461669,1.0449698
2025-01-01 17:09:00,1.0112724,1.0183858,1.001637,1.0166144,1.0253508,1.0290123,1.0341007,1.0411607,1.0603436,1.0354109,1.0336611,1.041942,1.0796229,1.0593665,1.0409781,1.0510968,1.0475334,1.052141,1.0476936,1.0440519,1.0461011,1.0449528
2025-01-01 17:10:00,1.0112591,1.0183997,1.0016223,1.016623,1.0253402,1.0290227,1.0340841,1.0411705,1.060327,1.0354247,1.0336428,1.0419517,1.0796161,1.0593871,1.0409522,1.0511012,1.0475086,1.052139,1.0476524,1.0440463,1.0460603,1.0449429
2025-01-01 17:11:00,1.0112475,1.0184065,1.0016112,1.0166279,1.0253332,1.0290302,1.0340748,1.0411792,1.0603191,1.0354372,1.0336348,1.0419623,1.0796161,1.0594052,1.04094,1.0511084,1.0474964,1.0521415,1.0476288,1.0440451,1.0460356,1.0449376
2025-01-01 17:12:00,1.011237,1.0184088,1.0016025,1.0166303,1.0253286,1.0290358,1.0340703,1.041187,1.0603169,1.0354488,1.0336336,1.0419735,1.0796205,1.0594215,1.0409367,1.0511174,1.0474927,1.0521469,1.0476166,1.0440469,1.0460215,1.0449353
2025-01-01 17:13:00,1.0112274,1.018408,1.0015954,1.0166311,1.0253258,1.0290403,1.0340688,1.0411943,1.0603184,1.0354596,1.0336366,1.041985,1.079628,1.0594367,1.0409391,1.0511277,1.0474944,1.052154,1.0476117,1.0440507,1.0460141,1.0449349
2025-01-01 17:14:00,1.0112183,1.0184052,1.0015893,1.0166309,1.025324,1.0290442,1.0340695,1.0412015,1.0603222,1.0354702,1.0336425,1.0419968,1.0796373,1.0594512,1.0409452,1.0511386,1.0474995,1.0521623,1.0476116,1.0440556,1.0460112,1.0449358
2025-01-01 17:15:00,1.0112095,1.0184013,1.0015838,1.01663,1.0253229,1.0290474,1.0340717,1.0412083,1.0603276,1.0354806,1.0336503,1.0420088,1.0796479,1.0594652,1.0409536,1.0511502,1.0475069,1.0521713,1.0476148,1.0440613,1.0460111,1.0449374
2025-01-01 17:16:00,1.011201,1.0183966,1.0015788,1.0166287,1.0253222,1.0290504,1.0340745,1.0412151,1.0603341,1.035491,1.0336592,1.0420208,1.0796592,1.0594789,1.0409638,1.0511621,1.0475157,1.0521808,1.0476199,1.0440675,1.0460129,1.0449396
2025-01-01 17:17:00,1.0111927,1.0183913,1.0015742,1.0166273,1.025322,1.0290531,1.0340781,1.0412219,1.0603412,1.0355011,1.0336691,1.0420328,1.0796711,1.0594922,1.0409747,1.0511743,1.0475256,1.0521905,1.0476263,1.044074,1.0460159,1.0449419
2025-01-01 17:18:00,1.0111846,1.0183859,1.0015696,1.0166258,1.0253218,1.0290557,1.0340819,1.0412287,1.0603489,1.0355113,1.0336795,1.042045,1.0796834,1.0595056,1.0409865,1.0511864,1.047536,1.0522006,1.0476336,1.0440807,1.0460194,1.0449445
2025-01-01 17:19:00,1.0111763,1.0183802,1.0015653,1.0166241,1.0253218,1.0290586,1.0340862,1.0412354,1.0603569,1.0355214,1.0336902,1.0420573,1.0796958,1.0595188,1.0409987,1.0511986,1.0475469,1.0522107,1.0476414,1.0440875,1.0460235,1.0449473
2025-01-01 17:20:00,1.0111684,1.0183743,1.0015612,1.0166223,1.0253222,1.0290612,1.0340908,1.0412421,1.060365,1.0355315,1.0337012,1.0420696,1.0797085,1.059532,1.041011,1.0512109,1.0475578,1.0522208,1.0476494,1.0440943,1.046028,1.04495
2025-01-01 17:21:00,1.0111604,1.0183685,1.0015571,1.0166206,1.0253224,1.0290639,1.0340953,1.0412489,1.0603733,1.0355417,1.0337123,1.042082,1.0797212,1.0595453,1.0410236,1.0512233,1.047569,1.052231,1.0476578,1.0441012,1.0460325,1.0449528
2025-01-01 17:22:00,1.0111525,1.0183625,1.0015532,1.0166188,1.0253229,1.0290667,1.0340999,1.0412557,1.0603819,1.0355518,1.0337236,1.0420942,1.079734,1.0595584,1.0410362,1.0512356,1.0475802,1.0522411,1.0476663,1.044108,1.0460373,1.0449554
2025-01-01 17:23:00,1.0111448,1.0183568,1.0015494,1.0166172,1.0253235,1.0290694,1.0341047,1.0412625,1.0603904,1.035562,1.0337349,1.0421066,1.0797468,1.0595715,1.0410491,1.051248,1.0475916,1.0522513,1.0476747,1.0441148,1.0460418,1.0449581
2025-01-01 17:24:00,1.011137,1.018351,1.0015455,1.0166156,1.0253241,1.0290722,1.0341097,1.0412694,1.060399,1.0355722,1.0337462,1.042119,1.0797597,1.0595846,1.0410619,1.0512602,1.0476029,1.0522615,1.0476831,1.0441216,1.0460466,1.0449609
2025-01-01 17:25:00,1.0111293,1.0183451,1.0015417,1.016614,1.0253247,1.029075,1.0341146,1.0412765,1.0604078,1.0355825,1.0337578,1.0421314,1.0797727,1.0595977,1.0410748,1.0512726,1.0476142,1.0522716,1.0476916,1.0441284,1.0460513,1.0449635
2025-01-01 17:26:00,1.0111215,1.0183393,1.001538,1.0166125,1.0253254,1.029078,1.0341197,1.0412835,1.0604166,1.0355928,1.0337692,1.0421438,1.0797856,1.0596108,1.0410876,1.0512849,1.0476255,1.0522816,1.0477002,1.0441351,1.0460559,1.044966
2025-01-01 17:27:00,1.0111139,1.0183336,1.0015345,1.016611,1.0253261,1.029081,1.0341247,1.0412905,1.0604254,1.0356032,1.0337808,1.0421562,1.0797986,1.059624,1.0411005,1.0512972,1.0476369,1.0522918,1.0477086,1.0441418,1.0460606,1.0449685
2025-01-01 17:28:00,1.0111064,1.018328,1.0015309,1.0166097,1.025327,1.029084,1.0341299,1.0412976,1.0604342,1.0356135,1.0337924,1.0421687,1.0798116,1.0596371,1.0411134,1.0513095,1.0476482,1.0523018,1.047717,1.0441484,1.0460652,1.044971
2025-01-01 17:29:00,1.0110987,1.0183223,1.0015273,1.0166082,1.0253279,1.0290871,1.0341351,1.0413047,1.0604432,1.0356239,1.033804,1.0421811,1.0798246,1.0596502,1.0411263,1.0513217,1.0476595,1.0523117,1.0477254,1.044155,1.0460697,1.0449734
2025-01-01 17:30:00,1.0099388,1.019265,0.9998722,1.0167776,1.0236789,1.029127,1.0316502,1.040902,1.0577519,1.0353545,1.0307324,1.0413593,1.0777423,1.0598489,1.0374484,1.0501196,1.044187,1.0508885,1.0432148,1.042633,1.0419942,1.0435624
2025-01-01 17:31:00,1.0091821,1.019876,0.99879515,1.0168873,1.0226073,1.0291542,1.0300368,1.0406429,1.0560058,1.035183,1.02874,1.0408295,1.0763936,1.0599827,1.0350623,1.0493425,1.0419337,1.0499669,1.0402857,1.0416461,1.0393466,1.042646
2025-01-01 17:32:00,1.0086877,1.0202712,0.99809396,1.0169582,1.0219113,1.029173,1.02899,1.0404769,1.054874,1.0350753,1.0274491,1.0404896,1.0755215,1.0600741,1.0335157,1.0488417,1.040473,1.0493711,1.0383848,1.0410068,1.0376272,1.0420512
2025-01-01 17:33:00,1.0083638,1.0205262,0.99763703,1.017004,1.0214592,1.0291865,1.0283115,1.0403715,1.0541416,1.0350089,1.0266141,1.040273,1.0749593,1.0601382,1.0325149,1.0485204,1.0395273,1.0489874,1.0371519,1.0405934,1.0365111,1.0416652
2025-01-01 17:34:00,1.0081508,1.0206902,0.997339,1.0170333,1.0211658,1.0291964,1.0278724,1.0403057,1.0536687,1.0349696,1.0260755,1.0401366,1.0745983,1.0601845,1.0318688,1.0483159,1.0389165,1.0487413,1.0363533,1.040327,1.035787,1.0414151
2025-01-01 17:35:00,1.0080098,1.0207949,0.9971441,1.0170522,1.0209756,1.0292041,1.0275891,1.0402657,1.0533646,1.0349476,1.0257294,1.0400524,1.0743682,1.0602192,1.0314534,1.0481871,1.0385233,1.0485848,1.0358372,1.0401558,1.0353179,1.0412531
2025-01-01 17:36:00,1.0079157,1.0208611,0.9970164,1.0170641,1.0208524,1.0292103,1.0274069,1.0402423,1.0531702,1.0349371,1.0255086,1.0400021,1.0742232,1.0602462,1.0311878,1.0481076,1.0382717,1.0484865,1.0355045,1.0400468,1.0350144,1.0411485
2025-01-01 17:37:00,1.0078521,1.0209024,0.9969323,1.0170715,1.0207729,1.0292156,1.0272905,1.0402297,1.053047,1.0349342,1.0253693,1.0399737,1.0741334,1.0602683,1.0310196,1.0480602,1.0381119,1.0484259,1.0352908,1.039978,1.0348184,1.0410813
2025-01-01 17:38:00,1.0078082,1.0209275,0.99687666,1.0170761,1.0207218,1.0292203,1.0272168,1.0402241,1.0529702,1.034936,1.025283,1.0399598,1.0740798,1.0602874,1.0309148,1.0480335,1.0380119,1.0483899,1.0351548,1.0399355,1.0346924,1.041038
2025-01-01 17:39:00,1.0077773,1.0209422,0.9968395,1.017079,1.020689,1.0292248,1.0271708,1.0402232,1.0529237,1.0349408,1.025231,1.0399551,1.0740494,1.0603043,1.0308511,1.0480204,1.0379508,1.0483698,1.0350692,1.0399098,1.0346119,1.0410106
2025-01-01 17:40:00,1.0077548,1.0209498,0.9968143,1.0170805,1.0206684,1.0292289,1.0271431,1.0402255,1.0528966,1.0349478,1.0252014,1.0399566,1.0740342,1.0603199,1.0308142,1.0480161,1.0379149,1.04836,1.0350163,1.0398953,1.0345609,1.0409933
2025-01-01 17:41:00,1.0077378,1.0209532,0.996797,1.0170814,1.0206555,1.029233,1.0271271,1.0402296,1.0528824,1.0349562,1.0251864,1.0399619,1.0740288,1.0603346,1.0307945,1.0480174,1.0378952,1.048357,1.0349846,1.0398879,1.0345292,1.0409826
2025-01-01 17:42:00,1.0077243,1.0209537,0.9967848,1.0170817,1.0206476,1.029237,1.0271188,1.040235,1.0528765,1.0349655,1.0251808,1.0399699,1.07403,1.0603487,1.0307863,1.0480225,1.0378863,1.0483583,1.0349666,1.039885,1.0345098,1.0409763
2025-01-01 17:43:00,1.0077131,1.0209522,0.996776,1.0170819,1.0206432,1.029241,1.0271155,1.0402412,1.052876,1.0349753,1.0251813,1.0399795,1.0740353,1.0603625,1.0307853,1.0480299,1.0378842,1.0483625,1.0349578,1.0398853,1.0344986,1.0409727
2025-01-01 17:44:00,1.0077035,1.0209497,0.99676937,1.0170817,1.0206411,1.029245,1.0271155,1.0402482,1.052879,1.0349854,1.025186,1.0399902,1.0740434,1.0603759,1.030789,1.0480388,1.0378867,1.0483685,1.0349545,1.0398874,1.0344925,1.0409709
2025-01-01 17:45:00,1.007695,1.0209465,0.9967642,1.0170815,1.0206403,1.029249,1.0271176,1.0402554,1.0528845,1.0349959,1.025193,1.0400016,1.0740533,1.0603892,1.0307959,1.0480489,1.037892,1.0483755,1.0349551,1.0398908,1.0344898,1.0409701
2025-01-01 17:46:00,1.0076871,1.0209427,0.9967599,1.0170814,1.0206404,1.029253,1.0271212,1.0402629,1.0528913,1.0350066,1.0252019,1.0400134,1.0740641,1.0604025,1.0308049,1.0480596,1.0378991,1.0483834,1.0349581,1.0398949,1.0344892,1.0409701
2025-01-01 17:47:00,1.0076797,1.0209386,0.99675626,1.0170811,1.0206412,1.029257,1.0271256,1.0402707,1.0528991,1.0350175,1.0252119,1.0400256,1.0740758,1.0604156,1.030815,1.0480705,1.0379076,1.0483917,1.0349628,1.0398997,1.0344901,1.0409706
2025-01-01 17:48:00,1.0076725,1.0209343,0.99675304,1.017081,1.0206425,1.0292612,1.0271307,1.0402786,1.0529076,1.0350285,1.0252228,1.040038,1.0740881,1.0604287,1.0308261,1.0480818,1.0379167,1.0484003,1.0349684,1.0399046,1.0344919,1.0409713
2025-01-01 17:49:00,1.0076656,1.02093,0.9967502,1.0170808,1.0206441,1.0292654,1.0271362,1.0402865,1.0529166,1.0350394,1.025234,1.0400506,1.0741006,1.0604419,1.0308375,1.0480932,1.0379264,1.048409,1.0349746,1.0399096,1.0344943,1.0409722
2025-01-01 17:50:00,1.0076588,1.0209258,0.9967475,1.0170807,1.0206459,1.0292697,1.0271422,1.0402946,1.052926,1.0350505,1.0252455,1.0400633,1.0741132,1.0604548,1.0308495,1.0481046,1.0379364,1.0484179,1.0349811,1.0399148,1.0344969,1.0409732
2025-01-01 17:51:00,1.0076523,1.0209215,0.99674505,1.0170805,1.0206478,1.0292739,1.0271482,1.0403028,1.0529354,1.0350616,1.0252572,1.0400759,1.0741261,1.0604678,1.0308616,1.0481163,1.0379465,1.048427,1.034988,1.0399202,1.0344998,1.0409743
2025-01-01 17:52:00,1.0076457,1.0209172,0.99674267,1.0170805,1.0206499,1.0292783,1.0271543,1.040311,1.0529449,1.0350728,1.0252692,1.0400888,1.0741391,1.0604808,1.0308739,1.0481279,1.0379568,1.0484359,1.0349951,1.0399255,1.0345027,1.0409752
2025-01-01 17:53:00,1.0076393,1.0209128,0.9967404,1.0170805,1.0206519,1.0292827,1.0271606,1.0403192,1.0529547,1.035084,1.0252813,1.0401015,1.0741521,1.0604938,1.0308862,1.0481396,1.0379672,1.0484447,1.0350021,1.0399307,1.0345057,1.0409762
2025-01-01 17:54:00,1.007633,1.0209085,0.9967382,1.0170807,1.0206543,1.0292871,1.027167,1.0403275,1.0529644,1.0350952,1.0252934,1.0401144,1.0741651,1.0605068,1.0308986,1.0481513,1.0379776,1.0484538,1.0350091,1.039936,1.0345088,1.0409771
2025-01-01 17:55:00,1.0076268,1.0209043,0.99673605,1.0170808,1.0206566,1.0292916,1.0271735,1.0403359,1.0529743,1.0351064,1.0253054,1.0401273,1.0741782,1.0605198,1.030911,1.0481628,1.0379878,1.0484627,1.0350163,1.0399412,1.0345118,1.0409781
2025-01-01 17:56:00,1.0076206,1.0209001,0.996734,1.017081,1.0206591,1.0292962,1.0271801,1.0403444,1.0529844,1.0351177,1.0253177,1.0401402,1.0741913,1.0605328,1.0309235,1.0481745,1.0379983,1.0484716,1.0350235,1.0399464,1.0345149,1.0409789
2025-01-01 17:57:00,1.0076144,1.020896,0.99673206,1.0170813,1.0206615,1.0293008,1.0271868,1.0403527,1.0529944,1.035129,1.02533,1.040153,1.0742044,1.0605457,1.0309359,1.0481861,1.0380087,1.0484805,1.0350305,1.0399516,1.0345179,1.0409797
2025-01-01 17:58:00,1.0076082,1.0208919,0.9967302,1.0170816,1.0206641,1.0293055,1.0271934,1.0403612,1.0530044,1.0351403,1.0253422,1.0401659,1.0742174,1.0605587,1.0309483,1.0481975,1.038019,1.0484893,1.0350375,1.0399566,1.0345209,1.0409805
2025-01-01 17:59:00,1.0076021,1.0208879,0.9967283,1.017082,1.0206666,1.0293102,1.0272001,1.0403697,1.0530145,1.0351517,1.0253545,1.0401788,1.0742306,1.0605717,1.0309607,1.0482091,1.0380292,1.048498,1.0350446,1.0399616,1.0345237,1.0409812
2025-01-01 18:00:00,1.0056838,1.0212389,0.9941974,1.0165939,1.0181744,1.0287702,1.0238129,1.0392962,1.0495074,1.034298,1.0214399,1.0387113,1.0715479,1.060385,1.0265408,1.0464283,1.033855,1.046593,1.0298439,1.0379101,1.0298872,1.0391738
2025-01-01 18:01:00,1.0044348,1.0214658,0.9925518,1.0162771,1.0165555,1.0284208,1.0216136,1.0386013,1.0472313,1.0337471,1.0188997,1.037762,1.0698085,1.0602682,1.0236722,1.0452747,1.0311452,1.0453575,1.0264659,1.0365783,1.0268743,1.0379993
2025-01-01 18:02:00,1.003621,1.0216119,0.9914816,1.0160712,1.0155042,1.0281955,1.0201865,1.0381527,1.0457555,1.033393,1.0172529,1.0371497,1.0686826,1.0601969,1.021812,1.0445288,1.0293875,1.0445576,1.0242726,1.0357143,1.0249169,1.037236
2025-01-01 18:03:00,1.00309,1.0217056,0.9907854,1.0159377,1.014822,1.0280508,1.0192614,1.0378642,1.0447999,1.0331669,1.016187,1.036756,1.0679553,1.0601549,1.020607,1.044048,1.0282484,1.0440406,1.0228492,1.0351543,1.0236455,1.03674
2025-01-01 18:04:00,1.0027428,1.0217652,0.99033237,1.0158513,1.0143795,1.0279585,1.0186625,1.0376797,1.0441823,1.033024,1.0154984,1.0365047,1.0674871,1.0601321,1.0198281,1.0437394,1.0275116,1.0437075,1.0219263,1.034792,1.02282,1.0364176
2025-01-01 18:05:00,1.0025152,1.0218027,0.99003744,1.0157954,1.0140929,1.0279003,1.0182757,1.037563,1.0437845,1.032935,1.0150552,1.0363458,1.0671874,1.0601219,1.0193262,1.0435429,1.0270361,1.0434939,1.0213289,1.034558,1.0222842,1.0362082
2025-01-01 18:06:00,1.0023652,1.0218259,0.9898453,1.0157592,1.0139078,1.0278643,1.0180268,1.0374901,1.0435296,1.0328814,1.0147713,1.0362471,1.0669972,1.0601199,1.0190042,1.043419,1.0267307,1.043358,1.0209428,1.0344076,1.0219368,1.0360721
2025-01-01 18:07:00,1.0022658,1.0218397,0.98971987,1.0157361,1.0137885,1.0278428,1.0178676,1.0374459,1.0433675,1.0328506,1.0145913,1.0361875,1.0668782,1.060123,1.0187992,1.0433425,1.0265355,1.0432726,1.0206941,1.0343114,1.0217118,1.0359838
2025-01-01 18:08:00,1.0021993,1.0218475,0.989638,1.0157213,1.013712,1.0278306,1.0177666,1.0374204,1.0432658,1.0328346,1.0144786,1.0361532,1.0668054,1.0601294,1.0186701,1.0432966,1.026412,1.04322,1.0205348,1.0342504,1.0215664,1.0359263
2025-01-01 18:09:00,1.0021542,1.0218514,0.98958427,1.0157121,1.0136635,1.0278246,1.0177034,1.0374069,1.0432035,1.0328283,1.0144098,1.0361356,1.0667627,1.0601381,1.0185906,1.0432707,1.0263352,1.0431888,1.0204334,1.0342122,1.0214727,1.035889
2025-01-01 18:10:00,1.0021229,1.0218527,0.989549,1.0157067,1.0136331,1.0278225,1.017665,1.0374014,1.0431666,1.0328283,1.0143695,1.0361286,1.0667396,1.0601484,1.018543,1.0432577,1.0262889,1.0431714,1.0203698,1.0341891,1.0214125,1.0358648
2025-01-01 18:11:00,1.0021007,1.0218525,0.9895257,1.0157034,1.0136145,1.0278231,1.0176427,1.037401,1.0431464,1.0328324,1.0143477,1.0361288,1.0667291,1.0601593,1.0185164,1.0432532,1.0262622,1.0431628,1.0203307,1.0341754,1.0213741,1.035849
2025-01-01 18:12:00,1.0020844,1.0218513,0.9895102,1.0157018,1.0136037,1.0278255,1.0176307,1.037404,1.0431368,1.0328393,1.0143378,1.0361333,1.0667268,1.0601711,1.0185034,1.0432543,1.0262481,1.0431602,1.0203074,1.0341681,1.0213499,1.0358386
2025-01-01 18:13:00,1.0020719,1.0218493,0.9894998,1.0157012,1.0135978,1.0278289,1.0176256,1.037409,1.0431345,1.0328478,1.0143358,1.0361409,1.0667298,1.0601832,1.0184991,1.0432587,1.0262424,1.0431612,1.0202944,1.0341647,1.0213349,1.0358319
2025-01-01 18:14:00,1.0020621,1.0218469,0.9894927,1.0157012,1.0135952,1.0278331,1.0176249,1.0374155,1.0431366,1.0328574,1.014339,1.0361503,1.0667365,1.0601954,1.0185006,1.0432655,1.0262421,1.0431648,1.0202881,1.0341641,1.0213258,1.0358273
2025-01-01 18:15:00,1.0020539,1.0218444,0.98948777,1.0157018,1.0135949,1.0278378,1.017627,1.037423,1.0431417,1.0328679,1.0143454,1.0361611,1.0667454,1.0602078,1.0185058,1.0432738,1.0262454,1.0431699,1.0202862,1.034165,1.0213206,1.0358242
2025-01-01 18:16:00,1.0020467,1.0218416,0.9894843,1.0157026,1.0135958,1.0278428,1.0176312,1.0374312,1.0431489,1.0328789,1.014354,1.0361725,1.0667558,1.0602204,1.0185133,1.043283,1.0262507,1.043176,1.0202872,1.0341669,1.0213177,1.0358222
2025-01-01 18:17:00,1.0020403,1.0218389,0.98948187,1.0157037,1.0135977,1.0278481,1.0176364,1.0374398,1.0431572,1.0328901,1.014364,1.0361847,1.066767,1.060233,1.0185224,1.0432928,1.0262575,1.0431827,1.0202898,1.0341697,1.0213165,1.0358206
2025-01-01 18:18:00,1.0020344,1.021836,0.98948,1.0157049,1.0136003,1.0278536,1.0176426,1.0374486,1.0431664,1.0329015,1.014375,1.0361971,1.0667789,1.0602456,1.0185325,1.0433029,1.0262654,1.0431898,1.0202936,1.0341729,1.0213164,1.0358194
2025-01-01 18:19:00,1.0020287,1.0218332,0.9894786,1.0157063,1.0136033,1.0278592,1.0176494,1.0374577,1.0431763,1.0329132,1.0143865,1.0362097,1.0667913,1.0602584,1.0185432,1.0433134,1.0262737,1.043197,1.0202981,1.0341762,1.0213169,1.0358185
2025-01-01 18:20:00,1.0020235,1.0218303,0.98947746,1.0157077,1.0136065,1.0278649,1.0176566,1.0374669,1.0431864,1.032925,1.0143985,1.0362225,1.0668038,1.060271,1.0185544,1.0433239,1.0262825,1.0432045,1.0203031,1.0341798,1.0213178,1.0358176
2025-01-01 18:21:00,1.0020182,1.0218276,0.98947656,1.0157094,1.0136101,1.0278708,1.017664,1.0374762,1.0431968,1.0329368,1.0144107,1.0362355,1.0668166,1.0602838,1.0185659,1.0433345,1.0262915,1.043212,1.0203085,1.0341834,1.0213188,1.0358168
2025-01-01 18:22:00,1.0020132,1.0218248,0.98947585,1.0157111,1.0136137,1.0278767,1.0176715,1.0374856,1.0432075,1.0329487,1.0144231,1.0362483,1.0668293,1.0602964,1.0185775,1.0433452,1.0263005,1.0432198,1.0203139,1.0341871,1.0213201,1.0358161
2025-01-01 18:23:00,1.0020083,1.0218221,0.98947525,1.0157127,1.0136175,1.0278827,1.0176791,1.0374951,1.0432183,1.0329607,1.0144356,1.0362613,1.0668423,1.060309,1.0185891,1.043356,1.0263097,1.0432273,1.0203195,1.0341907,1.0213214,1.0358152
2025-01-01 18:24:00,1.0020036,1.0218195,0.9894747,1.0157145,1.0136214,1.0278888,1.0176868,1.0375047,1.0432291,1.0329727,1.0144482,1.0362744,1.0668552,1.0603217,1.0186008,1.0433667,1.0263189,1.043235,1.0203251,1.0341942,1.0213227,1.0358145
2025-01-01 18:25:00,1.0019988,1.021817,0.9894743,1.0157164,1.0136254,1.0278949,1.0176947,1.0375143,1.04324,1.0329847,1.0144608,1.0362874,1.0668683,1.0603343,1.0186126,1.0433774,1.0263281,1.0432426,1.0203307,1.0341978,1.0213242,1.0358138
2025-01-01 18:26:00,1.0019941,1.0218143,0.98947394,1.0157183,1.0136296,1.0279009,1.0177027,1.0375239,1.0432509,1.0329968,1.0144736,1.0363005,1.0668813,1.060347,1.0186244,1.0433881,1.0263374,1.0432502,1.0203362,1.0342014,1.0213255,1.035813
2025-01-01 18:27:00,1.0019895,1.021812,0.9894737,1.0157202,1.0136336,1.0279071,1.0177108,1.0375336,1.043262,1.0330088,1.0144863,1.0363137,1.0668944,1.0603596,1.0186362,1.0433989,1.0263467,1.0432577,1.0203418,1.0342048,1.0213268,1.035812
2025-01-01 18:28:00,1.001985,1.0218096,0.98947346,1.0157223,1.0136378,1.0279133,1.0177189,1.0375433,1.0432731,1.0330209,1.0144992,1.0363268,1.0669074,1.0603721,1.018648,1.0434095,1.0263559,1.0432652,1.0203472,1.0342083,1.0213281,1.0358111
2025-01-01 18:29:00,1.0019804,1.0218072,0.98947334,1.0157244,1.0136421,1.0279197,1.017727,1.0375531,1.0432842,1.033033,1.014512,1.0363398,1.0669204,1.0603848,1.0186598,1.0434201,1.0263649,1.0432726,1.0203528,1.0342118,1.0213293,1.03581
2025-01-01 18:30:00,0.99933803,1.0215605,0.986112,1.0145884,1.0103513,1.0268089,1.0134982,1.0358278,1.0390238,1.0316105,1.009824,1.0342534,1.0636847,1.0598161,1.0135767,1.0410922,1.0215635,1.0409197,1.0145551,1.0316677,1.0162145,1.0336386
2025-01-01 18:31:00,0.997619,1.0213996,0.9839271,1.0138507,1.0082138,1.0260891,1.0107522,1.0347098,1.0362586,1.0306901,1.0067815,1.0329018,1.0615861,1.0594509,1.0102768,1.0395826,1.0184457,1.0393927,1.0107884,1.0300151,1.0128902,1.0322268
2025-01-01 18:32:00,0.99650013,1.0212941,0.982507,1.0133721,1.006826,1.0256236,1.0089704,1.0339864,1.034465,1.030096,1.0048082,1.0320278,1.0602266,1.0592178,1.0081359,1.0386051,1.0164222,1.0384028,1.008342,1.0289422,1.0107297,1.0313087
2025-01-01 18:33:00,0.9957714,1.021225,0.98158395,1.0130618,1.0059257,1.0253234,1.0078151,1.03352,1.0333033,1.0297142,1.0035301,1.0314643,1.0593474,1.0590707,1.0067484,1.0379734,1.0151101,1.0377618,1.0067536,1.0282458,1.0093257,1.0307113
2025-01-01 18:34:00,0.9952963,1.0211793,0.9809841,1.012861,1.005342,1.0251304,1.0070672,1.0332202,1.032552,1.0294703,1.0027039,1.0311027,1.0587804,1.0589795,1.0058506,1.0375663,1.0142604,1.0373477,1.0057229,1.0277941,1.0084134,1.0303226
2025-01-01 18:35:00,0.99498606,1.0211489,0.9805943,1.0127314,1.0049642,1.0250075,1.0065839,1.0330288,1.0320675,1.0293162,1.0021714,1.0308721,1.0584165,1.0589244,1.0052711,1.0373054,1.0137111,1.037081,1.0050548,1.0275017,1.0078208,1.0300695
2025-01-01 18:36:00,0.9947829,1.0211287,0.9803411,1.012648,1.0047203,1.0249298,1.0062728,1.032908,1.0317568,1.0292202,1.0018297,1.0307269,1.0581844,1.0588931,1.0048984,1.0371394,1.0133572,1.0369102,1.0046223,1.0273125,1.0074357,1.0299044
2025-01-01 18:37:00,0.9946495,1.0211148,0.98017657,1.0125948,1.0045635,1.0248817,1.0060736,1.032833,1.0315586,1.0291622,1.0016122,1.0306371,1.0580381,1.058877,1.0046602,1.0370351,1.0131302,1.0368015,1.0043428,1.0271906,1.0071857,1.0297966
2025-01-01 18:38:00,0.9945615,1.0211052,0.9800698,1.0125611,1.0044631,1.0248529,1.0059471,1.0327878,1.0314339,1.0291287,1.0014752,1.0305833,1.0579476,1.0588709,1.0045093,1.0369709,1.0129856,1.0367332,1.0041629,1.0271122,1.0070233,1.0297259
2025-01-01 18:39:00,0.99450284,1.0210983,0.9800007,1.0125401,1.0043997,1.0248364,1.005868,1.032762,1.0313568,1.0291113,1.0013907,1.0305529,1.0578932,1.0588713,1.0044153,1.0369327,1.0128946,1.0366913,1.0040478,1.0270624,1.0069181,1.0296794
2025-01-01 18:40:00,0.99446344,1.0210932,0.9799559,1.0125275,1.0043602,1.0248283,1.0058196,1.0327488,1.0313108,1.0291044,1.0013403,1.0305378,1.0578624,1.0588758,1.0043583,1.0369115,1.0128386,1.0366664,1.0039744,1.027031,1.0068498,1.0296485
2025-01-01 18:41:00,0.9944365,1.0210894,0.979927,1.0125202,1.0043362,1.0248253,1.0057912,1.0327438,1.0312848,1.0291041,1.0013121,1.0305325,1.0578469,1.058883,1.004325,1.0369011,1.0128052,1.0366526,1.0039285,1.0270113,1.0068054,1.0296278
2025-01-01 18:42:00,0.9944177,1.0210863,0.97990847,1.0125166,1.0043224,1.0248259,1.0057758,1.0327442,1.0312719,1.0291083,1.0012983,1.0305337,1.0578413,1.058892,1.0043075,1.036898,1.0127864,1.0366459,1.0039003,1.0269996,1.0067768,1.0296136
2025-01-01 18:43:00,0.99440426,1.021084,0.9798967,1.0125153,1.0043153,1.0248288,1.0057688,1.0327481,1.0312678,1.0291154,1.0012939,1.030539,1.0578421,1.0589021,1.0043001,1.0368996,1.0127772,1.036644,1.0038836,1.0269928,1.0067582,1.0296038
2025-01-01 18:44:00,0.99439424,1.0210818,0.9798894,1.0125154,1.0043123,1.0248332,1.0057675,1.0327542,1.0312691,1.0291245,1.0012954,1.030547,1.0578474,1.058913,1.0042992,1.036904,1.0127741,1.0366449,1.0038744,1.0269892,1.0067463,1.0295967
2025-01-01 18:45:00,0.9943865,1.02108,0.9798849,1.0125166,1.0043123,1.0248384,1.0057696,1.0327618,1.0312738,1.0291346,1.0013012,1.0305568,1.0578551,1.0589244,1.0043025,1.0369103,1.0127751,1.0366479,1.00387,1.0269877,1.0067387,1.0295914
2025-01-01 18:46:00,0.99438024,1.0210785,0.97988236,1.0125185,1.0043141,1.0248445,1.0057741,1.0327704,1.0312812,1.0291456,1.0013094,1.0305678,1.0578645,1.0589361,1.0043087,1.0369179,1.0127786,1.0366521,1.0038687,1.0269876,1.0067338,1.0295871
2025-01-01 18:47:00,0.994375,1.0210769,0.97988105,1.0125209,1.0043172,1.024851,1.0057803,1.0327797,1.0312899,1.0291572,1.0013193,1.0305794,1.0578753,1.058948,1.0043166,1.0369264,1.0127838,1.0366571,1.0038694,1.0269883,1.0067306,1.0295837
2025-01-01 18:48:00,0.9943704,1.0210756,0.9798806,1.0125235,1.004321,1.0248576,1.0057875,1.0327895,1.0312997,1.0291691,1.0013303,1.0305917,1.0578867,1.05896,1.0043255,1.0369353,1.0127901,1.0366627,1.0038714,1.0269896,1.0067284,1.0295806
2025-01-01 18:49:00,0.9943662,1.0210742,0.97988063,1.0125264,1.0043254,1.0248646,1.0057954,1.0327995,1.0313102,1.0291811,1.0013419,1.0306042,1.0578988,1.058972,1.0043353,1.0369445,1.012797,1.0366684,1.0038742,1.0269911,1.0067271,1.0295779
2025-01-01 18:50:00,0.99436235,1.0210731,0.9798811,1.0125294,1.0043302,1.0248716,1.0058036,1.0328096,1.031321,1.0291934,1.0013541,1.030617,1.0579109,1.0589842,1.0043455,1.0369539,1.0128045,1.0366744,1.0038775,1.0269928,1.0067261,1.0295753
2025-01-01 18:51:00,0.9943588,1.0210719,0.9798818,1.0125326,1.0043352,1.0248789,1.0058122,1.03282,1.0313324,1.0292058,1.0013665,1.0306299,1.0579234,1.0589961,1.004356,1.0369635,1.012812,1.0366805,1.0038811,1.0269948,1.0067254,1.0295728
2025-01-01 18:52:00,0.9943553,1.021071,0.97988266,1.0125358,1.0043404,1.0248861,1.0058209,1.0328304,1.0313437,1.0292182,1.0013791,1.0306427,1.057936,1.0590082,1.0043669,1.0369731,1.0128199,1.0366867,1.003885,1.0269966,1.006725,1.0295703
2025-01-01 18:53:00,0.994352,1.0210699,0.97988373,1.0125393,1.0043458,1.0248936,1.0058298,1.0328408,1.0313553,1.0292307,1.0013919,1.0306557,1.0579486,1.0590204,1.0043777,1.0369828,1.0128278,1.0366927,1.003889,1.0269985,1.0067246,1.0295678
2025-01-01 18:54:00,0.99434876,1.0210689,0.9798849,1.0125427,1.0043513,1.024901,1.0058389,1.0328516,1.031367,1.0292432,1.0014048,1.0306687,1.0579612,1.0590324,1.0043886,1.0369923,1.0128357,1.0366988,1.0038929,1.0270004,1.0067242,1.0295653
2025-01-01 18:55:00,0.99434566,1.0210681,0.9798862,1.0125463,1.0043567,1.0249087,1.005848,1.0328622,1.0313786,1.0292559,1.0014178,1.0306818,1.0579739,1.0590445,1.0043995,1.037002,1.0128436,1.036705,1.0038968,1.0270025,1.0067239,1.0295628
2025-01-01 18:56:00,0.99434257,1.0210673,0.97988755,1.0125499,1.0043623,1.0249162,1.0058573,1.0328729,1.0313904,1.0292685,1.0014307,1.0306948,1.0579866,1.0590565,1.0044104,1.0370116,1.0128515,1.0367111,1.0039008,1.0270042,1.0067234,1.0295602
2025-01-01 18:57:00,0.9943396,1.0210665,0.97988904,1.0125536,1.0043681,1.0249238,1.0058666,1.0328836,1.0314023,1.0292811,1.0014437,1.030708,1.0579994,1.0590686,1.0044214,1.0370212,1.0128593,1.0367172,1.0039048,1.0270061,1.006723,1.0295577
2025-01-01 18:58:00,0.9943367,1.0210658,0.9798905,1.0125573,1.0043739,1.0249316,1.0058761,1.0328945,1.0314142,1.0292938,1.0014569,1.0307211,1.0580121,1.0590806,1.0044322,1.0370307,1.0128672,1.0367231,1.0039088,1.0270078,1.0067226,1.029555
2025-01-01 18:59:00,0.99433386,1.0210651,0.9798921,1.012561,1.0043797,1.0249393,1.0058855,1.0329053,1.0314261,1.0293064,1.0014699,1.0307341,1.0580248,1.0590925,1.0044432,1.0370402,1.0128751,1.0367291,1.0039127,1.0270096,1.0067221,1.0295522
2025-01-01 19:00:00,0.9910145,1.0202249,0.97576,1.0107965,1.0003492,1.023278,1.0008903,1.0305595,1.0264884,1.0273404,0.9960925,1.0280656,1.0542941,1.0581522,0.9987877,1.0342069,1.0075322,1.0339702,0.99762124,1.0240179,1.0012201,1.0270555
2025-01-01 19:01:00,0.98885596,1.0196787,0.97307473,1.009651,0.99773145,1.0222008,0.99764663,1.0290385,1.023283,1.0260669,0.99260175,1.0263356,1.0518734,1.0575452,0.9951154,1.0323685,1.004062,1.0321789,0.9935331,1.0220737,0.99764365,1.0254315
2025-01-01 19:02:00,0.98745203,1.0193235,0.97133,1.0089078,0.996032,1.0215036,0.9955417,1.0280536,1.0212036,1.0252436,0.9903374,1.0252156,1.0503045,1.0571548,0.99273217,1.0311769,1.001809,1.0310165,0.99087703,1.0208106,0.99531865,1.024375
2025-01-01 19:03:00,0.9865385,1.0190924,0.9701966,1.0084262,0.9949295,1.0210532,0.9941768,1.0274174,1.0198563,1.0247129,0.98887014,1.0244921,1.0492891,1.0569052,0.9911868,1.0304055,1.0003473,1.0302628,0.9891519,1.0199901,0.9938071,1.0236872
2025-01-01 19:04:00,0.985944,1.0189422,0.96946055,1.0081145,0.9942151,1.0207633,0.99329305,1.0270077,1.0189848,1.0243723,0.98792094,1.0240266,1.0486335,1.056747,0.9901861,1.0299075,0.9993997,1.029775,0.9880318,1.0194572,0.99282426,1.0232389
2025-01-01 19:05:00,0.98555666,1.0188446,0.9689828,1.0079135,0.99375284,1.0205775,0.992722,1.0267453,1.0184226,1.0241555,0.98730856,1.0237285,1.0482118,1.0566483,0.9895393,1.0295868,0.9987864,1.0294598,0.98730487,1.0191113,0.9921851,1.0229466
2025-01-01 19:06:00,0.9853041,1.0187811,0.96867305,1.0077841,0.99345464,1.0204597,0.99235415,1.0265785,1.0180614,1.024019,0.9869151,1.0235393,1.0479422,1.0565883,0.9891226,1.0293816,0.9983904,1.0292569,0.9868336,1.0188868,0.9917693,1.0227554
2025-01-01 19:07:00,0.9851391,1.0187397,0.9684724,1.0077018,0.99326295,1.020386,0.9921186,1.0264741,1.0178308,1.0239348,0.986664,1.0234209,1.0477711,1.0565534,0.9888555,1.0292515,0.99813557,1.029127,0.9865284,1.0187414,0.9914986,1.02263
2025-01-01 19:08:00,0.98503107,1.0187128,0.9683428,1.0076497,0.99314064,1.0203409,0.99196887,1.0264101,1.0176853,1.0238845,0.9865053,1.0233485,1.0476644,1.0565349,0.98868555,1.0291699,0.9979724,1.0290444,0.9863312,1.0186472,0.9913223,1.0225472
2025-01-01 19:09:00,0.98496,1.0186952,0.96825933,1.0076174,0.9930634,1.0203146,0.99187505,1.0263726,1.0175948,1.0238563,0.98640674,1.0233059,1.0475994,1.0565268,0.98857874,1.0291202,0.997869,1.0289924,0.9862042,1.0185863,0.99120724,1.0224924
2025-01-01 19:10:00,0.9849132,1.0186839,0.96820587,1.0075979,0.9930154,1.0203003,0.99181753,1.0263519,1.0175403,1.0238426,0.98634726,1.0232828,1.0475615,1.0565257,0.988513,1.029091,0.9978043,1.0289607,0.9861227,1.0185472,0.991132,1.0224555
2025-01-01 19:11:00,0.98488194,1.0186765,0.96817195,1.0075868,0.9929865,1.020294,0.99178356,1.0263425,1.0175093,1.023838,0.9863132,1.0232723,1.0475413,1.056529,0.9884739,1.029075,0.99776477,1.0289418,0.9860709,1.0185219,0.9910827,1.0224302
2025-01-01 19:12:00,0.984861,1.0186719,0.9681508,1.0075812,0.99297,1.0202928,0.99176496,1.0263402,1.0174934,1.0238396,0.9862956,1.02327,1.0475324,1.0565354,0.98845214,1.029068,0.9977415,1.0289314,0.9860382,1.0185058,0.9910502,1.0224125
2025-01-01 19:13:00,0.98484665,1.018669,0.9681378,1.0075792,0.99296165,1.0202949,0.99175644,1.0263427,1.0174873,1.0238452,0.9862888,1.0232731,1.047531,1.0565434,0.98844165,1.0290664,0.99772894,1.0289263,0.98601806,1.0184957,0.99102855,1.0223999
2025-01-01 19:14:00,0.98483664,1.0186671,0.9681303,1.0075794,0.9929585,1.0202993,0.9917544,1.0263484,1.0174875,1.0238533,0.98628896,1.0232797,1.0475346,1.0565528,0.98843837,1.0290685,0.9977232,1.0289248,0.98600596,1.0184894,0.99101394,1.0223904
2025-01-01 19:15:00,0.9848295,1.0186661,0.9681263,1.0075814,0.99295884,1.0203052,0.9917566,1.026356,1.017492,1.0238631,0.9862937,1.0232884,1.0475411,1.0565628,0.9884399,1.0290729,0.9977219,1.0289257,0.9859991,1.0184855,0.99100393,1.0223829
2025-01-01 19:16:00,0.9848243,1.0186656,0.9681247,1.0075842,0.9929614,1.020312,0.9917616,1.0263649,1.0174993,1.0238739,0.9863013,1.0232986,1.0475498,1.0565734,0.98844445,1.0290787,0.9977236,1.0289279,0.9859957,1.0184832,0.99099684,1.0223767
2025-01-01 19:17:00,0.98482025,1.0186653,0.96812457,1.0075878,0.9929655,1.0203193,0.99176836,1.0263747,1.0175085,1.0238855,0.98631084,1.0233098,1.0475597,1.0565842,0.988451,1.0290856,0.99772704,1.0289311,0.9859944,1.018482,0.9909917,1.0223713
2025-01-01 19:18:00,0.984817,1.0186654,0.9681254,1.0075918,0.9929705,1.0203272,0.99177635,1.0263852,1.0175186,1.0238975,0.9863216,1.0233216,1.0475706,1.0565954,0.9884588,1.0290931,0.9977317,1.028935,0.9859946,1.0184813,0.9909877,1.0223664
2025-01-01 19:19:00,0.9848144,1.0186657,0.96812695,1.0075963,0.99297625,1.0203354,0.99178517,1.0263959,1.0175295,1.0239098,0.9863332,1.0233339,1.0475818,1.0566067,0.98846745,1.029101,0.9977371,1.028939,0.9859956,1.018481,0.9909845,1.0223619
2025-01-01 19:20:00,0.98481214,1.0186661,0.968129,1.0076008,0.9929824,1.0203438,0.99179447,1.026407,1.017541,1.0239224,0.98634535,1.0233463,1.0475935,1.0566179,0.98847663,1.0291091,0.997743,1.0289434,0.9859972,1.0184809,0.9909818,1.0223576
2025-01-01 19:21:00,0.9848101,1.0186666,0.9681313,1.0076054,0.9929889,1.0203524,0.9918041,1.0264182,1.0175529,1.0239351,0.9863578,1.0233588,1.0476055,1.0566291,0.9884861,1.0291173,0.99774915,1.0289478,0.9859991,1.018481,0.99097943,1.0223534
2025-01-01 19:22:00,0.9848083,1.0186673,0.96813387,1.0076103,0.9929955,1.020361,0.99181396,1.0264295,1.0175649,1.023948,0.9863705,1.0233715,1.0476176,1.0566404,0.9884958,1.0291257,0.99775547,1.0289524,0.98600125,1.0184813,0.99097717,1.0223491
2025-01-01 19:23:00,0.9848066,1.018668,0.9681366,1.0076152,0.9930023,1.0203696,0.99182403,1.0264409,1.017577,1.0239607,0.9863833,1.0233842,1.0476296,1.0566517,0.9885056,1.029134,0.99776185,1.0289569,0.9860035,1.0184815,0.990975,1.022345
2025-01-01 19:24:00,0.98480505,1.0186688,0.96813947,1.0076203,0.99300927,1.0203785,0.9918342,1.0264523,1.0175894,1.0239737,0.98639625,1.0233971,1.0476418,1.056663,0.98851544,1.0291425,0.99776834,1.0289614,0.98600584,1.0184816,0.9909729,1.0223408
2025-01-01 19:25:00,0.9848036,1.0186696,0.9681424,1.0076255,0.9930163,1.0203873,0.9918445,1.026464,1.0176017,1.0239867,0.98640925,1.0234098,1.0476539,1.0566742,0.98852533,1.0291508,0.99777484,1.0289661,0.98600817,1.0184819,0.9909708,1.0223366
2025-01-01 19:26:00,0.98480225,1.0186706,0.96814543,1.0076307,0.99302346,1.0203962,0.99185485,1.0264755,1.0176141,1.0239997,0.9864223,1.0234227,1.0476661,1.0566856,0.9885352,1.0291592,0.9977813,1.0289706,0.98601043,1.018482,0.9909687,1.0223324
2025-01-01 19:27:00,0.98480093,1.0186715,0.9681485,1.007636,0.9930306,1.0204052,0.9918652,1.0264872,1.0176266,1.0240127,0.98643535,1.0234356,1.0476784,1.0566968,0.9885451,1.0291675,0.9977877,1.028975,0.9860127,1.0184821,0.9909665,1.0223281
2025-01-01 19:28:00,0.98479974,1.0186725,0.96815175,1.0076413,0.9930379,1.0204142,0.9918757,1.0264988,1.0176392,1.0240257,0.9864484,1.0234485,1.0476905,1.056708,0.9885549,1.0291759,0.9977942,1.0289794,0.9860149,1.0184822,0.99096435,1.0223238
2025-01-01 19:29:00,0.9847986,1.0186735,0.968155,1.0076467,0.99304515,1.0204233,0.9918862,1.0265105,1.0176516,1.0240387,0.9864615,1.0234612,1.0477027,1.0567192,0.9885647,1.0291841,0.9978006,1.0289838,0.9860171,1.0184822,0.99096215,1.0223194
2025-01-01 19:30:00,0.9808616,1.017255,0.96332604,1.0052857,0.9883466,1.0182409,0.98621386,1.0235856,1.0121248,1.0215641,0.9804905,1.0202587,1.0435432,1.0554236,0.98243785,1.0258955,0.99201155,1.0258682,0.9793443,1.0150968,0.9851715,1.0195417
2025-01-01 19:31:00,0.97830224,1.0163333,0.96018845,1.0037531,0.98529524,1.0168256,0.9825305,1.0216883,1.0085367,1.0199602,0.9766139,1.0181816,1.0408438,1.0545853,0.97845876,1.0237607,0.9882508,1.0238445,0.9750078,1.0128963,0.9814067,1.0177348
2025-01-01 19:32:00,0.9766383,1.0157347,0.9581502,1.0027587,0.98331445,1.0159088,0.98014003,1.0204594,1.0062088,1.0189222,0.9740987,1.0168358,1.0390934,1.0540444,0.9758757,1.022376,0.9858085,1.0225304,0.97218966,1.0114659,0.97895867,1.0165585
2025-01-01 19:33:00,0.9755565,1.015346,0.9568266,1.0021145,0.9820296,1.0153164,0.97859,1.0196646,1.0047002,1.0182521,0.9724683,1.0159656,1.0379599,1.0536966,0.97420007,1.0214787,0.9842231,1.0216779,0.9703586,1.010536,0.97736657,1.0157923
2025-01-01 19:34:00,0.9748531,1.0150939,0.95596755,1.0016978,0.9811971,1.0149343,0.9775863,1.0191523,1.003724,1.0178211,0.97141325,1.0154043,1.0372274,1.0534743,0.9731143,1.0208981,0.98319477,1.0211251,0.96916896,1.0099314,0.9763308,1.0152925
2025-01-01 19:35:00,0.9743956,1.0149306,0.9554105,1.001429,0.9806587,1.0146893,0.9769376,1.0188234,1.003094,1.0175455,0.97073203,1.0150441,1.0367554,1.0533338,0.97241193,1.0205235,0.98252845,1.0207671,0.96839637,1.0095383,0.9756566,1.0149661
2025-01-01 19:36:00,0.97409797,1.014825,0.9550497,1.0012562,0.9803114,1.0145334,0.97651976,1.0186138,1.0026888,1.0173709,0.97029376,1.0148144,1.0364528,1.0532461,0.97195864,1.0202827,0.9820974,1.0205357,0.96789473,1.0092825,0.97521746,1.0147521
2025-01-01 19:37:00,0.9739044,1.0147569,0.9548165,1.001146,0.9800884,1.0144354,0.97625196,1.0184817,1.0024298,1.017262,0.97001344,1.0146694,1.0362602,1.0531931,0.97166735,1.0201291,0.9818193,1.0203867,0.9675693,1.0091162,0.974931,1.0146115
2025-01-01 19:38:00,0.9737783,1.0147133,0.9546663,1.0010763,0.97994614,1.014375,0.97608167,1.0184001,1.002266,1.0171958,0.9698358,1.0145797,1.0361394,1.0531623,0.9714813,1.0200318,0.9816405,1.0202912,0.9673583,1.0090077,0.97474384,1.0145183
2025-01-01 19:39:00,0.9736962,1.0146855,0.95457006,1.0010333,0.9798565,1.014339,0.9759748,1.0183512,1.0021641,1.0171573,0.96972495,1.0145257,1.0360649,1.0531461,0.9713636,1.0199714,0.9815264,1.0202304,0.96722174,1.008937,0.97462124,1.0144559
2025-01-01 19:40:00,0.97364265,1.0146681,0.95450884,1.0010073,0.97980094,1.0143191,0.97590923,1.0183235,1.0021021,1.0171369,0.9696574,1.0144951,1.0360206,1.0531393,0.9712904,1.0199348,0.9814542,1.0201921,0.96713346,1.0088909,0.9745404,1.0144136
2025-01-01 19:41:00,0.9736077,1.0146575,0.9544705,1.0009927,0.9797676,1.0143094,0.97587043,1.0183098,1.0020664,1.0171282,0.9696181,1.0144796,1.0359961,1.0531387,0.9712461,1.0199136,0.98140925,1.0201687,0.9670766,1.0088606,0.9744869,1.0143843
2025-01-01 19:42:00,0.9735849,1.0146512,0.95444703,1.0009851,0.9797488,1.0143064,0.97584903,1.0183051,1.0020477,1.0171272,0.9695971,1.014474,1.0359842,1.0531421,0.97122055,1.0199025,0.9813821,1.0201545,0.9670401,1.0088406,0.974451,1.0143635
2025-01-01 19:43:00,0.97357,1.0146478,0.95443314,1.0009824,0.9797393,1.014308,0.975839,1.0183063,1.0020398,1.0171311,0.96958804,1.0144747,1.0359805,1.0531479,0.9712072,1.0198979,0.98136634,1.0201466,0.9670168,1.0088272,0.9744266,1.0143481
2025-01-01 19:44:00,0.9735602,1.0146463,0.95442563,1.0009829,0.97973603,1.0143124,0.9758364,1.0183113,1.0020392,1.0171382,0.96958673,1.0144796,1.0359824,1.0531555,0.9712017,1.0198977,0.98135805,1.0201426,0.96700215,1.0088183,0.9744097,1.0143362
2025-01-01 19:45:00,0.97355384,1.014646,0.9544222,1.0009854,0.97973675,1.0143186,0.97583854,1.0183189,1.0020434,1.0171473,0.96959037,1.0144871,1.0359876,1.0531641,0.97120136,1.0199001,0.98135453,1.0201412,0.96699303,1.0088122,0.97439754,1.0143268
2025-01-01 19:46:00,0.97354966,1.0146466,0.9544215,1.0009892,0.9797401,1.014326,0.9758438,1.018328,1.0020506,1.0171579,0.96959734,1.0144966,1.0359951,1.0531734,0.9712043,1.0199041,0.9813542,1.0201416,0.9669875,1.0088077,0.9743884,1.0143186
2025-01-01 19:47:00,0.973547,1.0146477,0.95442253,1.000994,0.9797451,1.0143343,0.9758512,1.0183382,1.0020597,1.0171694,0.9696064,1.0145069,1.0360042,1.0531832,0.97120935,1.0199093,0.98135585,1.0201429,0.9669843,1.0088044,0.9743814,1.0143116
2025-01-01 19:48:00,0.97354525,1.0146493,0.95442474,1.0009993,0.9797513,1.0143433,0.9758599,1.018349,1.0020701,1.0171814,0.96961683,1.0145181,1.0360141,1.0531932,0.97121584,1.0199152,0.98135877,1.0201449,0.9669826,1.0088019,0.9743756,1.0143049
2025-01-01 19:49:00,0.97354406,1.0146512,0.9544278,1.0010049,0.9797582,1.0143524,0.9758694,1.0183604,1.0020814,1.0171938,0.96962816,1.0145297,1.0360246,1.0532033,0.9712231,1.0199217,0.9813625,1.0201473,0.9669818,1.0087998,0.97437066,1.0142987
2025-01-01 19:50:00,0.9735434,1.0146532,0.9544313,1.0010109,0.97976565,1.014362,0.9758796,1.0183719,1.0020932,1.0172063,0.9696401,1.0145417,1.0360355,1.0532136,0.97123104,1.0199283,0.9813668,1.0201501,0.96698165,1.008798,0.97436625,1.0142927
2025-01-01 19:51:00,0.97354305,1.0146554,0.9544352,1.0010172,0.9797734,1.0143716,0.97589016,1.0183837,1.0021054,1.0172192,0.96965235,1.0145538,1.0360467,1.053224,0.97123927,1.0199351,0.9813714,1.0201528,0.9669818,1.0087962,0.97436213,1.0142868
2025-01-01 19:52:00,0.97354287,1.0146576,0.9544394,1.0010237,0.97978145,1.0143815,0.975901,1.0183958,1.0021178,1.0172322,0.9696649,1.0145661,1.0360581,1.0532343,0.97124773,1.019942,0.98137623,1.0201557,0.9669822,1.0087947,0.9743582,1.014281
2025-01-01 19:53:00,0.9735429,1.0146599,0.95444375,1.0010301,0.9797896,1.0143913,0.975912,1.018408,1.0021304,1.0172452,0.96967757,1.0145785,1.0360694,1.0532446,0.9712563,1.0199491,0.9813811,1.0201586,0.9669827,1.0087932,0.9743543,1.0142752
2025-01-01 19:54:00,0.9735431,1.0146624,0.95444816,1.0010365,0.97979784,1.0144012,0.9759231,1.0184201,1.0021431,1.0172582,0.9696903,1.0145907,1.0360808,1.053255,0.971265,1.0199561,0.981386,1.0201615,0.96698326,1.0087917,0.9743505,1.0142694
2025-01-01 19:55:00,0.97354335,1.014665,0.95445275,1.0010433,0.97980624,1.0144113,0.9759343,1.0184324,1.0021559,1.0172713,0.9697032,1.014603,1.0360923,1.0532652,0.97127366,1.019963,0.98139095,1.0201644,0.9669839,1.00879,0.97434676,1.0142636
2025-01-01 19:56:00,0.9735437,1.0146675,0.9544574,1.00105,0.9798147,1.0144215,0.9759456,1.0184447,1.0021687,1.0172844,0.969716,1.0146154,1.0361037,1.0532755,0.97128236,1.0199699,0.9813959,1.0201672,0.9669845,1.0087886,0.97434294,1.0142579
2025-01-01 19:57:00,0.97354406,1.0146703,0.9544622,1.0010568,0.97982323,1.0144316,0.975957,1.0184569,1.0021815,1.0172975,0.96972895,1.0146278,1.0361152,1.0532857,0.97129107,1.0199769,0.9814008,1.0201701,0.9669851,1.0087869,0.9743391,1.0142521
2025-01-01 19:58:00,0.9735446,1.0146729,0.954467,1.0010636,0.9798319,1.0144417,0.97596836,1.0184693,1.0021945,1.0173106,0.96974176,1.0146402,1.0361267,1.053296,0.97129965,1.0199838,0.9814057,1.0201728,0.9669856,1.0087852,0.97433525,1.0142461
2025-01-01 19:59:00,0.97354513,1.0146757,0.9544719,1.0010705,0.9798406,1.014452,0.9759798,1.0184817,1.0022074,1.0173237,0.9697547,1.0146526,1.0361382,1.0533062,0.9713083,1.0199907,0.9814105,1.0201756,0.9669861,1.0087836,0.9743314,1.0142401
2025-01-01 20:00:00,0.96906006,1.0127037,0.9490316,0.99815464,0.97455734,1.0117869,0.9697307,1.0150298,0.9961893,1.0143846,0.963296,1.0109723,1.0316238,1.0516785,0.9648185,1.0163058,0.9752779,1.0167584,0.96005017,1.005064,0.96835446,1.0112313
2025-01-01 20:01:00,0.96614504,1.0114229,0.94549716,0.9962618,0.9711263,1.0100584,0.96567285,1.0127903,0.99228203,1.0124787,0.9591023,1.0085843,1.0286936,1.0506239,0.9606031,1.0139129,0.97129333,1.0145382,0.9555419,1.0026456,0.96446794,1.0092734
2025-01-01 20:02:00,0.9642506,1.0105915,0.9432016,0.9950339,0.9688992,1.0089384,0.96303934,1.0113391,0.98974687,1.0112445,0.9563809,1.0070363,1.0267929,1.049942,0.957866,1.0123599,0.968705,1.0130959,0.9526116,1.001073,0.9619403,1.0079986
2025-01-01 20:03:00,0.96301955,1.0100521,0.94171125,0.9942383,0.96745473,1.0082141,0.9613316,1.0104,0.98810357,1.0104469,0.9546165,1.0060345,1.0255612,1.0495023,0.95608985,1.0113528,0.96702415,1.0121592,0.95070696,1.0000501,0.9602959,1.0071677
2025-01-01 20:04:00,0.96221966,1.0097027,0.9407444,0.9937237,0.96651894,1.0077469,0.96022564,1.0097941,0.9870399,1.009933,0.9534741,1.0053877,1.0247647,1.04922,0.9549383,1.0107003,0.9659331,1.0115513,0.94946903,0.9993844,0.95922554,1.0066255
2025-01-01 20:05:00,0.9617001,1.0094767,0.9401178,0.99339175,0.96591383,1.007447,0.95951086,1.0094045,0.98635316,1.0096036,0.9527361,1.0049715,1.0242509,1.0490398,0.9541927,1.0102786,0.9652255,1.0111569,0.94866437,0.99895096,0.9585283,1.0062709
2025-01-01 20:06:00,0.9613627,1.0093307,0.9397124,0.99317855,0.96552366,1.0072556,0.9590503,1.0091558,0.9859113,1.0093939,0.9522608,1.0047052,1.0239208,1.0489262,0.95371085,1.0100067,0.9647671,1.0109012,0.94814134,0.9986685,0.95807356,1.0060381
2025-01-01 20:07:00,0.96114385,1.0092372,0.9394508,0.9930425,0.9652733,1.0071349,0.9587551,1.0089984,0.9856286,1.0092623,0.9519564,1.0045363,1.0237101,1.0488558,0.9534006,1.0098321,0.9644707,1.0107359,0.94780135,0.9984841,0.95777637,1.0058845
2025-01-01 20:08:00,0.961002,1.0091774,0.93928266,0.99295664,0.96511376,1.0070603,0.95856726,1.0089005,0.98544943,1.0091814,0.951763,1.0044308,1.023577,1.0488135,0.95320183,1.0097208,0.9642795,1.0106292,0.9475803,0.9983633,0.9575817,1.0057824
2025-01-01 20:09:00,0.9609102,1.0091399,0.9391753,0.9929035,0.9650132,1.0070153,0.9584493,1.0088413,0.9853375,1.0091333,0.95164174,1.0043664,1.0234945,1.0487893,0.9530754,1.0096508,0.9641566,1.0105605,0.9474366,0.99828404,0.95745355,1.0057137
2025-01-01 20:10:00,0.960851,1.0091168,0.9391075,0.9928715,0.9649511,1.00699,0.95837677,1.0088073,0.9852693,1.0091066,0.9515674,1.0043288,1.0234447,1.048777,0.9529961,1.0096073,0.9640783,1.0105165,0.94734305,0.99823165,0.9573687,1.0056667
2025-01-01 20:11:00,0.96081305,1.0091028,0.93906534,0.9928534,0.96491396,1.0069772,0.95833373,1.0087895,0.98522955,1.0090939,0.95152354,1.0043086,1.0234162,1.0487725,0.9529473,1.0095813,0.9640288,1.0104887,0.9472822,0.9981967,0.95731187,1.005634
2025-01-01 20:12:00,0.96078885,1.0090952,0.93903995,0.9928443,0.9648931,1.0069726,0.95830995,1.0087825,0.98520833,1.0090902,0.9514995,1.0042998,1.0234015,1.0487728,0.9529184,1.0095665,0.963998,1.0104712,0.94724256,0.9981731,0.9572733,1.0056103
2025-01-01 20:13:00,0.96077365,1.0090914,0.9390254,0.99284106,0.9648828,1.0069734,0.95829856,1.0087824,0.98519903,1.0090923,0.9514884,1.0042982,1.0233958,1.0487764,0.9529024,1.009559,0.9639795,1.0104605,0.94721663,0.9981569,0.95724654,1.0055926
2025-01-01 20:14:00,0.9607642,1.0090903,0.9390181,0.9928416,0.96487933,1.0069777,0.9582954,1.0087867,0.9851976,1.0090984,0.9514856,1.0043013,1.0233959,1.0487821,0.95289475,1.0095562,0.96396875,1.0104542,0.9471996,0.9981454,0.95722747,1.0055786
2025-01-01 20:15:00,0.9607587,1.0090908,0.93901527,0.9928447,0.9648804,1.0069842,0.95829755,1.008794,0.98520124,1.0091069,0.9514882,1.0043076,1.0233998,1.0487891,0.95289254,1.0095565,0.96396315,1.0104506,0.9471883,0.998137,0.9572134,1.0055672
2025-01-01 20:16:00,0.9607557,1.0090925,0.9390155,0.9928494,0.9648844,1.0069923,0.95830303,1.008803,0.98520815,1.0091169,0.95149434,1.0043159,1.0234061,1.048797,0.9528938,1.0095587,0.9639608,1.0104489,0.9471808,0.99813056,0.95720255,1.0055573
2025-01-01 20:17:00,0.9607543,1.009095,0.9390178,0.9928552,0.96489036,1.0070014,0.95831084,1.0088134,0.9852172,1.0091281,0.95150274,1.0043254,1.023414,1.0488055,0.95289737,1.0095623,0.96396065,1.0104485,0.94717574,0.9981254,0.95719373,1.0055486
2025-01-01 20:18:00,0.96075404,1.0090979,0.9390213,0.99286175,0.9648975,1.0070112,0.9583201,1.0088245,0.9852277,1.0091398,0.95151263,1.0043358,1.023423,1.0488142,0.9529023,1.0095667,0.96396184,1.0104485,0.94717216,0.998121,0.9571863,1.0055404
2025-01-01 20:19:00,0.9607545,1.0091013,0.9390257,0.9928687,0.96490556,1.0070213,0.95833033,1.0088363,0.9852391,1.009152,0.9515235,1.0043466,1.0234325,1.0488231,0.9529083,1.0095714,0.9639639,1.0104492,0.9471696,0.9981171,0.95717967,1.0055326
2025-01-01 20:20:00,0.9607554,1.0091047,0.9390307,0.99287605,0.9649141,1.0070318,0.9583412,1.0088484,0.985251,1.0091645,0.9515349,1.0043578,1.0234424,1.0488323,0.9529148,1.0095764,0.9639665,1.0104501,0.9471677,0.9981135,0.9571736,1.005525
2025-01-01 20:21:00,0.96075666,1.0091085,0.93903613,0.9928836,0.9649231,1.0070423,0.95835245,1.0088607,0.9852634,1.0091772,0.95154685,1.0043693,1.0234526,1.0488414,0.9529217,1.0095817,0.9639694,1.0104511,0.9471661,0.9981102,0.95716774,1.0055176
2025-01-01 20:22:00,0.9607582,1.0091125,0.9390418,0.99289143,0.9649323,1.0070531,0.958364,1.0088732,0.985276,1.00919,0.951559,1.004381,1.023463,1.0488505,0.9529288,1.0095872,0.96397257,1.0104523,0.9471648,0.99810684,0.95716214,1.0055103
2025-01-01 20:23:00,0.96075994,1.0091164,0.93904763,0.9928993,0.9649416,1.007064,0.95837575,1.0088857,0.98528874,1.009203,0.9515713,1.0043925,1.0234734,1.0488597,0.952936,1.0095927,0.9639758,1.0104535,0.9471635,0.9981036,0.9571567,1.005503
2025-01-01 20:24:00,0.9607618,1.0091206,0.93905365,0.9929072,0.96495116,1.007075,0.9583876,1.0088984,0.9853017,1.0092158,0.9515836,1.0044042,1.023484,1.0488689,0.95294327,1.0095981,0.9639791,1.0104547,0.9471624,0.9981004,0.9571513,1.0054957
2025-01-01 20:25:00,0.96076375,1.0091248,0.9390598,0.9929153,0.96496075,1.0070859,0.95839965,1.008911,0.98531467,1.0092288,0.9515961,1.0044158,1.0234945,1.0488781,0.9529506,1.0096035,0.96398246,1.0104558,0.94716126,0.9980971,0.95714587,1.0054885
2025-01-01 20:26:00,0.9607658,1.009129,0.939066,0.9929234,0.96497047,1.0070971,0.95841163,1.0089239,0.98532766,1.0092418,0.9516086,1.0044276,1.0235051,1.0488873,0.9529579,1.009609,0.96398574,1.010457,0.9471602,0.99809384,0.9571405,1.0054812
2025-01-01 20:27:00,0.96076787,1.0091333,0.93907225,0.99293154,0.9649802,1.0071082,0.95842373,1.0089366,0.9853407,1.0092548,0.95162106,1.0044392,1.0235156,1.0488963,0.95296526,1.0096145,0.963989,1.0104581,0.94715905,0.9980905,0.957135,1.0054739
2025-01-01 20:28:00,0.9607701,1.0091377,0.9390787,0.99293983,0.9649901,1.0071194,0.95843583,1.0089495,0.98535377,1.0092678,0.9516336,1.0044509,1.0235262,1.0489054,0.95297253,1.0096198,0.96399224,1.0104592,0.9471578,0.99808717,0.95712954,1.0054665
2025-01-01 20:29:00,0.96077234,1.0091422,0.9390851,0.9929481,0.9649999,1.0071306,0.958448,1.0089623,0.9853669,1.0092808,0.9516461,1.0044626,1.0235367,1.0489143,0.9529798,1.0096252,0.96399546,1.0104603,0.9471566,0.9980838,0.95712405,1.0054591
2025-01-01 20:30:00,0.9558204,1.0066524,0.93313175,0.98952997,0.9592275,1.0040318,0.9517352,1.0050454,0.9789663,1.0059302,0.94481623,1.0003713,1.0187491,1.0469844,0.94624436,1.00561,0.9576301,1.0068034,0.9400829,0.9940976,0.95106894,1.0022728
2025-01-01 20:31:00,0.9526025,1.0050356,0.9292643,0.9873111,0.95547897,1.0020214,0.9473762,1.002504,0.97481054,1.0037568,0.9403812,0.99771607,1.015641,1.0457331,0.9418688,1.0030018,0.95349365,1.0044266,0.93548447,0.99150527,0.94713116,1.0001992
2025-01-01 20:32:00,0.95051175,1.0039865,0.92675287,0.9858719,0.9530459,1.0007188,0.9445472,1.0008566,0.9721139,1.0023487,0.9375028,0.99599415,1.0136242,1.0449227,0.93902713,1.0013083,0.95080596,1.0028821,0.932495,0.989819,0.9445696,0.9988486
2025-01-01 20:33:00,0.94915366,1.003306,0.92512274,0.98493934,0.95146793,0.99987596,0.94271255,0.99979025,0.9703657,1.0014379,0.9356361,0.99487895,1.012317,1.044399,0.9371824,1.0002093,0.94906,1.0018784,0.9305513,0.98872167,0.9429025,0.9979681
2025-01-01 20:34:00,0.9482719,1.0028657,0.9240656,0.98433626,0.95044583,0.9993322,0.94152445,0.99910164,0.96923393,1.0008503,0.9344272,0.99415815,1.0114707,1.0440617,0.93598586,0.9994967,0.9479261,1.0012261,0.9292873,0.988007,0.9418169,0.99739295
2025-01-01 20:35:00,0.94769967,1.0025809,0.92338085,0.9839472,0.94978505,0.99898267,0.94075644,0.9986586,0.9685029,1.000473,0.93364567,0.9936936,1.0109243,1.0438455,0.93521047,0.99903524,0.94719005,1.0008024,0.9284651,0.9875412,0.9411092,0.99701643
2025-01-01 20:36:00,0.9473286,1.0023977,0.92293817,0.9836975,0.94935906,0.9987595,0.94026154,0.9983751,0.9680323,1.0002322,0.933142,0.9933956,1.0105727,1.043708,0.9347089,0.998737,0.9467126,1.0005271,0.9279301,0.98723704,0.94064707,0.99676895
2025-01-01 20:37:00,0.9470885,1.0022801,0.9226528,0.9835381,0.9490858,0.9986184,0.9399442,0.9981954,0.96773094,1.0000803,0.93281895,0.99320596,1.0103476,1.0436215,0.93438524,0.99854475,0.94640315,1.0003483,0.9275817,0.98703796,0.9403446,0.99660534
2025-01-01 20:38:00,0.9469334,1.0022056,0.9224698,0.9834376,0.9489117,0.99853086,0.9397423,0.9980831,0.96753967,0.99998605,0.93261325,0.99308664,1.0102049,1.0435685,0.9341772,0.9984215,0.946203,1.0002323,0.92735463,0.9869072,0.94014585,0.99649626
2025-01-01 20:39:00,0.9468336,1.002159,0.92235327,0.9833753,0.94880223,0.99847794,0.9396154,0.9980147,0.96742,0.9999293,0.93248385,0.9930131,1.0101157,1.0435369,0.93404436,0.99834305,0.9460737,1.000157,0.9272064,0.9868207,0.9400146,0.99642247
2025-01-01 20:40:00,0.9467698,1.0021304,0.92228,0.98333794,0.94873464,0.9984476,0.9395373,0.9979747,0.96734667,0.9998969,0.9324041,0.99296916,1.0100611,1.0435193,0.9339603,0.99829364,0.94599056,1.0001082,0.9271094,0.9867631,0.9399271,0.99637175
2025-01-01 20:41:00,0.9467294,1.0021136,0.9222349,0.9833168,0.9486944,0.9984319,0.93949085,0.99795324,0.96730363,0.9998803,0.9323565,0.99294466,1.0100293,1.0435109,0.933908,0.9982632,0.9459374,1.0000765,0.92704564,0.9867242,0.93986803,0.9963359
2025-01-01 20:42:00,0.9467042,1.0021045,0.9222081,0.9833061,0.9486718,0.9984258,0.93946505,0.9979439,0.96728027,0.99987406,0.93232983,0.9929326,1.010012,1.0435083,0.9338763,0.99824494,0.9459036,1.000056,0.92700344,0.98669744,0.9398275,0.9963099
2025-01-01 20:43:00,0.94668895,1.0021005,0.9221931,0.98330235,0.9486608,0.99842584,0.93945265,0.99794227,0.96726966,0.9998745,0.9323168,0.99292874,1.0100043,1.0435095,0.933858,0.99823457,0.9458825,1.0000427,0.9269753,0.98667854,0.9397989,0.99629
2025-01-01 20:44:00,0.9466801,1.0020998,0.922186,0.98330307,0.94865733,0.99843,0.93944895,0.99794585,0.9672674,0.9998793,0.93231255,0.99293005,1.0100026,1.0435132,0.9338483,0.99822944,0.94586957,1.0000341,0.92695624,0.9866648,0.9397781,0.9962743
2025-01-01 20:45:00,0.94667554,1.0021011,0.92218393,0.98330665,0.94865876,0.9984368,0.939451,0.9979527,0.9672705,0.9998869,0.9323141,0.99293494,1.010005,1.0435184,0.93384427,0.99822766,0.94586194,1.0000284,0.9269431,0.9866543,0.9397623,0.9962612
2025-01-01 20:46:00,0.94667375,1.0021039,0.9221852,0.98331225,0.9486634,0.9984453,0.93945664,0.9979617,0.96727705,0.9998963,0.93231934,0.992942,1.01001,1.0435249,0.93384385,0.99822795,0.94585776,1.0000248,0.9269337,0.9866459,0.9397498,0.99624974
2025-01-01 20:47:00,0.94667375,1.0021076,0.9221886,0.983319,0.9486701,0.9984549,0.9394647,0.99797213,0.96728593,0.9999069,0.932327,0.99295044,1.0100168,1.0435318,0.93384576,0.99822974,0.9458558,1.0000223,0.92692685,0.9866389,0.9397394,0.9962394
2025-01-01 20:48:00,0.94667494,1.002112,0.92219335,0.9833266,0.9486782,0.99846536,0.93947434,0.99798346,0.9672963,0.9999183,0.93233615,0.9929598,1.0100245,1.0435392,0.9338492,0.9982323,0.9458552,1.0000207,0.9269215,0.9866327,0.9397304,0.99622977
2025-01-01 20:49:00,0.94667697,1.0021168,0.92219913,0.9833348,0.9486872,0.9984762,0.939485,0.9979954,0.96730757,0.99993014,0.9323464,0.99296975,1.010033,1.0435467,0.9338537,0.9982354,0.9458555,1.0000196,0.9269172,0.9866271,0.9397222,0.9962205
2025-01-01 20:50:00,0.9466795,1.0021218,0.9222055,0.9833433,0.9486968,0.9984875,0.9394964,0.99800766,0.9673195,0.9999423,0.93235725,0.99298006,1.0100418,1.0435544,0.93385863,0.9982389,0.9458564,1.0000187,0.9269135,0.98662186,0.93971455,0.9962115
2025-01-01 20:51:00,0.9466824,1.0021272,0.9222123,0.9833521,0.94870675,0.9984989,0.9395082,0.9980202,0.96733177,0.99995464,0.9323685,0.9929906,1.010051,1.0435622,0.93386406,0.99824256,0.94585764,1.0000181,0.9269102,0.9866168,0.9397072,0.99620277
2025-01-01 20:52:00,0.9466856,1.0021325,0.9222194,0.9833611,0.948717,0.9985105,0.9395203,0.9980329,0.9673444,0.9999671,0.9323801,0.99300134,1.0100603,1.0435702,0.93386966,0.9982464,0.9458591,1.0000175,0.9269072,0.98661184,0.93970007,0.99619406
2025-01-01 20:53:00,0.94668895,1.0021381,0.92222667,0.98337024,0.9487274,0.99852216,0.9395326,0.9980458,0.9673572,0.9999797,0.93239176,0.99301213,1.0100696,1.0435779,0.9338754,0.99825025,0.9458606,1.0000169,0.92690426,0.98660696,0.9396931,0.99618536
2025-01-01 20:54:00,0.9466924,1.0021437,0.9222341,0.9833795,0.948738,0.9985339,0.939545,0.99805874,0.96737003,0.99999225,0.93240356,0.993023,1.0100791,1.0435859,0.9338813,0.99825406,0.9458623,1.0000165,0.9269014,0.98660207,0.9396861,0.9961767
2025-01-01 20:55:00,0.94669604,1.0021495,0.92224175,0.9833888,0.9487487,0.99854577,0.9395575,0.99807173,0.96738297,1.0000049,0.9324154,0.99303377,1.0100886,1.0435938,0.9338871,0.9982579,0.9458639,1.0000159,0.9268986,0.9865972,0.9396792,0.996168
2025-01-01 20:56:00,0.94669974,1.0021553,0.92224944,0.98339814,0.94875944,0.9985576,0.9395701,0.9980847,0.96739596,1.0000175,0.9324273,0.9930446,1.0100979,1.0436016,0.93389297,0.9982617,0.9458655,1.0000153,0.92689574,0.9865923,0.9396723,0.9961593
2025-01-01 20:57:00,0.9467035,1.0021613,0.9222571,0.9834076,0.9487702,0.99856955,0.93958277,0.9980977,0.96740896,1.0000303,0.93243915,0.9930554,1.0101073,1.0436094,0.93389875,0.99826545,0.94586706,1.0000147,0.9268929,0.9865873,0.9396654,0.9961506
2025-01-01 20:58:00,0.94670737,1.0021672,0.9222649,0.9834171,0.9487811,0.9985815,0.9395954,0.9981108,0.96742195,1.0000429,0.932451,0.9930662,1.0101167,1.0436171,0.9339045,0.9982692,0.9458686,1.0000141,0.92688996,0.98658234,0.93965834,0.9961419
2025-01-01 20:59:00,0.9467113,1.0021732,0.9222728,0.98342663,0.948792,0.9985935,0.9396081,0.9981239,0.967435,1.0000556,0.93246293,0.993077,1.0101261,1.0436248,0.9339103,0.99827296,0.9458701,1.0000134,0.9268871,0.98657733,0.9396513,0.99613315
2025-01-01 21:00:00,0.94138026,0.99920994,0.915912,0.9795673,0.94263273,0.9951153,0.9325506,0.9938119,0.96076554,0.99635303,0.92538315,0.98864716,1.0051502,1.0414262,0.92704874,0.9939989,0.939385,0.99618167,0.91980106,0.982395,0.9336254,0.99282634
2025-01-01 21:01:00,0.9379166,0.99728596,0.9117803,0.97706205,0.9386331,0.9928587,0.9279678,0.9910137,0.9564349,0.9939508,0.9207854,0.98577154,1.0019192,1.0399997,0.9225907,0.99122196,0.9351702,0.9936907,0.91519403,0.97967464,0.92970604,0.9906738
2025-01-01 21:02:00,0.9356666,0.99603766,0.9090976,0.97543705,0.9360372,0.9913962,0.9249934,0.9891995,0.9536246,0.9923938,0.917801,0.98390603,0.9998222,1.0390751,0.91969484,0.9894182,0.932431,0.99207133,0.91219836,0.97790456,0.9271559,0.98927146
2025-01-01 21:03:00,0.9342056,0.9952284,0.9073567,0.97438425,0.93435377,0.9904498,0.92306453,0.98802483,0.9518024,0.9913861,0.9158653,0.9826972,0.9984624,1.0384768,0.9178145,0.9882469,0.93065083,0.9910183,0.91025007,0.97675216,0.9254958,0.9883568
2025-01-01 21:04:00,0.9332575,0.9947046,0.90622795,0.9737033,0.93326336,0.9898388,0.9218152,0.9872659,0.9506225,0.9907355,0.91461116,0.9819151,0.9975816,1.0380905,0.91659415,0.9874868,0.9294942,0.9903335,0.90898246,0.9760012,0.9244142,0.9877591
2025-01-01 21:05:00,0.9326427,0.9943664,0.90549713,0.9732642,0.9325586,0.989446,0.9210077,0.9867772,0.9498602,0.990317,0.91380006,0.9814105,0.9970124,1.0378419,0.91580284,0.98699385,0.92874277,0.98988795,0.9081574,0.9755112,0.92370856,0.98736745
2025-01-01 21:06:00,0.9322447,0.9941488,0.905025,0.9729823,0.9321044,0.9891949,0.9204872,0.986464,0.9493692,0.9900493,0.913277,0.98108613,0.99664545,1.0376829,0.91529036,0.98667455,0.9282547,0.989598,0.90761995,0.97519076,0.9232473,0.98710966
2025-01-01 21:07:00,0.9319875,0.9940097,0.904721,0.97280246,0.93181306,0.98903596,0.92015344,0.9862651,0.9490546,0.9898797,0.912941,0.98087895,0.99641013,1.037582,0.9149591,0.98646814,0.9279378,0.98940897,0.90726936,0.97498053,0.92294484,0.98693883
2025-01-01 21:08:00,0.93182194,0.99392146,0.90452635,0.9726891,0.93162763,0.9889369,0.919941,0.98614043,0.9488547,0.98977387,0.9127267,0.98074794,0.9962603,1.037519,0.9147455,0.98633504,0.9277321,0.9892857,0.90704024,0.97484195,0.92274565,0.9868246
2025-01-01 21:09:00,0.9317159,0.99386644,0.9044028,0.9726188,0.93151104,0.9888768,0.9198074,0.98606396,0.9487293,0.98970944,0.91259146,0.98066646,0.996166,1.0374806,0.9146086,0.9862496,0.9275987,0.9892051,0.9068901,0.9747499,0.9226135,0.9867471
2025-01-01 21:10:00,0.9316486,0.993833,0.9043255,0.9725767,0.9314392,0.9888421,0.91972506,0.98601884,0.94865227,0.9896719,0.9125076,0.9806171,0.9961078,1.0374581,0.91452134,0.98619515,0.9275123,0.98915225,0.9067912,0.97468805,0.922525,0.98669344
2025-01-01 21:11:00,0.93160653,0.9938136,0.90427816,0.97255284,0.9313965,0.98882383,0.919676,0.98599404,0.9486067,0.9896518,0.9124571,0.9805886,0.99607307,1.0374458,0.9144664,0.98616076,0.9274564,0.9891173,0.90672565,0.97464585,0.9224647,0.98665535
2025-01-01 21:12:00,0.93158084,0.9938034,0.9042504,0.97254086,0.9313727,0.98881626,0.91964877,0.98598254,0.9485817,0.9896431,0.9124283,0.9805737,0.9960535,1.0374404,0.9144324,0.9861394,0.9274203,0.9890941,0.9066817,0.97461635,0.9224229,0.9866273
2025-01-01 21:13:00,0.9315658,0.9937991,0.90423536,0.9725366,0.93136126,0.9888156,0.9196355,0.9859797,0.94856995,0.9896418,0.91241366,0.98056763,0.9960439,1.0374392,0.9144121,0.9861265,0.927397,0.9890784,0.90665185,0.9745952,0.92239296,0.98660576
2025-01-01 21:14:00,0.9315577,0.9937987,0.90422857,0.9725374,0.93135774,0.9888195,0.91963136,0.9859824,0.9485668,0.98964524,0.9124081,0.9805673,0.9960407,1.0374409,0.9144006,0.9861191,0.9273821,0.9890677,0.9066311,0.97457933,0.9223708,0.9865884
2025-01-01 21:15:00,0.9315542,0.9938008,0.9042272,0.9725415,0.9313596,0.9888264,0.91963327,0.9859888,0.9485693,0.98965186,0.91240853,0.98057055,0.9960416,1.0374444,0.9143948,0.9861152,0.9273726,0.9890601,0.9066163,0.97456694,0.9223536,0.9865739
2025-01-01 21:16:00,0.9315536,0.9938047,0.9042294,0.97254777,0.9313647,0.9888353,0.919639,0.9859975,0.94857544,0.9896605,0.91241276,0.9805762,0.9960452,1.037449,0.9143927,0.9861136,0.92736655,0.98905456,0.90660524,0.9745568,0.9223397,0.98656106
2025-01-01 21:17:00,0.931555,0.9938096,0.9042338,0.9725554,0.9313721,0.9888453,0.9196473,0.9860077,0.9485839,0.9896704,0.9124195,0.9805834,0.99605054,1.0374544,0.914393,0.98611355,0.92736274,0.98905027,0.90659666,0.9745481,0.9223279,0.9865494
2025-01-01 21:18:00,0.93155766,0.9938153,0.90423983,0.972564,0.931381,0.9888562,0.9196572,0.98601896,0.948594,0.98968107,0.91242784,0.98059165,0.996057,1.0374602,0.91439486,0.9861143,0.9273604,0.9890468,0.9065897,0.9745403,0.9223174,0.98653835
2025-01-01 21:19:00,0.9315612,0.99382144,0.9042468,0.97257316,0.93139076,0.98886764,0.91966814,0.9860309,0.948605,0.9896924,0.91243726,0.98060054,0.9960641,1.0374664,0.9143977,0.98611575,0.927359,0.98904395,0.9065837,0.974533,0.9223078,0.98652786
2025-01-01 21:20:00,0.9315653,0.99382794,0.9042545,0.9725828,0.9314012,0.98887944,0.9196798,0.9860432,0.94861674,0.98970395,0.91244733,0.98060983,0.99607176,1.0374726,0.9144011,0.9861175,0.92735815,0.9890413,0.90657836,0.97452617,0.9222987,0.98651767
2025-01-01 21:21:00,0.9315697,0.9938347,0.90426254,0.9725927,0.93141204,0.9888914,0.9196919,0.9860558,0.9486288,0.9897158,0.91245776,0.9806193,0.9960796,1.0374789,0.9144049,0.9861195,0.9273576,0.98903894,0.9065734,0.97451955,0.92228997,0.9865076
2025-01-01 21:22:00,0.93157446,0.9938416,0.90427095,0.97260284,0.9314231,0.9889036,0.9197044,0.98606855,0.9486411,0.98972774,0.9124685,0.98062897,0.9960877,1.0374855,0.914409,0.9861216,0.9273574,0.9890366,0.9065687,0.974513,0.92228144,0.98649764
2025-01-01 21:23:00,0.9315795,0.9938486,0.9042796,0.9726131,0.9314345,0.9889159,0.91971695,0.9860815,0.94865364,0.98973984,0.9124794,0.98063874,0.9960958,1.0374918,0.9144131,0.98612374,0.9273572,0.9890344,0.9065641,0.9745065,0.922273,0.9864877
2025-01-01 21:24:00,0.93158454,0.9938557,0.9042883,0.9726234,0.93144596,0.98892826,0.9197297,0.9860945,0.9486662,0.9897519,0.91249037,0.9806485,0.9961039,1.0374982,0.9144173,0.9861259,0.92735714,0.98903215,0.9065596,0.9745001,0.92226464,0.9864778
2025-01-01 21:25:00,0.9315898,0.9938629,0.90429723,0.97263384,0.9314575,0.9889407,0.9197426,0.9861074,0.9486789,0.98976403,0.91250145,0.98065823,0.99611205,1.0375047,0.9144216,0.9861281,0.9273571,0.98902994,0.9065551,0.9744937,0.92225635,0.9864679
2025-01-01 21:26:00,0.9315951,0.9938702,0.90430623,0.9726443,0.9314691,0.98895323,0.91975546,0.98612046,0.94869167,0.98977613,0.9125125,0.98066807,0.9961203,1.037511,0.9144259,0.98613024,0.9273569,0.9890276,0.90655065,0.9744872,0.922248,0.986458
2025-01-01 21:27:00,0.93160045,0.9938776,0.90431523,0.9726548,0.93148077,0.98896575,0.91976845,0.9861335,0.9487044,0.98978823,0.91252357,0.9806778,0.9961284,1.0375174,0.9144302,0.9861323,0.9273568,0.9890253,0.9065461,0.9744807,0.92223966,0.9864481
2025-01-01 21:28:00,0.93160594,0.993885,0.90432435,0.9726654,0.93149245,0.9889783,0.9197814,0.98614657,0.9487172,0.98980033,0.9125346,0.98068756,0.9961365,1.0375236,0.9144344,0.9861344,0.9273566,0.989023,0.9065416,0.97447413,0.92223126,0.98643816
2025-01-01 21:29:00,0.9316115,0.9938925,0.90433353,0.97267604,0.9315042,0.9889909,0.9197944,0.9861597,0.94872993,0.98981243,0.9125457,0.9806973,0.9961446,1.03753,0.91443855,0.9861365,0.9273564,0.9890205,0.90653706,0.9744676,0.92222285,0.9864282
2025-01-01 21:30:00,0.92599654,0.9905087,0.8976788,0.96844405,0.925068,0.98519546,0.9125183,0.9815296,0.94191056,0.98582387,0.90534246,0.97600836,0.9910692,1.035102,0.90757334,0.98168004,0.92086715,0.9850825,0.8995651,0.9701639,0.9163336,0.9830597
2025-01-01 21:31:00,0.9223488,0.9883118,0.89335656,0.965697,0.9208887,0.9827329,0.9077934,0.97852457,0.9374825,0.9832355,0.90066415,0.9729639,0.987773,1.0335261,0.9031123,0.97878397,0.916649,0.9825219,0.8950317,0.9673642,0.9125026,0.9808667
2025-01-01 21:32:00,0.9199798,0.9868866,0.8905504,0.9639153,0.9181763,0.9811366,0.90472674,0.97657585,0.9346087,0.98155725,0.8976271,0.9709884,0.98563313,1.0325037,0.900214,0.9769021,0.913907,0.98085654,0.8920833,0.96554196,0.91000944,0.97943765
2025-01-01 21:33:00,0.9184421,0.985963,0.8887297,0.96276087,0.9164174,0.9801035,0.90273803,0.97531384,0.9327451,0.98047054,0.8956568,0.9697076,0.984245,1.0318414,0.8983315,0.9756795,0.9121245,0.9797731,0.89016515,0.9643552,0.9083858,0.9785052
2025-01-01 21:34:00,0.9174445,0.9853653,0.8875495,0.9620143,0.91527826,0.9794364,0.9014499,0.9744981,0.9315382,0.9797684,0.8943799,0.96887845,0.98334545,1.0314128,0.89710915,0.97488546,0.91096574,0.97906786,0.8889166,0.9635813,0.9073275,0.97789556
2025-01-01 21:35:00,0.91679823,0.9849795,0.88678575,0.9615329,0.914542,0.97900724,0.90061724,0.9739724,0.93075824,0.9793162,0.8935538,0.9683427,0.9827634,1.0311363,0.896316,0.9743698,0.9102123,0.9786085,0.8881033,0.9630758,0.9066365,0.9774957
2025-01-01 21:36:00,0.9163802,0.9847315,0.88629264,0.9612238,0.91406775,0.97873276,0.90008056,0.97363526,0.9302556,0.9790264,0.8930206,0.96799785,0.98238784,1.0309587,0.8958017,0.97403526,0.90972227,0.97830886,0.88757294,0.9627449,0.90618426,0.9772321
2025-01-01 21:37:00,0.9161107,0.9845731,0.8859754,0.96102667,0.91376364,0.9785588,0.89973634,0.97342074,0.92993337,0.9788422,0.89267766,0.9677769,0.9821463,1.0308452,0.8954687,0.97381824,0.9094035,0.97811306,0.8872264,0.9625273,0.9058872,0.9770572
2025-01-01 21:38:00,0.91593754,0.98447293,0.8857726,0.9609024,0.91357017,0.9784501,0.8995171,0.9732858,0.9297283,0.97872657,0.89245856,0.9676365,0.98199207,1.0307733,0.89525354,0.97367775,0.909196,0.9779847,0.88699937,0.96238333,0.905691,0.9769399
2025-01-01 21:39:00,0.9158272,0.98441064,0.88564414,0.9608255,0.9134486,0.978384,0.8993792,0.9732027,0.92959946,0.97865564,0.8923199,0.96754855,0.98189443,1.0307286,0.89511496,0.97358686,0.9090609,0.97790027,0.88685,0.9622873,0.90556043,0.97686005
2025-01-01 21:40:00,0.91575766,0.984373,0.885564,0.96077937,0.9133738,0.97834545,0.8992942,0.97315323,0.92952013,0.97861356,0.8922335,0.9674946,0.98183364,1.0307015,0.895026,0.97352827,0.90897274,0.9778443,0.886751,0.96222234,0.9054724,0.97680444
2025-01-01 21:41:00,0.9157146,0.9843513,0.8855154,0.96075326,0.9133294,0.9783249,0.8992435,0.9731256,0.9294729,0.97859037,0.8921811,0.9674627,0.9817966,1.0306858,0.89496946,0.97349066,0.90891504,0.97780675,0.88668483,0.9621776,0.9054121,0.9767646
2025-01-01 21:42:00,0.9156888,0.9843401,0.8854872,0.96074015,0.91330487,0.97831595,0.8992151,0.9731122,0.9294467,0.9785794,0.8921507,0.96744525,0.9817752,1.0306776,0.8949339,0.9734665,0.90887725,0.97778124,0.88664,0.9621459,0.9053697,0.97673506
2025-01-01 21:43:00,0.91567427,0.98433566,0.8854723,0.96073556,0.9132932,0.9783147,0.8992012,0.9731081,0.929434,0.9785764,0.89213467,0.96743697,0.9817639,1.0306741,0.8949119,0.9734513,0.9088522,0.9777635,0.88660896,0.9621228,0.90533894,0.97671217
2025-01-01 21:44:00,0.9156671,0.98433566,0.88546604,0.9607365,0.9132898,0.97831833,0.8991968,0.97310996,0.9294302,0.97857857,0.8921279,0.9674349,0.9817591,1.0306737,0.8948988,0.9734418,0.9088356,0.9777508,0.88658684,0.96210515,0.9053158,0.97669363
2025-01-01 21:45:00,0.9156647,0.9843385,0.88546544,0.96074104,0.9132919,0.9783251,0.89919853,0.9731157,0.92943203,0.978584,0.89212716,0.9674366,0.98175853,1.0306753,0.8948913,0.97343594,0.9088244,0.97774136,0.88657063,0.9620911,0.9052976,0.97667783
2025-01-01 21:46:00,0.9156654,0.9843433,0.88546854,0.9607479,0.9132975,0.9783341,0.8992042,0.97312397,0.9294376,0.9785916,0.8921304,0.9674409,0.9817606,1.0306782,0.8948876,0.9734325,0.90881664,0.97773397,0.88655806,0.9620794,0.9052825,0.9766639
2025-01-01 21:47:00,0.91566813,0.9843494,0.885474,0.9607563,0.91330546,0.97834444,0.8992125,0.9731339,0.92944556,0.9786007,0.8921361,0.9674468,0.98176455,1.030682,0.8948863,0.9734306,0.9088111,0.977728,0.886548,0.9620691,0.90526944,0.9766511
2025-01-01 21:48:00,0.9156722,0.9843563,0.88548106,0.96076566,0.9133148,0.97835565,0.8992225,0.9731449,0.9294551,0.9786106,0.8921434,0.9674537,0.98176956,1.0306861,0.89488655,0.9734296,0.90880704,0.9777229,0.88653946,0.96205974,0.9052577,0.9766389
2025-01-01 21:49:00,0.9156772,0.98436373,0.8854892,0.96077573,0.9133253,0.97836745,0.8992336,0.9731566,0.9294657,0.97862107,0.89215183,0.96746135,0.9817753,1.0306907,0.89488775,0.97342926,0.9088039,0.97771823,0.8865319,0.96205103,0.9052468,0.9766273
2025-01-01 21:50:00,0.9156828,0.98437154,0.88549805,0.9607863,0.91333634,0.9783796,0.8992454,0.9731687,0.9294769,0.978632,0.8921609,0.9674694,0.98178154,1.0306954,0.89488953,0.97342926,0.9088013,0.97771394,0.886525,0.9620427,0.9052364,0.976616
2025-01-01 21:51:00,0.91568875,0.9843796,0.8855073,0.9607971,0.91334784,0.97839206,0.89925754,0.97318107,0.92948854,0.978643,0.89217037,0.9674777,0.981788,1.0307003,0.8948917,0.9734295,0.9087991,0.97770983,0.8865184,0.9620346,0.9052264,0.9766049
2025-01-01 21:52:00,0.9156951,0.9843878,0.8855168,0.9608081,0.91335964,0.97840464,0.8992701,0.9731937,0.92950046,0.97865427,0.89218014,0.9674861,0.9817946,1.0307051,0.89489406,0.97342986,0.90879714,0.9777059,0.88651216,0.9620266,0.90521663,0.97659385
2025-01-01 21:53:00,0.9157015,0.98439616,0.88552654,0.96081924,0.9133717,0.97841734,0.8992829,0.9732064,0.9295125,0.9786656,0.8921901,0.9674946,0.98180133,1.03071,0.89489657,0.9734303,0.9087953,0.97770196,0.88650596,0.9620186,0.905207,0.9765828
2025-01-01 21:54:00,0.9157081,0.9844047,0.8855365,0.9608305,0.9133838,0.97843015,0.8992958,0.9732192,0.9295247,0.978677,0.8922001,0.96750313,0.98180807,1.0307148,0.89489913,0.97343075,0.9087935,0.977698,0.8864999,0.96201074,0.9051973,0.97657186
2025-01-01 21:55:00,0.91571486,0.9844132,0.8855465,0.9608419,0.913396,0.97844297,0.8993087,0.97323203,0.92953694,0.9786883,0.8922102,0.9675117,0.98181486,1.0307196,0.8949018,0.9734313,0.9087917,0.97769415,0.88649386,0.9620029,0.9051877,0.97656095
2025-01-01 21:56:00,0.91572165,0.98442185,0.8855567,0.9608533,0.91340834,0.97845584,0.8993217,0.97324485,0.92954916,0.9786996,0.8922202,0.96752024,0.9818216,1.0307245,0.89490443,0.9734317,0.9087899,0.97769016,0.88648784,0.96199495,0.9051782,0.97655
2025-01-01 21:57:00,0.91572857,0.9844306,0.8855669,0.9608647,0.9134207,0.9784687,0.8993347,0.9732577,0.92956144,0.97871095,0.8922303,0.96752876,0.98182833,1.0307293,0.894907,0.97343206,0.908788,0.97768617,0.88648176,0.961987,0.90516853,0.9765391
2025-01-01 21:58:00,0.9157355,0.9844393,0.8855771,0.9608762,0.91343296,0.97848165,0.8993478,0.9732706,0.92957366,0.97872233,0.89224035,0.9675373,0.98183507,1.0307341,0.89490956,0.9734325,0.9087861,0.9776822,0.8864756,0.9619791,0.9051589,0.9765281
2025-01-01 21:59:00,0.9157425,0.98444813,0.88558745,0.9608878,0.9134454,0.97849464,0.8993609,0.97328347,0.92958593,0.97873366,0.89225036,0.9675458,0.98184174,1.0307387,0.89491206,0.9734328,0.9087842,0.97767806,0.8864695,0.96197104,0.9051493,0.9765171
2025-01-01 22:00:00,0.9099439,0.98070407,0.87875766,0.95635855,0.9068473,0.97444993,0.89199585,0.9684176,0.9227384,0.9745305,0.88505214,0.96268106,0.9767574,1.028125,0.8881656,0.9688731,0.90240663,0.9737038,0.87973607,0.95762265,0.8995018,0.973147
2025-01-01 22:01:00,0.9061773,0.9782735,0.87432194,0.9534187,0.90256286,0.9718255,0.8872132,0.96525925,0.91829175,0.9718024,0.8803767,0.95952183,0.9734549,1.0264277,0.88378125,0.96590936,0.8982605,0.97111905,0.87535715,0.9547933,0.8958276,0.9709526
2025-01-01 22:02:00,0.9037315,0.97669685,0.87144244,0.95151174,0.89978236,0.9701241,0.88410896,0.9632108,0.9154057,0.97003305,0.87734115,0.95747125,0.97131044,1.025326,0.88093215,0.96398294,0.89556473,0.9694374,0.87250865,0.9529514,0.89343584,0.9695223
2025-01-01 22:03:00,0.90214443,0.9756752,0.86957437,0.95027643,0.89797944,0.96902275,0.8820959,0.96188384,0.913534,0.96888685,0.87537146,0.95614123,0.96991885,1.0246114,0.8790811,0.9627308,0.8938117,0.96834284,0.87065476,0.95175123,0.8918778,0.96858865
2025-01-01 22:04:00,0.90111536,0.97501427,0.8683639,0.94947755,0.8968119,0.9683114,0.88079196,0.9610258,0.9123217,0.9681458,0.8740946,0.9552796,0.9690165,1.0241485,0.8778786,0.9619169,0.8926714,0.96762985,0.8694476,0.9509682,0.8908616,0.9679779
2025-01-01 22:05:00,0.90044904,0.97458786,0.8675808,0.9489624,0.8960574,0.9678536,0.879949,0.9604725,0.9115379,0.96766794,0.87326807,0.9547224,0.9684322,1.0238491,0.8770977,0.96138775,0.89192945,0.96716475,0.86866057,0.9504563,0.8901976,0.967577
2025-01-01 22:06:00,0.9000186,0.974314,0.8670755,0.94863164,0.8955714,0.9675606,0.87940556,0.9601174,0.9110327,0.9673612,0.8727342,0.95436305,0.96805453,1.0236559,0.87659085,0.9610438,0.8914463,0.96686083,0.8681468,0.9501207,0.88976246,0.9673124
2025-01-01 22:07:00,0.89974135,0.9741391,0.8667507,0.94842076,0.8952599,0.9673747,0.879057,0.959891,0.9107085,0.9671657,0.8723906,0.9541323,0.9678112,1.0235317,0.87626207,0.96082014,0.8911314,0.96666175,0.8678104,0.94989955,0.8894762,0.9671365
2025-01-01 22:08:00,0.8995638,0.9740287,0.8665434,0.94828784,0.89506185,0.96725845,0.87883496,0.9597483,0.910502,0.96704245,0.8721706,0.95398515,0.96765524,1.0234524,0.87604904,0.9606746,0.89092577,0.96653074,0.86758953,0.94975287,0.8892866,0.9670182
2025-01-01 22:09:00,0.89945114,0.9739602,0.8664124,0.9482056,0.8949375,0.9671874,0.87869525,0.95966005,0.910372,0.9669663,0.872031,0.95389223,0.967556,1.0234023,0.87591124,0.96057993,0.8907913,0.96644384,0.86744356,0.9496546,0.8891598,0.9669373
2025-01-01 22:10:00,0.8993805,0.9739189,0.866331,0.94815636,0.89486116,0.9671458,0.87860906,0.9596071,0.9102918,0.9669205,0.8719436,0.9538346,0.96749353,1.0233712,0.8758223,0.96051824,0.89070296,0.9663857,0.86734635,0.94958764,0.88907385,0.9668808
2025-01-01 22:11:00,0.8993373,0.97389543,0.8662819,0.94812846,0.8948159,0.9671233,0.87855756,0.9595772,0.9102438,0.9668946,0.8718901,0.9537999,0.9674551,1.0233524,0.8757651,0.96047795,0.8906446,0.96634626,0.8672807,0.94954115,0.8890144,0.96684
2025-01-01 22:12:00,0.8993119,0.9738834,0.86625373,0.9481145,0.89479095,0.9671133,0.87852865,0.9595621,0.91021675,0.9668816,0.8718587,0.9537801,0.96743214,1.0233414,0.8757285,0.9604516,0.8906056,0.9663189,0.8672357,0.94950795,0.8889722,0.9668096
2025-01-01 22:13:00,0.8992982,0.9738789,0.86623925,0.9481096,0.89477915,0.96711135,0.87851447,0.95955676,0.91020334,0.9668769,0.8718416,0.95377,0.9674193,1.0233357,0.8757053,0.96043426,0.8905794,0.9662994,0.86720407,0.9494833,0.8889412,0.9667857
2025-01-01 22:14:00,0.899292,0.97387934,0.86623365,0.94811064,0.894776,0.9671147,0.8785098,0.9595577,0.9101988,0.9668777,0.8718338,0.95376605,0.967413,1.0233333,0.87569076,0.96042275,0.89056134,0.966285,0.86718106,0.9494642,0.88891745,0.96676624
2025-01-01 22:15:00,0.8992907,0.973883,0.8662338,0.94811547,0.8947783,0.9671214,0.8785113,0.9595628,0.9102,0.96688193,0.87183195,0.9537662,0.967411,1.0233331,0.8756818,0.96041507,0.8905486,0.9662739,0.86716366,0.9494487,0.88889843,0.96674955
2025-01-01 22:16:00,0.89929265,0.97388864,0.86623776,0.94812286,0.89478433,0.96713036,0.87851685,0.95957047,0.91020495,0.9668884,0.87183404,0.95376897,0.9674116,1.0233341,0.8756766,0.96040976,0.8905392,0.96626484,0.86714983,0.9494356,0.88888246,0.96673465
2025-01-01 22:17:00,0.8992967,0.97389567,0.86624414,0.94813186,0.8947927,0.9671408,0.878525,0.95957994,0.9102123,0.9668964,0.8718386,0.95377344,0.967414,1.023336,0.8756736,0.96040606,0.89053214,0.9662572,0.8671383,0.9494239,0.88886845,0.9667209
2025-01-01 22:18:00,0.8993021,0.97390366,0.8662522,0.94814193,0.8948025,0.9671521,0.87853485,0.9595905,0.9102212,0.96690536,0.8718449,0.953779,0.96741754,1.0233387,0.8756722,0.9604033,0.8905264,0.9662505,0.86712843,0.9494133,0.8888557,0.96670794
2025-01-01 22:19:00,0.8993085,0.9739122,0.86626124,0.9481527,0.8948134,0.96716404,0.8785459,0.9596017,0.9102312,0.9669149,0.8718521,0.9537852,0.96742177,1.0233415,0.87567174,0.9604013,0.8905216,0.96624416,0.86711943,0.94940317,0.8888438,0.9666954
2025-01-01 22:20:00,0.8993155,0.97392124,0.866271,0.9481639,0.894825,0.9671764,0.8785576,0.95961344,0.9102417,0.9669248,0.8718601,0.95379186,0.96742654,1.0233445,0.87567186,0.96039957,0.89051735,0.96623826,0.8671111,0.94939345,0.88883233,0.9666832
2025-01-01 22:21:00,0.8993228,0.9739305,0.86628133,0.9481755,0.894837,0.96718895,0.8785698,0.9596255,0.91025275,0.966935,0.87186843,0.95379883,0.9674315,1.0233477,0.87567234,0.9603981,0.8905135,0.96623254,0.8671031,0.949384,0.88882124,0.96667117
2025-01-01 22:22:00,0.8993305,0.97393996,0.8662919,0.94818723,0.8948493,0.96720177,0.87858224,0.9596377,0.91026396,0.9669453,0.8718771,0.9538059,0.9674366,1.0233508,0.87567306,0.9603967,0.8905098,0.96622694,0.86709535,0.9493746,0.88881034,0.9666592
2025-01-01 22:23:00,0.89933836,0.97394955,0.8663026,0.94819915,0.89486176,0.9672147,0.8785949,0.95965004,0.91027534,0.9669557,0.87188584,0.9538131,0.9674418,1.0233542,0.8756739,0.96039546,0.89050627,0.96622145,0.86708766,0.94936544,0.88879955,0.9666473
2025-01-01 22:24:00,0.8993464,0.9739592,0.8663136,0.9482112,0.8948744,0.96722764,0.8786077,0.9596624,0.9102869,0.96696615,0.87189466,0.9538202,0.96744704,1.0233573,0.8756748,0.9603942,0.89050275,0.9662159,0.8670801,0.9493562,0.8887888,0.9666355
2025-01-01 22:25:00,0.8993545,0.97396904,0.8663246,0.9482232,0.89488703,0.96724063,0.87862045,0.9596748,0.91029847,0.9669765,0.8719036,0.95382744,0.9674523,1.0233606,0.87567574,0.96039295,0.8904993,0.9662104,0.8670726,0.949347,0.88877815,0.9666237
2025-01-01 22:26:00,0.89936274,0.9739789,0.86633575,0.94823533,0.8948998,0.9672537,0.8786333,0.95968723,0.91031,0.96698695,0.8719125,0.9538346,0.96745753,1.0233637,0.87567663,0.96039164,0.8904958,0.9662048,0.8670651,0.9493378,0.8887674,0.9666119
2025-01-01 22:27:00,0.899371,0.9739887,0.8663469,0.9482475,0.89491254,0.96726674,0.87864625,0.9596997,0.9103216,0.9669973,0.87192136,0.95384175,0.9674627,1.0233669,0.8756775,0.9603903,0.89049226,0.9661992,0.86705756,0.94932854,0.88875675,0.9666001
2025-01-01 22:28:00,0.8993794,0.97399867,0.8663581,0.9482597,0.89492536,0.9672798,0.8786592,0.95971215,0.9103331,0.96700776,0.87193024,0.9538489,0.9674679,1.02337,0.87567836,0.96038896,0.8904887,0.9661936,0.86704993,0.9493193,0.888746,0.9665883
2025-01-01 22:29:00,0.8993878,0.9740087,0.86636937,0.948272,0.89493823,0.9672929,0.8786721,0.9597246,0.9103447,0.9670181,0.87193906,0.95385605,0.9674731,1.023373,0.8756792,0.9603876,0.8904851,0.96618795,0.86704236,0.94931,0.8887353,0.96657646
2025-01-01 22:30:00,0.89350826,0.9699708,0.85948557,0.9435261,0.88829505,0.9630706,0.871349,0.95470935,0.90359044,0.96267474,0.86487347,0.9489019,0.9624699,1.02062,0.8691712,0.95580584,0.88433236,0.9622479,0.86066693,0.9449941,0.8834299,0.9632645
2025-01-01 22:31:00,0.88968956,0.9673497,0.8550151,0.94044554,0.88398147,0.9603306,0.8665934,0.9514538,0.89920413,0.9598551,0.8602838,0.9456842,0.9592196,1.0188316,0.8649412,0.9528271,0.88033175,0.95968485,0.8565202,0.9421854,0.8799775,0.9611076
2025-01-01 22:32:00,0.8872105,0.96564955,0.8521133,0.93844754,0.88118213,0.9585542,0.8635068,0.949342,0.89635706,0.9580259,0.85730356,0.94359505,0.95710856,1.01767,0.86219186,0.95089036,0.87773,0.9580168,0.85382205,0.9403565,0.87772965,0.9597014
2025-01-01 22:33:00,0.88560206,0.96454805,0.8502311,0.93715316,0.8793672,0.95740414,0.86150503,0.94797367,0.89451045,0.95684046,0.85536945,0.9422395,0.9557381,1.0169159,0.86040497,0.9496309,0.8760375,0.9569305,0.85206556,0.9391644,0.8762648,0.9587832
2025-01-01 22:34:00,0.88455963,0.9638356,0.8490117,0.93631613,0.87819195,0.9566612,0.8602084,0.9470886,0.8933142,0.95607346,0.85411525,0.9413608,0.954849,1.0164267,0.85924363,0.94881165,0.874936,0.9562223,0.85092103,0.9383861,0.87530875,0.95818216
2025-01-01 22:35:00,0.88388515,0.96337616,0.84822315,0.9357764,0.8774325,0.9561829,0.85937005,0.9465176,0.8925405,0.95557845,0.8533031,0.94079196,0.95427275,1.0161097,0.858489,0.9482785,0.8742186,0.9557598,0.8501743,0.93787694,0.8746835,0.9577873
2025-01-01 22:36:00,0.8834498,0.9630811,0.84771466,0.93542993,0.8769435,0.9558766,0.85882974,0.9461507,0.8920416,0.9552602,0.8527781,0.94042456,0.9538998,1.0159044,0.8579985,0.94793123,0.87375087,0.9554571,0.84968615,0.9375426,0.8742733,0.95752645
2025-01-01 22:37:00,0.8831699,0.962893,0.84738815,0.93520916,0.8766302,0.95568204,0.85848296,0.94591653,0.8917213,0.9550569,0.8524398,0.9401881,0.953659,1.015772,0.8576798,0.94770485,0.8734454,0.95525813,0.84936607,0.93732184,0.87400275,0.95735264
2025-01-01 22:38:00,0.8829911,0.96277434,0.84718,0.9350699,0.87643105,0.9555602,0.8582621,0.9457686,0.89151704,0.95492816,0.85222286,0.9400367,0.95350415,1.0156866,0.8574727,0.947557,0.8732454,0.9551267,0.8491552,0.93717504,0.87382305,0.95723546
2025-01-01 22:39:00,0.882878,0.96270084,0.84704876,0.93498385,0.8763062,0.9554855,0.858123,0.94567674,0.8913882,0.954848,0.8520848,0.9399406,0.95340496,1.015632,0.8573382,0.9474602,0.87311393,0.955039,0.84901524,0.93707615,0.87370235,0.95715505
2025-01-01 22:40:00,0.8828076,0.96265674,0.8469676,0.93493223,0.87622947,0.9554416,0.8580371,0.9456213,0.8913084,0.9547994,0.851998,0.9398804,0.95334214,1.0155973,0.85725075,0.94739646,0.87302697,0.95497984,0.8489214,0.93700844,0.87362,0.95709854
2025-01-01 22:41:00,0.88276505,0.96263176,0.8469188,0.9349031,0.8761842,0.95541763,0.8579858,0.9455896,0.89126045,0.9547713,0.8519444,0.9398435,0.9533028,1.0155756,0.85719395,0.9473543,0.8729689,0.9549392,0.8488576,0.936961,0.8735626,0.9570575
2025-01-01 22:42:00,0.88274056,0.96261925,0.8468912,0.9348885,0.87615937,0.95540667,0.8579569,0.94557315,0.89123315,0.95475644,0.85191244,0.9398217,0.9532788,1.0155622,0.857157,0.9473262,0.87292963,0.95491046,0.8488132,0.9369267,0.8735214,0.9570266
2025-01-01 22:43:00,0.8827278,0.9626148,0.8468774,0.9348834,0.87614775,0.95540404,0.8579426,0.9455667,0.8912193,0.9547502,0.85189456,0.9398098,0.95326465,1.0155543,0.857133,0.94730705,0.8729026,0.95488954,0.8487814,0.936901,0.87349063,0.9570022
2025-01-01 22:44:00,0.88272274,0.9626156,0.8468725,0.93488455,0.87614477,0.955407,0.85793775,0.94556683,0.8912142,0.9547495,0.8518858,0.93980426,0.95325696,1.0155499,0.8571173,0.94729376,0.8728834,0.9548736,0.8487578,0.9368807,0.8734667,0.9569821
2025-01-01 22:45:00,0.8827227,0.96261984,0.84687346,0.9348896,0.87614733,0.9554135,0.8579391,0.94557106,0.8912148,0.9547525,0.8518829,0.9398028,0.95325345,1.0155476,0.8571071,0.94728434,0.8728693,0.954861,0.84873956,0.9368641,0.8734472,0.9569648
2025-01-01 22:46:00,0.88272583,0.96262634,0.84687823,0.93489736,0.87615365,0.9554223,0.8579444,0.9455781,0.891219,0.95475787,0.8518839,0.9398041,0.9532526,1.015547,0.8571003,0.9472773,0.8728586,0.9548505,0.8487248,0.93684983,0.87343055,0.95694923
2025-01-01 22:47:00,0.8827312,0.9626343,0.8468855,0.9349068,0.87616223,0.9554326,0.8579524,0.94558686,0.89122564,0.9547647,0.8518873,0.939807,0.95325345,1.0155473,0.85709584,0.9472719,0.87284994,0.9548414,0.84871215,0.93683696,0.8734158,0.95693475
2025-01-01 22:48:00,0.8827378,0.96264327,0.8468943,0.9349174,0.8761724,0.9554439,0.857962,0.9455968,0.89123374,0.95477253,0.8518923,0.93981105,0.9532555,1.015548,0.8570928,0.9472674,0.8728427,0.9548331,0.84870094,0.9368251,0.87340224,0.95692104
2025-01-01 22:49:00,0.88274544,0.9626528,0.8469042,0.93492866,0.87618357,0.9554558,0.85797274,0.9456075,0.89124286,0.95478094,0.8518983,0.9398158,0.95325816,1.0155491,0.8570907,0.94726366,0.87283635,0.9548253,0.8486907,0.9368139,0.8733894,0.9569079
2025-01-01 22:50:00,0.8827537,0.96266276,0.8469148,0.93494046,0.87619543,0.95546806,0.8579841,0.9456186,0.89125264,0.95478976,0.851905,0.939821,0.95326126,1.0155505,0.8570891,0.94726026,0.8728305,0.95481783,0.84868103,0.936803,0.87337714,0.956895
2025-01-01 22:51:00,0.8827623,0.96267307,0.8469259,0.93495256,0.8762077,0.9554807,0.857996,0.94563,0.89126277,0.9547988,0.851912,0.9398264,0.95326465,1.0155519,0.8570879,0.94725704,0.87282497,0.95481056,0.8486717,0.9367924,0.87336516,0.95688224
2025-01-01 22:52:00,0.88277125,0.96268356,0.84693724,0.93496484,0.8762202,0.9554934,0.85800815,0.9456416,0.89127314,0.95480794,0.85191935,0.93983203,0.9532682,1.0155535,0.85708696,0.947254,0.8728197,0.95480347,0.8486626,0.9367819,0.8733533,0.9568697
2025-01-01 22:53:00,0.88278043,0.9626942,0.8469488,0.9349773,0.8762329,0.95550627,0.8580205,0.9456533,0.8912837,0.95481724,0.8519268,0.9398377,0.95327175,1.015555,0.85708606,0.947251,0.87281454,0.95479643,0.8486537,0.93677145,0.8733416,0.95685714
2025-01-01 22:54:00,0.88278973,0.96270496,0.8469606,0.9349898,0.87624574,0.9555192,0.85803294,0.94566506,0.89129436,0.95482653,0.8519344,0.9398434,0.9532754,1.0155565,0.8570852,0.9472481,0.8728094,0.9547894,0.84864473,0.9367611,0.87332994,0.9568446
2025-01-01 22:55:00,0.8827991,0.96271574,0.84697247,0.9350024,0.87625873,0.9555322,0.8580454,0.94567686,0.891305,0.9548359,0.85194194,0.9398491,0.953279,1.0155581,0.85708445,0.9472451,0.8728043,0.95478237,0.84863585,0.93675077,0.8733183,0.9568322
2025-01-01 22:56:00,0.88280857,0.9627266,0.8469843,0.935015,0.8762717,0.9555451,0.8580579,0.94568866,0.8913157,0.9548452,0.8519495,0.9398548,0.95328265,1.0155596,0.8570837,0.94724214,0.8727992,0.9547753,0.84862703,0.9367404,0.87330675,0.9568197
2025-01-01 22:57:00,0.8828181,0.9627375,0.8469963,0.9350277,0.8762847,0.9555581,0.8580705,0.94570047,0.89132637,0.9548544,0.8519571,0.93986046,0.95328623,1.015561,0.85708284,0.9472391,0.87279403,0.9547682,0.84861815,0.93672997,0.8732951,0.95680726
2025-01-01 22:58:00,0.8828277,0.9627485,0.8470083,0.9350405,0.8762978,0.9555712,0.85808307,0.9457123,0.89133704,0.9548637,0.8519646,0.9398661,0.9532898,1.0155624,0.85708195,0.94723606,0.87278885,0.9547611,0.8486092,0.9367196,0.87328357,0.9567948
2025-01-01 22:59:00,0.88283736,0.96275955,0.8470203,0.9350532,0.8763108,0.95558417,0.85809565,0.9457241,0.8913477,0.95487297,0.85197216,0.9398717,0.9532933,1.0155637,0.85708106,0.947233,0.87278366,0.95475394,0.84860027,0.9367092,0.87327194,0.95678234
2025-01-01 23:00:00,0.8769831,0.9585007,0.8402069,0.93017644,0.86974263,0.9512603,0.8509466,0.94065034,0.8848087,0.9504678,0.84516686,0.9349176,0.9484619,1.012721,0.8509292,0.9427118,0.86696696,0.95091933,0.8426979,0.9325038,0.8684042,0.9535887
2025-01-01 23:01:00,0.87318134,0.95573634,0.8357824,0.9270111,0.86547786,0.9484544,0.8463041,0.9373564,0.88056207,0.9476077,0.84074605,0.9316993,0.9453226,1.0108734,0.84693,0.93977183,0.8631843,0.9484242,0.83885825,0.9297666,0.86523616,0.95150846
2025-01-01 23:02:00,0.8707136,0.9539434,0.8329107,0.924958,0.8627104,0.946635,0.8432908,0.93521947,0.8778054,0.9457517,0.837875,0.92960924,0.94328314,1.009673,0.84433013,0.9378597,0.86072356,0.9467999,0.83635926,0.9279837,0.8631728,0.9501519
2025-01-01 23:03:00,0.869113,0.952782,0.8310484,0.92362803,0.86091614,0.94545704,0.8413366,0.9338346,0.8760173,0.9445485,0.8360114,0.92825264,0.94195867,1.0088931,0.8426398,0.9366156,0.8591222,0.9457414,0.8347317,0.9268211,0.8618275,0.9492658
2025-01-01 23:04:00,0.8680761,0.9520309,0.82984227,0.922768,0.85975444,0.9446959,0.8400707,0.93293846,0.8748587,0.9437696,0.8348026,0.92737263,0.9410988,1.0083864,0.8415407,0.93580574,0.8580794,0.94505084,0.83367056,0.92606163,0.860949,0.94868535
2025-01-01 23:05:00,0.8674056,0.95154667,0.82906246,0.92221355,0.8590039,0.9442057,0.8392523,0.93236,0.8741092,0.9432664,0.8340194,0.92680246,0.940541,1.0080575,0.84082574,0.9352781,0.8573996,0.9445993,0.8329776,0.9255643,0.86037374,0.94830364
2025-01-01 23:06:00,0.8669733,0.9512359,0.8285599,0.9218576,0.8585206,0.9438916,0.8387246,0.93198806,0.8736257,0.9429424,0.8335128,0.9264337,0.9401795,1.0078439,0.8403606,0.93493384,0.8569557,0.94430315,0.83252394,0.92523724,0.85999566,0.94805115
2025-01-01 23:07:00,0.86669576,0.9510378,0.82823753,0.92163074,0.8582111,0.9436919,0.838386,0.93175036,0.873315,0.9427349,0.833186,0.92619574,0.9399455,1.0077052,0.8400577,0.93470883,0.8566652,0.94410795,0.8322258,0.92502093,0.8597458,0.94788253
2025-01-01 23:08:00,0.8665189,0.9509131,0.82803226,0.9214878,0.8580145,0.94356674,0.83817023,0.9316,0.8731167,0.9426031,0.832976,0.9260428,0.9397945,1.0076154,0.8398603,0.9345613,0.85647434,0.9439784,0.8320287,0.9248765,0.8595792,0.94776857
2025-01-01 23:09:00,0.8664075,0.95083594,0.82790315,0.9213994,0.8578913,0.94348985,0.83803433,0.93150616,0.8729914,0.94252044,0.83284193,0.9259452,0.9396973,1.0075574,0.83973145,0.9344641,0.8563483,0.9438915,0.8318973,0.9247789,0.85946685,0.94769007
2025-01-01 23:10:00,0.8663387,0.95078987,0.8278236,0.9213465,0.85781586,0.9434444,0.83795035,0.93144923,0.87291354,0.94246984,0.83275723,0.9258835,0.93963516,1.0075198,0.8396471,0.9343996,0.8562643,0.94383234,0.8318086,0.92471164,0.85938954,0.9476345
2025-01-01 23:11:00,0.8662975,0.9507639,0.8277762,0.92131656,0.8577714,0.9434194,0.8379001,0.9314162,0.87286645,0.94244,0.8327046,0.9258451,0.9395957,1.0074955,0.83959174,0.93435633,0.85620767,0.94379115,0.83174765,0.92466414,0.8593351,0.94759405
2025-01-01 23:12:00,0.8662743,0.950751,0.8277497,0.92130166,0.8577471,0.94340765,0.83787173,0.93139875,0.87283945,0.9424236,0.8326728,0.9258218,0.939571,1.0074799,0.8395551,0.9343268,0.8561687,0.9437616,0.83170474,0.92462945,0.8592956,0.9475633
2025-01-01 23:13:00,0.86626273,0.95074666,0.82773685,0.92129654,0.8577358,0.9434045,0.8378576,0.9313914,0.87282544,0.9424159,0.8326544,0.92580825,0.9395559,1.00747,0.83953065,0.9343063,0.8561413,0.9437396,0.83167344,0.92460304,0.85926574,0.94753885
2025-01-01 23:14:00,0.8662589,0.95074785,0.82773286,0.9212977,0.8577331,0.943407,0.8378527,0.93139064,0.87281984,0.94241387,0.8326448,0.92580116,0.93954694,1.0074637,0.83951414,0.93429154,0.8561214,0.9437226,0.8316497,0.92458206,0.859242,0.9475185
2025-01-01 23:15:00,0.86626,0.9507527,0.8277346,0.92130303,0.8577359,0.94341314,0.83785385,0.9313941,0.8728197,0.94241554,0.832641,0.92579824,0.93954206,1.0074596,0.83950275,0.93428046,0.8561063,0.9437087,0.83163095,0.9245646,0.8592225,0.94750077
2025-01-01 23:16:00,0.86626434,0.9507598,0.82774,0.921311,0.8577423,0.9434216,0.83785886,0.93140024,0.8728231,0.9424196,0.8326408,0.92579794,0.93953973,1.0074571,0.83949465,0.9342719,0.8560943,0.9436969,0.83161545,0.92454934,0.85920554,0.94748485
2025-01-01 23:17:00,0.8662708,0.9507686,0.82774794,0.92132074,0.8577511,0.9434317,0.8378664,0.9314082,0.8728289,0.94242513,0.832643,0.9257993,0.939539,1.0074556,0.8394887,0.93426484,0.85608435,0.9436863,0.8316019,0.9245355,0.8591902,0.94747
2025-01-01 23:18:00,0.86627865,0.9507783,0.8277575,0.92133164,0.8577614,0.9434427,0.83787566,0.93141735,0.8728361,0.9424317,0.83264667,0.92580175,0.93953943,1.0074546,0.8394841,0.9342587,0.85607564,0.9436766,0.83158964,0.9245227,0.8591761,0.9474559
2025-01-01 23:19:00,0.8662874,0.95078874,0.827768,0.9213432,0.8577726,0.9434543,0.83788586,0.9314272,0.8728442,0.9424389,0.8326513,0.925805,0.9395405,1.007454,0.83948034,0.9342533,0.85606784,0.9436675,0.83157825,0.9245104,0.8591626,0.94744223
2025-01-01 23:20:00,0.8662968,0.9507996,0.82777923,0.9213553,0.8577845,0.9434664,0.8378968,0.93143755,0.872853,0.9424465,0.83265656,0.92580855,0.939542,1.0074536,0.8394771,0.9342482,0.8560605,0.9436586,0.83156747,0.92449856,0.8591496,0.9474288
2025-01-01 23:21:00,0.86630654,0.95081073,0.827791,0.9213677,0.85779685,0.9434787,0.83790815,0.93144816,0.8728621,0.9424542,0.8326623,0.9258124,0.9395437,1.0074533,0.83947426,0.9342434,0.8560535,0.94365,0.8315569,0.92448694,0.85913694,0.94741565
2025-01-01 23:22:00,0.8663167,0.95082206,0.82780296,0.92138034,0.8578095,0.94349116,0.83791983,0.93145895,0.8728715,0.94246215,0.8326682,0.9258165,0.93954563,1.0074531,0.8394716,0.9342387,0.8560467,0.9436415,0.83154666,0.9244755,0.8591244,0.9474026
2025-01-01 23:23:00,0.86632687,0.9508336,0.8278151,0.9213931,0.85782224,0.94350374,0.8379316,0.9314698,0.872881,0.94247013,0.83267415,0.9258206,0.9395476,1.007453,0.8394691,0.9342341,0.85603994,0.943633,0.83153653,0.9244641,0.85911196,0.9473896
2025-01-01 23:24:00,0.8663373,0.9508452,0.8278275,0.9214059,0.85783505,0.94351643,0.8379435,0.93148077,0.87289053,0.9424782,0.8326803,0.9258247,0.9395495,1.0074527,0.8394666,0.9342295,0.85603327,0.9436246,0.83152646,0.9244527,0.8590996,0.94737667
2025-01-01 23:25:00,0.8663478,0.95085686,0.82784,0.92141885,0.85784805,0.9435292,0.83795553,0.93149173,0.8729002,0.9424862,0.8326864,0.9258288,0.9395515,1.0074526,0.83946407,0.9342249,0.85602665,0.9436162,0.8315164,0.92444146,0.8590872,0.94736373
2025-01-01 23:26:00,0.86635834,0.95086855,0.8278524,0.9214318,0.85786104,0.9435419,0.83796746,0.93150276,0.8729098,0.9424943,0.83269256,0.9258329,0.93955344,1.0074524,0.8394616,0.93422025,0.85602,0.94360775,0.8315064,0.92443013,0.85907495,0.94735086
2025-01-01 23:27:00,0.86636895,0.9508803,0.82786494,0.9214448,0.8578741,0.9435546,0.8379795,0.9315137,0.87291944,0.94250226,0.8326987,0.925837,0.93955535,1.0074521,0.83945906,0.9342156,0.8560133,0.9435992,0.83149624,0.92441875,0.8590627,0.947338
2025-01-01 23:28:00,0.8663796,0.95089215,0.8278775,0.9214578,0.85788715,0.94356734,0.8379915,0.9315247,0.872929,0.94251025,0.8327047,0.92584103,0.93955725,1.0074518,0.8394565,0.9342109,0.85600656,0.94359076,0.83148617,0.9244074,0.85905033,0.94732505
2025-01-01 23:29:00,0.86639035,0.950904,0.82789016,0.9214709,0.8579002,0.9435801,0.8380035,0.9315357,0.87293863,0.9425182,0.8327108,0.9258451,0.9395591,1.0074514,0.8394539,0.9342062,0.8559998,0.94358224,0.83147603,0.92439604,0.85903805,0.9473122
2025-01-01 23:30:00,0.8606653,0.9464998,0.8212679,0.9165493,0.8515236,0.9392315,0.83115536,0.92649305,0.86673087,0.93812937,0.8262865,0.92097896,0.93498486,1.004569,0.8337671,0.9298258,0.8506222,0.93992114,0.8261515,0.9203755,0.8546946,0.944293
2025-01-01 23:31:00,0.85694784,0.9436413,0.81696784,0.91335493,0.8473834,0.9364094,0.82670826,0.9232191,0.8626991,0.93527937,0.82211274,0.91781735,0.9320122,1.0026954,0.8300698,0.92697674,0.8471243,0.9375384,0.822687,0.91775817,0.8518669,0.942326
2025-01-01 23:32:00,0.85453534,0.9417874,0.8141773,0.91128314,0.84469676,0.9345795,0.8238218,0.9210948,0.86008185,0.93342954,0.8194019,0.91576356,0.9300805,1.0014772,0.8276655,0.92512316,0.8448482,0.9359865,0.8204314,0.9160528,0.85002464,0.94104296
2025-01-01 23:33:00,0.852971,0.94058657,0.81236786,0.9099411,0.84295505,0.9333945,0.8219497,0.9197178,0.85838383,0.9322298,0.81764185,0.91442996,0.9288254,1.0006852,0.8261017,0.9239165,0.8433663,0.93497473,0.8189617,0.91494036,0.8488228,0.9402045
2025-01-01 23:34:00,0.85195804,0.93981034,0.81119615,0.90907335,0.8418275,0.93262863,0.82073706,0.9188265,0.85728335,0.9314527,0.81649977,0.9135644,0.9280101,1.0001701,0.82508415,0.9231305,0.8424006,0.93431395,0.81800276,0.9142132,0.84803724,0.9396549
2025-01-01 23:35:00,0.85130346,0.93930995,0.81043905,0.90851384,0.84109914,0.9321352,0.81995296,0.9182509,0.8565714,0.9309502,0.8157595,0.913003,0.9274807,0.999835,0.8244217,0.92261773,0.8417704,0.9338814,0.81737584,0.9137365,0.8475223,0.93929315
2025-01-01 23:36:00,0.85088176,0.93898886,0.80995136,0.9081547,0.84063023,0.93181896,0.81944746,0.9178806,0.85611176,0.9306263,0.81528026,0.9126393,0.927137,0.9996169,0.82399,0.92228264,0.8413583,0.93359715,0.8169646,0.9134226,0.8471832,0.9390535
2025-01-01 23:37:00,0.8506116,0.9387845,0.80963886,0.90792596,0.84033006,0.9316178,0.81912297,0.9176435,0.85581625,0.9304183,0.8149707,0.9124042,0.92691404,0.9994748,0.82370836,0.92206293,0.84108794,0.9334092,0.8166937,0.9132145,0.84695846,0.9388931
2025-01-01 23:38:00,0.8504399,0.9386558,0.8094402,0.9077818,0.8401395,0.9314914,0.8189162,0.91749316,0.8556274,0.93028575,0.81477135,0.9122525,0.9267696,0.9993821,0.8235241,0.92191833,0.8409096,0.93328387,0.81651396,0.91307515,0.84680796,0.9387843
2025-01-01 23:39:00,0.8503322,0.93857646,0.80931556,0.9076927,0.84002024,0.9314137,0.81878585,0.9173991,0.85550785,0.9302021,0.81464374,0.9121551,0.9266761,0.99932146,0.82340324,0.9218225,0.8407911,0.9331993,0.81639344,0.91298044,0.84670573,0.938709
2025-01-01 23:40:00,0.850266,0.93852913,0.80923903,0.9076393,0.8399472,0.9313675,0.8187053,0.9173417,0.8554333,0.9301504,0.8145627,0.9120929,0.9266157,0.99928164,0.8233235,0.9217583,0.8407116,0.9331411,0.8163114,0.9129148,0.8466349,0.9386556
2025-01-01 23:41:00,0.85022694,0.9385026,0.80919373,0.9076092,0.8399043,0.9313419,0.81865704,0.9173081,0.855388,0.93011934,0.81451184,0.91205364,0.9265768,0.99925536,0.82327056,0.9217146,0.84065723,0.9331001,0.81625444,0.912868,0.84658456,0.93861634
2025-01-01 23:42:00,0.8502055,0.9384897,0.8091688,0.90759426,0.83988094,0.93132967,0.8186297,0.9172899,0.85536176,0.93010163,0.81448066,0.91202927,0.92655194,0.9992379,0.82323486,0.92168427,0.8406194,0.93307024,0.81621367,0.91283345,0.84654737,0.9385862
2025-01-01 23:43:00,0.85019547,0.9384855,0.8091571,0.90758914,0.8398703,0.931326,0.818616,0.9172817,0.85534775,0.93009263,0.8144622,0.9120145,0.926536,0.99922603,0.82321054,0.9216627,0.84059215,0.93304765,0.8161834,0.91280687,0.84651875,0.93856204
2025-01-01 23:44:00,0.8501929,0.93848705,0.80915403,0.9075903,0.8398679,0.931328,0.81861115,0.91728,0.8553418,0.93008935,0.81445205,0.912006,0.92652607,0.99921787,0.82319343,0.92164665,0.84057176,0.9330297,0.81616,0.91278553,0.8464958,0.9385418
2025-01-01 23:45:00,0.8501951,0.93849236,0.8091565,0.90759575,0.8398709,0.9313337,0.81861204,0.9172826,0.855341,0.9300897,0.8144473,0.9120015,0.9265199,0.9992121,0.8231811,0.92163426,0.84055585,0.9330148,0.81614107,0.91276747,0.84647644,0.93852407
2025-01-01 23:46:00,0.85020053,0.93850017,0.8091626,0.90760386,0.8398774,0.93134177,0.8186167,0.9172878,0.85534364,0.9300924,0.8144459,0.91199964,0.9265161,0.9992078,0.82317173,0.9216241,0.84054285,0.9330018,0.816125,0.9127516,0.84645945,0.938508
2025-01-01 23:47:00,0.8502081,0.93850946,0.8091711,0.9076137,0.8398861,0.93135136,0.8186237,0.91729486,0.85534835,0.93009657,0.8144468,0.91199946,0.92651385,0.9992045,0.8231644,0.9216156,0.8405317,0.93299013,0.8161108,0.91273713,0.84644395,0.938493
2025-01-01 23:48:00,0.850217,0.93851984,0.8091811,0.9076247,0.8398964,0.9313619,0.8186323,0.9173031,0.85535455,0.9301017,0.8144492,0.91200036,0.92651266,0.9992018,0.8231583,0.92160803,0.8405218,0.9329792,0.81609774,0.91272354,0.84642947,0.93847865
2025-01-01 23:49:00,0.85022676,0.9385309,0.8091921,0.90763646,0.8399075,0.9313731,0.81864196,0.91731197,0.85536164,0.93010753,0.8144524,0.91200185,0.9265121,0.9991995,0.823153,0.921601,0.84051263,0.93296885,0.81608546,0.91271055,0.84641564,0.93846476
2025-01-01 23:50:00,0.8502371,0.9385424,0.8092038,0.9076487,0.8399193,0.93138474,0.8186522,0.9173213,0.8553692,0.93011373,0.8144562,0.9120038,0.92651194,0.99919736,0.82314825,0.92159444,0.840504,0.9329588,0.8160737,0.9126979,0.8464022,0.9384512
2025-01-01 23:51:00,0.8502478,0.9385542,0.80921596,0.9076612,0.8399315,0.93139654,0.8186629,0.9173309,0.8553772,0.9301201,0.81446034,0.9120061,0.926512,0.9991954,0.8231438,0.921588,0.8404955,0.93294895,0.8160623,0.9126855,0.84638894,0.93843776
2025-01-01 23:52:00,0.8502588,0.93856627,0.8092284,0.90767395,0.83994395,0.9314086,0.8186738,0.9173407,0.85538536,0.9301266,0.81446475,0.91200846,0.9265122,0.9991935,0.82313955,0.92158175,0.8404873,0.9329392,0.81605095,0.91267323,0.84637594,0.93842447
2025-01-01 23:53:00,0.85027,0.9385784,0.809241,0.90768677,0.8399565,0.9314207,0.8186848,0.91735065,0.8553937,0.93013316,0.8144693,0.9120109,0.9265124,0.9991916,0.8231353,0.9215756,0.84047914,0.93292946,0.81603974,0.9126611,0.84636307,0.9384113
2025-01-01 23:54:00,0.8502813,0.9385907,0.8092537,0.9076997,0.8399692,0.9314329,0.818696,0.9173606,0.855402,0.9301398,0.81447387,0.9120134,0.9265127,0.99918973,0.82313114,0.9215694,0.840471,0.93291974,0.81602865,0.912649,0.8463502,0.93839806
2025-01-01 23:55:00,0.8502927,0.93860304,0.8092665,0.9077127,0.83998203,0.9314451,0.8187073,0.91737056,0.8554104,0.93014646,0.81447846,0.91201586,0.92651296,0.9991878,0.82312703,0.9215632,0.840463,0.9329101,0.8160175,0.9126368,0.8463373,0.93838495
2025-01-01 23:56:00,0.8503042,0.9386154,0.80927944,0.90772575,0.8399948,0.93145734,0.8187185,0.9173805,0.85541886,0.9301531,0.814483,0.9120183,0.9265132,0.99918586,0.82312286,0.92155707,0.84045494,0.93290037,0.8160065,0.91262466,0.8463245,0.9383718
2025-01-01 23:57:00,0.8503157,0.9386278,0.8092923,0.9077388,0.8400076,0.9314695,0.8187297,0.91739047,0.8554272,0.9301596,0.8144875,0.9120207,0.9265134,0.9991839,0.8231187,0.9215508,0.8404468,0.93289065,0.8159954,0.91261256,0.8463117,0.9383587
2025-01-01 23:58:00,0.85032725,0.93864024,0.80930525,0.9077519,0.84002036,0.9314818,0.81874096,0.9174005,0.85543555,0.9301662,0.81449205,0.9120231,0.9265136,0.99918187,0.82311445,0.92154455,0.8404387,0.93288094,0.8159843,0.91260046,0.84629893,0.9383456
2025-01-01 23:59:00,0.8503389,0.93865275,0.8093182,0.90776503,0.84003323,0.931494,0.81875217,0.9174104,0.8554439,0.93017274,0.8144965,0.91202545,0.92651373,0.9991798,0.82311016,0.9215383,0.84043056,0.93287116,0.8159732,0.91258836,0.8462861,0.9383325
