TIME,B_001_v000,B_001_v001,B_015_v000,B_015_v001,B_120_v000,B_120_v001,B_198_v000,B_198_v001,B_233_v000,B_233_v001,B_273_v000,B_273_v001,B_286_v000,B_286_v001,B_302_v000,B_302_v001,B_317_v000,B_317_v001,B_329_v000,B_329_v001,B_341_v000,B_341_v001
2025-01-01 00:01:00,0.80231625,0.90396035,0.8055479,0.9070908,0.7946023,0.89609635,0.79758763,0.8990909,0.80062026,0.9021895,0.8038109,0.8914954,0.7932521,0.8950881,0.797008,0.8990141,0.8011064,0.90328205,0.7915361,0.8938612,0.79624784,0.8986851
2025-01-01 00:02:00,0.8023079,0.9039504,0.8055366,0.90707856,0.7945894,0.89608324,0.79757464,0.89907837,0.80060863,0.90217906,0.80380195,0.8914882,0.7932469,0.895085,0.7970071,0.8990154,0.8011099,0.90328765,0.7915436,0.89387035,0.7962585,0.8986969
2025-01-01 00:03:00,0.8022995,0.9039404,0.80552536,0.90706635,0.7945765,0.8960702,0.7975617,0.8990659,0.8005971,0.90216863,0.8037931,0.8914811,0.79324174,0.8950819,0.7970062,0.8990168,0.8011134,0.90329325,0.7915511,0.8938796,0.7962692,0.8987087
2025-01-01 00:04:00,0.8022911,0.90393037,0.80551404,0.90705407,0.79456365,0.89605707,0.7975487,0.89905345,0.8005855,0.90215826,0.8037842,0.891474,0.7932366,0.8950789,0.79700536,0.8990182,0.801117,0.9032989,0.79155874,0.8938889,0.7962799,0.8987205
2025-01-01 00:05:00,0.8022826,0.90392035,0.8055027,0.9070418,0.7945508,0.89604396,0.7975358,0.89904106,0.80057395,0.90214795,0.80377537,0.8914669,0.7932315,0.8950759,0.79700464,0.89901966,0.8011207,0.90330464,0.7915664,0.89389825,0.7962907,0.8987324
2025-01-01 00:06:00,0.80227405,0.9039102,0.8054913,0.90702945,0.7945379,0.89603084,0.79752284,0.8990286,0.8005624,0.90213764,0.8037666,0.89145994,0.7932265,0.895073,0.7970039,0.8990212,0.8011244,0.9033105,0.79157406,0.8939076,0.7963014,0.8987443
2025-01-01 00:07:00,0.80226547,0.90390015,0.80548,0.9070172,0.794525,0.89601773,0.7975099,0.89901626,0.80055094,0.9021274,0.8037579,0.89145297,0.79322153,0.89507014,0.79700327,0.89902276,0.80112815,0.90331626,0.7915818,0.893917,0.7963123,0.8987562
2025-01-01 00:08:00,0.8022569,0.90388995,0.80546856,0.90700483,0.7945121,0.8960046,0.797497,0.89900386,0.80053943,0.9021172,0.8037492,0.89144605,0.7932166,0.8950674,0.7970027,0.8990244,0.80113196,0.90332216,0.79158956,0.8939265,0.7963231,0.8987681
2025-01-01 00:09:00,0.80224824,0.90387976,0.8054571,0.90699244,0.79449916,0.8959915,0.79748404,0.89899147,0.800528,0.902107,0.80374056,0.8914392,0.79321176,0.89506465,0.7970022,0.8990261,0.80113584,0.9033281,0.7915974,0.893936,0.796334,0.8987801
2025-01-01 00:10:00,0.80223954,0.9038695,0.8054457,0.9069801,0.7944862,0.8959784,0.79747117,0.8989792,0.8005166,0.90209687,0.8037319,0.8914324,0.79320693,0.89506197,0.7970017,0.8990279,0.8011398,0.9033341,0.7916053,0.8939455,0.7963449,0.8987921
2025-01-01 00:11:00,0.8022308,0.90385926,0.80543417,0.9069677,0.7944733,0.8959653,0.79745823,0.89896685,0.8005052,0.90208673,0.8037234,0.89142567,0.79320216,0.89505935,0.7970013,0.8990297,0.80114377,0.9033401,0.7916132,0.89395505,0.7963559,0.8988041
2025-01-01 00:12:00,0.802222,0.90384895,0.8054226,0.90695524,0.79446036,0.89595217,0.79744536,0.8989546,0.8004939,0.90207666,0.8037149,0.89141893,0.79319745,0.8950568,0.79700094,0.8990316,0.80114776,0.9033462,0.79162115,0.8939647,0.7963669,0.89881617
2025-01-01 00:13:00,0.8022132,0.90383863,0.8054111,0.90694284,0.7944474,0.8959391,0.7974325,0.8989423,0.8004826,0.9020666,0.8037064,0.8914123,0.7931928,0.8950543,0.79700065,0.8990335,0.8011519,0.9033523,0.79162914,0.8939743,0.79637784,0.8988282
2025-01-01 00:14:00,0.8022043,0.90382826,0.8053995,0.9069304,0.7944344,0.895926,0.7974196,0.89893,0.80047125,0.9020566,0.80369794,0.8914057,0.7931882,0.89505184,0.7970004,0.89903545,0.801156,0.9033585,0.79163724,0.893984,0.7963889,0.89884025
2025-01-01 00:15:00,0.80219537,0.90381783,0.80538785,0.90691787,0.79442143,0.8959129,0.79740673,0.8989178,0.80046,0.9020466,0.8036896,0.89139915,0.7931837,0.8950494,0.7970002,0.8990375,0.8011602,0.9033648,0.79164535,0.89399374,0.79639995,0.8988524
2025-01-01 00:16:00,0.8021864,0.90380734,0.80537623,0.9069054,0.79440844,0.8958998,0.7973939,0.8989056,0.8004488,0.90203667,0.80368125,0.89139265,0.7931792,0.89504707,0.7970001,0.89903957,0.80116445,0.9033711,0.79165345,0.8940035,0.7964111,0.8988645
2025-01-01 00:17:00,0.8021774,0.9037969,0.8053646,0.9068929,0.7943955,0.89588666,0.7973811,0.89889336,0.80043757,0.90202683,0.80367297,0.89138615,0.79317474,0.8950448,0.79700005,0.8990418,0.80116874,0.9033774,0.7916617,0.8940133,0.79642224,0.89887667
2025-01-01 00:18:00,0.80216837,0.90378636,0.80535287,0.9068804,0.7943825,0.89587355,0.7973682,0.8988812,0.80042636,0.90201694,0.8036647,0.8913798,0.7931704,0.89504254,0.797,0.899044,0.80117315,0.9033838,0.7916699,0.8940232,0.7964334,0.8988888
2025-01-01 00:19:00,0.8021593,0.9037758,0.8053412,0.90686786,0.79436946,0.8958605,0.7973554,0.89886904,0.8004152,0.9020071,0.8036565,0.8913734,0.79316604,0.8950404,0.79700005,0.89904624,0.80117756,0.9033902,0.7916782,0.894033,0.7964446,0.898901
2025-01-01 00:20:00,0.8021502,0.90376526,0.80532944,0.9068553,0.79435647,0.8958474,0.79734266,0.89885694,0.80040413,0.9019974,0.80364835,0.8913671,0.79316175,0.89503825,0.79700017,0.8990485,0.80118203,0.9033967,0.7916865,0.89404297,0.7964558,0.8989132
2025-01-01 00:21:00,0.802141,0.90375465,0.8053177,0.9068427,0.7943435,0.8958343,0.79732984,0.89884484,0.80039304,0.9019876,0.80364025,0.8913608,0.7931576,0.8950362,0.79700035,0.8990509,0.80118656,0.9034033,0.7916949,0.8940529,0.796467,0.8989254
2025-01-01 00:22:00,0.80213183,0.903744,0.8053059,0.90683013,0.7943304,0.8958212,0.7973171,0.89883274,0.80038196,0.9019779,0.80363214,0.8913546,0.7931534,0.8950342,0.7970005,0.89905334,0.8011911,0.90340984,0.7917033,0.8940629,0.79647833,0.8989377
2025-01-01 00:23:00,0.8021226,0.9037333,0.8052941,0.9068175,0.79431736,0.8958081,0.79730433,0.89882064,0.80037093,0.90196824,0.8036241,0.8913485,0.7931493,0.8950323,0.7970008,0.89905584,0.80119574,0.9034165,0.79171175,0.89407295,0.79648966,0.89895
2025-01-01 00:24:00,0.8021133,0.9037226,0.80528224,0.9068049,0.7943044,0.89579505,0.7972916,0.8988086,0.80035996,0.90195864,0.80361617,0.89134234,0.79314524,0.8950304,0.7970011,0.8990584,0.80120045,0.9034232,0.7917202,0.89408296,0.796501,0.89896226
2025-01-01 00:25:00,0.802104,0.90371186,0.8052704,0.9067923,0.7942913,0.895782,0.7972789,0.8987966,0.800349,0.90194905,0.8036082,0.8913363,0.79314125,0.89502853,0.79700154,0.89906096,0.80120516,0.9034299,0.7917288,0.8940931,0.79651237,0.89897454
2025-01-01 00:26:00,0.8020946,0.90370107,0.80525845,0.9067796,0.79427826,0.8957689,0.7972661,0.8987846,0.8003381,0.9019395,0.8036003,0.8913303,0.79313725,0.89502674,0.797002,0.89906365,0.80121,0.9034367,0.7917374,0.8941032,0.79652375,0.8989869
2025-01-01 00:27:00,0.8020852,0.9036903,0.8052466,0.90676695,0.7942652,0.8957558,0.79725343,0.89877266,0.8003272,0.90193,0.8035925,0.89132434,0.7931334,0.8950251,0.7970025,0.8990663,0.8012148,0.9034435,0.79174596,0.8941134,0.79653513,0.8989992
2025-01-01 00:28:00,0.80207574,0.90367943,0.8052347,0.90675426,0.79425216,0.8957428,0.79724073,0.8987607,0.80031633,0.9019205,0.8035847,0.89131844,0.79312956,0.8950234,0.79700303,0.89906913,0.8012197,0.9034504,0.79175466,0.8941236,0.79654664,0.8990116
2025-01-01 00:29:00,0.80206627,0.9036685,0.8052227,0.90674156,0.7942391,0.8957297,0.7972281,0.89874876,0.8003055,0.9019111,0.80357695,0.8913126,0.79312575,0.8950218,0.7970037,0.89907193,0.80122465,0.90345734,0.79176337,0.89413387,0.7965581,0.899024
2025-01-01 00:30:00,0.80375427,0.9172645,0.80689734,0.91115576,0.7963059,0.91076505,0.7997247,0.9039809,0.8035142,0.91659653,0.80669063,0.8970634,0.796938,0.91087395,0.80076396,0.90548074,0.80521125,0.9196856,0.7963715,0.900632,0.801171,0.9159438
2025-01-01 00:31:00,0.8048481,0.9260981,0.80798167,0.91402054,0.7976447,0.9205335,0.801343,0.9073777,0.80559605,0.9261388,0.80871195,0.9007994,0.7994147,0.9211774,0.8032084,0.9096476,0.80780435,0.9302365,0.79936993,0.9048595,0.80417347,0.9269461
2025-01-01 00:32:00,0.8055557,0.931836,0.8086822,0.9158782,0.7985103,0.9268784,0.8023905,0.9095815,0.80694556,0.93233806,0.8100231,0.9032259,0.8010233,0.92787415,0.8047977,0.9123571,0.80949163,0.93709713,0.801322,0.907611,0.80612916,0.934102
2025-01-01 00:33:00,0.8060122,0.93556184,0.8091333,0.9170812,0.7990684,0.930998,0.803067,0.91100985,0.80781895,0.93636435,0.8108728,0.90480113,0.8020677,0.9322266,0.805831,0.91411936,0.81059027,0.9415591,0.802594,0.9094031,0.80740446,0.93875766
2025-01-01 00:34:00,0.8063056,0.93797976,0.8094223,0.91785866,0.7994266,0.93367124,0.8035023,0.91193414,0.80838305,0.93897825,0.81142247,0.9058231,0.8027454,0.9350552,0.80650306,0.915266,0.8113062,0.9444618,0.803424,0.91057163,0.80823743,0.9417882
2025-01-01 00:35:00,0.8064928,0.9395475,0.8096059,0.9183595,0.7996548,0.93540424,0.8037809,0.9125308,0.8087459,0.9406741,0.8117772,0.9064855,0.8031847,0.93689346,0.8069402,0.9160124,0.8117734,0.9463512,0.8039666,0.91133493,0.808783,0.9437625
2025-01-01 00:36:00,0.80661106,0.9405626,0.809721,0.91868055,0.79979855,0.9365262,0.8039576,0.9129146,0.80897814,0.94177324,0.81200516,0.9069142,0.80346906,0.93808794,0.80722475,0.9164988,0.812079,0.9475818,0.8043225,0.9118347,0.8091417,0.9450501
2025-01-01 00:37:00,0.8066845,0.9412185,0.8097915,0.91888475,0.7998874,0.9372509,0.8040681,0.9131599,0.8091254,0.9424845,0.8121508,0.9071909,0.80365276,0.938864,0.8074101,0.9168161,0.8122796,0.94838434,0.804557,0.91216326,0.809379,0.9458915
2025-01-01 00:38:00,0.8067288,0.9416409,0.8098331,0.919013,0.7999406,0.93771744,0.8041355,0.9133153,0.80921745,0.9429437,0.8122429,0.90736896,0.8037711,0.939368,0.80753106,0.91702354,0.81241184,0.94890857,0.8047127,0.9123806,0.8095373,0.9464428
2025-01-01 00:39:00,0.80675405,0.9419115,0.8098559,0.9190919,0.79997057,0.9380161,0.80417496,0.9134122,0.80927366,0.94323903,0.8123003,0.90748286,0.80384684,0.93969536,0.80761015,0.9171596,0.8124998,0.949252,0.8048171,0.91252553,0.8096444,0.94680554
2025-01-01 00:40:00,0.806767,0.94208354,0.80986637,0.91913867,0.7999855,0.9382057,0.80419624,0.9134712,0.80930656,0.94342786,0.81233513,0.90755504,0.80389506,0.93990785,0.807662,0.91724926,0.81255895,0.94947785,0.8048882,0.91262347,0.8097181,0.94704574
2025-01-01 00:41:00,0.8067719,0.94219136,0.80986893,0.91916454,0.7999906,0.9383244,0.8042057,0.91350543,0.8093242,0.9435475,0.8123552,0.9076002,0.80392534,0.94004565,0.8076962,0.9173088,0.8125993,0.9496273,0.8049376,0.91269094,0.8097701,0.94720626
2025-01-01 00:42:00,0.8067716,0.94225746,0.80986625,0.9191769,0.7999893,0.938397,0.80420744,0.91352373,0.80933213,0.9436222,0.81236583,0.9076278,0.80394393,0.940135,0.807719,0.91734874,0.8126276,0.94972706,0.80497307,0.91273856,0.8098081,0.9473151
2025-01-01 00:43:00,0.80676776,0.94229645,0.8098603,0.91918033,0.79998386,0.93843967,0.8042043,0.91353154,0.8093337,0.94366765,0.8123703,0.907644,0.8039551,0.94019276,0.8077343,0.9173761,0.812648,0.94979465,0.80499935,0.9127733,0.809837,0.94739026
2025-01-01 00:44:00,0.80676186,0.9423179,0.80985206,0.9191782,0.79997575,0.9384629,0.8041979,0.91353256,0.8093311,0.9436942,0.8123708,0.90765274,0.8039613,0.94023013,0.80774486,0.9173951,0.8126633,0.94984126,0.80501974,0.9127996,0.8098599,0.9474435
2025-01-01 00:45:00,0.8067544,0.9423278,0.80984235,0.91917217,0.7999659,0.9384734,0.80418944,0.9135293,0.8093258,0.94370836,0.8123687,0.90765667,0.8039644,0.94025415,0.8077522,0.9174088,0.81267536,0.9498743,0.8050363,0.9128205,0.809879,0.9474825
2025-01-01 00:46:00,0.806746,0.94233024,0.80983174,0.91916376,0.7999549,0.9384758,0.8041796,0.9135231,0.80931884,0.94371456,0.8123649,0.90765756,0.8039654,0.9402696,0.8077576,0.91741914,0.81268525,0.94989854,0.8050504,0.912838,0.8098956,0.9475124
2025-01-01 00:47:00,0.80673695,0.94232774,0.8098206,0.91915375,0.7999432,0.93847287,0.80416894,0.9135151,0.8093108,0.9437156,0.81236005,0.9076565,0.8039651,0.94027954,0.8077618,0.9174272,0.8126937,0.949917,0.80506283,0.9128531,0.80991054,0.9475362
2025-01-01 00:48:00,0.80672747,0.94232213,0.8098089,0.9191427,0.799931,0.93846637,0.8041576,0.9135059,0.809302,0.94371325,0.8123545,0.90765405,0.8039641,0.9402858,0.80776507,0.9174338,0.8127014,0.94993186,0.80507433,0.9128668,0.8099245,0.94755614
2025-01-01 00:49:00,0.8067177,0.9423145,0.809797,0.91913104,0.7999185,0.9384576,0.804146,0.913496,0.80929273,0.9437088,0.8123486,0.9076509,0.80396247,0.94028974,0.8077679,0.9174395,0.8127085,0.94994426,0.8050852,0.9128795,0.8099378,0.9475736
2025-01-01 00:50:00,0.80670774,0.9423054,0.8097849,0.9191189,0.7999057,0.9384475,0.80413413,0.9134856,0.8092832,0.9437028,0.81234235,0.9076472,0.80396056,0.9402922,0.8077704,0.9174447,0.8127153,0.9499551,0.8050956,0.9128917,0.80995065,0.94758934
2025-01-01 00:51:00,0.8066976,0.9422955,0.8097727,0.9191065,0.79989284,0.9384364,0.8041221,0.9134748,0.8092735,0.9436961,0.812336,0.90764314,0.8039584,0.9402937,0.8077727,0.9174495,0.81272185,0.949965,0.80510575,0.9129034,0.80996317,0.9476041
2025-01-01 00:52:00,0.80668736,0.942285,0.80976033,0.9190939,0.7998799,0.93842465,0.80411,0.9134639,0.8092637,0.94368875,0.8123296,0.9076389,0.8039562,0.9402946,0.8077749,0.91745406,0.8127283,0.94997424,0.80511576,0.91291493,0.80997556,0.9476182
2025-01-01 00:53:00,0.8066771,0.9422741,0.80974793,0.9190811,0.7998669,0.93841255,0.8040979,0.91345286,0.8092539,0.943681,0.8123232,0.9076346,0.80395395,0.9402952,0.80777705,0.91745853,0.81273466,0.94998306,0.80512565,0.91292626,0.80998796,0.9476318
2025-01-01 00:54:00,0.8066668,0.9422629,0.80973554,0.9190683,0.79985386,0.93840015,0.80408573,0.9134418,0.80924404,0.94367313,0.8123168,0.90763026,0.8039517,0.9402956,0.80777925,0.91746294,0.81274104,0.9499917,0.8051355,0.91293746,0.8100001,0.94764507
2025-01-01 00:55:00,0.80665636,0.94225156,0.8097231,0.9190554,0.7998408,0.93838763,0.8040736,0.9134307,0.80923414,0.9436651,0.81231034,0.9076259,0.80394936,0.9402958,0.8077814,0.91746736,0.81274736,0.9500002,0.8051454,0.9129487,0.8100124,0.94765824
2025-01-01 00:56:00,0.8066459,0.94224006,0.8097106,0.91904247,0.79982775,0.938375,0.8040614,0.91341954,0.8092243,0.94365704,0.8123039,0.9076215,0.80394715,0.940296,0.8077836,0.9174717,0.8127538,0.95000863,0.8051553,0.91296,0.8100246,0.9476713
2025-01-01 00:57:00,0.8066354,0.9422285,0.8096981,0.91902953,0.79981464,0.93836236,0.80404925,0.9134084,0.8092145,0.94364893,0.8122975,0.9076172,0.803945,0.94029605,0.80778587,0.9174761,0.81276023,0.950017,0.8051652,0.9129712,0.81003684,0.9476842
2025-01-01 00:58:00,0.8066248,0.9422169,0.8096855,0.9190165,0.7998015,0.9383496,0.8040371,0.91339725,0.80920464,0.94364077,0.81229115,0.9076129,0.80394286,0.9402962,0.80778813,0.91748065,0.8127667,0.9500254,0.80517507,0.91298246,0.810049,0.94769716
2025-01-01 00:59:00,0.8066142,0.9422052,0.80967295,0.9190035,0.7997885,0.93833685,0.804025,0.91338617,0.80919486,0.94363266,0.8122848,0.9076087,0.8039407,0.94029635,0.80779046,0.9174851,0.81277317,0.9500337,0.80518496,0.91299367,0.8100612,0.9477101
2025-01-01 01:00:00,0.80918074,0.94279,0.81227005,0.91969573,0.80280685,0.93978965,0.8074736,0.9146768,0.8133465,0.9454401,0.8162951,0.9093075,0.8086602,0.9425732,0.81234896,0.91956055,0.81758255,0.95296615,0.8105413,0.91531837,0.81535584,0.9505729
2025-01-01 01:01:00,0.81084526,0.9431659,0.81395376,0.9201411,0.8047643,0.94072956,0.80971104,0.9155119,0.81604165,0.94661224,0.81889963,0.9104102,0.81172717,0.94405323,0.81531286,0.92091113,0.82071096,0.9548752,0.8140264,0.91683334,0.81880164,0.9524383
2025-01-01 01:02:00,0.8119233,0.94340616,0.81504375,0.920426,0.806032,0.94133604,0.8111611,0.91605085,0.81779015,0.9473713,0.8205904,0.91112566,0.8137201,0.9450153,0.81724036,0.9217907,0.8227468,0.956119,0.81629527,0.91782206,0.8210458,0.9536553
2025-01-01 01:03:00,0.81262034,0.94355816,0.8157478,0.9206067,0.8068514,0.9417258,0.81209946,0.91639733,0.81892335,0.9478619,0.82168734,0.91158926,0.81501484,0.9456409,0.81849414,0.9223642,0.8240725,0.9569305,0.8177736,0.9184688,0.82250875,0.95445085
2025-01-01 01:04:00,0.81306964,0.9436528,0.816201,0.9207195,0.8073795,0.9419747,0.8127053,0.91661876,0.81965655,0.94817805,0.82239825,0.91188926,0.8158558,0.9460477,0.81931,0.92273855,0.82493657,0.957461,0.8187381,0.91889304,0.823464,0.95497245
2025-01-01 01:05:00,0.8133579,0.9437101,0.8164911,0.9207883,0.80771816,0.94213206,0.81309485,0.91675884,0.8201299,0.9483808,0.82285833,0.9120829,0.8164019,0.9463123,0.8198413,0.92298365,0.8255006,0.95780885,0.8193686,0.9191729,0.8240892,0.95531607
2025-01-01 01:06:00,0.8135415,0.94374317,0.81667525,0.9208284,0.80793375,0.9422298,0.8133439,0.9168461,0.82043415,0.9485099,0.8231553,0.9122075,0.81675625,0.9464845,0.8201877,0.92314464,0.8258697,0.95803803,0.819782,0.91935873,0.82449996,0.95554394
2025-01-01 01:07:00,0.81365687,0.9437605,0.8167905,0.9208499,0.8080692,0.94228894,0.81350154,0.9168991,0.8206287,0.94859105,0.82334626,0.9122872,0.8169861,0.9465966,0.82041377,0.9232511,0.82611203,0.9581901,0.8200543,0.91948366,0.82477134,0.9556966
2025-01-01 01:08:00,0.81372815,0.94376755,0.81686103,0.92085934,0.8081528,0.942323,0.8135999,0.9169298,0.8207519,0.94864124,0.8234684,0.9123376,0.8171349,0.9466698,0.8205618,0.923322,0.826272,0.95829195,0.8202349,0.91956884,0.82495207,0.95580035
2025-01-01 01:09:00,0.8137706,0.9437679,0.81690234,0.9208608,0.80820256,0.94234073,0.8136597,0.9169459,0.82082874,0.9486711,0.8235458,0.9123692,0.8172312,0.9467176,0.82065904,0.92336994,0.82637846,0.95836127,0.8203559,0.91962826,0.82507384,0.9558723
2025-01-01 01:10:00,0.8137943,0.943764,0.81692475,0.92085725,0.80823034,0.94234776,0.8136944,0.91695267,0.8208754,0.9486879,0.8235941,0.91238844,0.8172932,0.94674903,0.8207233,0.9234029,0.82645017,0.95840937,0.8204382,0.919671,0.8251574,0.9559236
2025-01-01 01:11:00,0.8138059,0.9437572,0.8169348,0.9208504,0.8082439,0.942348,0.8137129,0.9169533,0.8209025,0.9486962,0.8236236,0.91239977,0.8173331,0.9467698,0.8207662,0.9234261,0.8264993,0.9584438,0.8204953,0.91970277,0.82521605,0.95596147
2025-01-01 01:12:00,0.8138096,0.94374853,0.8169369,0.9208413,0.80824804,0.9423437,0.8137207,0.91695,0.82091695,0.94869894,0.82364076,0.91240585,0.8173586,0.94678354,0.8207952,0.9234431,0.82653373,0.95846933,0.82053614,0.9197275,0.82525855,0.9559907
2025-01-01 01:13:00,0.813808,0.94373864,0.8169338,0.92083085,0.8082462,0.94233656,0.8137217,0.91694415,0.8209231,0.94869816,0.82365,0.91240865,0.81737477,0.9467929,0.8208151,0.92345595,0.82655865,0.9584891,0.82056636,0.9197477,0.8252906,0.9560142
2025-01-01 01:14:00,0.8138032,0.94372797,0.8169273,0.9208194,0.8082405,0.9423275,0.81371826,0.91693664,0.8209239,0.94869506,0.8236542,0.91240937,0.81738484,0.94679934,0.8208292,0.9234662,0.8265774,0.9585051,0.82058966,0.9197649,0.8253158,0.95603406
2025-01-01 01:15:00,0.8137961,0.94371676,0.8169186,0.9208074,0.8082322,0.9423172,0.81371194,0.91692805,0.8209213,0.94869053,0.8236549,0.9124086,0.81739104,0.9468039,0.8208395,0.9234747,0.8265922,0.9585187,0.8206085,0.9197802,0.8253365,0.9560515
2025-01-01 01:16:00,0.81378764,0.9437052,0.8169084,0.9207951,0.80822223,0.9423061,0.8137037,0.9169188,0.8209164,0.948685,0.8236536,0.912407,0.8173947,0.9468073,0.82084745,0.92348224,0.8266044,0.9585307,0.8206245,0.91979426,0.8253544,0.9560674
2025-01-01 01:17:00,0.8137781,0.94369346,0.81689733,0.92078245,0.80821127,0.94229454,0.81369424,0.91690916,0.8209101,0.94867885,0.82365084,0.9124048,0.8173967,0.94680995,0.82085377,0.92348903,0.826615,0.95854175,0.82063854,0.91980755,0.82537043,0.9560823
2025-01-01 01:18:00,0.8137681,0.94368154,0.81688565,0.92076963,0.8081996,0.9422827,0.8136841,0.9168992,0.8209029,0.94867235,0.82364726,0.9124023,0.81739765,0.9468121,0.82085913,0.9234954,0.8266244,0.9585521,0.8206515,0.91982025,0.8253852,0.9560965
2025-01-01 01:19:00,0.81375754,0.9436695,0.81687355,0.9207567,0.8081874,0.9422706,0.8136734,0.9168891,0.820895,0.94866556,0.8236431,0.9123996,0.817398,0.946814,0.82086384,0.9235015,0.82663316,0.95856214,0.8206636,0.91983265,0.82539934,0.9561103
2025-01-01 01:20:00,0.8137468,0.9436574,0.81686115,0.92074376,0.808175,0.9422584,0.81366235,0.9168789,0.82088685,0.94865876,0.82363856,0.9123968,0.817398,0.9468157,0.82086813,0.92350745,0.82664156,0.9585719,0.8206752,0.91984487,0.82541287,0.9561239
2025-01-01 01:21:00,0.81373584,0.9436452,0.81684864,0.9207307,0.8081624,0.94224614,0.8136512,0.9168687,0.82087845,0.94865185,0.8236339,0.912394,0.81739765,0.9468174,0.82087225,0.92351335,0.82664967,0.9585815,0.8206865,0.91985697,0.82542604,0.95613724
2025-01-01 01:22:00,0.8137247,0.943633,0.8168359,0.92071766,0.8081497,0.9422338,0.81363994,0.91685843,0.82086986,0.9486449,0.8236291,0.91239107,0.81739724,0.946819,0.82087624,0.9235192,0.82665765,0.958591,0.82069767,0.919869,0.8254391,0.95615053
2025-01-01 01:23:00,0.8137135,0.9436207,0.8168231,0.9207046,0.8081368,0.94222146,0.81362855,0.9168482,0.82086134,0.9486379,0.8236242,0.9123882,0.8173967,0.9468206,0.8208801,0.92352504,0.8266655,0.95860046,0.8207087,0.91988105,0.825452,0.9561637
2025-01-01 01:24:00,0.81370217,0.9436084,0.81681037,0.9206915,0.808124,0.94220906,0.81361717,0.91683793,0.82085264,0.948631,0.8236193,0.91238534,0.8173962,0.9468222,0.8208839,0.92353094,0.8266734,0.95861,0.82071966,0.91989297,0.8254649,0.9561768
2025-01-01 01:25:00,0.81369084,0.94359607,0.81679755,0.9206784,0.80811113,0.9421967,0.8136057,0.91682774,0.820844,0.94862413,0.8236144,0.9123826,0.8173957,0.9468239,0.82088786,0.9235368,0.82668126,0.9586195,0.8207306,0.91990495,0.82547766,0.95618993
2025-01-01 01:26:00,0.81367946,0.9435837,0.8167847,0.92066526,0.80809826,0.9421843,0.81359434,0.9168175,0.8208354,0.9486172,0.8236096,0.9123798,0.8173952,0.9468255,0.82089174,0.9235427,0.8266891,0.95862895,0.82074153,0.9199169,0.8254904,0.95620304
2025-01-01 01:27:00,0.813668,0.9435713,0.81677175,0.92065215,0.8080853,0.942172,0.8135829,0.9168073,0.8208268,0.94861037,0.8236048,0.91237706,0.81739473,0.94682723,0.8208957,0.92354864,0.826697,0.9586385,0.8207525,0.91992885,0.8255032,0.9562161
2025-01-01 01:28:00,0.81365657,0.943559,0.8167588,0.9206391,0.80807245,0.94215965,0.8135715,0.91679716,0.82081825,0.9486036,0.8236,0.91237444,0.81739426,0.94682896,0.8208996,0.92355466,0.82670486,0.958648,0.8207634,0.9199408,0.8255159,0.95622915
2025-01-01 01:29:00,0.81364506,0.9435466,0.8167459,0.920626,0.8080596,0.9421473,0.8135601,0.916787,0.82080966,0.94859684,0.8235953,0.9123718,0.8173939,0.9468308,0.8209036,0.9235607,0.8267128,0.95865756,0.8207744,0.91995287,0.8255286,0.95624226
2025-01-01 01:30:00,0.81704485,0.94485843,0.8202197,0.92201453,0.8119764,0.94430053,0.8178998,0.918781,0.82583076,0.95110804,0.82843095,0.9147423,0.8229371,0.94974977,0.8261795,0.9262403,0.8322597,0.9621788,0.826784,0.9228231,0.83141124,0.95960957
2025-01-01 01:31:00,0.81925064,0.94570684,0.8224731,0.92291254,0.81451786,0.9456958,0.8207168,0.9200736,0.82909155,0.9527381,0.83157253,0.9162823,0.8265401,0.95164776,0.82961035,0.9279843,0.83586806,0.96447104,0.8306942,0.9246929,0.8352394,0.96180296
2025-01-01 01:32:00,0.8206804,0.9462539,0.82393324,0.9234916,0.81616527,0.94659853,0.8225438,0.9209103,0.83120817,0.9537953,0.83361304,0.91728246,0.82888204,0.9528822,0.8318418,0.9291201,0.8382163,0.9659644,0.8332397,0.9259126,0.8377322,0.96323323
2025-01-01 01:33:00,0.82160556,0.9466051,0.8248778,0.9238634,0.8172316,0.9471809,0.8237275,0.92145073,0.8325811,0.95448023,0.8349378,0.9179318,0.8304043,0.95368534,0.83329386,0.92986053,0.8397456,0.9669385,0.8348982,0.92670965,0.839357,0.96416754
2025-01-01 01:34:00,0.8222028,0.946829,0.8254872,0.9241005,0.8179202,0.9475553,0.824493,0.9217986,0.8334706,0.9549232,0.83579737,0.9183531,0.8313937,0.95420814,0.8342392,0.9303441,0.84074247,0.96757513,0.8359801,0.927232,0.84041756,0.9647794
2025-01-01 01:35:00,0.822587,0.94697016,0.8258788,0.9242501,0.81836337,0.9477944,0.82498664,0.9220212,0.8340459,0.9552089,0.83635455,0.9186261,0.83203685,0.9545488,0.8348552,0.9306607,0.8413933,0.96799237,0.8366872,0.92757577,0.8411114,0.96518165
2025-01-01 01:36:00,0.82283264,0.9470575,0.8261288,0.9243427,0.8186469,0.94794554,0.8253036,0.92216253,0.834417,0.9553924,0.8367152,0.91880286,0.8324549,0.95477104,0.8352572,0.93086874,0.84181935,0.9682671,0.8371508,0.9278035,0.8415669,0.9654477
2025-01-01 01:37:00,0.82298815,0.9471098,0.82628673,0.9243983,0.81882674,0.94803953,0.8255058,0.9222509,0.83465534,0.9555095,0.8369482,0.91891706,0.8327267,0.9549163,0.8355201,0.93100625,0.8420992,0.96844906,0.8374561,0.9279558,0.8418675,0.9656253
2025-01-01 01:38:00,0.8230851,0.9471395,0.82638484,0.9244299,0.8189392,0.94809645,0.82563335,0.922305,0.83480746,0.95558345,0.8370982,0.91899055,0.8329035,0.9550116,0.8356925,0.9310979,0.84228396,0.9685709,0.83765846,0.9280591,0.84206736,0.9657452
2025-01-01 01:39:00,0.823144,0.94715434,0.826444,0.9244458,0.8190078,0.9481292,0.8257124,0.9223368,0.83490354,0.95562935,0.83719426,0.9190377,0.8330185,0.9550744,0.83580625,0.93115985,0.8424071,0.96865356,0.837794,0.9281305,0.8422018,0.9658278
2025-01-01 01:40:00,0.8231781,0.9471595,0.82647794,0.9244516,0.819048,0.9481462,0.8257599,0.9223541,0.8349632,0.95565706,0.83725524,0.9190676,0.83309335,0.95511615,0.8358818,0.9312025,0.8424901,0.96871084,0.83788604,0.92818123,0.84229374,0.96588606
2025-01-01 01:41:00,0.8231962,0.9471586,0.8264954,0.9244508,0.8190696,0.94815314,0.825787,0.92236197,0.83499914,0.955673,0.8372935,0.91908646,0.83314216,0.95514417,0.83593255,0.93123245,0.842547,0.9687516,0.8379499,0.9282185,0.842358,0.9659285
2025-01-01 01:42:00,0.82320374,0.94715345,0.82650214,0.9244457,0.8190792,0.94815344,0.8258007,0.92236376,0.8350198,0.95568115,0.837317,0.919098,0.83317405,0.9551633,0.83596724,0.9312544,0.842587,0.96878165,0.8379953,0.9282471,0.84240425,0.9659607
2025-01-01 01:43:00,0.82320446,0.9471457,0.82650197,0.9244378,0.81908107,0.9481494,0.82580584,0.92236155,0.8350305,0.9556844,0.8373309,0.919105,0.8331949,0.95517665,0.8359915,0.931271,0.842616,0.9688048,0.83802885,0.9282699,0.8424389,0.9659862
2025-01-01 01:44:00,0.82320076,0.9471363,0.8264973,0.9244281,0.81907773,0.94814265,0.82580537,0.92235684,0.83503467,0.9556845,0.83733857,0.9191089,0.83320874,0.95518637,0.83600897,0.93128425,0.84263796,0.9688234,0.8380547,0.9282891,0.84246594,0.96600735
2025-01-01 01:45:00,0.8231942,0.9471257,0.82648975,0.92441726,0.81907123,0.94813406,0.82580125,0.9223505,0.8350347,0.9556825,0.83734226,0.9191109,0.8332179,0.95519364,0.836022,0.9312953,0.8426552,0.968839,0.83807546,0.9283059,0.842488,0.9660257
2025-01-01 01:46:00,0.8231857,0.94711435,0.8264802,0.9244056,0.81906253,0.94812435,0.8257948,0.9223431,0.835032,0.9556792,0.83734334,0.9191117,0.8332241,0.9551994,0.8360323,0.9313048,0.8426695,0.9688528,0.83809304,0.92832124,0.8425069,0.9660422
2025-01-01 01:47:00,0.82317597,0.9471025,0.8264694,0.9243934,0.8190524,0.94811386,0.8257868,0.92233497,0.8350276,0.955675,0.83734274,0.91911167,0.8332284,0.9552041,0.8360407,0.9313136,0.8426819,0.9688654,0.8381085,0.92833555,0.8425237,0.96605754
2025-01-01 01:48:00,0.8231654,0.9470903,0.82645786,0.924381,0.81904143,0.94810283,0.82577795,0.92232645,0.83502203,0.9556703,0.8373411,0.91911113,0.83323145,0.9552083,0.83604795,0.9313217,0.84269303,0.96887714,0.83812255,0.92834914,0.84253913,0.966072
2025-01-01 01:49:00,0.8231544,0.947078,0.82644576,0.9243684,0.8190299,0.94809157,0.8257684,0.9223176,0.8350158,0.95566523,0.8373388,0.9191103,0.8332338,0.95521206,0.83605456,0.9313295,0.8427034,0.96888846,0.8381358,0.92836237,0.8425537,0.9660861
2025-01-01 01:50:00,0.82314295,0.9470655,0.8264333,0.92435557,0.819018,0.9480801,0.82575846,0.9223087,0.83500904,0.95566,0.83733606,0.9191093,0.83323556,0.95521563,0.8360606,0.93133706,0.8427133,0.9688995,0.8381484,0.9283753,0.84256774,0.9660998
2025-01-01 01:51:00,0.8231313,0.9470529,0.8264206,0.9243427,0.81900585,0.94806856,0.82574826,0.9222996,0.83500206,0.9556546,0.8373331,0.9191082,0.8332371,0.95521903,0.83606637,0.9313445,0.84272283,0.9689103,0.83816075,0.9283882,0.8425814,0.9661133
2025-01-01 01:52:00,0.8231195,0.94704026,0.82640785,0.9243298,0.81899357,0.94805694,0.825738,0.9222906,0.83499503,0.95564926,0.8373299,0.9191071,0.8332384,0.95522237,0.836072,0.93135184,0.8427322,0.968921,0.83817285,0.9284009,0.8425948,0.96612674
2025-01-01 01:53:00,0.8231076,0.94702756,0.826395,0.9243168,0.8189812,0.94804525,0.8257275,0.92228156,0.83498776,0.95564383,0.8373267,0.91910595,0.8332397,0.95522565,0.8360776,0.9313592,0.84274143,0.9689316,0.8381848,0.92841345,0.8426081,0.96614003
2025-01-01 01:54:00,0.8230956,0.9470148,0.826382,0.9243039,0.8189687,0.9480336,0.82571703,0.92227244,0.83498055,0.9556384,0.8373235,0.9191048,0.8332409,0.9552289,0.8360831,0.9313666,0.84275067,0.9689423,0.83819664,0.9284261,0.84262127,0.96615326
2025-01-01 01:55:00,0.8230835,0.947002,0.8263689,0.9242909,0.81895626,0.94802195,0.8257066,0.92226344,0.8349733,0.95563304,0.83732027,0.91910374,0.8332421,0.95523226,0.8360886,0.93137395,0.84275985,0.96895283,0.83820844,0.92843866,0.8426344,0.9661664
2025-01-01 01:56:00,0.8230714,0.9469892,0.82635593,0.92427784,0.81894374,0.9480102,0.8256962,0.9222544,0.834966,0.95562774,0.83731705,0.9191027,0.8332433,0.95523566,0.8360941,0.9313814,0.84276897,0.96896344,0.83822024,0.92845124,0.84264743,0.96617955
2025-01-01 01:57:00,0.8230592,0.94697636,0.8263428,0.92426485,0.8189313,0.9479985,0.8256857,0.9222454,0.8349588,0.9556224,0.8373139,0.9191017,0.83324456,0.95523906,0.8360996,0.93138885,0.8427782,0.96897405,0.83823204,0.9284638,0.84266055,0.96619266
2025-01-01 01:58:00,0.82304704,0.94696355,0.8263297,0.9242519,0.8189188,0.9479869,0.82567525,0.9222364,0.8349516,0.95561713,0.83731073,0.91910076,0.8332458,0.9552425,0.83610517,0.9313963,0.8427874,0.9689847,0.8382439,0.9284764,0.8426736,0.9662057
2025-01-01 01:59:00,0.8230348,0.9469507,0.8263166,0.9242389,0.81890637,0.9479753,0.8256648,0.92222744,0.8349444,0.9556119,0.83730763,0.9190998,0.8332471,0.95524603,0.8361108,0.9314038,0.84279656,0.9689954,0.8382557,0.92848897,0.84268665,0.9662188
2025-01-01 02:00:00,0.8272063,0.94896597,0.83060396,0.9262988,0.8236507,0.95078987,0.8308172,0.9248887,0.8407442,0.9587816,0.8428814,0.92209893,0.8395138,0.95875406,0.8420089,0.9346394,0.8489809,0.97304165,0.84481007,0.9318529,0.8490509,0.9700296
2025-01-01 02:01:00,0.8299135,0.95027137,0.8333862,0.9276332,0.82673025,0.9526153,0.83416265,0.9266154,0.84451157,0.96084017,0.8465033,0.9240481,0.84358764,0.9610355,0.8458446,0.9367452,0.853004,0.9756755,0.8490746,0.9340438,0.85319227,0.97251123
2025-01-01 02:02:00,0.83166885,0.95111537,0.8351901,0.92849606,0.82872766,0.9537979,0.83633363,0.92773473,0.846958,0.9621765,0.8488565,0.92531484,0.84623617,0.9625198,0.8483399,0.9381167,0.8556223,0.9773913,0.8518507,0.93547237,0.85588866,0.97412884
2025-01-01 02:03:00,0.8328055,0.9516595,0.836358,0.9290523,0.8300216,0.9545625,0.83774114,0.9284592,0.84854573,0.9630434,0.8503852,0.92613804,0.8479583,0.96348596,0.84996396,0.9390109,0.85732746,0.9785104,0.8536594,0.93640536,0.8576459,0.97518486
2025-01-01 02:04:00,0.83354,0.9520086,0.83711255,0.9294094,0.83085835,0.9550555,0.8386525,0.9289271,0.8495754,0.96360517,0.8513778,0.9266729,0.8490783,0.9641153,0.85102165,0.93959486,0.85843915,0.9792416,0.8548392,0.9370163,0.8587927,0.9758758
2025-01-01 02:05:00,0.8340131,0.95223105,0.83759844,0.929637,0.83139795,0.955372,0.8392413,0.92922825,0.85024226,0.96396863,0.8520221,0.92702043,0.8498069,0.96452576,0.8517112,0.9399772,0.8591651,0.9797207,0.85561025,0.93741786,0.8595427,0.9763295
2025-01-01 02:06:00,0.83431625,0.95237106,0.83790964,0.9297804,0.8317444,0.9555737,0.8396205,0.929421,0.8506734,0.9642032,0.85243994,0.92724615,0.8502812,0.9647939,0.8521615,0.9402285,0.8596403,0.98003596,0.8561157,0.9376833,0.86003476,0.97662896
2025-01-01 02:07:00,0.83450896,0.95245755,0.83810735,0.9298691,0.8319652,0.9557008,0.8398634,0.9295433,0.85095125,0.96435404,0.85271066,0.9273928,0.85059005,0.96496964,0.8524564,0.9403947,0.85995257,0.9802447,0.8564484,0.93786025,0.86035925,0.97682816
2025-01-01 02:08:00,0.8346299,0.9525092,0.83823127,0.9299223,0.83210444,0.9557795,0.84001786,0.92961985,0.85112953,0.9644505,0.8528858,0.92748797,0.8507915,0.9650853,0.8526502,0.94050545,0.8601589,0.98038423,0.85666895,0.9379798,0.86057466,0.9769622
2025-01-01 02:09:00,0.83470416,0.9525383,0.83830726,0.9299523,0.8321907,0.9558267,0.8401147,0.92966664,0.85124314,0.9645115,0.85299873,0.9275497,0.8509232,0.965162,0.8527784,0.94058025,0.8602964,0.98047876,0.8568165,0.93806195,0.86071926,0.97705394
2025-01-01 02:10:00,0.834748,0.9525526,0.838352,0.92996734,0.8322424,0.9558534,0.84017414,0.9296941,0.85131466,0.96454966,0.85307133,0.9275899,0.8510094,0.96521324,0.85286385,0.94063175,0.86038923,0.98054415,0.8569166,0.9381198,0.8608179,0.97711813
2025-01-01 02:11:00,0.83477217,0.9525574,0.8383765,0.9299726,0.8322718,0.9558669,0.84020936,0.9297091,0.8513589,0.96457285,0.8531177,0.9276159,0.8510663,0.96524805,0.8529216,0.9406681,0.86045295,0.9805906,0.8569859,0.9381619,0.8608866,0.9771644
2025-01-01 02:12:00,0.8347835,0.952556,0.83838797,0.9299715,0.83228666,0.9558717,0.8402288,0.92971593,0.85138535,0.9645864,0.85314703,0.92763275,0.85110396,0.96527225,0.85296136,0.9406945,0.8604978,0.98062456,0.8570352,0.93819374,0.86093575,0.97719896
2025-01-01 02:13:00,0.8347864,0.95255053,0.83839077,0.9299664,0.8322921,0.95587087,0.8402379,0.9297175,0.8514003,0.96459365,0.8531653,0.9276437,0.85112923,0.9652894,0.85298944,0.9407146,0.8605304,0.9806506,0.8570716,0.93821895,0.86097234,0.9772261
2025-01-01 02:14:00,0.834784,0.9525424,0.83838797,0.9299586,0.8322913,0.9558665,0.8402404,0.9297156,0.8514078,0.96459687,0.8531765,0.92765087,0.8511465,0.96530217,0.85301,0.9407306,0.86055505,0.98067147,0.8570995,0.9382398,0.86100066,0.9772482
2025-01-01 02:15:00,0.834778,0.9525326,0.8383816,0.929949,0.8322866,0.9558597,0.84023863,0.9297115,0.8514105,0.9645974,0.853183,0.92765564,0.8511585,0.965312,0.85302556,0.94074386,0.86057454,0.9806889,0.8571218,0.9382579,0.8610237,0.9772671
2025-01-01 02:16:00,0.8347697,0.9525216,0.8383729,0.92993826,0.83227926,0.95585144,0.8402341,0.929706,0.85141003,0.96459633,0.8531865,0.92765874,0.85116714,0.96532,0.85303795,0.9407554,0.8605907,0.98070425,0.85714066,0.9382741,0.8610433,0.97728395
2025-01-01 02:17:00,0.8347599,0.9525099,0.83836263,0.9299268,0.83227026,0.95584226,0.8402277,0.92969966,0.8514076,0.9645942,0.8531881,0.9276608,0.85117364,0.96532685,0.8530483,0.9407659,0.8606047,0.98071814,0.8571572,0.93828917,0.86106056,0.97729945
2025-01-01 02:18:00,0.8347491,0.9524978,0.83835137,0.92991495,0.83226013,0.95583236,0.8402202,0.9296927,0.85140383,0.9645913,0.8531884,0.9276623,0.8511787,0.96533287,0.85305744,0.9407757,0.86061734,0.9807311,0.8571722,0.9383034,0.8610764,0.97731405
2025-01-01 02:19:00,0.8347377,0.95248526,0.8383395,0.9299028,0.8322494,0.9558221,0.840212,0.9296854,0.85139924,0.96458805,0.853188,0.9276633,0.8511829,0.9653384,0.8530657,0.940785,0.860629,0.9807435,0.8571863,0.93831724,0.8610913,0.97732806
2025-01-01 02:20:00,0.83472586,0.9524726,0.83832717,0.9298904,0.83223826,0.9558116,0.8402033,0.92967784,0.8513942,0.9645846,0.8531871,0.92766416,0.8511865,0.9653437,0.8530735,0.94079405,0.8606402,0.98075557,0.8571998,0.9383307,0.8611055,0.9773417
2025-01-01 02:21:00,0.8347137,0.9524598,0.8383146,0.9298779,0.83222675,0.955801,0.8401943,0.92967016,0.8513888,0.9645809,0.85318583,0.9276649,0.85118985,0.96534884,0.85308087,0.94080293,0.860651,0.98076737,0.85721284,0.938344,0.86111945,0.9773551
2025-01-01 02:22:00,0.83470136,0.95244694,0.8383019,0.9298653,0.8322151,0.9557903,0.8401851,0.92966247,0.8513832,0.96457714,0.85318446,0.92766553,0.85119295,0.96535385,0.853088,0.9408117,0.86066157,0.98077905,0.85722566,0.9383572,0.861133,0.97736835
2025-01-01 02:23:00,0.8346889,0.952434,0.83828896,0.9298527,0.8322033,0.9557795,0.8401758,0.92965466,0.8513775,0.9645734,0.853183,0.9276661,0.8511959,0.96535885,0.8530951,0.9408205,0.86067206,0.9807906,0.85723835,0.9383702,0.8611464,0.97738147
2025-01-01 02:24:00,0.8346763,0.952421,0.838276,0.9298401,0.8321915,0.95576864,0.8401665,0.92964697,0.8513717,0.9645696,0.8531815,0.9276668,0.8511988,0.96536386,0.85310215,0.9408293,0.8606825,0.9808022,0.8572509,0.9383833,0.8611597,0.9773945
2025-01-01 02:25:00,0.83466375,0.952408,0.8382631,0.92982745,0.8321797,0.95575786,0.84015715,0.9296392,0.8513659,0.9645659,0.85317993,0.9276674,0.8512017,0.9653688,0.8531092,0.94083804,0.8606928,0.9808138,0.85726345,0.9383963,0.8611729,0.97740746
2025-01-01 02:26:00,0.8346512,0.95239496,0.8382501,0.9298148,0.83216786,0.9557471,0.8401478,0.9296316,0.8513602,0.9645622,0.8531784,0.9276681,0.8512047,0.9653738,0.8531162,0.9408468,0.8607031,0.9808253,0.85727584,0.93840927,0.86118615,0.97742045
2025-01-01 02:27:00,0.8346385,0.95238185,0.8382371,0.9298021,0.832156,0.9557363,0.8401385,0.92962384,0.8513545,0.9645584,0.85317695,0.9276688,0.8512076,0.9653788,0.85312325,0.94085556,0.8607135,0.9808369,0.85728836,0.9384222,0.8611993,0.9774334
2025-01-01 02:28:00,0.8346258,0.9523688,0.83822405,0.9297895,0.83214414,0.95572555,0.84012914,0.9296162,0.85134876,0.9645548,0.85317546,0.9276695,0.85121065,0.96538395,0.85313034,0.9408644,0.86072385,0.98084843,0.8573008,0.93843514,0.8612125,0.97744626
2025-01-01 02:29:00,0.834613,0.95235574,0.838211,0.92977685,0.83213234,0.9557148,0.84011984,0.92960864,0.8513431,0.9645512,0.85317403,0.92767036,0.85121363,0.965389,0.85313743,0.9408732,0.8607342,0.98086,0.8573133,0.93844813,0.86122555,0.97745913
2025-01-01 02:30:00,0.83948225,0.9550384,0.84323615,0.93247145,0.83762,0.95914084,0.8459934,0.9328896,0.8578187,0.9683229,0.85938686,0.9312449,0.8580926,0.96942395,0.8595529,0.9446071,0.86744606,0.9853598,0.8642961,0.9422459,0.8679586,0.98164594
2025-01-01 02:31:00,0.8426427,0.95677763,0.8464979,0.93421847,0.84118295,0.961364,0.849808,0.9350196,0.8620259,0.9707732,0.8634248,0.9335688,0.86256504,0.9720485,0.86372554,0.9470372,0.8718124,0.9882887,0.86883926,0.9447191,0.87233955,0.9843718
2025-01-01 02:32:00,0.8446926,0.9579035,0.84861356,0.93534976,0.8434948,0.96280533,0.8522843,0.93640155,0.8647587,0.97236484,0.86604905,0.93507963,0.8654733,0.9737564,0.86644036,0.94861996,0.87465423,0.9901966,0.8717968,0.9463312,0.8751918,0.98614806
2025-01-01 02:33:00,0.84602046,0.95863074,0.8499841,0.93608063,0.84499335,0.9637385,0.8538907,0.9372973,0.8665331,0.9733982,0.8677544,0.9360621,0.86736476,0.97486836,0.8682075,0.949652,0.87650514,0.99144083,0.87372357,0.9473836,0.87705034,0.9873072
2025-01-01 02:34:00,0.8468791,0.9590989,0.85087043,0.93655133,0.8459633,0.9643414,0.8549318,0.93787694,0.8676846,0.97406876,0.8688625,0.9367012,0.8685955,0.9755931,0.8693588,0.950326,0.87771195,0.9922537,0.87498033,0.9480722,0.87826294,0.98806506
2025-01-01 02:35:00,0.8474328,0.95939857,0.85144204,0.93685293,0.8465897,0.9647296,0.8556053,0.93825114,0.86843127,0.9745035,0.8695825,0.937117,0.8693966,0.9760661,0.87010974,0.9507673,0.87850004,0.99278617,0.8758017,0.9485244,0.8790558,0.98856217
2025-01-01 02:36:00,0.84778816,0.95958877,0.851809,0.93704456,0.8469928,0.96497834,0.85603994,0.9384919,0.8689148,0.97478503,0.87005013,0.9373877,0.8699186,0.9763755,0.8706004,0.9510574,0.87901604,0.9931364,0.87634,0.94882286,0.87957567,0.9888897
2025-01-01 02:37:00,0.8480146,0.9597078,0.85204303,0.93716484,0.84725076,0.9651364,0.8563193,0.9386459,0.8692273,0.97496694,0.8703538,0.93756413,0.8702591,0.9765786,0.8709221,0.9512492,0.8793552,0.9933682,0.87669426,0.9490214,0.87991816,0.9891071
2025-01-01 02:38:00,0.84815735,0.9597806,0.85219055,0.9372386,0.8474144,0.9652355,0.8564978,0.93874353,0.8694286,0.9750841,0.87055093,0.93767935,0.8704817,0.9767126,0.8711338,0.9513771,0.8795794,0.99352306,0.8769289,0.94915503,0.8801454,0.9892529
2025-01-01 02:39:00,0.84824556,0.95982337,0.852282,0.9372822,0.84751666,0.96529627,0.8566108,0.9388045,0.8695577,0.9751593,0.8706788,0.93775475,0.87062764,0.97680163,0.8712741,0.95146346,0.879729,0.9936279,0.8770859,0.9492464,0.8802976,0.98935205
2025-01-01 02:40:00,0.84829843,0.95984656,0.8523368,0.9373062,0.8475791,0.96533215,0.85668117,0.9388417,0.8696398,0.97520715,0.87076163,0.9378043,0.87072384,0.9768616,0.87136793,0.9515229,0.8798299,0.99370015,0.8771924,0.9493104,0.8804012,0.989421
2025-01-01 02:41:00,0.8483283,0.95985705,0.852368,0.9373175,0.8476157,0.96535194,0.85672385,0.93886346,0.86969143,0.97523725,0.8708152,0.93783706,0.8707877,0.9769026,0.8714317,0.95156485,0.8798993,0.99375135,0.877266,0.9493566,0.8804731,0.9894703
2025-01-01 02:42:00,0.8483432,0.95985925,0.85238373,0.9373205,0.8476355,0.9653612,0.8567486,0.9388752,0.86972326,0.9752558,0.8708499,0.93785894,0.8708305,0.9769314,0.8714758,0.9515955,0.8799482,0.9937887,0.87731826,0.9493912,0.88052434,0.9895067
2025-01-01 02:43:00,0.8483483,0.9598561,0.8523894,0.9373181,0.8476443,0.9653636,0.8567616,0.93888044,0.8697423,0.97526693,0.87087226,0.9378738,0.87085974,0.97695214,0.8715073,0.9516187,0.87998384,0.9938172,0.87735677,0.94941825,0.88056225,0.98953485
2025-01-01 02:44:00,0.8483471,0.9598495,0.85238856,0.93731225,0.8476461,0.9653617,0.85676706,0.93888146,0.86975294,0.97527325,0.8708867,0.937884,0.87088007,0.9769677,0.8715305,0.9516371,0.8800108,0.99384,0.8773862,0.9494405,0.8805915,0.98955756
2025-01-01 02:45:00,0.8483418,0.9598406,0.8523835,0.9373041,0.84764326,0.9653569,0.8567676,0.9388797,0.86975825,0.97527647,0.8708959,0.93789124,0.8708947,0.97698,0.87154835,0.9516524,0.8800322,0.993859,0.8774098,0.94945943,0.88061506,0.98957676
2025-01-01 02:46:00,0.8483339,0.9598303,0.85237575,0.93729454,0.8476375,0.9653502,0.856765,0.9388763,0.86976004,0.9752776,0.87090176,0.93789667,0.8709056,0.9769901,0.8715627,0.9516657,0.8800499,0.9938755,0.8774296,0.9494763,0.88063484,0.9895936
2025-01-01 02:47:00,0.8483241,0.9598189,0.8523662,0.937284,0.8476297,0.9653424,0.8567603,0.9388717,0.8697596,0.97527754,0.8709055,0.9379009,0.87091416,0.97699875,0.8715749,0.95167774,0.88006526,0.9938905,0.87744695,0.94949186,0.8806524,0.989609
2025-01-01 02:48:00,0.8483133,0.9598069,0.8523554,0.9372729,0.8476208,0.9653338,0.85675436,0.93886644,0.8697577,0.9752766,0.8709078,0.93790436,0.8709212,0.9770066,0.8715856,0.951689,0.88007915,0.9939045,0.8774627,0.9495066,0.8806683,0.9896234
2025-01-01 02:49:00,0.8483017,0.95979464,0.852344,0.9372614,0.847611,0.96532476,0.85674757,0.9388607,0.8697549,0.97527516,0.8709092,0.9379072,0.8709272,0.9770139,0.87159544,0.9516997,0.880092,0.99391776,0.87747735,0.9495207,0.8806832,0.9896372
2025-01-01 02:50:00,0.8482896,0.959782,0.852332,0.93724966,0.8476007,0.9653154,0.85674024,0.9388547,0.8697515,0.97527343,0.87091017,0.9379099,0.8709326,0.9770208,0.8716047,0.9517101,0.8801043,0.9939307,0.8774914,0.94953454,0.8806974,0.9896506
2025-01-01 02:51:00,0.84827715,0.9597692,0.8523197,0.9372377,0.8475901,0.96530586,0.8567326,0.93884856,0.86974776,0.9752715,0.8709107,0.93791234,0.87093765,0.97702754,0.87161356,0.95172024,0.88011616,0.99394333,0.877505,0.94954807,0.88071126,0.98966366
2025-01-01 02:52:00,0.8482645,0.95975626,0.8523073,0.93722576,0.8475793,0.9652962,0.8567247,0.9388423,0.86974376,0.9752695,0.87091106,0.9379148,0.8709425,0.97703415,0.8716222,0.9517303,0.8801278,0.99395585,0.87751836,0.9495614,0.8807248,0.9896765
2025-01-01 02:53:00,0.8482518,0.9597433,0.85229474,0.93721366,0.8475684,0.9652865,0.8567167,0.93883604,0.86973965,0.9752674,0.8709113,0.9379171,0.8709472,0.97704077,0.8716307,0.9517403,0.8801393,0.9939682,0.8775315,0.9495747,0.88073814,0.9896892
2025-01-01 02:54:00,0.84823895,0.9597303,0.8522821,0.93720156,0.8475574,0.9652768,0.85670865,0.9388298,0.8697355,0.9752653,0.87091154,0.9379195,0.8709518,0.97704726,0.87163913,0.9517503,0.88015074,0.9939805,0.8775445,0.94958794,0.8807514,0.98970187
2025-01-01 02:55:00,0.8482261,0.9597173,0.8522694,0.93718946,0.8475464,0.965267,0.8567006,0.9388235,0.86973125,0.97526324,0.8709117,0.9379218,0.87095636,0.97705376,0.8716476,0.95176023,0.88016206,0.99399275,0.87755746,0.9496011,0.88076454,0.9897145
2025-01-01 02:56:00,0.84821314,0.9597043,0.85225666,0.9371774,0.8475354,0.96525735,0.8566925,0.93881726,0.86972713,0.97526115,0.87091196,0.9379242,0.8709609,0.9770604,0.871656,0.95177025,0.8801733,0.994005,0.87757045,0.9496142,0.88077754,0.989727
2025-01-01 02:57:00,0.84820014,0.95969117,0.85224396,0.9371653,0.84752434,0.9652476,0.85668445,0.93881106,0.86972296,0.9752592,0.8709122,0.9379266,0.8709655,0.977067,0.87166446,0.95178026,0.88018465,0.9940173,0.8775833,0.9496274,0.88079053,0.98973954
2025-01-01 02:58:00,0.84818715,0.95967805,0.85223114,0.9371532,0.8475133,0.9652379,0.85667646,0.93880486,0.8697189,0.9752572,0.8709125,0.9379291,0.87097013,0.9770736,0.871673,0.9517903,0.88019603,0.9940296,0.87759626,0.9496405,0.8808036,0.989752
2025-01-01 02:59:00,0.8481741,0.959665,0.85221845,0.9371412,0.8475023,0.96522826,0.8566685,0.9387987,0.8697148,0.9752553,0.8709128,0.9379316,0.8709748,0.9770802,0.8716814,0.9518003,0.8802073,0.99404186,0.87760913,0.9496536,0.8808166,0.98976445
2025-01-01 03:00:00,0.853654,0.9629675,0.8578915,0.94042224,0.8536354,0.96920455,0.86315835,0.9426411,0.8767506,0.9795618,0.8776539,0.9420179,0.87834316,0.98157007,0.8785,0.95596594,0.8873271,0.9989145,0.88489574,0.9538175,0.88779813,0.99425244
2025-01-01 03:01:00,0.8572115,0.9651096,0.86157453,0.9425508,0.85761803,0.9717858,0.867374,0.9451365,0.88132244,0.9823605,0.8820358,0.94467497,0.88313437,0.9844908,0.8829351,0.9586772,0.89195895,1.002086,0.88963664,0.9565286,0.89234066,0.99717396
2025-01-01 03:02:00,0.8595191,0.96649736,0.8639641,0.94393015,0.86020297,0.97346026,0.87011147,0.9467565,0.88429284,0.9841791,0.88488424,0.946403,0.8862504,0.9863917,0.8858209,0.960443,0.89497364,1.0041518,0.8927227,0.9582954,0.8952979,0.99907726
2025-01-01 03:03:00,0.8610146,0.9673949,0.86551285,0.94482255,0.86187935,0.9745454,0.8718881,0.94780743,0.8862223,0.98536056,0.8867359,0.9475272,0.8882775,0.9876298,0.8876998,0.9615944,0.89693725,1.005499,0.8947332,0.9594484,0.89722455,1.0003188
2025-01-01 03:04:00,0.86198205,0.96797365,0.8665151,0.94539845,0.8629652,0.97524744,0.8730402,0.94848853,0.88747513,0.98612803,0.88793975,0.948259,0.8895969,0.98843694,0.8889241,0.96234643,0.8982176,1.0063789,0.89604455,0.96020246,0.8984814,1.00113
2025-01-01 03:05:00,0.86260635,0.9683453,0.86716217,0.9457686,0.8636673,0.9757005,0.8737864,0.94892925,0.8882882,0.9866263,0.88872254,0.9487357,0.8904562,0.9889641,0.88972306,0.9628389,0.8990539,1.0069553,0.8969014,0.9606972,0.8993029,1.0016617
2025-01-01 03:06:00,0.86300755,0.96858233,0.8675784,0.94600505,0.8641199,0.9759917,0.87426883,0.94921374,0.88881546,0.9869497,0.8892316,0.9490466,0.89101654,0.98930913,0.89024544,0.96316254,0.89960146,1.0073342,0.89746296,0.96102333,0.89984137,1.0020114
2025-01-01 03:07:00,0.8632638,0.9687318,0.8678444,0.9461546,0.8644103,0.9761778,0.87457967,0.94939667,0.8891569,0.98715943,0.8895628,0.94924974,0.8913826,0.9895359,0.8905881,0.96337664,0.8999615,1.007585,0.8978325,0.96123993,0.90019584,1.0022432
2025-01-01 03:08:00,0.8634257,0.96882445,0.868013,0.9462477,0.86459535,0.97629553,0.87477916,0.94951355,0.8893776,0.98729527,0.88977844,0.9493829,0.8916224,0.9896859,0.8908139,0.9635194,0.9001996,1.0077523,0.89807725,0.9613853,0.90043074,1.002398
2025-01-01 03:09:00,0.86352634,0.96888006,0.86811817,0.9463041,0.86471194,0.9763688,0.8749062,0.94958764,0.8895198,0.9873831,0.8899189,0.9494705,0.89178014,0.9897859,0.89096385,0.96361583,0.9003584,1.0078654,0.89824086,0.9614844,0.900588,1.0025029
2025-01-01 03:10:00,0.86358726,0.9689117,0.8681821,0.9463366,0.864784,0.9764133,0.8749862,0.94963384,0.8896111,0.9874398,0.8900106,0.94952863,0.89188445,0.9898535,0.89106447,0.96368223,0.9004657,1.0079433,0.8983517,0.96155334,0.9006946,1.0025754
2025-01-01 03:11:00,0.86362225,0.9689277,0.8682193,0.9463537,0.86482716,0.976439,0.8750356,0.949662,0.8896693,0.98747635,0.89007056,0.94956756,0.8919542,0.98989993,0.891133,0.9637291,0.90053964,1.0079983,0.8984284,0.96160275,0.9007684,1.0026268
2025-01-01 03:12:00,0.86364037,0.9689335,0.86823905,0.94636065,0.8648515,0.9764525,0.87506515,0.9496784,0.889706,0.98749965,0.8901099,0.9495941,0.89200145,0.9899328,0.8911808,0.96376324,0.90059173,1.0080385,0.8984828,0.96163946,0.9008209,1.0026643
2025-01-01 03:13:00,0.8636476,0.9689328,0.86824757,0.94636106,0.86486363,0.97645813,0.87508184,0.94968724,0.88972867,0.98751444,0.8901359,0.94961244,0.89203405,0.9899566,0.891215,0.96378917,0.9006297,1.008069,0.8985226,0.96166795,0.9008595,1.002693
2025-01-01 03:14:00,0.8636477,0.9689278,0.8682487,0.9463573,0.8648679,0.9764587,0.8750901,0.9496911,0.8897423,0.98752373,0.8901533,0.94962555,0.8920572,0.9899748,0.89124054,0.96380967,0.90065855,1.0080934,0.89855313,0.96169096,0.900889,1.002716
2025-01-01 03:15:00,0.8636432,0.96892,0.86824507,0.94635075,0.86486703,0.9764559,0.875093,0.94969183,0.88975006,0.98752946,0.89016503,0.9496353,0.8920742,0.9899892,0.8912603,0.9638268,0.9006814,1.0081134,0.8985775,0.9617106,0.9009127,1.0027351
2025-01-01 03:16:00,0.86363566,0.96891034,0.86823833,0.94634247,0.8648628,0.97645104,0.8750924,0.9496905,0.8897541,0.9875329,0.89017314,0.94964296,0.89208716,0.9900012,0.8912764,0.9638417,0.90070033,1.0081309,0.89859796,0.9617279,0.90093255,1.0027517
2025-01-01 03:17:00,0.8636262,0.96889955,0.8682296,0.94633305,0.8648565,0.9764447,0.8750895,0.94968784,0.88975567,0.9875349,0.890179,0.94964916,0.89209765,0.99001175,0.8912901,0.9638551,0.9007169,1.0081466,0.8986158,0.9617437,0.9009499,1.0027667
2025-01-01 03:18:00,0.86361545,0.968888,0.8682196,0.9463229,0.8648487,0.97643757,0.8750852,0.9496844,0.8897556,0.98753583,0.8901832,0.94965446,0.8921065,0.9900212,0.89130235,0.96386755,0.90073174,1.0081613,0.89863193,0.9617586,0.90096563,1.0027808
2025-01-01 03:19:00,0.8636039,0.96887594,0.86820877,0.9463122,0.8648401,0.9764299,0.8750799,0.9496803,0.8897546,0.98753625,0.8901865,0.9496592,0.8921142,0.9900301,0.89131355,0.96387947,0.9007456,1.0081754,0.898647,0.9617728,0.90098035,1.002794
2025-01-01 03:20:00,0.8635918,0.9688636,0.8681974,0.9463013,0.8648309,0.97642183,0.8750741,0.949676,0.8897529,0.9875363,0.89018923,0.94966364,0.89212126,0.9900386,0.89132416,0.96389097,0.90075874,1.0081888,0.8986614,0.9617866,0.9009943,1.0028069
2025-01-01 03:21:00,0.86357933,0.9688511,0.86818564,0.9462902,0.8648213,0.97641355,0.87506783,0.9496714,0.8897509,0.98753613,0.89019156,0.9496679,0.892128,0.9900468,0.8913343,0.9639023,0.9007715,1.0082022,0.89867526,0.9618002,0.9010079,1.0028194
2025-01-01 03:22:00,0.8635666,0.9688384,0.86817366,0.9462789,0.86481154,0.97640514,0.8750614,0.94966674,0.88974863,0.9875359,0.8901937,0.9496719,0.89213437,0.99005497,0.8913443,0.9639134,0.90078396,1.0082152,0.89868885,0.96181357,0.90102106,1.0028317
2025-01-01 03:23:00,0.8635538,0.96882564,0.86816156,0.9462677,0.86480165,0.9763966,0.87505484,0.949662,0.8897462,0.98753554,0.8901957,0.94967604,0.8921406,0.99006295,0.89135414,0.9639245,0.9007963,1.0082281,0.89870226,0.96182686,0.9010341,1.0028439
2025-01-01 03:24:00,0.8635409,0.9688128,0.8681494,0.9462564,0.8647917,0.9763881,0.87504816,0.9496573,0.88974375,0.9875352,0.89019763,0.94968003,0.8921468,0.99007094,0.8913638,0.96393555,0.9008085,1.0082409,0.89871556,0.96184003,0.90104705,1.0028559
2025-01-01 03:25:00,0.8635279,0.9688,0.8681372,0.9462451,0.8647816,0.9763796,0.8750415,0.9496526,0.8897412,0.98753476,0.89019954,0.9496841,0.892153,0.9900789,0.89137346,0.9639465,0.9008206,1.0082538,0.89872885,0.96185315,0.9010598,1.0028679
2025-01-01 03:26:00,0.86351484,0.96878713,0.86812496,0.94623375,0.8647716,0.9763711,0.87503487,0.9496479,0.88973874,0.98753446,0.8902015,0.94968814,0.8921592,0.9900869,0.8913832,0.96395755,0.9008328,1.0082666,0.898742,0.96186626,0.9010725,1.0028797
2025-01-01 03:27:00,0.8635018,0.96877426,0.86811274,0.9462224,0.8647616,0.9763627,0.87502825,0.9496433,0.88973624,0.98753417,0.8902035,0.94969225,0.89216536,0.99009496,0.8913929,0.9639686,0.9008449,1.0082793,0.89875513,0.9618793,0.9010852,1.0028915
2025-01-01 03:28:00,0.8634887,0.9687614,0.8681005,0.9462111,0.86475164,0.97635424,0.8750217,0.94963866,0.8897338,0.9875339,0.89020544,0.94969636,0.8921716,0.99010295,0.8914026,0.9639796,0.900857,1.0082921,0.8987683,0.96189237,0.90109783,1.0029033
2025-01-01 03:29:00,0.86347556,0.9687485,0.86808825,0.94619983,0.8647416,0.97634584,0.87501514,0.94963413,0.8897314,0.9875337,0.89020747,0.94970053,0.8921778,0.99011105,0.8914123,0.9639907,0.9008691,1.008305,0.8987814,0.9619054,0.9011104,1.0029151
2025-01-01 03:30:00,0.8694685,0.9726118,0.874308,0.950009,0.8714107,0.98080146,0.8820055,0.9539693,0.89720184,0.99229825,0.8973565,0.95422554,0.8999043,0.9949756,0.89851207,0.96851355,0.9082696,1.0134636,0.90624183,0.9663611,0.908216,1.0076244
2025-01-01 03:31:00,0.87335926,0.97511846,0.8783465,0.9524811,0.87574214,0.9836947,0.88654697,0.9567856,0.9020568,0.9953951,0.9020041,0.95716834,0.90492874,0.9981405,0.9031304,0.9714573,0.9130842,1.0168211,0.91109574,0.9692618,0.912839,1.0106894
2025-01-01 03:32:00,0.8758837,0.9767432,0.88096726,0.95408404,0.87855417,0.9855724,0.88949674,0.9586147,0.9052118,0.99740815,0.90502596,0.95908266,0.9081969,1.0002005,0.9061358,0.97337466,0.916218,1.0190082,0.9142553,0.9711518,0.9158484,1.0126859
2025-01-01 03:33:00,0.87751997,0.97779495,0.8826665,0.95512205,0.88037854,0.98679006,0.8914119,0.95980215,0.90726185,0.99871665,0.9069909,0.96032864,0.91032344,1.0015426,0.9080928,0.97462493,0.9182592,1.0204341,0.9163137,0.97238487,0.91780883,1.0139877
2025-01-01 03:34:00,0.878579,0.978474,0.8837668,0.9557929,0.881561,0.98757875,0.89265454,0.96057254,0.90859365,0.9995673,0.908269,0.96114004,0.91170806,1.0024177,0.9093683,0.9754415,0.91959023,1.0213656,0.91765624,0.9731909,0.9190875,1.0148377
2025-01-01 03:35:00,0.87926275,0.978911,0.88447773,0.9562251,0.8823261,0.98808855,0.8934601,0.9610718,0.90945864,1.0001202,0.9091006,0.9616691,0.91261035,1.0029895,0.91020083,0.9759763,0.92045975,1.0219754,0.91853344,0.97371936,0.919923,1.0153944
2025-01-01 03:36:00,0.8797026,0.9791906,0.8849357,0.95650214,0.8828201,0.9884171,0.8939816,0.9613949,0.9100202,1.0004798,0.909642,0.96201456,0.9131991,1.0033643,0.91074556,0.97632784,0.9210292,1.0223764,0.9191082,0.97406745,0.9204704,1.0157603
2025-01-01 03:37:00,0.879984,0.97936785,0.8852291,0.9566784,0.8831379,0.98862785,0.8943184,0.9616035,0.91038454,1.0007136,0.9099948,0.96224076,0.91358423,1.0036107,0.91110307,0.9765603,0.92140365,1.0226415,0.91948634,0.9742982,0.92083055,1.0160022
2025-01-01 03:38:00,0.8801623,0.9794786,0.8854156,0.9567891,0.8833411,0.98876214,0.8945352,0.9617377,0.91062075,1.0008657,0.9102251,0.96238947,0.9138369,1.0037739,0.9113391,0.9767154,0.92165136,1.0228184,0.9197368,0.97445273,0.921069,1.0161633
2025-01-01 03:39:00,0.88027364,0.9795461,0.8855326,0.95685726,0.8834698,0.9888466,0.894674,0.9618235,0.91077363,1.0009648,0.9103757,0.9624878,0.9140035,1.0038831,0.91149604,0.97682023,0.9218167,1.0229379,0.9199042,0.9745577,0.92122835,1.0162722
2025-01-01 03:40:00,0.8803414,0.9795856,0.88560456,0.95689774,0.88355017,0.9888988,0.8947622,0.961878,0.91087246,1.0010294,0.91047454,0.96255344,0.91411424,1.003957,0.9116016,0.9768923,0.92192847,1.02302,0.92001754,0.9746304,0.92133623,1.0163469
2025-01-01 03:41:00,0.88038087,0.97960675,0.8856471,0.95692027,0.88359904,0.98893005,0.8948175,0.96191204,0.9109361,1.0010716,0.91053975,0.96259785,0.91418856,1.0040082,0.9116738,0.9769432,0.9220055,1.0230781,0.9200958,0.9746822,0.9214107,1.0163996
2025-01-01 03:42:00,0.88040197,0.9796161,0.8856706,0.95693105,0.88362753,0.9889476,0.8948513,0.96193284,0.9109769,1.0010991,0.91058314,0.9626285,0.91423935,1.0040444,0.9117243,0.9769803,0.9220599,1.0231202,0.9201513,0.9747204,0.9214634,1.0164378
2025-01-01 03:43:00,0.8804111,0.9796178,0.8856817,0.9569344,0.8836428,0.98895633,0.8948713,0.96194506,0.9110029,1.0011173,0.91061234,0.96265006,0.9142748,1.004071,0.9117608,0.97700846,0.92209953,1.0231522,0.92019194,0.97474974,0.92150193,1.0164665
2025-01-01 03:44:00,0.88041246,0.9796144,0.8856847,0.9569327,0.8836494,0.9889593,0.8948823,0.96195173,0.91101927,1.0011294,0.9106324,0.9626659,0.91430026,1.0040915,0.9117881,0.9770308,0.9221297,1.0231775,0.92022294,0.97477335,0.9215313,1.0164891
2025-01-01 03:45:00,0.88040876,0.9796078,0.8856825,0.9569279,0.8836505,0.9889586,0.89488745,0.96195483,0.9110294,1.0011375,0.91064644,0.962678,0.91431934,1.0041078,0.91180944,0.97704935,0.9221537,1.0231985,0.9202477,0.9747932,0.9215547,1.0165079
2025-01-01 03:46:00,0.88040185,0.97959906,0.885677,0.95692104,0.8836479,0.9889555,0.8948888,0.9619556,0.9110355,1.0011432,0.9106567,0.9626877,0.91433424,1.0041215,0.91182697,0.9770655,0.9221736,1.0232167,0.92026836,0.9748106,0.92157423,1.016524
2025-01-01 03:47:00,0.88039285,0.97958905,0.8856693,0.9569128,0.88364303,0.98895085,0.8948878,0.9619549,0.91103905,1.0011472,0.91066444,0.9626958,0.9143464,1.0041337,0.911842,0.97708005,0.92219096,1.0232329,0.92028636,0.9748264,0.9215911,1.0165384
2025-01-01 03:48:00,0.88038236,0.9795781,0.8856602,0.9569038,0.88363665,0.9889452,0.8948851,0.96195316,0.9110409,1.00115,0.9106705,0.96270293,0.9143569,1.0041447,0.91185546,0.9770936,0.9222066,1.0232482,0.9203027,0.9748412,0.92160636,1.0165517
2025-01-01 03:49:00,0.880371,0.9795666,0.8856501,0.9568942,0.88362926,0.988939,0.89488155,0.9619509,0.9110417,1.0011523,0.9106757,0.9627094,0.91436625,1.0041549,0.91186786,0.97710645,0.9222211,1.0232626,0.9203179,0.97485524,0.9216206,1.0165642
2025-01-01 03:50:00,0.88035905,0.9795547,0.8856394,0.9568843,0.8836214,0.9889324,0.89487725,0.9619482,0.91104186,1.0011541,0.9106802,0.96271557,0.9143748,1.0041648,0.9118796,0.9771189,0.9222349,1.0232766,0.9203323,0.97486883,0.9216341,1.0165763
2025-01-01 03:51:00,0.8803468,0.9795426,0.88562846,0.95687413,0.88361305,0.98892546,0.8948726,0.9619454,0.91104156,1.0011557,0.9106843,0.96272147,0.91438305,1.0041744,0.911891,0.9771311,0.9222483,1.0232902,0.9203463,0.97488225,0.9216471,1.0165881
2025-01-01 03:52:00,0.8803342,0.9795304,0.88561726,0.9568639,0.88360447,0.9889185,0.8948678,0.96194243,0.91104096,1.0011572,0.9106881,0.9627272,0.914391,1.0041839,0.91190207,0.9771432,0.9222614,1.0233035,0.9203599,0.9748954,0.9216598,1.0165995
2025-01-01 03:53:00,0.8803215,0.97951806,0.8856058,0.9568535,0.88359576,0.98891133,0.8948628,0.9619394,0.91104025,1.0011586,0.9106918,0.96273285,0.9143988,1.0041932,0.911913,0.97715515,0.9222743,1.0233167,0.9203734,0.9749084,0.9216723,1.016611
2025-01-01 03:54:00,0.8803087,0.97950566,0.8855944,0.9568432,0.883587,0.98890424,0.8948577,0.96193635,0.9110395,1.0011599,0.91069543,0.96273845,0.9144065,1.0042025,0.9119238,0.977167,0.9222871,1.0233299,0.92038673,0.97492135,0.9216846,1.0166222
2025-01-01 03:55:00,0.8802958,0.9794932,0.8855829,0.95683277,0.8835781,0.98889714,0.8948525,0.96193326,0.9110387,1.0011613,0.910699,0.9627441,0.9144141,1.0042118,0.91193455,0.97717893,0.92229986,1.0233431,0.92039996,0.97493416,0.92169684,1.0166333
2025-01-01 03:56:00,0.88028294,0.9794808,0.88557136,0.9568224,0.8835693,0.98889,0.89484745,0.9619302,0.9110379,1.0011628,0.91070265,0.9627498,0.9144218,1.0042211,0.9119454,0.9771908,0.9223126,1.0233562,0.9204132,0.974947,0.92170906,1.0166444
2025-01-01 03:57:00,0.88027,0.9794684,0.88555986,0.9568121,0.88356054,0.98888296,0.8948424,0.96192724,0.91103715,1.0011642,0.9107063,0.9627555,0.91442937,1.0042304,0.91195613,0.97720265,0.92232525,1.0233692,0.9204263,0.9749598,0.9217211,1.0166553
2025-01-01 03:58:00,0.8802571,0.979456,0.88554835,0.9568018,0.8835517,0.98887587,0.8948373,0.96192425,0.91103643,1.0011656,0.91071,0.9627612,0.91443706,1.0042397,0.9119669,0.9772145,0.92233795,1.0233823,0.9204395,0.97497255,0.92173326,1.0166663
2025-01-01 03:59:00,0.88024414,0.97944355,0.8855368,0.95679146,0.88354295,0.9888689,0.89483225,0.96192133,0.9110357,1.001167,0.9107137,0.96276695,0.91444474,1.0042491,0.9119777,0.97722644,0.92235065,1.0233953,0.92045254,0.97498524,0.92174524,1.0166773
2025-01-01 04:00:00,0.88664305,0.9837987,0.89219224,0.96106064,0.8906288,0.99372417,0.9021985,0.96667176,0.91880757,1.0063045,0.9181431,0.9676501,0.92239136,1.0094018,0.91923213,0.9820261,0.9298999,1.0287483,0.92795366,0.97965336,0.9288481,1.0215236
2025-01-01 04:01:00,0.8907978,0.98662513,0.8965143,0.963832,0.89523166,0.9968777,0.9069848,0.96975857,0.92385906,1.0096444,0.9229735,0.9708262,0.9275595,1.0127543,0.9239513,0.98515016,0.9348113,1.0322322,0.93283397,0.98269206,0.9334692,1.0246776
2025-01-01 04:02:00,0.8934939,0.9884581,0.8993196,0.9656298,0.8982205,0.9989251,0.9100942,0.9717641,0.9271423,1.0118159,0.92611474,0.97289276,0.9309215,1.0149368,0.9270227,0.98718494,0.93800825,1.0345013,0.9360108,0.98467165,0.936477,1.0267314
2025-01-01 04:03:00,0.8952418,0.9896452,0.9011391,0.9667949,0.9001602,1.0002536,0.91211367,0.9730668,0.92927635,1.013228,0.9281579,0.97423816,0.9331095,1.0163589,0.9290229,0.98851174,0.9400907,1.0359807,0.9380803,0.98596275,0.93843627,1.02807
2025-01-01 04:04:00,0.89637345,0.9904125,0.90231776,0.96754867,0.90141803,1.0011147,0.9134247,0.97391266,0.93066335,1.0141467,0.92948747,0.9751148,0.9345346,1.0172864,0.9303268,0.9893784,0.94144875,1.036947,0.93943,0.9868064,0.93971395,1.0289439
2025-01-01 04:05:00,0.8971045,0.99090695,0.9030799,0.96803516,0.9022327,1.0016723,0.9142752,0.9744616,0.9315648,1.0147445,0.93035305,0.9756868,0.93546367,1.0178928,0.9311783,0.98994595,0.94233596,1.0375797,0.94031185,0.9873592,0.94054854,1.0295157
2025-01-01 04:06:00,0.8975752,0.991224,0.9035714,0.96834785,0.90275925,1.0020322,0.9148265,0.9748175,0.9321507,1.0151337,0.93091714,0.97606075,0.9360704,1.0182904,0.9317356,0.9903191,0.9429171,1.0379955,0.94088966,0.987723,0.9410952,1.0298911
2025-01-01 04:07:00,0.8978766,0.9914259,0.9038869,0.96854764,0.90309864,1.002264,0.9151832,0.97504807,0.9325315,1.0153874,0.93128526,0.97630596,0.93646765,1.0185522,0.9321017,0.9905659,0.9432993,1.0382704,0.94126976,0.9879638,0.9414546,1.0301389
2025-01-01 04:08:00,0.89806813,0.99155277,0.9040881,0.968674,0.9033163,1.0024124,0.91541356,0.9751971,0.9327789,1.0155531,0.9315261,0.97646755,0.9367287,1.0187258,0.93234354,0.9907305,0.94355226,1.0384536,0.9415214,0.9881248,0.94169235,1.0303036
2025-01-01 04:09:00,0.89818805,0.99163103,0.9042149,0.9687527,0.90345484,1.0025066,0.9155617,0.97529316,0.93293977,1.0156615,0.93168414,0.9765749,0.9369013,1.0188421,0.93250465,0.99084187,0.9437211,1.0385773,0.9416895,0.98823375,0.94185096,1.0304143
2025-01-01 04:10:00,0.8982615,0.9916776,0.9042935,0.96880037,0.9035421,1.0025655,0.91565645,0.9753549,0.9330443,1.0157328,0.9317883,0.9766469,0.9370163,1.0189211,0.9326133,0.9909184,0.9438354,1.0386623,0.94180334,0.9883089,0.9419582,1.03049
2025-01-01 04:11:00,0.8983048,0.9917036,0.9043406,0.96882796,0.9035959,1.0026017,0.9157165,0.97539425,0.93311226,1.01578,0.93185765,0.9766959,0.937094,1.0189759,0.9326879,0.99097246,0.9439141,1.038722,0.94188184,0.9883622,0.9420319,1.0305429
2025-01-01 04:12:00,0.8983285,0.9917163,0.9043674,0.9688424,0.90362805,1.002623,0.9157541,0.9754191,0.93315655,1.0158113,0.9319043,0.97673005,0.9371474,1.019015,0.9327402,0.9910119,0.9439698,1.0387655,0.94193745,0.98840123,0.942084,1.030581
2025-01-01 04:13:00,0.8983394,0.9917203,0.9043809,0.96884847,0.9036461,1.0026346,0.915777,0.97543454,0.93318534,1.0158327,0.9319362,0.9767546,0.93718505,1.0190439,0.93277824,0.9910418,0.94401056,1.0387985,0.9419781,0.9884309,0.94212186,1.0306094
2025-01-01 04:14:00,0.898342,0.9917187,0.90438586,0.968849,0.90365505,1.00264,0.9157905,0.97544384,0.9332041,1.0158473,0.93195856,0.97677284,0.93721247,1.0190662,0.93280685,0.9910655,0.9440415,1.0388243,0.94200903,0.98845464,0.94215053,1.0306313
2025-01-01 04:15:00,0.8983393,0.9917134,0.90438527,0.96884596,0.90365803,1.0026413,0.9157979,0.97544926,0.9332165,1.0158578,0.9319747,0.97678703,0.9372332,1.0190842,0.93282944,0.99108523,0.9440661,1.0388458,0.9420337,0.98847437,0.9421732,1.0306492
2025-01-01 04:16:00,0.89833295,0.99170583,0.9043809,0.96884066,0.9036572,1.00264,0.9158012,0.9754521,0.9332246,1.0158654,0.93198687,0.9767986,0.9372497,1.0190995,0.93284816,0.99110234,0.9440866,1.0388643,0.94205433,0.98849154,0.94219196,1.0306644
2025-01-01 04:17:00,0.8983245,0.99169666,0.90437436,0.9688338,0.90365386,1.0026371,0.91580206,0.9754534,0.93323004,1.0158713,0.9319964,0.9768085,0.9372634,1.0191128,0.93286425,0.9911178,0.9441045,1.038881,0.9420722,0.988507,0.9422081,1.030678
2025-01-01 04:18:00,0.8983145,0.99168646,0.90436625,0.96882606,0.9036489,1.0026331,0.91580117,0.97545356,0.93323374,1.0158762,0.93200433,0.9768173,0.93727535,1.0191252,0.9328787,0.99113214,0.9441206,1.0388963,0.94208837,0.98852146,0.9422227,1.0306904
2025-01-01 04:19:00,0.8983035,0.9916757,0.90435714,0.9688177,0.90364295,1.0026284,0.91579926,0.975453,0.9332363,1.0158802,0.9320112,0.9768254,0.93728614,1.0191368,0.9328921,0.99114573,0.94413555,1.038911,0.9421034,0.98853517,0.9422362,1.030702
2025-01-01 04:20:00,0.898292,0.99166447,0.9043474,0.96880895,0.9036364,1.0026233,0.91579664,0.9754521,0.9332382,1.0158839,0.9320173,0.9768331,0.9372962,1.0191479,0.93290484,0.99115896,0.94414985,1.038925,0.9421177,0.98854834,0.942249,1.0307131
2025-01-01 04:21:00,0.8982801,0.9916531,0.90433735,0.96879995,0.9036294,1.002618,0.91579366,0.975451,0.93323964,1.0158873,0.93202305,0.9768405,0.9373058,1.0191587,0.9329171,0.9911719,0.9441637,1.0389388,0.9421315,0.9885612,0.9422612,1.0307239
2025-01-01 04:22:00,0.8982679,0.99164146,0.90432703,0.9687908,0.9036222,1.0026125,0.9157904,0.97544974,0.93324083,1.0158904,0.93202853,0.97684777,0.9373151,1.0191692,0.9329291,0.9911846,0.9441772,1.0389522,0.942145,0.98857397,0.94227314,1.0307344
2025-01-01 04:23:00,0.8982555,0.9916297,0.90431654,0.9687816,0.9036148,1.0026069,0.915787,0.97544837,0.9332419,1.0158935,0.9320339,0.976855,0.9373243,1.0191798,0.93294096,0.9911972,0.9441905,1.0389656,0.9421582,0.9885865,0.94228494,1.0307448
2025-01-01 04:24:00,0.8982431,0.991618,0.904306,0.96877235,0.90360737,1.0026013,0.9157835,0.97544706,0.93324286,1.0158964,0.93203914,0.9768622,0.9373333,1.0191902,0.9329527,0.9912098,0.9442037,1.0389789,0.94217134,0.9885989,0.9422965,1.0307549
2025-01-01 04:25:00,0.8982306,0.99160624,0.9042954,0.9687632,0.90359986,1.0025957,0.91578007,0.9754457,0.9332438,1.0158995,0.9320444,0.97686934,0.9373423,1.0192007,0.93296444,0.9912224,0.9442168,1.0389922,0.9421844,0.9886113,0.94230795,1.0307652
2025-01-01 04:26:00,0.89821804,0.99159443,0.9042847,0.96875393,0.9035924,1.0025901,0.9157766,0.9754444,0.93324476,1.0159028,0.9320497,0.9768765,0.9373513,1.0192112,0.9329761,0.9912349,0.9442299,1.0390054,0.9421974,0.9886236,0.9423194,1.0307753
2025-01-01 04:27:00,0.89820546,0.9915827,0.9042741,0.96874475,0.9035849,1.0025845,0.91577315,0.97544307,0.93324566,1.0159059,0.93205494,0.9768837,0.9373603,1.0192215,0.9329878,0.9912474,0.94424295,1.0390185,0.9422103,0.98863596,0.9423307,1.0307852
2025-01-01 04:28:00,0.89819294,0.9915709,0.9042635,0.9687355,0.9035775,1.002579,0.9157697,0.9754418,0.9332467,1.015909,0.93206024,0.9768909,0.9373693,1.019232,0.9329995,0.99125993,0.94425595,1.0390315,0.9422232,0.9886481,0.942342,1.0307952
2025-01-01 04:29:00,0.89818037,0.99155915,0.9042529,0.9687264,0.90357006,1.0025734,0.9157663,0.97544056,0.9332477,1.0159122,0.9320655,0.9768982,0.9373783,1.0192424,0.9330112,0.99127245,0.94426894,1.0390446,0.94223607,0.98866034,0.9423532,1.0308051
2025-01-01 04:30:00,0.90487117,0.9963283,0.9112252,0.97337943,0.9109464,1.0077419,0.9233767,0.98052174,0.941182,1.0213308,0.9396428,0.98205215,0.9454032,1.0245911,0.9402908,0.99626315,0.95183223,1.0444959,0.949644,0.9934576,0.9493265,1.0357021
2025-01-01 04:31:00,0.9092158,0.9994241,0.9157536,0.97640073,0.9157386,1.0110997,0.9283224,0.98382413,0.9463398,1.0248542,0.94456995,0.9854048,0.9506226,1.0280713,0.94502664,0.9995115,0.95675296,1.0480438,0.95446366,0.99658,0.953863,1.0388887
2025-01-01 04:32:00,0.91203535,1.0014323,0.91869336,0.9783615,0.9188509,1.0132804,0.9315359,0.98597044,0.94969285,1.0271455,0.94777447,0.9875867,0.9540185,1.0303372,0.9481091,1.0016273,0.95995605,1.0503546,0.9576009,0.99861383,0.95681566,1.0409633
2025-01-01 04:33:00,0.9138637,1.0027336,0.92060053,0.97963285,0.9208714,1.014696,0.9336237,0.9873651,0.9518727,1.0286361,0.94985944,0.98900753,0.95622903,1.0318139,0.9501169,1.003007,0.96204257,1.0518612,0.9596446,0.99994,0.9587387,1.0423151
2025-01-01 04:34:00,0.9150478,1.0035754,0.9218366,0.98045605,0.9221822,1.0156144,0.9349796,0.9882714,0.9532901,1.0296062,0.95121664,0.9899337,0.9576691,1.0327773,0.95142597,1.0039083,0.96340334,1.0528449,0.96097744,1.0008062,0.9599925,1.0431972
2025-01-01 04:35:00,0.91581315,1.0041184,0.9226364,0.98098814,0.9230318,1.0162095,0.9358599,0.9888602,0.95421195,1.0302382,0.9521008,0.9905384,0.9586084,1.0334074,0.95228106,1.0044985,0.96429247,1.053489,0.96184826,1.0013734,0.9608114,1.0437739
2025-01-01 04:36:00,0.91630626,1.0044675,0.9231527,0.9813309,0.9235816,1.0165945,0.9364311,0.9892427,0.95481163,1.0306501,0.95267755,0.99093413,0.95922226,1.0338207,0.95284104,1.0048866,0.9648749,1.0539123,0.96241874,1.0017464,0.9613474,1.0441521
2025-01-01 04:37:00,0.9166224,1.0046903,0.9234846,0.9815506,0.9239365,1.0168431,0.9368014,0.98949105,0.95520204,1.0309193,0.9530545,0.99119407,0.9596245,1.0340931,0.9532092,1.0051433,0.9652581,1.054192,0.962794,1.0019931,0.9616997,1.0444013
2025-01-01 04:38:00,0.9168236,1.0048312,0.9236969,0.9816903,0.9241648,1.0170029,0.93704104,0.9896523,0.9554563,1.0310955,0.9533015,0.99136573,0.9598893,1.034274,0.95345265,1.0053146,0.96551174,1.0543783,0.9630424,1.0021576,0.9619325,1.0445665
2025-01-01 04:39:00,0.91695005,1.0049187,0.9238312,0.98177814,0.92431074,1.0171051,0.9371959,0.9897569,0.9556222,1.0312115,0.95346415,0.99148005,0.9600647,1.0343953,0.9536151,1.0054303,0.9656812,1.054504,0.96320826,1.0022686,0.9620875,1.0446773
2025-01-01 04:40:00,0.9170279,1.0049716,0.923915,0.9818322,0.92440325,1.0171697,0.9372956,0.9898247,0.9557306,1.0312881,0.9535719,0.9915571,0.9601821,1.0344781,0.9537249,1.0055101,0.9657959,1.0545902,0.9633205,1.0023448,0.9621922,1.0447526
2025-01-01 04:41:00,0.9170742,1.005002,0.92396593,0.98186433,0.92446095,1.0172102,0.9373595,0.98986864,0.9558017,1.0313394,0.95364416,0.99161,0.9602617,1.0345356,0.9538005,1.0055662,0.96587497,1.0546509,0.9633979,1.0023986,0.96226394,1.0448048
2025-01-01 04:42:00,0.9171,1.0050178,0.92399544,0.9818823,0.9244962,1.0172348,0.9374001,0.989897,0.95584863,1.0313741,0.95369315,0.99164706,0.96031684,1.0345769,0.9538538,1.0056074,0.965931,1.0546949,0.96345264,1.0024378,0.9623143,1.044842
2025-01-01 04:43:00,0.91711247,1.005024,0.9240111,0.9818909,0.9245167,1.0172491,0.9374256,0.9899154,0.95587975,1.031398,0.9537272,0.991674,0.960356,1.0346076,0.95389265,1.0056384,0.965972,1.0547282,0.96349263,1.0024674,0.96235085,1.0448694
2025-01-01 04:44:00,0.9171163,1.0050241,0.92401785,0.9818936,0.9245277,1.0172567,0.93744135,0.98992723,0.95590067,1.0314151,0.95375144,0.99169433,0.96038485,1.0346314,0.95392215,1.005663,0.9660032,1.0547543,0.96352303,1.0024908,0.9623783,1.0448904
2025-01-01 04:45:00,0.91711444,1.0050203,0.9240187,0.98189235,0.9245326,1.0172602,0.9374507,0.98993486,0.955915,1.0314276,0.9537693,0.99171036,0.960407,1.0346507,0.9539455,1.0056835,0.96602803,1.0547758,0.9635472,1.0025102,0.96239984,1.0449073
2025-01-01 04:46:00,0.917109,1.0050138,0.92401576,0.98188865,0.9245334,1.0172608,0.937456,0.98993975,0.9559249,1.0314373,0.9537832,0.9917236,0.9604248,1.0346671,0.953965,1.0057014,0.96604884,1.0547943,0.9635673,1.0025269,0.96241766,1.0449215
2025-01-01 04:47:00,0.91710114,1.0050057,0.92401034,0.98188335,0.92453176,1.0172597,0.9374586,0.9899429,0.9559322,1.031445,0.9537944,0.9917351,0.9604398,1.0346818,0.9539819,1.0057175,0.96606696,1.0548109,0.96358484,1.0025418,0.96243286,1.044934
2025-01-01 04:48:00,0.9170918,1.0049964,0.9240034,0.981877,0.9245284,1.0172575,0.9374595,0.98994493,0.9559377,1.0314516,0.95380396,0.9917454,0.96045303,1.0346951,0.9539971,1.0057324,0.9660832,1.0548263,0.9636005,1.0025555,0.96244645,1.0449452
2025-01-01 04:49:00,0.9170814,1.0049865,0.9239955,0.98187,0.92452395,1.0172545,0.9374593,0.9899463,0.95594203,1.0314574,0.9538124,0.991755,0.960465,1.0347078,0.9540112,1.0057467,0.9660984,1.0548408,0.9636151,1.0025686,0.962459,1.0449557
2025-01-01 04:50:00,0.9170705,1.0049762,0.92398685,0.9818626,0.9245188,1.017251,0.9374584,0.98994714,0.9559457,1.0314627,0.9538201,0.9917642,0.9604763,1.03472,0.9540247,1.0057603,0.9661129,1.0548549,0.96362895,1.0025811,0.96247077,1.0449656
2025-01-01 04:51:00,0.9170591,1.0049657,0.92397785,0.9818549,0.92451334,1.0172473,0.93745714,0.9899478,0.9559488,1.0314677,0.95382744,0.99177307,0.96048707,1.0347316,0.9540377,1.0057738,0.96612686,1.0548683,0.96364236,1.0025934,0.9624821,1.0449752
2025-01-01 04:52:00,0.9170475,1.0049549,0.9239686,0.9818471,0.92450756,1.0172434,0.9374556,0.9899483,0.95595175,1.0314727,0.95383453,0.9917818,0.9604976,1.0347433,0.9540505,1.005787,0.96614057,1.0548819,0.9636554,1.0026053,0.9624931,1.0449846
2025-01-01 04:53:00,0.91703576,1.004944,0.9239592,0.9818392,0.92450166,1.0172393,0.93745387,0.9899487,0.9559545,1.0314773,0.9538414,0.9917904,0.960508,1.0347548,0.95406306,1.0058,0.96615404,1.054895,0.9636682,1.0026172,0.9625039,1.0449938
2025-01-01 04:54:00,0.91702384,1.0049331,0.9239497,0.9818312,0.92449564,1.0172353,0.9374521,0.98994905,0.9559572,1.0314821,0.95384824,0.99179894,0.96051824,1.0347663,0.9540756,1.005813,0.9661674,1.0549082,0.963681,1.0026289,0.9625146,1.0450028
2025-01-01 04:55:00,0.9170119,1.0049222,0.9239402,0.98182327,0.9244897,1.0172312,0.9374503,0.9899494,0.9559598,1.0314867,0.953855,0.9918075,0.96052843,1.0347776,0.954088,1.005826,0.9661806,1.0549213,0.96369356,1.0026406,0.96252507,1.0450118
2025-01-01 04:56:00,0.917,1.0049113,0.92393064,0.98181534,0.92448366,1.0172273,0.9374485,0.98994976,0.9559625,1.0314916,0.9538618,0.99181604,0.9605386,1.0347891,0.95410043,1.005839,0.96619385,1.0549344,0.96370614,1.0026523,0.96253544,1.0450207
2025-01-01 04:57:00,0.916988,1.0049003,0.9239211,0.9818075,0.92447764,1.0172232,0.9374467,0.98995024,0.9559651,1.0314963,0.95386857,0.9918246,0.96054876,1.0348005,0.95411277,1.0058519,0.966207,1.0549473,0.9637186,1.0026639,0.9625458,1.0450294
2025-01-01 04:58:00,0.9169761,1.0048894,0.92391163,0.98179954,0.9244717,1.0172193,0.937445,0.98995066,0.9559678,1.031501,0.9538754,0.9918332,0.96055895,1.0348119,0.95412517,1.0058649,0.9662202,1.0549603,0.96373105,1.0026753,0.9625561,1.0450382
2025-01-01 04:59:00,0.91696405,1.0048785,0.9239021,0.9817917,0.9244657,1.0172154,0.93744326,0.98995113,0.95597047,1.031506,0.9538822,0.99184185,0.9605691,1.0348233,0.9541375,1.0058777,0.9662333,1.0549731,0.96374345,1.0026869,0.9625663,1.0450469
2025-01-01 05:00:00,0.92382807,1.009977,0.9310678,0.986746,0.9320017,1.0226054,0.94516313,0.9952728,0.9639269,1.0371097,0.961473,0.99717534,0.9685302,1.0402732,0.9613132,1.0109711,0.97367656,1.0604265,0.97092694,1.0075278,0.9692865,1.0499078
2025-01-01 05:01:00,0.9282855,1.0132873,0.9357223,0.98996365,0.9368982,1.0261075,0.95018053,0.9987322,0.9690996,1.040754,0.96640944,1.0006452,0.9737085,1.0438195,0.9659818,1.0142863,0.97851926,1.0639756,0.97560054,1.0106785,0.9736582,1.0530703
2025-01-01 05:02:00,0.9311786,1.0154353,0.93874437,0.9920524,0.9400788,1.0283828,0.9534413,1.0009811,0.9724629,1.0431246,0.96962065,1.0029036,0.977078,1.0461289,0.96902066,1.0164456,0.98167163,1.066287,0.97864264,1.0127305,0.97650325,1.0551289
2025-01-01 05:03:00,0.933055,1.0168276,0.9407055,0.9934075,0.9421443,1.0298604,0.9555603,1.0024431,0.9746501,1.0446671,0.9717104,1.0043747,0.9792718,1.0476339,0.9710003,1.0178539,0.98372525,1.067794,0.9806243,1.0140681,0.9783561,1.0564699
2025-01-01 05:04:00,0.9342705,1.0177289,0.94197696,0.99428564,0.94348484,1.0308195,0.95693725,1.0033937,0.9760728,1.0456717,0.9730712,1.0053341,0.9807015,1.0486162,0.97229147,1.0187738,0.9850647,1.0687779,0.98191667,1.0149416,0.9795639,1.0573447
2025-01-01 05:05:00,0.9350565,1.018311,0.9428002,0.9948538,0.94435424,1.0314418,0.9578318,1.0040119,0.9769987,1.0463264,0.97395825,1.0059608,0.9816344,1.0492587,0.973135,1.0193762,0.98593986,1.069422,0.98276097,1.0155133,0.98035246,1.057916
2025-01-01 05:06:00,0.93556327,1.0186858,0.9433321,0.9952205,0.94491744,1.0318451,0.95841277,1.0044141,0.97760165,1.0467538,0.97453743,1.0063714,0.9822444,1.0496806,0.97368777,1.0197723,0.9865134,1.0698452,0.9833141,1.0158888,0.98086846,1.0582905
2025-01-01 05:07:00,0.9358885,1.0189255,0.9436746,0.9954562,0.94528157,1.0321059,0.95879006,1.0046759,0.97799474,1.0470335,0.9749164,1.0066414,0.9826446,1.0499588,0.9740514,1.0200343,0.98689073,1.0701247,0.98367786,1.0161368,0.9812074,1.0585366
2025-01-01 05:08:00,0.9360959,1.0190778,0.9438941,0.99560696,0.9455164,1.0322745,0.95903486,1.0048465,0.97825134,1.0472174,0.97516525,1.0068201,0.9829084,1.0501438,0.97429216,1.0202092,0.9871406,1.0703108,0.98391855,1.0163019,0.981431,1.0586995
2025-01-01 05:09:00,0.93622655,1.019173,0.94403356,0.9957023,0.94566715,1.0323828,0.9591936,1.0049578,0.97841936,1.0473387,0.97532964,1.0069394,0.98308367,1.0502682,0.97445303,1.0203274,0.9873076,1.0704364,0.98407924,1.0164131,0.9815799,1.0588082
2025-01-01 05:10:00,0.9363074,1.0192313,0.9441211,0.99576175,0.9457633,1.0324521,0.95929646,1.0050305,0.9785297,1.0474194,0.9754391,1.0070201,0.98320127,1.050353,0.97456205,1.0204089,0.9874207,1.0705224,0.9841879,1.0164894,0.9816801,1.0588818
2025-01-01 05:11:00,0.9363559,1.0192655,0.9441749,0.9957979,0.9458239,1.0324961,0.959363,1.0050783,0.9786027,1.0474739,0.97551286,1.0070758,0.9832814,1.0504124,0.97463727,1.0204663,0.9874988,1.0705829,0.9842628,1.0165428,0.9817486,1.0589324
2025-01-01 05:12:00,0.9363833,1.0192841,0.9442068,0.99581885,0.9458615,1.0325235,0.9594059,1.0051098,0.97865134,1.0475112,0.97556347,1.0071152,0.9833372,1.050455,0.9746906,1.0205082,0.9875542,1.0706266,0.9843157,1.0165813,0.98179644,1.0589682
2025-01-01 05:13:00,0.93639714,1.0192925,0.9442243,0.99583,0.94588417,1.0325402,0.9594335,1.0051308,0.9786842,1.0475376,0.97559893,1.0071441,0.9833773,1.0504869,0.97472966,1.02054,0.9875947,1.0706595,0.9843543,1.0166103,0.98183095,1.0589942
2025-01-01 05:14:00,0.936402,1.0192944,0.94423264,0.99583477,0.9458971,1.0325502,0.9594512,1.0051448,0.9787069,1.0475566,0.97562474,1.0071661,0.9834071,1.050512,0.9747595,1.0205653,0.9876257,1.0706854,0.9843836,1.0166328,0.98185676,1.059014
2025-01-01 05:15:00,0.9364012,1.019292,0.94423497,0.9958354,0.9459038,1.0325556,0.9594624,1.0051546,0.9787229,1.047571,0.9756442,1.0071838,0.9834302,1.0505322,0.9747833,1.0205863,0.9876504,1.0707066,0.9844068,1.0166513,0.9818769,1.0590295
2025-01-01 05:16:00,0.9363966,1.0192868,0.9442334,0.99583334,0.9459063,1.0325581,0.9594695,1.0051614,0.97873455,1.0475824,0.9756595,1.0071985,0.983449,1.0505495,0.9748032,1.0206045,0.987671,1.0707248,0.98442614,1.0166671,0.98189324,1.0590422
2025-01-01 05:17:00,0.9363896,1.0192798,0.94422936,0.99582964,0.9459063,1.0325588,0.95947385,1.0051664,0.9787435,1.0475919,0.9756722,1.0072113,0.983465,1.050565,0.9748206,1.0206208,0.98768896,1.070741,0.98444283,1.0166813,0.98190725,1.0590534
2025-01-01 05:18:00,0.9363811,1.0192719,0.9442237,0.9958248,0.9459045,1.0325582,0.95947653,1.0051702,0.97875065,1.0476002,0.97568315,1.007223,0.9834792,1.0505793,0.9748363,1.0206361,0.98770523,1.0707562,0.9844579,1.0166943,0.9819196,1.0590632
2025-01-01 05:19:00,0.93637156,1.019263,0.944217,0.9958193,0.94590163,1.0325569,0.9594781,1.0051733,0.9787566,1.0476075,0.97569305,1.007234,0.98349226,1.0505928,0.974851,1.0206505,0.9877204,1.0707704,0.98447186,1.0167065,0.981931,1.0590725
2025-01-01 05:20:00,0.9363614,1.0192537,0.9442097,0.9958133,0.9458981,1.0325551,0.9594789,1.0051761,0.9787619,1.0476145,0.9757022,1.0072445,0.9835046,1.0506057,0.974865,1.0206646,0.98773474,1.0707841,0.98448515,1.0167181,0.9819416,1.0590811
2025-01-01 05:21:00,0.93635076,1.0192442,0.9442019,0.99580705,0.94589424,1.0325531,0.95947933,1.0051783,0.9787668,1.0476211,0.975711,1.0072546,0.98351645,1.0506183,0.97487855,1.0206783,0.9877487,1.0707973,0.98449785,1.0167296,0.9819518,1.0590893
2025-01-01 05:22:00,0.9363399,1.0192344,0.9441939,0.9958007,0.94589007,1.0325508,0.9594795,1.0051805,0.9787713,1.0476274,0.97571945,1.0072645,0.98352796,1.0506306,0.9748918,1.0206916,0.9877623,1.0708104,0.98451024,1.0167407,0.9819616,1.0590974
2025-01-01 05:23:00,0.93632895,1.0192245,0.9441857,0.9957942,0.94588566,1.0325484,0.9594795,1.0051826,0.9787758,1.0476338,0.9757278,1.0072744,0.9835394,1.0506428,0.9749049,1.020705,0.9877757,1.0708233,0.98452246,1.0167516,0.9819713,1.0591053
2025-01-01 05:24:00,0.9363178,1.0192146,0.94417745,0.9957877,0.94588125,1.0325462,0.95947945,1.0051848,0.97878015,1.0476401,0.975736,1.0072843,0.98355067,1.0506552,0.9749179,1.0207182,0.987789,1.0708361,0.98453456,1.0167625,0.9819808,1.0591129
2025-01-01 05:25:00,0.93630666,1.0192047,0.94416916,0.9957812,0.94587684,1.0325438,0.9594794,1.0051868,0.97878444,1.0476464,0.97574425,1.007294,0.9835619,1.0506674,0.97493076,1.0207313,0.98780215,1.0708487,0.9845465,1.0167733,0.98199016,1.0591205
2025-01-01 05:26:00,0.93629545,1.0191948,0.9441609,0.9957747,0.94587237,1.0325415,0.95947933,1.005189,0.9787888,1.0476527,0.9757525,1.0073038,0.9835731,1.0506796,0.9749437,1.0207446,0.9878153,1.0708615,0.9845584,1.0167841,0.9819994,1.0591282
2025-01-01 05:27:00,0.93628424,1.019185,0.9441526,0.99576825,0.94586796,1.0325391,0.9594792,1.0051911,0.9787931,1.047659,0.97576064,1.0073136,0.9835842,1.0506917,0.9749565,1.0207577,0.9878284,1.070874,0.9845702,1.0167947,0.98200864,1.0591356
2025-01-01 05:28:00,0.9362731,1.019175,0.9441443,0.99576175,0.94586354,1.0325369,0.9594792,1.0051932,0.97879744,1.0476654,0.97576886,1.0073234,0.98359543,1.0507039,0.9749694,1.0207708,0.9878414,1.0708866,0.98458195,1.0168052,0.98201776,1.059143
2025-01-01 05:29:00,0.9362619,1.0191652,0.9441361,0.9957553,0.94585913,1.0325346,0.95947915,1.0051954,0.9788018,1.0476718,0.9757771,1.0073333,0.9836066,1.050716,0.9749822,1.0207839,0.9878544,1.0708991,0.9845937,1.0168158,0.9820269,1.0591502
2025-01-01 05:30:00,0.943175,1.0245014,0.9513656,1.0009215,0.95341873,1.0380487,0.9671689,1.0106616,0.98663634,1.0533596,0.98324406,1.0127498,0.99135983,1.0561688,0.9819243,1.0258877,0.99504316,1.0762558,0.99142283,1.0216136,0.9883724,1.0638871
2025-01-01 05:31:00,0.9476647,1.0279666,0.95606196,1.0042772,0.958331,1.0416322,0.9721673,1.0142154,0.99173033,1.0570589,0.9881005,1.0162742,0.9964034,1.0597173,0.9864412,1.0292097,0.99972034,1.079742,0.99586576,1.0247358,0.9925001,1.0669684
2025-01-01 05:32:00,0.9505791,1.0302155,0.95911175,1.0064564,0.96152246,1.0439607,0.9754164,1.0165262,0.9950431,1.0594659,0.9912602,1.0185684,0.9996856,1.0620282,0.9893816,1.0313736,1.002765,1.0820123,0.9987577,1.0267688,0.99518627,1.0689739
2025-01-01 05:33:00,0.9524696,1.0316739,0.96109134,1.0078706,0.9635955,1.0454736,0.9775284,1.0180291,0.99719805,1.0610327,0.9933169,1.0200632,1.0018231,1.0635345,0.9912974,1.0327847,1.0047486,1.0834924,1.0006416,1.0280939,0.9969353,1.0702798
2025-01-01 05:34:00,0.9536946,1.0326185,0.9623753,1.0087878,0.96494156,1.0464563,0.9789013,1.019007,0.99860036,1.0620533,0.99465674,1.0210383,1.0032164,1.064518,0.9925472,1.0337065,1.0060425,1.0844587,1.0018702,1.0289589,0.9980753,1.0711312
2025-01-01 05:35:00,0.954487,1.0332292,0.96320707,1.0093818,0.9658151,1.0470945,0.97979385,1.0196434,0.9995135,1.0627192,0.9955306,1.0216757,1.004126,1.0651615,0.9933641,1.0343103,1.006888,1.0850914,1.0026727,1.0295248,0.9988193,1.071687
2025-01-01 05:36:00,0.9549982,1.0336227,0.96374494,1.0097659,0.9663816,1.0475086,0.98037416,1.0200582,1.0001088,1.0631545,0.99610174,1.0220937,1.0047212,1.0655842,0.9938996,1.0347074,1.0074421,1.0855068,1.0031984,1.0298961,0.99930596,1.0720507
2025-01-01 05:37:00,0.95532674,1.0338753,0.9640919,1.0100135,0.9667484,1.0477773,0.98075163,1.0203286,1.0004975,1.0634398,0.99647593,1.0223688,1.0051122,1.0658631,0.99425215,1.03497,1.0078069,1.0857812,1.0035441,1.030141,0.9996254,1.0722895
2025-01-01 05:38:00,0.9555365,1.0340362,0.96431464,1.0101724,0.9669856,1.0479515,0.98099715,1.0205055,1.0007517,1.0636277,0.9967222,1.0225512,1.0053704,1.0660489,0.99448586,1.0351454,1.0080484,1.0859638,1.0037729,1.0303038,0.9998359,1.0724471
2025-01-01 05:39:00,0.95566905,1.0341375,0.96445674,1.0102735,0.96713835,1.048064,0.98115695,1.0206214,1.0009187,1.0637523,0.99688536,1.0226732,1.0055422,1.0661738,0.9946423,1.0352639,1.0082101,1.0860869,1.0039253,1.0304132,0.9999758,1.0725518
2025-01-01 05:40:00,0.9557514,1.0342,0.96454644,1.0103372,0.96723634,1.0481366,0.9812611,1.0206977,1.0010291,1.0638357,0.9969945,1.0227563,1.0056578,1.0662595,0.99474853,1.0353456,1.0083195,1.0861712,1.0040286,1.0304878,1.0000697,1.0726223
2025-01-01 05:41:00,0.9558011,1.0342373,0.96460205,1.0103767,0.96729887,1.0481833,0.981329,1.0207485,1.0011027,1.0638924,0.9970685,1.022814,1.0057371,1.0663195,0.9948221,1.0354033,1.0083952,1.0862302,1.0040996,1.0305398,1.0001338,1.0726705
2025-01-01 05:42:00,0.9558298,1.0342584,0.9646356,1.0104004,0.9673382,1.0482132,0.9813735,1.0207825,1.0011523,1.0639317,0.9971198,1.022855,1.0057926,1.0663629,0.9948745,1.0354453,1.0084488,1.0862728,1.0041498,1.0305771,1.0001782,1.0727041
2025-01-01 05:43:00,0.9558446,1.0342689,0.96465474,1.0104138,0.9673625,1.0482321,0.9814027,1.0208056,1.0011864,1.0639597,0.99715614,1.0228854,1.0058328,1.0663955,0.99491304,1.0354773,1.0084883,1.0863049,1.0041863,1.0306047,1.0002102,1.0727283
2025-01-01 05:44:00,0.9558505,1.0342724,0.9646646,1.0104206,0.9673771,1.048244,0.981422,1.0208217,1.0012103,1.0639805,0.99718297,1.0229088,1.005863,1.066421,0.99494267,1.0355027,1.0085185,1.08633,1.0042139,1.0306263,1.0002339,1.0727462
2025-01-01 05:45:00,0.9558507,1.0342716,0.9646683,1.0104231,0.9673854,1.0482513,0.9814349,1.0208334,1.0012277,1.0639966,0.99720347,1.0229276,1.0058867,1.066442,0.9949665,1.0355238,1.0085425,1.0863506,1.0042359,1.0306438,1.0002521,1.0727601
2025-01-01 05:46:00,0.9558471,1.0342678,0.96466815,1.0104227,0.96738964,1.0482556,0.98144364,1.0208422,1.001241,1.0640094,0.99722004,1.0229436,1.0059061,1.0664599,0.9949865,1.035542,1.0085627,1.0863683,1.004254,1.0306586,1.0002669,1.0727714
2025-01-01 05:47:00,0.95584106,1.0342622,0.9646655,1.0104207,0.9673912,1.0482581,0.9814497,1.020849,1.0012513,1.0640205,0.997234,1.0229577,1.0059229,1.066476,0.9950041,1.0355585,1.0085802,1.0863839,1.0042697,1.0306716,1.0002793,1.072781
2025-01-01 05:48:00,0.95583344,1.0342553,0.9646612,1.0104175,0.9673911,1.0482593,0.9814541,1.0208546,1.00126,1.0640303,0.9972462,1.0229704,1.0059379,1.0664909,0.9950201,1.0355736,1.0085962,1.0863984,1.0042838,1.0306835,1.0002904,1.0727894
2025-01-01 05:49:00,0.95582485,1.0342478,0.9646559,1.0104135,0.9673899,1.0482596,0.9814573,1.0208595,1.0012677,1.0640391,0.9972574,1.0229825,1.0059518,1.0665051,0.995035,1.0355881,1.0086108,1.0864121,1.0042968,1.0306946,1.0003003,1.0727971
2025-01-01 05:50:00,0.95581555,1.0342396,0.96464986,1.0104091,0.967388,1.0482596,0.98145986,1.0208638,1.0012746,1.0640476,0.99726784,1.022994,1.005965,1.0665185,0.99504924,1.0356022,1.008625,1.0864252,1.004309,1.0307052,1.0003096,1.0728042
2025-01-01 05:51:00,0.9558059,1.0342313,0.9646435,1.0104043,0.9673857,1.0482593,0.981462,1.0208678,1.0012811,1.0640558,0.99727786,1.0230052,1.0059777,1.0665317,0.9950631,1.0356159,1.0086386,1.086438,1.0043211,1.0307156,1.0003185,1.0728111
2025-01-01 05:52:00,0.955796,1.0342228,0.9646368,1.0103996,0.96738315,1.0482589,0.9814639,1.0208718,1.0012872,1.0640638,0.99728763,1.0230163,1.0059901,1.0665448,0.99507666,1.0356294,1.008652,1.0864505,1.0043327,1.0307256,1.000327,1.0728177
2025-01-01 05:53:00,0.955786,1.0342141,0.96463,1.0103946,0.9673804,1.0482582,0.98146564,1.0208756,1.0012932,1.0640715,0.9972972,1.0230272,1.0060023,1.0665576,0.99509007,1.0356426,1.0086651,1.0864627,1.0043441,1.0307355,1.0003353,1.072824
2025-01-01 05:54:00,0.95577586,1.0342054,0.96462315,1.0103896,0.96737766,1.0482575,0.9814673,1.0208793,1.0012991,1.0640793,0.99730676,1.0230381,1.0060143,1.0665704,0.9951033,1.0356559,1.0086781,1.0864749,1.0043553,1.0307453,1.0003436,1.0728302
2025-01-01 05:55:00,0.9557656,1.0341967,0.96461624,1.0103846,0.96737486,1.0482569,0.9814689,1.020883,1.001305,1.064087,0.99731624,1.023049,1.0060264,1.0665832,0.9951165,1.0356691,1.008691,1.086487,1.0043664,1.0307549,1.0003515,1.0728364
2025-01-01 05:56:00,0.9557554,1.034188,0.9646094,1.0103797,0.96737206,1.0482563,0.9814706,1.0208868,1.0013108,1.0640948,0.9973257,1.02306,1.0060383,1.0665959,0.9951296,1.0356822,1.0087037,1.0864991,1.0043774,1.0307646,1.0003595,1.0728426
2025-01-01 05:57:00,0.95574516,1.0341793,0.9646025,1.0103747,0.96736926,1.0482556,0.9814722,1.0208906,1.0013168,1.0641025,0.9973352,1.0230708,1.0060503,1.0666085,0.9951427,1.0356953,1.0087165,1.0865111,1.0043883,1.0307741,1.0003674,1.0728484
2025-01-01 05:58:00,0.955735,1.0341706,0.9645956,1.0103698,0.9673665,1.048255,0.98147386,1.0208944,1.0013226,1.0641103,0.99734473,1.0230817,1.0060623,1.0666212,0.9951558,1.0357084,1.0087291,1.086523,1.0043992,1.0307835,1.0003753,1.0728544
2025-01-01 05:59:00,0.95572484,1.0341619,0.96458876,1.0103649,0.9673638,1.0482545,0.9814756,1.0208982,1.0013286,1.0641181,0.9973542,1.0230925,1.0060743,1.0666339,0.99516886,1.0357214,1.0087419,1.086535,1.00441,1.030793,1.000383,1.0728602
2025-01-01 06:00:00,0.96256447,1.0396408,0.9717539,1.0156517,0.97481275,1.053795,0.98899883,1.0264119,1.0089025,1.069789,1.0045651,1.0284963,1.0134823,1.0719926,1.0017544,1.0407455,1.0155485,1.0916997,1.0107638,1.0354623,1.0062414,1.0773891
2025-01-01 06:01:00,0.96700674,1.0431991,0.97640884,1.0190865,0.9796537,1.057396,0.99388963,1.0299971,1.0138278,1.0734779,1.0092558,1.0320126,1.0183018,1.0754801,1.0060396,1.0440156,1.0199772,1.0950611,1.0148976,1.0385005,1.0100522,1.0803348
2025-01-01 06:02:00,0.9698907,1.0455091,0.9794323,1.0213174,0.9827995,1.0597367,0.99706936,1.0323291,1.0170313,1.0758785,1.0123079,1.034302,1.0214387,1.0777515,1.0088295,1.0461458,1.0228603,1.09725,1.0175881,1.0404786,1.0125316,1.0822514
2025-01-01 06:03:00,0.9717618,1.0470076,0.9813952,1.0227659,0.9848433,1.0612582,0.99913687,1.0338463,1.0191158,1.0774417,1.0142952,1.0357941,1.023482,1.0792325,1.0106475,1.0475351,1.0247388,1.0986769,1.0193406,1.0417675,1.014146,1.0834992
2025-01-01 06:04:00,0.97297454,1.0479788,0.9826688,1.0237058,0.986171,1.062247,1.0004815,1.0348339,1.0204729,1.0784606,1.0155903,1.0367677,1.0248142,1.0801995,1.0118339,1.0484426,1.025964,1.0996085,1.0204836,1.0426086,1.0151979,1.0843122
2025-01-01 06:05:00,0.9737593,1.048607,0.9834944,1.0243152,0.98703325,1.0628897,1.0013562,1.0354774,1.0213572,1.0791258,1.0164356,1.0374045,1.0256846,1.0808325,1.0126096,1.049037,1.026765,1.1002182,1.0212302,1.0431585,1.0158843,1.0848424
2025-01-01 06:06:00,0.974266,1.0490125,0.9840288,1.0247098,0.9875929,1.0633075,1.0019256,1.0358973,1.0219343,1.079561,1.0169885,1.0378224,1.0262544,1.0812485,1.0131183,1.0494279,1.0272899,1.1006186,1.0217192,1.043519,1.016333,1.0851891
2025-01-01 06:07:00,0.9745919,1.0492733,0.9843739,1.0249648,0.9879559,1.0635791,1.0022964,1.0361717,1.0223116,1.0798469,1.0173514,1.0380979,1.0266292,1.0815234,1.0134536,1.0496867,1.0276356,1.1008829,1.0220408,1.0437566,1.0166272,1.0854163
2025-01-01 06:08:00,0.9748003,1.0494398,0.984596,1.025129,0.98819107,1.0637556,1.0025383,1.0363514,1.0225592,1.0800356,1.0175906,1.0382808,1.026877,1.0817066,1.0136762,1.0498593,1.0278646,1.1010587,1.0222534,1.0439142,1.0168209,1.0855658
2025-01-01 06:09:00,0.9749323,1.0495453,0.98473823,1.0252342,0.98834324,1.0638704,1.0026964,1.0364699,1.0227224,1.0801611,1.0177497,1.0384037,1.0270424,1.0818301,1.0138254,1.0499761,1.0280179,1.1011771,1.0223953,1.0440197,1.0169493,1.0856649
2025-01-01 06:10:00,0.97501475,1.049611,0.9848285,1.0253012,0.9884414,1.063945,1.0027999,1.0365486,1.0228307,1.0802456,1.0178565,1.0384876,1.0271542,1.081915,1.013927,1.0500566,1.0281217,1.1012582,1.0224911,1.0440915,1.0170354,1.085731
2025-01-01 06:11:00,0.975065,1.0496509,0.9848849,1.0253434,0.9885045,1.0639938,1.002868,1.0366014,1.0229034,1.0803035,1.0179296,1.038546,1.0272311,1.0819746,1.0139976,1.0501134,1.0281937,1.1013148,1.022557,1.0441412,1.0170937,1.0857759
2025-01-01 06:12:00,0.97509426,1.049674,0.9849195,1.0253693,0.98854494,1.0640254,1.0029132,1.0366373,1.022953,1.0803442,1.0179806,1.0385879,1.0272855,1.0820178,1.0140481,1.0501548,1.0282449,1.1013558,1.0226036,1.0441765,1.0171341,1.0858067
2025-01-01 06:13:00,0.97510993,1.0496863,0.9849399,1.0253847,0.9885705,1.0640463,1.0029435,1.0366623,1.0229877,1.0803736,1.0180172,1.0386192,1.027325,1.0820504,1.0140855,1.0501863,1.0282824,1.1013864,1.0226374,1.0442027,1.0171628,1.0858285
2025-01-01 06:14:00,0.9751167,1.0496916,0.98495096,1.0253934,0.98858654,1.0640599,1.0029641,1.0366802,1.0230126,1.0803957,1.0180445,1.0386435,1.0273551,1.0820762,1.0141144,1.0502113,1.0283111,1.1014103,1.022663,1.0442226,1.017184,1.0858445
2025-01-01 06:15:00,0.97511786,1.0496922,0.9849561,1.0253975,0.9885963,1.0640688,1.0029786,1.0366936,1.0230311,1.0804131,1.0180659,1.0386633,1.0273789,1.0820975,1.0141377,1.050232,1.0283343,1.1014299,1.0226831,1.0442387,1.0172001,1.0858566
2025-01-01 06:16:00,0.9751153,1.0496899,0.9849574,1.025399,0.9886021,1.0640749,1.0029888,1.036704,1.0230455,1.0804273,1.0180833,1.0386802,1.0273988,1.0821159,1.0141574,1.0502502,1.0283535,1.1014466,1.0226998,1.0442522,1.017213,1.085866
2025-01-01 06:17:00,0.9751103,1.0496856,0.9849561,1.0253985,0.9886053,1.064079,1.0029966,1.0367123,1.0230573,1.0804398,1.0180982,1.0386952,1.027416,1.0821322,1.0141748,1.0502664,1.0283703,1.1014614,1.0227143,1.044264,1.0172237,1.085874
2025-01-01 06:18:00,0.97510374,1.0496801,0.9849533,1.025397,0.98860687,1.064082,1.0030025,1.0367196,1.0230675,1.0804509,1.0181116,1.0387089,1.0274316,1.0821475,1.0141908,1.0502815,1.0283855,1.1014751,1.0227273,1.0442744,1.0172331,1.0858806
2025-01-01 06:19:00,0.9750962,1.0496739,0.98494947,1.0253947,0.98860735,1.0640842,1.0030074,1.0367261,1.0230765,1.0804611,1.0181237,1.0387219,1.027446,1.0821619,1.0142057,1.0502958,1.0283997,1.101488,1.0227392,1.0442843,1.0172416,1.0858868
2025-01-01 06:20:00,0.97508806,1.0496672,0.98494494,1.0253919,0.9886071,1.0640858,1.0030117,1.0367321,1.023085,1.0804709,1.0181354,1.0387343,1.0274597,1.0821759,1.01422,1.0503095,1.0284132,1.1015003,1.0227503,1.0442938,1.0172493,1.0858923
2025-01-01 06:21:00,0.9750795,1.0496601,0.98494005,1.0253888,0.9886065,1.0640873,1.0030154,1.0367378,1.0230927,1.0804805,1.0181465,1.0387465,1.027473,1.0821893,1.014234,1.050323,1.0284264,1.1015123,1.0227611,1.0443029,1.0172567,1.0858977
2025-01-01 06:22:00,0.9750707,1.0496529,0.98493487,1.0253856,0.9886056,1.0640883,1.003019,1.0367433,1.0231005,1.0804898,1.0181575,1.0387584,1.027486,1.0822028,1.0142475,1.0503362,1.0284393,1.101524,1.0227716,1.0443118,1.0172639,1.0859027
2025-01-01 06:23:00,0.9750618,1.0496457,0.98492956,1.0253823,0.98860455,1.0640894,1.0030224,1.0367486,1.0231079,1.0804988,1.0181682,1.0387702,1.0274988,1.082216,1.014261,1.0503494,1.0284518,1.1015354,1.022782,1.0443203,1.0172708,1.0859075
2025-01-01 06:24:00,0.9750527,1.0496383,0.9849242,1.025379,0.9886035,1.0640906,1.0030258,1.0367541,1.0231154,1.0805079,1.0181788,1.0387821,1.0275115,1.0822291,1.0142744,1.0503623,1.0284643,1.1015469,1.0227922,1.0443289,1.0172774,1.0859121
2025-01-01 06:25:00,0.97504365,1.0496309,0.9849188,1.0253756,0.9886024,1.0640917,1.003029,1.0367595,1.0231227,1.0805169,1.0181894,1.0387938,1.0275241,1.0822423,1.0142876,1.0503753,1.0284766,1.1015582,1.0228022,1.0443373,1.017284,1.0859168
2025-01-01 06:26:00,0.97503465,1.0496236,0.9849134,1.0253724,0.98860127,1.0640928,1.0030323,1.0367649,1.02313,1.0805261,1.0182,1.0388056,1.0275367,1.0822552,1.0143008,1.0503882,1.028489,1.1015695,1.0228122,1.0443456,1.0172906,1.0859212
2025-01-01 06:27:00,0.9750256,1.0496162,0.98490804,1.0253689,0.9886002,1.0640938,1.0030358,1.0367702,1.0231375,1.0805352,1.0182105,1.0388173,1.0275494,1.0822682,1.0143139,1.0504011,1.0285012,1.1015807,1.022822,1.0443538,1.017297,1.0859256
2025-01-01 06:28:00,0.9750166,1.0496088,0.9849027,1.0253657,0.9885991,1.064095,1.003039,1.0367757,1.0231448,1.0805442,1.0182211,1.0388291,1.0275619,1.0822814,1.014327,1.0504138,1.0285133,1.1015918,1.0228319,1.0443621,1.0173033,1.0859299
2025-01-01 06:29:00,0.97500753,1.0496016,0.9848973,1.0253625,0.9885981,1.0640962,1.0030425,1.0367811,1.0231522,1.0805534,1.0182317,1.0388408,1.0275745,1.0822943,1.01434,1.0504267,1.0285255,1.1016029,1.0228417,1.0443702,1.0173097,1.0859342
2025-01-01 06:30:00,0.9816517,1.0551252,0.9918702,1.0306746,0.99580365,1.0695641,1.010265,1.0422436,1.0303303,1.086106,1.025058,1.0441352,1.034505,1.0874635,1.0204514,1.055281,1.0348287,1.106484,1.0286067,1.0488274,1.0225766,1.0901743
2025-01-01 06:31:00,0.9859673,1.0587132,0.9964008,1.0341264,1.0004871,1.0731188,1.014961,1.045796,1.0349987,1.0897186,1.0294988,1.0475807,1.0390143,1.0908281,1.0244285,1.0584408,1.0389299,1.1096606,1.0323575,1.0517275,1.0260022,1.0929319
2025-01-01 06:32:00,0.98876935,1.0610429,0.9993439,1.036369,1.0035309,1.0754298,1.0180146,1.0481073,1.0380358,1.0920699,1.0323892,1.0498245,1.0419499,1.0930197,1.0270182,1.0604991,1.0416001,1.1117293,1.0347987,1.0536153,1.028231,1.0947256
2025-01-01 06:33:00,0.9905876,1.0625547,1.0012552,1.0378257,1.0055093,1.0769325,1.0200007,1.0496114,1.0400125,1.0936016,1.0342716,1.0512869,1.0438622,1.0944487,1.028706,1.0618414,1.0433397,1.1130776,1.0363889,1.0548451,1.0296818,1.0958929
2025-01-01 06:34:00,0.9917664,1.063535,1.0024956,1.0387715,1.0067948,1.0779098,1.021293,1.0505912,1.0413002,1.0946004,1.035499,1.0522418,1.0451099,1.0953821,1.0298077,1.0627184,1.0444748,1.113958,1.0374259,1.0556473,1.0306269,1.0966531
2025-01-01 06:35:00,0.9925296,1.0641698,1.0033003,1.0393852,1.0076302,1.0785457,1.0221344,1.0512303,1.0421398,1.0952531,1.0363005,1.0528667,1.0459253,1.0959935,1.0305283,1.0632927,1.0452168,1.114534,1.0381032,1.0561714,1.0312432,1.0971485
2025-01-01 06:36:00,0.9930226,1.06458,1.0038216,1.0397832,1.0081731,1.0789596,1.0226828,1.0516477,1.0426884,1.0956806,1.0368254,1.0532769,1.0464597,1.0963954,1.0310012,1.0636706,1.0457032,1.1149122,1.0385467,1.0565147,1.0316459,1.0974718
2025-01-01 06:37:00,0.9933401,1.0648443,1.0041589,1.0400411,1.0085258,1.0792292,1.0230405,1.051921,1.0430477,1.0959618,1.0371703,1.0535479,1.0468115,1.0966612,1.0313133,1.0639206,1.0460235,1.1151618,1.0388384,1.0567406,1.0319098,1.0976833
2025-01-01 06:38:00,0.99354345,1.0650136,1.0043763,1.0402077,1.008755,1.0794051,1.0232744,1.0521009,1.043284,1.096148,1.0373983,1.0537281,1.0470446,1.0968386,1.0315206,1.0640875,1.0462359,1.1153278,1.0390311,1.0568901,1.0320832,1.0978221
2025-01-01 06:39:00,0.9936726,1.0651214,1.004516,1.040315,1.0089037,1.0795201,1.0234278,1.0522199,1.0434405,1.0962723,1.0375504,1.0538496,1.0472007,1.0969584,1.03166,1.0642005,1.0463781,1.1154395,1.0391598,1.0569899,1.032198,1.0979135
2025-01-01 06:40:00,0.9937537,1.0651891,1.0046052,1.0403839,1.0090003,1.0795954,1.0235289,1.0522994,1.0435449,1.0963565,1.0376532,1.0539327,1.0473064,1.0970409,1.0317551,1.0642784,1.0464747,1.1155158,1.0392466,1.0570576,1.0322745,1.0979742
2025-01-01 06:41:00,0.9938034,1.0652308,1.0046614,1.0404279,1.009063,1.0796452,1.0235962,1.0523533,1.0436156,1.0964147,1.0377238,1.053991,1.0473797,1.0970991,1.0318216,1.0643334,1.0465416,1.1155691,1.0393062,1.0571041,1.0323262,1.0980148
2025-01-01 06:42:00,0.99383277,1.0652556,1.0046965,1.0404557,1.0091038,1.0796782,1.0236413,1.0523903,1.0436643,1.0964558,1.0377735,1.054033,1.0474318,1.0971415,1.0318693,1.0643735,1.0465893,1.1156075,1.0393482,1.057137,1.0323617,1.0980425
2025-01-01 06:43:00,0.99384886,1.0652694,1.0047178,1.0404729,1.0091302,1.0797004,1.0236721,1.0524167,1.0436989,1.096486,1.0378097,1.0540646,1.0474702,1.0971737,1.0319048,1.064404,1.0466242,1.1156361,1.0393786,1.057161,1.0323868,1.0980617
2025-01-01 06:44:00,0.9938565,1.0652761,1.0047301,1.0404832,1.0091473,1.0797155,1.0236937,1.052436,1.0437243,1.096509,1.0378373,1.0540894,1.0474995,1.0971992,1.0319326,1.0644283,1.0466511,1.1156584,1.0394017,1.0571791,1.0324049,1.0980753
2025-01-01 06:45:00,0.9938585,1.0652783,1.0047364,1.0404892,1.0091585,1.0797262,1.0237092,1.0524509,1.0437436,1.0965273,1.037859,1.0541098,1.0475233,1.0972204,1.0319551,1.0644484,1.0466728,1.1156766,1.0394199,1.0571935,1.0324187,1.0980854
2025-01-01 06:46:00,0.9938569,1.0652773,1.0047392,1.0404923,1.0091656,1.079734,1.0237209,1.0524628,1.043759,1.0965427,1.037877,1.0541272,1.047543,1.0972387,1.0319743,1.0644658,1.046691,1.1156923,1.0394348,1.0572053,1.0324295,1.098093
2025-01-01 06:47:00,0.9938531,1.0652747,1.0047393,1.0404935,1.0091704,1.0797397,1.02373,1.0524728,1.0437721,1.0965563,1.0378927,1.054143,1.0475603,1.0972551,1.0319914,1.0644815,1.0467068,1.115706,1.0394477,1.0572157,1.0324383,1.098099
2025-01-01 06:48:00,0.9938477,1.0652707,1.004738,1.0404936,1.0091736,1.0797443,1.0237375,1.0524817,1.0437834,1.0965686,1.0379069,1.0541574,1.0475762,1.0972705,1.032007,1.064496,1.0467211,1.1157186,1.0394591,1.0572249,1.0324459,1.098104
2025-01-01 06:49:00,0.9938414,1.0652659,1.0047356,1.040493,1.0091757,1.0797483,1.023744,1.0524896,1.0437937,1.09658,1.03792,1.0541711,1.047591,1.097285,1.0320216,1.06451,1.0467346,1.1157304,1.0394697,1.0572333,1.0324527,1.0981084
2025-01-01 06:50:00,0.9938345,1.0652606,1.0047326,1.0404919,1.0091772,1.0797516,1.0237498,1.0524971,1.0438033,1.0965909,1.0379324,1.0541843,1.047605,1.0972991,1.0320357,1.0645233,1.0467472,1.1157416,1.0394797,1.0572413,1.0324589,1.0981123
2025-01-01 06:51:00,0.99382716,1.0652552,1.0047293,1.0404905,1.0091782,1.0797546,1.0237552,1.0525043,1.0438125,1.0966016,1.0379446,1.0541971,1.0476186,1.0973128,1.0320494,1.0645363,1.0467596,1.1157527,1.0394893,1.057249,1.0324646,1.0981158
2025-01-01 06:52:00,0.9938197,1.0652493,1.0047258,1.040489,1.0091791,1.0797576,1.0237604,1.0525115,1.0438216,1.096612,1.0379564,1.0542097,1.0476322,1.0973263,1.0320628,1.0645492,1.0467716,1.1157634,1.0394986,1.0572563,1.0324702,1.0981193
2025-01-01 06:53:00,0.9938121,1.0652435,1.0047221,1.0404873,1.0091798,1.0797603,1.0237654,1.0525184,1.0438305,1.0966223,1.037968,1.0542222,1.0476453,1.0973396,1.032076,1.0645618,1.0467834,1.1157739,1.0395076,1.0572636,1.0324756,1.0981224
2025-01-01 06:54:00,0.99380434,1.0652376,1.0047183,1.0404857,1.0091804,1.079763,1.0237705,1.0525252,1.0438392,1.0966327,1.0379796,1.0542349,1.0476586,1.0973529,1.0320891,1.0645744,1.0467952,1.1157843,1.0395166,1.0572708,1.0324807,1.0981255
2025-01-01 06:55:00,0.9937965,1.0652318,1.0047145,1.0404841,1.0091809,1.0797658,1.0237753,1.0525321,1.0438479,1.096643,1.0379912,1.0542473,1.0476716,1.0973661,1.0321022,1.0645869,1.0468068,1.1157947,1.0395254,1.0572778,1.0324857,1.0981283
2025-01-01 06:56:00,0.9937888,1.065226,1.0047107,1.0404824,1.0091816,1.0797687,1.0237803,1.0525391,1.0438567,1.0966532,1.0380027,1.0542598,1.0476846,1.0973793,1.0321152,1.0645994,1.0468184,1.115805,1.0395342,1.0572847,1.0324907,1.0981312
2025-01-01 06:57:00,0.9937811,1.06522,1.0047069,1.0404807,1.0091821,1.0797714,1.0237852,1.0525459,1.0438653,1.0966634,1.0380142,1.054272,1.0476975,1.0973924,1.0321282,1.0646117,1.0468298,1.1158152,1.0395428,1.0572915,1.0324956,1.0981338
2025-01-01 06:58:00,0.9937734,1.0652142,1.004703,1.0404792,1.0091828,1.0797743,1.0237902,1.0525528,1.043874,1.0966736,1.0380256,1.0542845,1.0477104,1.0974056,1.0321411,1.0646241,1.0468413,1.1158254,1.0395514,1.0572983,1.0325004,1.0981365
2025-01-01 06:59:00,0.99376565,1.0652083,1.0046993,1.0404776,1.0091834,1.0797771,1.0237951,1.0525599,1.0438828,1.096684,1.0380372,1.0542969,1.0477234,1.0974187,1.032154,1.0646363,1.0468526,1.1158354,1.03956,1.0573051,1.0325052,1.0981392
2025-01-01 07:00:00,1.0000957,1.0706786,1.0113555,1.0457209,1.0160168,1.085075,1.0305882,1.0578743,1.0505371,1.1020195,1.0443567,1.0593877,1.0540531,1.102306,1.0376822,1.0692346,1.05254,1.120346,1.0446334,1.0614711,1.0370864,1.1020147
2025-01-01 07:01:00,1.0042076,1.0742323,1.0156809,1.0491287,1.0204589,1.0885198,1.0350055,1.0613312,1.0548654,1.1054914,1.0484686,1.0627011,1.0581719,1.1054875,1.04128,1.0722277,1.0562407,1.1232812,1.047934,1.0641812,1.0400658,1.1045346
2025-01-01 07:02:00,1.0068778,1.0765404,1.0184911,1.0513433,1.0233467,1.0907599,1.0378785,1.0635806,1.0576819,1.1077517,1.0511453,1.0648592,1.0608537,1.10756,1.0436232,1.0741776,1.0586501,1.1251926,1.0500824,1.0659453,1.042004,1.1061734
2025-01-01 07:03:00,1.0086108,1.0780386,1.0203165,1.0527823,1.0252241,1.0922171,1.0397478,1.0650454,1.0595158,1.1092246,1.0528893,1.0662663,1.0626014,1.1089118,1.0451508,1.0754492,1.0602201,1.1264385,1.0514817,1.0670941,1.0432653,1.1072394
2025-01-01 07:04:00,1.0097346,1.0790105,1.0215019,1.0537174,1.0264448,1.0931655,1.0409647,1.066,1.060711,1.1101856,1.054027,1.0671853,1.063742,1.109795,1.0461482,1.0762801,1.0612446,1.1272517,1.0523943,1.067843,1.0440867,1.107933
2025-01-01 07:05:00,1.0104626,1.0796404,1.0222713,1.0543247,1.0272385,1.0937831,1.0417576,1.0666231,1.0614911,1.110814,1.0547706,1.067787,1.0644879,1.1103736,1.0468009,1.0768244,1.0619144,1.1277838,1.0529902,1.068332,1.0446222,1.1083847
2025-01-01 07:06:00,1.0109333,1.080048,1.0227702,1.0547191,1.0277549,1.0941857,1.0422748,1.0670307,1.0620013,1.1112262,1.0552582,1.0681826,1.0649773,1.1107544,1.0472296,1.0771824,1.0623536,1.128133,1.0533805,1.0686522,1.0449718,1.108679
2025-01-01 07:07:00,1.0112365,1.0803111,1.0230933,1.0549752,1.0280911,1.0944486,1.0426131,1.0672983,1.0623362,1.1114978,1.0555791,1.068444,1.0653,1.1110064,1.0475128,1.0774194,1.062643,1.1283635,1.0536369,1.0688623,1.0452005,1.1088711
2025-01-01 07:08:00,1.0114312,1.0804803,1.0233023,1.0551412,1.02831,1.0946206,1.0428349,1.0674748,1.0625571,1.1116781,1.0557917,1.0686184,1.0655142,1.1111748,1.0477014,1.0775777,1.062835,1.1285167,1.0538065,1.0690012,1.0453506,1.1089965
2025-01-01 07:09:00,1.0115553,1.0805883,1.023437,1.0552489,1.0284526,1.0947337,1.042981,1.0675921,1.062704,1.111799,1.0559342,1.0687362,1.0656581,1.1112888,1.0478283,1.0776848,1.0629636,1.1286197,1.0539196,1.0690936,1.0454495,1.1090788
2025-01-01 07:10:00,1.0116334,1.0806568,1.0235236,1.0553185,1.028546,1.0948085,1.043078,1.0676711,1.0628026,1.1118814,1.056031,1.0688173,1.0657561,1.1113676,1.0479153,1.0777587,1.063051,1.1286899,1.0539957,1.0691558,1.0455153,1.1091329
2025-01-01 07:11:00,1.0116817,1.0806996,1.0235788,1.0553635,1.0286071,1.0948584,1.0431429,1.0677252,1.06287,1.1119387,1.056098,1.0688742,1.0658245,1.1114234,1.0479764,1.0778108,1.0631118,1.1287389,1.0540481,1.0691984,1.0455594,1.1091688
2025-01-01 07:12:00,1.0117106,1.0807256,1.0236137,1.0553925,1.0286474,1.0948921,1.0431873,1.0677629,1.0629171,1.1119797,1.0561457,1.0689157,1.0658734,1.1114641,1.0480205,1.0778489,1.063155,1.1287742,1.0540848,1.069228,1.0455894,1.1091927
2025-01-01 07:13:00,1.0117271,1.0807407,1.0236354,1.0554112,1.0286741,1.0949154,1.0432181,1.0677902,1.062951,1.1120101,1.056181,1.0689472,1.0659099,1.1114951,1.0480536,1.0778779,1.063187,1.1288004,1.0541115,1.0692495,1.0456104,1.1092088
2025-01-01 07:14:00,1.0117353,1.0807489,1.0236485,1.0554231,1.0286921,1.0949318,1.0432402,1.0678105,1.0629762,1.1120337,1.056208,1.068972,1.065938,1.1115199,1.0480795,1.0779008,1.0632114,1.1288208,1.0541315,1.0692655,1.0456253,1.1092199
2025-01-01 07:15:00,1.0117383,1.0807525,1.023656,1.0554307,1.0287044,1.0949439,1.0432566,1.0678266,1.062996,1.1120529,1.0562298,1.0689926,1.065961,1.1115407,1.0481008,1.0779198,1.0632313,1.1288373,1.0541474,1.069278,1.0456363,1.1092277
2025-01-01 07:16:00,1.0117378,1.0807532,1.0236601,1.0554354,1.0287129,1.0949531,1.0432695,1.0678397,1.0630124,1.1120691,1.0562482,1.0690104,1.0659804,1.1115587,1.0481191,1.0779365,1.0632479,1.1288513,1.0541602,1.069288,1.0456448,1.1092333
2025-01-01 07:17:00,1.0117351,1.0807519,1.0236617,1.0554383,1.0287192,1.0949603,1.0432798,1.0678511,1.0630262,1.1120836,1.0562643,1.0690265,1.0659977,1.111575,1.0481354,1.0779516,1.0632625,1.1288637,1.0541713,1.0692966,1.0456517,1.1092373
2025-01-01 07:18:00,1.011731,1.0807495,1.0236619,1.0554401,1.0287237,1.0949665,1.0432887,1.0678612,1.0630386,1.1120967,1.056279,1.0690414,1.0660135,1.11159,1.0481505,1.0779653,1.0632757,1.128875,1.0541811,1.0693042,1.0456573,1.1092405
2025-01-01 07:19:00,1.0117261,1.0807463,1.023661,1.0554411,1.0287275,1.0949721,1.0432966,1.0678706,1.06305,1.1121092,1.0562928,1.0690556,1.0660284,1.1116046,1.0481647,1.0779785,1.0632881,1.1288855,1.0541903,1.0693111,1.0456623,1.1092432
2025-01-01 07:20:00,1.0117204,1.0807426,1.0236597,1.0554417,1.0287305,1.094977,1.0433038,1.0678796,1.0630608,1.1121211,1.0563058,1.0690693,1.0660425,1.1116184,1.0481782,1.0779911,1.0632998,1.1288956,1.0541987,1.0693175,1.0456667,1.1092453
2025-01-01 07:21:00,1.0117146,1.0807385,1.023658,1.055442,1.0287333,1.0949818,1.0433109,1.0678881,1.0630713,1.1121328,1.0563186,1.0690826,1.0660563,1.111632,1.0481915,1.0780036,1.0633112,1.1289055,1.054207,1.0693237,1.0456709,1.1092471
2025-01-01 07:22:00,1.0117084,1.0807343,1.023656,1.0554422,1.0287359,1.0949863,1.0433177,1.0678967,1.0630814,1.1121441,1.0563312,1.0690957,1.0660698,1.1116455,1.0482047,1.0780158,1.0633223,1.1289151,1.0542148,1.0693295,1.0456747,1.1092486
2025-01-01 07:23:00,1.0117022,1.08073,1.023654,1.0554423,1.0287383,1.0949908,1.0433242,1.0679051,1.0630915,1.1121554,1.0563437,1.0691087,1.0660833,1.1116587,1.0482174,1.0780277,1.0633332,1.1289245,1.0542225,1.0693353,1.0456784,1.1092502
2025-01-01 07:24:00,1.011696,1.0807257,1.023652,1.0554423,1.0287406,1.0949951,1.0433308,1.0679133,1.0631015,1.1121668,1.056356,1.0691216,1.0660967,1.1116718,1.0482302,1.0780396,1.063344,1.1289338,1.05423,1.069341,1.0456818,1.1092515
2025-01-01 07:25:00,1.0116895,1.0807214,1.0236497,1.0554423,1.0287429,1.0949997,1.0433372,1.0679216,1.0631114,1.1121781,1.0563682,1.0691346,1.0661099,1.1116849,1.0482428,1.0780514,1.0633546,1.128943,1.0542375,1.0693464,1.0456853,1.1092527
2025-01-01 07:26:00,1.0116833,1.0807171,1.0236477,1.0554425,1.0287452,1.0950041,1.0433438,1.06793,1.0631214,1.1121894,1.0563805,1.0691475,1.0661231,1.111698,1.0482554,1.0780631,1.0633653,1.128952,1.054245,1.0693518,1.0456886,1.1092538
2025-01-01 07:27:00,1.0116769,1.0807128,1.0236455,1.0554426,1.0287474,1.0950085,1.0433502,1.0679382,1.0631313,1.1122005,1.0563927,1.0691603,1.0661361,1.111711,1.048268,1.0780748,1.0633757,1.128961,1.0542521,1.0693572,1.0456918,1.1092548
2025-01-01 07:28:00,1.0116706,1.0807085,1.0236434,1.0554426,1.0287498,1.095013,1.0433567,1.0679466,1.0631412,1.1122118,1.056405,1.0691732,1.0661492,1.111724,1.0482805,1.0780865,1.0633862,1.12897,1.0542594,1.0693624,1.045695,1.1092558
2025-01-01 07:29:00,1.0116644,1.0807043,1.0236413,1.0554428,1.0287522,1.0950176,1.0433632,1.0679549,1.0631511,1.112223,1.0564171,1.0691861,1.0661623,1.111737,1.048293,1.078098,1.0633967,1.128979,1.0542666,1.0693676,1.045698,1.1092566
2025-01-01 07:30:00,1.0175682,1.0860239,1.0298629,1.0605242,1.0350924,1.1000513,1.049606,1.0730265,1.0691632,1.1172467,1.0621182,1.0739825,1.0717785,1.1162559,1.0531399,1.0823585,1.0683672,1.1330383,1.0585585,1.0731685,1.0495125,1.112699
2025-01-01 07:31:00,1.0214036,1.0894804,1.0339062,1.0638273,1.0392144,1.1033249,1.0536662,1.076326,1.0730746,1.1205162,1.0658282,1.0771047,1.0754336,1.1191975,1.0562948,1.0851318,1.0716017,1.1356798,1.0613506,1.0756409,1.0519929,1.1149368
2025-01-01 07:32:00,1.0238944,1.0917256,1.0365338,1.0659745,1.0418946,1.1054543,1.0563077,1.0784737,1.0756207,1.1226453,1.068244,1.0791386,1.077814,1.1211141,1.0583498,1.0869385,1.0737076,1.1374,1.0631678,1.0772498,1.0536062,1.1163915
2025-01-01 07:33:00,1.0255114,1.0931836,1.038241,1.0673703,1.0436378,1.1068403,1.0580271,1.0798727,1.0772791,1.1240331,1.0698185,1.0804653,1.0793658,1.1223645,1.0596899,1.0881169,1.0750802,1.1385212,1.0643516,1.0782971,1.0546557,1.1173375
2025-01-01 07:34:00,1.0265604,1.09413,1.0393502,1.0682778,1.0447717,1.1077428,1.0591471,1.080785,1.0783606,1.1249393,1.0708464,1.0813321,1.0803791,1.1231817,1.0605652,1.0888867,1.0759757,1.1392529,1.0651233,1.0789796,1.0553389,1.1179523
2025-01-01 07:35:00,1.0272402,1.0947438,1.0400707,1.0688678,1.0455098,1.1083312,1.0598775,1.0813811,1.0790672,1.1255324,1.0715188,1.0819,1.0810424,1.1237175,1.0611385,1.0893912,1.0765615,1.1397315,1.0656273,1.0794249,1.0557839,1.1183523
2025-01-01 07:36:00,1.0276799,1.0951415,1.0405383,1.0692517,1.0459906,1.1087154,1.0603548,1.0817716,1.0795301,1.1259218,1.0719602,1.0822737,1.0814781,1.1240703,1.0615156,1.0897231,1.0769457,1.1400456,1.0659573,1.079716,1.0560741,1.1186123
2025-01-01 07:37:00,1.0279638,1.0953987,1.0408419,1.0695013,1.0463041,1.1089668,1.0606674,1.0820285,1.0798345,1.126179,1.0722514,1.0825211,1.0817659,1.124304,1.0617648,1.0899428,1.077199,1.1402528,1.0661741,1.0799068,1.0562636,1.1187814
2025-01-01 07:38:00,1.0281464,1.0955646,1.0410388,1.0696639,1.0465089,1.109132,1.060873,1.0821986,1.080036,1.1263502,1.0724452,1.0826865,1.0819576,1.1244605,1.0619313,1.0900896,1.0773672,1.1403905,1.0663174,1.0800326,1.0563877,1.1188915
2025-01-01 07:39:00,1.028263,1.0956712,1.0411661,1.0697699,1.0466431,1.1092414,1.0610093,1.0823122,1.0801706,1.1264656,1.0725753,1.0827985,1.0820867,1.1245667,1.0620437,1.0901889,1.0774801,1.1404829,1.0664128,1.0801158,1.0564691,1.1189631
2025-01-01 07:40:00,1.0283369,1.0957392,1.0412484,1.0698391,1.0467315,1.1093142,1.0611004,1.0823894,1.0802618,1.1265446,1.0726645,1.0828758,1.0821753,1.1246402,1.062121,1.0902574,1.0775568,1.1405458,1.0664772,1.0801716,1.0565228,1.1190097
2025-01-01 07:41:00,1.0283829,1.0957823,1.0413016,1.0698844,1.04679,1.1093633,1.0611621,1.0824425,1.0803248,1.1266,1.0727267,1.0829307,1.0822374,1.1246926,1.0621755,1.0903059,1.0776103,1.1405896,1.0665213,1.0802094,1.0565586,1.1190401
2025-01-01 07:42:00,1.0284109,1.0958091,1.0413356,1.0699142,1.0468291,1.1093972,1.0612048,1.0824802,1.0803694,1.1266402,1.0727715,1.082971,1.0822823,1.1247311,1.0622153,1.0903413,1.0776484,1.1406211,1.0665522,1.0802355,1.0565827,1.1190599
2025-01-01 07:43:00,1.0284272,1.0958253,1.0413574,1.0699339,1.0468557,1.109421,1.061235,1.0825078,1.0804019,1.1266704,1.072805,1.0830016,1.0823162,1.1247606,1.0622454,1.0903683,1.0776767,1.1406443,1.0665745,1.0802541,1.0565991,1.1190727
2025-01-01 07:44:00,1.028436,1.0958346,1.0413711,1.0699472,1.0468742,1.1094385,1.0612572,1.0825291,1.0804268,1.126694,1.0728313,1.0830262,1.0823426,1.1247842,1.0622692,1.0903896,1.0776985,1.1406624,1.0665911,1.0802675,1.0566106,1.119081
2025-01-01 07:45:00,1.0284398,1.0958396,1.0413797,1.0699563,1.0468874,1.1094518,1.0612744,1.0825461,1.0804468,1.1267136,1.0728527,1.0830467,1.0823644,1.1248041,1.0622889,1.0904075,1.0777161,1.140677,1.0666043,1.0802778,1.0566187,1.1190864
2025-01-01 07:46:00,1.0284404,1.0958419,1.0413849,1.0699625,1.0468972,1.1094623,1.061288,1.0825603,1.0804634,1.1267304,1.072871,1.0830646,1.0823833,1.1248214,1.0623059,1.0904229,1.0777309,1.1406893,1.066615,1.080286,1.0566248,1.1190897
2025-01-01 07:47:00,1.0284389,1.0958421,1.0413879,1.069967,1.0469047,1.1094711,1.0612996,1.0825728,1.080478,1.1267455,1.0728872,1.0830806,1.0824001,1.1248372,1.0623212,1.0904367,1.0777439,1.1407,1.0666242,1.0802927,1.0566294,1.1190919
2025-01-01 07:48:00,1.0284362,1.0958412,1.0413896,1.0699705,1.0469109,1.1094787,1.0613096,1.0825841,1.0804912,1.1267594,1.0729023,1.0830957,1.0824156,1.124852,1.0623355,1.0904496,1.0777557,1.1407099,1.0666322,1.0802985,1.0566331,1.1190933
2025-01-01 07:49:00,1.0284326,1.0958396,1.0413904,1.0699732,1.0469161,1.1094857,1.0613189,1.0825948,1.0805036,1.1267726,1.0729164,1.08311,1.0824301,1.124866,1.0623488,1.0904619,1.0777669,1.140719,1.0666395,1.0803038,1.0566362,1.119094
2025-01-01 07:50:00,1.0284286,1.0958375,1.0413907,1.0699755,1.0469208,1.1094923,1.0613276,1.082605,1.0805153,1.1267853,1.0729301,1.0831239,1.0824443,1.1248796,1.0623617,1.0904737,1.0777774,1.1407278,1.0666466,1.0803087,1.0566388,1.1190943
2025-01-01 07:51:00,1.0284241,1.0958351,1.0413905,1.0699775,1.0469251,1.1094985,1.0613358,1.0826149,1.0805267,1.1267978,1.0729434,1.0831375,1.0824581,1.1248928,1.0623744,1.0904851,1.0777875,1.1407362,1.0666531,1.0803131,1.0566411,1.1190943
2025-01-01 07:52:00,1.0284195,1.0958326,1.0413903,1.0699794,1.0469292,1.1095046,1.0613439,1.0826246,1.080538,1.12681,1.0729564,1.083151,1.0824716,1.1249058,1.0623868,1.0904964,1.0777975,1.1407444,1.0666595,1.0803174,1.0566432,1.1190941
2025-01-01 07:53:00,1.0284147,1.09583,1.04139,1.0699811,1.0469333,1.1095107,1.061352,1.0826342,1.080549,1.1268221,1.0729693,1.0831642,1.0824848,1.1249188,1.0623989,1.0905076,1.0778073,1.1407526,1.0666656,1.0803214,1.056645,1.1190939
2025-01-01 07:54:00,1.0284101,1.0958272,1.0413896,1.0699829,1.0469373,1.1095166,1.06136,1.0826437,1.0805601,1.1268342,1.0729823,1.0831774,1.0824982,1.1249317,1.0624111,1.0905186,1.0778168,1.1407605,1.0666717,1.0803254,1.056647,1.1190934
2025-01-01 07:55:00,1.0284052,1.0958246,1.0413891,1.0699847,1.0469413,1.1095226,1.0613679,1.0826533,1.080571,1.1268462,1.0729951,1.0831906,1.0825113,1.1249444,1.0624231,1.0905296,1.0778265,1.1407684,1.0666778,1.0803293,1.0566486,1.1190931
2025-01-01 07:56:00,1.0284005,1.095822,1.0413888,1.0699865,1.0469452,1.1095287,1.0613759,1.0826629,1.080582,1.1268584,1.073008,1.0832038,1.0825245,1.1249571,1.0624352,1.0905404,1.077836,1.1407762,1.0666837,1.0803331,1.0566503,1.1190923
2025-01-01 07:57:00,1.0283957,1.0958192,1.0413883,1.0699883,1.0469491,1.1095346,1.0613837,1.0826725,1.080593,1.1268703,1.0730206,1.0832168,1.0825375,1.1249698,1.0624471,1.0905513,1.0778453,1.1407838,1.0666894,1.0803368,1.0566518,1.1190916
2025-01-01 07:58:00,1.028391,1.0958166,1.0413879,1.06999,1.0469532,1.1095407,1.0613916,1.082682,1.080604,1.1268823,1.0730333,1.0832299,1.0825506,1.1249824,1.0624589,1.090562,1.0778546,1.1407914,1.0666951,1.0803405,1.0566533,1.1190909
2025-01-01 07:59:00,1.0283862,1.0958141,1.0413876,1.069992,1.0469573,1.1095468,1.0613996,1.0826917,1.0806149,1.1268944,1.0730461,1.083243,1.0825636,1.124995,1.0624708,1.0905727,1.0778639,1.140799,1.0667008,1.0803441,1.0566547,1.1190901
2025-01-01 08:00:00,1.033757,1.1008868,1.0470618,1.0748197,1.0526896,1.1142255,1.0669796,1.0874288,1.0858765,1.1315155,1.0780253,1.0876589,1.087365,1.129064,1.0665488,1.0944182,1.0820278,1.1443342,1.0701334,1.0837108,1.0596333,1.1220372
2025-01-01 08:01:00,1.0372463,1.1041832,1.05075,1.0779585,1.056417,1.1172688,1.0706095,1.0905113,1.0893003,1.1345234,1.0812664,1.0905336,1.0904903,1.1317133,1.0692037,1.0969216,1.0847374,1.1466345,1.0723666,1.0859003,1.0615697,1.1239524
2025-01-01 08:02:00,1.0395129,1.1063251,1.0531474,1.0799993,1.0588413,1.1192491,1.0729717,1.0925186,1.0915297,1.136483,1.0833775,1.0924069,1.0925263,1.1334395,1.0709335,1.0985525,1.086502,1.1481323,1.07382,1.0873246,1.0628288,1.1251969
2025-01-01 08:03:00,1.0409845,1.1077167,1.0547057,1.0813266,1.0604187,1.1205386,1.0745102,1.0938267,1.0929828,1.1377609,1.0847542,1.0936291,1.0938543,1.1345662,1.0720619,1.0996162,1.0876521,1.1491085,1.0747666,1.0882516,1.0636476,1.1260054
2025-01-01 08:04:00,1.0419396,1.1086204,1.0557185,1.0821902,1.0614455,1.121379,1.075513,1.0946803,1.0939312,1.1385958,1.0856535,1.0944282,1.094722,1.1353028,1.0727994,1.1003112,1.0884027,1.1497456,1.0753837,1.0888553,1.0641803,1.1265305
2025-01-01 08:05:00,1.0425589,1.109207,1.0563769,1.0827523,1.0621146,1.1219276,1.0761677,1.0952386,1.0945514,1.1391428,1.0862426,1.0949521,1.0952907,1.1357859,1.073283,1.1007668,1.0888939,1.1501621,1.0757867,1.0892487,1.0645268,1.1268713
2025-01-01 08:06:00,1.04296,1.1095877,1.056805,1.0831186,1.062551,1.1222864,1.0765963,1.095605,1.0949587,1.1395025,1.08663,1.0952972,1.0956647,1.1361043,1.0736014,1.1010665,1.0892162,1.1504354,1.0760505,1.0895056,1.0647522,1.1270925
2025-01-01 08:07:00,1.0432193,1.1098343,1.0570832,1.0833576,1.0628363,1.1225219,1.0768777,1.0958468,1.0952272,1.1397406,1.0868864,1.0955262,1.0959125,1.1363157,1.0738124,1.1012648,1.0894289,1.1506157,1.0762237,1.0896736,1.0648991,1.1272358
2025-01-01 08:08:00,1.0433865,1.109994,1.0572642,1.0835136,1.0630233,1.1226773,1.0770637,1.0960073,1.0954058,1.1398997,1.0870576,1.0956795,1.096078,1.1364573,1.0739535,1.1013975,1.0895703,1.1507353,1.0763382,1.0897839,1.0649949,1.1273283
2025-01-01 08:09:00,1.0434936,1.1100972,1.057382,1.0836161,1.0631466,1.1227808,1.0771875,1.0961152,1.0955259,1.1400075,1.0871732,1.0957838,1.0961902,1.1365539,1.0740494,1.1014873,1.0896652,1.1508155,1.0764142,1.0898565,1.0650574,1.127388
2025-01-01 08:10:00,1.0435618,1.1101636,1.0574586,1.0836836,1.0632284,1.1228503,1.077271,1.0961889,1.0956078,1.1400818,1.0872531,1.0958562,1.0962677,1.1366209,1.0741156,1.1015493,1.0897299,1.15087,1.0764655,1.0899048,1.0650983,1.1274263
2025-01-01 08:11:00,1.0436047,1.110206,1.0575087,1.0837283,1.0632831,1.1228979,1.0773282,1.0962403,1.0956652,1.1401343,1.0873092,1.0959078,1.0963224,1.1366688,1.0741627,1.1015931,1.0897751,1.1509079,1.0765005,1.0899372,1.0651251,1.1274506
2025-01-01 08:12:00,1.0436314,1.1102331,1.0575414,1.0837584,1.0633204,1.1229312,1.0773685,1.0962774,1.0957065,1.1401728,1.0873505,1.095946,1.0963627,1.1367043,1.0741974,1.1016252,1.0898074,1.1509348,1.076525,1.0899591,1.0651426,1.1274658
2025-01-01 08:13:00,1.0436474,1.1102501,1.0575628,1.083779,1.0633464,1.1229553,1.0773977,1.096305,1.0957373,1.1402022,1.0873817,1.0959754,1.0963932,1.1367317,1.0742239,1.1016496,1.0898316,1.150955,1.0765426,1.0899744,1.0651543,1.1274751
2025-01-01 08:14:00,1.0436563,1.1102606,1.057577,1.0837932,1.0633651,1.1229733,1.0774196,1.0963266,1.0957614,1.1402256,1.0874065,1.0959991,1.0964178,1.1367539,1.0742451,1.1016691,1.0898502,1.1509702,1.0765557,1.0899853,1.065162,1.1274806
2025-01-01 08:15:00,1.0436609,1.1102668,1.0575863,1.0838035,1.0633789,1.1229875,1.077437,1.0963441,1.0957811,1.1402453,1.0874273,1.096019,1.0964382,1.1367726,1.0742629,1.1016852,1.0898653,1.1509826,1.076566,1.0899932,1.0651671,1.1274834
2025-01-01 08:16:00,1.0436625,1.1102703,1.0575927,1.0838112,1.0633897,1.1229992,1.0774515,1.0963591,1.0957978,1.1402624,1.0874451,1.0960366,1.0964559,1.136789,1.0742785,1.1016992,1.0898781,1.150993,1.0765742,1.0899993,1.0651706,1.1274846
2025-01-01 08:17:00,1.0436624,1.110272,1.057597,1.0838174,1.0633985,1.1230093,1.077464,1.0963726,1.0958128,1.1402779,1.0874615,1.0960526,1.0964719,1.1368039,1.0742924,1.1017119,1.0898893,1.151002,1.0765811,1.0900042,1.0651729,1.1274847
2025-01-01 08:18:00,1.043661,1.1102729,1.0576003,1.0838224,1.063406,1.1230184,1.0774751,1.0963849,1.0958265,1.1402922,1.0874765,1.0960677,1.0964868,1.1368179,1.0743055,1.1017236,1.0898997,1.1510103,1.0765874,1.0900081,1.0651746,1.1274841
2025-01-01 08:19:00,1.043659,1.1102729,1.0576026,1.0838267,1.0634127,1.1230267,1.0774856,1.0963966,1.0958395,1.1403059,1.0874909,1.096082,1.096501,1.1368313,1.0743179,1.1017346,1.0899092,1.1510179,1.0765929,1.0900116,1.0651757,1.127483
2025-01-01 08:20:00,1.0436563,1.1102724,1.0576046,1.0838306,1.0634189,1.1230347,1.0774953,1.0964078,1.0958521,1.1403192,1.0875047,1.0960959,1.0965147,1.1368443,1.07433,1.1017454,1.0899184,1.151025,1.0765982,1.0900146,1.0651765,1.1274816
2025-01-01 08:21:00,1.0436535,1.1102717,1.0576062,1.0838343,1.0634248,1.1230425,1.077505,1.0964189,1.0958643,1.1403323,1.0875183,1.0961095,1.0965282,1.1368569,1.0743417,1.1017559,1.0899272,1.151032,1.0766032,1.0900173,1.0651771,1.1274799
2025-01-01 08:22:00,1.0436505,1.1102709,1.0576075,1.0838379,1.0634305,1.1230501,1.0775144,1.0964296,1.0958763,1.1403451,1.0875317,1.0961229,1.0965414,1.1368695,1.0743532,1.101766,1.0899359,1.1510386,1.0766078,1.09002,1.0651773,1.127478
2025-01-01 08:23:00,1.0436474,1.1102699,1.0576088,1.0838413,1.0634362,1.1230576,1.0775237,1.0964404,1.0958883,1.1403579,1.0875449,1.0961362,1.0965544,1.136882,1.0743647,1.1017761,1.0899444,1.1510453,1.0766124,1.0900222,1.0651776,1.127476
2025-01-01 08:24:00,1.0436442,1.1102688,1.0576102,1.0838447,1.0634416,1.123065,1.0775329,1.096451,1.0959002,1.1403706,1.087558,1.0961494,1.0965674,1.1368942,1.074376,1.101786,1.0899527,1.1510519,1.0766169,1.0900246,1.0651777,1.1274738
2025-01-01 08:25:00,1.043641,1.1102679,1.0576113,1.0838481,1.0634471,1.1230725,1.0775421,1.0964617,1.095912,1.1403832,1.0875711,1.0961627,1.0965803,1.1369065,1.0743872,1.1017959,1.089961,1.1510583,1.0766213,1.0900269,1.0651776,1.1274716
2025-01-01 08:26:00,1.0436379,1.110267,1.0576127,1.0838517,1.0634527,1.1230799,1.0775514,1.0964724,1.0959239,1.1403958,1.0875843,1.0961758,1.0965933,1.1369187,1.0743983,1.1018057,1.0899692,1.1510646,1.0766256,1.0900289,1.0651774,1.1274692
2025-01-01 08:27:00,1.0436347,1.110266,1.057614,1.0838552,1.0634583,1.1230874,1.0775605,1.0964831,1.0959357,1.1404084,1.0875973,1.0961889,1.096606,1.1369307,1.0744094,1.1018155,1.0899773,1.1510708,1.0766298,1.090031,1.0651772,1.1274668
2025-01-01 08:28:00,1.0436316,1.1102651,1.0576153,1.0838586,1.0634639,1.1230949,1.0775697,1.0964937,1.0959474,1.1404209,1.0876104,1.0962019,1.0966188,1.1369427,1.0744205,1.1018251,1.0899854,1.151077,1.0766338,1.0900329,1.065177,1.1274643
2025-01-01 08:29:00,1.0436286,1.1102643,1.0576166,1.0838622,1.0634695,1.1231024,1.077579,1.0965044,1.0959593,1.1404335,1.0876234,1.096215,1.0966315,1.1369549,1.0744314,1.1018348,1.0899934,1.1510831,1.076638,1.0900348,1.0651767,1.1274618
2025-01-01 08:30:00,1.048371,1.1150005,1.062643,1.0883507,1.0684924,1.127343,1.0823972,1.1008235,1.1003768,1.1445702,1.0917927,1.1001719,1.100533,1.1405015,1.0776684,1.1051978,1.0932767,1.1540315,1.0791506,1.0929083,1.0672667,1.1298611
2025-01-01 08:31:00,1.0514525,1.1180788,1.0659109,1.0912696,1.0717593,1.1301022,1.0855323,1.1036347,1.1032525,1.1472634,1.0945073,1.1027485,1.1030734,1.142811,1.0797763,1.1073871,1.0954137,1.1559501,1.080785,1.0947765,1.0686249,1.1314197
2025-01-01 08:32:00,1.0534546,1.1200795,1.0680356,1.0931681,1.0738848,1.1318982,1.0875735,1.1054658,1.1051258,1.1490184,1.0962764,1.1044278,1.1047289,1.1443163,1.08115,1.1088134,1.0968055,1.1571991,1.0818489,1.0959915,1.0695075,1.1324316
2025-01-01 08:33:00,1.054755,1.1213799,1.0694171,1.0944036,1.0752685,1.1330684,1.0889037,1.1066598,1.1063477,1.1501638,1.097431,1.105524,1.1058097,1.145299,1.082047,1.1097438,1.0977129,1.1580131,1.0825416,1.0967817,1.0700811,1.1330885
2025-01-01 08:34:00,1.0555992,1.1222248,1.0703158,1.095208,1.0761701,1.1338319,1.0897715,1.1074399,1.1071461,1.1509125,1.0981859,1.106241,1.1065165,1.1459419,1.0826337,1.1103518,1.0983053,1.1585442,1.0829931,1.097296,1.0704536,1.1335145
2025-01-01 08:35:00,1.0561472,1.1227739,1.0709006,1.0957322,1.0767583,1.1343309,1.0903391,1.1079506,1.1076692,1.1514037,1.0986812,1.1067116,1.1069803,1.1463639,1.0830188,1.1107503,1.0986931,1.1588914,1.0832881,1.0976307,1.0706956,1.1337904
2025-01-01 08:36:00,1.0565023,1.1231308,1.0712813,1.0960743,1.0771426,1.134658,1.0907112,1.1082864,1.1080135,1.1517274,1.0990078,1.107022,1.1072862,1.1466423,1.0832729,1.1110126,1.0989478,1.1591192,1.083481,1.0978489,1.0708525,1.1339685
2025-01-01 08:37:00,1.0567323,1.1233625,1.0715294,1.0962983,1.0773946,1.1348735,1.0909566,1.1085086,1.1082414,1.1519424,1.0992246,1.1072285,1.1074895,1.1468276,1.0834419,1.1111864,1.099116,1.1592692,1.0836074,1.0979911,1.0709542,1.1340834
2025-01-01 08:38:00,1.056881,1.1235131,1.0716914,1.0964453,1.0775605,1.1350163,1.0911194,1.1086568,1.1083939,1.1520866,1.0993701,1.1073672,1.107626,1.146952,1.0835553,1.1113024,1.0992279,1.1593685,1.0836911,1.098084,1.0710201,1.1341568
2025-01-01 08:39:00,1.0569768,1.123611,1.0717974,1.0965422,1.0776707,1.1351119,1.0912286,1.1087571,1.1084973,1.1521847,1.0994693,1.1074618,1.1077192,1.147037,1.0836328,1.1113812,1.0993032,1.159435,1.0837466,1.0981448,1.0710624,1.1342034
2025-01-01 08:40:00,1.0570383,1.1236745,1.0718671,1.0966067,1.0777445,1.135177,1.0913031,1.1088263,1.1085687,1.152253,1.0995383,1.1075281,1.1077842,1.1470964,1.0836868,1.1114355,1.0993549,1.1594802,1.0837839,1.0981847,1.0710896,1.1342326
2025-01-01 08:41:00,1.0570773,1.1237159,1.0719131,1.0966501,1.0777946,1.1352222,1.0913548,1.108875,1.1086193,1.1523019,1.0995877,1.1075755,1.1078308,1.1471391,1.0837257,1.111474,1.099391,1.1595114,1.0838091,1.098211,1.0711069,1.1342504
2025-01-01 08:42:00,1.057102,1.1237427,1.0719439,1.0966799,1.0778294,1.1352544,1.091392,1.1089106,1.1086564,1.1523381,1.0996244,1.107611,1.1078653,1.1471709,1.0837547,1.1115023,1.099417,1.1595337,1.0838269,1.0982286,1.0711178,1.1342609
2025-01-01 08:43:00,1.0571172,1.1237601,1.0719646,1.0967008,1.0778543,1.1352782,1.0914196,1.1089376,1.1086849,1.1523663,1.0996529,1.1076386,1.1078924,1.1471957,1.0837772,1.1115237,1.0994365,1.1595501,1.0838394,1.0982404,1.0711244,1.1342666
2025-01-01 08:44:00,1.0571264,1.1237715,1.0719789,1.096716,1.0778728,1.1352966,1.091441,1.1089592,1.1087077,1.152389,1.099676,1.107661,1.1079142,1.147216,1.0837954,1.1115409,1.0994517,1.1595626,1.0838487,1.0982484,1.0711282,1.134269
2025-01-01 08:45:00,1.0571316,1.123779,1.071989,1.0967275,1.077887,1.1353115,1.0914584,1.1089771,1.1087267,1.1524082,1.0996957,1.1076802,1.1079328,1.147233,1.0838109,1.1115551,1.099464,1.1595724,1.0838559,1.0982537,1.0711303,1.1342694
2025-01-01 08:46:00,1.0571345,1.123784,1.0719965,1.0967366,1.0778986,1.1353241,1.0914732,1.1089927,1.1087434,1.1524253,1.099713,1.1076972,1.1079491,1.1472483,1.0838246,1.1115675,1.0994745,1.1595806,1.0838615,1.0982577,1.0711312,1.1342683
2025-01-01 08:47:00,1.0571355,1.1237872,1.0720022,1.0967441,1.0779085,1.1353353,1.0914865,1.1090069,1.1087587,1.1524409,1.0997288,1.1077129,1.1079643,1.1472622,1.0838373,1.1115787,1.099484,1.1595877,1.0838662,1.0982605,1.0711312,1.1342663
2025-01-01 08:48:00,1.0571356,1.1237894,1.0720068,1.0967505,1.0779173,1.1353455,1.0914985,1.1090199,1.1087728,1.1524556,1.0997437,1.1077275,1.1079785,1.1472754,1.0838491,1.111589,1.0994924,1.1595942,1.0838704,1.0982625,1.0711308,1.1342638
2025-01-01 08:49:00,1.0571349,1.123791,1.0720108,1.0967565,1.0779253,1.1353551,1.0915098,1.1090324,1.1087862,1.1524695,1.0997579,1.1077415,1.1079919,1.147288,1.0838603,1.1115987,1.0995004,1.1596001,1.0838741,1.0982641,1.0711299,1.1342609
2025-01-01 08:50:00,1.0571339,1.1237922,1.0720141,1.0967621,1.077933,1.1353645,1.0915207,1.1090446,1.1087993,1.1524831,1.0997717,1.1077552,1.108005,1.1473,1.0838711,1.1116081,1.099508,1.1596057,1.0838774,1.0982653,1.0711287,1.1342577
2025-01-01 08:51:00,1.0571326,1.1237932,1.0720173,1.0967672,1.0779402,1.1353735,1.0915314,1.1090565,1.1088122,1.1524965,1.0997853,1.1077687,1.1080179,1.147312,1.0838817,1.1116172,1.0995154,1.1596111,1.0838805,1.0982664,1.0711274,1.1342542
2025-01-01 08:52:00,1.0571313,1.1237941,1.0720204,1.0967724,1.0779474,1.1353824,1.0915419,1.1090682,1.1088248,1.1525097,1.0997988,1.1077818,1.1080306,1.1473237,1.0838922,1.1116261,1.0995226,1.1596164,1.0838836,1.0982672,1.0711259,1.1342505
2025-01-01 08:53:00,1.0571297,1.1237948,1.0720233,1.0967774,1.0779545,1.1353914,1.0915524,1.1090798,1.1088375,1.1525228,1.0998122,1.107795,1.1080432,1.1473353,1.0839026,1.111635,1.0995296,1.1596214,1.0838865,1.0982679,1.0711243,1.1342468
2025-01-01 08:54:00,1.0571282,1.1237955,1.0720263,1.0967826,1.0779616,1.1354002,1.0915626,1.1090914,1.10885,1.1525359,1.0998254,1.107808,1.1080556,1.1473469,1.0839128,1.1116437,1.0995365,1.1596262,1.0838894,1.0982685,1.0711228,1.134243
2025-01-01 08:55:00,1.0571268,1.1237962,1.0720292,1.0967876,1.0779686,1.135409,1.091573,1.1091031,1.1088624,1.1525489,1.0998386,1.107821,1.1080681,1.1473583,1.0839231,1.1116524,1.0995435,1.159631,1.083892,1.098269,1.071121,1.1342391
2025-01-01 08:56:00,1.0571253,1.123797,1.0720322,1.0967926,1.0779756,1.1354177,1.0915835,1.1091145,1.1088749,1.1525619,1.0998517,1.1078339,1.1080804,1.1473697,1.0839332,1.111661,1.0995501,1.1596358,1.0838946,1.0982693,1.0711192,1.134235
2025-01-01 08:57:00,1.0571239,1.1237978,1.0720352,1.0967977,1.0779827,1.1354265,1.0915937,1.1091261,1.1088873,1.1525749,1.0998648,1.1078467,1.1080927,1.1473811,1.0839432,1.1116694,1.0995568,1.1596404,1.0838971,1.0982696,1.0711173,1.134231
2025-01-01 08:58:00,1.0571225,1.1237986,1.0720382,1.0968028,1.0779898,1.1354355,1.0916041,1.1091377,1.1088997,1.1525878,1.099878,1.1078596,1.108105,1.1473924,1.0839533,1.1116779,1.0995635,1.1596451,1.0838996,1.0982699,1.0711153,1.1342268
2025-01-01 08:59:00,1.057121,1.1237994,1.0720412,1.096808,1.077997,1.1354443,1.0916145,1.1091492,1.1089122,1.1526008,1.0998911,1.1078725,1.1081172,1.1474036,1.0839633,1.1116862,1.09957,1.1596496,1.083902,1.09827,1.0711132,1.1342227
2025-01-01 09:00:00,1.0611508,1.1281145,1.0763304,1.1008768,1.0822208,1.1391716,1.095585,1.112973,1.1124071,1.1561791,1.1031762,1.1112999,1.111049,1.1503649,1.0863016,1.1145062,1.1019145,1.1619583,1.0854498,1.1005983,1.0722774,1.1360317
2025-01-01 09:01:00,1.0637697,1.1309196,1.0791194,1.1035234,1.0849689,1.1415975,1.0981696,1.1154625,1.1146833,1.1585095,1.1053163,1.1135322,1.1129591,1.1522936,1.087825,1.116342,1.1034406,1.1634606,1.0864567,1.1021116,1.0730333,1.1372061
2025-01-01 09:02:00,1.0654716,1.1327434,1.0809336,1.1052456,1.0867578,1.1431776,1.0998532,1.1170849,1.1161671,1.1600288,1.1067119,1.1149875,1.1142049,1.1535511,1.0888184,1.1175382,1.1044348,1.1644386,1.0871118,1.1030952,1.0735239,1.1379678
2025-01-01 09:03:00,1.0665774,1.1339293,1.082114,1.1063669,1.087923,1.1442078,1.1009512,1.1181434,1.117136,1.161021,1.1076236,1.1159381,1.1150188,1.1543723,1.0894678,1.1183186,1.1050833,1.1650757,1.0875385,1.1037345,1.0738419,1.1384614
2025-01-01 09:04:00,1.0672959,1.1347004,1.0828824,1.1070977,1.0886831,1.1448807,1.1016687,1.1188356,1.1177703,1.1616704,1.1082207,1.1165603,1.1155522,1.1549101,1.0898931,1.1188285,1.105507,1.1654913,1.0878165,1.1041499,1.0740478,1.1387806
2025-01-01 09:05:00,1.0677627,1.1352022,1.0833831,1.1075747,1.0891798,1.1453212,1.1021388,1.1192896,1.1181868,1.1620971,1.1086135,1.1169692,1.115903,1.1552634,1.090173,1.1191629,1.1057847,1.165763,1.0879978,1.10442,1.0741807,1.1389865
2025-01-01 09:06:00,1.0680658,1.1355288,1.0837097,1.1078867,1.0895053,1.1456108,1.102448,1.1195889,1.1184621,1.1623791,1.1088734,1.1172396,1.1161354,1.155497,1.0903584,1.119383,1.1059672,1.165941,1.0881164,1.1045953,1.0742663,1.1391187
2025-01-01 09:07:00,1.0682625,1.1357416,1.0839235,1.1080915,1.0897195,1.1458023,1.1026528,1.1197877,1.1186453,1.1625669,1.1090468,1.1174197,1.1162906,1.1556525,1.0904822,1.1195289,1.1060879,1.1660581,1.0881943,1.1047091,1.0743209,1.139203
2025-01-01 09:08:00,1.06839,1.1358804,1.0840635,1.1082265,1.0898614,1.14593,1.1027896,1.119921,1.1187689,1.1626935,1.1091642,1.1175413,1.1163956,1.1557577,1.090566,1.1196264,1.1061685,1.1661355,1.0882454,1.104783,1.0743556,1.1392561
2025-01-01 09:09:00,1.0684726,1.1359712,1.0841559,1.1083164,1.0899564,1.1460164,1.1028824,1.1200117,1.1188537,1.1627805,1.109245,1.1176246,1.1164681,1.1558297,1.0906239,1.1196927,1.106223,1.1661873,1.0882791,1.104831,1.0743773,1.139289
2025-01-01 09:10:00,1.0685261,1.1360308,1.0842173,1.1083769,1.0900208,1.1460758,1.1029464,1.1200749,1.1189132,1.1628414,1.1093022,1.1176834,1.1165195,1.1558802,1.0906647,1.1197383,1.1062605,1.1662222,1.0883018,1.1048619,1.0743903,1.1393087
2025-01-01 09:11:00,1.0685607,1.1360701,1.0842586,1.1084183,1.0900654,1.1461177,1.1029919,1.1201202,1.1189563,1.1628858,1.1093439,1.1177261,1.1165569,1.155917,1.0906947,1.1197709,1.106287,1.1662463,1.088317,1.1048818,1.0743978,1.1393197
2025-01-01 09:12:00,1.068583,1.1360962,1.0842866,1.1084473,1.0900971,1.1461482,1.1030253,1.1201538,1.1189888,1.162919,1.1093755,1.1177582,1.1165854,1.1559447,1.0907174,1.1197947,1.1063062,1.1662632,1.0883275,1.1048945,1.0744017,1.139325
2025-01-01 09:13:00,1.0685973,1.1361139,1.0843064,1.1084682,1.0901204,1.1461716,1.1030508,1.1201798,1.1190144,1.1629454,1.1094006,1.1177835,1.1166083,1.1559664,1.0907354,1.1198128,1.1063207,1.1662756,1.0883349,1.1049025,1.0744032,1.1393268
2025-01-01 09:14:00,1.0686066,1.136126,1.0843204,1.1084839,1.0901384,1.14619,1.1030712,1.1202009,1.1190355,1.162967,1.1094215,1.1178044,1.1166272,1.1559843,1.0907505,1.1198274,1.1063322,1.166285,1.0883402,1.1049074,1.0744032,1.1393262
2025-01-01 09:15:00,1.0686125,1.1361345,1.084331,1.1084963,1.0901529,1.1462054,1.1030884,1.1202189,1.1190536,1.1629857,1.1094397,1.1178223,1.1166435,1.1559997,1.0907634,1.1198394,1.1063416,1.1662923,1.0883441,1.1049103,1.074402,1.1393241
2025-01-01 09:16:00,1.0686162,1.1361407,1.0843395,1.1085064,1.0901651,1.1462188,1.1031034,1.1202348,1.1190699,1.1630024,1.1094561,1.1178384,1.1166584,1.1560135,1.0907751,1.1198499,1.1063497,1.1662983,1.0883471,1.1049119,1.0744002,1.1393207
2025-01-01 09:17:00,1.0686184,1.1361455,1.0843464,1.1085153,1.0901759,1.1462308,1.103117,1.1202494,1.119085,1.1630177,1.1094712,1.1178533,1.1166722,1.1560261,1.090786,1.1198593,1.106357,1.1663034,1.0883496,1.1049126,1.074398,1.1393168
2025-01-01 09:18:00,1.06862,1.1361492,1.0843523,1.1085231,1.0901856,1.146242,1.1031297,1.1202631,1.1190993,1.1630324,1.1094857,1.1178674,1.1166853,1.156038,1.0907961,1.119868,1.1063635,1.1663079,1.0883516,1.1049128,1.0743954,1.1393125
2025-01-01 09:19:00,1.0686208,1.1361524,1.0843576,1.1085304,1.090195,1.1462528,1.1031418,1.1202762,1.119113,1.1630465,1.1094997,1.1178808,1.1166979,1.1560495,1.0908061,1.1198764,1.1063697,1.166312,1.0883533,1.1049125,1.0743927,1.1393077
2025-01-01 09:20:00,1.0686214,1.1361552,1.0843627,1.1085374,1.0902039,1.1462632,1.1031536,1.1202891,1.1191263,1.1630602,1.1095133,1.117894,1.1167102,1.1560608,1.0908157,1.1198844,1.1063757,1.1663159,1.0883547,1.1049119,1.0743897,1.1393027
2025-01-01 09:21:00,1.0686218,1.1361579,1.0843674,1.1085442,1.0902125,1.1462735,1.1031653,1.1203017,1.1191397,1.1630737,1.1095266,1.117907,1.1167222,1.1560717,1.0908251,1.1198921,1.1063814,1.1663195,1.0883561,1.1049112,1.0743866,1.1392976
2025-01-01 09:22:00,1.068622,1.1361604,1.0843722,1.1085509,1.090221,1.1462835,1.1031766,1.120314,1.1191527,1.163087,1.1095399,1.1179198,1.1167343,1.1560825,1.0908343,1.1198996,1.106387,1.166323,1.0883574,1.1049101,1.0743834,1.1392924
2025-01-01 09:23:00,1.0686222,1.1361628,1.0843767,1.1085576,1.0902295,1.1462935,1.103188,1.1203264,1.1191655,1.1631002,1.109553,1.1179324,1.1167461,1.1560931,1.0908434,1.1199071,1.1063925,1.1663263,1.0883586,1.1049091,1.07438,1.139287
2025-01-01 09:24:00,1.0686225,1.1361653,1.0843813,1.1085641,1.090238,1.1463035,1.1031994,1.1203387,1.1191785,1.1631135,1.1095661,1.1179451,1.1167579,1.1561037,1.0908526,1.1199144,1.1063979,1.1663296,1.0883596,1.104908,1.0743766,1.1392815
2025-01-01 09:25:00,1.0686227,1.1361676,1.0843859,1.1085707,1.0902464,1.1463135,1.1032107,1.120351,1.1191915,1.1631267,1.1095792,1.1179577,1.1167694,1.1561142,1.0908616,1.1199217,1.1064031,1.1663328,1.0883605,1.1049068,1.0743731,1.139276
2025-01-01 09:26:00,1.0686228,1.13617,1.0843904,1.1085773,1.0902548,1.1463236,1.1032219,1.1203632,1.1192044,1.1631398,1.1095922,1.1179702,1.116781,1.1561246,1.0908704,1.1199288,1.1064084,1.1663358,1.0883614,1.1049054,1.0743697,1.1392704
2025-01-01 09:27:00,1.0686231,1.1361725,1.084395,1.1085839,1.0902632,1.1463336,1.1032332,1.1203755,1.1192173,1.1631529,1.1096052,1.1179826,1.1167927,1.156135,1.0908793,1.119936,1.1064135,1.1663389,1.0883622,1.104904,1.0743661,1.1392647
2025-01-01 09:28:00,1.0686234,1.136175,1.0843997,1.1085906,1.0902717,1.1463436,1.1032445,1.1203878,1.1192302,1.163166,1.1096182,1.1179951,1.1168042,1.1561453,1.0908881,1.119943,1.1064186,1.1663419,1.088363,1.1049025,1.0743624,1.139259
2025-01-01 09:29:00,1.0686238,1.1361775,1.0844043,1.1085973,1.0902802,1.1463536,1.1032559,1.1204001,1.119243,1.1631792,1.1096311,1.1180075,1.1168157,1.1561556,1.090897,1.11995,1.1064236,1.1663448,1.0883638,1.1049011,1.0743587,1.1392533
2025-01-01 09:30:00,1.0718687,1.1399944,1.0878795,1.112174,1.0936297,1.1495006,1.1063079,1.1236603,1.121753,1.1661354,1.1119734,1.120844,1.1187259,1.1584785,1.0922946,1.1221768,1.1077874,1.167973,1.0889192,1.1066432,1.0745764,1.1404395
2025-01-01 09:31:00,1.0739781,1.1424763,1.0901401,1.1145015,1.0958098,1.1515497,1.1082954,1.1257839,1.123389,1.1680616,1.1135004,1.1226921,1.1199714,1.159992,1.093206,1.1236265,1.1086756,1.1690325,1.0892805,1.107775,1.0747164,1.1412085
2025-01-01 09:32:00,1.0753493,1.1440905,1.0916113,1.1160166,1.0972301,1.1528853,1.1095915,1.1271684,1.1244569,1.1693181,1.1144974,1.1238976,1.120785,1.1609793,1.0938015,1.1245712,1.1092546,1.169722,1.0895153,1.10851,1.0748061,1.1417062
2025-01-01 09:33:00,1.076241,1.1451408,1.0925692,1.117004,1.0981562,1.1537569,1.110438,1.1280729,1.1251557,1.1701396,1.11515,1.1246855,1.1213179,1.1616246,1.0941916,1.1251876,1.1096325,1.170171,1.0896682,1.1089872,1.074863,1.1420276
2025-01-01 09:34:00,1.0768209,1.1458246,1.0931937,1.1176482,1.0987614,1.154327,1.1109923,1.1286651,1.1256144,1.170678,1.1155787,1.125202,1.1216681,1.1620475,1.0944481,1.1255907,1.1098799,1.1704638,1.0897677,1.1092967,1.0748985,1.1422344
2025-01-01 09:35:00,1.0771979,1.1462699,1.0936013,1.1180695,1.0991577,1.1547014,1.1113565,1.1290543,1.1259171,1.1710328,1.1158618,1.1255419,1.1218998,1.162326,1.0946178,1.125855,1.1100423,1.170655,1.0898324,1.1094971,1.0749202,1.1423668
2025-01-01 09:36:00,1.0774435,1.1465605,1.0938683,1.1183459,1.0994185,1.1549482,1.1115974,1.1293117,1.1261184,1.1712677,1.1160504,1.1257671,1.1220543,1.1625104,1.0947311,1.126029,1.1101495,1.1707801,1.0898746,1.1096267,1.0749328,1.1424506
2025-01-01 09:37:00,1.0776032,1.1467506,1.0940435,1.1185279,1.0995911,1.1551124,1.111758,1.1294835,1.1262538,1.1714251,1.1161774,1.1259178,1.1221588,1.1626338,1.0948076,1.1261445,1.1102208,1.1708622,1.089902,1.1097102,1.0749395,1.1425028
2025-01-01 09:38:00,1.0777075,1.1468753,1.0941591,1.1186488,1.0997065,1.1552229,1.1118666,1.1295993,1.1263462,1.171532,1.1162646,1.1260201,1.1222304,1.1627175,1.0948602,1.1262218,1.1102686,1.1709164,1.0899199,1.1097637,1.0749424,1.1425346
2025-01-01 09:39:00,1.0777756,1.1469574,1.0942363,1.11873,1.0997846,1.1552982,1.1119411,1.1296791,1.126411,1.1716061,1.1163257,1.1260908,1.122281,1.1627753,1.0948973,1.1262743,1.1103013,1.1709524,1.0899316,1.1097977,1.0749428,1.142553
2025-01-01 09:40:00,1.0778203,1.147012,1.0942882,1.1187851,1.0998385,1.1553509,1.1119937,1.1297354,1.1264576,1.1716588,1.11637,1.1261411,1.1223179,1.1628163,1.0949243,1.1263107,1.1103239,1.1709766,1.0899392,1.1098192,1.0749415,1.1425627
2025-01-01 09:41:00,1.0778496,1.1470486,1.094324,1.1188236,1.0998768,1.1553888,1.1120319,1.1297762,1.1264924,1.1716976,1.1164031,1.1261779,1.1223456,1.1628464,1.0949447,1.1263366,1.1103402,1.1709931,1.0899441,1.1098322,1.074939,1.1425667
2025-01-01 09:42:00,1.0778693,1.1470735,1.0943491,1.1188513,1.0999049,1.1554172,1.1120609,1.1298072,1.1265196,1.1717275,1.1164292,1.1262062,1.1223676,1.1628695,1.0949608,1.1263556,1.1103524,1.1710045,1.0899472,1.1098398,1.0749359,1.1425672
2025-01-01 09:43:00,1.0778824,1.1470909,1.0943674,1.1188719,1.0999264,1.1554394,1.1120838,1.1298318,1.1265419,1.1717515,1.1164505,1.1262287,1.1223857,1.1628878,1.0949742,1.1263702,1.1103617,1.1710126,1.0899491,1.109844,1.0749323,1.142565
2025-01-01 09:44:00,1.0778913,1.1471035,1.0943812,1.1188879,1.0999435,1.1554575,1.112103,1.1298522,1.1265609,1.1717716,1.1164689,1.1262476,1.1224014,1.1629032,1.0949856,1.1263816,1.1103691,1.1710187,1.0899503,1.1098458,1.0749283,1.1425614
2025-01-01 09:45:00,1.0778978,1.147113,1.0943921,1.118901,1.099958,1.155473,1.1121196,1.1298698,1.1265779,1.1717893,1.1164854,1.1262641,1.1224154,1.1629164,1.0949959,1.1263914,1.1103754,1.1710232,1.0899509,1.1098461,1.0749241,1.1425567
2025-01-01 09:46:00,1.0779024,1.1471202,1.0944012,1.1189121,1.0999706,1.155487,1.1121345,1.1298858,1.1265934,1.1718054,1.1165005,1.126279,1.1224284,1.1629285,1.0950053,1.1263998,1.110381,1.1710268,1.0899513,1.1098454,1.0749198,1.1425513
2025-01-01 09:47:00,1.077906,1.1471263,1.0944092,1.118922,1.099982,1.1554997,1.1121483,1.1299006,1.126608,1.1718204,1.1165148,1.126293,1.1224407,1.1629397,1.0950142,1.1264074,1.1103859,1.1710298,1.0899513,1.1098441,1.0749152,1.1425455
2025-01-01 09:48:00,1.0779089,1.1471317,1.0944165,1.1189312,1.0999929,1.1555119,1.1121614,1.1299146,1.1266222,1.1718347,1.1165284,1.1263062,1.1224525,1.1629503,1.0950228,1.1264144,1.1103905,1.1710324,1.0899512,1.1098423,1.0749106,1.1425393
2025-01-01 09:49:00,1.0779111,1.1471363,1.0944232,1.1189398,1.1000031,1.1555234,1.1121742,1.1299281,1.1266359,1.1718487,1.1165419,1.126319,1.122464,1.1629604,1.095031,1.126421,1.1103948,1.1710347,1.0899509,1.10984,1.0749059,1.1425328
2025-01-01 09:50:00,1.0779133,1.1471409,1.0944295,1.1189482,1.1000131,1.1555347,1.1121867,1.1299413,1.1266495,1.1718624,1.1165551,1.1263314,1.1224751,1.1629704,1.0950391,1.1264274,1.110399,1.1710366,1.0899506,1.1098378,1.074901,1.1425263
2025-01-01 09:51:00,1.0779153,1.147145,1.0944358,1.1189563,1.1000229,1.155546,1.112199,1.1299543,1.1266627,1.1718757,1.116568,1.1263438,1.1224864,1.1629801,1.0950471,1.1264336,1.110403,1.1710386,1.0899501,1.1098353,1.0748961,1.1425195
2025-01-01 09:52:00,1.0779172,1.1471491,1.0944419,1.1189644,1.1000326,1.1555572,1.1122111,1.1299673,1.1266761,1.1718891,1.1165808,1.126356,1.1224973,1.1629897,1.095055,1.1264396,1.1104069,1.1710403,1.0899495,1.1098325,1.0748912,1.1425127
2025-01-01 09:53:00,1.077919,1.1471531,1.0944481,1.1189724,1.1000422,1.1555681,1.1122233,1.1299801,1.1266892,1.1719022,1.1165936,1.126368,1.1225082,1.1629992,1.0950629,1.1264455,1.1104108,1.171042,1.0899489,1.1098298,1.0748862,1.1425058
2025-01-01 09:54:00,1.0779209,1.1471572,1.0944542,1.1189804,1.1000519,1.1555792,1.1122353,1.129993,1.1267024,1.1719154,1.1166064,1.12638,1.122519,1.1630087,1.0950705,1.1264515,1.1104145,1.1710435,1.0899482,1.1098269,1.0748812,1.1424987
2025-01-01 09:55:00,1.0779228,1.1471614,1.0944604,1.1189885,1.1000617,1.1555903,1.1122473,1.1300058,1.1267155,1.1719284,1.116619,1.1263919,1.1225297,1.163018,1.0950781,1.1264571,1.1104181,1.171045,1.0899473,1.109824,1.0748761,1.1424917
2025-01-01 09:56:00,1.0779247,1.1471654,1.0944664,1.1189965,1.1000712,1.1556013,1.1122594,1.1300186,1.1267285,1.1719415,1.1166316,1.1264037,1.1225405,1.1630273,1.0950857,1.1264628,1.1104217,1.1710464,1.0899465,1.1098208,1.074871,1.1424845
2025-01-01 09:57:00,1.0779266,1.1471696,1.0944726,1.1190045,1.1000808,1.1556122,1.1122714,1.1300313,1.1267416,1.1719545,1.1166443,1.1264155,1.1225511,1.1630366,1.0950933,1.1264684,1.1104252,1.1710477,1.0899457,1.1098179,1.0748658,1.1424774
2025-01-01 09:58:00,1.0779287,1.1471738,1.0944788,1.1190126,1.1000906,1.1556233,1.1122836,1.1300441,1.1267548,1.1719675,1.1166568,1.1264273,1.1225618,1.1630458,1.0951008,1.126474,1.1104287,1.171049,1.0899447,1.1098146,1.0748606,1.1424702
2025-01-01 09:59:00,1.0779308,1.1471779,1.0944852,1.1190207,1.1001004,1.1556344,1.1122956,1.1300569,1.1267679,1.1719805,1.1166694,1.1264391,1.1225724,1.163055,1.0951082,1.1264795,1.1104321,1.1710502,1.0899438,1.1098114,1.0748552,1.142463
2025-01-01 10:00:00,1.0803329,1.1504285,1.0970844,1.1220421,1.1025156,1.1581452,1.1143746,1.1326952,1.1282481,1.1742618,1.118027,1.1286341,1.1234267,1.1646979,1.0955404,1.1280733,1.1107907,1.1719686,1.0894969,1.1109357,1.0741222,1.1430054
2025-01-01 10:01:00,1.0818952,1.152543,1.0987762,1.1240087,1.1040891,1.1597811,1.1157302,1.1344147,1.1292149,1.1757493,1.1189138,1.1300651,1.1239855,1.165769,1.0958239,1.1291112,1.111025,1.1725658,1.0892059,1.1116652,1.0736438,1.1433553
2025-01-01 10:02:00,1.0829114,1.153919,1.0998782,1.12529,1.1051154,1.1608484,1.1166155,1.1355367,1.1298478,1.1767206,1.1194946,1.1309992,1.1243525,1.1664684,1.0960107,1.1297876,1.1111783,1.1729544,1.0890164,1.1121383,1.0733309,1.1435801
2025-01-01 10:03:00,1.0835727,1.1548148,1.1005967,1.1261257,1.105786,1.161546,1.1171952,1.1362706,1.1302638,1.1773566,1.1198765,1.1316104,1.1245947,1.1669261,1.0961347,1.130229,1.111279,1.1732074,1.0888927,1.1124446,1.0731256,1.1437236
2025-01-01 10:04:00,1.0840036,1.1553988,1.1010661,1.1266719,1.1062253,1.1620035,1.1175765,1.1367522,1.1305388,1.1777745,1.1201291,1.1320118,1.1247557,1.1672268,1.0962178,1.1305178,1.1113455,1.173372,1.0888119,1.1126424,1.0729901,1.1438142
2025-01-01 10:05:00,1.0842844,1.1557801,1.1013736,1.12703,1.1065143,1.1623048,1.1178286,1.1370697,1.1307222,1.1780506,1.1202976,1.1322767,1.124864,1.1674252,1.0962741,1.1307074,1.1113899,1.1734793,1.0887587,1.1127697,1.0729,1.1438704
2025-01-01 10:06:00,1.084468,1.1560295,1.1015756,1.1272656,1.1067057,1.1625046,1.1179967,1.1372805,1.1308459,1.1782347,1.1204115,1.132453,1.124938,1.1675574,1.0963132,1.1308323,1.1114197,1.1735493,1.0887238,1.1128511,1.0728396,1.1439043
2025-01-01 10:07:00,1.0845882,1.1561933,1.1017094,1.1274217,1.1068337,1.1626384,1.1181103,1.1374222,1.1309309,1.1783589,1.1204898,1.1325715,1.1249897,1.1676463,1.0963411,1.1309153,1.1114401,1.173595,1.0887004,1.1129028,1.0727983,1.1439236
2025-01-01 10:08:00,1.0846672,1.1563015,1.1017987,1.1275263,1.1069204,1.1627294,1.1181885,1.1375188,1.1309907,1.178444,1.120545,1.1326526,1.1250268,1.1677071,1.0963616,1.130971,1.1114544,1.1736249,1.0886848,1.112935,1.0727692,1.1439334
2025-01-01 10:09:00,1.0847195,1.1563735,1.1018592,1.1275973,1.1069803,1.1627926,1.1182436,1.137586,1.1310343,1.178504,1.1205853,1.1327094,1.1250547,1.1677496,1.0963775,1.1310089,1.1114646,1.1736447,1.088674,1.1129546,1.0727483,1.1439372
2025-01-01 10:10:00,1.0847546,1.1564219,1.1019009,1.1276464,1.1070229,1.1628375,1.1182836,1.1376342,1.1310672,1.1785474,1.1206158,1.1327503,1.1250762,1.1677803,1.0963901,1.1310351,1.1114721,1.1736577,1.0886663,1.112966,1.0727327,1.1439369
2025-01-01 10:11:00,1.0847783,1.1564552,1.1019304,1.1276814,1.1070541,1.1628709,1.1183141,1.13767,1.1310931,1.1785803,1.12064,1.1327808,1.1250938,1.1678032,1.0964006,1.1310539,1.111478,1.1736662,1.0886607,1.112972,1.0727204,1.1439338
2025-01-01 10:12:00,1.0847946,1.1564785,1.1019521,1.1277072,1.107078,1.1628965,1.1183383,1.1376979,1.1311146,1.178606,1.12066,1.1328046,1.1251087,1.1678212,1.0964099,1.1310679,1.1114827,1.173672,1.0886564,1.1129745,1.0727102,1.143929
2025-01-01 10:13:00,1.0848064,1.1564956,1.1019688,1.127727,1.1070971,1.1629174,1.1183584,1.1377206,1.1311332,1.1786273,1.1206774,1.1328241,1.125122,1.1678358,1.0964181,1.1310785,1.1114867,1.1736757,1.088653,1.1129748,1.0727016,1.1439232
2025-01-01 10:14:00,1.084815,1.1565083,1.1019819,1.1277431,1.1071132,1.1629348,1.1183758,1.1377399,1.1311498,1.1786456,1.1206928,1.1328406,1.1251341,1.1678482,1.096426,1.131087,1.1114901,1.1736783,1.0886501,1.1129735,1.0726937,1.1439165
2025-01-01 10:15:00,1.0848217,1.1565186,1.101993,1.1277567,1.1071273,1.1629503,1.1183914,1.137757,1.1311651,1.1786622,1.1207073,1.1328555,1.1251454,1.1678592,1.0964334,1.1310942,1.1114932,1.1736801,1.0886475,1.1129712,1.0726866,1.1439093
2025-01-01 10:16:00,1.0848273,1.156527,1.1020027,1.1277686,1.1071402,1.1629643,1.1184059,1.1377726,1.1311798,1.1786773,1.1207209,1.132869,1.1251563,1.1678693,1.0964404,1.1311003,1.1114961,1.1736813,1.088645,1.1129681,1.0726796,1.1439018
2025-01-01 10:17:00,1.0848318,1.1565343,1.1020116,1.1277795,1.1071521,1.1629777,1.1184198,1.1377872,1.1311938,1.1786916,1.120734,1.1328818,1.1251669,1.1678789,1.0964472,1.1311059,1.1114987,1.1736821,1.0886427,1.1129646,1.072673,1.1438942
2025-01-01 10:18:00,1.0848361,1.156541,1.1020198,1.1277897,1.1071635,1.1629903,1.1184331,1.1378013,1.1312075,1.1787055,1.1207467,1.1328939,1.1251771,1.1678879,1.0964539,1.1311111,1.1115012,1.1736826,1.0886405,1.1129608,1.0726663,1.1438862
2025-01-01 10:19:00,1.0848399,1.1565472,1.1020278,1.1277995,1.1071748,1.1630027,1.1184462,1.137815,1.131221,1.1787189,1.1207592,1.1329057,1.1251873,1.1678966,1.0964605,1.1311162,1.1115036,1.1736829,1.0886382,1.1129569,1.0726597,1.1438782
2025-01-01 10:20:00,1.0848435,1.156553,1.1020355,1.1278092,1.1071856,1.1630149,1.1184591,1.1378285,1.1312344,1.178732,1.1207718,1.1329173,1.1251973,1.1679052,1.096467,1.1311207,1.1115059,1.173683,1.0886358,1.1129528,1.0726533,1.1438701
2025-01-01 10:21:00,1.0848471,1.1565588,1.1020433,1.1278186,1.1071965,1.1630268,1.1184719,1.1378418,1.1312476,1.1787452,1.120784,1.1329287,1.1252072,1.1679137,1.0964735,1.1311252,1.111508,1.1736832,1.0886337,1.1129485,1.0726467,1.143862
2025-01-01 10:22:00,1.0848507,1.1565645,1.1020509,1.127828,1.1072072,1.1630388,1.1184845,1.137855,1.1312609,1.1787581,1.1207962,1.1329399,1.1252171,1.1679219,1.0964798,1.1311296,1.1115102,1.1736832,1.0886313,1.1129442,1.0726402,1.1438537
2025-01-01 10:23:00,1.0848542,1.1565701,1.1020584,1.1278372,1.1072179,1.1630507,1.1184971,1.1378682,1.1312741,1.178771,1.1208085,1.1329511,1.1252269,1.1679301,1.096486,1.1311339,1.1115122,1.173683,1.0886289,1.1129397,1.0726337,1.1438453
2025-01-01 10:24:00,1.0848578,1.1565758,1.102066,1.1278465,1.1072286,1.1630626,1.1185099,1.1378814,1.1312871,1.178784,1.1208205,1.1329623,1.1252366,1.1679382,1.0964922,1.1311381,1.1115142,1.1736828,1.0886265,1.1129352,1.0726271,1.1438369
2025-01-01 10:25:00,1.0848613,1.1565815,1.1020736,1.1278558,1.1072394,1.1630744,1.1185225,1.1378944,1.1313002,1.1787968,1.1208327,1.1329733,1.1252463,1.1679463,1.0964984,1.1311423,1.1115162,1.1736826,1.088624,1.1129305,1.0726205,1.1438284
2025-01-01 10:26:00,1.0848649,1.1565871,1.1020811,1.1278651,1.1072501,1.1630862,1.1185352,1.1379075,1.1313133,1.1788095,1.1208447,1.1329844,1.125256,1.1679543,1.0965046,1.1311463,1.1115181,1.1736822,1.0886215,1.1129259,1.0726138,1.1438199
2025-01-01 10:27:00,1.0848684,1.1565928,1.1020887,1.1278744,1.1072608,1.1630981,1.1185478,1.1379205,1.1313264,1.1788222,1.1208568,1.1329954,1.1252655,1.1679622,1.0965105,1.1311504,1.1115199,1.1736819,1.088619,1.1129211,1.072607,1.1438115
2025-01-01 10:28:00,1.0848721,1.1565986,1.1020963,1.1278837,1.1072716,1.1631099,1.1185604,1.1379335,1.1313394,1.1788349,1.1208687,1.1330062,1.125275,1.1679702,1.0965166,1.1311543,1.1115217,1.1736814,1.0886163,1.1129164,1.0726004,1.1438029
2025-01-01 10:29:00,1.084876,1.1566044,1.1021041,1.1278931,1.1072824,1.1631218,1.1185731,1.1379466,1.1313525,1.1788477,1.1208807,1.1330172,1.1252846,1.167978,1.0965226,1.1311582,1.1115235,1.1736809,1.0886136,1.1129116,1.0725935,1.1437942
2025-01-01 10:30:00,1.0863926,1.1592306,1.1037809,1.1303046,1.1087204,1.1649516,1.1196418,1.1399163,1.1317766,1.1804135,1.1212295,1.1345317,1.1250677,1.1689122,1.0959818,1.1320908,1.1108706,1.1738734,1.0871723,1.1133987,1.0709231,1.1436832
2025-01-01 10:31:00,1.08738,1.1609398,1.1048737,1.1318754,1.109659,1.1661452,1.1203411,1.1412013,1.1320568,1.1814358,1.1214603,1.13552,1.12493,1.169522,1.0956323,1.1326983,1.1104467,1.1739984,1.0862343,1.1137135,1.0698348,1.143608
2025-01-01 10:32:00,1.0880231,1.1620529,1.1055865,1.1328996,1.1102729,1.1669251,1.1207999,1.1420411,1.1322436,1.1821046,1.1216146,1.1361662,1.1248438,1.1699212,1.0954071,1.1330944,1.1101718,1.1740792,1.0856237,1.1139164,1.0691249,1.1435559
2025-01-01 10:33:00,1.0884426,1.1627784,1.1060529,1.133569,1.1106757,1.1674364,1.1211027,1.1425915,1.1323695,1.1825438,1.121719,1.1365899,1.1247909,1.1701832,1.0952626,1.1333532,1.1099935,1.1741315,1.0852257,1.1140465,1.0686611,1.143519
2025-01-01 10:34:00,1.0887166,1.1632522,1.1063586,1.1340073,1.1109414,1.1677729,1.1213039,1.1429539,1.132456,1.1828337,1.1217909,1.1368691,1.1247598,1.1703562,1.0951707,1.1335227,1.1098781,1.1741652,1.0849661,1.1141292,1.0683571,1.143492
2025-01-01 10:35:00,1.0888962,1.1635623,1.1065603,1.1342957,1.111118,1.1679958,1.1214392,1.1431941,1.1325167,1.1830266,1.1218419,1.1370543,1.1247429,1.1704713,1.0951129,1.1336341,1.1098036,1.1741868,1.0847961,1.1141812,1.068157,1.1434712
2025-01-01 10:36:00,1.0890144,1.1637661,1.1066943,1.1344866,1.1112367,1.168145,1.1215316,1.1433547,1.1325607,1.1831561,1.1218791,1.1371784,1.1247351,1.1705487,1.0950773,1.1337076,1.1097555,1.1742004,1.0846845,1.1142131,1.0680244,1.1434546
2025-01-01 10:37:00,1.0890927,1.1639009,1.1067841,1.134614,1.1113178,1.1682462,1.1215961,1.1434637,1.1325939,1.183245,1.1219074,1.1372627,1.1247332,1.1706016,1.095056,1.1337568,1.1097248,1.1742089,1.0846108,1.114232,1.0679357,1.1434406
2025-01-01 10:38:00,1.0891452,1.1639906,1.1068455,1.1347003,1.1113743,1.1683162,1.1216425,1.1435392,1.1326201,1.1833069,1.1219299,1.1373212,1.1247351,1.1706386,1.0950441,1.1337897,1.1097051,1.1742141,1.0845617,1.1142423,1.0678754,1.1434284
2025-01-01 10:39:00,1.0891808,1.1640512,1.1068882,1.1347598,1.1114149,1.1683661,1.1216772,1.1435928,1.1326416,1.1833518,1.1219486,1.137363,1.1247395,1.1706651,1.0950383,1.1338122,1.1096927,1.1742171,1.0845287,1.1142471,1.0678337,1.1434172
2025-01-01 10:40:00,1.0892055,1.1640928,1.1069189,1.1348019,1.1114452,1.1684026,1.1217042,1.1436323,1.1326602,1.1833851,1.1219648,1.1373937,1.1247455,1.170685,1.0950363,1.133828,1.109685,1.1742185,1.084506,1.1142484,1.0678039,1.1434067
2025-01-01 10:41:00,1.0892231,1.1641221,1.1069418,1.1348327,1.1114689,1.1684307,1.1217263,1.1436623,1.1326767,1.1834112,1.1219795,1.1374174,1.1247526,1.1707004,1.0950369,1.1338394,1.1096803,1.1742191,1.0844901,1.1142472,1.0677819,1.1433967
2025-01-01 10:42:00,1.0892363,1.1641434,1.1069596,1.1348563,1.1114882,1.1684532,1.1217451,1.1436865,1.1326921,1.1834326,1.1219931,1.1374365,1.1247604,1.170713,1.0950391,1.1338478,1.1096776,1.1742189,1.0844784,1.1142445,1.0677651,1.1433871
2025-01-01 10:43:00,1.0892463,1.1641598,1.1069741,1.1348753,1.1115048,1.1684722,1.1217619,1.1437069,1.1327066,1.1834508,1.1220058,1.1374526,1.1247685,1.1707236,1.0950423,1.1338544,1.1096761,1.1742183,1.0844697,1.1142406,1.0677514,1.1433774
2025-01-01 10:44:00,1.0892544,1.1641726,1.1069865,1.1348909,1.1115195,1.1684887,1.1217773,1.1437248,1.1327205,1.1834669,1.1220182,1.1374665,1.1247767,1.170733,1.0950462,1.1338598,1.1096755,1.1742175,1.0844626,1.1142362,1.0677398,1.143368
2025-01-01 10:45:00,1.0892614,1.1641833,1.1069976,1.1349047,1.111533,1.1685039,1.1217918,1.143741,1.1327341,1.1834819,1.1220305,1.1374793,1.1247853,1.1707416,1.0950505,1.1338643,1.1096753,1.1742163,1.0844568,1.1142313,1.0677296,1.1433586
2025-01-01 10:46:00,1.0892676,1.1641926,1.1070077,1.1349171,1.1115458,1.168518,1.1218058,1.143756,1.1327474,1.1834959,1.1220424,1.1374912,1.1247939,1.1707495,1.095055,1.1338681,1.1096753,1.1742151,1.0844517,1.1142261,1.0677203,1.1433492
2025-01-01 10:47:00,1.0892733,1.164201,1.1070173,1.1349288,1.1115581,1.1685314,1.1218194,1.1437705,1.1327605,1.1835093,1.1220541,1.1375024,1.1248025,1.1707572,1.0950596,1.1338717,1.1096756,1.1742136,1.084447,1.1142207,1.0677115,1.1433396
2025-01-01 10:48:00,1.0892788,1.1642089,1.1070266,1.13494,1.1115701,1.1685445,1.1218327,1.1437844,1.1327738,1.1835225,1.1220658,1.1375133,1.1248112,1.1707644,1.0950644,1.133875,1.109676,1.1742122,1.0844427,1.1142151,1.0677031,1.1433302
2025-01-01 10:49:00,1.0892841,1.1642164,1.1070358,1.1349509,1.1115818,1.1685574,1.1218458,1.1437981,1.1327869,1.1835352,1.1220773,1.1375239,1.1248199,1.1707716,1.0950692,1.133878,1.1096764,1.1742107,1.0844384,1.1142094,1.0676948,1.1433208
2025-01-01 10:50:00,1.0892892,1.1642238,1.1070446,1.1349616,1.1115935,1.1685702,1.1218591,1.1438116,1.1327999,1.1835479,1.1220888,1.1375344,1.1248285,1.1707786,1.0950739,1.1338809,1.1096768,1.1742089,1.0844344,1.1142036,1.0676868,1.1433113
2025-01-01 10:51:00,1.0892942,1.1642311,1.1070535,1.134972,1.111605,1.1685827,1.1218721,1.1438249,1.1328127,1.1835604,1.1221002,1.1375448,1.124837,1.1707855,1.0950787,1.1338837,1.1096772,1.1742072,1.0844303,1.1141976,1.0676787,1.1433018
2025-01-01 10:52:00,1.0892993,1.1642382,1.1070623,1.1349823,1.1116167,1.1685952,1.1218852,1.1438382,1.1328256,1.1835728,1.1221116,1.137555,1.1248456,1.1707925,1.0950836,1.1338865,1.1096776,1.1742054,1.0844262,1.1141915,1.0676707,1.1432922
2025-01-01 10:53:00,1.0893044,1.1642454,1.1070713,1.1349928,1.1116284,1.1686078,1.121898,1.1438514,1.1328386,1.1835853,1.1221229,1.1375651,1.1248542,1.1707991,1.0950882,1.1338891,1.109678,1.1742035,1.0844221,1.1141855,1.0676626,1.1432827
2025-01-01 10:54:00,1.0893096,1.1642525,1.1070801,1.1350032,1.1116399,1.1686202,1.121911,1.1438645,1.1328515,1.1835976,1.1221342,1.1375753,1.1248627,1.1708058,1.0950929,1.1338916,1.1096783,1.1742016,1.084418,1.1141794,1.0676546,1.143273
2025-01-01 10:55:00,1.0893147,1.1642597,1.1070889,1.1350136,1.1116514,1.1686326,1.121924,1.1438776,1.1328644,1.1836097,1.1221455,1.1375853,1.1248711,1.1708124,1.0950975,1.133894,1.1096785,1.1741997,1.0844139,1.1141732,1.0676465,1.1432633
2025-01-01 10:56:00,1.0893198,1.1642668,1.1070979,1.1350241,1.1116631,1.1686451,1.121937,1.1438907,1.1328771,1.183622,1.1221569,1.1375952,1.1248795,1.1708189,1.0951021,1.1338965,1.1096787,1.1741977,1.0844097,1.114167,1.0676384,1.1432536
2025-01-01 10:57:00,1.0893251,1.164274,1.1071068,1.1350344,1.1116747,1.1686577,1.1219499,1.1439037,1.13289,1.1836343,1.1221681,1.1376052,1.1248878,1.1708255,1.0951066,1.1338987,1.1096789,1.1741955,1.0844054,1.1141607,1.0676303,1.1432438
2025-01-01 10:58:00,1.0893304,1.1642812,1.1071157,1.1350449,1.1116863,1.16867,1.1219629,1.1439168,1.1329029,1.1836464,1.1221793,1.1376151,1.1248962,1.1708319,1.095111,1.1339011,1.109679,1.1741934,1.0844011,1.1141543,1.0676221,1.143234
2025-01-01 10:59:00,1.0893357,1.1642885,1.1071248,1.1350554,1.111698,1.1686827,1.1219759,1.14393,1.1329156,1.1836586,1.1221905,1.1376249,1.1249044,1.1708384,1.0951154,1.1339033,1.109679,1.1741912,1.0843968,1.114148,1.067614,1.1432242
2025-01-01 11:00:00,1.08994,1.1662438,1.1078495,1.1368141,1.1121331,1.1697987,1.1220156,1.1451958,1.1322758,1.1844808,1.121524,1.1384323,1.12362,1.1710469,1.0936106,1.1341578,1.1080259,1.1736541,1.0819867,1.1139885,1.0650356,1.1424611
2025-01-01 11:01:00,1.0903345,1.1675173,1.1083238,1.1379609,1.1124202,1.1705285,1.1220459,1.1460233,1.1318644,1.1850195,1.1210947,1.1389605,1.122788,1.1711844,1.0926341,1.134324,1.1069512,1.173304,1.0804183,1.1138824,1.0633566,1.1419616
2025-01-01 11:02:00,1.0905931,1.1683478,1.1086352,1.13871,1.1126108,1.1710073,1.1220701,1.1465657,1.1316015,1.1853738,1.1208194,1.1393073,1.12225,1.171276,1.0920008,1.1344326,1.1062526,1.1730757,1.0793974,1.1138111,1.0622624,1.1416333
2025-01-01 11:03:00,1.090763,1.1688904,1.1088411,1.1392008,1.112739,1.171323,1.1220903,1.1469228,1.131435,1.1856084,1.1206443,1.1395359,1.121903,1.1713377,1.0915905,1.1345038,1.1057985,1.1729263,1.0787323,1.1137625,1.0615482,1.1414164
2025-01-01 11:04:00,1.0908755,1.1692456,1.108978,1.1395235,1.1128263,1.1715325,1.1221081,1.1471595,1.1313313,1.185765,1.1205344,1.1396879,1.1216803,1.1713799,1.0913252,1.1345508,1.1055032,1.1728283,1.0782981,1.1137286,1.061081,1.141272
2025-01-01 11:05:00,1.0909507,1.1694791,1.1090703,1.139737,1.1128874,1.1716732,1.1221243,1.1473179,1.1312684,1.185871,1.1204668,1.13979,1.1215383,1.1714095,1.0911541,1.134582,1.105311,1.1727638,1.0780144,1.1137042,1.0607744,1.1411746
2025-01-01 11:06:00,1.0910016,1.1696336,1.1091336,1.1398796,1.1129311,1.171769,1.1221393,1.1474255,1.1312318,1.1859441,1.1204267,1.1398599,1.1214488,1.1714308,1.0910444,1.134603,1.105186,1.1727209,1.0778282,1.1136858,1.060572,1.1411076
2025-01-01 11:07:00,1.0910367,1.1697367,1.109178,1.1399761,1.1129638,1.1718357,1.1221536,1.1474999,1.1312126,1.1859958,1.1204044,1.1399086,1.1213933,1.1714468,1.0909743,1.1346172,1.1051044,1.1726921,1.0777055,1.1136715,1.0604374,1.1410605
2025-01-01 11:08:00,1.0910616,1.1698066,1.1092101,1.1400425,1.1129892,1.1718836,1.1221676,1.147553,1.1312045,1.1860336,1.1203936,1.1399435,1.1213601,1.1714592,1.0909302,1.1346269,1.1050513,1.1726724,1.0776241,1.1136599,1.060347,1.1410264
2025-01-01 11:09:00,1.0910798,1.1698546,1.1092346,1.1400896,1.1130099,1.1719191,1.1221813,1.1475921,1.1312037,1.1860623,1.1203905,1.1399695,1.121341,1.1714692,1.0909028,1.1346338,1.1050165,1.1726584,1.0775694,1.1136497,1.060285,1.1410005
2025-01-01 11:10:00,1.0910938,1.1698887,1.1092536,1.140124,1.1130276,1.1719468,1.1221946,1.1476219,1.1312076,1.1860852,1.1203923,1.1399896,1.1213313,1.1714778,1.0908864,1.1346388,1.1049936,1.1726484,1.0775319,1.1136408,1.0602417,1.1409802
2025-01-01 11:11:00,1.091105,1.1699136,1.1092694,1.1401502,1.1130432,1.171969,1.122208,1.147646,1.1312145,1.1861042,1.1203971,1.140006,1.1213278,1.1714854,1.0908768,1.1346426,1.1049786,1.1726409,1.0775058,1.1136326,1.0602105,1.1409634
2025-01-01 11:12:00,1.0911144,1.1699326,1.109283,1.1401712,1.1130576,1.1719881,1.1222211,1.1476661,1.1312234,1.1861206,1.1204041,1.1400198,1.121328,1.1714922,1.0908719,1.1346455,1.1049683,1.1726348,1.0774871,1.1136247,1.060187,1.1409488
2025-01-01 11:13:00,1.0911227,1.1699479,1.1092952,1.1401886,1.1130712,1.1720049,1.1222343,1.1476839,1.1312337,1.1861355,1.1204123,1.1400322,1.1213309,1.1714987,1.09087,1.1346478,1.1049615,1.17263,1.077473,1.1136171,1.0601687,1.1409357
2025-01-01 11:14:00,1.0911303,1.1699605,1.1093066,1.1402037,1.1130843,1.1720203,1.1222475,1.1476998,1.1312447,1.1861492,1.1204213,1.1400433,1.1213354,1.1715049,1.09087,1.1346499,1.1049567,1.1726257,1.0774622,1.1136096,1.0601537,1.1409235
2025-01-01 11:15:00,1.0911374,1.1699716,1.1093173,1.1402174,1.1130971,1.1720347,1.1222606,1.1477147,1.1312562,1.1861624,1.120431,1.1400539,1.1213409,1.1715108,1.0908711,1.1346515,1.1049532,1.1726217,1.0774533,1.1136022,1.0601407,1.1409119
2025-01-01 11:16:00,1.0911442,1.1699816,1.1093278,1.1402303,1.1131097,1.1720486,1.1222736,1.147729,1.1312681,1.186175,1.1204408,1.1400639,1.1213471,1.1715165,1.090873,1.1346531,1.1049505,1.1726179,1.0774455,1.1135948,1.060129,1.1409006
2025-01-01 11:17:00,1.0911509,1.169991,1.109338,1.1402426,1.113122,1.172062,1.1222867,1.147743,1.1312802,1.1861873,1.120451,1.1400735,1.1213536,1.1715223,1.0908755,1.1346544,1.1049485,1.1726143,1.0774387,1.1135874,1.0601184,1.1408896
2025-01-01 11:18:00,1.0911574,1.17,1.1093482,1.1402544,1.1131343,1.1720753,1.1222998,1.1477566,1.1312926,1.1861994,1.1204613,1.140083,1.1213604,1.1715277,1.0908781,1.1346557,1.1049467,1.1726109,1.0774323,1.11358,1.0601083,1.1408788
2025-01-01 11:19:00,1.0911639,1.1700088,1.1093582,1.1402661,1.1131465,1.1720885,1.1223129,1.1477699,1.131305,1.1862113,1.1204717,1.1400923,1.1213675,1.1715331,1.090881,1.1346569,1.1049452,1.1726074,1.0774261,1.1135726,1.0600985,1.140868
2025-01-01 11:20:00,1.0911704,1.1700175,1.1093682,1.1402776,1.1131588,1.1721016,1.122326,1.1477832,1.1313174,1.1862231,1.1204822,1.1401014,1.1213745,1.1715385,1.090884,1.134658,1.1049438,1.172604,1.0774204,1.1135652,1.0600889,1.1408572
2025-01-01 11:21:00,1.091177,1.170026,1.1093782,1.1402891,1.113171,1.1721145,1.1223391,1.1477963,1.1313298,1.186235,1.1204925,1.1401105,1.1213815,1.1715438,1.0908871,1.1346589,1.1049422,1.1726005,1.0774145,1.1135578,1.0600795,1.1408465
2025-01-01 11:22:00,1.0911835,1.1700344,1.1093881,1.1403004,1.1131833,1.1721275,1.1223522,1.1478094,1.1313422,1.1862465,1.120503,1.1401196,1.1213887,1.1715491,1.09089,1.1346599,1.1049408,1.172597,1.0774088,1.1135503,1.06007,1.1408359
2025-01-01 11:23:00,1.0911901,1.170043,1.1093981,1.1403118,1.1131955,1.1721404,1.1223654,1.1478224,1.1313547,1.1862582,1.1205133,1.1401284,1.1213958,1.1715542,1.090893,1.1346607,1.1049393,1.1725935,1.077403,1.1135428,1.0600606,1.1408252
2025-01-01 11:24:00,1.0911967,1.1700513,1.1094081,1.140323,1.1132077,1.1721532,1.1223783,1.1478353,1.1313671,1.1862698,1.1205237,1.1401372,1.1214029,1.1715593,1.090896,1.1346616,1.1049379,1.1725899,1.0773972,1.1135352,1.0600513,1.1408144
2025-01-01 11:25:00,1.0912033,1.1700599,1.1094182,1.1403344,1.1132201,1.1721661,1.1223915,1.1478482,1.1313796,1.1862813,1.1205341,1.1401461,1.1214099,1.1715645,1.090899,1.1346624,1.1049365,1.1725863,1.0773915,1.1135275,1.0600419,1.1408037
2025-01-01 11:26:00,1.0912101,1.1700684,1.1094283,1.1403458,1.1132324,1.172179,1.1224046,1.1478612,1.131392,1.1862928,1.1205443,1.1401548,1.1214169,1.1715695,1.0909019,1.134663,1.1049349,1.1725826,1.0773857,1.1135198,1.0600326,1.140793
2025-01-01 11:27:00,1.0912168,1.170077,1.1094384,1.1403571,1.1132447,1.1721919,1.1224177,1.1478741,1.1314044,1.1863043,1.1205546,1.1401635,1.121424,1.1715745,1.0909047,1.1346637,1.1049334,1.1725788,1.0773798,1.1135122,1.0600232,1.1407821
2025-01-01 11:28:00,1.0912237,1.1700855,1.1094486,1.1403686,1.113257,1.1722047,1.1224308,1.147887,1.1314168,1.1863158,1.1205648,1.1401722,1.1214308,1.1715794,1.0909076,1.1346643,1.1049317,1.172575,1.077374,1.1135043,1.0600138,1.1407713
2025-01-01 11:29:00,1.0912305,1.1700943,1.1094588,1.14038,1.1132693,1.1722177,1.1224439,1.1479,1.1314291,1.1863272,1.1205751,1.140181,1.1214377,1.1715842,1.0909103,1.1346648,1.10493,1.1725712,1.077368,1.1134965,1.0600042,1.1407604
2025-01-01 11:30:00,1.0909113,1.1713433,1.1092181,1.1414545,1.1126937,1.1726,1.1214534,1.1484393,1.1297369,1.1863914,1.1189053,1.140266,1.119109,1.171063,1.088469,1.1342367,1.1023067,1.1713139,1.0740323,1.1126935,1.0565645,1.1393595
2025-01-01 11:31:00,1.0907062,1.1721582,1.1090653,1.142157,1.1123239,1.1728531,1.1208142,1.1487943,1.1286412,1.1864369,1.1178236,1.1403242,1.1175978,1.1707257,1.0868831,1.1339587,1.100601,1.1704952,1.071862,1.1121688,1.0543252,1.1384451
2025-01-01 11:32:00,1.0905755,1.1726911,1.1089697,1.1426175,1.1120878,1.173022,1.1204033,1.1490296,1.1279334,1.1864705,1.1171238,1.140365,1.1166178,1.1705083,1.0858531,1.133778,1.0994916,1.1699617,1.0704491,1.111825,1.0528663,1.1378468
2025-01-01 11:33:00,1.0904931,1.1730406,1.1089112,1.142921,1.1119388,1.1731365,1.1201408,1.1491872,1.1274775,1.1864963,1.1166726,1.1403944,1.1159831,1.1703684,1.0851845,1.1336606,1.0987697,1.1696132,1.0695285,1.1115985,1.0519147,1.1374542
2025-01-01 11:34:00,1.0904418,1.1732708,1.1088767,1.1431222,1.1118462,1.1732154,1.1199747,1.1492939,1.1271855,1.186517,1.1163827,1.1404165,1.1155728,1.170279,1.0847505,1.1335843,1.0982996,1.1693854,1.0689279,1.1114486,1.0512927,1.1371951
2025-01-01 11:35:00,1.0904112,1.1734236,1.108858,1.1432573,1.1117905,1.1732713,1.1198715,1.1493678,1.127,1.1865343,1.1161978,1.1404338,1.1153085,1.1702225,1.0844693,1.1335348,1.0979935,1.1692357,1.0685353,1.1113483,1.0508848,1.1370226
2025-01-01 11:36:00,1.0903939,1.1735262,1.1088495,1.1433489,1.1117586,1.1733122,1.1198089,1.1494204,1.1268836,1.1865495,1.116081,1.1404479,1.1151388,1.1701874,1.0842874,1.1335026,1.0977936,1.169137,1.068278,1.1112802,1.0506165,1.1369067
2025-01-01 11:37:00,1.0903851,1.173596,1.1088476,1.1434127,1.1117423,1.1733433,1.1197728,1.1494591,1.1268123,1.1865634,1.1160086,1.1404598,1.1150308,1.170166,1.0841699,1.1334817,1.0976629,1.1690713,1.0681084,1.111233,1.0504385,1.1368275
2025-01-01 11:38:00,1.090382,1.1736445,1.1088501,1.1434582,1.111736,1.173368,1.1197538,1.1494887,1.1267701,1.1865761,1.1159649,1.1404705,1.1149628,1.1701536,1.0840943,1.1334682,1.0975772,1.169027,1.067996,1.1111995,1.0503194,1.136772
2025-01-01 11:39:00,1.0903825,1.1736794,1.1088556,1.143492,1.1117364,1.1733887,1.1197462,1.1495124,1.126747,1.1865884,1.11594,1.1404803,1.1149209,1.1701472,1.0840458,1.1334591,1.0975207,1.1689966,1.0679206,1.1111748,1.0502385,1.1367322
2025-01-01 11:40:00,1.0903854,1.1737052,1.1088629,1.1435181,1.1117411,1.1734067,1.1197459,1.1495323,1.126736,1.1866002,1.1159271,1.1404896,1.1148957,1.1701443,1.084015,1.1334534,1.0974832,1.1689754,1.0678692,1.1111557,1.0501825,1.1367022
2025-01-01 11:41:00,1.0903901,1.1737252,1.1088712,1.1435391,1.1117485,1.1734229,1.1197501,1.1495496,1.1267333,1.1866118,1.1159221,1.1404984,1.1148815,1.170144,1.0839957,1.1334494,1.0974578,1.1689599,1.0678335,1.1111405,1.0501424,1.1366788
2025-01-01 11:42:00,1.0903957,1.1737415,1.1088804,1.143557,1.1117578,1.1734381,1.1197575,1.1495653,1.1267357,1.1866231,1.1159223,1.1405069,1.1148744,1.1701452,1.0839838,1.1334468,1.0974404,1.168948,1.067808,1.1111275,1.050113,1.1366595
2025-01-01 11:43:00,1.0904021,1.1737553,1.1088902,1.1435727,1.1117682,1.1734525,1.119767,1.14958,1.1267415,1.1866344,1.1159258,1.1405151,1.114872,1.1701473,1.0839767,1.1334449,1.0974282,1.1689389,1.0677891,1.111116,1.0500902,1.136643
2025-01-01 11:44:00,1.0904088,1.1737676,1.1089003,1.1435871,1.1117793,1.1734663,1.1197776,1.1495941,1.1267495,1.1866455,1.1159314,1.1405233,1.1148725,1.1701502,1.0839728,1.1334436,1.0974194,1.1689311,1.0677744,1.1111057,1.050072,1.1366284
2025-01-01 11:45:00,1.090416,1.1737788,1.1089107,1.1436006,1.111791,1.1734799,1.1197891,1.1496077,1.1267588,1.1866566,1.1159383,1.1405314,1.1148748,1.1701533,1.0839708,1.1334424,1.0974127,1.1689246,1.0677625,1.1110958,1.0500566,1.1366149
2025-01-01 11:46:00,1.0904232,1.1737895,1.1089212,1.1436136,1.111803,1.1734934,1.1198012,1.149621,1.1267691,1.1866674,1.1159462,1.1405394,1.1148784,1.1701566,1.0839701,1.1334417,1.0974075,1.1689185,1.0677524,1.1110864,1.0500429,1.136602
2025-01-01 11:47:00,1.0904307,1.1737998,1.1089319,1.1436262,1.1118155,1.1735066,1.1198134,1.149634,1.12678,1.1866784,1.1159546,1.1405473,1.1148828,1.1701602,1.0839702,1.1334409,1.0974029,1.1689128,1.0677433,1.1110773,1.0500305,1.1365898
2025-01-01 11:48:00,1.0904384,1.1738096,1.1089426,1.1436386,1.1118279,1.1735198,1.1198261,1.149647,1.1267912,1.1866893,1.1159633,1.140555,1.1148878,1.1701638,1.0839708,1.1334401,1.0973991,1.1689073,1.067735,1.1110682,1.0500188,1.1365777
2025-01-01 11:49:00,1.0904461,1.1738194,1.1089534,1.1436508,1.1118405,1.173533,1.1198388,1.1496598,1.1268027,1.1867001,1.1159724,1.1405628,1.114893,1.1701674,1.0839717,1.1334394,1.0973957,1.1689019,1.0677271,1.1110593,1.0500075,1.1365658
2025-01-01 11:50:00,1.090454,1.1738292,1.1089642,1.143663,1.111853,1.1735462,1.1198518,1.1496725,1.1268142,1.186711,1.1159813,1.1405705,1.1148984,1.170171,1.0839728,1.1334386,1.0973922,1.1688967,1.0677195,1.1110505,1.0499966,1.1365541
2025-01-01 11:51:00,1.0904619,1.1738389,1.1089752,1.1436751,1.1118656,1.1735593,1.1198647,1.1496851,1.1268258,1.1867217,1.1159905,1.1405782,1.1149039,1.1701747,1.083974,1.1334379,1.097389,1.1688915,1.0677122,1.1110415,1.0499859,1.1365424
2025-01-01 11:52:00,1.0904698,1.1738486,1.1089861,1.1436872,1.1118784,1.1735723,1.1198777,1.1496978,1.1268376,1.1867324,1.1159997,1.1405858,1.1149094,1.1701784,1.0839754,1.133437,1.0973858,1.1688863,1.0677048,1.1110327,1.0499753,1.1365308
2025-01-01 11:53:00,1.0904778,1.1738583,1.1089972,1.1436993,1.1118912,1.1735854,1.1198907,1.1497104,1.1268493,1.1867431,1.1160089,1.1405934,1.1149149,1.1701819,1.0839766,1.1334362,1.0973825,1.1688812,1.0676975,1.1110238,1.0499648,1.1365191
2025-01-01 11:54:00,1.0904858,1.173868,1.1090082,1.1437114,1.1119039,1.1735985,1.1199037,1.149723,1.1268611,1.1867537,1.116018,1.1406009,1.1149204,1.1701854,1.0839778,1.1334354,1.0973793,1.1688759,1.0676903,1.111015,1.0499542,1.1365074
2025-01-01 11:55:00,1.0904939,1.1738776,1.1090193,1.1437235,1.1119167,1.1736116,1.1199168,1.1497356,1.1268729,1.1867645,1.1160272,1.1406083,1.114926,1.1701889,1.0839791,1.1334344,1.0973762,1.1688707,1.067683,1.1110059,1.0499437,1.1364958
2025-01-01 11:56:00,1.090502,1.1738874,1.1090304,1.1437356,1.1119294,1.1736246,1.1199298,1.1497482,1.1268847,1.1867751,1.1160364,1.1406158,1.1149315,1.1701922,1.0839803,1.1334333,1.097373,1.1688654,1.0676757,1.110997,1.0499332,1.1364841
2025-01-01 11:57:00,1.0905102,1.1738971,1.1090415,1.1437477,1.1119423,1.1736377,1.1199428,1.1497607,1.1268964,1.1867856,1.1160455,1.1406232,1.1149368,1.1701957,1.0839815,1.1334323,1.0973697,1.1688601,1.0676683,1.1109879,1.0499226,1.1364725
2025-01-01 11:58:00,1.0905185,1.173907,1.1090527,1.1437598,1.111955,1.1736509,1.1199558,1.1497732,1.1269081,1.1867962,1.1160545,1.1406305,1.1149423,1.1701989,1.0839826,1.1334312,1.0973665,1.1688546,1.067661,1.1109788,1.0499121,1.1364608
2025-01-01 11:59:00,1.0905267,1.1739169,1.1090639,1.1437721,1.1119679,1.173664,1.1199688,1.1497858,1.1269197,1.1868067,1.1160636,1.1406378,1.1149476,1.1702021,1.0839837,1.13343,1.097363,1.1688491,1.0676537,1.1109697,1.0499015,1.136449
2025-01-01 12:00:00,1.0892897,1.1744375,1.1078622,1.1441432,1.1103917,1.1733059,1.1179662,1.149589,1.1242055,1.1861116,1.1134205,1.1399997,1.1116163,1.1689609,1.0806493,1.132327,1.0938162,1.1668946,1.0634519,1.1095377,1.0456616,1.134435
2025-01-01 12:01:00,1.0884885,1.1747794,1.1070851,1.1443888,1.1093718,1.1730777,1.116669,1.1494654,1.1224452,1.1856633,1.1117055,1.1395874,1.1094526,1.1681552,1.0784823,1.1316096,1.0915093,1.165622,1.060718,1.1086037,1.0429019,1.1331218
2025-01-01 12:02:00,1.0879706,1.1750052,1.106584,1.1445526,1.1087133,1.172934,1.1158305,1.1493894,1.1213052,1.1853756,1.1105938,1.1393219,1.108048,1.1676325,1.0770739,1.1311427,1.0900087,1.1647929,1.0589384,1.1079934,1.0411043,1.1322641
2025-01-01 12:03:00,1.0876371,1.1751555,1.1062621,1.1446635,1.1082897,1.1728452,1.1152899,1.1493444,1.1205682,1.1851922,1.1098742,1.1391518,1.1071367,1.1672937,1.0761588,1.1308388,1.0890319,1.1642519,1.057779,1.1075933,1.0399321,1.1317024
2025-01-01 12:04:00,1.0874232,1.1752567,1.1060569,1.1447399,1.108019,1.1727921,1.1149431,1.1493194,1.1200931,1.1850766,1.1094097,1.1390437,1.1065463,1.1670746,1.075564,1.1306406,1.0883958,1.1638982,1.0570226,1.1073301,1.0391665,1.1313331
2025-01-01 12:05:00,1.0872873,1.1753261,1.1059276,1.1447937,1.1078475,1.1727622,1.1147223,1.1493075,1.1197883,1.185005,1.1091108,1.1389759,1.1061641,1.1669331,1.0751778,1.1305113,1.087981,1.1636664,1.0565283,1.1071557,1.0386648,1.131089
2025-01-01 12:06:00,1.087202,1.1753747,1.1058475,1.1448332,1.1077405,1.1727473,1.1145831,1.1493042,1.1195943,1.184962,1.1089195,1.1389341,1.1059175,1.1668421,1.0749269,1.1304266,1.0877099,1.1635135,1.0562042,1.1070389,1.0383351,1.1309259
2025-01-01 12:07:00,1.0871495,1.1754099,1.1057994,1.1448631,1.1076757,1.1727421,1.1144973,1.1493063,1.1194721,1.1849377,1.1087981,1.1389093,1.1057588,1.1667839,1.0747639,1.130371,1.0875324,1.163412,1.0559907,1.1069597,1.0381169,1.1308159
2025-01-01 12:08:00,1.0871185,1.1754364,1.1057723,1.144887,1.1076379,1.1727433,1.1144459,1.149312,1.1193967,1.1849254,1.1087223,1.1388955,1.1056573,1.166747,1.0746583,1.1303343,1.0874157,1.163344,1.0558493,1.106905,1.0379711,1.1307402
2025-01-01 12:09:00,1.0871015,1.1754572,1.1057585,1.1449068,1.1076179,1.1727488,1.1144171,1.14932,1.1193515,1.1849209,1.108676,1.138889,1.105593,1.1667238,1.0745896,1.1303097,1.0873383,1.1632978,1.0557545,1.1068659,1.0378727,1.1306866
2025-01-01 12:10:00,1.0870934,1.1754744,1.1057538,1.144924,1.1076094,1.1727569,1.1144028,1.1493295,1.1193262,1.1849216,1.1086489,1.138887,1.1055528,1.1667097,1.074545,1.130293,1.0872866,1.1632655,1.05569,1.1068372,1.0378048,1.1306478
2025-01-01 12:11:00,1.0870913,1.1754891,1.1057546,1.1449395,1.1076084,1.1727668,1.1143981,1.14934,1.1193137,1.1849254,1.1086341,1.1388881,1.1055282,1.1667014,1.0745162,1.1302814,1.0872515,1.1632423,1.0556453,1.1068151,1.0377569,1.1306182
2025-01-01 12:12:00,1.087093,1.1755024,1.1057593,1.144954,1.1076123,1.1727778,1.1143996,1.1493511,1.1193095,1.1849314,1.1086276,1.1388911,1.1055139,1.1666969,1.0744976,1.1302732,1.0872273,1.163225,1.0556135,1.1067973,1.0377218,1.1305947
2025-01-01 12:13:00,1.0870973,1.1755147,1.1057664,1.1449678,1.1076194,1.1727895,1.1144049,1.1493624,1.1193109,1.1849388,1.1086262,1.1388954,1.1055063,1.1666946,1.0744855,1.1302671,1.08721,1.1632116,1.05559,1.1067823,1.0376952,1.1305752
2025-01-01 12:14:00,1.0871032,1.1755263,1.1057751,1.144981,1.1076286,1.1728017,1.1144128,1.1493742,1.1193155,1.1849471,1.1086282,1.1389004,1.1055028,1.166694,1.0744777,1.1302625,1.0871974,1.1632007,1.0555719,1.1067692,1.037674,1.1305584
2025-01-01 12:15:00,1.0871103,1.1755376,1.1057848,1.1449941,1.1076391,1.1728142,1.1144226,1.1493862,1.1193224,1.184956,1.1086323,1.1389059,1.1055021,1.1666945,1.0744725,1.1302588,1.0871875,1.1631913,1.0555571,1.1067572,1.0376562,1.1305431
2025-01-01 12:16:00,1.087118,1.1755486,1.1057953,1.145007,1.1076505,1.172827,1.1144334,1.1493981,1.119331,1.1849651,1.108638,1.1389116,1.1055032,1.1666955,1.0744693,1.1302556,1.0871797,1.1631831,1.0555447,1.106746,1.0376407,1.1305289
2025-01-01 12:17:00,1.0871261,1.1755594,1.1058061,1.1450198,1.1076624,1.1728399,1.1144449,1.1494101,1.1193403,1.1849746,1.1086445,1.1389177,1.1055053,1.1666969,1.0744671,1.1302526,1.087173,1.1631753,1.0555338,1.1067351,1.0376267,1.1305155
2025-01-01 12:18:00,1.0871347,1.1755701,1.1058174,1.1450324,1.1076747,1.1728529,1.1144569,1.1494222,1.1193503,1.1849841,1.1086516,1.1389238,1.1055082,1.1666985,1.0744655,1.1302499,1.087167,1.1631681,1.0555236,1.1067246,1.0376139,1.1305025
2025-01-01 12:19:00,1.0871434,1.1755809,1.1058288,1.145045,1.1076872,1.1728657,1.114469,1.1494343,1.1193607,1.1849936,1.108659,1.1389298,1.1055115,1.1667002,1.0744646,1.1302472,1.0871615,1.163161,1.0555141,1.1067144,1.0376015,1.1304897
2025-01-01 12:20:00,1.0871524,1.1755916,1.1058403,1.1450578,1.1077,1.1728787,1.1144814,1.1494464,1.1193713,1.1850033,1.1086667,1.138936,1.1055151,1.166702,1.0744637,1.1302446,1.0871564,1.1631541,1.055505,1.1067041,1.0375893,1.1304771
2025-01-01 12:21:00,1.0871614,1.1756022,1.105852,1.1450704,1.1077129,1.1728919,1.114494,1.1494585,1.119382,1.1850128,1.1086744,1.1389421,1.1055189,1.1667039,1.0744631,1.130242,1.0871514,1.1631473,1.0554962,1.1066941,1.0375776,1.1304646
2025-01-01 12:22:00,1.0871706,1.1756129,1.1058637,1.145083,1.1077259,1.172905,1.1145066,1.1494706,1.1193928,1.1850225,1.1086822,1.1389483,1.1055229,1.1667057,1.0744627,1.1302395,1.0871465,1.1631405,1.0554874,1.106684,1.037566,1.1304522
2025-01-01 12:23:00,1.0871798,1.1756237,1.1058755,1.1450956,1.1077387,1.172918,1.1145192,1.1494826,1.1194036,1.1850321,1.10869,1.1389544,1.1055268,1.1667076,1.0744622,1.1302369,1.0871418,1.1631337,1.0554786,1.1066737,1.0375543,1.1304398
2025-01-01 12:24:00,1.0871892,1.1756344,1.1058874,1.1451082,1.1077518,1.1729311,1.1145319,1.1494946,1.1194144,1.1850418,1.1086979,1.1389605,1.1055306,1.1667094,1.0744617,1.1302342,1.0871369,1.1631271,1.05547,1.1066637,1.0375428,1.1304274
2025-01-01 12:25:00,1.0871985,1.1756451,1.1058992,1.1451209,1.1077648,1.1729442,1.1145446,1.1495066,1.1194254,1.1850513,1.1087058,1.1389664,1.1055344,1.1667112,1.0744611,1.1302316,1.087132,1.1631203,1.0554613,1.1066536,1.0375314,1.1304151
2025-01-01 12:26:00,1.0872079,1.175656,1.1059111,1.1451335,1.1077778,1.1729572,1.1145573,1.1495186,1.1194363,1.1850607,1.1087136,1.1389724,1.1055384,1.166713,1.0744606,1.1302289,1.0871271,1.1631134,1.0554526,1.1066433,1.0375199,1.1304027
2025-01-01 12:27:00,1.0872173,1.1756668,1.105923,1.1451463,1.107791,1.1729703,1.11457,1.1495305,1.1194472,1.1850703,1.1087214,1.1389782,1.1055422,1.1667147,1.07446,1.1302261,1.0871222,1.1631066,1.055444,1.1066332,1.0375085,1.1303903
2025-01-01 12:28:00,1.0872269,1.1756778,1.1059351,1.1451589,1.1078041,1.1729834,1.1145827,1.1495425,1.1194581,1.1850797,1.1087291,1.1389842,1.105546,1.1667162,1.0744594,1.1302233,1.0871172,1.1630995,1.0554352,1.1066228,1.0374969,1.1303779
2025-01-01 12:29:00,1.0872364,1.1756886,1.105947,1.1451716,1.107817,1.1729964,1.1145953,1.1495544,1.1194688,1.1850891,1.1087369,1.1389899,1.1055497,1.1667178,1.0744587,1.1302204,1.0871123,1.1630926,1.0554265,1.1066126,1.0374855,1.1303655
2025-01-01 12:30:00,1.0851038,1.1754719,1.1038061,1.144833,1.1052687,1.1719042,1.1116163,1.1486248,1.1157808,1.1836467,1.1051675,1.1376395,1.1012751,1.1647785,1.0702908,1.1284622,1.0827051,1.1604753,1.0504336,1.104577,1.0325208,1.1277747
2025-01-01 12:31:00,1.083721,1.1753348,1.1024188,1.1446173,1.1036168,1.1711988,1.1096842,1.1480248,1.1133873,1.1827123,1.1028502,1.1367637,1.0984977,1.1635183,1.0675814,1.1273181,1.0798386,1.1587715,1.0471852,1.1032501,1.0292897,1.1260864
2025-01-01 12:32:00,1.0828255,1.1752496,1.1015211,1.1444814,1.1025476,1.1707449,1.1084329,1.1476389,1.1118354,1.1821083,1.1013465,1.1361964,1.0966938,1.1626996,1.0658199,1.1265736,1.0779736,1.1576616,1.0450705,1.1023841,1.0271854,1.1249845
2025-01-01 12:33:00,1.082247,1.1751981,1.1009419,1.1443976,1.1018573,1.1704545,1.1076239,1.1473922,1.1108303,1.1817187,1.1003717,1.1358294,1.0955224,1.1621679,1.0646745,1.1260884,1.0767595,1.1569376,1.0436928,1.1018174,1.0258135,1.124264
2025-01-01 12:34:00,1.0818743,1.1751685,1.1005697,1.1443478,1.1014131,1.1702702,1.1071024,1.147236,1.1101807,1.1814687,1.0997407,1.1355929,1.0947622,1.1618228,1.0639297,1.1257718,1.0759684,1.1564643,1.0427941,1.1014454,1.0249177,1.1237912
2025-01-01 12:35:00,1.0816355,1.1751531,1.100332,1.1443198,1.101129,1.1701549,1.1067679,1.1471386,1.1097622,1.1813095,1.0993332,1.1354411,1.0942692,1.1615988,1.0634451,1.1255649,1.0754523,1.1561542,1.0422069,1.1012,1.0243313,1.1234796
2025-01-01 12:36:00,1.0814837,1.175147,1.1001818,1.1443061,1.1009489,1.1700846,1.1065547,1.1470792,1.1094939,1.1812091,1.0990707,1.1353443,1.0939498,1.1614536,1.0631297,1.1254293,1.075115,1.1559501,1.041822,1.1010367,1.023946,1.1232727
2025-01-01 12:37:00,1.0813886,1.1751472,1.1000885,1.1443017,1.1008364,1.1700433,1.1064206,1.1470448,1.109323,1.1811471,1.0989027,1.1352831,1.0937434,1.1613595,1.0629243,1.1253399,1.0748938,1.1558148,1.0415684,1.1009269,1.0236914,1.1231335
2025-01-01 12:38:00,1.0813301,1.175151,1.100032,1.1443032,1.1007679,1.1700212,1.1063378,1.1470264,1.1092156,1.1811098,1.098796,1.1352453,1.0936103,1.1612988,1.0627903,1.1252806,1.074748,1.1557242,1.0414006,1.1008518,1.0235219,1.1230389
2025-01-01 12:39:00,1.0812956,1.1751574,1.0999995,1.1443088,1.1007279,1.1700113,1.1062883,1.1470187,1.1091495,1.1810887,1.0987291,1.1352224,1.0935248,1.1612595,1.0627027,1.1252408,1.0746514,1.1556625,1.0412881,1.1007992,1.0234076,1.122973
2025-01-01 12:40:00,1.0812768,1.1751657,1.0999829,1.1443169,1.1007066,1.1700094,1.1062605,1.1470176,1.10911,1.1810781,1.0986881,1.1352094,1.0934705,1.1612343,1.0626453,1.1252137,1.0745865,1.1556199,1.0412118,1.1007612,1.0233291,1.1229256
2025-01-01 12:41:00,1.0812681,1.175175,1.0999763,1.1443267,1.1006973,1.1700127,1.1062468,1.147021,1.1090882,1.1810743,1.098664,1.1352028,1.093436,1.1612183,1.0626075,1.1251948,1.0745424,1.1555896,1.0411589,1.1007328,1.023274,1.1228905
2025-01-01 12:42:00,1.0812659,1.175185,1.0999763,1.1443377,1.1006958,1.1700193,1.1062423,1.1470273,1.1090775,1.1810749,1.0986507,1.1352001,1.0934148,1.1612079,1.0625824,1.1251812,1.0745116,1.155567,1.0411212,1.1007105,1.023234,1.1228632
2025-01-01 12:43:00,1.081268,1.1751955,1.0999806,1.1443492,1.1006995,1.1700282,1.1062436,1.1470352,1.1090741,1.1810783,1.0986445,1.1352003,1.0934018,1.1612016,1.0625656,1.1251711,1.0744896,1.1555498,1.0410936,1.1006922,1.0232037,1.122841
2025-01-01 12:44:00,1.081273,1.1752063,1.0999877,1.1443613,1.1007065,1.1700386,1.1062489,1.1470445,1.1090754,1.1810837,1.098643,1.135202,1.0933945,1.1611977,1.062554,1.1251632,1.0744731,1.1555357,1.0410722,1.1006765,1.0231799,1.1228222
2025-01-01 12:45:00,1.0812798,1.1752173,1.0999967,1.1443735,1.1007155,1.1700497,1.1062566,1.1470546,1.10908,1.1810901,1.0986443,1.1352048,1.0933907,1.1611952,1.0625458,1.1251566,1.0744605,1.1555239,1.0410551,1.1006626,1.0231602,1.1228055
2025-01-01 12:46:00,1.0812877,1.1752285,1.1000068,1.144386,1.100726,1.1700616,1.1062659,1.147065,1.1090865,1.1810973,1.0986476,1.1352084,1.093389,1.1611938,1.06254,1.125151,1.0744503,1.1555135,1.0410405,1.1006497,1.0231433,1.1227901
2025-01-01 12:47:00,1.0812966,1.1752398,1.1000178,1.1443988,1.1007375,1.1700737,1.1062763,1.1470759,1.1090943,1.1811049,1.0986521,1.1352123,1.0933889,1.161193,1.0625355,1.125146,1.0744413,1.1555041,1.0410277,1.1006376,1.0231282,1.1227758
2025-01-01 12:48:00,1.0813057,1.1752511,1.1000291,1.1444116,1.1007495,1.1700861,1.1062874,1.1470869,1.1091028,1.181113,1.0986574,1.1352166,1.0933897,1.1611927,1.0625321,1.1251414,1.0744334,1.155495,1.041016,1.1006258,1.023114,1.122762
2025-01-01 12:49:00,1.0813155,1.1752627,1.1000409,1.1444244,1.1007619,1.1700987,1.1062988,1.1470981,1.1091118,1.1811211,1.0986631,1.135221,1.0933912,1.1611924,1.062529,1.1251369,1.0744262,1.1554865,1.041005,1.1006142,1.0231005,1.1227485
2025-01-01 12:50:00,1.0813254,1.1752741,1.1000531,1.1444373,1.1007745,1.1701114,1.1063105,1.1471092,1.1091212,1.1811295,1.098669,1.1352254,1.093393,1.1611924,1.0625265,1.1251324,1.0744193,1.155478,1.0409945,1.1006029,1.0230876,1.1227354
2025-01-01 12:51:00,1.0813355,1.1752857,1.1000652,1.1444503,1.1007874,1.1701242,1.1063224,1.1471204,1.1091309,1.1811377,1.0986753,1.13523,1.093395,1.1611925,1.0625241,1.1251281,1.0744126,1.1554697,1.0409843,1.1005917,1.023075,1.1227221
2025-01-01 12:52:00,1.0813458,1.1752974,1.1000775,1.1444633,1.1008003,1.1701369,1.1063344,1.1471316,1.1091406,1.1811459,1.0986817,1.1352344,1.093397,1.1611927,1.0625217,1.1251239,1.074406,1.1554613,1.0409743,1.1005805,1.0230626,1.1227093
2025-01-01 12:53:00,1.081356,1.175309,1.1000899,1.1444763,1.1008132,1.1701497,1.1063466,1.1471428,1.1091504,1.1811543,1.0986881,1.1352389,1.0933992,1.1611927,1.0625194,1.1251196,1.0743996,1.1554531,1.0409642,1.1005692,1.0230502,1.1226963
2025-01-01 12:54:00,1.0813664,1.1753206,1.1001023,1.1444893,1.1008261,1.1701626,1.1063586,1.147154,1.1091602,1.1811626,1.0986944,1.1352433,1.0934014,1.1611928,1.0625172,1.1251153,1.0743932,1.1554449,1.0409544,1.100558,1.023038,1.1226834
2025-01-01 12:55:00,1.0813769,1.1753322,1.1001148,1.1445023,1.1008393,1.1701754,1.1063708,1.1471652,1.10917,1.1811708,1.0987008,1.1352477,1.0934036,1.1611929,1.0625149,1.125111,1.0743867,1.1554366,1.0409445,1.100547,1.0230258,1.1226707
2025-01-01 12:56:00,1.0813874,1.1753439,1.1001273,1.1445153,1.1008524,1.1701882,1.106383,1.1471764,1.1091799,1.181179,1.0987072,1.1352521,1.0934058,1.1611929,1.0625126,1.1251066,1.0743804,1.1554284,1.0409346,1.1005358,1.0230135,1.1226578
2025-01-01 12:57:00,1.081398,1.1753557,1.1001399,1.1445283,1.1008655,1.1702011,1.1063951,1.1471875,1.1091896,1.1811873,1.0987135,1.1352564,1.093408,1.1611928,1.0625104,1.1251022,1.0743738,1.1554202,1.0409247,1.1005245,1.0230012,1.1226449
2025-01-01 12:58:00,1.0814085,1.1753674,1.1001524,1.1445413,1.1008786,1.1702138,1.1064073,1.1471987,1.1091994,1.1811955,1.0987198,1.1352607,1.09341,1.1611927,1.0625081,1.1250978,1.0743674,1.1554118,1.0409147,1.1005133,1.022989,1.1226321
2025-01-01 12:59:00,1.0814191,1.1753792,1.100165,1.1445543,1.1008916,1.1702266,1.1064194,1.1472096,1.1092092,1.1812036,1.0987262,1.1352649,1.0934122,1.1611925,1.0625057,1.1250932,1.0743608,1.1554035,1.0409048,1.100502,1.0229769,1.1226193
2025-01-01 13:00:00,1.0784291,1.1744287,1.0971227,1.1435115,1.0974165,1.1684198,1.1025171,1.1455642,1.1046134,1.1790402,1.0942943,1.1332268,1.0882703,1.1585897,1.0575787,1.1227111,1.0691721,1.1521703,1.0352099,1.0978994,1.0173763,1.1194973
2025-01-01 13:01:00,1.0764892,1.173815,1.0951498,1.1428384,1.0951624,1.1672499,1.0999848,1.1444986,1.1016295,1.177637,1.0914156,1.1319034,1.0849289,1.1568979,1.0543752,1.121161,1.0657971,1.1500658,1.0315048,1.0962037,1.0137317,1.1174636
2025-01-01 13:02:00,1.0752321,1.1734203,1.0938717,1.1424053,1.0937017,1.1664939,1.098343,1.1438097,1.0996933,1.1767275,1.0895468,1.1310446,1.0827576,1.155798,1.0522919,1.1201518,1.063601,1.1486949,1.0290928,1.0950973,1.0113583,1.1161371
2025-01-01 13:03:00,1.0744188,1.173168,1.0930455,1.1421285,1.0927567,1.1660069,1.09728,1.1433657,1.098438,1.1761391,1.088334,1.1304877,1.0813468,1.1550828,1.0509368,1.1194941,1.0621711,1.1478007,1.0275215,1.0943743,1.0098113,1.1152705
2025-01-01 13:04:00,1.0738939,1.1730081,1.0925128,1.141953,1.0921472,1.1656948,1.0965934,1.143081,1.0976255,1.1757593,1.0875478,1.1301271,1.0804304,1.1546178,1.050055,1.1190649,1.0612392,1.1472164,1.0264965,1.0939004,1.0088015,1.1147026
2025-01-01 13:05:00,1.0735565,1.1729083,1.092171,1.1418436,1.0917556,1.1654963,1.0961511,1.1428998,1.0971007,1.1755153,1.0870388,1.129894,1.0798353,1.1543154,1.0494809,1.1187842,1.0606312,1.1468337,1.0258267,1.0935884,1.0081407,1.1143289
2025-01-01 13:06:00,1.0733411,1.1728476,1.0919533,1.1417769,1.0915055,1.1653719,1.0958678,1.1427857,1.0967628,1.1753592,1.0867099,1.1297438,1.079449,1.1541185,1.0491067,1.1186,1.0602335,1.1465818,1.0253876,1.0933814,1.007707,1.1140815
2025-01-01 13:07:00,1.0732049,1.1728123,1.0918162,1.1417383,1.0913477,1.1652954,1.0956877,1.1427153,1.0965464,1.1752605,1.0864981,1.1296475,1.0791985,1.1539904,1.0488625,1.1184785,1.0599725,1.146415,1.0250988,1.0932428,1.0074207,1.113916
2025-01-01 13:08:00,1.0731202,1.1727936,1.0917315,1.1417177,1.0912496,1.16525,1.095575,1.1426733,1.0964091,1.1751992,1.0863626,1.1295861,1.0790361,1.1539067,1.0487027,1.1183977,1.0598004,1.1463034,1.0249074,1.0931487,1.00723,1.1138041
2025-01-01 13:09:00,1.073069,1.1727858,1.091681,1.141709,1.0911905,1.1652249,1.0955058,1.1426498,1.096323,1.1751618,1.0862764,1.1295475,1.0789311,1.1538521,1.0485977,1.1183434,1.059686,1.1462278,1.0247793,1.0930835,1.0071019,1.1137267
2025-01-01 13:10:00,1.0730395,1.1727849,1.0916525,1.1417079,1.0911565,1.1652131,1.095465,1.1426382,1.0962703,1.1751403,1.0862224,1.1295236,1.0788633,1.1538162,1.0485284,1.1183063,1.0596092,1.1461756,1.0246924,1.093037,1.0070143,1.1136719
2025-01-01 13:11:00,1.0730243,1.1727885,1.0916386,1.1417116,1.091139,1.1652098,1.0954425,1.1426343,1.0962393,1.1751287,1.0861892,1.1295093,1.0788195,1.1537926,1.0484822,1.1182803,1.0595567,1.1461385,1.0246323,1.0930028,1.0069529,1.1136317
2025-01-01 13:12:00,1.0730182,1.1727952,1.091634,1.1417187,1.0911322,1.165212,1.095432,1.1426356,1.0962224,1.1751238,1.0861695,1.1295012,1.0787916,1.1537769,1.0484511,1.1182616,1.0595201,1.1461112,1.0245895,1.0929763,1.0069087,1.1136012
2025-01-01 13:13:00,1.0730182,1.1728036,1.0916356,1.1417279,1.0911323,1.1652179,1.0954294,1.1426401,1.0962145,1.1751233,1.0861585,1.1294972,1.0787739,1.1537663,1.0484297,1.1182475,1.0594937,1.1460903,1.0245582,1.0929552,1.0068755,1.1135767
2025-01-01 13:14:00,1.073022,1.1728135,1.091641,1.1417385,1.0911369,1.1652261,1.0954318,1.1426467,1.0962125,1.1751255,1.0861534,1.1294957,1.0787627,1.153759,1.0484147,1.1182364,1.0594739,1.1460736,1.024534,1.0929374,1.0068495,1.1135561
2025-01-01 13:15:00,1.0730286,1.1728241,1.0916489,1.14175,1.0911444,1.1652358,1.0954374,1.1426547,1.0962145,1.1751295,1.086152,1.1294959,1.0787559,1.1537539,1.0484037,1.1182274,1.0594585,1.1460595,1.0245144,1.0929216,1.0068283,1.1135383
2025-01-01 13:16:00,1.0730366,1.1728352,1.0916587,1.1417619,1.0911539,1.1652465,1.095445,1.1426635,1.096219,1.1751347,1.0861528,1.129497,1.0787517,1.1537502,1.0483954,1.1182196,1.0594459,1.1460471,1.0244982,1.0929072,1.0068101,1.1135222
2025-01-01 13:17:00,1.0730458,1.1728469,1.0916694,1.1417743,1.0911646,1.1652578,1.0954541,1.1426729,1.0962248,1.1751405,1.0861553,1.1294988,1.0787493,1.1537472,1.0483888,1.1182126,1.059435,1.1460358,1.0244838,1.0928938,1.0067937,1.113507
2025-01-01 13:18:00,1.0730557,1.1728586,1.091681,1.1417869,1.091176,1.1652695,1.0954641,1.1426827,1.0962319,1.1751467,1.0861586,1.1295012,1.078748,1.1537448,1.0483832,1.1182059,1.0594252,1.1460252,1.0244707,1.092881,1.0067788,1.1134927
2025-01-01 13:19:00,1.0730662,1.1728706,1.091693,1.1417998,1.0911881,1.1652815,1.0954746,1.1426926,1.0962396,1.1751534,1.0861627,1.1295037,1.0787475,1.1537428,1.0483783,1.1181996,1.0594163,1.1460152,1.0244585,1.0928684,1.0067647,1.1134789
2025-01-01 13:20:00,1.0730768,1.1728827,1.0917053,1.1418127,1.0912005,1.1652936,1.0954856,1.1427027,1.0962476,1.17516,1.086167,1.1295065,1.0787474,1.153741,1.0483739,1.1181935,1.0594078,1.1460053,1.0244468,1.0928562,1.0067511,1.1134652
2025-01-01 13:21:00,1.0730878,1.1728948,1.0917178,1.1418257,1.091213,1.1653057,1.0954967,1.1427128,1.0962558,1.175167,1.0861715,1.1295092,1.0787476,1.1537392,1.0483698,1.1181875,1.0593996,1.1459956,1.0244353,1.0928439,1.0067377,1.1134518
2025-01-01 13:22:00,1.0730989,1.172907,1.0917305,1.1418387,1.0912256,1.1653181,1.095508,1.1427231,1.0962642,1.1751739,1.0861763,1.1295121,1.078748,1.1537374,1.0483657,1.1181817,1.0593916,1.1459861,1.0244241,1.0928319,1.0067247,1.1134386
2025-01-01 13:23:00,1.0731101,1.1729193,1.0917432,1.1418518,1.0912385,1.1653304,1.0955192,1.1427332,1.0962728,1.1751807,1.086181,1.1295148,1.0787485,1.1537359,1.0483618,1.1181759,1.0593836,1.1459765,1.024413,1.0928198,1.0067118,1.1134254
2025-01-01 13:24:00,1.0731214,1.1729317,1.091756,1.1418649,1.0912513,1.1653428,1.0955305,1.1427435,1.0962814,1.1751876,1.0861858,1.1295176,1.078749,1.1537341,1.0483578,1.1181699,1.0593758,1.145967,1.0244021,1.0928078,1.006699,1.1134123
2025-01-01 13:25:00,1.0731329,1.1729441,1.091769,1.141878,1.0912641,1.1653552,1.095542,1.1427537,1.09629,1.1751945,1.0861906,1.1295203,1.0787494,1.1537324,1.0483539,1.118164,1.0593679,1.1459574,1.0243912,1.0927958,1.0066861,1.113399
2025-01-01 13:26:00,1.0731443,1.1729563,1.0917819,1.1418911,1.091277,1.1653675,1.0955533,1.1427639,1.0962986,1.1752013,1.0861955,1.129523,1.0787498,1.1537308,1.04835,1.118158,1.0593599,1.1459479,1.0243801,1.0927838,1.0066733,1.113386
2025-01-01 13:27:00,1.0731558,1.1729687,1.0917947,1.1419042,1.0912899,1.1653798,1.0955647,1.142774,1.0963072,1.1752081,1.0862002,1.1295257,1.0787503,1.153729,1.0483459,1.118152,1.059352,1.1459384,1.0243692,1.0927719,1.0066606,1.1133729
2025-01-01 13:28:00,1.0731673,1.1729811,1.0918077,1.1419173,1.0913029,1.1653922,1.0955762,1.1427841,1.0963157,1.1752149,1.086205,1.1295283,1.0787507,1.1537272,1.048342,1.118146,1.0593442,1.1459287,1.0243583,1.0927598,1.0066478,1.1133598
2025-01-01 13:29:00,1.0731789,1.1729935,1.0918207,1.1419305,1.0913157,1.1654044,1.0955875,1.1427943,1.0963242,1.1752216,1.0862098,1.1295309,1.0787511,1.1537253,1.0483379,1.1181399,1.0593362,1.1459192,1.0243472,1.0927478,1.0066352,1.1133467
2025-01-01 13:30:00,1.0693841,1.1713258,1.087931,1.1402023,1.0869753,1.1629151,1.0908309,1.1404618,1.090902,1.1723751,1.0809938,1.1268407,1.0728334,1.1505053,1.0427389,1.1151763,1.0534577,1.142127,1.0180511,1.0896239,1.0004978,1.1097497
2025-01-01 13:31:00,1.0669217,1.170246,1.0854074,1.1390836,1.0841585,1.1613013,1.0877429,1.1389492,1.0873805,1.1705273,1.0776049,1.1250929,1.068987,1.1484115,1.039098,1.1132478,1.0496339,1.1396587,1.0139549,1.0875891,0.996504,1.107407
2025-01-01 13:32:00,1.0653251,1.1695486,1.0837716,1.138361,1.0823321,1.1602565,1.0857399,1.1379694,1.0850943,1.1693285,1.0754037,1.1239575,1.0664868,1.1470498,1.0367298,1.1119919,1.0471455,1.1380509,1.0112883,1.0862623,0.9939036,1.1058795
2025-01-01 13:33:00,1.0642915,1.1690997,1.0827129,1.1378958,1.0811493,1.1595818,1.0844417,1.137336,1.0836112,1.1685514,1.0739745,1.1232204,1.0648617,1.1461638,1.0351892,1.1111735,1.0455252,1.1370023,1.0095512,1.0853956,0.9922088,1.1048822
2025-01-01 13:34:00,1.0636237,1.1688122,1.0820292,1.1375982,1.0803852,1.1591474,1.0836017,1.1369277,1.0826502,1.1680486,1.073047,1.122742,1.0638053,1.1455872,1.0341861,1.1106391,1.044469,1.1363174,1.0084181,1.0848279,0.9911027,1.1042292
2025-01-01 13:35:00,1.0631937,1.1686299,1.0815895,1.1374092,1.0798929,1.1588693,1.0830597,1.1366657,1.0820283,1.167724,1.0724456,1.1224318,1.0631187,1.1452117,1.0335325,1.1102897,1.0437796,1.1358687,1.0076777,1.0844547,0.9903792,1.1038004
2025-01-01 13:36:00,1.0629183,1.1685157,1.0813081,1.137291,1.0795774,1.1586927,1.0827112,1.1364988,1.0816268,1.1675152,1.0720563,1.1222308,1.0626723,1.1449667,1.0331061,1.1100601,1.0433285,1.1355735,1.0071925,1.0842079,0.98990446,1.103517
2025-01-01 13:37:00,1.0627434,1.1684458,1.0811298,1.1372187,1.0793768,1.1585822,1.0824885,1.1363938,1.0813688,1.1673816,1.0718045,1.122101,1.062382,1.1448066,1.0328273,1.1099087,1.0430324,1.1353782,1.0068731,1.084043,0.98959136,1.1033282
2025-01-01 13:38:00,1.062634,1.1684049,1.0810184,1.1371764,1.0792508,1.1585146,1.0823478,1.1363289,1.0812039,1.167297,1.0716425,1.1220171,1.0621933,1.1447017,1.0326444,1.1098078,1.042837,1.1352477,1.0066617,1.0839317,0.9893834,1.1032009
2025-01-01 13:39:00,1.062567,1.1683826,1.0809507,1.1371533,1.0791734,1.1584749,1.0822601,1.1362901,1.0810995,1.1672441,1.0715386,1.1219634,1.0620705,1.1446327,1.032524,1.10974,1.042707,1.1351594,1.0065202,1.083855,0.9892437,1.1031135
2025-01-01 13:40:00,1.0625275,1.1683726,1.0809112,1.1371429,1.0791276,1.1584533,1.0822068,1.1362681,1.0810344,1.1672118,1.0714723,1.121929,1.0619906,1.1445868,1.032444,1.1096935,1.0426195,1.1350985,1.0064242,1.0838009,0.9891483,1.1030521
2025-01-01 13:41:00,1.0625061,1.1683706,1.08089,1.1371408,1.0791022,1.1584435,1.0821761,1.1362573,1.0809948,1.1671929,1.0714307,1.1219074,1.0619385,1.144556,1.0323902,1.109661,1.0425596,1.1350553,1.0063579,1.0837613,0.98908186,1.1030077
2025-01-01 13:42:00,1.0624962,1.1683737,1.080881,1.137144,1.0790901,1.1584413,1.08216,1.1362535,1.0809718,1.1671828,1.0714049,1.1218939,1.0619044,1.1445351,1.0323538,1.1096374,1.0425177,1.1350236,1.0063107,1.0837314,0.9890341,1.1029742
2025-01-01 13:43:00,1.062494,1.1683801,1.0808796,1.1371505,1.0790868,1.1584439,1.0821533,1.1362544,1.0809597,1.1671782,1.0713896,1.1218857,1.061882,1.1445205,1.0323282,1.1096196,1.0424874,1.1349995,1.0062761,1.0837075,0.9889986,1.1029478
2025-01-01 13:44:00,1.0624968,1.1683887,1.0808833,1.1371595,1.0790889,1.1584499,1.0821527,1.1362584,1.0809544,1.1671773,1.071381,1.1218809,1.0618674,1.14451,1.03231,1.1096057,1.0424647,1.1349802,1.0062495,1.0836877,0.98897094,1.1029261
2025-01-01 13:45:00,1.0625027,1.1683989,1.0808902,1.1371697,1.0790949,1.158458,1.0821561,1.1362642,1.0809537,1.1671789,1.0713766,1.1218784,1.0618575,1.1445023,1.0322963,1.1095942,1.0424469,1.1349641,1.0062283,1.0836704,0.9889484,1.1029074
2025-01-01 13:46:00,1.0625108,1.1684098,1.0808994,1.137181,1.0791031,1.1584674,1.082162,1.1362712,1.080956,1.1671818,1.0713751,1.1218773,1.0618509,1.1444962,1.0322857,1.1095843,1.0424322,1.1349499,1.0062103,1.0836549,0.9889293,1.1028907
2025-01-01 13:47:00,1.0625204,1.1684215,1.0809098,1.137193,1.0791129,1.1584775,1.0821698,1.136279,1.0809602,1.1671857,1.0713754,1.121877,1.0618463,1.1444912,1.032277,1.1095754,1.0424194,1.1349372,1.0061947,1.0836405,0.9889123,1.1028754
2025-01-01 13:48:00,1.0625308,1.1684335,1.0809212,1.1372054,1.0791237,1.1584884,1.0821785,1.1362875,1.0809654,1.1671902,1.0713768,1.1218773,1.061843,1.1444868,1.0322695,1.109567,1.0424081,1.1349252,1.0061805,1.0836267,0.9888967,1.1028606
2025-01-01 13:49:00,1.0625417,1.1684458,1.0809332,1.1372179,1.0791352,1.1584996,1.0821879,1.136296,1.0809715,1.1671951,1.071379,1.121878,1.0618405,1.144483,1.0322628,1.1095592,1.0423976,1.1349138,1.0061672,1.0836134,0.988882,1.1028466
2025-01-01 13:50:00,1.062553,1.1684581,1.0809456,1.1372305,1.079147,1.1585109,1.0821978,1.1363049,1.080978,1.1672001,1.0713816,1.1218789,1.0618386,1.1444793,1.0322567,1.1095514,1.0423877,1.1349027,1.0061545,1.0836004,0.98886794,1.1028328
2025-01-01 13:51:00,1.0625647,1.1684706,1.0809581,1.1372434,1.0791591,1.1585225,1.0822078,1.1363139,1.080985,1.1672053,1.0713844,1.1218798,1.061837,1.1444758,1.0322508,1.1095438,1.0423781,1.1348917,1.0061421,1.0835875,0.9888542,1.1028193
2025-01-01 13:52:00,1.0625765,1.1684834,1.080971,1.1372563,1.0791713,1.1585339,1.082218,1.1363229,1.080992,1.1672107,1.0713874,1.1218809,1.0618355,1.1444724,1.032245,1.1095364,1.0423687,1.134881,1.00613,1.0835748,0.98884076,1.102806
2025-01-01 13:53:00,1.0625885,1.168496,1.0809839,1.1372691,1.0791836,1.1585456,1.0822284,1.1363318,1.0809991,1.1672161,1.0713905,1.121882,1.0618343,1.144469,1.0322394,1.109529,1.0423595,1.1348704,1.006118,1.0835621,0.98882747,1.1027926
2025-01-01 13:54:00,1.0626005,1.1685088,1.0809969,1.1372821,1.0791961,1.1585572,1.0822389,1.1363409,1.0810064,1.1672213,1.0713937,1.1218829,1.061833,1.1444657,1.032234,1.1095215,1.0423502,1.1348598,1.0061061,1.0835495,0.9888143,1.1027794
2025-01-01 13:55:00,1.0626125,1.1685216,1.0810099,1.1372951,1.0792085,1.1585689,1.0822493,1.1363499,1.0810136,1.1672267,1.071397,1.121884,1.0618317,1.1444622,1.0322284,1.1095141,1.0423409,1.1348491,1.0060942,1.0835369,0.9888012,1.1027662
2025-01-01 13:56:00,1.0626247,1.1685345,1.081023,1.1373081,1.079221,1.1585805,1.0822597,1.1363589,1.0810207,1.167232,1.0714,1.1218851,1.0618304,1.1444588,1.0322227,1.1095067,1.0423317,1.1348385,1.0060823,1.0835242,0.98878807,1.102753
2025-01-01 13:57:00,1.062637,1.1685473,1.081036,1.1373211,1.0792335,1.1585922,1.0822701,1.1363678,1.081028,1.1672373,1.0714031,1.121886,1.0618291,1.1444553,1.0322173,1.1094993,1.0423225,1.1348279,1.0060706,1.0835117,0.988775,1.10274
2025-01-01 13:58:00,1.0626491,1.1685601,1.0810491,1.1373341,1.0792459,1.1586038,1.0822805,1.1363767,1.0810351,1.1672425,1.0714062,1.121887,1.0618278,1.1444519,1.0322117,1.1094918,1.0423132,1.1348172,1.0060588,1.0834991,0.9887619,1.1027269
2025-01-01 13:59:00,1.0626614,1.168573,1.0810622,1.1373471,1.0792584,1.1586155,1.082291,1.1363857,1.0810423,1.1672477,1.0714093,1.1218878,1.0618265,1.1444483,1.032206,1.1094842,1.042304,1.1348065,1.006047,1.0834864,0.98874885,1.1027138
2025-01-01 14:00:00,1.0581306,1.1662186,1.0763954,1.1349646,1.0741311,1.1554886,1.0767661,1.1334085,1.0748914,1.16377,1.0655036,1.1185942,1.0552397,1.1406691,1.0260361,1.1059922,1.0358421,1.1305245,0.9992635,1.0798978,0.9821857,1.0987059
2025-01-01 14:01:00,1.05519,1.1646928,1.0733666,1.1334203,1.0708027,1.1534601,1.0731786,1.1314765,1.0708958,1.1615112,1.061666,1.1164535,1.0509577,1.1382114,1.0220237,1.1037198,1.0316384,1.1277374,0.99485004,1.0775608,0.97791505,1.0960963
2025-01-01 14:02:00,1.0532829,1.1637055,1.0714025,1.1324213,1.0686437,1.1521456,1.0708503,1.1302236,1.0683011,1.1600447,1.0591724,1.1150624,1.0481738,1.1366125,1.0194135,1.10224,1.0289028,1.125922,0.9919771,1.076037,0.97513455,1.0943953
2025-01-01 14:03:00,1.0520476,1.1630682,1.0701305,1.1317763,1.0672444,1.1512953,1.0693403,1.1294124,1.0666169,1.1590931,1.0575526,1.1141582,1.0463637,1.1355718,1.0177147,1.1012753,1.0271213,1.1247381,0.9901055,1.0750424,0.9733227,1.0932851
2025-01-01 14:04:00,1.0512489,1.1626586,1.0693082,1.1313617,1.0663394,1.1507465,1.0683626,1.128888,1.0655246,1.1584764,1.0565006,1.1135707,1.0451865,1.134894,1.0166086,1.1006457,1.0259601,1.1239648,0.9888848,1.0743914,0.9721404,1.092559
2025-01-01 14:05:00,1.0507342,1.1623968,1.0687783,1.1310966,1.0657554,1.1503936,1.0677304,1.1285503,1.064817,1.1580771,1.0558177,1.1131889,1.0444207,1.134452,1.0158874,1.1002336,1.0252018,1.1234584,0.9880871,1.0739636,0.97136724,1.0920824
2025-01-01 14:06:00,1.050404,1.1622312,1.0684384,1.1309288,1.0653801,1.1501683,1.0673231,1.1283337,1.0643593,1.1578192,1.0553747,1.1129409,1.0439223,1.1341634,1.0154164,1.0999628,1.0247056,1.1231253,0.98756444,1.0736812,0.9708602,1.0917681
2025-01-01 14:07:00,1.0501937,1.1621281,1.068222,1.1308242,1.0651404,1.1500258,1.0670619,1.1281958,1.0640643,1.1576532,1.0550877,1.1127797,1.0435977,1.1339743,1.0151082,1.0997841,1.0243797,1.1229049,0.9872204,1.0734932,0.97052604,1.0915593
2025-01-01 14:08:00,1.0500612,1.1620656,1.068086,1.1307609,1.064989,1.1499373,1.0668957,1.1281092,1.0638747,1.1575469,1.0549021,1.1126751,1.043386,1.13385,1.0149057,1.0996652,1.0241644,1.1227578,0.9869926,1.0733665,0.9703042,1.0914189
2025-01-01 14:09:00,1.0499796,1.1620296,1.0680022,1.1307242,1.0648948,1.1498836,1.066791,1.1280558,1.0637538,1.1574794,1.054782,1.1126071,1.0432476,1.1337676,1.0147719,1.0995849,1.0240211,1.1226583,0.9868403,1.0732797,0.9701555,1.0913231
2025-01-01 14:10:00,1.0499309,1.1620107,1.0679524,1.1307046,1.0648378,1.1498525,1.0667266,1.128024,1.0636775,1.1574372,1.054705,1.112563,1.043157,1.1337128,1.0146828,1.09953,1.0239246,1.1225898,0.986737,1.0732188,0.97005427,1.0912564
2025-01-01 14:11:00,1.0499036,1.1620029,1.0679245,1.1306965,1.0648052,1.1498364,1.0666881,1.1280063,1.0636302,1.1574112,1.0546557,1.1125343,1.0430973,1.1336755,1.0146224,1.0994914,1.0238583,1.1225413,0.98666567,1.0731747,0.9699838,1.0912083
2025-01-01 14:12:00,1.0498902,1.1620024,1.067911,1.1306958,1.0647881,1.1498297,1.0666665,1.1279975,1.0636016,1.1573958,1.0546243,1.1125157,1.0430578,1.1336497,1.0145812,1.0994633,1.0238118,1.1225059,0.986615,1.0731416,0.96993345,1.0911726
2025-01-01 14:13:00,1.0498859,1.1620067,1.0679069,1.1306999,1.0647813,1.1498294,1.0666559,1.1279948,1.0635853,1.1573874,1.0546048,1.1125036,1.0430313,1.1336315,1.014552,1.0994422,1.0237782,1.122479,0.9865778,1.0731155,0.96989614,1.0911448
2025-01-01 14:14:00,1.0498875,1.162014,1.0679086,1.1307069,1.0647811,1.149833,1.0666524,1.1279958,1.0635769,1.1573834,1.0545928,1.1124957,1.0430132,1.133618,1.0145309,1.0994257,1.0237528,1.1224576,0.9865494,1.0730941,0.96986735,1.0911223
2025-01-01 14:15:00,1.0498931,1.1620233,1.0679144,1.130716,1.0647851,1.1498393,1.0666536,1.1279994,1.0635736,1.1573822,1.0545858,1.1124904,1.0430007,1.1336076,1.0145147,1.099412,1.0237329,1.1224396,0.98652667,1.0730757,0.969844,1.0911031
2025-01-01 14:16:00,1.049901,1.1620339,1.0679227,1.1307263,1.064792,1.1498471,1.0666578,1.1280044,1.0635737,1.157383,1.054582,1.112487,1.0429916,1.1335994,1.0145019,1.0994,1.0237164,1.1224241,0.98650753,1.0730592,0.9698242,1.091086
2025-01-01 14:17:00,1.0499105,1.1620454,1.0679327,1.1307375,1.0648009,1.1498561,1.0666639,1.1280106,1.0635759,1.1573849,1.0545801,1.1124847,1.0429848,1.1335924,1.0144913,1.0993894,1.0237021,1.12241,0.98649085,1.0730441,0.9698068,1.0910704
2025-01-01 14:18:00,1.0499213,1.1620574,1.0679438,1.1307492,1.0648106,1.1498657,1.0666711,1.1280174,1.0635794,1.1573875,1.0545795,1.112483,1.0429796,1.133586,1.014482,1.0993794,1.0236894,1.122397,0.98647565,1.0730296,0.96979094,1.0910558
2025-01-01 14:19:00,1.0499326,1.1620697,1.0679555,1.1307613,1.0648212,1.149876,1.0666792,1.1280246,1.0635839,1.1573906,1.0545799,1.1124817,1.0429753,1.1335803,1.0144738,1.09937,1.0236776,1.1223844,0.98646146,1.0730158,0.9697759,1.0910417
2025-01-01 14:20:00,1.0499444,1.1620824,1.0679678,1.1307735,1.0648323,1.1498864,1.066688,1.128032,1.0635889,1.157394,1.0545806,1.1124808,1.0429715,1.133575,1.0144659,1.0993608,1.0236664,1.1223723,0.986448,1.0730022,0.96976167,1.091028
2025-01-01 14:21:00,1.0499564,1.1620952,1.0679803,1.1307861,1.0648438,1.149897,1.0666968,1.1280395,1.0635942,1.1573975,1.0545818,1.11248,1.042968,1.1335697,1.0144585,1.099352,1.0236555,1.1223603,0.9864349,1.0729889,0.9697478,1.0910146
2025-01-01 14:22:00,1.0499687,1.162108,1.0679929,1.1307987,1.0648553,1.1499077,1.0667058,1.1280471,1.0635997,1.1574012,1.054583,1.1124793,1.0429649,1.1335646,1.0144513,1.0993432,1.0236449,1.1223487,0.98642206,1.0729756,0.9697342,1.0910013
2025-01-01 14:23:00,1.0499811,1.1621209,1.0680058,1.1308112,1.0648671,1.1499184,1.0667151,1.1280549,1.0636053,1.157405,1.0545845,1.1124787,1.0429618,1.1335597,1.014444,1.0993342,1.0236343,1.122337,0.9864093,1.0729626,0.9697207,1.0909882
2025-01-01 14:24:00,1.0499938,1.1621338,1.0680187,1.1308237,1.064879,1.1499292,1.0667244,1.1280625,1.0636109,1.1574087,1.0545858,1.112478,1.0429589,1.1335547,1.014437,1.0993254,1.023624,1.1223254,0.98639673,1.0729496,0.96970737,1.0909752
2025-01-01 14:25:00,1.0500063,1.1621469,1.0680317,1.1308365,1.0648907,1.1499399,1.0667337,1.1280702,1.0636166,1.1574124,1.0545874,1.1124773,1.0429559,1.1335496,1.0144298,1.0993166,1.0236136,1.1223139,0.98638415,1.0729365,0.96969414,1.090962
2025-01-01 14:26:00,1.050019,1.16216,1.0680448,1.1308491,1.0649025,1.1499506,1.066743,1.128078,1.0636224,1.1574161,1.0545888,1.1124766,1.0429528,1.1335446,1.0144227,1.0993078,1.0236031,1.1223023,0.9863717,1.0729235,0.96968096,1.0909492
2025-01-01 14:27:00,1.0500317,1.162173,1.0680578,1.1308618,1.0649143,1.1499614,1.0667523,1.1280856,1.0636281,1.1574197,1.0545902,1.1124758,1.0429499,1.1335394,1.0144156,1.0992991,1.0235928,1.1222907,0.98635924,1.0729107,0.96966785,1.0909363
2025-01-01 14:28:00,1.0500444,1.1621861,1.0680708,1.1308744,1.0649263,1.1499721,1.0667616,1.1280932,1.0636337,1.1574234,1.0545917,1.112475,1.0429468,1.1335343,1.0144086,1.0992901,1.0235825,1.1222792,0.9863468,1.0728977,0.9696546,1.0909234
2025-01-01 14:29:00,1.0500572,1.1621993,1.0680839,1.130887,1.0649381,1.1499828,1.0667709,1.1281008,1.0636394,1.1574268,1.054593,1.1124741,1.0429438,1.1335292,1.0144014,1.0992813,1.023572,1.1222676,0.98633426,1.0728847,0.96964157,1.0909106
2025-01-01 14:30:00,1.0448711,1.1591998,1.0627229,1.1278926,1.059115,1.1462741,1.0605758,1.1245317,1.0568694,1.1533796,1.0481023,1.1086361,1.0358049,1.1292579,1.0077703,1.0953232,1.0166413,1.1175712,0.97918373,1.0688951,0.9627688,1.0865632
2025-01-01 14:31:00,1.0415045,1.1572547,1.0592428,1.1259508,1.0553342,1.1438671,1.0565523,1.1222146,1.0524707,1.1507499,1.0438838,1.106141,1.0311636,1.1264797,1.0034574,1.0927472,1.0121325,1.1145146,0.9745316,1.0662973,0.958297,1.0837331
2025-01-01 14:32:00,1.0393207,1.155995,1.0569853,1.1246929,1.0528806,1.1423063,1.05394,1.1207108,1.0496135,1.1490418,1.0411421,1.1045187,1.0281456,1.1246719,1.0006515,1.0910698,1.0091982,1.1125236,0.97150326,1.0646043,0.95538574,1.0818889
2025-01-01 14:33:00,1.0379057,1.1551808,1.0555226,1.1238797,1.05129,1.1412953,1.0522454,1.1197361,1.0477581,1.1479326,1.0393603,1.1034638,1.0261825,1.123495,0.998825,1.0899762,1.0072871,1.1112254,0.96953046,1.0634992,0.9534888,1.0806859
2025-01-01 14:34:00,1.0369905,1.1546562,1.0545762,1.1233554,1.0502602,1.1406418,1.051147,1.119105,1.046554,1.1472127,1.0382025,1.1027776,1.0249054,1.122728,0.9976352,1.0892621,1.0060412,1.1103774,0.9682438,1.0627763,0.95225126,1.0798993
2025-01-01 14:35:00,1.0364001,1.1543198,1.0539656,1.123019,1.0495948,1.1402208,1.050436,1.1186973,1.0457731,1.1467459,1.0374503,1.1023312,1.0240742,1.1222275,0.9968592,1.0887947,1.0052276,1.109822,0.96740294,1.062302,0.95144224,1.0793836
2025-01-01 14:36:00,1.0360208,1.1541057,1.0535733,1.1228048,1.0491663,1.1399508,1.0499771,1.1184347,1.0452673,1.1464436,1.0369617,1.1020405,1.0235325,1.1219003,0.99635214,1.0884879,1.004695,1.109457,0.966852,1.0619891,0.95091176,1.079044
2025-01-01 14:37:00,1.0357788,1.1539711,1.0533228,1.1226698,1.0488919,1.1397789,1.0496819,1.1182666,1.0449405,1.1462481,1.0366445,1.1018511,1.0231792,1.1216855,0.9960199,1.088285,1.004345,1.1092155,0.9664895,1.061781,0.9505624,1.0788187
2025-01-01 14:38:00,1.0356259,1.1538882,1.0531646,1.1225864,1.0487175,1.1396707,1.0494932,1.1181597,1.0447297,1.146122,1.0364385,1.1017276,1.0229481,1.1215439,0.99580127,1.0881498,1.0041139,1.1090544,0.9662494,1.0616413,0.9503308,1.0786679
2025-01-01 14:39:00,1.0355312,1.153839,1.0530663,1.1225367,1.0486082,1.1396041,1.0493735,1.1180928,1.0445945,1.1460412,1.0363047,1.1016467,1.0227968,1.12145,0.9956565,1.0880587,1.0039599,1.1089456,0.966089,1.061546,0.95017564,1.0785654
2025-01-01 14:40:00,1.0354741,1.1538116,1.0530069,1.1225086,1.0485412,1.1395643,1.0492988,1.1180516,1.0445085,1.1459895,1.036218,1.1015935,1.022697,1.1213866,0.99555963,1.0879962,1.0038558,1.1088706,0.96598023,1.0614793,0.95007026,1.0784942
2025-01-01 14:41:00,1.0354414,1.1537982,1.0529728,1.1224947,1.0485016,1.139542,1.0492532,1.1180273,1.044454,1.145957,1.0361619,1.1015583,1.0226308,1.1213436,0.99549395,1.0879523,1.0037845,1.1088177,0.96590513,1.0614315,0.9499972,1.0784436
2025-01-01 14:42:00,1.0354247,1.1537942,1.0529552,1.12249,1.0484799,1.1395311,1.0492266,1.1180139,1.0444205,1.1459367,1.0361255,1.101535,1.0225865,1.1213135,0.9954485,1.0879204,1.0037344,1.1087791,0.96585184,1.0613958,0.94994503,1.0784062
2025-01-01 14:43:00,1.0354185,1.1537962,1.0529481,1.1224914,1.0484699,1.1395276,1.0492125,1.1180075,1.0444003,1.1459244,1.0361022,1.1015191,1.0225563,1.1212918,0.9954162,1.0878963,1.0036978,1.1087499,0.96581274,1.0613681,0.9499066,1.0783776
2025-01-01 14:44:00,1.0354189,1.153802,1.0529481,1.1224964,1.0484672,1.1395288,1.0492061,1.1180058,1.0443889,1.1459174,1.036087,1.1015081,1.0225352,1.1212755,0.99539244,1.0878774,1.0036703,1.1087267,0.9657829,1.0613455,0.9498771,1.0783545
2025-01-01 14:45:00,1.0354238,1.1538104,1.0529526,1.122504,1.0484695,1.139533,1.0492051,1.118007,1.044383,1.1459137,1.0360774,1.1015004,1.0225202,1.1212629,0.9953742,1.0878617,1.0036486,1.1087073,0.96575904,1.0613261,0.94985324,1.0783349
2025-01-01 14:46:00,1.0354314,1.1538204,1.0529602,1.1225132,1.0484749,1.1395394,1.0492072,1.1180102,1.0443809,1.1459123,1.0360712,1.1014947,1.022509,1.1212525,0.99535954,1.087848,1.0036305,1.1086905,0.9657391,1.0613091,0.9498333,1.078318
2025-01-01 14:47:00,1.0354409,1.1538316,1.0529695,1.1225235,1.0484825,1.1395471,1.0492117,1.1180145,1.0443811,1.1459123,1.0360672,1.1014903,1.0225002,1.1212436,0.9953472,1.0878358,1.003615,1.1086754,0.9657216,1.0612934,0.9498157,1.0783024
2025-01-01 14:48:00,1.0354517,1.1538434,1.0529801,1.1225345,1.0484912,1.1395556,1.0492175,1.1180196,1.0443829,1.1459129,1.0360647,1.1014867,1.0224929,1.1212356,0.9953363,1.0878245,1.0036011,1.1086613,0.9657058,1.0612786,0.9497997,1.0782881
2025-01-01 14:49:00,1.0354631,1.1538557,1.0529914,1.122546,1.0485009,1.1395644,1.0492241,1.1180252,1.0443856,1.1459143,1.0360632,1.1014836,1.0224868,1.1212282,0.9953264,1.0878136,1.0035881,1.108648,0.96569103,1.0612645,0.9497848,1.0782743
2025-01-01 14:50:00,1.0354751,1.1538682,1.0530032,1.1225575,1.048511,1.1395737,1.0492314,1.118031,1.0443889,1.145916,1.0360622,1.1014808,1.0224813,1.1212211,0.9953171,1.0878031,1.0035757,1.108635,0.96567696,1.0612506,0.9497705,1.0782609
2025-01-01 14:51:00,1.0354875,1.153881,1.0530155,1.1225694,1.0485215,1.1395831,1.049239,1.118037,1.0443926,1.1459178,1.0360614,1.1014782,1.0224762,1.1212144,0.99530816,1.0877929,1.0035638,1.1086222,0.9656634,1.0612371,0.94975674,1.0782478
2025-01-01 14:52:00,1.0355002,1.1538938,1.0530279,1.1225814,1.0485324,1.1395928,1.0492468,1.1180432,1.0443964,1.1459197,1.036061,1.1014758,1.0224713,1.1212076,0.99529946,1.0877829,1.0035521,1.1086097,0.96564996,1.0612236,0.9497432,1.0782349
2025-01-01 14:53:00,1.0355129,1.1539068,1.0530404,1.1225934,1.0485433,1.1396025,1.0492548,1.1180495,1.0444003,1.1459217,1.0360607,1.1014733,1.0224665,1.1212009,0.9952909,1.0877727,1.0035406,1.1085973,0.9656368,1.0612103,0.9497298,1.0782222
2025-01-01 14:54:00,1.0355257,1.1539198,1.0530531,1.1226054,1.0485543,1.1396122,1.0492626,1.1180557,1.0444044,1.1459237,1.0360603,1.101471,1.0224619,1.1211944,0.9952823,1.0877627,1.0035292,1.108585,0.96562374,1.061197,0.9497167,1.0782095
2025-01-01 14:55:00,1.0355387,1.1539328,1.0530658,1.1226175,1.0485653,1.1396219,1.0492706,1.1180619,1.0444086,1.1459256,1.0360601,1.1014684,1.0224572,1.1211878,0.9952739,1.0877527,1.0035177,1.1085726,0.96561074,1.0611838,0.9497036,1.078197
2025-01-01 14:56:00,1.0355515,1.1539459,1.0530784,1.1226296,1.0485762,1.1396315,1.0492786,1.1180681,1.0444126,1.1459277,1.0360599,1.1014661,1.0224526,1.1211812,0.9952654,1.0877428,1.0035064,1.1085604,0.9655978,1.0611707,0.94969046,1.0781845
2025-01-01 14:57:00,1.0355645,1.153959,1.0530912,1.1226417,1.0485872,1.1396413,1.0492867,1.1180743,1.0444168,1.1459297,1.0360596,1.1014637,1.022448,1.1211746,0.9952569,1.0877327,1.0034951,1.1085482,0.9655849,1.0611576,0.94967747,1.0781721
2025-01-01 14:58:00,1.0355775,1.1539721,1.0531039,1.1226537,1.0485982,1.1396508,1.0492947,1.1180805,1.0444208,1.1459316,1.0360593,1.1014612,1.0224433,1.1211679,0.99524844,1.0877227,1.0034838,1.1085359,0.96557194,1.0611446,0.9496645,1.0781596
2025-01-01 14:59:00,1.0355906,1.1539851,1.0531167,1.1226658,1.0486093,1.1396605,1.0493027,1.1180866,1.0444249,1.1459335,1.0360589,1.1014585,1.0224386,1.1211612,0.9952399,1.0877126,1.0034724,1.1085236,0.965559,1.0611314,0.9496515,1.0781472
2025-01-01 15:00:00,1.0298413,1.1503943,1.0471572,1.1191132,1.0421944,1.1354356,1.0425481,1.1139891,1.0371563,1.1413885,1.029099,1.097144,1.014875,1.1164743,0.98826575,1.0833591,0.99619645,1.1034968,0.9581691,1.0568119,0.942592,1.0735378
2025-01-01 15:01:00,1.0261089,1.1480649,1.0432879,1.1168082,1.0380284,1.1326927,1.0381603,1.111328,1.0324332,1.138435,1.0245749,1.0943385,1.009957,1.1134254,0.98372954,1.0805258,0.99146307,1.1002252,0.95336115,1.0539997,0.93799883,1.0705374
2025-01-01 15:02:00,1.0236872,1.1465552,1.0407773,1.115314,1.0353243,1.1309131,1.035311,1.1096002,1.0293643,1.1365157,1.0216339,1.092514,1.0067585,1.1114413,0.9807779,1.0786804,0.9883823,1.0980943,0.95023143,1.052167,0.9350087,1.0685829
2025-01-01 15:03:00,1.0221179,1.1455785,1.0391499,1.114347,1.0335704,1.1297597,1.0334616,1.1084793,1.0273709,1.1352688,1.019722,1.091327,1.0046777,1.110149,0.9788563,1.0774773,0.9863757,1.0967048,0.94819254,1.0509713,0.9330607,1.0673082
2025-01-01 15:04:00,1.0211022,1.1449481,1.0380965,1.1137227,1.0324342,1.1290132,1.0322622,1.1077526,1.0260766,1.1344587,1.0184791,1.0905544,1.0033233,1.1093067,0.97760415,1.0766917,0.9850675,1.0957973,0.9468627,1.0501894,0.93178993,1.0664753
2025-01-01 15:05:00,1.0204468,1.144543,1.0374162,1.113321,1.0316995,1.1285313,1.0314853,1.1072822,1.0252364,1.1339327,1.0176709,1.0900512,1.0024413,1.1087567,0.9767872,1.0761776,0.98421305,1.0952032,0.9459938,1.0496765,0.93095946,1.0659297
2025-01-01 15:06:00,1.0200253,1.1442842,1.0369785,1.1130639,1.0312256,1.1282213,1.030983,1.1069784,1.0246915,1.1335912,1.0171453,1.089723,1.0018661,1.1083966,0.97625303,1.0758396,0.9836536,1.0948125,0.9454245,1.0493387,0.93041515,1.0655706
2025-01-01 15:07:00,1.0197558,1.1441207,1.0366983,1.1129011,1.0309213,1.128023,1.0306591,1.106783,1.0243386,1.1333697,1.0168033,1.0895087,1.0014905,1.10816,0.97590274,1.0756165,0.9832859,1.0945543,0.94504994,1.0491145,0.9300568,1.065333
2025-01-01 15:08:00,1.0195854,1.1440189,1.0365206,1.1127993,1.0307271,1.1278974,1.030451,1.1066579,1.0241103,1.1332262,1.0165807,1.0893681,1.0012444,1.1080039,0.9756719,1.0754676,0.9830428,1.0943819,0.9448019,1.0489641,0.9298194,1.0651743
2025-01-01 15:09:00,1.0194792,1.1439573,1.0364095,1.1127373,1.0306048,1.1278188,1.0303185,1.1065785,1.0239631,1.1331333,1.0164356,1.0892757,1.0010827,1.1078997,0.97551864,1.0753672,0.9828807,1.0942657,0.9446361,1.0488619,0.9296606,1.0650668
2025-01-01 15:10:00,1.0194147,1.1439217,1.0363418,1.112701,1.0305289,1.127771,1.0302348,1.1065288,1.0238687,1.1330734,1.016341,1.0892144,1.0009756,1.1078295,0.97541595,1.0752983,0.9827713,1.0941857,0.9445238,1.0487907,0.9295529,1.0649928
2025-01-01 15:11:00,1.0193772,1.1439031,1.036302,1.1126816,1.0304832,1.127743,1.0301831,1.1064984,1.0238085,1.1330348,1.016279,1.0891736,1.0009041,1.1077812,0.9753459,1.0752498,0.98269606,1.0941293,0.94444627,1.0487399,0.9294784,1.0649405
2025-01-01 15:12:00,1.0193576,1.1438957,1.0362805,1.112673,1.0304571,1.1277281,1.030152,1.1064804,1.0237703,1.13301,1.0162383,1.0891458,1.0008558,1.1077473,0.9752972,1.0752145,0.982643,1.0940883,0.9443913,1.0487025,0.9294256,1.0649022
2025-01-01 15:13:00,1.0193493,1.1438954,1.036271,1.1126716,1.030444,1.1277215,1.0301343,1.1064707,1.0237468,1.1329943,1.0162114,1.0891265,1.0008223,1.1077226,0.97526234,1.0751879,0.98260444,1.0940571,0.944351,1.0486734,0.9293867,1.064873
2025-01-01 15:14:00,1.0193486,1.1438998,1.0362692,1.1126747,1.030439,1.1277204,1.0301254,1.106466,1.0237325,1.1329844,1.0161935,1.0891126,1.0007987,1.1077039,0.9752364,1.075167,0.9825752,1.0940325,0.9443203,1.0486499,0.929357,1.0648497
2025-01-01 15:15:00,1.0193527,1.1439072,1.0362724,1.1126807,1.0304394,1.1277226,1.0301219,1.1064649,1.0237243,1.1329783,1.0161813,1.0891025,1.0007813,1.1076891,0.9752164,1.0751495,0.98255205,1.094012,0.9442957,1.0486301,0.9293332,1.0648305
2025-01-01 15:16:00,1.01936,1.1439164,1.0362788,1.1126888,1.0304433,1.1277273,1.0301223,1.1064659,1.02372,1.1329745,1.016173,1.0890946,1.0007681,1.1076769,0.9752001,1.0751344,0.9825329,1.0939944,0.94427514,1.0486126,0.92931324,1.0648139
2025-01-01 15:17:00,1.0193692,1.143927,1.0362873,1.112698,1.0304495,1.1277335,1.030125,1.1064683,1.0237184,1.1329724,1.016167,1.0890882,1.0007573,1.1076661,0.9751862,1.0751208,0.9825163,1.0939784,0.94425726,1.0485967,0.9292959,1.0647987
2025-01-01 15:18:00,1.0193799,1.1439384,1.0362971,1.112708,1.0304571,1.1277405,1.0301291,1.1064717,1.0237182,1.1329713,1.0161626,1.0890827,1.0007485,1.1076565,0.97517395,1.0751082,0.9825013,1.0939636,0.94424105,1.0485818,0.9292801,1.0647848
2025-01-01 15:19:00,1.0193914,1.1439505,1.0363079,1.1127185,1.0304656,1.1277481,1.0301342,1.1064756,1.0237191,1.1329707,1.0161592,1.0890778,1.0007406,1.1076475,0.9751626,1.0750962,0.98248744,1.0939496,0.944226,1.0485675,0.92926544,1.0647714
2025-01-01 15:20:00,1.0194035,1.1439626,1.0363193,1.1127294,1.0304747,1.127756,1.03014,1.1064799,1.0237207,1.1329706,1.0161563,1.0890733,1.0007335,1.107639,0.97515196,1.0750846,0.9824742,1.093936,0.9442116,1.0485537,0.9292515,1.0647587
2025-01-01 15:21:00,1.0194159,1.1439753,1.0363309,1.1127405,1.0304842,1.1277642,1.0301461,1.1064844,1.0237226,1.1329706,1.0161538,1.089069,1.0007267,1.1076306,0.9751417,1.0750732,0.9824614,1.0939227,0.94419765,1.0485401,0.92923796,1.064746
2025-01-01 15:22:00,1.0194286,1.1439879,1.0363427,1.1127517,1.030494,1.1277726,1.0301526,1.106489,1.0237248,1.1329707,1.0161515,1.0890648,1.0007201,1.1076225,0.9751317,1.075062,0.98244894,1.0939097,0.94418406,1.0485266,0.9292247,1.0647337
2025-01-01 15:23:00,1.0194415,1.1440005,1.0363549,1.1127629,1.0305037,1.1277809,1.030159,1.1064935,1.0237272,1.132971,1.0161495,1.0890607,1.0007138,1.1076144,0.97512186,1.075051,0.98243654,1.0938967,0.94417065,1.0485134,0.92921174,1.0647216
2025-01-01 15:24:00,1.0194544,1.1440134,1.0363669,1.1127743,1.0305136,1.1277894,1.0301656,1.1064982,1.0237296,1.1329713,1.0161475,1.0890566,1.0007076,1.1076064,0.9751121,1.0750399,0.9824243,1.093884,0.94415736,1.0485002,0.9291988,1.0647095
2025-01-01 15:25:00,1.0194672,1.1440262,1.0363791,1.1127855,1.0305237,1.1277978,1.0301721,1.1065028,1.0237321,1.1329716,1.0161456,1.0890526,1.0007014,1.1075983,0.9751024,1.0750288,0.98241216,1.0938711,0.9441441,1.0484871,0.92918605,1.0646976
2025-01-01 15:26:00,1.0194802,1.144039,1.0363914,1.1127968,1.0305336,1.1278063,1.0301787,1.1065075,1.0237345,1.1329719,1.0161436,1.0890485,1.0006951,1.1075903,0.97509265,1.0750178,0.98239994,1.0938582,0.9441309,1.0484741,0.92917335,1.0646858
2025-01-01 15:27:00,1.0194933,1.1440519,1.0364037,1.1128081,1.0305436,1.1278148,1.0301853,1.1065121,1.0237368,1.1329722,1.0161415,1.0890443,1.0006889,1.1075823,0.97508293,1.0750067,0.98238784,1.0938455,0.9441177,1.048461,0.92916065,1.064674
2025-01-01 15:28:00,1.0195065,1.1440648,1.0364158,1.1128194,1.0305536,1.1278231,1.0301919,1.1065167,1.0237393,1.1329724,1.0161396,1.0890402,1.0006827,1.1075742,0.97507316,1.0749958,0.98237574,1.0938327,0.94410455,1.048448,0.929148,1.0646622
2025-01-01 15:29:00,1.0195196,1.1440775,1.0364281,1.1128306,1.0305636,1.1278316,1.0301985,1.1065212,1.0237417,1.1329726,1.0161375,1.089036,1.0006764,1.1075661,0.9750634,1.0749846,0.9823636,1.0938199,0.9440915,1.048435,0.92913544,1.0646504
2025-01-01 15:30:00,1.0133098,1.1399595,1.0299764,1.1087828,1.0236713,1.1231663,1.0230049,1.101969,1.0161042,1.1280115,1.0088327,1.0843221,0.99282295,1.1025468,0.9678707,1.0703133,0.97487223,1.0885525,0.936594,1.0438626,0.922015,1.0598618
2025-01-01 15:31:00,1.009278,1.1372871,1.025787,1.1061556,1.0191947,1.1201367,1.0183313,1.0990117,1.0111407,1.1247869,1.0040839,1.0812564,0.98771596,1.0992814,0.963192,1.0672731,0.9699985,1.0851241,0.93171597,1.0408859,0.91738236,1.0567449
2025-01-01 15:32:00,1.006662,1.1355546,1.0230681,1.1044519,1.0162883,1.1181704,1.0152956,1.0970908,1.007915,1.1226907,1.0009962,1.0792623,0.9843942,1.0971559,0.9601474,1.0652931,0.9668263,1.0828913,0.9285407,1.0389466,0.9143668,1.054715
2025-01-01 15:33:00,1.0049661,1.1344329,1.0213051,1.1033483,1.0144025,1.1168952,1.0133246,1.0958438,1.0058191,1.1213281,0.9989885,1.0779643,0.9822327,1.0957716,0.9581649,1.064002,0.9647602,1.0814354,0.9264722,1.0376816,0.9124023,1.0533915
2025-01-01 15:34:00,1.0038685,1.1337082,1.0201634,1.1026348,1.0131801,1.1160691,1.0120457,1.0950346,1.0044575,1.1204424,0.99768263,1.0771192,0.9808254,1.0948687,0.95687276,1.063159,0.9634128,1.0804847,0.92512304,1.0368547,0.911121,1.0525271
2025-01-01 15:35:00,1.0031594,1.1332418,1.0194254,1.1021749,1.0123891,1.1155349,1.0112165,1.0945101,1.0035731,1.1198665,0.9968329,1.0765681,0.9799084,1.0942787,0.95602936,1.0626069,0.9625328,1.0798621,0.9242416,1.0363127,0.9102838,1.0519613
2025-01-01 15:36:00,1.0027032,1.132943,1.0189501,1.1018798,1.0118781,1.1151904,1.0106797,1.0941706,1.002999,1.119492,0.9962797,1.0762084,0.97931,1.0938925,0.9554777,1.0622443,0.9619565,1.079453,0.92366403,1.0359558,0.9097352,1.0515895
2025-01-01 15:37:00,1.0024112,1.1327533,1.0186453,1.1016918,1.0115495,1.1149693,1.0103328,1.0939512,1.0026263,1.1192486,0.99591917,1.0759728,0.9789186,1.0936383,0.9551155,1.0620043,0.9615776,1.0791825,0.923284,1.0357194,0.90937436,1.0513437
2025-01-01 15:38:00,1.002226,1.1326344,1.0184513,1.1015735,1.0113392,1.1148283,1.0101094,1.0938101,1.0023848,1.1190902,0.9956839,1.075818,0.9786619,1.0934701,0.95487654,1.0618445,0.96132696,1.0790021,0.9230324,1.0355611,0.90913546,1.0511799
2025-01-01 15:39:00,1.0021102,1.1325616,1.0183294,1.1015004,1.0112058,1.1147395,1.0099664,1.0937197,1.0022283,1.118987,0.99553,1.0757157,0.97849256,1.0933577,0.95471764,1.0617366,0.96115977,1.0788804,0.92286426,1.0354537,0.90897584,1.0510695
2025-01-01 15:40:00,1.0020396,1.1325185,1.0182544,1.1014565,1.0111225,1.1146845,1.0098754,1.0936623,1.0021272,1.1189197,0.99542904,1.0756475,0.97838014,1.0932816,0.95461076,1.0616624,0.96104676,1.0787967,0.9227504,1.0353794,0.9088678,1.0509937
2025-01-01 15:41:00,1.0019982,1.1324952,1.0182097,1.101432,1.0110714,1.1146513,1.0098183,1.0936263,1.0020621,1.1188759,0.9953624,1.0756015,0.9783046,1.093229,0.95453775,1.0616102,0.960969,1.0787379,0.9226718,1.0353265,0.9087932,1.0509404
2025-01-01 15:42:00,1.0019758,1.1324843,1.0181849,1.1014197,1.0110418,1.1146325,1.0097833,1.0936042,1.0020202,1.118847,0.99531806,1.0755697,0.97825307,1.093192,0.95448667,1.0615723,0.960914,1.078695,0.9226162,1.0352877,0.9087405,1.0509019
2025-01-01 15:43:00,1.0019659,1.1324818,1.0181729,1.1014154,1.0110257,1.114623,1.0097625,1.0935911,1.0019935,1.118828,0.9952882,1.0755473,0.9782171,1.0931647,0.95444983,1.0615435,0.96087396,1.0786626,0.92257535,1.035258,0.9087019,1.0508728
2025-01-01 15:44:00,1.001964,1.1324846,1.0181693,1.1014165,1.0110184,1.1146195,1.0097511,1.093584,1.0019767,1.1188154,0.9952678,1.075531,0.97819126,1.0931439,0.9544223,1.0615208,0.96084356,1.078637,0.92254424,1.0352342,0.90867245,1.05085
2025-01-01 15:45:00,1.0019672,1.1324908,1.0181711,1.1014209,1.0110168,1.1146199,1.0097455,1.0935804,1.0019662,1.1188068,0.99525344,1.0755185,0.97817194,1.0931273,0.9544008,1.061502,0.9608194,1.0786159,0.92251945,1.0352142,0.90864915,1.0508312
2025-01-01 15:46:00,1.001974,1.1324992,1.0181763,1.1014276,1.0110191,1.1146227,1.0097438,1.0935793,1.0019599,1.118801,0.99524295,1.0755086,0.97815686,1.0931132,0.9543831,1.0614856,0.9607994,1.0785977,0.92249876,1.0351967,0.90862966,1.050815
2025-01-01 15:47:00,1.0019829,1.132509,1.0181838,1.1014357,1.0110239,1.1146271,1.0097446,1.0935799,1.0019562,1.1187968,0.9952351,1.0755004,0.9781445,1.093101,0.95436794,1.061471,0.960782,1.0785812,0.9224807,1.0351808,0.90861267,1.0508006
2025-01-01 15:48:00,1.0019933,1.1325198,1.0181929,1.1014445,1.0110301,1.1146326,1.0097471,1.0935814,1.0019542,1.1187937,0.9952288,1.0754931,0.978134,1.0930899,0.9543544,1.0614574,0.96076626,1.078566,0.9224644,1.035166,0.9085974,1.0507873
2025-01-01 15:49:00,1.0020046,1.1325312,1.0182029,1.101454,1.0110373,1.1146387,1.0097506,1.0935836,1.0019534,1.1187913,0.99522364,1.0754864,0.9781245,1.0930794,0.9543419,1.0614444,0.9607517,1.0785515,0.9224492,1.035152,0.9085833,1.0507748
2025-01-01 15:50:00,1.0020165,1.1325431,1.0182134,1.1014639,1.0110453,1.1146452,1.0097548,1.0935861,1.0019531,1.1187894,0.99521905,1.0754803,0.9781158,1.0930697,0.9543301,1.0614319,0.9607378,1.0785376,0.9224347,1.0351382,0.90856975,1.0507628
2025-01-01 15:51:00,1.0020288,1.1325551,1.0182245,1.101474,1.0110536,1.114652,1.0097594,1.0935888,1.0019534,1.1187878,0.9952149,1.0754743,0.9781076,1.09306,0.9543187,1.0614196,0.96072435,1.078524,0.92242074,1.0351249,0.9085568,1.0507511
2025-01-01 15:52:00,1.0020413,1.1325673,1.0182357,1.1014842,1.011062,1.114659,1.0097642,1.0935917,1.0019538,1.1187862,0.995211,1.0754685,0.9780996,1.0930505,0.9543076,1.0614074,0.9607113,1.0785106,0.9224071,1.0351117,0.9085441,1.0507396
2025-01-01 15:53:00,1.002054,1.1325796,1.018247,1.1014944,1.0110706,1.114666,1.0097691,1.0935947,1.0019544,1.1187848,0.99520725,1.0754628,0.9780917,1.0930411,0.95429665,1.0613955,0.96069837,1.0784974,0.9223937,1.0350987,0.90853167,1.0507282
2025-01-01 15:54:00,1.0020667,1.132592,1.0182583,1.1015047,1.0110793,1.1146731,1.0097741,1.0935978,1.0019552,1.1187834,0.99520355,1.0754571,0.978084,1.0930318,0.95428574,1.0613836,0.96068555,1.078484,0.9223803,1.0350858,0.9085193,1.0507171
2025-01-01 15:55:00,1.0020796,1.1326042,1.0182699,1.101515,1.0110881,1.1146802,1.0097792,1.0936007,1.0019559,1.1187819,0.99519986,1.0754514,0.97807634,1.0930225,0.95427495,1.0613717,0.9606728,1.078471,0.92236704,1.0350729,0.90850717,1.0507059
2025-01-01 15:56:00,1.0020924,1.1326168,1.0182813,1.1015254,1.011097,1.1146873,1.0097842,1.0936037,1.0019566,1.1187804,0.99519616,1.0754458,0.97806865,1.093013,0.95426416,1.0613599,0.96066004,1.0784578,0.92235386,1.0350602,0.90849495,1.0506948
2025-01-01 15:57:00,1.0021054,1.1326292,1.0182929,1.1015358,1.0111058,1.1146944,1.0097893,1.0936067,1.0019573,1.118779,0.99519247,1.07544,0.97806096,1.0930037,0.9542533,1.061348,0.96064734,1.0784447,0.9223407,1.0350474,0.9084829,1.0506839
2025-01-01 15:58:00,1.0021183,1.1326416,1.0183045,1.101546,1.0111146,1.1147014,1.0097944,1.0936097,1.001958,1.1187775,0.9951887,1.0754342,0.9780532,1.0929943,0.9542425,1.0613362,0.96063465,1.0784317,0.9223276,1.0350347,0.9084708,1.0506729
2025-01-01 15:59:00,1.0021312,1.132654,1.0183159,1.1015563,1.0111233,1.1147083,1.0097994,1.0936126,1.0019587,1.118776,0.99518496,1.0754285,0.9780455,1.0929849,0.95423174,1.0613242,0.960622,1.0784187,0.9223145,1.035022,0.9084588,1.050662
2025-01-01 16:00:00,0.995572,1.1280819,1.0114872,1.097086,1.0038766,1.1096858,1.002295,1.0886865,0.9940888,1.1134869,0.98766565,1.0703995,0.97004247,1.0877231,0.94694877,1.0564183,0.95304894,1.0730045,0.9148432,1.0302786,0.9014046,1.0457789
2025-01-01 16:01:00,0.99131286,1.1251144,1.0070525,1.0941838,0.9991691,1.1064235,0.9974189,1.0854856,0.9889736,1.1100484,0.98277664,1.0671287,0.96483773,1.0842997,0.9422111,1.0532252,0.9481221,1.0694807,0.90998226,1.027191,0.8968152,1.042601
2025-01-01 16:02:00,0.988549,1.1231898,1.004174,1.0923008,0.9961123,1.1043054,0.994251,1.0834057,0.9856488,1.1078129,0.97959745,1.0650005,0.96145195,1.0820711,0.93912774,1.0511456,0.9449152,1.0671856,0.9068181,1.0251797,0.893828,1.0405318
2025-01-01 16:03:00,0.986757,1.1219431,1.0023069,1.0910804,0.99412835,1.1029309,0.9921936,1.0820549,0.98348784,1.106359,0.97752947,1.063615,0.9592483,1.0806191,0.9371198,1.0497895,0.94282615,1.0656892,0.9047569,1.023868,0.8918821,1.0391829
2025-01-01 16:04:00,0.9855967,1.121137,1.0010973,1.0902907,0.9928417,1.1020399,0.99085784,1.0811777,0.9820833,1.1054133,0.9761839,1.0627122,0.95781314,1.0796719,0.9358107,1.048904,0.9414639,1.064712,0.9034125,1.0230108,0.89061314,1.0383023
2025-01-01 16:05:00,0.984847,1.1206174,1.0003151,1.0897808,0.9920084,1.1014631,0.9899912,1.0806084,0.9811704,1.104798,0.9753078,1.0621233,0.95687747,1.0790529,0.9349559,1.0483241,0.9405739,1.0640723,0.90253407,1.0224493,0.8897842,1.0377264
2025-01-01 16:06:00,0.9843642,1.120284,0.99981046,1.0894529,0.99146956,1.1010903,0.98942953,1.080239,0.98057705,1.1043973,0.9747369,1.0617383,0.95626646,1.0786471,0.93439645,1.047943,0.93999094,1.0636519,0.9019586,1.0220798,0.8892413,1.0373483
2025-01-01 16:07:00,0.9840549,1.1200715,0.9994864,1.0892433,0.9911223,1.1008502,0.98906595,1.0799999,0.98019147,1.104136,0.9743643,1.0614859,0.9558664,1.0783799,0.9340289,1.047691,0.93960756,1.063374,0.9015799,1.0218353,0.88888425,1.0370988
2025-01-01 16:08:00,0.9838583,1.1199375,0.99927974,1.0891104,0.9908995,1.1006966,0.98883116,1.0798452,0.97994083,1.1039655,0.97412056,1.0613196,0.95560354,1.0782027,0.93378603,1.0475229,0.9393538,1.0631888,0.9013293,1.021672,0.8886481,1.036933
2025-01-01 16:09:00,0.98373497,1.1198548,0.99914926,1.0890275,0.9907575,1.1005988,0.9886801,1.0797455,0.97977793,1.1038538,0.97396064,1.0612092,0.9554298,1.0780841,0.9336243,1.0474093,0.9391845,1.0630639,0.9011618,1.0215615,0.8884905,1.0368214
2025-01-01 16:10:00,0.9836594,1.1198052,0.9990684,1.0889771,0.9906681,1.1005375,0.98858345,1.0796814,0.979672,1.1037804,0.97385514,1.0611352,0.9553139,1.0780036,0.93351525,1.0473312,0.93906987,1.0629781,0.90104836,1.0214853,0.888384,1.0367453
2025-01-01 16:11:00,0.9836147,1.1197773,0.9990197,1.0889478,0.99061286,1.1005,0.98852205,1.0796404,0.9796031,1.103732,0.9737849,1.0610847,0.9552357,1.0779477,0.93344045,1.0472763,0.9389909,1.0629177,0.90097004,1.0214314,0.88831073,1.0366921
2025-01-01 16:12:00,0.98359007,1.1197634,0.99899185,1.088932,0.9905798,1.1004777,0.98848367,1.0796145,0.9795583,1.1036996,0.9737378,1.0610498,0.95518196,1.0779079,0.9333879,1.0472363,0.9389351,1.0628738,0.9009146,1.021392,0.888259,1.036654
2025-01-01 16:13:00,0.98357856,1.1197585,0.9989777,1.0889252,0.99056107,1.1004654,0.9884601,1.0795983,0.9795291,1.1036777,0.9737055,1.0610248,0.955144,1.0778786,0.9333498,1.0472059,0.9388943,1.0628408,0.9008741,1.021362,0.8882213,1.0366255
2025-01-01 16:14:00,0.9835755,1.1197597,0.9989723,1.0889242,0.9905517,1.1004596,0.98844624,1.0795887,0.97950995,1.1036625,0.9736829,1.0610061,0.95511645,1.077856,0.933321,1.047182,0.9388632,1.0628147,0.9008432,1.0213382,0.8881928,1.0366035
2025-01-01 16:15:00,0.9835781,1.1197646,0.9989727,1.0889269,0.99054843,1.1004579,0.98843867,1.0795828,0.97949743,1.1036519,0.9736665,1.0609916,0.95509547,1.0778377,0.93329835,1.047162,0.9388386,1.0627931,0.90081865,1.0213183,0.88817024,1.0365855
2025-01-01 16:16:00,0.9835841,1.119772,0.9989767,1.0889319,0.990549,1.1004589,0.9884351,1.0795797,0.97948915,1.103644,0.9736542,1.0609798,0.9550789,1.0778224,0.93327963,1.0471448,0.93881804,1.0627745,0.9007981,1.0213012,0.8881515,1.0365701
2025-01-01 16:17:00,0.9835925,1.1197809,0.99898314,1.0889386,0.99055225,1.1004616,0.9884342,1.0795784,0.97948354,1.1036379,0.97364455,1.0609698,0.9550651,1.0778089,0.9332634,1.0471293,0.9388001,1.0627578,0.9007802,1.0212857,0.8881354,1.0365566
2025-01-01 16:18:00,0.98360246,1.119791,0.9989912,1.0889462,0.9905571,1.1004655,0.9884349,1.079578,0.97947973,1.103633,0.97363657,1.0609609,0.9550531,1.0777965,0.933249,1.0471148,0.938784,1.0627425,0.900764,1.0212711,0.88812083,1.0365442
2025-01-01 16:19:00,0.9836133,1.1198016,0.9990002,1.0889546,0.99056286,1.1004701,0.98843676,1.0795783,0.97947705,1.1036288,0.97362965,1.0609527,0.9550423,1.0777849,0.9332355,1.0471011,0.93876904,1.0627278,0.900749,1.0212575,0.8881074,1.0365326
2025-01-01 16:20:00,0.9836248,1.1198128,0.9990098,1.0889633,0.9905694,1.1004751,0.98843926,1.0795792,0.9794751,1.103625,0.97362345,1.0609449,0.9550322,1.0777738,0.9332228,1.0470879,0.9387547,1.0627137,0.9007348,1.0212443,0.8880947,1.0365216
2025-01-01 16:21:00,0.98363674,1.1198242,0.9990199,1.0889721,0.9905763,1.1004803,0.9884422,1.0795802,0.9794736,1.1036217,0.9736176,1.0609374,0.9550226,1.077763,0.9332105,1.0470749,0.9387409,1.0627,0.900721,1.0212314,0.88808244,1.0365108
2025-01-01 16:22:00,0.9836489,1.1198357,0.9990302,1.0889812,0.99058354,1.1004858,0.9884454,1.0795814,0.97947234,1.1036185,0.973612,1.0609301,0.9550132,1.0777522,0.9331984,1.0470622,0.9387273,1.0626866,0.90070754,1.0212187,0.8880705,1.0365003
2025-01-01 16:23:00,0.9836612,1.1198474,0.9990406,1.0889902,0.9905909,1.1004913,0.98844874,1.0795827,0.9794712,1.1036154,0.97360665,1.0609229,0.95500404,1.0777416,0.93318653,1.0470495,0.938714,1.0626732,0.9006943,1.0212061,0.88805884,1.0364901
2025-01-01 16:24:00,0.98367363,1.1198591,0.99905115,1.0889995,0.99059826,1.1004969,0.98845214,1.079584,0.9794702,1.1036122,0.97360134,1.0609157,0.9549949,1.0777311,0.9331748,1.047037,0.93870085,1.06266,0.90068114,1.0211937,0.8880473,1.0364798
2025-01-01 16:25:00,0.98368615,1.1198708,0.99906176,1.0890087,0.99060565,1.1005025,0.98845553,1.0795853,0.9794692,1.103609,0.973596,1.0609084,0.95498586,1.0777206,0.933163,1.0470244,0.9386877,1.0626466,0.90066814,1.0211813,0.88803583,1.0364697
2025-01-01 16:26:00,0.9836986,1.1198826,0.9990723,1.0890179,0.99061304,1.100508,0.98845893,1.0795865,0.9794682,1.1036057,0.9735907,1.0609012,0.95497686,1.0777102,0.9331513,1.0470119,0.9386746,1.0626335,0.90065515,1.0211691,0.8880245,1.0364597
2025-01-01 16:27:00,0.9837112,1.1198944,0.9990829,1.089027,0.9906205,1.1005135,0.9884624,1.0795878,0.9794672,1.1036026,0.97358537,1.060894,0.9549678,1.0776997,0.9331396,1.0469993,0.9386616,1.0626204,0.9006423,1.0211568,0.8880132,1.0364497
2025-01-01 16:28:00,0.9837237,1.1199062,0.9990935,1.0890362,0.9906279,1.1005191,0.9884657,1.0795891,0.97946614,1.1035994,0.97358,1.0608867,0.95495874,1.0776893,0.9331279,1.0469868,0.9386485,1.0626073,0.90062934,1.0211446,0.8880019,1.0364398
2025-01-01 16:29:00,0.9837362,1.1199179,0.999104,1.0890454,0.9906353,1.1005245,0.9884691,1.0795902,0.9794651,1.1035962,0.9735747,1.0608795,0.95494974,1.0776788,0.9331162,1.0469743,0.9386355,1.0625942,0.9006165,1.0211325,0.8879908,1.03643
2025-01-01 16:30:00,0.97694445,1.1149738,0.99202013,1.0842316,0.98316354,1.0952345,0.980788,1.0743781,0.9715032,1.0980736,0.96597487,1.055625,0.9469398,1.072268,0.92587316,1.0419213,0.931116,1.0571299,0.89330465,1.0163023,0.88112867,1.03154
2025-01-01 16:31:00,0.9725341,1.1117641,0.9874192,1.0811058,0.97830945,1.0917978,0.9757964,1.0709906,0.9663275,1.0944827,0.9610331,1.0522069,0.94173014,1.0687473,0.921161,1.0386324,0.9262237,1.0535735,0.8885475,1.0131586,0.87666446,1.0283582
2025-01-01 16:32:00,0.9696718,1.1096818,0.9844322,1.0790771,0.9751568,1.0895658,0.9725529,1.068789,0.96296287,1.0921474,0.9578189,1.0499825,0.9383406,1.0664551,0.91809404,1.0364902,0.9230392,1.0512574,0.8854508,1.0111109,0.8737588,1.0262866
2025-01-01 16:33:00,0.9678156,1.1083324,0.9824943,1.0777617,0.9731101,1.0881168,0.97044575,1.0673583,0.9607754,1.0906281,0.95572776,1.048534,0.93613416,1.0649616,0.9160964,1.0350934,0.9209647,1.0497472,0.8834335,1.0097758,0.87186635,1.0249367
2025-01-01 16:34:00,0.9666134,1.1074594,0.9812383,1.0769097,0.97178215,1.0871767,0.9690771,1.0664287,0.95935297,1.0896393,0.9543665,1.0475899,0.93469673,1.0639869,0.91479367,1.034181,0.9196117,1.0487611,0.8821178,1.0089036,0.8706324,1.0240558
2025-01-01 16:35:00,0.96583635,1.1068959,0.98042554,1.076359,0.97092146,1.0865674,0.9681885,1.0658246,0.9584279,1.0889953,0.95347965,1.0469735,0.9337591,1.0633496,0.9139428,1.0335835,0.91872764,1.0481155,0.88125813,1.0083326,0.8698265,1.0234799
2025-01-01 16:36:00,0.9653356,1.1065338,0.9799008,1.0760041,0.9703645,1.0861732,0.96761197,1.0654322,0.957826,1.0885755,0.9529012,1.0465701,0.93314636,1.0629315,0.91338557,1.0331907,0.9181485,1.0476913,0.8806949,1.0079572,0.8692989,1.0231024
2025-01-01 16:37:00,0.96501446,1.1063023,0.9795633,1.0757765,0.97000486,1.0859185,0.9672382,1.0651773,0.9574343,1.0883013,0.9525232,1.0463052,0.9327448,1.062656,0.9130192,1.032931,0.9177674,1.0474111,0.8803244,1.007709,0.86895204,1.0228536
2025-01-01 16:38:00,0.96481,1.1061559,0.9793475,1.0756316,0.96977353,1.0857549,0.9669962,1.0650119,0.95717907,1.0881217,0.95227534,1.0461303,0.93248045,1.0624732,0.9127769,1.0327578,0.9175152,1.0472243,0.88007915,1.0075436,0.86872286,1.0226886
2025-01-01 16:39:00,0.9646815,1.1060647,0.97921085,1.0755404,0.96962553,1.0856502,0.96683985,1.0649045,0.9570126,1.0880035,0.9521122,1.0460138,0.93230534,1.0623505,0.9126151,1.0326406,0.9173466,1.0470984,0.8799153,1.0074319,0.8685701,1.022578
2025-01-01 16:40:00,0.96460223,1.1060094,0.9791255,1.075484,0.9695318,1.0855837,0.9667391,1.0648347,0.95690376,1.0879254,0.952004,1.0459354,0.93218815,1.062267,0.91250587,1.0325601,0.9172325,1.0470119,0.8798043,1.0073551,0.86846703,1.0225029
2025-01-01 16:41:00,0.964555,1.1059774,0.9790736,1.0754505,0.9694731,1.0855422,0.9666746,1.0647895,0.9568323,1.0878732,0.9519316,1.0458816,0.9321086,1.0622088,0.9124306,1.0325032,0.9171538,1.0469512,0.8797277,1.0073009,0.8683963,1.0224508
2025-01-01 16:42:00,0.9645287,1.1059607,0.97904336,1.0754317,0.96943736,1.0855168,0.96663356,1.0647604,0.9567852,1.0878378,0.95188236,1.0458438,0.9320535,1.062167,0.9123774,1.0324619,0.917098,1.0469071,0.8796736,1.0072616,0.8683465,1.0224137
2025-01-01 16:43:00,0.9645158,1.1059537,0.9790272,1.0754224,0.9694164,1.085502,0.9666077,1.0647415,0.9567539,1.0878134,0.9518482,1.0458165,0.93201435,1.0621362,0.91233873,1.0324306,0.91705716,1.0468739,0.87963396,1.0072321,0.86831045,1.0223863
2025-01-01 16:44:00,0.9645118,1.1059531,0.97902024,1.0754193,0.96940506,1.0854939,0.9665918,1.0647293,0.95673287,1.0877961,0.9518239,1.0457959,0.93198544,1.0621122,0.9123093,1.0324057,0.91702604,1.0468478,0.87960386,1.0072086,0.8682833,1.0223653
2025-01-01 16:45:00,0.9645134,1.1059567,0.97901917,1.0754203,0.96940005,1.0854903,0.96658224,1.0647215,0.9567185,1.0877833,0.95180583,1.0457796,0.93196326,1.0620927,0.9122859,1.0323851,0.9170012,1.0468262,0.87957984,1.0071893,0.8682619,1.0223485
2025-01-01 16:46:00,0.9645187,1.1059629,0.9790219,1.0754238,0.96939903,1.0854895,0.9665769,1.0647165,0.95670843,1.0877736,0.95179194,1.0457664,0.93194544,1.0620761,0.9122665,1.0323672,0.9169805,1.0468076,0.8795599,1.0071727,0.8682443,1.0223343
2025-01-01 16:47:00,0.9645265,1.105971,0.9790272,1.075429,0.9694006,1.0854906,0.96657413,1.0647131,0.9567011,1.0877657,0.9517807,1.0457547,0.93193036,1.0620614,0.9122496,1.032351,0.91696244,1.0467911,0.8795424,1.0071577,0.86822915,1.0223219
2025-01-01 16:48:00,0.9645358,1.10598,0.97903407,1.0754352,0.96940386,1.0854927,0.9665732,1.064711,0.95669556,1.087759,0.951771,1.0457443,0.9319172,1.0620481,0.91223437,1.0323361,0.9169461,1.0467756,0.87952673,1.0071437,0.8682157,1.0223106
2025-01-01 16:49:00,0.964546,1.1059898,0.979042,1.0754421,0.9694082,1.0854956,0.9665733,1.0647095,0.95669115,1.087753,0.9517625,1.0457346,0.93190515,1.0620353,0.91222024,1.0323219,0.916931,1.0467612,0.8795122,1.0071307,0.86820316,1.0223002
2025-01-01 16:50:00,0.96455693,1.1060001,0.9790505,1.0754495,0.9694132,1.0854989,0.9665741,1.0647086,0.95668745,1.0877478,0.95175475,1.0457255,0.9318938,1.0620233,0.9122067,1.0323081,0.9169165,1.0467472,0.87949836,1.0071182,0.8681914,1.0222905
2025-01-01 16:51:00,0.9645683,1.1060106,0.97905946,1.075457,0.96941864,1.0855026,0.9665753,1.0647079,0.9566842,1.0877426,0.95174736,1.0457165,0.93188304,1.0620115,0.91219366,1.0322946,0.9169025,1.0467335,0.879485,1.007106,0.8681802,1.0222808
2025-01-01 16:52:00,0.9645799,1.1060214,0.9790687,1.0754648,0.96942437,1.0855064,0.9665768,1.0647073,0.95668125,1.0877376,0.95174026,1.0457077,0.9318724,1.0619998,0.91218096,1.0322815,0.91688883,1.0467201,0.87947196,1.007094,0.86816925,1.0222715
2025-01-01 16:53:00,0.9645916,1.1060321,0.97907805,1.0754726,0.96943027,1.0855104,0.9665784,1.0647068,0.9566784,1.0877328,0.95173335,1.045699,0.93186206,1.0619884,0.9121683,1.0322684,0.9168754,1.0467069,0.87945914,1.0070822,0.86815846,1.0222625
2025-01-01 16:54:00,0.9646035,1.1060431,0.9790875,1.0754806,0.96943617,1.0855144,0.96658015,1.0647064,0.9566757,1.0877281,0.9517265,1.0456905,0.93185174,1.0619768,0.9121558,1.0322554,0.9168621,1.0466938,0.8794465,1.0070705,0.86814797,1.0222534
2025-01-01 16:55:00,0.96461546,1.106054,0.979097,1.0754884,0.9694421,1.0855184,0.9665819,1.064706,0.95667297,1.0877233,0.95171964,1.0456818,0.9318415,1.0619653,0.91214335,1.0322424,0.9168488,1.0466808,0.8794339,1.0070587,0.8681375,1.0222445
2025-01-01 16:56:00,0.9646273,1.1060648,0.9791065,1.0754963,0.9694481,1.0855223,0.9665836,1.0647055,0.9566703,1.0877185,0.9517128,1.0456733,0.9318313,1.0619539,0.91213095,1.0322293,0.91683555,1.0466677,0.87942135,1.0070472,0.86812705,1.0222356
2025-01-01 16:57:00,0.9646393,1.1060758,0.97911596,1.0755042,0.96945405,1.0855262,0.96658534,1.0647051,0.9566676,1.0877137,0.95170593,1.0456647,0.93182117,1.0619425,0.91211855,1.0322164,0.9168224,1.0466547,0.8794089,1.0070357,0.86811674,1.0222269
2025-01-01 16:58:00,0.9646512,1.1060867,0.97912544,1.075512,0.96945995,1.0855302,0.966587,1.0647047,0.95666486,1.0877088,0.9516991,1.0456561,0.9318109,1.061931,0.91210616,1.0322036,0.9168092,1.0466418,0.87939644,1.0070242,0.8681064,1.0222181
2025-01-01 16:59:00,0.96466315,1.1060976,0.9791349,1.0755198,0.9694659,1.085534,0.96658874,1.0647041,0.95666206,1.087704,0.9516922,1.0456474,0.9318007,1.0619196,0.91209376,1.0321906,0.9167961,1.0466288,0.8793841,1.0070127,0.8680963,1.0222095
2025-01-01 17:00:00,0.9577591,1.1008686,0.97192144,1.0704485,0.9619015,1.0800703,0.958867,1.0592986,0.9487492,1.0820459,0.94414675,1.0402606,0.923926,1.0564562,0.9050189,1.0270807,0.9094633,1.0412116,0.8723614,1.0021819,0.8615479,1.0173991
2025-01-01 17:01:00,0.9532756,1.0974734,0.96723586,1.067155,0.95698667,1.0765201,0.95384836,1.0557848,0.94360477,1.0783664,0.93923974,1.036756,0.9188038,1.0529009,0.9004159,1.0237547,0.9046924,1.0376859,0.8677924,0.99903774,0.8572879,1.0142694
2025-01-01 17:02:00,0.95036554,1.0952704,0.9641936,1.0650169,0.95379394,1.0742137,0.9505868,1.0535005,0.9402598,1.0759729,0.9360477,1.034475,0.9154708,1.0505861,0.8974195,1.0215882,0.90158665,1.0353897,0.8648182,0.9969902,0.8545154,1.0122321
2025-01-01 17:03:00,0.9484781,1.0938421,0.9622193,1.0636297,0.95172065,1.0727159,0.9484672,1.0520155,0.9380846,1.0744153,0.93397033,1.0329891,0.9133007,1.0490773,0.8954676,1.0201755,0.89956343,1.0338925,0.8628807,0.9956553,0.8527097,1.0109049
2025-01-01 17:04:00,0.9472554,1.0929176,0.9609392,1.0627306,0.95037496,1.0717435,0.9470899,1.05105,0.9366696,1.0734011,0.93261755,1.0320202,0.9118864,1.0480925,0.8941944,1.0192528,0.8982437,1.0329149,0.861617,0.9947837,0.8515326,1.0100393
2025-01-01 17:05:00,0.9464648,1.0923202,0.96011037,1.0621489,0.9495022,1.0711125,0.9461951,1.050422,0.9357487,1.0727401,0.93173563,1.0313872,0.91096354,1.0474483,0.8933625,1.0186484,0.8973813,1.032275,0.8607914,0.9942132,0.85076404,1.0094738
2025-01-01 17:06:00,0.9459549,1.0919358,0.9595748,1.0617733,0.9489369,1.0707037,0.9456139,1.0500134,0.93514895,1.0723084,0.93115985,1.0309727,0.9103599,1.0470256,0.8928174,1.018251,0.89681613,1.0318545,0.86025053,0.9938385,0.850261,1.0091032
2025-01-01 17:07:00,0.9456276,1.0916895,0.9592299,1.0615318,0.94857126,1.0704391,0.94523656,1.0497473,0.934758,1.0720259,0.9307831,1.0307,0.90996397,1.0467466,0.8924586,1.0179881,0.89644426,1.0315768,0.85989463,0.993591,0.8499306,1.0088595
2025-01-01 17:08:00,0.9454191,1.0915331,0.9590089,1.0613773,0.9483355,1.0702682,0.94499165,1.049574,0.93450266,1.0718404,0.93053555,1.0305196,0.90970284,1.0465612,0.89222103,1.0178127,0.89619786,1.0313917,0.8596591,0.9934263,0.84971243,1.0086983
2025-01-01 17:09:00,0.9452875,1.0914351,0.9588683,1.0612794,0.9481841,1.0701582,0.94483274,1.049461,0.93433553,1.071718,0.9303721,1.0303992,0.9095293,1.0464367,0.89206225,1.0176942,0.8960332,1.031267,0.85950166,0.9933153,0.8495672,1.0085907
2025-01-01 17:10:00,0.9452061,1.091375,0.9587801,1.0612184,0.9480875,1.0700879,0.94472986,1.0493871,0.9342257,1.0716364,0.9302632,1.0303177,0.9094129,1.0463514,0.89195466,1.0176126,0.8959216,1.0311816,0.8593952,0.9932393,0.84946936,1.0085177
2025-01-01 17:11:00,0.9451573,1.0913396,0.9587259,1.0611811,0.9480266,1.0700433,0.9446633,1.0493386,0.9341531,1.0715815,0.9301898,1.0302614,0.90933347,1.0462921,0.8918802,1.0175549,0.8958444,1.0311214,0.8593218,0.99318606,0.8494024,1.0084677
2025-01-01 17:12:00,0.9451296,1.0913203,0.9586938,1.0611595,0.9479888,1.0700154,0.9446203,1.0493065,0.9341046,1.0715437,0.9301394,1.0302216,0.9092781,1.0462493,0.8918275,1.0175129,0.8957897,1.0310779,0.8592698,0.9931476,0.8493555,1.0084324
2025-01-01 17:13:00,0.9451156,1.0913113,0.958676,1.0611478,0.947966,1.0699981,0.9445926,1.0492852,0.9340718,1.0715172,0.930104,1.0301924,0.90923834,1.0462173,0.8917888,1.0174811,0.8957495,1.0310451,0.8592318,0.99311876,0.84932166,1.0084065
2025-01-01 17:14:00,0.94511056,1.0913091,0.9586675,1.0611428,0.9479529,1.0699881,0.94457483,1.0492707,0.9340492,1.071498,0.9300783,1.0301702,0.9092088,1.0461923,0.89175916,1.0174557,0.8957189,1.0310193,0.8592029,0.99309623,0.84929633,1.008387
2025-01-01 17:15:00,0.94511133,1.0913112,0.9586651,1.061142,0.94794625,1.0699825,0.94456357,1.0492609,0.9340332,1.0714835,0.93005896,1.0301526,0.9091857,1.0461719,0.8917355,1.0174347,0.8956944,1.0309981,0.8591799,0.9930777,0.8492765,1.0083716
2025-01-01 17:16:00,0.9451158,1.0913162,0.9586665,1.0611439,0.94794357,1.0699798,0.9445564,1.0492538,0.9340215,1.0714719,0.93004364,1.0301378,0.90916693,1.0461544,0.8917157,1.0174165,0.8956738,1.0309799,0.85916084,0.9930619,0.84926033,1.0083588
2025-01-01 17:17:00,0.9451227,1.091323,0.9586705,1.0611475,0.94794357,1.0699791,0.944552,1.0492487,0.93401253,1.0714623,0.93003094,1.0301248,0.90915096,1.0461389,0.8916984,1.0174001,0.89565593,1.0309637,0.8591442,0.99304783,0.84924656,1.0083477
2025-01-01 17:18:00,0.9451312,1.091331,0.9586761,1.0611521,0.94794524,1.0699795,0.94454926,1.0492449,0.9340054,1.071454,0.9300199,1.030113,0.9091367,1.0461246,0.8916827,1.0173849,0.8956397,1.0309488,0.8591293,0.99303484,0.8492343,1.0083379
2025-01-01 17:19:00,0.9451407,1.0913398,0.9586827,1.0611576,0.94794804,1.0699807,0.94454765,1.0492415,0.9339993,1.0714465,0.93001,1.030102,0.9091236,1.0461111,0.891668,1.0173703,0.89562464,1.0309345,0.85911536,0.9930227,0.849223,1.0083288
2025-01-01 17:20:00,0.9451509,1.091349,0.95869005,1.0611634,0.94795144,1.0699824,0.94454676,1.0492389,0.93399394,1.0714395,0.9300008,1.0300915,0.9091113,1.0460981,0.891654,1.0173563,0.8956103,1.0309209,0.85910225,0.993011,0.8492124,1.0083203
2025-01-01 17:21:00,0.94516146,1.0913585,0.95869774,1.0611696,0.9479553,1.0699844,0.9445463,1.0492365,0.93398905,1.0714328,0.929992,1.0300814,0.90909946,1.0460855,0.8916404,1.0173427,0.8955964,1.0309076,0.8590895,0.9929997,0.8492023,1.008312
2025-01-01 17:22:00,0.9451723,1.0913683,0.9587058,1.061176,0.9479595,1.0699866,0.9445461,1.0492343,0.9339844,1.0714263,0.92998344,1.0300713,0.9090879,1.0460731,0.89162713,1.0173292,0.8955828,1.0308946,0.85907716,0.9929886,0.8491925,1.0083041
2025-01-01 17:23:00,0.9451832,1.0913781,0.9587139,1.0611824,0.9479638,1.0699888,0.944546,1.0492321,0.9339799,1.07142,0.9299751,1.0300615,0.90907645,1.0460608,0.8916141,1.0173159,0.89556944,1.0308818,0.85906494,0.9929777,0.8491829,1.0082963
2025-01-01 17:24:00,0.9451943,1.0913879,0.95872205,1.0611888,0.9479681,1.0699912,0.944546,1.04923,0.9339756,1.0714136,0.9299668,1.0300516,0.9090652,1.0460485,0.8916011,1.0173028,0.89555615,1.030869,0.8590529,0.99296683,0.8491735,1.0082886
2025-01-01 17:25:00,0.94520545,1.0913978,0.9587303,1.0611953,0.94797254,1.0699935,0.944546,1.0492278,0.93397117,1.0714072,0.9299585,1.0300418,0.9090539,1.0460364,0.89158815,1.0172895,0.8955429,1.0308563,0.859041,0.99295604,0.8491642,1.008281
2025-01-01 17:26:00,0.94521666,1.0914075,0.9587385,1.0612017,0.9479769,1.0699958,0.94454604,1.0492256,0.9339668,1.0714009,0.9299503,1.0300319,0.9090427,1.0460241,0.8915753,1.0172763,0.8955298,1.0308436,0.8590291,0.9929454,0.8491549,1.0082735
2025-01-01 17:27:00,0.9452278,1.0914174,0.9587468,1.0612081,0.9479813,1.069998,0.94454604,1.0492234,0.93396246,1.0713946,0.9299421,1.0300221,0.9090315,1.0460119,0.8915624,1.0172632,0.89551675,1.0308311,0.8590173,0.99293476,0.84914577,1.0082661
2025-01-01 17:28:00,0.94523895,1.0914273,0.95875496,1.0612146,0.94798565,1.0700003,0.94454604,1.0492213,0.93395805,1.0713881,0.9299338,1.0300122,0.9090203,1.0459998,0.8915495,1.0172501,0.8955037,1.0308185,0.8590056,0.9929242,0.84913665,1.0082588
2025-01-01 17:29:00,0.9452501,1.0914371,0.9587632,1.061221,0.94798994,1.0700024,0.944546,1.049219,0.93395364,1.0713817,0.9299255,1.0300024,0.9090091,1.0459876,0.8915367,1.017237,0.8954907,1.030806,0.8589939,0.9929137,0.8491276,1.0082514
2025-01-01 17:30:00,0.9383588,1.0860181,0.95155036,1.0559837,0.9404696,1.0644636,0.93692327,1.0437179,0.926233,1.0656903,0.9225707,1.0245805,0.9014119,1.0405701,0.88475794,1.0121617,0.8884772,1.0255332,0.8523873,0.98816925,0.8430113,1.0036075
2025-01-01 17:31:00,0.9338833,1.0824991,0.94686484,1.0525814,0.9355829,1.0608641,0.93196833,1.0401412,0.9212129,1.0619886,0.9177871,1.0210528,0.8964698,1.0370444,0.8803472,1.0088581,0.8839139,1.0221014,0.848089,0.9850818,0.8390327,1.0005865
2025-01-01 17:32:00,0.9309781,1.0802152,0.943822,1.0503724,0.9324079,1.058525,0.9287476,1.0378156,0.9179482,1.0595802,0.91467476,1.0187563,0.8932534,1.0347486,0.8774757,1.0067062,0.88094324,1.0198665,0.845291,0.9830712,0.8364434,0.99862033
2025-01-01 17:33:00,0.92909354,1.0787339,0.941847,1.0489384,0.9303456,1.0570052,0.9266539,1.0363029,0.91582453,1.0580122,0.9126488,1.01726,0.8911588,1.0332519,0.8756047,1.0053028,0.87900776,1.0184095,0.8434683,0.98176074,0.8347574,0.9973399
2025-01-01 17:34:00,0.9278724,1.0777744,0.940566,1.0480086,0.92900646,1.056018,0.9252929,1.0353189,0.9144425,1.0569909,0.9113289,1.0162839,0.88979334,1.0322747,0.87438405,1.0043862,0.8777452,1.017458,0.8422795,0.9809054,0.8336584,0.9965052
2025-01-01 17:35:00,0.92708254,1.0771542,0.9397361,1.0474062,0.92813736,1.055377,0.9244081,1.0346781,0.9135424,1.0563245,0.910468,1.0156457,0.88890177,1.0316352,0.8735861,1.0037857,0.87692,1.0168352,0.8415028,0.9803458,0.83294094,0.99596024
2025-01-01 17:36:00,0.92657286,1.0767542,0.9391994,1.0470167,0.92757386,1.0549608,0.9238327,1.0342607,0.9129557,1.0558889,0.9099053,1.0152274,0.88831824,1.0312152,0.8730629,1.0033908,0.876379,1.0164261,0.8409939,0.9799785,0.8324716,0.99560356
2025-01-01 17:37:00,0.9262454,1.0764977,0.93885326,1.0467657,0.92720884,1.0546908,0.9234586,1.0339885,0.9125726,1.0556034,0.9095366,1.0149521,0.887935,1.0309379,0.87271833,1.0031295,0.8760229,1.016156,0.84065914,0.97973627,0.8321636,0.9953693
2025-01-01 17:38:00,0.9260363,1.0763342,0.938631,1.0466045,0.9269729,1.054516,0.92321515,1.0338105,0.91232187,1.0554154,0.9092939,1.0147693,0.8876818,1.0307533,0.8724898,1.0029551,0.87578696,1.015976,0.84043753,0.9795752,0.83196026,0.9952147
2025-01-01 17:39:00,0.92590415,1.0762312,0.9384892,1.0465018,0.9268209,1.0544028,0.92305666,1.0336939,0.9121571,1.0552907,0.90913296,1.0146471,0.8875132,1.0306289,0.87233675,1.0028371,0.87562907,1.0158546,0.8402896,0.97946703,0.8318252,0.9951119
2025-01-01 17:40:00,0.9258221,1.0761675,0.93839973,1.046437,0.9267233,1.0543299,0.92295337,1.0336169,0.9120483,1.0552073,0.9090254,1.014564,0.88739955,1.0305438,0.87223274,1.0027558,0.87552196,1.0157715,0.8401894,0.9793932,0.8317345,0.99504274
2025-01-01 17:41:00,0.9257724,1.0761293,0.9383442,1.0463969,0.92666113,1.0542828,0.92288595,1.0335659,0.9119757,1.0551505,0.90895224,1.0145063,0.88732165,1.0304841,0.8721606,1.0026984,0.8754478,1.0157132,0.8401204,0.9793417,0.8316725,0.9949955
2025-01-01 17:42:00,0.92574394,1.0761077,0.93831074,1.0463728,0.926622,1.0542529,0.92284185,1.0335315,0.91192675,1.0551112,0.90890163,1.0144652,0.88726693,1.0304409,0.8721091,1.0026566,0.87539506,1.015671,0.84007156,0.97930473,0.8316293,0.99496245
2025-01-01 17:43:00,0.92572916,1.076097,0.9382916,1.046359,0.9265977,1.0542337,0.9228128,1.0335082,0.911893,1.055083,0.9088656,1.0144348,0.8872273,1.0304084,0.87207115,1.0026248,0.8753564,1.0156393,0.84003586,0.97927713,0.8315982,0.9949387
2025-01-01 17:44:00,0.92572325,1.0760931,0.93828183,1.0463519,0.9265832,1.0542216,0.9227936,1.033492,0.9118693,1.0550622,0.90883905,1.0144114,0.8871975,1.0303829,0.8720419,1.0025995,0.8753267,1.0156145,0.84000874,0.9792558,0.8315752,0.99492097
2025-01-01 17:45:00,0.9257231,1.0760939,0.938278,1.0463493,0.9265749,1.0542144,0.92278075,1.0334802,0.911852,1.0550461,0.90881854,1.0143925,0.887174,1.030362,0.87201834,1.0025784,0.8753029,1.015594,0.8399872,0.9792385,0.83155733,0.99490726
2025-01-01 17:46:00,0.92572665,1.0760976,0.93827814,1.0463495,0.9265707,1.05421,0.922772,1.0334713,0.9118388,1.0550331,0.9088021,1.0143765,0.8871546,1.030344,0.8719985,1.0025601,0.87528294,1.0155765,0.83996934,0.97922385,0.83154285,0.9948961
2025-01-01 17:47:00,0.92573273,1.0761031,0.93828076,1.0463516,0.9265691,1.0542074,0.9227659,1.0334646,0.9118284,1.0550219,0.90878826,1.0143625,0.88713795,1.0303279,0.8719811,1.0025438,0.87526554,1.0155609,0.83995384,0.9792109,0.8315306,0.99488664
2025-01-01 17:48:00,0.9257403,1.0761098,0.938285,1.0463547,0.92656916,1.0542063,0.92276156,1.0334588,0.91181964,1.0550122,0.908776,1.0143496,0.8871229,1.0303131,0.8719651,1.0025285,0.8752497,1.0155464,0.8399398,0.97919905,0.8315197,0.9948783
2025-01-01 17:49:00,0.9257489,1.0761173,0.9382903,1.0463586,0.92657036,1.0542057,0.9227582,1.033454,0.91181207,1.0550033,0.90876484,1.0143374,0.8871091,1.030299,0.8719502,1.002514,0.87523496,1.0155327,0.83992684,0.97918797,0.8315099,0.99487066
2025-01-01 17:50:00,0.9257581,1.0761253,0.9382962,1.046363,0.92657214,1.0542058,0.9227556,1.0334495,0.91180515,1.0549947,0.90875435,1.0143259,0.887096,1.0302855,0.87193596,1.0024999,0.8752209,1.0155196,0.83991456,0.97917736,0.83150065,0.99486357
2025-01-01 17:51:00,0.9257677,1.0761336,0.9383026,1.0463676,0.9265744,1.0542059,0.9227534,1.0334454,0.9117987,1.0549865,0.9087443,1.0143145,0.8870833,1.0302722,0.8719222,1.0024862,0.8752073,1.015507,0.83990276,0.9791671,0.8314919,0.99485683
2025-01-01 17:52:00,0.92577755,1.0761422,0.9383092,1.0463723,0.9265769,1.0542065,0.9227515,1.0334414,0.91179246,1.0549785,0.9087345,1.0143034,0.8870709,1.0302591,0.8719086,1.0024729,0.875194,1.0154946,0.83989125,0.9791571,0.83148336,0.99485034
2025-01-01 17:53:00,0.92578757,1.0761508,0.9383159,1.0463772,0.92657954,1.0542071,0.9227497,1.0334376,0.9117864,1.0549706,0.90872484,1.0142925,0.8870587,1.0302463,0.8718952,1.0024595,0.8751809,1.0154823,0.8398799,0.9791472,0.8314751,0.99484396
2025-01-01 17:54:00,0.9257977,1.0761594,0.9383227,1.0463822,0.9265823,1.0542076,0.922748,1.0334338,0.9117804,1.0549629,0.9087153,1.0142816,0.8870466,1.0302336,0.87188196,1.0024463,0.87516797,1.01547,0.8398687,0.9791375,0.831467,0.9948378
2025-01-01 17:55:00,0.9258079,1.0761681,0.9383296,1.0463871,0.926585,1.0542082,0.9227463,1.03343,0.91177446,1.0549551,0.9087057,1.0142707,0.8870345,1.0302207,0.8718688,1.0024332,0.87515515,1.015458,0.83985764,0.97912776,0.831459,0.9948317
2025-01-01 17:56:00,0.9258181,1.0761766,0.93833643,1.046392,0.92658776,1.0542088,0.92274463,1.033426,0.91176856,1.0549473,0.90869623,1.0142597,0.8870225,1.030208,0.8718556,1.00242,0.8751423,1.0154458,0.8398467,0.9791182,0.83145106,0.99482566
2025-01-01 17:57:00,0.9258282,1.0761853,0.9383433,1.0463969,0.9265905,1.0542094,0.92274296,1.0334222,0.9117626,1.0549395,0.9086867,1.014249,0.8870105,1.0301954,0.8718425,1.0024068,0.8751295,1.0154339,0.83983576,0.9791087,0.83144325,0.9948197
2025-01-01 17:58:00,0.92583835,1.076194,0.9383501,1.0464017,0.9265932,1.0542098,0.9227412,1.0334184,0.91175663,1.0549316,0.90867716,1.014238,0.8869985,1.0301826,0.87182945,1.0023938,0.8751168,1.015422,0.8398249,0.9790993,0.8314354,0.99481386
2025-01-01 17:59:00,0.92584854,1.0762026,0.9383569,1.0464065,0.92659587,1.0542103,0.92273945,1.0334145,0.9117506,1.0549238,0.9086676,1.0142272,0.8869865,1.03017,0.87181634,1.0023807,0.8751041,1.0154101,0.83981407,0.9790899,0.8314277,0.9948081
2025-01-01 18:00:00,0.91909206,1.0706897,0.9312728,1.041096,0.91925305,1.0486946,0.91535085,1.0279148,0.90435886,1.0493,0.90163386,1.0088665,0.8798014,1.0248944,0.8654537,0.99743044,0.86853427,1.0103755,0.8337406,0.9745157,0.825852,0.990413
2025-01-01 18:01:00,0.91470385,1.0671092,0.92667043,1.0376458,0.91448104,1.0451094,0.91054755,1.0243384,0.89955205,1.0456417,0.8970586,1.0053784,0.87512684,1.0214608,0.86131346,0.99420816,0.86425954,1.0070988,0.82978916,0.9715392,0.8222251,0.9875543
2025-01-01 18:02:00,0.911855,1.064785,0.9236812,1.0354048,0.9113802,1.0427791,0.9074247,1.0220124,0.8964254,1.0432609,0.89408123,1.0031071,0.8720842,1.0192245,0.85861766,0.99210906,0.8614765,1.004965,0.82721704,0.9696013,0.81986505,0.98569417
2025-01-01 18:03:00,0.9100067,1.063277,0.9217405,1.0339497,0.90936536,1.0412644,0.90539414,1.0204989,0.894391,1.0417106,0.89214253,1.001627,0.8701022,1.0177665,0.8568608,0.9907402,0.8596631,1.0035738,0.8255414,0.96833843,0.8183284,0.9844831
2025-01-01 18:04:00,0.9088088,1.0622998,0.92048126,1.0330055,0.9080565,1.04028,0.90407354,1.0195136,0.89306635,1.0407001,0.890879,1.0006609,0.86880976,1.0168142,0.8557143,0.9898458,0.85848004,1.0026654,0.8244485,0.9675144,0.817327,0.98369414
2025-01-01 18:05:00,0.9080336,1.0616676,0.9196651,1.0323932,0.9072066,1.0396401,0.90321434,1.0188717,0.89220315,1.0400404,0.8900543,1.0000291,0.86796534,1.0161909,0.8549645,0.98925996,0.8577066,1.0020708,0.82373446,0.9669756,0.8166735,0.98317933
2025-01-01 18:06:00,0.90753317,1.0612594,0.91913676,1.0319967,0.9066549,1.0392241,0.90265507,1.0184529,0.8916398,1.0396086,0.8895147,0.9996145,0.8674122,1.015781,0.8544726,0.9888746,0.85719955,1.0016803,0.8232666,0.96662223,0.81624615,0.9828428
2025-01-01 18:07:00,0.90721136,1.060997,0.9187956,1.0317405,0.9062971,1.0389538,0.9022908,1.0181792,0.8912713,1.039325,0.8891605,0.9993411,0.8670484,1.0155103,0.85414815,0.9886195,0.8568655,1.0014224,0.82295895,0.9663894,0.81596595,0.98262227
2025-01-01 18:08:00,0.9070056,1.0608292,0.91857594,1.0315754,0.90606517,1.038778,0.9020532,1.0179996,0.8910296,1.0391378,0.88892686,0.9991594,0.86680764,1.0153297,0.85393274,0.98844916,0.8566441,1.0012506,0.8227553,0.9662349,0.81578124,0.9824771
2025-01-01 18:09:00,0.90687525,1.0607231,0.9184354,1.0314697,0.90591514,1.0386636,0.90189785,1.0178813,0.8908701,1.0390131,0.8887714,0.9990374,0.8666468,1.0152079,0.85378814,0.98833394,0.8564958,1.0011349,0.82261926,0.9661314,0.8156586,0.9823809
2025-01-01 18:10:00,0.9067939,1.0606568,0.9183462,1.0314023,0.90581834,1.0385891,0.90179604,1.0178027,0.8907641,1.0389292,0.88866687,0.9989541,0.8665381,1.0151243,0.85368955,0.9882544,0.85639507,1.0010557,0.82252717,0.96606106,0.8155765,0.98231655
2025-01-01 18:11:00,0.90674436,1.0606166,0.9182904,1.03136,0.90575606,1.0385407,0.901729,1.0177501,0.89069295,1.0388716,0.88859546,0.99889606,0.86646307,1.0150654,0.8536209,0.9881983,0.8563252,1.0010002,0.82246375,0.96601224,0.81552064,0.98227304
2025-01-01 18:12:00,0.9067155,1.0605931,0.91825616,1.0313339,0.90571624,1.038509,0.90168446,1.0177143,0.8906443,1.0388312,0.8885455,0.9988543,0.86640996,1.0150226,0.8535717,0.9881573,0.85627544,1.0009601,0.82241887,0.9659774,0.8154819,0.98224294
2025-01-01 18:13:00,0.90670013,1.0605807,0.9182361,1.0313183,0.90569097,1.0384884,0.9016546,1.0176893,0.89061034,1.038802,0.88850945,0.99882317,0.86637115,1.0149903,0.85353506,0.98812604,0.8562387,1.00093,0.82238615,0.9659517,0.8154543,0.98222166
2025-01-01 18:14:00,0.90669346,1.0605755,0.9182251,1.0313096,0.9056752,1.0384748,0.9016343,1.0176715,0.89058584,1.03878,0.8884825,0.99879897,0.86634165,1.0149648,0.85350674,0.98810124,0.8562106,1.0009063,0.8223613,0.96593195,0.8154339,0.9822061
2025-01-01 18:15:00,0.90669245,1.0605748,0.91822004,1.0313052,0.9056655,1.0384657,0.9016201,1.017658,0.8905675,1.0387626,0.8884614,0.9987792,0.8663181,1.0149436,0.8534837,0.9880806,0.856188,1.000887,0.8223416,0.96591604,0.81541824,0.98219424
2025-01-01 18:16:00,0.9066951,1.060577,0.91821885,1.0313038,0.9056598,1.0384597,0.90160984,1.0176476,0.8905531,1.0387483,0.88844407,0.99876237,0.8662985,1.0149254,0.8534641,0.9880627,0.8561689,1.0008705,0.8223252,0.96590275,0.8154057,0.9821849
2025-01-01 18:17:00,0.90670013,1.0605812,0.9182201,1.0313041,0.9056566,1.0384554,0.9016022,1.0176392,0.8905414,1.0387359,0.8884292,0.99874735,0.8662814,1.0149089,0.85344684,0.9880465,0.8561523,1.0008557,0.82231104,0.9658911,0.8153952,0.9821771
2025-01-01 18:18:00,0.90670663,1.0605866,0.9182229,1.0313057,0.905655,1.0384524,0.90159625,1.0176318,0.8905313,1.0387248,0.888416,0.99873364,0.86626595,1.0148938,0.853431,0.98803145,0.85613716,1.0008421,0.8222983,0.9658806,0.815386,0.9821704
2025-01-01 18:19:00,0.9067142,1.0605927,0.9182268,1.0313078,0.90565455,1.0384501,0.9015913,1.0176252,0.8905223,1.0387145,0.8884038,0.99872065,0.8662515,1.0148793,0.8534161,0.98801714,0.856123,1.0008293,0.8222865,0.96587074,0.8153777,0.98216444
2025-01-01 18:20:00,0.9067223,1.0605994,0.9182312,1.0313106,0.9056547,1.0384485,0.90158707,1.0176193,0.89051396,1.0387046,0.88839215,0.9987081,0.86623776,1.0148654,0.85340184,0.98800343,0.8561095,1.0008172,0.8222753,0.9658614,0.81536996,0.98215896
2025-01-01 18:21:00,0.90673083,1.0606064,0.9182361,1.0313135,0.90565526,1.038447,0.9015832,1.0176134,0.890506,1.0386951,0.888381,0.99869597,0.86622447,1.0148518,0.853388,0.98798996,0.85609645,1.0008053,0.82226455,0.96585244,0.8153627,0.98215383
2025-01-01 18:22:00,0.9067396,1.0606134,0.9182412,1.0313168,0.90565616,1.0384458,0.9015796,1.0176079,0.89049834,1.0386859,0.8883701,0.9986839,0.86621153,1.0148386,0.85337436,0.98797673,0.8560837,1.0007936,0.82225406,0.9658437,0.81535566,0.9821489
2025-01-01 18:23:00,0.9067485,1.0606207,0.91824645,1.0313201,0.9056571,1.0384446,0.90157616,1.0176024,0.89049083,1.0386767,0.8883593,0.998672,0.86619866,1.0148252,0.853361,0.9879636,0.8560711,1.000782,0.8222438,0.96583503,0.8153488,0.9821441
2025-01-01 18:24:00,0.9067575,1.060628,0.91825175,1.0313233,0.9056581,1.0384434,0.90157276,1.017597,0.8904834,1.0386676,0.88834864,0.9986602,0.86618596,1.0148121,0.85334766,0.98795056,0.85605866,1.0007707,0.8222337,0.9658266,0.8153421,0.98213947
2025-01-01 18:25:00,0.9067665,1.0606353,0.9182571,1.0313265,0.9056592,1.0384424,0.9015694,1.0175916,0.8904759,1.0386584,0.888338,0.99864846,0.8661733,1.014799,0.8533344,0.9879376,0.8560464,1.0007594,0.8222237,0.96581817,0.8153356,0.982135
2025-01-01 18:26:00,0.9067755,1.0606426,0.9182624,1.0313299,0.9056602,1.0384412,0.901566,1.0175861,0.8904685,1.0386492,0.88832736,0.99863666,0.86616063,1.0147859,0.8533213,0.98792475,0.85603416,1.0007482,0.8222138,0.9658099,0.8153291,0.9821306
2025-01-01 18:27:00,0.9067845,1.06065,0.9182678,1.0313331,0.9056613,1.03844,0.90156263,1.0175806,0.8904611,1.0386401,0.88831675,0.9986249,0.86614805,1.0147729,0.8533081,0.9879119,0.8560219,1.000737,0.82220393,0.9658016,0.8153227,0.9821262
2025-01-01 18:28:00,0.9067935,1.0606573,0.9182731,1.0313363,0.90566224,1.0384388,0.90155923,1.0175753,0.89045364,1.0386311,0.88830614,0.9986132,0.8661355,1.0147599,0.85329497,0.9878991,0.8560097,1.0007259,0.8221941,0.9657935,0.8153164,0.98212194
2025-01-01 18:29:00,0.9068025,1.0606645,0.91827834,1.0313395,0.90566325,1.0384376,0.9015558,1.0175697,0.8904462,1.0386219,0.8882955,0.9986014,0.86612284,1.0147468,0.8532819,0.98788637,0.8559976,1.0007148,0.8221843,0.9657853,0.8153101,0.9821177
2025-01-01 18:30:00,0.90030146,1.0551559,0.91144925,1.0260508,0.89862883,1.0330435,0.8945331,1.0121701,0.88351524,1.0331662,0.8817083,0.9933976,0.85947806,1.0097072,0.847449,0.98314935,0.8499886,0.99600804,0.81675243,0.96146345,0.81037426,0.9780501
2025-01-01 18:31:00,0.8960788,1.0515777,0.9070121,1.0226142,0.89405674,1.0295368,0.889967,1.0086583,0.87900746,1.0296168,0.87742287,0.9900109,0.8551546,1.0064269,0.843653,0.9800659,0.8460785,0.9929449,0.81321836,0.9586514,0.80716383,0.97540486
2025-01-01 18:32:00,0.89333725,1.0492544,0.90412974,1.0203815,0.89108515,1.027257,0.8869978,1.0063738,0.87607473,1.0273064,0.87463355,0.98780537,0.8523398,1.0042901,0.8411811,0.9780572,0.84353274,0.99095005,0.81091785,0.95682085,0.805075,0.973684
2025-01-01 18:33:00,0.8915583,1.0477467,0.902258,1.0189312,0.8891538,1.0257745,0.88506657,1.0048867,0.8741658,1.0258014,0.8728167,0.9863677,0.8505058,1.0028967,0.83956975,0.9767471,0.8418738,0.9896495,0.80941916,0.9556282,0.8037151,0.9725641
2025-01-01 18:34:00,0.890405,1.046769,0.901043,1.0179895,0.8878986,1.0248103,0.8838099,1.003918,0.8729222,1.0248199,0.8716319,0.985429,0.8493092,1.0019863,0.83851784,0.97589105,0.84079134,0.98880035,0.80844164,0.95485026,0.80282915,0.97183484
2025-01-01 18:35:00,0.88965833,1.0461359,0.90025496,1.0173783,0.887083,1.024183,0.88299173,1.0032864,0.87211114,1.0241785,0.8708581,0.98481464,0.8485271,1.0013901,0.83782953,0.97533023,0.8400836,0.98824465,0.80780303,0.9543419,0.8022512,0.9713595
2025-01-01 18:36:00,0.8891761,1.0457268,0.8997445,1.016982,0.886553,1.0237746,0.8824585,1.0028737,0.8715812,1.0237583,0.8703512,0.9844111,0.84801424,1.0009979,0.83737755,0.97496116,0.83961934,0.98787963,0.80738467,0.95400876,0.8018735,0.97104913
2025-01-01 18:37:00,0.8888656,1.0454632,0.89941436,1.0167253,0.88620865,1.0235085,0.88211054,1.0026033,0.87123394,1.0234817,0.8700179,0.9841446,0.84767634,1.0007384,0.83707917,0.97471696,0.83931345,0.98763865,0.8071095,0.95378953,0.801626,0.9708462
2025-01-01 18:38:00,0.8886668,1.0452943,0.89920133,1.0165594,0.88598496,1.023335,0.88188297,1.0024254,0.87100554,1.0232986,0.8697974,0.9839672,0.84745234,1.0005652,0.8368807,0.97455376,0.8391105,0.98747826,0.80692726,0.9536444,0.8014631,0.970713
2025-01-01 18:39:00,0.8885405,1.0451869,0.89906454,1.0164526,0.88583964,1.0232215,0.8817336,1.0023077,0.8708542,1.0231763,0.8696503,0.9838477,0.84730226,1.000448,0.8367471,0.9744432,0.83897436,0.9873702,0.8068056,0.9535474,0.8013553,0.97062516
2025-01-01 18:40:00,0.88846135,1.0451193,0.8989772,1.0163838,0.8857453,1.023147,0.88163507,1.002229,0.870753,1.0230933,0.86955076,0.98376566,0.8472002,1.0003672,0.83665574,0.974367,0.83888185,0.9872962,0.8067233,0.95348173,0.80128324,0.9705668
2025-01-01 18:41:00,0.88841283,1.0450777,0.8989221,1.0163399,0.885684,1.0230979,0.88156956,1.0021756,0.87068444,1.023036,0.86948216,0.9837082,0.8471294,1.0003102,0.8365917,0.9743131,0.8388175,0.9872444,0.8066666,0.9534364,0.8012344,0.97052777
2025-01-01 18:42:00,0.8883843,1.045053,0.8988878,1.0163124,0.88564426,1.0230653,0.8815255,1.0021387,0.870637,1.0229954,0.8694337,0.9836666,0.8470789,1.0002685,0.83654565,0.9742736,0.8387716,0.9872071,0.80662656,0.95340437,0.80120087,0.9705011
2025-01-01 18:43:00,0.88836855,1.0450392,0.89886713,1.0162952,0.88561845,1.0230434,0.88149536,1.0021125,0.8706033,1.0229656,0.8693983,0.9836353,0.8470416,1.0002367,0.83651114,0.9742436,0.83873767,0.9871791,0.80659735,0.95338094,0.8011771,0.97048265
2025-01-01 18:44:00,0.8883613,1.0450324,0.8988552,1.0162848,0.88560164,1.0230283,0.88147426,1.0020933,0.8705785,1.0229427,0.8693714,0.9836107,0.84701294,1.0002117,0.8364841,0.9742197,0.83871144,0.9871572,0.8065752,0.9533632,0.80115974,0.97046953
2025-01-01 18:45:00,0.8883594,1.0450304,0.898849,1.0162789,0.88559073,1.0230176,0.881459,1.0020785,0.8705595,1.0229244,0.8693501,0.9835905,0.84698975,1.0001907,0.83646196,0.9741997,0.8386904,0.98713934,0.8065576,0.95334905,0.8011466,0.9704599
2025-01-01 18:46:00,0.88836104,1.0450311,0.8988464,1.0162758,0.88558364,1.02301,0.8814475,1.0020667,0.87054425,1.022909,0.8693322,0.98357296,0.8469702,1.0001725,0.83644307,0.9741824,0.83867264,0.9871241,0.80654305,0.9533373,0.80113626,0.9704525
2025-01-01 18:47:00,0.888365,1.0450338,0.8988462,1.0162745,0.88557893,1.0230042,0.88143843,1.0020567,0.8705314,1.0228956,0.8693167,0.9835574,0.84695303,1.000156,0.83642626,0.9741668,0.838657,0.98711044,0.8065305,0.9533272,0.8011276,0.9704466
2025-01-01 18:48:00,0.88837034,1.0450377,0.8988476,1.0162743,0.8855758,1.0229995,0.881431,1.0020479,0.8705201,1.0228833,0.8693027,0.98354304,0.84693736,1.0001408,0.83641076,0.9741523,0.8386428,0.987098,0.8065192,0.9533181,0.8011203,0.9704417
2025-01-01 18:49:00,0.88837665,1.0450424,0.89884984,1.0162748,0.8855737,1.0229956,0.8814245,1.0020399,0.8705098,1.0228719,0.8692895,0.9835293,0.84692264,1.0001262,0.8363962,0.97413856,0.83862954,0.98708624,0.8065087,0.9533097,0.80111367,0.9704374
2025-01-01 18:50:00,0.88838357,1.0450476,0.89885277,1.0162759,0.8855722,1.0229923,0.88141865,1.0020323,0.87050015,1.0228609,0.86927706,0.98351616,0.84690857,1.0001123,0.83638215,0.97412515,0.8386168,0.98707503,0.8064988,0.95330185,0.80110765,0.9704336
2025-01-01 18:51:00,0.8883908,1.0450531,0.8988561,1.0162772,0.88557106,1.0229892,0.88141316,1.002025,0.87049085,1.0228503,0.86926496,0.9835033,0.8468949,1.0000986,0.83636844,0.97411215,0.8386045,0.9870641,0.80648935,0.9532943,0.8011019,0.97043014
2025-01-01 18:52:00,0.8883983,1.0450587,0.8988596,1.0162787,0.8855702,1.0229862,0.881408,1.002018,0.87048185,1.0228397,0.86925316,0.9834906,0.8468815,1.0000851,0.8363551,0.9740994,0.8385925,0.98705345,0.8064801,0.9532869,0.8010965,0.97042686
2025-01-01 18:53:00,0.88840586,1.0450646,0.8988633,1.0162803,0.88556945,1.0229833,0.8814029,1.002011,0.8704729,1.0228293,0.8692415,0.983478,0.8468683,1.0000718,0.83634186,0.97408676,0.83858067,0.9870429,0.80647105,0.9532797,0.80109125,0.97042376
2025-01-01 18:54:00,0.8884136,1.0450704,0.898867,1.0162818,0.8855688,1.0229806,0.88139784,1.0020039,0.87046415,1.0228192,0.8692298,0.98346543,0.84685516,1.0000585,0.83632874,0.9740742,0.83856905,0.9870325,0.80646217,0.9532726,0.8010861,0.9704208
2025-01-01 18:55:00,0.8884213,1.0450763,0.89887077,1.0162835,0.8855682,1.0229777,0.8813929,1.001997,0.87045544,1.0228088,0.8692183,0.983453,0.84684217,1.0000453,0.8363157,0.9740617,0.8385575,0.98702216,0.8064534,0.95326567,0.80108106,0.970418
2025-01-01 18:56:00,0.888429,1.0450821,0.8988746,1.0162851,0.8855675,1.0229748,0.8813879,1.0019901,0.8704466,1.0227985,0.8692068,0.9834406,0.8468291,1.0000322,0.8363027,0.97404927,0.8385459,0.9870119,0.8064447,0.95325875,0.8010762,0.9704152
2025-01-01 18:57:00,0.8884367,1.0450879,0.8988783,1.0162866,0.88556683,1.022972,0.8813829,1.001983,0.87043786,1.0227883,0.8691952,0.9834281,0.8468161,1.000019,0.83628976,0.97403693,0.8385345,0.9870017,0.806436,0.9532519,0.8010713,0.97041243
2025-01-01 18:58:00,0.88844436,1.0450938,0.898882,1.0162882,0.8855661,1.0229691,0.8813778,1.0019761,0.87042904,1.0227779,0.86918366,0.9834157,0.8468031,1.000006,0.83627677,0.9740246,0.83852303,0.9869916,0.8064275,0.95324516,0.8010666,0.97040987
2025-01-01 18:59:00,0.888452,1.0450995,0.89888567,1.0162897,0.88556534,1.0229661,0.88137275,1.0019691,0.8704203,1.0227677,0.86917216,0.9834033,0.8467902,0.9999928,0.8362639,0.9740123,0.8385117,0.9869816,0.806419,0.9532385,0.80106187,0.9704073
2025-01-01 19:00:00,0.88232243,1.0396936,0.8924335,1.0111166,0.87896496,1.0177898,0.87484133,0.9967654,0.8640739,1.017577,0.86314905,0.97844905,0.8408044,0.9952794,0.8310648,0.96957296,0.8331707,0.98268676,0.8017255,0.9492457,0.7968541,0.9667394
2025-01-01 19:01:00,0.8783408,1.0361817,0.8882409,1.0077546,0.8746744,1.0144242,0.870594,0.99338037,0.8599456,1.0141995,0.85923,0.97522444,0.8369091,0.9922111,0.8276809,0.9666831,0.8296951,0.97989166,0.7986718,0.9466482,0.7941175,0.96435446
2025-01-01 19:02:00,0.8757553,1.0339009,0.8855168,1.0055698,0.8718851,1.0122354,0.86783147,0.9911776,0.85725915,1.0120004,0.8566785,0.9731241,0.8343726,0.9902121,0.8254769,0.9648004,0.82743204,0.97807145,0.796684,0.9449575,0.7923372,0.9628034
2025-01-01 19:03:00,0.8740774,1.0324203,0.8837474,1.0041499,0.87007177,1.0108114,0.86603385,0.9897433,0.8555097,1.0105673,0.85501593,0.97175443,0.8327193,0.9889082,0.8240398,0.96357244,0.8259572,0.9768848,0.79538906,0.9438563,0.79117835,0.9617945
2025-01-01 19:04:00,0.87298924,1.0314597,0.8825984,1.0032275,0.86889267,1.0098847,0.8648636,0.9888084,0.8543694,1.0096321,0.8539312,0.97085977,0.8316401,0.988056,0.82310116,0.96277,0.82499456,0.97611004,0.79454446,0.9431383,0.79042363,0.96113795
2025-01-01 19:05:00,0.87228453,1.0308372,0.8818527,1.0026282,0.86812586,1.0092813,0.86410093,0.9881981,0.853625,1.0090206,0.853222,0.97027385,0.8309341,0.98749757,0.82248664,0.9622442,0.824365,0.97560304,0.79399264,0.94266945,0.7899316,0.96071047
2025-01-01 19:06:00,0.87182903,1.0304345,0.8813691,1.0022391,0.86762697,1.0088878,0.8636033,0.98779887,0.85313797,1.0086193,0.85275686,0.96988857,0.8304706,0.9871299,0.82208276,0.96189815,0.8239519,0.9752701,0.79363114,0.9423624,0.7896103,0.9604319
2025-01-01 19:07:00,0.8715354,1.0301745,0.88105583,1.0019864,0.86730224,1.0086308,0.86327785,0.98753667,0.8528182,1.0083548,0.85245043,0.96963376,0.8301648,0.98688644,0.82181567,0.96166897,0.8236795,0.9750503,0.7933933,0.9421607,0.7894,0.96025
2025-01-01 19:08:00,0.8713471,1.0300074,0.8808533,1.0018226,0.8670907,1.0084624,0.8630644,0.98736364,0.8526071,1.0081791,0.8522471,0.9694637,0.8299615,0.98672354,0.82163763,0.9615158,0.82349867,0.97490394,0.79323584,0.94202745,0.7892619,0.9601312
2025-01-01 19:09:00,0.87122715,1.0299006,0.88072276,1.0017163,0.8669527,1.0083518,0.8629236,0.9872485,0.85246664,1.0080612,0.8521108,0.9693488,0.82982475,0.98661315,0.82151747,0.9614121,0.8233772,0.97480553,0.79313076,0.94193876,0.7891706,0.9600533
2025-01-01 19:10:00,0.8711517,1.0298328,0.8806389,1.0016475,0.86686254,1.0082786,0.86283016,0.987171,0.852372,1.0079807,0.85201806,0.96926963,0.82973135,0.9865368,0.8214349,0.96134037,0.8232944,0.9747382,0.7930597,0.9418789,0.78910995,0.960002
2025-01-01 19:11:00,0.8711051,1.0297906,0.88058543,1.001603,0.86680335,1.0082297,0.86276734,0.9871179,0.85230726,1.0079247,0.8519536,0.9692137,0.829666,0.98648256,0.82137674,0.9612896,0.82323676,0.9746911,0.7930108,0.9418379,0.7890691,0.9599681
2025-01-01 19:12:00,0.8710772,1.029765,0.88055164,1.0015743,0.8667643,1.0081966,0.8627245,0.9870807,0.8522619,1.0078845,0.85190755,0.969173,0.829619,0.9864428,0.82133454,0.96125245,0.8231955,0.9746571,0.7929762,0.94180924,0.7890413,0.9599454
2025-01-01 19:13:00,0.87106156,1.02975,0.8805307,1.0015559,0.8667384,1.0081738,0.86269456,0.9870538,0.85222906,1.0078545,0.8518734,0.9691421,0.8295838,0.98641235,0.8213026,0.9612241,0.8231649,0.9746317,0.7929509,0.9417885,0.7890218,0.9599301
2025-01-01 19:14:00,0.8710538,1.029742,0.8805181,1.0015441,0.866721,1.0081576,0.86267304,0.98703355,0.8522044,1.0078313,0.85184705,0.9691175,0.8295564,0.98638797,0.8212775,0.9612015,0.8231412,0.97461194,0.79293185,0.941773,0.7890078,0.9599196
2025-01-01 19:15:00,0.8710511,1.0297384,0.88051075,1.0015366,0.866709,1.0081457,0.862657,0.9870177,0.852185,1.0078123,0.8518257,0.96909714,0.82953405,0.9863676,0.82125664,0.9611826,0.82312196,0.9745958,0.7929167,0.94176084,0.7889974,0.95991224
2025-01-01 19:16:00,0.87105167,1.0297378,0.88050693,1.0015318,0.86670065,1.0081366,0.86264443,0.9870045,0.8521691,1.0077962,0.85180765,0.96907943,0.8295149,0.98634976,0.82123876,0.96116614,0.82310575,0.974582,0.7929042,0.94175094,0.78898937,0.95990694
2025-01-01 19:17:00,0.8710544,1.029739,0.8805053,1.001529,0.8666945,1.0081292,0.8626342,0.98699325,0.85215545,1.0077819,0.85179174,0.9690634,0.8294979,0.9863336,0.8212227,0.96115136,0.82309145,0.97456986,0.7928934,0.94174254,0.78898287,0.95990294
2025-01-01 19:18:00,0.8710586,1.0297414,0.88050514,1.0015272,0.86668986,1.0081229,0.8626253,0.9869831,0.8521431,1.0077686,0.8517772,0.9690486,0.82948226,0.9863185,0.8212078,0.9611376,0.8230784,0.97455865,0.79288375,0.9417351,0.7889774,0.95989996
2025-01-01 19:19:00,0.87106353,1.0297445,0.8805059,1.001526,0.86668617,1.0081176,0.86261743,0.98697376,0.8521318,1.0077562,0.8517635,0.9690345,0.82946754,0.9863042,0.82119375,0.9611245,0.8230662,0.97454816,0.7928749,0.94172823,0.7889726,0.9598975
2025-01-01 19:20:00,0.8710691,1.0297482,0.88050723,1.0015254,0.866683,1.0081124,0.8626101,0.98696476,0.852121,1.0077442,0.85175025,0.96902084,0.82945335,0.9862903,0.8211802,0.9611119,0.82305455,0.97453815,0.79286647,0.9417219,0.78896827,0.9598955
2025-01-01 19:21:00,0.871075,1.0297523,0.8805089,1.001525,0.86668026,1.0081077,0.8626031,0.9869561,0.8521105,1.0077326,0.8517375,0.9690075,0.8294396,0.98627675,0.821167,0.96109957,0.8230433,0.97452843,0.7928584,0.94171584,0.78896433,0.95989376
2025-01-01 19:22:00,0.87108105,1.0297563,0.88051087,1.0015248,0.86667776,1.0081031,0.86259645,0.9869476,0.8521003,1.0077212,0.8517249,0.9689944,0.829426,0.9862634,0.821154,0.9610874,0.82303226,0.9745189,0.7928506,0.94171,0.7889606,0.9598922
2025-01-01 19:23:00,0.87108725,1.0297606,0.8805129,1.0015247,0.8666753,1.0080987,0.8625898,0.9869392,0.85209024,1.0077099,0.85171247,0.9689813,0.8294126,0.9862501,0.8211412,0.9610754,0.82302135,0.97450954,0.792843,0.94170433,0.78895694,0.95989084
2025-01-01 19:24:00,0.8710935,1.0297649,0.8805149,1.0015246,0.86667293,1.0080942,0.8625833,0.9869308,0.8520802,1.0076985,0.8517002,0.96896833,0.82939935,0.98623693,0.8211285,0.96106356,0.8230106,0.9745003,0.7928355,0.9416988,0.78895354,0.9598896
2025-01-01 19:25:00,0.8710998,1.0297691,0.880517,1.0015244,0.8666706,1.0080898,0.8625768,0.98692244,0.8520703,1.0076873,0.8516879,0.9689554,0.8293861,0.9862238,0.82111585,0.9610518,0.82299995,0.9744912,0.792828,0.94169337,0.7889502,0.95988846
2025-01-01 19:26:00,0.8711061,1.0297734,0.88051915,1.0015243,0.8666683,1.0080853,0.8625702,0.9869141,0.8520603,1.007676,0.8516756,0.9689425,0.82937294,0.98621076,0.8211033,0.96104014,0.8229894,0.9744821,0.7928207,0.941688,0.7889469,0.9598874
2025-01-01 19:27:00,0.87111235,1.0297776,0.8805212,1.0015242,0.8666659,1.0080807,0.86256367,0.98690575,0.8520503,1.0076647,0.85166335,0.96892965,0.8293598,0.9861977,0.8210907,0.9610284,0.82297885,0.97447306,0.7928134,0.9416827,0.7889437,0.9598864
2025-01-01 19:28:00,0.87111855,1.0297818,0.8805232,1.001524,0.86666346,1.0080762,0.86255705,0.98689735,0.8520403,1.0076535,0.8516511,0.9689168,0.8293466,0.9861847,0.82107824,0.9610168,0.8229685,0.9744642,0.79280627,0.94167745,0.78894055,0.9598854
2025-01-01 19:29:00,0.87112474,1.029786,0.8805252,1.0015237,0.866661,1.0080717,0.86255044,0.98688895,0.85203034,1.0076423,0.85163885,0.9689039,0.82933354,0.9861718,0.8210658,0.9610052,0.8229581,0.9744553,0.7927991,0.94167227,0.7889375,0.9598846
2025-01-01 19:30:00,0.86547536,1.0245785,0.8745645,0.9965587,0.8606117,1.0032051,0.85662615,0.98197377,0.84638107,1.002809,0.8462867,0.96428734,0.8241129,0.98186797,0.8165927,0.9569425,0.81838,0.9706487,0.78892744,0.93807954,0.78553253,0.95668185
2025-01-01 19:31:00,0.8618053,1.0211949,0.8706907,0.99333125,0.8566787,1.00004,0.85277295,0.978776,0.84270555,0.9996636,0.8428035,0.9612821,0.82071483,0.9790659,0.8136809,0.9542977,0.81540066,0.9681714,0.7864084,0.9357425,0.78331834,0.9545998
2025-01-01 19:32:00,0.85942185,1.0189971,0.8681733,0.9912332,0.8541214,0.9979812,0.850266,0.9766943,0.8403129,0.997615,0.8405351,0.9593241,0.81850153,0.9772401,0.81178385,0.9525747,0.8134606,0.9665581,0.78476864,0.9342217,0.7818781,0.95324636
2025-01-01 19:33:00,0.85787475,1.0175698,0.8665376,0.9898693,0.8524581,0.9966412,0.84863406,0.9753382,0.83875406,0.99627936,0.8390563,0.9580469,0.81705827,0.97604877,0.8105464,0.9514506,0.81219584,0.9655064,0.7837004,0.9332315,0.78094107,0.9523664
2025-01-01 19:34:00,0.8568711,1.0166434,0.86547494,0.98898256,0.85137606,0.9957684,0.84757084,0.9744537,0.83773726,0.99540716,0.8380908,0.95721215,0.81611556,0.97526985,0.8097378,0.9507161,0.8113703,0.9648198,0.7830036,0.9325862,0.780331,0.95179427
2025-01-01 19:35:00,0.85622084,1.0160425,0.8647848,0.9884059,0.85067165,0.9951994,0.84687734,0.97387576,0.83707273,0.9948363,0.83745885,0.9566651,0.81549823,0.9747591,0.8092079,0.95023453,0.8108301,0.9643705,0.78254837,0.932165,0.7799336,0.9514223
2025-01-01 19:36:00,0.85580015,1.0156533,0.86433667,0.98803085,0.8502128,0.99482775,0.84642404,0.973497,0.8366372,0.9944611,0.8370437,0.95630497,0.81509244,0.9744226,0.80885917,0.9499176,0.81047547,0.9640755,0.78225017,0.93188965,0.7796743,0.9511803
2025-01-01 19:37:00,0.8555288,1.0154015,0.8640459,0.9877868,0.8499134,0.9945844,0.846127,0.9732477,0.8363505,0.9942132,0.83676946,0.9560663,0.814824,0.9741993,0.8086282,0.9497077,0.81024146,0.96388084,0.78205395,0.93170905,0.77950495,0.951023
2025-01-01 19:38:00,0.85535425,1.0152391,0.86385745,0.98762786,0.8497178,0.9944244,0.8459314,0.97308254,0.8361604,0.994048,0.8365869,0.9559067,0.814645,0.97404975,0.8084737,0.9495672,0.81008583,0.9637513,0.7819241,0.9315901,0.779394,0.9509206
2025-01-01 19:39:00,0.85524285,1.0151348,0.8637354,0.9875243,0.8495896,0.99431866,0.84580183,0.9729721,0.8360333,0.99393666,0.8364639,0.9557984,0.814524,0.973948,0.8083691,0.949472,0.8099812,0.9636642,0.78183746,0.9315111,0.779321,0.95085394
2025-01-01 19:40:00,0.85517234,1.0150682,0.86365646,0.9874566,0.8495051,0.99424803,0.845715,0.9728972,0.835947,0.9938601,0.8363795,0.9557234,0.8144408,0.9738774,0.8082968,0.9494062,0.80990976,0.9636046,0.7817789,0.93145823,0.7792728,0.9508107
2025-01-01 19:41:00,0.8551284,1.015026,0.8636056,0.9874122,0.84944904,0.9942002,0.84565604,0.97284526,0.8358872,0.9938063,0.83632034,0.9556702,0.81438214,0.97382694,0.80824554,0.9493594,0.8098598,0.963563,0.7817385,0.93142235,0.77924067,0.9507825
2025-01-01 19:42:00,0.85510176,1.0149999,0.86357296,0.987383,0.8494115,0.9941673,0.8456151,0.9728084,0.83584464,0.99376726,0.8362775,0.955631,0.81433946,0.97378975,0.8082079,0.9493252,0.80982393,0.9635331,0.78171,0.9313975,0.77921903,0.9507641
2025-01-01 19:43:00,0.8550863,1.014984,0.8635521,0.98736364,0.849386,0.994144,0.84558594,0.9727812,0.83581334,0.99373776,0.8362452,0.9556009,0.81430703,0.973761,0.8081793,0.9492991,0.80979717,0.9635108,0.7816893,0.93137974,0.7792042,0.95075226
2025-01-01 19:44:00,0.85507816,1.0149748,0.863539,0.98735064,0.84936816,0.994127,0.8455645,0.9727603,0.83578926,0.99371445,0.8362199,0.95557696,0.81428146,0.97373796,0.8081564,0.9492782,0.80977637,0.9634934,0.78167355,0.93136674,0.77919376,0.9507446
2025-01-01 19:45:00,0.85507476,1.01497,0.86353076,0.98734176,0.8493554,0.994114,0.84554785,0.97274363,0.8357699,0.9936952,0.836199,0.9555567,0.81426024,0.97371835,0.8081373,0.9492607,0.8097594,0.96347934,0.7816612,0.93135685,0.7791863,0.9507397
2025-01-01 19:46:00,0.85507435,1.0149679,0.8635257,0.9873355,0.84934586,0.99410355,0.84553444,0.9727295,0.83575356,0.9936786,0.836181,0.95553905,0.8142418,0.97370124,0.80812067,0.9492455,0.809745,0.9634673,0.781651,0.931349,0.77918077,0.9507365
2025-01-01 19:47:00,0.8550759,1.0149677,0.86352277,0.987331,0.8493384,0.9940948,0.8455231,0.97271705,0.8357392,0.9936636,0.8361649,0.955523,0.8142253,0.9736856,0.8081056,0.94923174,0.80973226,0.9634567,0.7816422,0.93134236,0.7791765,0.9507346
2025-01-01 19:48:00,0.8550787,1.0149685,0.8635211,0.9873275,0.8493324,0.9940871,0.84551305,0.9727058,0.83572614,0.9936497,0.83615,0.955508,0.81421,0.97367096,0.80809164,0.949219,0.80972064,0.96344703,0.78163433,0.93133664,0.7791731,0.9507335
2025-01-01 19:49:00,0.8550823,1.0149702,0.8635203,0.9873248,0.84932715,0.9940801,0.8455038,0.9726952,0.8357139,0.9936366,0.83613586,0.9554936,0.8141955,0.9736571,0.80807835,0.9492069,0.8097097,0.963438,0.7816271,0.93133163,0.77917016,0.9507329
2025-01-01 19:50:00,0.8550864,1.0149722,0.86352,0.9873225,0.84932244,0.99407357,0.8454951,0.9726849,0.8357021,0.99362385,0.83612233,0.9554798,0.8141815,0.97364354,0.8080654,0.9491951,0.80969924,0.9634293,0.7816203,0.9313269,0.7791677,0.95073265
2025-01-01 19:51:00,0.8550908,1.0149746,0.8635201,0.9873204,0.849318,0.99406725,0.84548676,0.972675,0.83569074,0.99361145,0.836109,0.95546615,0.8141678,0.9736303,0.8080529,0.94918364,0.80968916,0.9634209,0.7816139,0.9313225,0.7791655,0.9507327
2025-01-01 19:52:00,0.85509545,1.014977,0.86352026,0.9873185,0.84931386,0.9940611,0.84547865,0.97266525,0.8356795,0.9935992,0.8360959,0.9554528,0.8141543,0.97361726,0.80804056,0.94917244,0.80967927,0.96341276,0.78160757,0.9313183,0.7791634,0.9507329
2025-01-01 19:53:00,0.8551001,1.0149796,0.8635206,0.98731667,0.8493098,0.99405503,0.8454706,0.9726556,0.8356684,0.993587,0.83608305,0.9554395,0.814141,0.9736044,0.80802834,0.94916135,0.80966955,0.9634048,0.7816015,0.9313143,0.7791616,0.95073324
2025-01-01 19:54:00,0.8551048,1.0149822,0.86352104,0.9873149,0.8493058,0.994049,0.8454626,0.972646,0.83565736,0.9935749,0.8360701,0.9554263,0.8141277,0.97359157,0.8080163,0.94915044,0.80965996,0.96339685,0.78159547,0.9313103,0.7791598,0.9507337
2025-01-01 19:55:00,0.8551096,1.0149848,0.8635214,0.98731303,0.8493018,0.99404293,0.8454547,0.97263634,0.83564633,0.9935628,0.83605736,0.9554131,0.8141146,0.9735788,0.8080043,0.9491395,0.8096504,0.96338904,0.78158957,0.9313065,0.7791582,0.9507343
2025-01-01 19:56:00,0.8551143,1.0149875,0.8635218,0.98731124,0.8492978,0.99403685,0.84544677,0.9726268,0.83563536,0.9935508,0.8360446,0.9554,0.81410146,0.9735661,0.80799234,0.9491286,0.809641,0.9633813,0.7815837,0.9313027,0.77915657,0.9507349
2025-01-01 19:57:00,0.855119,1.0149901,0.8635222,0.98730934,0.84929377,0.9940308,0.8454388,0.97261715,0.8356244,0.9935387,0.8360318,0.9553868,0.81408834,0.97355336,0.8079804,0.94911784,0.8096316,0.9633736,0.78157794,0.9312991,0.7791551,0.9507357
2025-01-01 19:58:00,0.85512364,1.0149926,0.86352247,0.9873075,0.84928966,0.9940247,0.84543073,0.9726075,0.8356133,0.99352664,0.83601904,0.95537376,0.8140753,0.9735408,0.80796856,0.94910705,0.8096223,0.96336603,0.7815722,0.93129545,0.7791537,0.9507365
2025-01-01 19:59:00,0.8551283,1.0149951,0.86352277,0.9873055,0.84928554,0.99401855,0.84542274,0.9725979,0.8356023,0.9935146,0.8360063,0.9553607,0.8140623,0.97352815,0.80795676,0.9490964,0.80961305,0.96335846,0.7815666,0.93129194,0.77915233,0.95073736
2025-01-01 20:00:00,0.8500611,1.0100805,0.8581612,0.9826379,0.8438967,0.9895496,0.8402127,0.96806026,0.8307524,0.9891262,0.8314219,0.9511651,0.8097011,0.96971166,0.8042908,0.9454836,0.8058805,0.9601089,0.7785867,0.9281643,0.7766116,0.9480574
2025-01-01 20:01:00,0.84676903,1.0068867,0.8546762,0.9796032,0.8403924,0.98664254,0.8368233,0.9651074,0.82759607,0.98626953,0.8284376,0.9484334,0.8068617,0.96722656,0.80190367,0.9431316,0.803451,0.95799404,0.77664787,0.92613024,0.7749598,0.94631577
2025-01-01 20:02:00,0.84463066,1.0048115,0.852411,0.9776298,0.83811307,0.9847507,0.83461726,0.9631846,0.82554054,0.98440844,0.8264933,0.9466532,0.80501163,0.9656068,0.800348,0.94159913,0.80186874,0.9566169,0.77538574,0.9248069,0.7738857,0.9451842
2025-01-01 20:03:00,0.8432422,1.0034634,0.85093856,0.9763463,0.83663,0.9835188,0.8331805,0.96193135,0.8242005,0.9831944,0.825225,0.94549143,0.8038045,0.9645496,0.79933274,0.9405993,0.80083716,0.9557191,0.7745635,0.9239456,0.7731872,0.944449
2025-01-01 20:04:00,0.8423413,1.0025879,0.8499815,0.97551125,0.83566445,0.9827158,0.8322436,0.9611132,0.8233256,0.9824011,0.82439613,0.9447318,0.80301535,0.9638581,0.7986687,0.9399458,0.80016345,0.9551331,0.77402717,0.9233847,0.77273285,0.9439716
2025-01-01 20:05:00,0.8417571,1.0020195,0.84935933,0.9749676,0.83503526,0.9821915,0.8316318,0.96057796,0.82275295,0.9818811,0.82385284,0.9442333,0.8024978,0.9634042,0.79823303,0.9395174,0.79972243,0.9547497,0.77367675,0.923019,0.7724372,0.9436618
2025-01-01 20:06:00,0.8413789,1.0016508,0.84895486,0.9746134,0.8346247,0.9818485,0.8312312,0.9602266,0.8223768,0.9815389,0.8234952,0.9439048,0.8021569,0.96310484,0.7979458,0.93923527,0.7994327,0.954498,0.7734471,0.9227802,0.77224475,0.9434609
2025-01-01 20:07:00,0.84113455,1.0014118,0.8486918,0.97438234,0.8343562,0.9816232,0.8309678,0.9599947,0.8221283,0.9813121,0.8232583,0.94368666,0.8019308,0.9629059,0.79775506,0.93904823,0.79924124,0.9543318,0.7732961,0.922624,0.77211934,0.94333076
2025-01-01 20:08:00,0.8409771,1.0012571,0.84852076,0.97423124,0.83418,0.98147434,0.8307936,0.95984036,0.82196283,0.9811604,0.82309973,0.9435403,0.8017792,0.96277213,0.79762703,0.93892306,0.7991137,0.9542214,0.7731962,0.9225214,0.77203757,0.9432467
2025-01-01 20:09:00,0.8408761,1.0011572,0.8484094,0.97413206,0.8340638,0.9813752,0.8306774,0.9597365,0.8218513,0.98105747,0.82299215,0.9434405,0.8016762,0.96268094,0.7975397,0.93883806,0.7990277,0.95414716,0.77312946,0.92245364,0.7719842,0.9431926
2025-01-01 20:10:00,0.84081185,1.0010928,0.84833694,0.9740667,0.83398664,0.98130846,0.83059883,0.9596655,0.82177484,0.9809863,0.82291776,0.9433711,0.80160475,0.96261734,0.79747903,0.93877935,0.7989688,0.9540965,0.77308434,0.92240864,0.77194923,0.943158
2025-01-01 20:11:00,0.8407715,1.0010517,0.84828955,0.9740233,0.8339348,0.9812627,0.83054477,0.9596157,0.8217211,0.98093563,0.82286483,0.94332135,0.8015537,0.9625716,0.7974355,0.9387375,0.7989274,0.95406115,0.77305335,0.9223784,0.77192634,0.94313616
2025-01-01 20:12:00,0.8407466,1.0010254,0.8482586,0.9739941,0.8338993,0.9812305,0.8305066,0.9595798,0.82168216,0.9808984,0.82282597,0.9432845,0.8015161,0.96253765,0.7974032,0.93870676,0.79889756,0.9540358,0.7730315,0.92235786,0.7719113,0.9431225
2025-01-01 20:13:00,0.8407317,1.001009,0.8482383,0.9739741,0.8338746,0.98120713,0.8304787,0.9595529,0.8216528,0.9808699,0.82279617,0.94325596,0.8014871,0.9625112,0.7973783,0.9386833,0.7988751,0.9540169,0.7730156,0.9223435,0.7719013,0.9431142
2025-01-01 20:14:00,0.8407234,1.0009989,0.8482248,0.97396016,0.83385676,0.98118955,0.8304575,0.95953184,0.82162976,0.98084706,0.8227722,0.9432328,0.8014637,0.9624897,0.79735816,0.9386645,0.79885757,0.9540023,0.77300364,0.9223333,0.77189475,0.9431095
2025-01-01 20:15:00,0.8407192,1.0009928,0.8482158,0.97394997,0.83384335,0.9811756,0.8304407,0.9595145,0.8216107,0.98082775,0.8227521,0.9432131,0.80144405,0.9624714,0.797341,0.93864864,0.79884315,0.95399046,0.7729942,0.92232573,0.7718904,0.9431071
2025-01-01 20:16:00,0.8407178,1.0009893,0.8482097,0.9739424,0.83383286,0.9811641,0.83042663,0.95949966,0.8215943,0.98081094,0.8227346,0.94319576,0.80142677,0.9624553,0.79732597,0.93863493,0.79883087,0.95398045,0.7729864,0.92232,0.7718874,0.94310623
2025-01-01 20:17:00,0.84071815,1.0009875,0.8482054,0.9739363,0.8338243,0.98115414,0.8304144,0.95948637,0.8215796,0.9807956,0.82271856,0.9431799,0.801411,0.96244043,0.7973122,0.9386225,0.7988199,0.9539716,0.7729798,0.9223154,0.77188545,0.94310635
2025-01-01 20:18:00,0.8407196,1.0009869,0.84820235,0.9739313,0.8338169,0.98114514,0.8304034,0.95947397,0.82156587,0.98078126,0.82270366,0.943165,0.80139625,0.9624266,0.7972993,0.9386109,0.7988098,0.95396364,0.7729739,0.9223116,0.771884,0.9431071
2025-01-01 20:19:00,0.84072167,1.0009869,0.84819996,0.97392696,0.8338102,0.9811368,0.8303931,0.95946234,0.821553,0.9807676,0.82268935,0.9431507,0.8013821,0.96241325,0.79728705,0.9385999,0.79880035,0.9539561,0.7729685,0.9223083,0.7718831,0.9431084
2025-01-01 20:20:00,0.8407243,1.0009873,0.8481981,0.973923,0.833804,0.98112875,0.8303832,0.95945114,0.8215405,0.9807544,0.8226756,0.9431368,0.80136853,0.9624003,0.7972751,0.93858933,0.79879135,0.95394903,0.77296346,0.9223054,0.7718825,0.94311
2025-01-01 20:21:00,0.84072715,1.000988,0.8481965,0.97391933,0.8337981,0.981121,0.8303736,0.9594401,0.8215283,0.9807413,0.82266206,0.9431233,0.8013552,0.96238774,0.7972635,0.93857896,0.7987826,0.9539421,0.77295864,0.9223027,0.77188206,0.9431118
2025-01-01 20:22:00,0.84073013,1.0009888,0.8481951,0.9739157,0.8337923,0.9811134,0.83036417,0.95942926,0.8215163,0.98072845,0.8226487,0.94310987,0.80134195,0.9623752,0.797252,0.9385688,0.798774,0.95393544,0.7729539,0.9223002,0.7718818,0.94311374
2025-01-01 20:23:00,0.84073323,1.0009897,0.84819365,0.97391224,0.83378667,0.98110586,0.8303548,0.9594186,0.82150435,0.9807157,0.8226355,0.9430966,0.8013289,0.9623629,0.7972407,0.9385588,0.79876566,0.9539289,0.77294946,0.92229784,0.77188176,0.94311583
2025-01-01 20:24:00,0.8407363,1.0009906,0.84819233,0.9739088,0.83378106,0.9810984,0.8303455,0.95940787,0.82149243,0.980703,0.82262236,0.9430834,0.801316,0.9623506,0.7972294,0.93854886,0.7987573,0.9539224,0.77294505,0.9222956,0.77188176,0.9431181
2025-01-01 20:25:00,0.8407394,1.0009915,0.848191,0.97390527,0.83377546,0.98109084,0.8303363,0.95939714,0.8214806,0.9806904,0.8226092,0.9430702,0.80130315,0.96233845,0.79721826,0.938539,0.7987491,0.9539161,0.77294075,0.9222934,0.7718818,0.94312036
2025-01-01 20:26:00,0.8407425,1.0009924,0.8481897,0.97390175,0.83376986,0.98108333,0.83032703,0.95938647,0.8214687,0.9806777,0.82259613,0.943057,0.80129033,0.9623263,0.7972071,0.93852925,0.7987409,0.95390975,0.7729365,0.92229134,0.77188194,0.9431227
2025-01-01 20:27:00,0.84074557,1.0009933,0.84818834,0.9738982,0.83376426,0.98107576,0.83031774,0.95937574,0.82145685,0.9806651,0.8225831,0.9430439,0.8012775,0.9623141,0.79719603,0.93851954,0.7987328,0.95390356,0.77293235,0.9222894,0.7718822,0.9431251
2025-01-01 20:28:00,0.84074867,1.0009941,0.84818697,0.97389466,0.8337586,0.9810682,0.8303085,0.95936507,0.82144505,0.9806525,0.82257,0.9430308,0.8012647,0.9623021,0.797185,0.93850994,0.79872483,0.9538975,0.77292824,0.9222874,0.7718825,0.9431277
2025-01-01 20:29:00,0.84075165,1.0009949,0.84818554,0.973891,0.83375293,0.98106056,0.8302992,0.9593543,0.8214332,0.9806399,0.822557,0.9430177,0.801252,0.96229005,0.79717404,0.9385003,0.79871684,0.95389134,0.77292424,0.92228556,0.77188283,0.94313025
2025-01-01 20:30:00,0.8363566,0.99646,0.8435181,0.96960366,0.8291199,0.9770683,0.82589555,0.9552743,0.81746835,0.976774,0.81882143,0.9393173,0.7978276,0.95902854,0.7943798,0.93540144,0.79589605,0.95125616,0.77088875,0.91967815,0.77025133,0.9410206
2025-01-01 20:31:00,0.8335008,0.9935125,0.84048367,0.9668155,0.8261064,0.9744706,0.82302994,0.9526184,0.814887,0.9742567,0.8163888,0.9369074,0.7955972,0.9569043,0.7925597,0.9333838,0.79405975,0.9495412,0.7695644,0.9179827,0.7691911,0.9396503
2025-01-01 20:32:00,0.8316455,0.9915968,0.8385107,0.9650018,0.82414556,0.9727794,0.82116395,0.9508883,0.8132049,0.97261596,0.814803,0.9353365,0.794143,0.95551944,0.79137284,0.9320691,0.7928634,0.9484244,0.76870215,0.91688013,0.7685021,0.93876064
2025-01-01 20:33:00,0.83044046,0.99035174,0.83722764,0.9638216,0.8228689,0.9716773,0.8199477,0.9497599,0.8121074,0.97154504,0.8137677,0.9343108,0.79319346,0.9546151,0.7905976,0.93121123,0.79208314,0.9476965,0.7681405,0.91616297,0.76805454,0.93818337
2025-01-01 20:34:00,0.82965815,0.98954266,0.836393,0.96305305,0.822037,0.97095823,0.81915385,0.9490226,0.81138974,0.9708445,0.8130901,0.9336395,0.7925717,0.9540231,0.79008996,0.9306504,0.7915733,0.94722134,0.76777405,0.9156962,0.7677639,0.9378091
2025-01-01 20:35:00,0.8291505,0.9890169,0.8358499,0.962552,0.82149404,0.970488,0.8186344,0.94853956,0.8109191,0.9703847,0.81264514,0.93319863,0.79216325,0.95363414,0.78975624,0.93028253,0.7912392,0.9469105,0.7675346,0.9153924,0.7675752,0.93756694
2025-01-01 20:36:00,0.8288214,0.9886752,0.8354961,0.96222496,0.821139,0.9701795,0.81829345,0.9482217,0.8106089,0.9700813,0.8123513,0.93290746,0.79189324,0.9533772,0.7895356,0.93004024,0.79101944,0.9467065,0.76737773,0.9151944,0.7674529,0.9374106
2025-01-01 20:37:00,0.8286084,0.98845315,0.8352655,0.962011,0.82090604,0.96997625,0.81806844,0.9480112,0.81040317,0.96987975,0.8121557,0.9327136,0.7917134,0.953206,0.7893884,0.9298795,0.790874,0.94657195,0.76727456,0.9150652,0.76737374,0.9373101
2025-01-01 20:38:00,0.82847077,0.9883089,0.8351149,0.9618704,0.8207525,0.96984124,0.81791866,0.94787055,0.8102651,0.96974415,0.812024,0.93258315,0.79159206,0.95309067,0.789289,0.9297718,0.7907768,0.9464825,0.76720625,0.9149809,0.76732266,0.93724585
2025-01-01 20:39:00,0.82838213,0.9882152,0.83501625,0.96177745,0.82065046,0.96975064,0.817818,0.94777524,0.8101711,0.9696516,0.81193376,0.93249375,0.79150885,0.9530116,0.78922075,0.92969865,0.79071105,0.94642246,0.7671607,0.91492563,0.76728976,0.93720526
2025-01-01 20:40:00,0.8283253,0.98815435,0.83495134,0.9617156,0.8205819,0.9696889,0.8177491,0.9477094,0.81010586,0.96958697,0.8118706,0.9324311,0.7914503,0.9529561,0.78917265,0.9296479,0.79066575,0.9463815,0.7671299,0.9148893,0.7672688,0.93718
2025-01-01 20:41:00,0.8282891,0.9881148,0.8349084,0.96167386,0.8205351,0.96964586,0.8177008,0.94766265,0.81005913,0.9695404,0.811825,0.93238586,0.79140794,0.9529159,0.7891377,0.9296117,0.7906337,0.946353,0.7671088,0.91486526,0.76725554,0.9371647
2025-01-01 20:42:00,0.8282663,0.988089,0.83487976,0.9616451,0.82050246,0.96961504,0.81766605,0.9476284,0.8100245,0.96950567,0.81179065,0.9323518,0.79137594,0.9528857,0.7891113,0.92958504,0.7906104,0.9463327,0.7670939,0.9148493,0.7672474,0.937156
2025-01-01 20:43:00,0.82825226,0.9880723,0.8348603,0.9616249,0.8204789,0.96959203,0.8176399,0.94760215,0.8099977,0.9694786,0.8117638,0.9323252,0.79135084,0.95286196,0.78909045,0.9295646,0.7905926,0.9463176,0.7670831,0.9148387,0.7672425,0.93715155
2025-01-01 20:44:00,0.8282439,0.9880613,0.8348468,0.9616102,0.82046133,0.96957415,0.8176195,0.9475812,0.809976,0.96945655,0.81174177,0.93230337,0.7913301,0.95284253,0.7890733,0.92954814,0.7905786,0.946306,0.76707506,0.9148314,0.7672398,0.9371499
2025-01-01 20:45:00,0.82823914,0.9880541,0.83483714,0.96159905,0.8204476,0.9695596,0.8176027,0.9475636,0.80995756,0.9694377,0.8117228,0.93228453,0.7913123,0.9528258,0.7890585,0.9295344,0.790567,0.9462966,0.76706874,0.9148264,0.7672385,0.93715006
2025-01-01 20:46:00,0.8282367,0.9880493,0.83483005,0.9615902,0.82043636,0.9695472,0.81758827,0.9475482,0.80994135,0.96942097,0.811706,0.93226784,0.79129636,0.9528109,0.7890453,0.92952234,0.79055697,0.94628876,0.76706356,0.9148229,0.76723814,0.93715143
2025-01-01 20:47:00,0.8282358,0.9880461,0.8348245,0.9615828,0.82042676,0.9695362,0.81757534,0.9475342,0.80992645,0.96940553,0.81169045,0.93225247,0.79128164,0.9527972,0.78903306,0.9295114,0.790548,0.9462819,0.7670592,0.9148203,0.76723844,0.93715364
2025-01-01 20:48:00,0.8282358,0.98804384,0.83482,0.9615763,0.8204181,0.969526,0.8175634,0.9475212,0.80991256,0.969391,0.8116757,0.9322379,0.79126775,0.95278424,0.78902155,0.9295013,0.79053974,0.94627565,0.76705533,0.91481835,0.7672392,0.9371564
2025-01-01 20:49:00,0.8282365,0.98804224,0.8348161,0.9615704,0.82041013,0.96951634,0.81755215,0.9475087,0.8098991,0.96937704,0.81166154,0.932224,0.7912544,0.95277184,0.7890104,0.9294916,0.79053193,0.94626987,0.7670519,0.9148169,0.7672403,0.9371595
2025-01-01 20:50:00,0.82823753,0.988041,0.8348127,0.96156484,0.82040256,0.9695071,0.81754124,0.94749653,0.8098861,0.96936345,0.8116478,0.9322104,0.7912414,0.95275974,0.7889997,0.9294823,0.7905244,0.94626445,0.76704866,0.9148158,0.76724154,0.93716276
2025-01-01 20:51:00,0.8282388,0.98804003,0.8348095,0.9615596,0.82039523,0.969498,0.8175306,0.9474847,0.8098733,0.9693501,0.81163424,0.932197,0.7912286,0.9527478,0.78898907,0.9294732,0.79051715,0.9462592,0.76704556,0.9148149,0.76724297,0.93716633
2025-01-01 20:52:00,0.8282401,0.98803914,0.8348064,0.96155435,0.820388,0.96948904,0.81752,0.94747293,0.8098606,0.96933687,0.81162083,0.9321838,0.79121596,0.95273614,0.7889787,0.92946434,0.7905101,0.9462541,0.76704264,0.9148142,0.7672445,0.93716997
2025-01-01 20:53:00,0.8282415,0.9880383,0.83480334,0.9615492,0.82038087,0.9694802,0.8175096,0.9474613,0.80984807,0.96932375,0.81160754,0.9321707,0.7912034,0.9527245,0.78896844,0.9294555,0.79050314,0.94624907,0.76703984,0.9148135,0.7672462,0.9371738
2025-01-01 20:54:00,0.828243,0.9880376,0.8348004,0.96154416,0.82037383,0.96947134,0.8174992,0.94744974,0.8098356,0.96931076,0.8115943,0.93215764,0.791191,0.952713,0.7889582,0.9294469,0.7904963,0.94624424,0.7670371,0.914813,0.7672479,0.93717766
2025-01-01 20:55:00,0.8282445,0.98803675,0.8347974,0.9615391,0.8203667,0.9694625,0.81748885,0.94743806,0.8098231,0.9692977,0.8115812,0.9321447,0.79117864,0.9527016,0.788948,0.92943823,0.7904895,0.9462395,0.7670345,0.91481256,0.7672497,0.93718165
2025-01-01 20:56:00,0.8282459,0.988036,0.8347944,0.96153396,0.8203596,0.96945363,0.8174785,0.9474265,0.80981064,0.9692847,0.81156796,0.93213177,0.79116625,0.9526902,0.78893787,0.9294297,0.79048276,0.94623476,0.7670319,0.91481215,0.7672516,0.9371857
2025-01-01 20:57:00,0.82824725,0.9880351,0.8347913,0.9615288,0.82035244,0.96944475,0.8174681,0.9474149,0.8097981,0.9692717,0.81155485,0.93211883,0.79115397,0.9526789,0.7889279,0.92942125,0.7904761,0.9462301,0.7670294,0.9148119,0.7672536,0.9371898
2025-01-01 20:58:00,0.8282486,0.98803425,0.83478826,0.9615236,0.82034534,0.9694359,0.8174577,0.94740325,0.80978566,0.9692587,0.81154174,0.932106,0.79114175,0.95266765,0.7889179,0.92941284,0.7904695,0.9462255,0.767027,0.9148117,0.76725554,0.937194
2025-01-01 20:59:00,0.82824993,0.98803335,0.83478516,0.96151835,0.82033813,0.96942693,0.81744725,0.9473916,0.80977315,0.96924573,0.8115286,0.93209314,0.7911295,0.9526563,0.78890795,0.9294045,0.790463,0.94622105,0.76702464,0.91481155,0.76725763,0.9371982
2025-01-01 21:00:00,0.82460535,0.98395914,0.83089507,0.9576876,0.81654364,0.9659828,0.81392866,0.94384205,0.8067641,0.9659713,0.80870855,0.9289541,0.7887028,0.950008,0.7870352,0.92687494,0.78860396,0.9442474,0.7659698,0.91277105,0.7665644,0.9356966
2025-01-01 21:01:00,0.8222367,0.98131055,0.8283654,0.95519567,0.81407464,0.96374094,0.81163794,0.94153076,0.80480397,0.96383834,0.806871,0.9269094,0.7871212,0.9482827,0.7858146,0.9252279,0.78739345,0.94296306,0.7652835,0.9114447,0.7661146,0.93472207
2025-01-01 21:02:00,0.8206975,0.97958857,0.82671994,0.95357406,0.8124672,0.9622806,0.8101453,0.9400243,0.80352545,0.9624474,0.805672,0.92557573,0.7860889,0.9471573,0.7850177,0.9241545,0.7866044,0.94212675,0.76483667,0.9105827,0.76582307,0.9340902
2025-01-01 21:03:00,0.8196973,0.9784688,0.8256492,0.95251805,0.8114197,0.9613281,0.8091713,0.93904096,0.80268997,0.96153873,0.804888,0.9247045,0.7854136,0.946422,0.7844963,0.92345387,0.7860893,0.94158167,0.7645455,0.91002244,0.76563436,0.93368113
2025-01-01 21:04:00,0.8190476,0.97774047,0.82495195,0.9518297,0.81073624,0.96070576,0.80853456,0.9383977,0.8021425,0.9609435,0.8043739,0.92413366,0.7849705,0.94594014,0.78415406,0.9229957,0.78575236,0.9412259,0.76435554,0.9096584,0.76551265,0.9334168
2025-01-01 21:05:00,0.8186255,0.9772666,0.8244976,0.95138025,0.8102894,0.960298,0.80811685,0.93797547,0.80178225,0.9605521,0.8040351,0.92375815,0.7846783,0.9456231,0.7839282,0.92269504,0.7855312,0.9409932,0.7642314,0.9094218,0.7654344,0.9332466
2025-01-01 21:06:00,0.81835145,0.9769581,0.8242009,0.95108616,0.80999625,0.9600297,0.8078416,0.9376968,0.8015436,0.96029305,0.8038103,0.92350966,0.7844841,0.9454132,0.783778,0.92249686,0.7853853,0.94084054,0.76415,0.9092682,0.7653844,0.93313766
2025-01-01 21:07:00,0.8181736,0.97675705,0.8240068,0.950893,0.809803,0.9598521,0.807659,0.93751156,0.8013841,0.9601202,0.8036596,0.92334366,0.7843537,0.94527286,0.7836771,0.9223653,0.78528833,0.9407399,0.7640965,0.9091685,0.76535285,0.93306845
2025-01-01 21:08:00,0.81805825,0.97662586,0.8238793,0.95076543,0.8096747,0.95973337,0.8075364,0.93738705,0.80127597,0.9600032,0.8035571,0.9232313,0.7842647,0.94517785,0.78360814,0.922277,0.78522325,0.9406732,0.7640611,0.9091038,0.76533324,0.9330252
2025-01-01 21:09:00,0.81798345,0.97654,0.82379514,0.95068043,0.8095886,0.95965284,0.807453,0.9373018,0.8012013,0.9599226,0.80348593,0.9231539,0.7842027,0.9451123,0.78356,0.92221683,0.78517884,0.9406284,0.7640375,0.90906197,0.76532143,0.9329988
2025-01-01 21:10:00,0.817935,0.97648364,0.82373905,0.95062315,0.80952996,0.9595972,0.807395,0.9372423,0.8011483,0.9598656,0.8034351,0.92309904,0.7841582,0.94506586,0.78352535,0.92217505,0.7851479,0.94059795,0.7640216,0.90903497,0.76531476,0.93298334
2025-01-01 21:11:00,0.81790376,0.9764464,0.8237013,0.9505838,0.8094891,0.9595577,0.80735344,0.9371995,0.8011094,0.959824,0.8033975,0.923059,0.7841251,0.94503194,0.7834996,0.9221452,0.7851258,0.9405769,0.7640107,0.9090177,0.7653114,0.93297505
2025-01-01 21:12:00,0.81788355,0.97642154,0.8236754,0.95055616,0.8094597,0.95952874,0.8073226,0.93716735,0.80107963,0.95979244,0.80336845,0.9230285,0.78409946,0.9450061,0.7834795,0.9221231,0.78510934,0.9405619,0.7640031,0.90900666,0.7653103,0.93297136
2025-01-01 21:13:00,0.8178706,0.9764048,0.8236571,0.9505361,0.8094378,0.9595065,0.8072987,0.9371423,0.80105585,0.95976734,0.80334496,0.92300427,0.7840786,0.9449855,0.78346324,0.922106,0.7850967,0.94055086,0.7639977,0.9089998,0.7653106,0.9329708
2025-01-01 21:14:00,0.8178623,0.9763932,0.8236438,0.95052093,0.8094208,0.9594887,0.8072794,0.9371218,0.80103594,0.9597464,0.80332524,0.9229841,0.7840609,0.9449684,0.7834494,0.9220923,0.78508645,0.94054246,0.76399356,0.9089956,0.76531184,0.9329722
2025-01-01 21:15:00,0.81785697,0.976385,0.82363373,0.9505089,0.809407,0.9594737,0.80726296,0.9371042,0.80101854,0.95972824,0.8033078,0.9229666,0.78404534,0.94495356,0.78343713,0.9220807,0.78507787,0.94053566,0.76399046,0.9089931,0.76531374,0.9329749
2025-01-01 21:16:00,0.8178536,0.97637904,0.82362574,0.95049894,0.8093952,0.9594606,0.8072484,0.93708867,0.8010028,0.95971185,0.80329186,0.9229508,0.78403103,0.94494015,0.7834259,0.92207056,0.78507036,0.94053006,0.76398796,0.9089919,0.765316,0.9329785
2025-01-01 21:17:00,0.8178515,0.9763744,0.82361907,0.95049024,0.8093847,0.95944875,0.80723506,0.93707424,0.8009881,0.9596966,0.80327696,0.9229361,0.7840176,0.94492775,0.7834155,0.9220614,0.7850635,0.94052523,0.76398593,0.90899146,0.76531863,0.93298274
2025-01-01 21:18:00,0.8178502,0.9763707,0.8236133,0.9504823,0.809375,0.95943755,0.8072225,0.9370606,0.80097395,0.9596821,0.80326277,0.9229222,0.7840048,0.94491595,0.78340554,0.9220528,0.7850571,0.94052094,0.7639842,0.9089915,0.76532143,0.9329873
2025-01-01 21:19:00,0.81784934,0.9763675,0.823608,0.950475,0.8093658,0.9594268,0.80721045,0.93704754,0.80096036,0.95966816,0.80324894,0.9229087,0.7839923,0.94490457,0.7833958,0.92204463,0.7850511,0.94051695,0.76398265,0.90899193,0.7653245,0.9329922
2025-01-01 21:20:00,0.8178488,0.9763646,0.823603,0.950468,0.8093569,0.9594164,0.8071987,0.9370347,0.800947,0.95965445,0.8032354,0.92289567,0.78398013,0.94489354,0.78338635,0.9220367,0.78504527,0.94051325,0.76398134,0.90899265,0.7653276,0.9329972
2025-01-01 21:21:00,0.81784844,0.97636193,0.8235982,0.9504612,0.80934834,0.9594062,0.80718714,0.9370222,0.80093384,0.959641,0.80322206,0.9228828,0.78396815,0.9448827,0.783377,0.9220291,0.78503966,0.9405097,0.7639801,0.9089935,0.76533085,0.9330025
2025-01-01 21:22:00,0.8178481,0.9763594,0.8235935,0.95045453,0.80933976,0.95939606,0.8071757,0.93700975,0.8009208,0.9596276,0.8032089,0.92287,0.7839563,0.9448719,0.7833679,0.9220216,0.7850342,0.94050634,0.76397896,0.9089945,0.7653341,0.9330078
2025-01-01 21:23:00,0.81784785,0.9763569,0.8235889,0.95044786,0.8093313,0.95938605,0.80716425,0.93699735,0.80090785,0.95961434,0.8031958,0.9228573,0.7839445,0.9448613,0.7833588,0.92201424,0.78502876,0.940503,0.7639779,0.9089956,0.76533747,0.9330132
2025-01-01 21:24:00,0.8178476,0.9763545,0.8235843,0.95044124,0.80932283,0.959376,0.8071529,0.936985,0.80089486,0.9596011,0.80318266,0.9228447,0.7839328,0.9448508,0.7833498,0.92200696,0.78502345,0.9404998,0.7639769,0.9089968,0.7653409,0.93301874
2025-01-01 21:25:00,0.8178474,0.976352,0.82357967,0.9504346,0.8093144,0.95936596,0.8071416,0.93697274,0.800882,0.959588,0.8031696,0.92283213,0.7839211,0.9448403,0.7833408,0.92199975,0.7850182,0.9404966,0.763976,0.9089981,0.7653445,0.93302435
2025-01-01 21:26:00,0.8178471,0.9763495,0.823575,0.95042795,0.8093059,0.9593559,0.8071302,0.9369604,0.80086905,0.95957476,0.8031566,0.9228197,0.7839095,0.9448299,0.78333193,0.92199254,0.785013,0.9404936,0.76397514,0.9089995,0.7653481,0.93303
2025-01-01 21:27:00,0.8178468,0.9763469,0.8235703,0.9504213,0.8092974,0.9593459,0.80711895,0.9369481,0.8008562,0.9595617,0.8031437,0.9228072,0.78389794,0.94481957,0.7833231,0.9219855,0.78500795,0.9404906,0.76397437,0.90900093,0.76535165,0.9330357
2025-01-01 21:28:00,0.8178464,0.97634435,0.82356566,0.95041454,0.8092889,0.95933574,0.8071076,0.93693584,0.8008433,0.9595486,0.8031307,0.92279476,0.7838864,0.94480926,0.78331435,0.9219785,0.78500295,0.9404877,0.76397365,0.9090024,0.76535535,0.93304145
2025-01-01 21:29:00,0.817846,0.9763417,0.8235609,0.9504078,0.80928034,0.9593257,0.8070962,0.9369235,0.80083036,0.9595355,0.80311775,0.9227824,0.7838749,0.94479895,0.7833056,0.9219715,0.78499794,0.9404848,0.763973,0.909004,0.7653591,0.9330473
2025-01-01 21:30:00,0.815017,0.97280085,0.82051766,0.947102,0.8063922,0.95649093,0.80452543,0.93396777,0.798831,0.9569108,0.8012635,0.92026055,0.7824893,0.9428111,0.782388,0.92005616,0.7841341,0.9392079,0.76391786,0.90756685,0.76561666,0.9321803
2025-01-01 21:31:00,0.8131779,0.9704983,0.81853783,0.9449508,0.80451185,0.95464486,0.8028505,0.93204224,0.79752684,0.95520014,0.8000537,0.9186171,0.7815846,0.94151545,0.7817885,0.9188088,0.78357095,0.93837696,0.76388186,0.90663326,0.76578546,0.9316188
2025-01-01 21:32:00,0.8119823,0.96900064,0.8172491,0.94355005,0.8032865,0.9534412,0.80175763,0.93078625,0.7966746,0.9540836,0.7992629,0.9175446,0.7809927,0.9406698,0.78139585,0.91799563,0.78320324,0.93783593,0.7638584,0.9060271,0.76589656,0.931256
2025-01-01 21:33:00,0.8112048,0.9680261,0.81640977,0.94263715,0.802487,0.95265526,0.8010433,0.9299655,0.7961161,0.95335335,0.79874426,0.91684306,0.7806038,0.9401165,0.78113765,0.9174648,0.7829626,0.9374834,0.76384294,0.90563375,0.76597023,0.93102235
2025-01-01 21:34:00,0.81069916,0.96739167,0.81586236,0.9420413,0.8019642,0.9521408,0.8005749,0.9294277,0.7957486,0.9528741,0.7984027,0.91638285,0.7803472,0.9397534,0.7809669,0.9171174,0.7828046,0.93725336,0.76383287,0.90537876,0.7660195,0.93087256
2025-01-01 21:35:00,0.81037027,0.96697813,0.8155047,0.9416514,0.80162126,0.95180273,0.8002664,0.9290737,0.79550517,0.9525579,0.7981762,0.9160794,0.78017646,0.93951386,0.7808529,0.9168893,0.78270024,0.937103,0.76382625,0.9052137,0.766053,0.93077743
2025-01-01 21:36:00,0.8101561,0.9667083,0.8152705,0.9413955,0.80139524,0.9515793,0.80006176,0.92883927,0.7953423,0.95234793,0.7980245,0.9158779,0.7800615,0.9393547,0.78077596,0.91673875,0.78263086,0.93700445,0.76382184,0.9051072,0.76607627,0.93071777
2025-01-01 21:37:00,0.81001663,0.96653175,0.81511635,0.94122666,0.8012452,0.95143044,0.7999247,0.9286825,0.79523194,0.95220673,0.79792136,0.91574264,0.77998286,0.9392478,0.780723,0.91663855,0.7825842,0.93693954,0.763819,0.9050387,0.7660929,0.93068117
2025-01-01 21:38:00,0.80992556,0.96641594,0.8150143,0.94111437,0.8011445,0.95133,0.79983157,0.92857623,0.7951557,0.95211047,0.79784983,0.9156504,0.7799278,0.9391749,0.78068566,0.91657126,0.78255236,0.9368966,0.7638171,0.9049949,0.7661052,0.9306596
2025-01-01 21:39:00,0.809866,0.96633947,0.81494606,0.9410388,0.8010758,0.95126104,0.7997669,0.92850274,0.7951016,0.95204324,0.7977988,0.91558623,0.77988815,0.939124,0.7806585,0.9165253,0.78253007,0.9368679,0.7638159,0.90496725,0.7661148,0.93064785
2025-01-01 21:40:00,0.80982685,0.96628857,0.81489986,0.9409871,0.8010281,0.9512125,0.79972076,0.9284506,0.7950618,0.95199496,0.7977612,0.9155403,0.77985847,0.9390875,0.780638,0.9164931,0.7825141,0.93684846,0.76381505,0.9049501,0.76612246,0.9306425
2025-01-01 21:41:00,0.80980104,0.96625435,0.8148679,0.94095093,0.8009938,0.9511773,0.7996867,0.9284123,0.7950314,0.9519591,0.79773235,0.9155062,0.7798353,0.9390604,0.7806219,0.9164701,0.78250223,0.9368351,0.7638146,0.9049397,0.7661291,0.9306413
2025-01-01 21:42:00,0.8097838,0.96623087,0.81484514,0.9409248,0.8009683,0.95115066,0.7996604,0.928383,0.79500717,0.9519311,0.797709,0.9154798,0.7798163,0.9390393,0.78060853,0.91645294,0.78249305,0.9368258,0.7638144,0.9049338,0.766135,0.9306428
2025-01-01 21:43:00,0.8097721,0.9662144,0.8148284,0.94090515,0.8009485,0.9511296,0.79963917,0.92835957,0.7949868,0.95190835,0.79768944,0.9154584,0.7798002,0.93902224,0.78059703,0.91643953,0.78248566,0.936819,0.7638144,0.90493083,0.7661404,0.9306461
2025-01-01 21:44:00,0.809764,0.96620244,0.8148156,0.9408898,0.8009324,0.9511122,0.7996212,0.9283399,0.794969,0.95188904,0.7976723,0.91544026,0.7797858,0.93900776,0.7805867,0.91642874,0.7824794,0.93681395,0.76381445,0.9049298,0.7661456,0.9306506
2025-01-01 21:45:00,0.8097583,0.9661934,0.8148052,0.9408771,0.8009187,0.95109713,0.7996054,0.92832273,0.79495287,0.9518718,0.7976566,0.9154242,0.7797726,0.93899494,0.78057724,0.91641957,0.7824739,0.93680996,0.76381457,0.90493,0.7661506,0.93065584
2025-01-01 21:46:00,0.8097541,0.9661862,0.81479645,0.9408662,0.8009065,0.95108354,0.799591,0.9283071,0.7949378,0.95185614,0.79764205,0.9154096,0.77976024,0.9389833,0.78056836,0.91641146,0.782469,0.93680674,0.7638148,0.90493107,0.76615554,0.9306616
2025-01-01 21:47:00,0.80975074,0.9661803,0.81478876,0.9408564,0.8008953,0.95107096,0.7995775,0.9282926,0.7949235,0.9518413,0.79762805,0.9153959,0.7797483,0.93897235,0.78055984,0.9164041,0.7824644,0.93680406,0.76381516,0.9049327,0.7661605,0.93066776
2025-01-01 21:48:00,0.80974805,0.9661751,0.81478167,0.9408473,0.80088466,0.9510589,0.7995645,0.9282787,0.7949096,0.9518271,0.7976145,0.91538286,0.7797368,0.938962,0.7805515,0.91639733,0.7824601,0.9368017,0.7638156,0.9049347,0.7661653,0.93067414
2025-01-01 21:49:00,0.8097457,0.9661704,0.81477505,0.9408387,0.80087453,0.95104736,0.79955184,0.92826515,0.79489595,0.95181334,0.7976013,0.91537017,0.7797255,0.93895197,0.7805434,0.9163908,0.7824559,0.9367996,0.76381606,0.90493697,0.7661702,0.9306807
2025-01-01 21:50:00,0.8097436,0.96616596,0.8147687,0.94083035,0.8008645,0.951036,0.79953945,0.9282519,0.7948826,0.9517998,0.7975882,0.91535777,0.77971435,0.9389421,0.7805354,0.9163845,0.7824519,0.9367977,0.7638166,0.90493953,0.76617515,0.9306874
2025-01-01 21:51:00,0.80974156,0.9661617,0.8147624,0.9408221,0.80085474,0.9510248,0.7995272,0.9282389,0.7948693,0.95178646,0.7975754,0.91534555,0.7797034,0.9389324,0.78052753,0.91637844,0.782448,0.93679595,0.7638172,0.90494215,0.7661801,0.9306942
2025-01-01 21:52:00,0.8097396,0.9661575,0.8147562,0.940814,0.800845,0.95101374,0.799515,0.92822593,0.794856,0.9517731,0.7975626,0.9153335,0.7796925,0.9389229,0.7805197,0.91637254,0.7824442,0.9367942,0.76381785,0.90494484,0.76618505,0.9307011
2025-01-01 21:53:00,0.8097377,0.9661534,0.8147501,0.940806,0.8008354,0.95100266,0.7995029,0.9282131,0.79484284,0.95176,0.79754984,0.91532147,0.77968156,0.9389134,0.780512,0.91636664,0.7824404,0.9367927,0.76381856,0.9049477,0.7661901,0.93070805
2025-01-01 21:54:00,0.8097358,0.9661493,0.8147439,0.9407979,0.80082566,0.9509916,0.7994908,0.9282003,0.79482967,0.9517468,0.79753715,0.91530955,0.7796708,0.93890405,0.78050435,0.91636086,0.7824368,0.9367911,0.76381934,0.9049506,0.7661952,0.9307151
2025-01-01 21:55:00,0.80973387,0.96614516,0.81473774,0.9407899,0.800816,0.95098054,0.7994787,0.9281875,0.79481655,0.95173377,0.79752445,0.9152977,0.7796601,0.9388947,0.7804968,0.91635513,0.7824332,0.93678975,0.7638202,0.90495366,0.76620036,0.93072224
2025-01-01 21:56:00,0.80973184,0.966141,0.81473154,0.9407818,0.8008062,0.95096946,0.7994666,0.92817473,0.7948035,0.9517207,0.7975119,0.91528577,0.7796494,0.93888545,0.78048927,0.91634953,0.7824297,0.93678844,0.763821,0.90495676,0.76620555,0.9307294
2025-01-01 21:57:00,0.8097298,0.9661368,0.81472534,0.9407737,0.80079657,0.9509584,0.7994545,0.9281619,0.7947904,0.95170766,0.7974993,0.91527396,0.77963877,0.9388763,0.78048176,0.9163439,0.7824262,0.9367871,0.76382196,0.90495986,0.7662108,0.9307366
2025-01-01 21:58:00,0.8097278,0.9661326,0.8147191,0.9407656,0.8007868,0.95094734,0.7994424,0.92814916,0.7947773,0.9516946,0.7974867,0.9152622,0.77962816,0.9388671,0.7804743,0.91633844,0.7824228,0.9367859,0.763823,0.9049631,0.7662161,0.9307438
2025-01-01 21:59:00,0.80972564,0.9661283,0.81471276,0.94075745,0.800777,0.9509362,0.7994303,0.92813635,0.7947642,0.9516816,0.79747415,0.9152505,0.77961755,0.938858,0.7804669,0.916333,0.78241944,0.93678474,0.76382405,0.90496635,0.76622146,0.93075114
2025-01-01 22:00:00,0.80776256,0.9631842,0.8125706,0.93803585,0.79884654,0.9487616,0.7978533,0.9258274,0.79380995,0.94975364,0.7966189,0.91339105,0.7792977,0.93756586,0.7805208,0.9150663,0.78256613,0.9362272,0.7647694,0.9041582,0.7674251,0.9305344
2025-01-01 22:01:00,0.8064858,0.9612689,0.81117594,0.9362639,0.7975883,0.9473442,0.796824,0.92432207,0.7931851,0.9484959,0.79605854,0.91217834,0.7790862,0.9367228,0.7805532,0.9142411,0.78266037,0.93586445,0.7653844,0.9036341,0.7682095,0.93039614
2025-01-01 22:02:00,0.80565494,0.9600224,0.8102671,0.93510914,0.79676694,0.9464188,0.79615057,0.9233391,0.79277444,0.94767386,0.79568994,0.911386,0.778945,0.93617177,0.7805719,0.91370285,0.78272057,0.9356284,0.7657845,0.9032947,0.7687213,0.93030894
2025-01-01 22:03:00,0.8051141,0.9592105,0.809674,0.9343556,0.7962296,0.9458135,0.7957086,0.9226957,0.7925029,0.947135,0.795446,0.910867,0.77884966,0.9358105,0.7805815,0.91335124,0.7827586,0.9354747,0.76604515,0.90307534,0.7690559,0.9302548
2025-01-01 22:04:00,0.80476165,0.9586812,0.80928624,0.9338629,0.79587674,0.945416,0.795417,0.922273,0.79232174,0.9467802,0.7952831,0.9105255,0.77878404,0.9355725,0.7805852,0.91312087,0.78278226,0.9353745,0.7662151,0.902934,0.7692755,0.9302224
2025-01-01 22:05:00,0.80453163,0.9583355,0.8090318,0.9335396,0.79564387,0.9451536,0.7952232,0.9219937,0.79219943,0.946545,0.79517287,0.91029954,0.7787378,0.93541473,0.7805852,0.9129694,0.7827967,0.9353091,0.766326,0.9028434,0.76942015,0.930204
2025-01-01 22:06:00,0.80438125,0.95810914,0.80886406,0.93332654,0.795489,0.9449792,0.7950929,0.92180765,0.79211533,0.9463876,0.79509693,0.9101486,0.7787041,0.93530923,0.7805828,0.91286916,0.782805,0.9352664,0.76639867,0.90278584,0.76951617,0.93019474
2025-01-01 22:07:00,0.80428255,0.9579603,0.80875266,0.933185,0.79538476,0.94486177,0.7950039,0.9216822,0.7920561,0.9462808,0.7950432,0.91004646,0.7786786,0.9352375,0.78057873,0.91280234,0.7828095,0.93523836,0.76644653,0.9027498,0.7695807,0.93019146
2025-01-01 22:08:00,0.80421746,0.9578619,0.80867785,0.93309,0.7953134,0.9447814,0.7949417,0.9215961,0.79201305,0.9462069,0.7950039,0.90997607,0.77865845,0.9351879,0.7805738,0.91275716,0.7828114,0.93522,0.7664782,0.90272766,0.76962477,0.93019205
2025-01-01 22:09:00,0.8041742,0.9577962,0.8086268,0.9330252,0.7952635,0.9447252,0.7948969,0.9215356,0.7919804,0.9461543,0.7949741,0.90992635,0.7786419,0.93515265,0.78056806,0.91272604,0.7828117,0.93520784,0.76649934,0.90271467,0.7696554,0.93019515
2025-01-01 22:10:00,0.80414504,0.95775175,0.8085912,0.93297994,0.79522747,0.94468457,0.7948635,0.9214918,0.79195464,0.9461156,0.79495037,0.90989006,0.77862746,0.93512666,0.78056204,0.91270417,0.7828109,0.9351998,0.76651376,0.90270764,0.7696775,0.9301999
2025-01-01 22:11:00,0.80412513,0.95772105,0.80856556,0.9329476,0.7952004,0.9446542,0.7948374,0.9214588,0.79193324,0.94608593,0.79493064,0.9098625,0.77861464,0.9351069,0.7805558,0.9126883,0.78280956,0.93519443,0.7665238,0.9027044,0.769694,0.9302058
2025-01-01 22:12:00,0.8041111,0.9576994,0.8085465,0.9329234,0.79517925,0.94463044,0.79481614,0.9214328,0.7919148,0.9460621,0.7949136,0.90984064,0.7786027,0.93509096,0.78054935,0.9126764,0.78280777,0.93519086,0.76653093,0.9027038,0.7697068,0.93021244
2025-01-01 22:13:00,0.80410093,0.95768356,0.8085316,0.9329046,0.79516184,0.9446109,0.79479796,0.9214114,0.79189825,0.9460421,0.79489815,0.9098224,0.7785915,0.9350777,0.7805429,0.91266704,0.78280574,0.9351884,0.76653624,0.90270483,0.7697173,0.9302196
2025-01-01 22:14:00,0.80409324,0.9576714,0.8085194,0.9328892,0.79514694,0.9445942,0.79478174,0.92139286,0.7918829,0.94602466,0.79488385,0.9098066,0.77858067,0.9350661,0.78053635,0.91265935,0.78280354,0.9351868,0.7665404,0.902707,0.7697263,0.93022704
2025-01-01 22:15:00,0.8040872,0.9576617,0.808509,0.93287617,0.7951336,0.94457924,0.7947669,0.92137635,0.79186827,0.9460088,0.79487026,0.9097925,0.7785702,0.9350557,0.78052986,0.9126528,0.78280133,0.9351857,0.76654387,0.90270984,0.76973426,0.93023473
2025-01-01 22:16:00,0.8040821,0.9576535,0.8084997,0.9328645,0.79512125,0.9445654,0.79475284,0.921361,0.7918542,0.945994,0.79485714,0.9097793,0.7785599,0.93504596,0.7805233,0.9126469,0.78279907,0.93518496,0.76654685,0.9027132,0.7697418,0.9302426
2025-01-01 22:17:00,0.8040777,0.9576463,0.8084911,0.93285376,0.79510957,0.94455236,0.7947393,0.9213465,0.7918405,0.9459799,0.7948444,0.90976685,0.7785498,0.9350368,0.78051686,0.9126415,0.78279686,0.9351844,0.7665495,0.9027169,0.7697488,0.9302506
2025-01-01 22:18:00,0.8040737,0.95763975,0.80848294,0.93284357,0.79509825,0.94453984,0.79472613,0.9213326,0.791827,0.94596624,0.7948318,0.9097549,0.7785398,0.93502796,0.78051037,0.9126366,0.7827946,0.9351841,0.76655203,0.9027208,0.76975566,0.93025863
2025-01-01 22:19:00,0.8040699,0.95763355,0.8084751,0.9328338,0.7950872,0.9445275,0.79471326,0.92131895,0.7918136,0.9459529,0.7948194,0.90974313,0.77852976,0.9350193,0.780504,0.9126318,0.78279245,0.9351839,0.76655453,0.9027249,0.7697624,0.9302668
2025-01-01 22:20:00,0.80406624,0.95762765,0.8084673,0.93282425,0.7950763,0.9445154,0.7947004,0.9213055,0.7918003,0.94593966,0.7948071,0.9097316,0.7785199,0.93501085,0.7804976,0.9126272,0.78279024,0.9351838,0.766557,0.9027292,0.769769,0.930275
2025-01-01 22:21:00,0.80406266,0.9576219,0.8084597,0.93281484,0.79506546,0.9445034,0.7946877,0.9212922,0.7917871,0.94592667,0.7947948,0.9097203,0.77851003,0.93500257,0.7804913,0.9126228,0.7827881,0.9351838,0.7665594,0.90273356,0.7697756,0.9302833
2025-01-01 22:22:00,0.80405915,0.9576162,0.80845207,0.9328055,0.7950548,0.9444915,0.794675,0.921279,0.791774,0.9459138,0.79478264,0.9097091,0.7785003,0.9349943,0.78048503,0.91261846,0.782786,0.93518394,0.7665618,0.902738,0.76978225,0.93029165
2025-01-01 22:23:00,0.8040556,0.9576105,0.8084445,0.9327962,0.795044,0.9444796,0.7946623,0.92126584,0.7917608,0.9459009,0.7947705,0.9096979,0.7784906,0.9349862,0.7804788,0.9126142,0.782784,0.9351841,0.7665643,0.9027425,0.76978886,0.93030006
2025-01-01 22:24:00,0.804052,0.95760477,0.8084369,0.9327868,0.7950333,0.9444677,0.79464966,0.9212528,0.79174775,0.9458881,0.7947584,0.9096868,0.7784809,0.93497807,0.78047264,0.91261005,0.7827821,0.9351844,0.76656675,0.9027471,0.7697956,0.9303085
2025-01-01 22:25:00,0.80404836,0.9575991,0.8084293,0.9327775,0.7950225,0.94445586,0.794637,0.9212397,0.7917347,0.9458753,0.79474634,0.9096758,0.7784713,0.9349701,0.7804665,0.912606,0.7827802,0.9351847,0.76656926,0.9027518,0.7698022,0.930317
2025-01-01 22:26:00,0.8040447,0.9575933,0.8084217,0.93276817,0.79501176,0.944444,0.7946244,0.9212266,0.7917216,0.94586253,0.79473436,0.9096648,0.7784617,0.93496215,0.7804604,0.91260195,0.7827783,0.9351851,0.7665719,0.9027565,0.76980895,0.9303255
2025-01-01 22:27:00,0.804041,0.95758754,0.808414,0.93275875,0.795001,0.9444321,0.79461175,0.92121357,0.7917085,0.94584984,0.7947223,0.90965384,0.7784521,0.9349542,0.7804544,0.912598,0.78277653,0.9351855,0.7665745,0.9027613,0.76981574,0.9303341
2025-01-01 22:28:00,0.80403733,0.95758176,0.8084063,0.9327494,0.7949902,0.9444202,0.79459906,0.9212005,0.7916954,0.9458371,0.79471034,0.90964293,0.7784426,0.93494636,0.78044844,0.9125941,0.78277475,0.935186,0.76657724,0.9027661,0.76982254,0.93034273
2025-01-01 22:29:00,0.8040335,0.9575759,0.80839854,0.93274,0.7949794,0.9444083,0.79458636,0.92118746,0.79168236,0.94582444,0.7946984,0.9096321,0.77843314,0.93493855,0.78044254,0.9125902,0.7827731,0.93518656,0.76658,0.902771,0.7698294,0.9303514
2025-01-01 22:30:00,0.80297154,0.9552808,0.8071957,0.9306507,0.7940411,0.9429324,0.7940312,0.9195661,0.79179037,0.94462746,0.7948572,0.9084681,0.77918476,0.9343655,0.7814668,0.9119946,0.7839278,0.93535846,0.76850915,0.9026061,0.77195776,0.93078876
2025-01-01 22:31:00,0.8022798,0.95378685,0.8064111,0.92928934,0.7934274,0.9419689,0.79366577,0.9185076,0.791856,0.943845,0.7949563,0.9077078,0.7796701,0.9339903,0.78213054,0.9116061,0.78467786,0.93547046,0.7697641,0.9025007,0.77334356,0.93107617
2025-01-01 22:32:00,0.8018288,0.9528136,0.8058983,0.9284011,0.7930247,0.9413385,0.79342383,0.917815,0.7918941,0.94333196,0.79501665,0.9072099,0.7799823,0.93374383,0.78256005,0.91135234,0.78516495,0.93554354,0.77058095,0.902434,0.7742469,0.931266
2025-01-01 22:33:00,0.8015342,0.9521789,0.80556214,0.9278204,0.79275906,0.94092447,0.7932621,0.9173603,0.79191434,0.9429942,0.79505163,0.9068824,0.78018194,0.933581,0.7828372,0.91118616,0.78548104,0.93559134,0.771113,0.90239245,0.77483654,0.9313926
2025-01-01 22:34:00,0.8013412,0.9517641,0.8053408,0.92743945,0.7925825,0.9406511,0.79315245,0.9170601,0.79192287,0.9427701,0.7950703,0.9066659,0.78030854,0.9334725,0.78301543,0.9110769,0.7856861,0.93562275,0.7714599,0.9023673,0.77522236,0.93147796
2025-01-01 22:35:00,0.8012143,0.95149237,0.8051942,0.9271885,0.79246396,0.9404692,0.79307675,0.9168604,0.79192394,0.9426201,0.79507834,0.90652144,0.78038764,0.9333994,0.7831294,0.9110047,0.78581893,0.93564355,0.7716865,0.9023528,0.7754757,0.9315366
2025-01-01 22:36:00,0.8011303,0.9513135,0.805096,0.9270219,0.7923829,0.9403467,0.7930231,0.91672605,0.79192007,0.9425182,0.7950794,0.9064238,0.7804358,0.93334925,0.7832015,0.9109566,0.7859048,0.93565744,0.77183485,0.90234524,0.7756429,0.93157786
2025-01-01 22:37:00,0.8010742,0.951195,0.8050293,0.9269103,0.79232633,0.94026285,0.7929837,0.9166341,0.7919129,0.94244754,0.795076,0.9063567,0.780464,0.93331414,0.78324646,0.9109242,0.7859603,0.93566686,0.7719325,0.9023422,0.77575415,0.9316079
2025-01-01 22:38:00,0.80103624,0.9511157,0.804983,0.92683417,0.7922856,0.940204,0.79295367,0.9165697,0.7919038,0.9423973,0.79506963,0.90630937,0.7804791,0.93328875,0.7832739,0.91090196,0.78599596,0.9356733,0.77199715,0.90234214,0.775829,0.9316306
2025-01-01 22:39:00,0.80100995,0.95106196,0.80495006,0.9267813,0.7922553,0.9401615,0.7929296,0.91652334,0.7918933,0.9423602,0.79506147,0.9062749,0.78048575,0.9332697,0.7832898,0.9108864,0.7860188,0.93567795,0.77204037,0.90234405,0.77588034,0.93164855
2025-01-01 22:40:00,0.8009913,0.9510247,0.80492574,0.92674345,0.7922317,0.9401297,0.79290944,0.9164886,0.79188186,0.94233173,0.7950521,0.9062489,0.780487,0.9332547,0.7832984,0.91087514,0.78603333,0.93568146,0.7720697,0.9023472,0.7759163,0.93166345
2025-01-01 22:41:00,0.80097765,0.95099825,0.80490696,0.9267153,0.7922123,0.94010466,0.7928919,0.9164614,0.79187,0.9423089,0.7950419,0.90622836,0.7804847,0.9332425,0.78330207,0.9108668,0.78604245,0.93568414,0.77208996,0.90235126,0.77594227,0.9316764
2025-01-01 22:42:00,0.8009671,0.95097876,0.8048918,0.9266936,0.7921958,0.9400841,0.79287595,0.91643924,0.7918577,0.94228965,0.79503125,0.9062114,0.78048,0.9332321,0.78330266,0.9108603,0.78604805,0.9356864,0.7721044,0.90235585,0.7759618,0.931688
2025-01-01 22:43:00,0.8009587,0.95096374,0.80487907,0.926676,0.79218113,0.94006646,0.79286104,0.9164201,0.79184514,0.9422728,0.79502034,0.9061967,0.78047395,0.9332229,0.7833013,0.91085505,0.7860515,0.93568844,0.77211505,0.9023608,0.77597725,0.93169886
2025-01-01 22:44:00,0.80095154,0.95095164,0.80486774,0.9266609,0.7921676,0.94005066,0.7928469,0.9164032,0.7918325,0.94225746,0.79500914,0.9061835,0.78046685,0.93321437,0.7832987,0.9108506,0.7860535,0.9356902,0.7721233,0.9023661,0.7759899,0.9317092
2025-01-01 22:45:00,0.8009452,0.9509414,0.8048574,0.9266476,0.79215485,0.9400361,0.79283315,0.9163875,0.7918197,0.94224316,0.79499793,0.9061714,0.7804593,0.93320644,0.78329515,0.9108467,0.7860545,0.935692,0.7721299,0.9023716,0.77600086,0.9317192
2025-01-01 22:46:00,0.80093944,0.9509323,0.80484766,0.92663544,0.7921425,0.94002235,0.79281974,0.91637284,0.7918069,0.94222957,0.7949866,0.90615994,0.78045124,0.9331989,0.7832912,0.9108432,0.78605497,0.9356937,0.77213556,0.9023771,0.7760107,0.93172896
2025-01-01 22:47:00,0.80093396,0.95092404,0.8048383,0.92662394,0.79213053,0.94000906,0.7928065,0.91635865,0.791794,0.9422164,0.79497516,0.90614885,0.780443,0.9331916,0.78328687,0.9108399,0.7860551,0.93569535,0.77214056,0.90238285,0.7760198,0.9317387
2025-01-01 22:48:00,0.8009287,0.9509163,0.8048292,0.9266129,0.7921187,0.9399961,0.79279333,0.9163448,0.7917811,0.9422035,0.7949638,0.9061382,0.78043467,0.93318444,0.78328234,0.9108369,0.78605497,0.9356971,0.7721452,0.9023887,0.77602845,0.9317483
2025-01-01 22:49:00,0.8009235,0.9509088,0.8048202,0.9266021,0.79210705,0.93998337,0.7927803,0.9163313,0.79176825,0.9421908,0.7949524,0.9061277,0.78042626,0.9331774,0.7832778,0.91083395,0.78605473,0.9356988,0.7721496,0.90239453,0.77603686,0.93175787
2025-01-01 22:50:00,0.80091846,0.95090145,0.80481124,0.9265915,0.79209536,0.9399707,0.7927673,0.9163179,0.7917554,0.94217825,0.794941,0.9061173,0.78041774,0.93317044,0.78327316,0.91083115,0.7860545,0.93570054,0.77215385,0.9024005,0.77604514,0.93176746
2025-01-01 22:51:00,0.80091333,0.9508942,0.80480236,0.926581,0.7920838,0.9399581,0.79275423,0.9163046,0.79174244,0.9421658,0.7949296,0.90610707,0.7804093,0.93316364,0.7832685,0.9108285,0.7860542,0.9357024,0.7721581,0.9024065,0.7760533,0.93177706
2025-01-01 22:52:00,0.80090827,0.950887,0.80479354,0.9265706,0.79207224,0.9399456,0.79274124,0.91629136,0.79172957,0.94215345,0.79491824,0.9060969,0.7804008,0.9331569,0.78326386,0.91082585,0.7860539,0.93570423,0.7721622,0.9024126,0.7760614,0.9317867
2025-01-01 22:53:00,0.80090314,0.9508798,0.80478466,0.9265601,0.79206055,0.93993306,0.7927283,0.91627824,0.7917167,0.9421411,0.7949069,0.90608674,0.78039235,0.9331502,0.7832593,0.9108233,0.78605366,0.93570614,0.77216643,0.90241873,0.7760696,0.9317964
2025-01-01 22:54:00,0.8008979,0.95087266,0.8047757,0.9265497,0.792049,0.9399206,0.7927153,0.916265,0.7917038,0.9421288,0.79489565,0.9060767,0.78038394,0.9331436,0.7832547,0.91082084,0.7860535,0.9357081,0.7721706,0.90242493,0.7760776,0.9318061
2025-01-01 22:55:00,0.8008927,0.95086545,0.80476683,0.9265392,0.79203737,0.9399081,0.7927024,0.9162519,0.79169095,0.94211656,0.7948843,0.9060667,0.78037554,0.933137,0.78325015,0.91081846,0.78605324,0.93571013,0.7721749,0.9024312,0.77608585,0.9318158
2025-01-01 22:56:00,0.8008875,0.95085824,0.8047579,0.92652875,0.79202574,0.93989563,0.7926894,0.9162388,0.79167813,0.94210434,0.7948731,0.90605676,0.7803672,0.9331305,0.7832457,0.9108161,0.7860531,0.9357122,0.7721791,0.90243745,0.77609396,0.9318256
2025-01-01 22:57:00,0.8008822,0.950851,0.8047489,0.9265183,0.7920141,0.9398831,0.7926764,0.9162257,0.79166526,0.9420921,0.7948619,0.9060469,0.7803589,0.93312407,0.7832412,0.9108138,0.78605306,0.93571436,0.7721834,0.90244377,0.7761021,0.93183535
2025-01-01 22:58:00,0.80087686,0.9508437,0.8047399,0.9265078,0.79200244,0.9398706,0.7926634,0.91621256,0.79165244,0.94207996,0.7948507,0.90603703,0.7803506,0.9331176,0.7832368,0.91081154,0.786053,0.93571657,0.77218777,0.90245014,0.77611035,0.9318452
2025-01-01 22:59:00,0.8008715,0.95083636,0.8047308,0.9264972,0.7919907,0.9398581,0.7926504,0.9161995,0.7916397,0.9420678,0.79483956,0.9060272,0.7803424,0.93311125,0.7832325,0.9108094,0.78605306,0.9357188,0.7721922,0.9024566,0.77611864,0.9318551
2025-01-01 23:00:00,0.80072945,0.94923115,0.80448884,0.92507786,0.7920615,0.9391073,0.793127,0.91529477,0.7928081,0.9416233,0.79600996,0.9055793,0.7821524,0.93326724,0.78520924,0.91089565,0.7881954,0.9366173,0.77507097,0.9029381,0.779134,0.932939
2025-01-01 23:01:00,0.8006352,0.94818515,0.80432826,0.92415154,0.79210335,0.9386149,0.7934322,0.91470206,0.7935631,0.94133013,0.79676676,0.90528476,0.7833261,0.9333665,0.78649265,0.910951,0.7895879,0.9372023,0.7769438,0.9032534,0.78109694,0.93364704
2025-01-01 23:02:00,0.800572,0.94750255,0.8042207,0.92354566,0.7921265,0.9382905,0.793626,0.91431224,0.79404944,0.94113535,0.7972549,0.90509,0.78408617,0.9334288,0.7873254,0.91098636,0.79049325,0.9375834,0.7781627,0.9034607,0.7823758,0.93411076
2025-01-01 23:03:00,0.8005289,0.94705623,0.8041475,0.92314816,0.7921373,0.9380752,0.7937475,0.91405433,0.79436105,0.9410046,0.7975684,0.90496004,0.7845775,0.93346727,0.78786534,0.9110087,0.7910818,0.93783194,0.77895665,0.9035978,0.78321004,0.9344157
2025-01-01 23:04:00,0.80049884,0.94676346,0.80409664,0.9228859,0.7921402,0.93793076,0.7938219,0.91388214,0.7945592,0.94091535,0.79776824,0.9048722,0.784894,0.9334901,0.7882149,0.9110226,0.79146445,0.9379945,0.77947444,0.9036892,0.78375536,0.9346175
2025-01-01 23:05:00,0.80047727,0.94657046,0.80406034,0.92271173,0.7921379,0.9378325,0.79386556,0.91376555,0.7946835,0.9408532,0.79789436,0.9048118,0.78509706,0.9335029,0.78844076,0.911031,0.7917134,0.93810105,0.77981263,0.9037511,0.78411275,0.9347522
2025-01-01 23:06:00,0.8004612,0.94644225,0.8040334,0.9225947,0.79213226,0.93776417,0.79388946,0.91368526,0.79475987,0.9408086,0.79797256,0.90476924,0.78522635,0.9335091,0.78858626,0.9110359,0.7918754,0.93817127,0.7800342,0.90379363,0.78434813,0.93484336
2025-01-01 23:07:00,0.8004487,0.94635624,0.8040126,0.92251486,0.7921244,0.9377153,0.79390043,0.91362846,0.7948051,0.9407754,0.7980196,0.90473825,0.7853076,0.93351114,0.7886794,0.9110385,0.7919809,0.93821794,0.78018,0.9038238,0.7845041,0.9349062
2025-01-01 23:08:00,0.80043846,0.9462975,0.8039957,0.9224592,0.7921151,0.9376791,0.79390293,0.9135869,0.79483,0.94074965,0.79804635,0.9047148,0.7853577,0.9335104,0.78873867,0.91103965,0.79204977,0.93824923,0.7802765,0.9038458,0.78460866,0.9349506
2025-01-01 23:09:00,0.8004297,0.9462567,0.8039814,0.9224191,0.7921049,0.9376511,0.7939,0.91355544,0.7948418,0.9407288,0.79806,0.9046963,0.78538764,0.93350786,0.7887759,0.9110399,0.7920947,0.93827057,0.7803409,0.90386254,0.78467965,0.9349831
2025-01-01 23:10:00,0.8004219,0.9462273,0.8039688,0.9223892,0.792094,0.93762845,0.7938936,0.9135304,0.7948451,0.9407111,0.79806507,0.90468097,0.7854044,0.9335043,0.78879887,0.91103953,0.7921242,0.9382855,0.7803846,0.9038759,0.7847289,0.9350078
2025-01-01 23:11:00,0.8004147,0.9462054,0.8039572,0.92236596,0.7920827,0.9376093,0.7938848,0.9135095,0.7948427,0.9406954,0.79806465,0.9046678,0.78541267,0.93349993,0.7888125,0.91103876,0.7921437,0.9382964,0.7804148,0.9038871,0.78476393,0.9350275
2025-01-01 23:12:00,0.8004078,0.94618833,0.8039463,0.92234695,0.79207116,0.9375923,0.79387456,0.9134914,0.7948369,0.9406811,0.7980606,0.90465593,0.78541535,0.9334951,0.7888202,0.9110378,0.79215664,0.9383044,0.7804363,0.90389687,0.7847899,0.935044
2025-01-01 23:13:00,0.8004013,0.94617444,0.80393577,0.92233074,0.7920594,0.9375769,0.79386324,0.9134751,0.7948286,0.9406677,0.7980543,0.9046451,0.7854145,0.93349004,0.78882396,0.9110368,0.7921654,0.9383108,0.780452,0.9039057,0.7848099,0.93505836
2025-01-01 23:14:00,0.8003947,0.9461626,0.8039256,0.9223163,0.79204756,0.93756235,0.7938513,0.9134599,0.7948188,0.94065475,0.79804647,0.9046348,0.7854113,0.9334849,0.78882515,0.9110356,0.7921714,0.93831605,0.7804641,0.903914,0.78482604,0.9350713
2025-01-01 23:15:00,0.80038834,0.946152,0.8039155,0.922303,0.7920355,0.9375484,0.79383904,0.91344553,0.79480815,0.94064236,0.79803765,0.9046249,0.7854067,0.93347955,0.7888248,0.91103446,0.7921757,0.9383205,0.7804739,0.903922,0.7848397,0.93508345
2025-01-01 23:16:00,0.80038196,0.94614226,0.80390555,0.9222905,0.79202354,0.93753487,0.79382646,0.91343164,0.79479676,0.9406302,0.79802823,0.9046153,0.7854011,0.93347424,0.7888234,0.9110334,0.7921789,0.93832463,0.7804821,0.9039297,0.78485173,0.935095
2025-01-01 23:17:00,0.8003755,0.946133,0.8038956,0.9222785,0.79201144,0.93752164,0.79381365,0.913418,0.79478496,0.9406181,0.79801846,0.9046059,0.7853949,0.93346894,0.7888214,0.91103226,0.79218143,0.9383285,0.7804894,0.90393734,0.78486276,0.9351062
2025-01-01 23:18:00,0.8003691,0.9461241,0.8038856,0.9222668,0.79199934,0.93750846,0.7938007,0.9134046,0.7947729,0.94060624,0.7980084,0.9045966,0.78538835,0.9334636,0.78881896,0.91103125,0.79218346,0.9383322,0.78049606,0.9039449,0.7848732,0.9351173
2025-01-01 23:19:00,0.8003626,0.94611543,0.8038757,0.92225516,0.7919872,0.9374954,0.7937878,0.9133914,0.79476076,0.9405945,0.79799825,0.9045875,0.78538156,0.93345827,0.7888162,0.9110302,0.79218525,0.93833584,0.7805023,0.9039524,0.7848831,0.93512815
2025-01-01 23:20:00,0.80035615,0.9461068,0.80386573,0.9222437,0.79197496,0.9374825,0.7937747,0.9133782,0.7947485,0.94058275,0.797988,0.90457845,0.78537464,0.933453,0.7888134,0.9110292,0.79218686,0.9383395,0.78050834,0.90395993,0.7848928,0.93513894
2025-01-01 23:21:00,0.8003496,0.94609827,0.8038558,0.9222323,0.79196274,0.93746954,0.79376173,0.9133651,0.79473615,0.94057107,0.7979777,0.90456945,0.7853676,0.9334478,0.7888105,0.91102827,0.7921884,0.93834305,0.7805143,0.9039675,0.7849024,0.9351497
2025-01-01 23:22:00,0.80034304,0.94608974,0.8038458,0.9222209,0.7919505,0.93745667,0.7937486,0.9133521,0.7947237,0.9405594,0.7979673,0.90456045,0.78536063,0.9334426,0.7888076,0.9110274,0.79218996,0.9383466,0.78052014,0.9039751,0.7849119,0.93516046
2025-01-01 23:23:00,0.8003364,0.9460813,0.8038358,0.92220956,0.79193825,0.93744373,0.79373556,0.913339,0.7947113,0.9405478,0.79795706,0.9045516,0.78535366,0.93343747,0.78880465,0.9110266,0.79219145,0.9383503,0.7805259,0.9039827,0.7849213,0.93517125
2025-01-01 23:24:00,0.80032974,0.94607276,0.80382574,0.9221982,0.79192597,0.93743086,0.79372245,0.9133261,0.79469895,0.94053626,0.79794675,0.9045428,0.7853466,0.93343234,0.7888017,0.9110258,0.792193,0.93835396,0.78053176,0.9039903,0.7849307,0.9351821
2025-01-01 23:25:00,0.80032307,0.9460642,0.80381566,0.9221868,0.7919137,0.937418,0.79370934,0.9133131,0.7946865,0.9405247,0.79793644,0.90453404,0.7853397,0.93342733,0.7887989,0.9110251,0.7921946,0.93835765,0.78053755,0.903998,0.7849401,0.9351928
2025-01-01 23:26:00,0.8003163,0.9460556,0.8038056,0.92217547,0.79190135,0.93740505,0.7936962,0.9133002,0.79467416,0.94051325,0.7979262,0.9045253,0.78533274,0.9334224,0.78879607,0.91102445,0.79219615,0.9383614,0.78054345,0.90400577,0.7849496,0.9352037
2025-01-01 23:27:00,0.8003095,0.94604695,0.8037954,0.922164,0.791889,0.9373921,0.7936832,0.9132873,0.79466176,0.9405018,0.79791594,0.9045166,0.7853258,0.93341744,0.78879327,0.91102386,0.79219776,0.9383652,0.78054935,0.9040135,0.7849591,0.9352145
2025-01-01 23:28:00,0.8003026,0.9460383,0.8037852,0.9221526,0.7918767,0.93737924,0.79367,0.91327435,0.79464936,0.9404903,0.7979058,0.90450794,0.785319,0.93341255,0.7887905,0.9110233,0.7921995,0.9383691,0.78055525,0.9040213,0.78496855,0.93522537
2025-01-01 23:29:00,0.8002957,0.9460296,0.80377495,0.92214113,0.7918643,0.9373663,0.79365695,0.9132615,0.7946371,0.9404789,0.79789567,0.90449935,0.7853122,0.9334078,0.78878784,0.91102284,0.7922012,0.93837297,0.78056127,0.9040292,0.7849781,0.9352363
2025-01-01 23:30:00,0.80107623,0.9451434,0.80449814,0.9214171,0.7929428,0.9373543,0.7951568,0.9130898,0.7968449,0.94079494,0.8000563,0.90477604,0.78814775,0.93429035,0.7916813,0.9117893,0.7952923,0.93998176,0.7843377,0.90514857,0.788826,0.93694705
2025-01-01 23:31:00,0.8015811,0.94456416,0.8049646,0.92094254,0.79363954,0.93734205,0.796127,0.91297376,0.79827577,0.94099647,0.8014572,0.90495294,0.7899886,0.93486243,0.7935612,0.9122874,0.7973023,0.94102895,0.78679454,0.90587896,0.7913305,0.9380629
2025-01-01 23:32:00,0.80190676,0.9441846,0.8052641,0.92063,0.794088,0.9373295,0.7967532,0.9128938,0.7992015,0.9411235,0.80236435,0.905065,0.7911828,0.93523264,0.79478234,0.9126111,0.79860944,0.941711,0.7883937,0.9063565,0.79296184,0.9387921
2025-01-01 23:33:00,0.8021159,0.9439348,0.8054552,0.92042273,0.7943751,0.9373168,0.7971556,0.9128373,0.7997989,0.94120204,0.8029505,0.90513486,0.7919568,0.9354717,0.79557514,0.91282153,0.7994598,0.9421559,0.78943527,0.9066698,0.7940256,0.93926996
2025-01-01 23:34:00,0.8022493,0.9437692,0.8055757,0.920284,0.7945574,0.93730396,0.7974126,0.9127961,0.800183,0.94124925,0.80332804,0.9051774,0.7924576,0.9356256,0.7960897,0.91295826,0.8000133,0.94244653,0.7901145,0.9068763,0.7947205,0.9395845
2025-01-01 23:35:00,0.8023335,0.9436585,0.8056504,0.9201896,0.7946715,0.9372911,0.797575,0.91276485,0.8004284,0.941276,0.80357,0.90520215,0.7927809,0.9357241,0.79642344,0.91304713,0.80037385,0.94263697,0.79055834,0.9070135,0.7951756,0.9397929
2025-01-01 23:36:00,0.80238557,0.94358325,0.80569524,0.9201243,0.7947413,0.93727815,0.797676,0.91274005,0.80058366,0.9412895,0.8037238,0.9052154,0.7929888,0.93578655,0.7966395,0.9131049,0.800609,0.9427624,0.790849,0.90710545,0.7954749,0.93993217
2025-01-01 23:37:00,0.8024169,0.9435312,0.8057207,0.9200777,0.7947822,0.9372652,0.7977371,0.91271937,0.8006803,0.9412944,0.8038204,0.9052211,0.79312176,0.9358257,0.7967793,0.91314244,0.80076265,0.9428454,0.7910402,0.90716815,0.7956729,0.94002664
2025-01-01 23:38:00,0.8024347,0.94349414,0.8057335,0.92004323,0.7948044,0.9372522,0.7977722,0.91270155,0.8007389,0.94129366,0.80387974,0.905222,0.7932059,0.9358496,0.79686934,0.91316694,0.8008633,0.94290096,0.7911668,0.90721184,0.7958051,0.940092
2025-01-01 23:39:00,0.8024436,0.94346684,0.8057381,0.92001677,0.79481447,0.9372392,0.79779047,0.9126854,0.8007727,0.9412893,0.8039149,0.90521973,0.7932585,0.9358637,0.7969273,0.9131829,0.8009296,0.9429387,0.79125136,0.90724313,0.7958945,0.9401384
2025-01-01 23:40:00,0.8024468,0.9434459,0.80573744,0.9199954,0.7948166,0.93722624,0.7977978,0.9126705,0.80079055,0.94128263,0.80393434,0.90521544,0.7932905,0.9358714,0.79696417,0.91319335,0.8009736,0.94296473,0.79130864,0.90726644,0.79595613,0.94017255
2025-01-01 23:41:00,0.8024462,0.94342905,0.80573314,0.91997737,0.7948135,0.9372132,0.7977979,0.91265637,0.80079794,0.94127446,0.80394363,0.90520984,0.79330915,0.935875,0.7969875,0.9132003,0.80100304,0.9429834,0.7913482,0.9072846,0.7959997,0.9401987
2025-01-01 23:42:00,0.80244315,0.94341475,0.80572665,0.9199615,0.79480714,0.9372001,0.7977934,0.9126427,0.8007985,0.9412653,0.8039463,0.90520346,0.7933191,0.93587595,0.797002,0.9132049,0.8010231,0.94299716,0.7913763,0.90729934,0.79603153,0.9402197
2025-01-01 23:43:00,0.8024385,0.9434023,0.8057186,0.9199471,0.7947986,0.93718714,0.79778594,0.91262937,0.80079466,0.9412555,0.80394477,0.90519655,0.7933235,0.9358752,0.79701084,0.9132081,0.8010371,0.9430077,0.7913969,0.907312,0.79605573,0.9402373
2025-01-01 23:44:00,0.8024328,0.9433909,0.8057096,0.91993344,0.79478854,0.937174,0.7977765,0.9126163,0.8007879,0.9412453,0.8039404,0.90518934,0.7933243,0.9358733,0.79701596,0.91321033,0.8010471,0.94301635,0.7914127,0.9073232,0.7960751,0.9402528
2025-01-01 23:45:00,0.8024263,0.9433801,0.8057,0.91992044,0.79477763,0.937161,0.7977658,0.9126033,0.8007794,0.9412349,0.8039343,0.9051818,0.79332274,0.93587077,0.7970187,0.913212,0.8010546,0.9430236,0.7914254,0.9073335,0.7960912,0.9402668
2025-01-01 23:46:00,0.80241936,0.94336987,0.80569,0.91990787,0.7947661,0.937148,0.7977543,0.91259044,0.8007697,0.94122434,0.80392694,0.9051743,0.7933197,0.9358677,0.7970199,0.91321325,0.8010604,0.94303006,0.791436,0.90734327,0.79610527,0.9402799
2025-01-01 23:47:00,0.8024121,0.9433598,0.80567956,0.9198954,0.79475415,0.93713486,0.7977422,0.9125776,0.80075926,0.9412137,0.8039189,0.9051667,0.79331565,0.9358645,0.79702014,0.9132143,0.80106515,0.943036,0.79144543,0.9073527,0.796118,0.94029254
2025-01-01 23:48:00,0.80240464,0.94334996,0.805669,0.9198832,0.7947419,0.93712187,0.7977298,0.9125649,0.8007482,0.941203,0.8039104,0.90515906,0.793311,0.93586105,0.7970198,0.9132153,0.8010693,0.9430417,0.79145396,0.90736187,0.79612994,0.9403047
2025-01-01 23:49:00,0.802397,0.94334024,0.8056583,0.919871,0.79472953,0.93710876,0.79771715,0.9125522,0.80073696,0.94119227,0.80390155,0.90515137,0.793306,0.93585753,0.79701906,0.9132161,0.8010731,0.9430471,0.791462,0.907371,0.7961413,0.94031674
2025-01-01 23:50:00,0.80238926,0.94333047,0.80564743,0.9198589,0.79471695,0.9370957,0.79770446,0.91253954,0.8007255,0.94118154,0.8038926,0.9051438,0.79330075,0.9358541,0.7970181,0.91321695,0.80107653,0.9430525,0.7914697,0.90738,0.7961523,0.94032854
2025-01-01 23:51:00,0.80238134,0.94332075,0.80563664,0.91984683,0.7947044,0.93708265,0.7976915,0.9125269,0.80071384,0.9411709,0.80388355,0.9051362,0.79329544,0.93585056,0.79701704,0.91321784,0.80107987,0.9430577,0.7914772,0.9073889,0.7961631,0.9403403
2025-01-01 23:52:00,0.8023734,0.9433111,0.8056257,0.9198347,0.7946917,0.93706954,0.79767865,0.91251427,0.8007022,0.9411602,0.80387443,0.90512866,0.79329,0.93584704,0.7970159,0.9132188,0.80108315,0.943063,0.7914846,0.90739787,0.79617375,0.940352
2025-01-01 23:53:00,0.8023654,0.9433013,0.8056147,0.9198226,0.794679,0.9370564,0.79766566,0.9125017,0.80069053,0.94114953,0.8038654,0.90512115,0.79328454,0.9358436,0.79701465,0.91321975,0.8010864,0.94306827,0.791492,0.90740687,0.79618436,0.9403637
2025-01-01 23:54:00,0.8023574,0.9432916,0.8056036,0.9198105,0.7946663,0.93704337,0.7976527,0.9124891,0.8006788,0.94113886,0.80385625,0.90511364,0.79327905,0.93584013,0.79701346,0.9132207,0.8010897,0.94307363,0.7914993,0.90741587,0.7961949,0.9403754
2025-01-01 23:55:00,0.8023492,0.9432819,0.80559254,0.9197983,0.7946535,0.93703026,0.79763967,0.91247654,0.8006671,0.94112825,0.80384713,0.9051062,0.79327357,0.93583673,0.7970123,0.9132217,0.801093,0.943079,0.7915066,0.9074249,0.79620546,0.9403871
2025-01-01 23:56:00,0.80234104,0.94327205,0.8055814,0.9197862,0.79464066,0.9370172,0.7976267,0.91246396,0.80065536,0.94111764,0.803838,0.90509886,0.7932682,0.9358334,0.7970112,0.9132228,0.8010963,0.94308436,0.791514,0.9074339,0.7962161,0.9403988
2025-01-01 23:57:00,0.8023328,0.9432622,0.8055703,0.91977406,0.7946279,0.9370041,0.7976137,0.91245145,0.8006437,0.94110715,0.80382895,0.9050915,0.79326284,0.9358301,0.7970101,0.9132239,0.80109966,0.9430898,0.79152143,0.907443,0.7962267,0.94041055
2025-01-01 23:58:00,0.8023246,0.9432524,0.80555904,0.91976184,0.79461503,0.936991,0.7976007,0.9124389,0.800632,0.94109666,0.8038199,0.9050842,0.7932575,0.93582684,0.7970091,0.9132251,0.801103,0.9430952,0.7915288,0.90745217,0.7962373,0.9404223
2025-01-01 23:59:00,0.80231625,0.94324243,0.8055479,0.9197497,0.7946022,0.93697786,0.7975877,0.9124264,0.8006203,0.9410862,0.80381095,0.905077,0.79325217,0.9358237,0.7970081,0.9132263,0.80110645,0.94310075,0.7915363,0.90746135,0.7962479,0.94043404
