TIME,C_001_v000,C_001_v001,C_001_v002,C_002_v000,C_002_v001,C_002_v002,C_005_v000,C_005_v001,C_005_v002,C_008_v000,C_008_v001,C_008_v002,C_014_v000,C_014_v001,C_014_v002,C_016_v000,C_016_v001,C_016_v002,C_017_v000,C_017_v001,C_017_v002,C_019_v000,C_019_v001,C_019_v002,C_021_v000,C_021_v001,C_021_v002,C_022_v000,C_022_v001,C_022_v002,C_023_v000,C_023_v001,C_023_v002
2025-01-01 00:01:00,0.8540426,0.9556414,1.007193,0.84620667,0.9476973,0.9991967,0.8522787,0.9538878,0.9915579,0.8451166,0.947018,0.99900544,0.85323715,0.94147474,0.99378514,0.84858674,0.9510548,1.00355,0.84456503,0.94705534,0.9995153,0.854292,0.9565864,1.0088063,0.8489993,0.9509669,1.002849,0.85637236,0.95802754,0.99562424,0.8486901,0.9501862,1.0016769
2025-01-01 00:02:00,0.85403293,0.95563036,1.0071809,0.84619355,0.9476842,0.9991841,0.85226804,0.9538785,0.9915503,0.845113,0.9470166,0.9990063,0.8532423,0.9414818,0.993794,0.84859836,0.9510673,1.003563,0.8445779,0.9470676,0.9995266,0.85430044,0.95659304,1.008811,0.84899956,0.9509649,1.0028448,0.8563643,0.9580178,0.9956132,0.84867734,0.95017314,1.0016639
2025-01-01 00:03:00,0.8540233,0.9556194,1.0071688,0.8461805,0.94767123,0.9991715,0.8522573,0.9538693,0.99154276,0.84510946,0.9470153,0.9990071,0.85324746,0.941489,0.9938029,0.8486099,0.9510798,1.003576,0.8445907,0.94707984,0.9995378,0.8543088,0.9565996,1.0088155,0.8489998,0.9509629,1.0028406,0.85635626,0.9580081,0.99560213,0.8486646,0.95016,1.0016509
2025-01-01 00:04:00,0.85401356,0.9556083,1.0071567,0.8461674,0.9476582,0.99915886,0.8522467,0.9538601,0.99153525,0.845106,0.947014,0.99900806,0.8532527,0.9414962,0.99381185,0.84862155,0.95109224,1.003589,0.8446036,0.94709206,0.9995491,0.8543171,0.9566061,1.00882,0.8489999,0.9509608,1.0028363,0.8563481,0.95799834,0.99559104,0.84865177,0.950147,1.0016378
2025-01-01 00:05:00,0.85400385,0.9555972,1.0071446,0.8461543,0.9476452,0.9991463,0.85223603,0.9538509,0.9915278,0.84510255,0.9470127,0.999009,0.853258,0.94150347,0.99382085,0.8486332,0.95110476,1.003602,0.8446164,0.9471043,0.9995603,0.8543255,0.9566126,1.0088245,0.849,0.95095867,1.002832,0.85633993,0.95798856,0.9955799,0.84863895,0.95013386,1.0016248
2025-01-01 00:06:00,0.8539941,0.95558614,1.0071325,0.8461412,0.94763213,0.99913377,0.8522255,0.9538418,0.9915204,0.8450992,0.9470116,0.9990101,0.8532633,0.94151074,0.9938299,0.8486449,0.9511173,1.003615,0.8446293,0.94711643,0.9995715,0.8543337,0.956619,1.0088289,0.84900004,0.9509565,1.0028278,0.8563317,0.9579787,0.99556875,0.84862614,0.95012075,1.0016118
2025-01-01 00:07:00,0.8539843,0.955575,1.0071204,0.8461281,0.9476192,0.9991212,0.85221493,0.95383275,0.9915131,0.8450959,0.94701046,0.99901116,0.85326874,0.94151807,0.99383897,0.8486566,0.9511298,1.003628,0.84464204,0.9471286,0.99958265,0.8543419,0.95662534,1.0088332,0.849,0.95095426,1.0028234,0.8563234,0.9579689,0.9955576,0.8486133,0.9501077,1.0015988
2025-01-01 00:08:00,0.8539744,0.9555638,1.0071082,0.846115,0.94760615,0.9991087,0.8522044,0.9538237,0.99150574,0.8450926,0.9470094,0.99901235,0.85327417,0.94152546,0.9938481,0.84866834,0.9511424,1.003641,0.84465486,0.9471407,0.99959373,0.8543501,0.95663166,1.0088375,0.84899986,0.95095193,1.0028188,0.8563151,0.95795894,0.99554634,0.8486005,0.9500946,1.0015858
2025-01-01 00:09:00,0.8539645,0.9555526,1.0070959,0.84610194,0.94759315,0.99909616,0.8521939,0.9538147,0.9914985,0.84508944,0.9470084,0.99901354,0.8532797,0.9415329,0.9938572,0.84868014,0.95115495,1.003654,0.8446677,0.94715285,0.9996049,0.85435826,0.956638,1.0088418,0.84899974,0.95094955,1.0028143,0.85630673,0.957949,0.99553514,0.84858763,0.95008147,1.0015728
2025-01-01 00:10:00,0.8539546,0.9555414,1.0070838,0.8460888,0.9475802,0.9990837,0.85218346,0.95380574,0.99149126,0.8450863,0.9470074,0.99901485,0.85328525,0.94154036,0.9938664,0.8486919,0.95116746,1.003667,0.8446804,0.94716495,0.9996159,0.8543663,0.9566442,1.0088458,0.8489995,0.95094717,1.0028098,0.8562983,0.957939,0.99552387,0.84857476,0.95006835,1.00156
2025-01-01 00:11:00,0.85394466,0.9555301,1.0070715,0.8460757,0.9475672,0.99907124,0.85217303,0.9537968,0.9914841,0.8450832,0.9470065,0.99901617,0.85329086,0.9415479,0.9938756,0.8487037,0.9511801,1.0036801,0.8446932,0.947177,0.99962693,0.85437435,0.9566503,1.00885,0.84899926,0.95094466,1.0028051,0.8562899,0.957929,0.9955125,0.8485619,0.95005524,1.001547
2025-01-01 00:12:00,0.85393465,0.95551884,1.0070593,0.8460626,0.94755423,0.9990587,0.85216266,0.9537879,0.991477,0.84508014,0.9470057,0.99901754,0.8532965,0.9415555,0.9938849,0.84871554,0.95119274,1.0036931,0.84470594,0.9471891,0.99963796,0.85438234,0.95665646,1.008854,0.84899896,0.95094216,1.0028005,0.8562814,0.95791894,0.9955012,0.848549,0.9500421,1.001534
2025-01-01 00:13:00,0.85392463,0.9555075,1.007047,0.8460495,0.9475413,0.9990463,0.85215235,0.9537791,0.9914699,0.84507716,0.9470049,0.999019,0.8533022,0.9415631,0.9938942,0.8487274,0.9512053,1.0037061,0.84471864,0.9472011,0.99964887,0.85439026,0.95666254,1.0088581,0.84899855,0.95093954,1.0027958,0.8562729,0.95790887,0.99548984,0.84853613,0.950029,1.0015211
2025-01-01 00:14:00,0.85391456,0.9554962,1.0070348,0.8460364,0.94752836,0.9990339,0.85214204,0.9537703,0.99146295,0.84507424,0.9470042,0.9990205,0.85330796,0.94157076,0.9939036,0.84873927,0.951218,1.0037192,0.8447314,0.94721305,0.99965984,0.8543982,0.95666856,1.008862,0.8489981,0.9509369,1.0027909,0.8562643,0.95789874,0.99547845,0.84852326,0.9500159,1.0015081
2025-01-01 00:15:00,0.8539044,0.9554848,1.0070224,0.84602326,0.9475154,0.9990215,0.8521317,0.9537615,0.991456,0.8450714,0.94700354,0.99902207,0.8533138,0.9415785,0.993913,0.8487512,0.95123065,1.0037323,0.8447441,0.94722503,0.99967074,0.854406,0.9566745,1.008866,0.84899765,0.9509342,1.0027862,0.85625565,0.95788854,0.995467,0.8485103,0.9500028,1.0014952
2025-01-01 00:16:00,0.8538943,0.95547336,1.0070101,0.84601015,0.94750243,0.99900913,0.8521215,0.9537528,0.991449,0.8450685,0.9470029,0.9990237,0.85331964,0.94158626,0.9939224,0.8487631,0.95124334,1.0037453,0.8447568,0.947237,0.9996816,0.8544138,0.9566804,1.0088698,0.84899706,0.95093143,1.0027813,0.856247,0.95787835,0.99545556,0.8484974,0.9499897,1.0014822
2025-01-01 00:17:00,0.8538841,0.955462,1.0069977,0.8459971,0.94748956,0.99899673,0.85211134,0.9537442,0.99144214,0.8450658,0.94700235,0.99902534,0.85332555,0.94159406,0.9939319,0.8487751,0.95125604,1.0037584,0.8447694,0.94724894,0.99969244,0.8544216,0.95668626,1.0088736,0.84899646,0.9509286,1.0027764,0.8562383,0.9578681,0.99544406,0.84848446,0.9499766,1.0014694
2025-01-01 00:18:00,0.85387385,0.9554505,1.0069853,0.845984,0.9474766,0.9989844,0.85210115,0.95373553,0.99143535,0.8450631,0.9470019,0.9990271,0.8533315,0.94160193,0.9939414,0.84878707,0.95126873,1.0037714,0.8447821,0.94726086,0.9997032,0.8544293,0.9566921,1.0088773,0.8489958,0.95092577,1.0027714,0.85622954,0.95785785,0.9954326,0.8484715,0.9499635,1.0014565
2025-01-01 00:19:00,0.8538636,0.955439,1.0069729,0.84597087,0.94746375,0.99897206,0.852091,0.95372695,0.99142855,0.8450604,0.94700146,0.99902886,0.8533375,0.9416098,0.99395096,0.84879905,0.9512815,1.0037845,0.84479475,0.9472727,0.999714,0.854437,0.9566978,1.008881,0.8489951,0.95092285,1.0027663,0.8562208,0.95784754,0.99542105,0.8484586,0.9499504,1.0014436
2025-01-01 00:20:00,0.85385334,0.95542747,1.0069605,0.84595776,0.9474509,0.9989598,0.85208094,0.9537184,0.9914218,0.84505785,0.94700104,0.9990307,0.8533436,0.9416177,0.99396056,0.8488111,0.9512942,1.0037977,0.8448074,0.9472846,0.99972475,0.85444456,0.95670354,1.0088847,0.8489943,0.95091987,1.0027612,0.85621196,0.95783716,0.9954095,0.84844565,0.9499373,1.0014307
2025-01-01 00:21:00,0.85384303,0.95541596,1.0069481,0.84594464,0.94743794,0.9989475,0.85207087,0.95370996,0.99141514,0.8450553,0.94700074,0.9990326,0.8533497,0.9416258,0.9939702,0.84882313,0.95130694,1.0038106,0.84482,0.94729644,0.9997355,0.8544522,0.9567092,1.0088882,0.8489935,0.9509168,1.002756,0.8562031,0.9578268,0.9953979,0.84843266,0.9499242,1.0014179
2025-01-01 00:22:00,0.85383266,0.95540434,1.0069357,0.84593153,0.94742507,0.9989352,0.85206085,0.9537015,0.9914085,0.84505284,0.94700044,0.9990346,0.8533559,0.94163376,0.9939799,0.8488352,0.9513197,1.0038238,0.8448326,0.94730824,0.99974614,0.8544597,0.9567148,1.0088917,0.8489926,0.9509137,1.0027509,0.85619414,0.95781636,0.9953863,0.84841967,0.94991106,1.001405
2025-01-01 00:23:00,0.85382223,0.9553928,1.0069232,0.8459184,0.94741225,0.998923,0.85205084,0.9536931,0.9914019,0.8450504,0.94700027,0.9990366,0.8533621,0.94164187,0.9939896,0.84884727,0.95133245,1.0038369,0.84484524,0.94732004,0.9997568,0.8544672,0.95672035,1.0088952,0.84899163,0.95091057,1.0027456,0.8561852,0.95780593,0.9953747,0.8484067,0.94989794,1.0013921
2025-01-01 00:24:00,0.8538118,0.95538116,1.0069107,0.84590536,0.9473994,0.9989108,0.8520409,0.95368475,0.9913954,0.84504807,0.9470001,0.99903864,0.85336834,0.94165,0.9939993,0.84885937,0.95134526,1.00385,0.84485775,0.9473318,0.9997674,0.8544746,0.95672584,1.0088986,0.8489906,0.95090735,1.0027403,0.8561762,0.95779544,0.995363,0.8483937,0.9498849,1.0013794
2025-01-01 00:25:00,0.85380137,0.9553695,1.0068983,0.84589225,0.94738656,0.99889857,0.852031,0.95367646,0.9913889,0.84504575,0.947,0.9990408,0.85337466,0.94165814,0.99400914,0.8488715,0.9513581,1.0038631,0.8448703,0.94734347,0.999778,0.854482,0.9567313,1.008902,0.84898955,0.9509041,1.0027349,0.85616714,0.95778495,0.9953513,0.8483807,0.9498718,1.0013665
2025-01-01 00:26:00,0.8537908,0.9553578,1.0068858,0.84587914,0.9473737,0.99888635,0.8520211,0.9536682,0.9913825,0.8450435,0.94699997,0.999043,0.85338104,0.94166636,0.994019,0.8488837,0.9513709,1.0038761,0.84488285,0.9473552,0.9997885,0.8544893,0.9567367,1.0089053,0.8489884,0.9509008,1.0027295,0.856158,0.9577744,0.9953396,0.8483677,0.94985867,1.0013537
2025-01-01 00:27:00,0.8537803,0.9553461,1.0068733,0.845866,0.94736093,0.99887425,0.8520113,0.95365995,0.9913761,0.8450413,0.947,0.9990452,0.8533875,0.94167465,0.9940288,0.84889585,0.95138365,1.0038892,0.84489536,0.9473669,0.999799,0.8544966,0.95674205,1.0089085,0.8489872,0.9508974,1.002724,0.8561489,0.9577638,0.9953279,0.8483547,0.9498456,1.0013409
2025-01-01 00:28:00,0.8537698,0.9553344,1.0068606,0.845853,0.9473481,0.9988621,0.8520015,0.9536518,0.9913698,0.8450391,0.9470001,0.9990475,0.8533939,0.94168293,0.9940387,0.84890807,0.9513965,1.0039023,0.8449079,0.9473785,0.9998095,0.85450387,0.95674735,1.0089116,0.848986,0.950894,1.0027184,0.8561398,0.9577532,0.9953161,0.84834164,0.9498325,1.0013281
2025-01-01 00:29:00,0.85375917,0.9553226,1.0068481,0.84583986,0.9473353,0.9988499,0.8519917,0.9536436,0.9913635,0.84503704,0.9470002,0.99904984,0.85340047,0.9416913,0.99404866,0.8489203,0.9514094,1.0039154,0.84492034,0.9473902,0.99981993,0.8545111,0.9567526,1.0089148,0.8489847,0.9508905,1.002713,0.85613054,0.9577425,0.9953043,0.84832865,0.9498194,1.0013154
2025-01-01 00:30:00,0.8539858,0.95531315,1.002951,0.8461067,0.9469912,0.998107,0.85212445,0.953829,0.98760426,0.84582275,0.9474341,0.9983512,0.8538471,0.9418098,0.9922036,0.8496662,0.9516816,1.0032263,0.8456829,0.94791746,0.99782413,0.8554179,0.9572923,1.008195,0.84983665,0.9516132,1.000938,0.85724306,0.9586388,0.9946483,0.84932566,0.9508115,0.99933887
2025-01-01 00:31:00,0.85416496,0.95530313,1.0004137,0.8463175,0.9467134,0.9976198,0.85222864,0.95397574,0.9851587,0.846451,0.9477813,0.99789804,0.8542057,0.9419062,0.99100786,0.8502654,0.951902,1.002783,0.8462955,0.94834155,0.9965304,0.8561447,0.9577251,1.0077283,0.85051787,0.95219064,0.9997824,0.8581312,0.9593536,0.9942177,0.85012066,0.95160264,0.99804974
2025-01-01 00:32:00,0.85430616,0.9552927,0.9987598,0.8464836,0.94648856,0.99729896,0.8523101,0.95409155,0.9835669,0.8469533,0.9480592,0.9976044,0.85449404,0.9419852,0.9902342,0.85074717,0.95208085,1.0024993,0.846788,0.94868314,0.9956931,0.85672754,0.9580723,1.007426,0.8510625,0.9526518,0.99902916,0.8588398,0.9599234,0.9939337,0.85075414,0.95223284,0.9972073
2025-01-01 00:33:00,0.85441685,0.95528203,0.99768037,0.8466139,0.94630617,0.9970862,0.8523734,0.9541827,0.9825301,0.84735477,0.9482816,0.9974145,0.8547261,0.94205004,0.9897348,0.8511351,0.9522266,1.0023196,0.8471844,0.9489587,0.9951525,0.8571952,0.9583511,1.0072304,0.8514979,0.95301986,0.9985375,0.85940474,0.9603769,0.99374485,0.85125816,0.9527345,0.9966553
2025-01-01 00:34:00,0.85450333,0.9552711,0.9969744,0.8467155,0.94615775,0.9969438,0.85242224,0.954254,0.98185414,0.8476756,0.9484596,0.997292,0.85491306,0.9421036,0.9894138,0.85144794,0.9523457,1.0022073,0.8475041,0.94918144,0.9948046,0.85757065,0.95857495,1.0071043,0.8518458,0.9533136,0.9982158,0.8598548,0.96073765,0.99361795,0.8516589,0.95313317,0.99629205
2025-01-01 00:35:00,0.85457027,0.9552599,0.996511,0.8467941,0.94603646,0.996847,0.8524594,0.9543095,0.98141265,0.84793204,0.9486022,0.99721336,0.85506403,0.9421483,0.9892087,0.85170066,0.9524436,1.0021389,0.8477623,0.9493619,0.99458206,0.85787237,0.9587551,1.0070231,0.8521238,0.95354784,0.9980047,0.8602129,0.961024,0.9935313,0.85197675,0.9534494,0.99605143
2025-01-01 00:36:00,0.85462165,0.9552486,0.99620533,0.84685445,0.94593686,0.99677986,0.8524872,0.95435244,0.98112375,0.84813684,0.9487164,0.9971632,0.8551863,0.9421858,0.989079,0.85190535,0.9525246,1.002099,0.84797126,0.9495085,0.9944409,0.8581151,0.95890003,1.0069714,0.85234576,0.95373434,0.99786526,0.8604975,0.96125084,0.99347067,0.85222846,0.9536999,0.9958907
2025-01-01 00:37:00,0.8546606,0.95523715,0.99600226,0.8469001,0.9458547,0.9967321,0.8525076,0.9543853,0.9809339,0.84830046,0.94880795,0.99713165,0.8552854,0.9422176,0.9889983,0.8520716,0.9525919,1.0020777,0.8481409,0.94962806,0.9943527,0.8583106,0.959017,1.0069387,0.85252297,0.9538827,0.9977726,0.8607232,0.9614302,0.99342716,0.85242724,0.9538977,0.9957818
2025-01-01 00:38:00,0.8546895,0.9552255,0.99586576,0.846934,0.9457864,0.9966969,0.85252213,0.95440996,0.9808085,0.84843105,0.9488814,0.9971122,0.85536623,0.9422448,0.9889494,0.85220706,0.95264834,1.0020684,0.84827906,0.949726,0.99429893,0.8584683,0.95911145,1.0069183,0.85266435,0.95400053,0.99771017,0.8609018,0.9615714,0.9933946,0.85258365,0.9540533,0.9957065
2025-01-01 00:39:00,0.8547104,0.95521384,0.99577254,0.8469585,0.9457293,0.9966698,0.85253185,0.95442826,0.980725,0.84853524,0.94894034,0.9971006,0.85543233,0.9422684,0.98892134,0.8523179,0.95269614,1.002067,0.848392,0.9498065,0.99426746,0.8585958,0.9591879,1.0069059,0.85277694,0.954094,0.99766743,0.86104274,0.96168214,0.9933692,0.85270613,0.9541751,0.9956533
2025-01-01 00:40:00,0.8547249,0.95520204,0.9957076,0.8469755,0.9456811,0.9966482,0.8525379,0.95444137,0.9806687,0.8486184,0.94898766,0.99709415,0.85548663,0.942289,0.9889067,0.8524092,0.9527369,1.0020705,0.8484848,0.9498732,0.9942505,0.858699,0.95925,1.0068986,0.85286665,0.95416784,0.9976375,0.8611536,0.9617685,0.9933485,0.85280156,0.95427,0.99561423
2025-01-01 00:41:00,0.85473424,0.9551902,0.99566084,0.84698653,0.94564,0.99662995,0.8525408,0.9544504,0.9806302,0.8486846,0.94902575,0.99709094,0.8555315,0.94230735,0.98890084,0.85248464,0.95277214,1.0020776,0.8485615,0.9499288,0.9942429,0.85878295,0.95930046,1.0068947,0.852938,0.95422614,0.9976158,0.86124027,0.9618354,0.9933308,0.85287523,0.9543434,0.9955845
2025-01-01 00:42:00,0.85473955,0.9551783,0.995626,0.84699273,0.9456047,0.996614,0.8525413,0.95445615,0.9806033,0.8487374,0.94905645,0.9970901,0.8555689,0.9423238,0.9889007,0.8525475,0.95280296,1.0020866,0.8486253,0.94997555,0.9942415,0.8588513,0.95934176,1.006893,0.8529946,0.9542718,0.9975995,0.8613076,0.96188664,0.993315,0.85293156,0.9543994,0.9955607
2025-01-01 00:43:00,0.8547416,0.95516634,0.9955988,0.84699506,0.94557387,0.9965995,0.85253996,0.9544593,0.9805838,0.84877944,0.9490812,0.99709064,0.8556003,0.9423388,0.9889043,0.8526004,0.9528302,1.0020971,0.84867877,0.9500152,0.994244,0.85890734,0.9593756,1.0068928,0.85303944,0.9543075,0.99758667,0.86135954,0.9619254,0.9933005,0.852974,0.95444167,0.99554086
2025-01-01 00:44:00,0.8547409,0.95515436,0.99557674,0.8469944,0.94554675,0.99658597,0.85253704,0.9544604,0.9805693,0.8488128,0.94910127,0.9970921,0.85562694,0.94235265,0.9889103,0.8526451,0.9528545,1.0021086,0.848724,0.95004904,0.99424905,0.85895336,0.9594035,1.0068933,0.8530748,0.95433515,0.9975761,0.8613991,0.9619541,0.99328685,0.8530053,0.9544729,0.9955236
2025-01-01 00:45:00,0.8547382,0.95514226,0.99555784,0.84699124,0.9455225,0.9965731,0.8525329,0.9544598,0.980558,0.8488394,0.9491176,0.9970943,0.8556497,0.9423656,0.9889179,0.8526834,0.9528767,1.0021206,0.8487626,0.9500783,0.9942558,0.85899144,0.95942676,1.0068945,0.8531026,0.9543564,0.997567,0.86142874,0.96197486,0.9932736,0.85302776,0.9544952,0.995508
2025-01-01 00:46:00,0.8547337,0.95513016,0.9955411,0.84698606,0.9455007,0.99656063,0.85252786,0.9544578,0.9805488,0.84886044,0.9491309,0.99709684,0.8556695,0.94237775,0.9889266,0.8527166,0.952897,1.002133,0.84879583,0.950104,0.9942635,0.8590231,0.95944613,1.0068959,0.8531244,0.9543724,0.9975588,0.86145043,0.96198916,0.9932608,0.8530431,0.9545105,0.9954935
2025-01-01 00:47:00,0.85472786,0.9551181,0.9955258,0.84697944,0.9454807,0.9965485,0.852522,0.9544549,0.98054093,0.84887713,0.94914186,0.9970997,0.8556867,0.94238937,0.98893595,0.85274565,0.95291585,1.0021456,0.8488248,0.95012677,0.994272,0.8590497,0.9594624,1.0068976,0.85314125,0.95438427,0.9975511,0.8614658,0.9619984,0.9932482,0.85305274,0.9545202,0.9954797
2025-01-01 00:48:00,0.85472095,0.95510596,0.99551123,0.8469715,0.9454622,0.9965365,0.8525156,0.95445114,0.980534,0.8488903,0.94915086,0.99710286,0.8557021,0.94240046,0.9889458,0.85277146,0.95293355,1.0021584,0.8488505,0.9501471,0.99428093,0.85907215,0.9594763,1.0068992,0.8531543,0.95439285,0.99754375,0.86147606,0.96200347,0.99323565,0.8530578,0.95452535,0.99546635
2025-01-01 00:49:00,0.85471314,0.9550938,0.99549735,0.8469626,0.94544494,0.9965247,0.8525087,0.95444673,0.98052776,0.84890074,0.94915843,0.99710613,0.85571593,0.9424113,0.98895586,0.8527946,0.9529503,1.0021713,0.8488733,0.9501656,0.9942901,0.85909134,0.95948815,1.006901,0.85316414,0.95439875,0.9975367,0.8614822,0.96200526,0.99322325,0.85305923,0.95452684,0.99545336
2025-01-01 00:50:00,0.8547046,0.9550815,0.99548376,0.8469528,0.94542867,0.99651295,0.85250145,0.9544418,0.9805218,0.8489089,0.94916475,0.99710953,0.8557285,0.9424218,0.9889662,0.8528157,0.95296633,1.0021843,0.84889406,0.9501826,0.9942994,0.85910785,0.9594984,1.0069029,0.85317147,0.9544025,0.99752975,0.8614851,0.9620044,0.99321085,0.85305774,0.9545255,0.99544054
2025-01-01 00:51:00,0.8546955,0.9550693,0.9954704,0.8469424,0.9454132,0.99650127,0.8524939,0.9544365,0.98051625,0.84891534,0.9491702,0.99711305,0.85574013,0.94243205,0.9889767,0.85283506,0.95298177,1.0021973,0.848913,0.95019835,0.99430877,0.8591223,0.95950747,1.0069047,0.85317683,0.9544045,0.9975229,0.86148536,0.96200144,0.9931985,0.853054,0.9545218,0.9954279
2025-01-01 00:52:00,0.8546859,0.955057,0.99545723,0.8469315,0.9453983,0.99648964,0.85248613,0.9544308,0.9805109,0.8489204,0.9491748,0.9971166,0.85575104,0.94244224,0.9889873,0.8528531,0.9529967,1.0022103,0.8489306,0.9502132,0.9943182,0.8591349,0.9595154,1.0069065,0.8531805,0.9544051,0.99751604,0.8614836,0.96199673,0.9931861,0.8530483,0.9545162,0.9954154
2025-01-01 00:53:00,0.85467595,0.95504475,0.9954442,0.84692025,0.9453839,0.9964781,0.8524782,0.9544249,0.98050565,0.84892434,0.9491789,0.99712026,0.85576135,0.94245225,0.988998,0.85287017,0.95301133,1.0022234,0.848947,0.95022714,0.99432766,0.85914624,0.9595225,1.0069083,0.8531829,0.95440465,0.9975092,0.86148006,0.9619907,0.9931738,0.8530412,0.9545092,0.9954029
2025-01-01 00:54:00,0.8546657,0.9550324,0.9954312,0.8469086,0.94536996,0.9964666,0.8524701,0.9544189,0.9805005,0.8489274,0.9491825,0.997124,0.8557712,0.94246215,0.9890088,0.85288626,0.9530256,1.0022365,0.84896255,0.9502405,0.9943371,0.8591564,0.95952886,1.00691,0.8531842,0.9544032,0.99750227,0.86147517,0.96198356,0.99316144,0.8530328,0.9545011,0.9953905
2025-01-01 00:55:00,0.8546552,0.95502007,0.9954182,0.84689677,0.9453563,0.9964551,0.85246193,0.9544127,0.9804956,0.84892976,0.9491857,0.99712783,0.8557806,0.94247204,0.9890196,0.8529017,0.9530396,1.0022495,0.8489773,0.95025325,0.9943465,0.8591657,0.95953476,1.0069116,0.8531847,0.9544011,0.99749535,0.8614692,0.9619756,0.9931491,0.8530235,0.954492,0.995378
2025-01-01 00:56:00,0.8546445,0.95500773,0.9954052,0.84688467,0.94534296,0.9964436,0.8524537,0.9544064,0.9804906,0.84893155,0.9491887,0.99713165,0.8557897,0.9424818,0.9890304,0.8529166,0.9530535,1.0022626,0.8489916,0.95026565,0.9943559,0.8591743,0.9595402,1.0069133,0.8531844,0.95439833,0.9974884,0.86146235,0.9619669,0.9931367,0.85301346,0.9544821,0.9953657
2025-01-01 00:57:00,0.8546336,0.95499533,0.99539226,0.84687245,0.9453298,0.99643224,0.8524454,0.95440006,0.98048574,0.848933,0.9491915,0.9971356,0.85579866,0.94249153,0.9890413,0.8529311,0.9530672,1.0022756,0.8490052,0.9502777,0.99436533,0.85918236,0.9595452,1.0069149,0.8531836,0.9543951,0.9974814,0.8614548,0.9619576,0.9931243,0.8530028,0.95447165,0.9953534
2025-01-01 00:58:00,0.8546226,0.95498294,0.99537927,0.84686005,0.9453168,0.99642086,0.85243714,0.9543936,0.98048097,0.8489341,0.94919413,0.9971395,0.85580736,0.94250137,0.98905224,0.8529452,0.9530807,1.0022887,0.8490185,0.9502895,0.9943747,0.8591898,0.9595499,1.0069163,0.8531824,0.9543915,0.99747443,0.8614466,0.96194774,0.9931119,0.85299164,0.9544607,0.99534106
2025-01-01 00:59:00,0.8546114,0.95497054,0.99536633,0.8468476,0.945304,0.9964095,0.85242885,0.95438725,0.9804762,0.84893495,0.94919664,0.99714357,0.855816,0.94251114,0.98906326,0.8529591,0.95309424,1.0023017,0.84903157,0.950301,0.994384,0.8591969,0.9595544,1.0069178,0.8531807,0.9543875,0.99746734,0.861438,0.9619376,0.99309945,0.8529801,0.95444936,0.99532884
2025-01-01 01:00:00,0.854856,0.9551151,0.9916442,0.8471487,0.9451609,0.99571204,0.8526226,0.9547532,0.9770237,0.84972537,0.9497898,0.9964922,0.85633594,0.9428659,0.98733133,0.8537694,0.9536404,1.0016575,0.8497962,0.9509691,0.9925088,0.86017156,0.9603532,1.0062399,0.8540939,0.9553364,0.99580026,0.8626104,0.9630673,0.9924824,0.8540238,0.95564216,0.99347895
2025-01-01 01:01:00,0.8550493,0.95522815,0.9892202,0.8473872,0.94504404,0.99525476,0.85277593,0.95504475,0.97477806,0.8503578,0.9502648,0.9960703,0.8567536,0.94315165,0.9862095,0.85442024,0.9540799,1.0012432,0.8504102,0.9515057,0.99129313,0.8609524,0.9609928,1.0057997,0.85482377,0.9560944,0.99471414,0.8635462,0.96396863,0.992077,0.85485625,0.9565939,0.99227226
2025-01-01 01:02:00,0.8552016,0.9553161,0.98764014,0.8475753,0.94494814,0.99495363,0.852897,0.9552766,0.9733168,0.8508637,0.95064527,0.9957976,0.8570893,0.94338226,0.98548424,0.85494345,0.9544342,1.0009785,0.8509038,0.9519371,0.9905062,0.8615781,0.9615053,1.005514,0.855407,0.9566997,0.9940056,0.86429274,0.9646874,0.991809,0.85551953,0.9573527,0.9914836
2025-01-01 01:03:00,0.8553211,0.95538396,0.9866085,0.84772325,0.9448689,0.99475396,0.8529922,0.9554609,0.9723654,0.8512684,0.9509501,0.99562186,0.8573596,0.94356877,0.9850167,0.8553646,0.9547203,1.000811,0.85130095,0.9522843,0.9899978,0.86207974,0.96191585,1.0053287,0.85587287,0.9571829,0.9935425,0.86488783,0.96526,0.99163043,0.8560475,0.95795715,0.99096674
2025-01-01 01:04:00,0.8554144,0.95543575,0.98593336,0.84783906,0.9448032,0.99462026,0.85306674,0.95560706,0.9717455,0.85159224,0.9511944,0.99550915,0.85757744,0.9437199,0.98471665,0.85570407,0.95495176,1.0007066,0.851621,0.9525642,0.9896705,0.8624821,0.9622449,1.0052086,0.85624486,0.9575683,0.9932389,0.86536175,0.9657158,0.99151,0.8564673,0.9584383,0.9906266
2025-01-01 01:05:00,0.85548663,0.9554747,0.98549,0.8479292,0.94474816,0.9945295,0.85312474,0.95572275,0.971341,0.85185134,0.9513904,0.99543744,0.85775346,0.9438428,0.9845256,0.85597825,0.9551396,1.0006433,0.85187936,0.9527901,0.98946095,0.862805,0.9625088,1.0051309,0.8565418,0.9578755,0.9930389,0.8657388,0.96607804,0.99142724,0.8568005,0.9588205,0.99040127
2025-01-01 01:06:00,0.855542,0.9555032,0.98519725,0.8479987,0.9447017,0.99446654,0.8531695,0.95581406,0.97107667,0.8520587,0.9515477,0.99539244,0.857896,0.9439432,0.98440534,0.8562002,0.95529246,1.0006068,0.8520884,0.95297295,0.98932785,0.86306435,0.96272045,1.0050807,0.8567786,0.9581201,0.99290633,0.86603826,0.96636546,0.9913691,0.8570644,0.9591238,0.9902505
2025-01-01 01:07:00,0.85558397,0.9555236,0.98500234,0.8480517,0.94466215,0.99442184,0.8532038,0.9558859,0.97090334,0.8522246,0.951674,0.9953648,0.8580116,0.94402546,0.98433113,0.8563803,0.9554174,1.0005876,0.85225797,0.95312124,0.9892444,0.86327285,0.96289045,1.0050484,0.85696733,0.95831466,0.9928175,0.8662757,0.96659297,0.9913269,0.8572729,0.9593638,0.99014837
2025-01-01 01:08:00,0.8556152,0.9555374,0.98487115,0.84809166,0.9446281,0.9943889,0.8532296,0.95594215,0.97078925,0.85235745,0.9517755,0.9953484,0.85810584,0.9440933,0.9842868,0.8565269,0.9555199,1.0005795,0.85239583,0.95324194,0.9891933,0.86344063,0.96302694,1.0050277,0.8571176,0.95846915,0.9927571,0.8664635,0.9667727,0.9912951,0.8574372,0.95955336,0.9900778
2025-01-01 01:09:00,0.85563785,0.95554584,0.9847813,0.848121,0.94459844,0.9943636,0.8532486,0.9559859,0.9707137,0.8524638,0.9518573,0.9953394,0.85818297,0.9441496,0.984262,0.85664684,0.9556045,1.0005789,0.8525085,0.9533406,0.9891632,0.8635759,0.9631368,1.0050144,0.857237,0.9585916,0.9927151,0.8666116,0.966914,0.99126995,0.85756594,0.95970243,0.9900276
2025-01-01 01:10:00,0.85565346,0.9555501,0.9847183,0.84814197,0.94457227,0.99434334,0.85326225,0.95601976,0.9706631,0.85254896,0.95192325,0.99533516,0.8582464,0.9441967,0.98424983,0.85674536,0.9556749,1.000583,0.8526009,0.95342153,0.98914665,0.8636851,0.9632251,1.0050061,0.85733175,0.9586883,0.9926852,0.8667279,0.96702474,0.99124914,0.8576664,0.9598192,0.98999083
2025-01-01 01:11:00,0.85566366,0.95555097,0.9846729,0.8481562,0.944549,0.9943263,0.85327166,0.9560456,0.97062886,0.85261726,0.95197654,0.9953341,0.85829884,0.94423634,0.9842459,0.8568267,0.9557337,1.0005902,0.8526771,0.95348835,0.98913896,0.86377335,0.9632964,1.0050008,0.8574068,0.95876455,0.992663,0.8668188,0.96711093,0.9912312,0.8577441,0.95991004,0.98996276
2025-01-01 01:12:00,0.8556694,0.9555491,0.98463875,0.8481651,0.944528,0.99431145,0.8532776,0.9560652,0.97060525,0.852672,0.9520198,0.9953351,0.8583425,0.9442702,0.9842473,0.8568945,0.9557835,1.0005994,0.85274035,0.95354384,0.989137,0.86384493,0.96335393,1.0049977,0.85746604,0.95882434,0.9926459,0.8668893,0.96717745,0.99121517,0.8578036,0.9599802,0.9899403
2025-01-01 01:13:00,0.8556716,0.9555451,0.984612,0.8481696,0.9445088,0.994298,0.85328084,0.95607966,0.9705885,0.85271585,0.9520549,0.9953374,0.85837924,0.9442992,0.98425233,0.85695124,0.9558259,1.00061,0.8527932,0.9535902,0.9891388,0.8639032,0.9634005,1.0049958,0.85751265,0.95887095,0.99263203,0.8669435,0.9672283,0.99120027,0.85784864,0.9600338,0.98992157
2025-01-01 01:14:00,0.8556709,0.95553935,0.98459005,0.84817076,0.9444911,0.9942854,0.85328186,0.9560901,0.97057635,0.8527511,0.9520836,0.9953407,0.85841036,0.9443246,0.98425955,0.85699916,0.95586246,1.0006213,0.85283774,0.9536293,0.9891429,0.8639507,0.9634383,1.0049948,0.85754913,0.95890707,0.9926202,0.86698467,0.96726656,0.99118614,0.8578821,0.9600741,0.98990524
2025-01-01 01:15:00,0.855668,0.95553225,0.9845712,0.8481691,0.9444745,0.9942734,0.85328114,0.9560973,0.9705671,0.85277945,0.95210713,0.9953446,0.858437,0.94434696,0.98426825,0.85704017,0.9558943,1.0006331,0.85287565,0.95366263,0.9891487,0.8639897,0.96346897,1.0049943,0.8575775,0.95893466,0.99260986,0.86701536,0.96729475,0.9911725,0.8579062,0.96010387,0.9898904
2025-01-01 01:16:00,0.8556633,0.95552397,0.98455435,0.8481652,0.9444589,0.99426186,0.8532791,0.9561019,0.9705598,0.8528023,0.95212656,0.9953488,0.8584601,0.94436693,0.98427796,0.8570756,0.9559225,1.0006454,0.8529083,0.9536913,0.98915535,0.86402184,0.96349406,1.004994,0.8575994,0.9589555,0.9926003,0.8670377,0.9673149,0.99115914,0.8579229,0.96012515,0.9898767
2025-01-01 01:17:00,0.8556571,0.9555147,0.98453885,0.8481597,0.94444406,0.99425066,0.8532759,0.9561045,0.97055376,0.85282075,0.95214283,0.9953534,0.8584804,0.94438493,0.98428833,0.8571065,0.9559476,1.0006578,0.8529366,0.9537163,0.9891627,0.86404836,0.96351457,1.004994,0.857616,0.9589709,0.99259126,0.8670534,0.96732855,0.991146,0.85793364,0.96013963,0.9898635
2025-01-01 01:18:00,0.85564977,0.95550483,0.9845242,0.8481527,0.9444298,0.99423957,0.85327184,0.9561055,0.97054857,0.8528357,0.95215636,0.9953581,0.8584984,0.94440144,0.98429906,0.8571338,0.9559702,1.0006704,0.85296154,0.95373815,0.9891704,0.86407053,0.96353143,1.0049942,0.85762846,0.958982,0.99258256,0.8670637,0.96733713,0.99113303,0.8579396,0.9601487,0.98985094
2025-01-01 01:19:00,0.8556414,0.9554944,0.98451006,0.8481446,0.94441605,0.99422866,0.85326713,0.9561051,0.970544,0.8528479,0.95216787,0.99536306,0.85851467,0.94441676,0.98431015,0.85715824,0.9559911,1.0006832,0.8529837,0.9537577,0.98917836,0.86408913,0.9635454,1.0049943,0.85763764,0.9589896,0.9925741,0.8670698,0.9673415,0.9911201,0.85794187,0.9601535,0.9898386
2025-01-01 01:20:00,0.85563236,0.95548344,0.9844963,0.8481356,0.9444027,0.9942178,0.8532619,0.95610374,0.97053975,0.8528578,0.9521777,0.99536806,0.8585294,0.9444312,0.9843214,0.8571804,0.9560103,1.000696,0.85300374,0.9537753,0.9891864,0.86410487,0.963557,1.0049944,0.857644,0.95899445,0.99256575,0.86707234,0.9673426,0.9911072,0.857941,0.9601548,0.9898264
2025-01-01 01:21:00,0.85562265,0.9554721,0.9844828,0.84812593,0.9443897,0.9942071,0.8532562,0.9561016,0.9705358,0.852866,0.9521863,0.9953732,0.85854304,0.9444447,0.98433286,0.8572007,0.95602834,1.0007087,0.85302186,0.9537913,0.9891946,0.8641184,0.9635667,1.0049944,0.8576483,0.9589971,0.99255747,0.8670722,0.967341,0.9910944,0.85793775,0.96015334,0.98981446
2025-01-01 01:22:00,0.8556125,0.95546055,0.9844694,0.8481156,0.94437695,0.99419636,0.8532502,0.9560988,0.9705321,0.8528728,0.9521938,0.9953784,0.85855573,0.9444577,0.98434436,0.8572196,0.9560454,1.0007216,0.85303867,0.95380604,0.9892028,0.86413,0.963575,1.0049945,0.85765076,0.9589978,0.9925492,0.8670698,0.96733725,0.99108154,0.8579325,0.96014965,0.9898026
2025-01-01 01:23:00,0.85560185,0.9554487,0.9844561,0.8481049,0.9443644,0.9941857,0.85324395,0.95609546,0.97052854,0.85287845,0.9522005,0.9953836,0.8585678,0.9444702,0.9843559,0.8572373,0.9560616,1.0007343,0.85305434,0.9538199,0.989211,0.86414015,0.963582,1.0049946,0.8576519,0.9589971,0.99254096,0.8670656,0.9673319,0.9910687,0.8579258,0.9601442,0.98979074
2025-01-01 01:24:00,0.85559094,0.9554366,0.98444295,0.84809387,0.9443521,0.99417514,0.8532375,0.95609176,0.970525,0.8528832,0.95220655,0.995389,0.8585793,0.9444824,0.98436755,0.857254,0.9560773,1.0007472,0.8530691,0.9538328,0.9892192,0.86414915,0.963588,1.0049946,0.8576519,0.9589952,0.9925327,0.86706007,0.96732503,0.9910559,0.8579178,0.9601374,0.989779
2025-01-01 01:25:00,0.85557973,0.9554244,0.9844298,0.8480825,0.94433993,0.9941646,0.85323095,0.95608777,0.9705217,0.85288733,0.95221204,0.9953944,0.85859025,0.9444942,0.9843792,0.85727006,0.95609236,1.00076,0.8530831,0.9538451,0.98922735,0.8641571,0.9635931,1.0049945,0.85765094,0.95899236,0.9925243,0.8670534,0.96731716,0.9910431,0.8579088,0.96012944,0.98976725
2025-01-01 01:26:00,0.85556835,0.95541203,0.9844166,0.8480709,0.94432783,0.99415404,0.8532243,0.95608354,0.97051835,0.8528909,0.9522172,0.9953999,0.8586009,0.9445059,0.9843909,0.8572855,0.9561071,1.0007728,0.8530965,0.9538569,0.9892355,0.8641643,0.9635976,1.0049945,0.8576492,0.9589887,0.992516,0.8670457,0.9673084,0.9910303,0.85789895,0.96012056,0.98975563
2025-01-01 01:27:00,0.8555567,0.9553996,0.98440343,0.8480592,0.94431585,0.9941436,0.8532175,0.9560791,0.9705152,0.852894,0.95222205,0.9954054,0.85861135,0.9445173,0.9844027,0.8573004,0.9561215,1.0007856,0.85310936,0.9538682,0.9892436,0.86417085,0.9636016,1.0049943,0.8576469,0.9589845,0.99250764,0.8670373,0.9672989,0.9910174,0.8578885,0.960111,0.989744
2025-01-01 01:28:00,0.855545,0.95538706,0.9843904,0.8480473,0.944304,0.9941332,0.8532107,0.9560746,0.97051203,0.85289687,0.95222664,0.9954109,0.85862154,0.94452864,0.98441446,0.85731494,0.9561356,1.0007983,0.8531218,0.9538792,0.9892517,0.8641769,0.96360517,1.004994,0.8576441,0.9589798,0.99249923,0.8670283,0.9672889,0.9910045,0.8578776,0.9601009,0.98973244
2025-01-01 01:29:00,0.8555332,0.9553744,0.98437726,0.84803534,0.9442921,0.99412274,0.85320383,0.95607,0.97050893,0.85289943,0.9522311,0.9954165,0.85863155,0.94453984,0.98442626,0.85732925,0.95614946,1.0008111,0.85313404,0.95388985,0.9892597,0.86418253,0.9636083,1.0049938,0.85764086,0.9589746,0.99249077,0.8670188,0.9672784,0.99099165,0.8578662,0.9600903,0.9897208
2025-01-01 01:30:00,0.8557911,0.9556705,0.98089594,0.84836525,0.94435334,0.9934833,0.8534552,0.95661014,0.9674244,0.85367966,0.9529729,0.9948242,0.8592152,0.9451248,0.9828383,0.85818887,0.95696,1.0002233,0.85388637,0.9546865,0.9875385,0.86520666,0.96465176,1.0043696,0.85859823,0.96013224,0.9909611,0.8682292,0.9686207,0.99042463,0.858937,0.9614619,0.98803043
2025-01-01 01:31:00,0.85599494,0.9559047,0.97862846,0.8486267,0.9444,0.9930641,0.8536549,0.95704126,0.9654185,0.85430413,0.9535671,0.9944411,0.859684,0.9455949,0.9818103,0.8588791,0.9576111,0.99984556,0.85449034,0.9553258,0.9864225,0.8660267,0.9654868,1.0039638,0.8593631,0.96105695,0.9899638,0.86919516,0.96969205,0.99005157,0.85979104,0.9625567,0.9869277
2025-01-01 01:32:00,0.8561556,0.95608956,0.97715,0.8488334,0.9444351,0.992788,0.8538133,0.9573851,0.96411365,0.85480416,0.95404327,0.99419415,0.86006093,0.9459732,0.9811462,0.859434,0.95813453,0.9996046,0.85497576,0.9558391,0.9856998,0.8666835,0.9661551,1.0036998,0.859974,0.96179533,0.9893126,0.8699657,0.9705466,0.98980457,0.86047167,0.9634301,0.9862069
2025-01-01 01:33:00,0.8562816,0.9562348,0.9761844,0.8489963,0.94446087,0.992605,0.85393864,0.95765936,0.9632645,0.85520446,0.954425,0.9940357,0.8603644,0.94627804,0.9807188,0.8598805,0.95855594,0.99945235,0.85536623,0.95625156,0.9852328,0.86720973,0.96669006,1.003528,0.8604618,0.9623846,0.9888862,0.8705797,0.9712278,0.98963934,0.8610136,0.96412635,0.9857344
2025-01-01 01:34:00,0.85637987,0.9563485,0.9755522,0.84912413,0.94447917,0.9924824,0.8540376,0.95787776,0.9627117,0.8555251,0.95473117,0.9939348,0.8606091,0.94652414,0.98044515,0.86024034,0.9588956,0.9993578,0.8556807,0.95658344,0.9849319,0.8676314,0.9671183,1.0034161,0.86085093,0.9628546,0.988606,0.87106866,0.9717703,0.9895275,0.86144453,0.9646809,0.98542327
2025-01-01 01:35:00,0.85645604,0.95643675,0.97513676,0.849224,0.94449157,0.99239933,0.8541154,0.9580515,0.9623514,0.85578203,0.9549769,0.9938714,0.86080676,0.94672316,0.98027146,0.8605308,0.95917,0.9993008,0.85593444,0.95685077,0.984739,0.8679694,0.9674612,1.0033431,0.86116123,0.96322924,0.9884208,0.8714575,0.97220176,0.9894503,0.8617868,0.9651221,0.9852171
2025-01-01 01:36:00,0.85651445,0.9565048,0.97486204,0.8493014,0.94449925,0.9923417,0.85417634,0.9581896,0.96211624,0.8559879,0.9551744,0.99383223,0.86096686,0.94688463,0.9801628,0.86076576,0.9593921,0.9992682,0.85613954,0.9570665,0.9846163,0.86824054,0.9677358,1.0032953,0.8614084,0.9635275,0.9882973,0.87176627,0.97254443,0.9893955,0.862058,0.96547264,0.9850791
2025-01-01 01:37:00,0.85655874,0.9565567,0.9746789,0.8493609,0.9445031,0.99230075,0.85422385,0.95829916,0.9619626,0.856153,0.9553332,0.9938089,0.86109686,0.947016,0.9800964,0.86095643,0.9595724,0.99925137,0.8563058,0.95724094,0.9845392,0.86845815,0.9679557,1.003264,0.8616051,0.96376467,0.9882139,0.87201095,0.97281605,0.9893554,0.8622723,0.9657505,0.9849855
2025-01-01 01:38:00,0.85659164,0.9565956,0.97455525,0.84940606,0.94450396,0.99227065,0.8542605,0.95838594,0.96186185,0.8562855,0.955461,0.99379593,0.86120284,0.9471233,0.9800574,0.8611115,0.9597192,0.99924487,0.8564409,0.95738226,0.9844917,0.86863285,0.9681319,1.0032433,0.8617614,0.9639529,0.9881566,0.87220436,0.9730309,0.9893248,0.8624413,0.9659705,0.9849206
2025-01-01 01:39:00,0.8566155,0.95662415,0.9744703,0.84943974,0.9445024,0.9922475,0.8542885,0.9584545,0.9617955,0.85639197,0.95556414,0.9937897,0.86128956,0.9472113,0.9800364,0.8612382,0.9598393,0.999245,0.85655105,0.9574971,0.98446345,0.86877334,0.96827304,1.0032296,0.86188537,0.964102,0.98811626,0.8723568,0.97320026,0.9893004,0.86257386,0.96614397,0.9848746
2025-01-01 01:40:00,0.85663205,0.9566443,0.97441053,0.84946424,0.9444989,0.99222904,0.8543097,0.9585084,0.9617515,0.85647756,0.9556476,0.99378777,0.8613609,0.9472841,0.98002684,0.8613422,0.959938,0.9992495,0.85664135,0.9575909,0.98444766,0.8688864,0.9683862,1.0032203,0.8619834,0.96421987,0.9880868,0.87247634,0.9733332,0.98928,0.86267734,0.96628034,0.98484075
2025-01-01 01:41:00,0.8566428,0.9566579,0.9743671,0.8494814,0.94449395,0.9922136,0.8543253,0.9585507,0.96172214,0.85654646,0.9557152,0.9937888,0.86142,0.9473445,0.98002493,0.86142796,0.96001947,0.99925685,0.8567157,0.95766765,0.98444,0.8689775,0.96847695,1.0032139,0.8620608,0.9643127,0.9880646,0.8725697,0.9734371,0.9892621,0.8627576,0.96638703,0.9848148
2025-01-01 01:42:00,0.85664886,0.9566661,0.9743343,0.8494927,0.9444877,0.9922001,0.85433656,0.95858365,0.9617022,0.8566021,0.95577013,0.99379164,0.8614692,0.947395,0.9800279,0.86149925,0.9600873,0.999266,0.85677725,0.9577309,0.9844376,0.869051,0.9685497,1.0032092,0.8621215,0.9643854,0.9880469,0.8726419,0.97351766,0.98924595,0.8628193,0.96647,0.9847941
2025-01-01 01:43:00,0.8566512,0.9566701,0.9743084,0.84949934,0.9444805,0.99218786,0.85434425,0.9586092,0.9616886,0.856647,0.955815,0.99379575,0.8615106,0.94743776,0.9800342,0.8615589,0.96014416,0.99927634,0.8568286,0.9577833,0.9844386,0.8691104,0.96860814,1.0032059,0.862169,0.9644421,0.9880322,0.87269735,0.9735796,0.98923093,0.86286604,0.96653384,0.9847767
2025-01-01 01:44:00,0.85665053,0.9566707,0.9742869,0.84950227,0.9444725,0.9921765,0.8543492,0.9586288,0.9616789,0.8566835,0.95585185,0.9938007,0.8615457,0.9474742,0.9800425,0.8616093,0.9601922,0.9992875,0.8568717,0.957827,0.98444176,0.86915857,0.96865505,1.0032033,0.8622059,0.96448594,0.98801947,0.8727394,0.9736266,0.98921657,0.8629009,0.9665826,0.98476154
2025-01-01 01:45:00,0.85664755,0.95666856,0.9742684,0.84950215,0.9444639,0.9921657,0.854352,0.9586436,0.9616719,0.8567131,0.95588225,0.99380624,0.8615758,0.94750553,0.9800522,0.86165214,0.9602333,0.999299,0.8569083,0.9578637,0.98444635,0.86919767,0.9686927,1.0032011,0.86223435,0.96451944,0.98800796,0.8727706,0.9736617,0.9892027,0.8629263,0.96661913,0.9847478
2025-01-01 01:46:00,0.8566426,0.9566642,0.9742518,0.84949964,0.9444548,0.99215525,0.85435295,0.95865464,0.96166664,0.8567374,0.9559075,0.99381214,0.8616018,0.94753295,0.9800628,0.8616891,0.96026874,0.9993109,0.8569396,0.95789486,0.9844519,0.8692296,0.968723,1.0031992,0.8622559,0.9645448,0.98799723,0.8727932,0.9736873,0.98918915,0.86294407,0.966646,0.98473495
2025-01-01 01:47:00,0.8566361,0.9566582,0.97423637,0.84949523,0.9444454,0.99214506,0.8543525,0.9586627,0.96166253,0.8567573,0.9559286,0.9938182,0.8616247,0.9475571,0.9800739,0.8617213,0.9602997,0.999323,0.8569668,0.9579215,0.9844579,0.86925566,0.9687474,1.0031976,0.86227196,0.9645635,0.987987,0.87280893,0.97370523,0.98917574,0.86295563,0.96666515,0.9847228
2025-01-01 01:48:00,0.8566285,0.9566507,0.97422177,0.8494893,0.94443566,0.99213505,0.8543509,0.95866835,0.9616592,0.8567737,0.9559465,0.9938246,0.861645,0.94757867,0.98008543,0.8617496,0.96032697,0.9993351,0.8569905,0.9579446,0.9844643,0.86927706,0.968767,1.003196,0.8622837,0.96457696,0.9879771,0.8728191,0.97371703,0.98916245,0.8629624,0.966678,0.9847111
2025-01-01 01:49:00,0.8566197,0.95664215,0.97420776,0.8494822,0.9444257,0.9921252,0.8543484,0.9586721,0.9616564,0.8567874,0.9559617,0.99383104,0.8616633,0.94759834,0.9800973,0.86177486,0.96035147,0.9993474,0.85701156,0.9579648,0.9844709,0.8692948,0.96878284,1.0031943,0.8622919,0.96458614,0.9879674,0.87282485,0.9737239,0.9891493,0.8629653,0.96668595,0.9846996
2025-01-01 01:50:00,0.8566102,0.9566327,0.974194,0.849474,0.9444155,0.99211544,0.8543453,0.9586743,0.96165395,0.8567989,0.95597494,0.9938376,0.86168,0.9476162,0.9801093,0.86179775,0.9603736,0.9993597,0.8570304,0.95798266,0.98447764,0.8693095,0.96879554,1.0031928,0.86229724,0.9645919,0.9879577,0.87282705,0.97372687,0.9891361,0.86296505,0.9666899,0.9846884
2025-01-01 01:51:00,0.85660005,0.9566225,0.9741805,0.8494652,0.9444052,0.9921058,0.8543416,0.95867527,0.96165174,0.8568087,0.95598644,0.9938443,0.86169535,0.9476329,0.98012143,0.8618187,0.96039385,0.99937207,0.85704756,0.9579987,0.98448443,0.8693218,0.96880585,1.0031911,0.86230034,0.96459496,0.9879482,0.8728264,0.9737267,0.989123,0.86296237,0.96669066,0.98467726
2025-01-01 01:52:00,0.8565894,0.9566117,0.9741672,0.84945565,0.9443948,0.9920962,0.8543375,0.9586754,0.9616497,0.85681707,0.95599663,0.99385095,0.8617097,0.9476485,0.98013365,0.86183804,0.9604127,0.9993844,0.8570633,0.9580132,0.9844912,0.8693322,0.9688142,1.0031896,0.8623016,0.9645958,0.98793864,0.87282354,0.97372407,0.9891099,0.86295766,0.9666889,0.9846663
2025-01-01 01:53:00,0.85657835,0.9566005,0.97415394,0.8494457,0.94438434,0.99208665,0.8543331,0.9586747,0.9616478,0.85682434,0.9560058,0.9938578,0.8617233,0.94766337,0.98014593,0.86185616,0.9604304,0.9993968,0.85707784,0.9580265,0.9844981,0.86934096,0.96882087,1.0031879,0.86230135,0.96459484,0.9879291,0.87281877,0.97371936,0.9890968,0.86295134,0.9666851,0.9846554
2025-01-01 01:54:00,0.8565669,0.95658886,0.97414076,0.8494354,0.9443738,0.9920772,0.8543284,0.9586734,0.961646,0.85683084,0.9560142,0.99386466,0.8617362,0.9476775,0.9801582,0.86187327,0.960447,0.99940914,0.85709155,0.95803887,0.9845049,0.8693485,0.96882635,1.0031861,0.8623,0.9645925,0.98791957,0.87281257,0.97371304,0.98908377,0.86294377,0.96667975,0.9846445
2025-01-01 01:55:00,0.8565552,0.956577,0.97412765,0.8494248,0.9443633,0.99206775,0.85432345,0.9586717,0.96164435,0.85683656,0.95602196,0.99387157,0.8617486,0.9476911,0.98017055,0.86188954,0.9604629,0.9994215,0.8571045,0.95805043,0.9845116,0.8693551,0.96883076,1.0031844,0.8622976,0.96458906,0.98791003,0.87280524,0.9737055,0.9890707,0.86293525,0.9666731,0.9846336
2025-01-01 01:56:00,0.85654336,0.9565649,0.97411454,0.8494139,0.9443527,0.99205834,0.85431844,0.9586696,0.96164274,0.8568418,0.9560292,0.99387854,0.86176056,0.9477043,0.98018295,0.8619052,0.96047825,0.99943376,0.8571169,0.9580614,0.98451835,0.8693608,0.96883434,1.0031825,0.8622945,0.96458465,0.98790044,0.87279695,0.9736968,0.9890576,0.8629259,0.9666654,0.9846229
2025-01-01 01:57:00,0.8565313,0.9565525,0.9741015,0.8494028,0.9443421,0.992049,0.8543133,0.9586673,0.96164125,0.85684663,0.956036,0.9938856,0.86177224,0.94771725,0.98019534,0.86192036,0.960493,0.9994461,0.85712874,0.9580718,0.9845251,0.8693658,0.9688372,1.0031807,0.86229074,0.96457946,0.98789084,0.8727879,0.97368735,0.98904455,0.8629159,0.96665686,0.9846121
2025-01-01 01:58:00,0.8565191,0.95654005,0.9740885,0.84939164,0.94433147,0.9920397,0.85430807,0.9586647,0.96163976,0.8568511,0.9560425,0.9938926,0.8617837,0.94772995,0.9802078,0.861935,0.96050745,0.9994583,0.8571402,0.95808184,0.9845317,0.8693703,0.96883947,1.0031788,0.86228645,0.96457374,0.9878812,0.87277824,0.9736773,0.98903143,0.8629054,0.96664774,0.98460144
2025-01-01 01:59:00,0.85650676,0.9565275,0.97407544,0.8493803,0.94432086,0.9920304,0.8543028,0.958662,0.9616384,0.85685533,0.9560488,0.99389976,0.861795,0.9477424,0.98022026,0.86194944,0.9605216,0.9994706,0.8571513,0.95809144,0.9845383,0.86937433,0.9688413,1.0031768,0.86228174,0.9645675,0.9878715,0.87276804,0.97366655,0.9890183,0.8628945,0.9666381,0.9845908
2025-01-01 02:00:00,0.85677326,0.95696974,0.9708978,0.84973305,0.94458526,0.99146044,0.8546071,0.9593665,0.95897764,0.85761124,0.95692575,0.99337685,0.86243176,0.948547,0.9788049,0.86284286,0.96158177,0.99894977,0.8578777,0.9590023,0.9830022,0.8704296,0.9701104,1.0026177,0.8632659,0.96591306,0.9865069,0.8739944,0.97519714,0.9885115,0.8639728,0.9681635,0.9830904
2025-01-01 02:01:00,0.8569839,0.9573209,0.9688277,0.85001284,0.9447947,0.99108684,0.85484946,0.9599294,0.95724773,0.85821664,0.95762837,0.9930395,0.86294335,0.949193,0.9778893,0.8635602,0.9624325,0.9986155,0.8584607,0.9597326,0.98200595,0.8712742,0.97112566,1.0022535,0.8640519,0.96698785,0.9856164,0.874973,0.976419,0.9881774,0.864833,0.96938145,0.98211145
2025-01-01 02:02:00,0.85714984,0.95759934,0.9674777,0.8502344,0.9449602,0.9908408,0.8550423,0.9603792,0.95612293,0.8587016,0.9581916,0.9928228,0.8633546,0.94971216,0.9772985,0.8641367,0.96311563,0.99840254,0.8589291,0.96031845,0.9813606,0.8719503,0.97193784,1.002016,0.86467946,0.967846,0.98503417,0.8757535,0.97739387,0.9879557,0.8655186,0.97035354,0.9814715
2025-01-01 02:03:00,0.8572801,0.9578194,0.9665956,0.85040927,0.9450904,0.9906777,0.85519546,0.96073836,0.9553914,0.8590903,0.95864326,0.99268454,0.86368585,0.9501299,0.97691894,0.86460054,0.9636647,0.9982683,0.8593057,0.9607888,0.9809434,0.8724916,0.9725876,1.0018607,0.8651802,0.96853083,0.9846522,0.8763754,0.9781712,0.98780704,0.86606467,0.9711289,0.98105186
2025-01-01 02:04:00,0.85738164,0.95799285,0.9660177,0.85054684,0.9451925,0.9905686,0.85531706,0.9610251,0.9549156,0.859402,0.95900565,0.9925973,0.86395293,0.9504664,0.9766766,0.8649742,0.96410656,0.99818534,0.85960895,0.9611666,0.9806743,0.872925,0.9731073,1.001759,0.86557937,0.969077,0.98440045,0.8768705,0.9787906,0.98770577,0.866499,0.9717468,0.9807754
2025-01-01 02:05:00,0.8574603,0.958129,0.96563756,0.85065466,0.94527215,0.9904945,0.85541326,0.9612538,0.95460594,0.85965204,0.95929676,0.99254316,0.86416876,0.950738,0.9765234,0.8652758,0.9644625,0.99813557,0.85985345,0.9614705,0.98050165,0.8732721,0.97352296,1.0016922,0.8658975,0.9695123,0.9842334,0.8772641,0.97928345,0.9876354,0.86684406,0.9722389,0.98059213
2025-01-01 02:06:00,0.85752064,0.95823526,0.9653859,0.8507385,0.9453338,0.9904432,0.8554892,0.9614363,0.95440435,0.8598528,0.95953083,0.9925106,0.86434364,0.9509577,0.97642833,0.8655197,0.9647498,0.9981075,0.860051,0.9617152,0.98039156,0.8735501,0.97385544,1.0016477,0.86615056,0.9698587,0.9841212,0.87757653,0.9796752,0.98758507,0.8671175,0.97263026,0.9804693
2025-01-01 02:07:00,0.8575664,0.95831764,0.96521777,0.8508034,0.94538105,0.9904068,0.8555489,0.9615816,0.9542731,0.8600142,0.9597192,0.99249214,0.8644856,0.95113575,0.97637093,0.86571735,0.9649823,0.9980934,0.8602109,0.9619125,0.9803221,0.8737729,0.9741213,1.001618,0.86635166,0.9701342,0.98404485,0.87782395,0.97998595,0.9875477,0.8673338,0.972941,0.9803859
2025-01-01 02:08:00,0.8576004,0.95838094,0.9651039,0.8508529,0.94541675,0.99038,0.8555957,0.9616973,0.95418745,0.860144,0.959871,0.9924828,0.86460143,0.95128065,0.976338,0.86587816,0.96517074,0.99808854,0.8603407,0.96207196,0.9802791,0.8739515,0.97433394,1.0015978,0.8665112,0.9703528,0.9839916,0.87801945,0.980232,0.9875189,0.8675044,0.9731873,0.980328
2025-01-01 02:09:00,0.857625,0.958429,0.9650254,0.8508903,0.94544333,0.99035954,0.8556322,0.9617893,0.95413154,0.8602486,0.95999366,0.9924794,0.86469615,0.95139897,0.9763211,0.86600935,0.96532404,0.99808955,0.86044645,0.962201,0.9802533,0.8740947,0.9745039,1.0015836,0.86663747,0.970526,0.98395354,0.8781734,0.98042625,0.98749554,0.86763847,0.9733821,0.98028684
2025-01-01 02:10:00,0.8576421,0.95846474,0.9649698,0.8509179,0.9454625,0.99034315,0.8556604,0.9618624,0.95409495,0.8603331,0.96009296,0.99247986,0.86477417,0.9514959,0.9763145,0.866117,0.9654493,0.9980944,0.860533,0.96230584,0.98023856,0.8742096,0.9746397,1.0015734,0.866737,0.97066283,0.98392516,0.8782941,0.9805791,0.9874758,0.8677432,0.97353566,0.98025656
2025-01-01 02:11:00,0.8576532,0.9584907,0.9649292,0.85093766,0.9454758,0.99032944,0.85568196,0.96192026,0.95407104,0.8604015,0.9601736,0.9924829,0.8648388,0.95157593,0.9763146,0.8662057,0.9655519,0.9981018,0.86060405,0.9623913,0.9802311,0.8743018,0.9747483,1.0015659,0.86681527,0.97077054,0.98390317,0.87838817,0.9806987,0.9874584,0.8678245,0.9736562,0.98023325
2025-01-01 02:12:00,0.8576595,0.9585089,0.9648983,0.8509512,0.94548446,0.9903175,0.8556983,0.96196604,0.95405525,0.86045694,0.96023935,0.99248767,0.8648926,0.95164233,0.9763192,0.86627924,0.9656366,0.99811065,0.8606628,0.9624612,0.9802283,0.8743759,0.974835,1.0015601,0.86687654,0.97085494,0.9838852,0.87846094,0.98079187,0.9874425,0.86788714,0.97375035,0.9802146
2025-01-01 02:13:00,0.85766196,0.9585208,0.9648737,0.8509598,0.9454894,0.99030674,0.8557104,0.96200216,0.9540448,0.8605021,0.9602932,0.99249345,0.8649379,0.9516978,0.9763266,0.8663407,0.9657069,0.99812067,0.86071163,0.9625186,0.9802285,0.8744354,0.9749042,1.0015553,0.86692405,0.9709207,0.98387,0.8785166,0.9808638,0.98742753,0.86793476,0.9738234,0.9801989
2025-01-01 02:14:00,0.8576613,0.95852774,0.9648531,0.85096437,0.9454913,0.9902968,0.8557192,0.9620306,0.9540379,0.86053914,0.9603374,0.99250007,0.86497635,0.9517447,0.9763359,0.86639243,0.96576566,0.9981313,0.86075264,0.962566,0.9802306,0.87448335,0.9749593,1.0015512,0.8669607,0.97097147,0.9838565,0.8785587,0.98091877,0.9874132,0.8679704,0.97387964,0.9801852
2025-01-01 02:15:00,0.8576582,0.95853066,0.9648353,0.85096574,0.9454908,0.99028724,0.8557253,0.9620528,0.95403326,0.86056954,0.96037406,0.99250704,0.8650093,0.95178455,0.9763464,0.8664365,0.9658151,0.9981423,0.8607872,0.9626055,0.98023397,0.87452185,0.9750033,1.0015473,0.8669886,0.9710103,0.9838441,0.87858987,0.98096013,0.9873994,0.8679965,0.97392243,0.9801728
2025-01-01 02:16:00,0.85765314,0.95853037,0.9648192,0.8509646,0.9454884,0.9902782,0.8557292,0.9620701,0.95403016,0.86059475,0.96040463,0.99251443,0.86503786,0.9518189,0.9763576,0.86647433,0.9658573,0.9981537,0.8608167,0.9626385,0.98023814,0.87455297,0.97503823,1.0015439,0.86700946,0.97103965,0.9838324,0.87861234,0.9809906,0.98738575,0.8680149,0.9739543,0.9801612
2025-01-01 02:17:00,0.85764647,0.9585275,0.9648042,0.8509615,0.9454845,0.9902693,0.8557315,0.9620835,0.95402807,0.8606157,0.9604304,0.99252206,0.865063,0.9518488,0.9763694,0.8665072,0.9658935,0.9981652,0.86084217,0.96266645,0.98024285,0.8745781,0.975066,1.0015405,0.86702466,0.9710612,0.98382115,0.8786278,0.9810124,0.98737234,0.86802715,0.9739776,0.9801502
2025-01-01 02:18:00,0.8576385,0.9585226,0.9647899,0.85095674,0.94547945,0.99026054,0.85573244,0.9620938,0.95402664,0.8606334,0.96045214,0.9925298,0.86508524,0.95187515,0.97638154,0.8665361,0.965925,0.99817675,0.8608643,0.9626903,0.98024786,0.87459844,0.97508806,1.0015372,0.8670353,0.9710767,0.9838102,0.8786376,0.9810272,0.9873589,0.8680346,0.9739941,0.98013955
2025-01-01 02:19:00,0.8576296,0.9585161,0.96477616,0.85095066,0.94547343,0.99025196,0.85573226,0.96210146,0.95402557,0.86064833,0.9604709,0.99253774,0.8651053,0.9518987,0.9763939,0.8665618,0.96595263,0.99818844,0.86088383,0.9627108,0.980253,0.87461495,0.9751054,1.001534,0.8670424,0.9710873,0.9837994,0.878643,0.9810365,0.98734576,0.8680381,0.97400504,0.9801292
2025-01-01 02:20:00,0.8576198,0.95850825,0.9647628,0.8509436,0.9454666,0.99024343,0.8557313,0.96210724,0.9540249,0.8606612,0.96048725,0.9925457,0.86512357,0.9519199,0.9764064,0.86658496,0.9659773,0.99820006,0.8609013,0.9627287,0.9802582,0.8746284,0.97511905,1.0015306,0.8670466,0.97109395,0.9837887,0.87864476,0.9810413,0.9873326,0.8680385,0.9740115,0.980119
2025-01-01 02:21:00,0.85760945,0.9584994,0.9647496,0.8509357,0.94545925,0.99023503,0.8557297,0.9621115,0.9540245,0.8606724,0.96050155,0.9925538,0.8651405,0.95193934,0.97641903,0.86660606,0.96599954,0.9982118,0.8609171,0.9627445,0.98026353,0.87463933,0.9751297,1.0015273,0.86704844,0.9710974,0.98377806,0.8786437,0.98104256,0.9873194,0.8680363,0.97401446,0.9801089
2025-01-01 02:22:00,0.85759854,0.9584896,0.9647365,0.85092723,0.9454514,0.9902267,0.8557275,0.9621144,0.95402426,0.86068225,0.9605143,0.99256194,0.86515623,0.95195735,0.9764317,0.86662555,0.96601987,0.9982234,0.86093146,0.9627585,0.98026884,0.8746482,0.975138,1.0015241,0.8670485,0.9710984,0.9837674,0.8786403,0.98104095,0.9873063,0.8680323,0.97401464,0.98009896
2025-01-01 02:23:00,0.8575872,0.95847917,0.9647235,0.8509182,0.9454431,0.9902184,0.85572493,0.96211636,0.9540241,0.8606911,0.9605258,0.99257016,0.8651711,0.95197415,0.9764445,0.8666437,0.9660386,0.99823517,0.86094475,0.9627712,0.9802742,0.8746555,0.9751444,1.0015208,0.86704695,0.9710973,0.9837568,0.87863505,0.981037,0.9872932,0.86802655,0.97401255,0.98008907
2025-01-01 02:24:00,0.8575755,0.95846826,0.9647106,0.85090876,0.9454346,0.99021024,0.85572207,0.9621175,0.954024,0.86069906,0.96053636,0.9925784,0.86518526,0.95199007,0.97645724,0.8666609,0.96605605,0.99824685,0.8609572,0.9627827,0.98027945,0.87466145,0.9751492,1.0015173,0.8670442,0.97109455,0.9837461,0.8786284,0.9810313,0.9872801,0.8680195,0.97400874,0.9800793
2025-01-01 02:25:00,0.85756356,0.9584569,0.9646977,0.850899,0.9454258,0.990202,0.855719,0.962118,0.9540241,0.8607064,0.96054614,0.99258673,0.86519885,0.95200527,0.97647005,0.8666772,0.96607244,0.9982585,0.8609688,0.9627933,0.9802847,0.87466645,0.97515273,1.0015138,0.86704046,0.9710905,0.9837355,0.8786204,0.9810241,0.987267,0.86801153,0.97400343,0.9800695
2025-01-01 02:26:00,0.8575514,0.95844513,0.9646849,0.850889,0.9454169,0.9901939,0.8557157,0.96211815,0.95402414,0.8607131,0.9605553,0.9925951,0.865212,0.9520199,0.9764829,0.8666929,0.9660881,0.9982701,0.8609799,0.9628032,0.9802899,0.8746705,0.97515523,1.0015104,0.8670359,0.97108537,0.98372483,0.87861156,0.98101574,0.9872539,0.8680028,0.97399706,0.98005986
2025-01-01 02:27:00,0.857539,0.9584332,0.9646721,0.8508789,0.94540787,0.99018586,0.85571223,0.96211785,0.9540244,0.8607195,0.96056396,0.9926035,0.8652248,0.952034,0.9764958,0.86670804,0.9661031,0.99828166,0.8609905,0.96281254,0.98029506,0.87467396,0.97515696,1.0015068,0.8670308,0.9710794,0.9837141,0.87860197,0.98100644,0.9872408,0.8679933,0.9739897,0.9800502
2025-01-01 02:28:00,0.85752654,0.958421,0.96465933,0.8508686,0.94539875,0.9901778,0.8557087,0.96211725,0.9540246,0.8607256,0.96057224,0.99261194,0.8652373,0.9520479,0.9765087,0.86672264,0.96611756,0.9982933,0.8610008,0.96282136,0.9803002,0.87467676,0.975158,1.0015032,0.8670251,0.9710727,0.9837034,0.8785917,0.9809964,0.98722774,0.86798346,0.97398174,0.9800406
2025-01-01 02:29:00,0.8575139,0.95840865,0.9646466,0.8508581,0.9453895,0.9901698,0.85570514,0.9621164,0.954025,0.8607314,0.9605803,0.9926204,0.8652496,0.9520614,0.97652155,0.86673695,0.96613157,0.9983048,0.8610107,0.96282977,0.98030525,0.87467915,0.97515845,1.0014995,0.867019,0.97106546,0.98369265,0.878581,0.98098576,0.9872147,0.8679731,0.9739732,0.980031
2025-01-01 02:30:00,0.8577844,0.95898926,0.961829,0.85122734,0.94585234,0.9896796,0.856057,0.9629729,0.95183504,0.86144954,0.96157676,0.9921764,0.8659282,0.95307136,0.9753038,0.86764824,0.9674227,0.99786025,0.86169815,0.96383864,0.97898144,0.87574667,0.97663075,1.0010154,0.8680125,0.9725749,0.98251724,0.8798016,0.98267746,0.98677695,0.86904,0.9756254,0.9787472
2025-01-01 02:31:00,0.85799813,0.9594512,0.9599931,0.8515206,0.94622076,0.9893581,0.8563378,0.9636577,0.9504118,0.86202514,0.96237534,0.9918908,0.8664733,0.9538818,0.97451687,0.86837995,0.968458,0.99757534,0.8622498,0.9646471,0.97812265,0.8766008,0.97780824,1.0006995,0.86880565,0.9737805,0.9817494,0.88077545,0.98402816,0.986488,0.86989117,0.97694504,0.9779093
2025-01-01 02:32:00,0.8581665,0.9598181,0.95879537,0.851753,0.9465136,0.98914653,0.8565617,0.9642052,0.9494869,0.86248654,0.9630156,0.99170816,0.8669117,0.9545326,0.9740098,0.8689678,0.9692887,0.99739414,0.8626928,0.9652952,0.9775661,0.8772841,0.9787498,1.0004927,0.8694386,0.9747431,0.98124653,0.88155204,0.98510617,0.9862955,0.87056977,0.9779986,0.9773615
2025-01-01 02:33:00,0.8582986,0.96010906,0.9580124,0.8519368,0.946746,0.9890062,0.85674006,0.96464294,0.9488859,0.8628567,0.9635293,0.9915926,0.8672648,0.9550558,0.9736848,0.8694407,0.9699558,0.99728036,0.8630489,0.965815,0.97720605,0.87783086,0.9795027,1.0003569,0.8699434,0.97551125,0.9809158,0.88217074,0.9859659,0.9861658,0.87111026,0.9788393,0.97700214
2025-01-01 02:34:00,0.85840166,0.9603392,0.9574991,0.8520817,0.94693005,0.98891234,0.85688204,0.9649929,0.94849557,0.8631539,0.96394163,0.99152046,0.86754954,0.9554768,0.973478,0.8698216,0.9704919,0.9972103,0.86333555,0.9662322,0.9769737,0.8782683,0.9801046,1.0002673,0.87034553,0.9761238,0.980697,0.8826632,0.9866511,0.98607695,0.8715403,0.9795097,0.9767653
2025-01-01 02:35:00,0.8584815,0.9605207,0.95716095,0.85219544,0.9470754,0.9888487,0.856995,0.9652725,0.94824207,0.86339265,0.9642729,0.9914767,0.8677797,0.95581615,0.97334814,0.87012887,0.97092324,0.9971688,0.86356646,0.9665672,0.9768242,0.87861824,0.9805857,1.0002075,0.87066567,0.9766119,0.9805509,0.88305455,0.9871966,0.98601466,0.8718819,0.98004395,0.9766081
2025-01-01 02:36:00,0.8585428,0.96066326,0.9569368,0.8522844,0.94719,0.98880464,0.8570846,0.965496,0.9480777,0.8635847,0.9645394,0.9914513,0.8679661,0.9560901,0.9732683,0.87037724,0.97127074,0.9971457,0.8637529,0.9668366,0.97672874,0.87889826,0.9809702,1.0001673,0.8709202,0.9770005,0.98045206,0.8833651,0.9876304,0.98596966,0.8721529,0.9804692,0.9765027
2025-01-01 02:37:00,0.8585892,0.9607747,0.95678663,0.8523534,0.9472797,0.9887734,0.85715556,0.9656746,0.9479711,0.86373943,0.96475405,0.991438,0.86811763,0.95631176,0.97322094,0.8705785,0.9715511,0.9971347,0.8639037,0.9670533,0.97666824,0.8791223,0.98127735,1.0001396,0.87112206,0.97730935,0.98038393,0.88361096,0.9879749,0.9859358,0.8723674,0.98080736,0.976431
2025-01-01 02:38:00,0.8586236,0.96086127,0.95668465,0.85240644,0.9473497,0.9887504,0.8572117,0.9658172,0.94790214,0.86386424,0.9649272,0.9914324,0.86824113,0.9564916,0.97319466,0.87074214,0.9717779,0.99713147,0.86402595,0.967228,0.97663045,0.87930155,0.9815226,1.00012,0.871282,0.97755444,0.98033583,0.8838051,0.98824775,0.9859092,0.8725366,0.9810757,0.97638124
2025-01-01 02:39:00,0.8586486,0.96092796,0.95661396,0.8524468,0.9474039,0.9887329,0.857256,0.9659311,0.9478577,0.8639653,0.9650672,0.991432,0.8683423,0.956638,0.97318214,0.87087554,0.97196174,0.9971333,0.8641254,0.967369,0.97660744,0.8794449,0.98171836,1.000106,0.8714082,0.9777486,0.9803006,0.88395786,0.9884635,0.9858874,0.8726696,0.9812883,0.97634566
2025-01-01 02:40:00,0.858666,0.9609787,0.9565636,0.85247695,0.94744545,0.9887189,0.85729074,0.96602196,0.9478291,0.8640471,0.9651807,0.9914349,0.86842555,0.9567576,0.97317857,0.87098485,0.9721112,0.9971384,0.86420655,0.9674831,0.97659403,0.8795596,0.9818745,1.0000952,0.8715076,0.9779019,0.98027384,0.8840775,0.98863345,0.9858687,0.8727737,0.9814563,0.9763193
2025-01-01 02:41:00,0.85867727,0.9610167,0.95652646,0.852499,0.94747686,0.98870724,0.8573179,0.9660945,0.94781095,0.8641137,0.96527296,0.99143994,0.8684946,0.95685583,0.9731808,0.87107486,0.9722333,0.9971456,0.86427313,0.9675756,0.9765868,0.8796513,0.981999,1.0000868,0.87158537,0.9780226,0.9802525,0.8841706,0.9887668,0.98585194,0.8728547,0.9815886,0.9762991
2025-01-01 02:42:00,0.85868365,0.9610445,0.956498,0.85251456,0.9475002,0.9886971,0.857339,0.96615225,0.94779956,0.8641681,0.9653483,0.99144644,0.8685521,0.9569369,0.9731868,0.8711494,0.9723333,0.9971542,0.86432797,0.96765083,0.9765836,0.8797246,0.98209804,1.0000796,0.8716459,0.9781171,0.9802347,0.88424253,0.98887086,0.9858365,0.8729172,0.98169243,0.97628284
2025-01-01 02:43:00,0.85868615,0.9610641,0.9564751,0.85252494,0.94751716,0.988688,0.8573553,0.9661984,0.9477926,0.86421275,0.96541005,0.9914539,0.8686004,0.9570043,0.97319525,0.8712116,0.97241575,0.99716365,0.8643735,0.9677123,0.97658306,0.8797832,0.9821768,1.0000734,0.87169266,0.9781907,0.9802192,0.8842975,0.98895144,0.985822,0.8729648,0.9817734,0.97626907
2025-01-01 02:44:00,0.8586855,0.9610772,0.9564558,0.8525312,0.9475289,0.9886796,0.8573677,0.96623504,0.9477885,0.8642496,0.96546096,0.9914619,0.86864156,0.9570607,0.97320527,0.8712639,0.9724841,0.99717367,0.86441153,0.96776265,0.9765841,0.87983,0.98223925,1.0000678,0.87172836,0.9782476,0.9802052,0.88433886,0.9890133,0.98580796,0.87300056,0.981836,0.9762571
2025-01-01 02:45:00,0.85868233,0.9610851,0.9564389,0.85253406,0.9475365,0.98867154,0.85737705,0.9662643,0.94778633,0.86428016,0.9655033,0.99147034,0.8686768,0.9571084,0.9732164,0.87130827,0.9725412,0.99718404,0.86444354,0.9678042,0.9765862,0.8798674,0.9822887,1.0000625,0.87175524,0.9782911,0.9801921,0.88436943,0.98906016,0.98579437,0.87302697,0.9818841,0.9762461
2025-01-01 02:46:00,0.8586772,0.96108884,0.9564236,0.85253435,0.9475409,0.9886639,0.8573839,0.9662875,0.94778544,0.86430585,0.9655386,0.99147904,0.86870736,0.957149,0.97322816,0.8713463,0.9725893,0.9971946,0.86447066,0.9678386,0.9765891,0.8798972,0.98232776,1.0000575,0.87177503,0.9783238,0.98017967,0.88439125,0.98909503,0.985781,0.8730457,0.98192054,0.9762359
2025-01-01 02:47:00,0.8586705,0.9610892,0.9564093,0.85253257,0.94754255,0.98865646,0.8573889,0.966306,0.9477853,0.86432755,0.9655685,0.991488,0.8687342,0.95718414,0.9732404,0.87137926,0.9726302,0.9972053,0.86449397,0.9678673,0.9765923,0.8799209,0.98235846,1.0000525,0.8717891,0.978348,0.98016757,0.88440615,0.9891203,0.9857677,0.87305844,0.98194766,0.9762263
2025-01-01 02:48:00,0.8586625,0.9610869,0.9563956,0.85252905,0.94754225,0.9886492,0.8573923,0.9663206,0.94778574,0.8643461,0.9655939,0.9914971,0.8687581,0.9572148,0.9732529,0.8714082,0.9726652,0.9972161,0.8645142,0.96789145,0.9765958,0.87993973,0.9823825,1.0000477,0.87179863,0.9783653,0.9801557,0.8844155,0.9891379,0.9857546,0.87306637,0.9819673,0.9762169
2025-01-01 02:49:00,0.85865355,0.9610826,0.95638245,0.85252416,0.9475402,0.988642,0.8573945,0.9663322,0.9477866,0.86436206,0.96561575,0.99150634,0.86877954,0.9572418,0.9732655,0.8714339,0.97269565,0.99722695,0.8645318,0.96791196,0.9765994,0.87995476,0.9824011,1.0000428,0.87180454,0.9783771,0.980144,0.8844204,0.9891494,0.98574156,0.8730704,0.981981,0.97620785
2025-01-01 02:50:00,0.8586437,0.9610765,0.9563695,0.85251826,0.9475369,0.9886349,0.8573957,0.96634144,0.94778776,0.86437607,0.9656349,0.99151564,0.8687991,0.9572659,0.97327834,0.871457,0.97272235,0.9972378,0.86454755,0.9679295,0.97660315,0.87996656,0.9824154,1.0000378,0.87180746,0.97838444,0.98013234,0.8844217,0.98915595,0.98572856,0.8730714,0.9819899,0.9761989
2025-01-01 02:51:00,0.8586332,0.96106905,0.95635676,0.85251147,0.9475325,0.98862785,0.8573961,0.9663487,0.9477891,0.86438847,0.96565175,0.991525,0.86881715,0.9572878,0.97329134,0.87147796,0.97274613,0.99724865,0.8645616,0.9679447,0.97660685,0.87997586,0.9824262,1.0000329,0.87180805,0.97838825,0.98012084,0.88442016,0.9891586,0.98571557,0.8730699,0.98199505,0.9761901
2025-01-01 02:52:00,0.8586222,0.96106046,0.9563441,0.8525041,0.9475273,0.9886209,0.85739595,0.9663544,0.94779056,0.8643996,0.9656669,0.99153435,0.8688341,0.9573078,0.97330433,0.8714973,0.97276753,0.99725944,0.86457443,0.967958,0.97661054,0.8799832,0.9824344,1.000028,0.8718068,0.97838926,0.9801093,0.88441634,0.98915803,0.9857026,0.87306637,0.98199713,0.9761813
2025-01-01 02:53:00,0.85861075,0.96105105,0.9563317,0.85249615,0.94752145,0.988614,0.8573953,0.96635896,0.9477921,0.86440974,0.96568054,0.9915439,0.86884993,0.9573264,0.9733173,0.8715153,0.97278696,0.9972703,0.8645862,0.9679697,0.97661424,0.87998885,0.98244023,1.000023,0.871804,0.97838795,0.9800978,0.88441074,0.989155,0.9856897,0.8730614,0.9819969,0.97617275
2025-01-01 02:54:00,0.85859895,0.961041,0.9563193,0.8524878,0.9475151,0.9886072,0.8573943,0.96636254,0.9477938,0.86441916,0.96569306,0.99155337,0.8688651,0.9573439,0.9733303,0.87153214,0.9728049,0.9972811,0.8645971,0.9679802,0.97661793,0.87999326,0.98244435,1.000018,0.8717999,0.97838485,0.98008615,0.8844036,0.9891499,0.9856768,0.8730551,0.9819946,0.9761641
2025-01-01 02:55:00,0.8585869,0.9610303,0.95630693,0.8524791,0.9475083,0.9886005,0.857393,0.96636534,0.94779557,0.86442786,0.96570474,0.99156296,0.8688796,0.9573603,0.97334343,0.8715482,0.9728216,0.9972918,0.8646073,0.96798974,0.97662157,0.87999654,0.9824469,1.0000129,0.8717949,0.9783802,0.98007464,0.8843953,0.98914325,0.9856639,0.87304777,0.9819908,0.97615564
2025-01-01 02:56:00,0.8585746,0.9610192,0.95629454,0.85247016,0.9475012,0.98859376,0.85739154,0.9663676,0.9477974,0.8644361,0.96571565,0.99157256,0.8688937,0.95737606,0.9733565,0.87156355,0.9728373,0.99730253,0.864617,0.96799845,0.9766252,0.879999,0.9824484,1.0000079,0.87178904,0.9783745,0.9800631,0.88438606,0.9891353,0.985651,0.8730398,0.9819858,0.9761472
2025-01-01 02:57:00,0.85856223,0.9610078,0.95628226,0.852461,0.94749385,0.98858714,0.85738987,0.9663694,0.9477993,0.86444396,0.9657261,0.9915822,0.86890733,0.95739126,0.97336954,0.8715783,0.97285223,0.99731326,0.8646262,0.96800655,0.9766287,0.88000065,0.98244894,1.0000026,0.8717826,0.97836775,0.98005146,0.88437605,0.9891263,0.9856382,0.87303114,0.9819799,0.9761388
2025-01-01 02:58:00,0.85854965,0.96099603,0.95627004,0.8524517,0.94748634,0.9885805,0.85738814,0.9663708,0.9478013,0.8644515,0.96573603,0.99159193,0.86892074,0.9574059,0.97338265,0.87159264,0.97286654,0.99732393,0.86463505,0.96801406,0.97663224,0.88000184,0.98244864,0.99999744,0.87177557,0.97836024,0.98003983,0.88436544,0.9891165,0.9856253,0.87302196,0.9819732,0.9761304
2025-01-01 02:59:00,0.858537,0.9609841,0.9562578,0.8524423,0.94747865,0.98857397,0.85738623,0.96637195,0.9478033,0.86445886,0.9657456,0.99160165,0.8689338,0.95742023,0.9733957,0.8716066,0.9728803,0.99733454,0.8646436,0.96802115,0.9766357,0.88000256,0.98244774,0.99999213,0.8717682,0.9783522,0.9800282,0.88435435,0.98910606,0.9856125,0.8730124,0.98196584,0.9761221
2025-01-01 03:00:00,0.8588065,0.9616927,0.9538505,0.8528214,0.9481317,0.98817194,0.85777944,0.9673649,0.94612336,0.86512655,0.9668439,0.99124426,0.8696422,0.9586175,0.97239745,0.8725196,0.9743793,0.99697423,0.86528,0.9691101,0.9755477,0.8810633,0.98409694,0.99959165,0.8727533,0.97999865,0.9790629,0.8855474,0.99092865,0.9852518,0.87404877,0.98371536,0.97507775
2025-01-01 03:01:00,0.85901946,0.962257,0.9522815,0.85312265,0.9486525,0.9879085,0.8580936,0.9681593,0.9450322,0.865662,0.9677242,0.9910155,0.87021136,0.95957786,0.9717531,0.87325245,0.9755808,0.9967437,0.86579055,0.9699822,0.97484165,0.8819117,0.9854156,0.9993294,0.8735396,0.98131365,0.9784314,0.8864992,0.99238414,0.98501277,0.87487566,0.985113,0.97439605
2025-01-01 03:02:00,0.8591872,0.9627059,0.95125735,0.8533617,0.9490675,0.987735,0.8583445,0.9687948,0.9443237,0.86609167,0.9684301,0.99087024,0.8706691,0.9603488,0.9713389,0.8738412,0.9765443,0.99659747,0.86620045,0.97068095,0.97438383,0.8825901,0.9864698,0.999157,0.87416685,0.9823635,0.9780168,0.8872581,0.9935459,0.984853,0.87553495,0.9862292,0.97395015
2025-01-01 03:03:00,0.8593188,0.9630625,0.9505875,0.85355103,0.9493979,0.98762006,0.8585449,0.96930337,0.94386405,0.8664367,0.96899647,0.99077934,0.8710377,0.960968,0.9710742,0.8743148,0.9773174,0.9965061,0.86652976,0.971241,0.97408736,0.8831326,0.98731244,0.999043,0.8746667,0.98320127,0.97774315,0.8878626,0.99447274,0.98474467,0.87606025,0.9871203,0.9736574
2025-01-01 03:04:00,0.85942143,0.9633452,0.9501478,0.8537006,0.94966066,0.98754317,0.85870475,0.9697103,0.943566,0.8667141,0.9694513,0.9907237,0.8713351,0.961466,0.9709068,0.87469614,0.97793823,0.9964503,0.86679465,0.97169006,0.9738957,0.88356626,0.9879858,0.99896693,0.87506473,0.98386925,0.9775611,0.8883436,0.99521154,0.9846698,0.87647825,0.9878312,0.9734644
2025-01-01 03:05:00,0.85950094,0.9635688,0.94985783,0.8538183,0.9498692,0.987491,0.85883236,0.97003585,0.9433732,0.8669374,0.96981686,0.99069107,0.8715755,0.96186703,0.97080255,0.87500364,0.9784372,0.9964177,0.867008,0.97205025,0.9737722,0.88391286,0.9885237,0.99891555,0.87538123,0.9844015,0.9774387,0.8887257,0.9958,0.9846167,0.8768105,0.98839796,0.97333616
2025-01-01 03:06:00,0.859562,0.9637452,0.94966507,0.85391057,0.95003456,0.987455,0.85893404,0.97029644,0.9432488,0.86711735,0.9701111,0.99067336,0.8717702,0.9621904,0.97073936,0.8752521,0.9788386,0.9964001,0.86717993,0.97233945,0.97369295,0.88418984,0.9889534,0.9988801,0.8756326,0.9848252,0.977355,0.88902885,0.99626815,0.9845777,0.87707406,0.9888495,0.97325
2025-01-01 03:07:00,0.8596081,0.96388376,0.9495356,0.8539825,0.9501652,0.9874294,0.85901505,0.970505,0.9431688,0.8672627,0.9703482,0.99066544,0.8719285,0.9624516,0.9707029,0.8754534,0.97916216,0.9963923,0.8673189,0.9725718,0.97364247,0.8844111,0.9892963,0.998855,0.8758318,0.98516196,0.9772964,0.8892687,0.9966401,0.9845479,0.8772828,0.9892089,0.97319126
2025-01-01 03:08:00,0.85964245,0.96399206,0.9494473,0.8540381,0.9502682,0.9874107,0.85907954,0.9706719,0.94311774,0.8673804,0.97053957,0.9906638,0.8720577,0.96266323,0.9706838,0.8756169,0.97942317,0.9963908,0.8674315,0.97275865,0.9736107,0.88458776,0.9895699,0.9988367,0.8759892,0.98542917,0.97725415,0.889458,0.996935,0.98452413,0.8774476,0.9894945,0.9731503
2025-01-01 03:09:00,0.85966724,0.9640762,0.94938564,0.85408074,0.95034903,0.9873964,0.8591308,0.9708056,0.9430855,0.86747587,0.9706944,0.9906663,0.8721634,0.9628351,0.970676,0.8757502,0.97963434,0.99639344,0.8675229,0.9729091,0.97359097,0.8847287,0.98978794,0.9988227,0.8761133,0.98564076,0.9772225,0.88960683,0.9971683,0.98450416,0.8775773,0.9897211,0.973121
2025-01-01 03:10:00,0.8596845,0.964141,0.9493414,0.854113,0.95041215,0.9873851,0.85917145,0.97091264,0.94306546,0.8675536,0.97082007,0.99067146,0.8722505,0.96297514,0.9706754,0.8758592,0.97980547,0.9963987,0.8675974,0.9730304,0.97357905,0.88484114,0.9899616,0.99881154,0.87621063,0.9858079,0.9771977,0.8897233,0.99735236,0.9844868,0.87767893,0.9899006,0.97309923
2025-01-01 03:11:00,0.85969573,0.96419024,0.94930845,0.8541369,0.9504611,0.9873757,0.8592037,0.97099847,0.9430535,0.86761725,0.97092235,0.9906784,0.8723226,0.9630898,0.9706797,0.87594897,0.97994465,0.9964056,0.8676583,0.9731283,0.9735723,0.8849307,0.99009967,0.9988022,0.87628657,0.9859393,0.97717744,0.88981384,0.99749696,0.98447114,0.8777581,0.99004227,0.97308236
2025-01-01 03:12:00,0.8597021,0.96422714,0.9492828,0.8541541,0.95049876,0.9873675,0.8592292,0.97106725,0.9430467,0.86766964,0.9710059,0.99068654,0.8723829,0.9631842,0.97068703,0.8760232,0.9800583,0.9964137,0.8677084,0.9732076,0.97356886,0.88500196,0.99020934,0.99879396,0.87634534,0.98604226,0.97716004,0.88988364,0.99761003,0.9844565,0.87781924,0.99015373,0.9730688
2025-01-01 03:13:00,0.8597046,0.96425414,0.9492621,0.8541661,0.95052737,0.98736024,0.85924935,0.97112244,0.94304335,0.8677129,0.9710745,0.9906954,0.8724335,0.9632622,0.9706964,0.876085,0.9801515,0.99642247,0.86774975,0.97327197,0.9735674,0.8850585,0.99029624,0.9987865,0.87639046,0.9861224,0.97714454,0.88993686,0.9976979,0.98444253,0.877866,0.9902411,0.97305727
2025-01-01 03:14:00,0.859704,0.96427315,0.94924444,0.8541738,0.95054877,0.9873535,0.8592652,0.97116685,0.94304216,0.867749,0.9711312,0.9907048,0.8724765,0.9633272,0.97070706,0.8761369,0.98022825,0.9964317,0.86778414,0.97332436,0.9735674,0.8851034,0.9903649,0.99877954,0.8764247,0.98618436,0.9771302,0.8899768,0.9977656,0.98442906,0.8779014,0.9903092,0.97304714
2025-01-01 03:15:00,0.8597009,0.9642859,0.94922876,0.85417813,0.9505643,0.9873471,0.8592776,0.9712025,0.94304246,0.86777925,0.9711784,0.99071455,0.8725135,0.9633818,0.9707186,0.8761809,0.9802919,0.9964412,0.86781293,0.97336715,0.97356826,0.8851389,0.99041903,0.9987728,0.87645,0.9862317,0.97711664,0.8900062,0.99781716,0.9844159,0.8779275,0.9903618,0.97303796
2025-01-01 03:16:00,0.8596958,0.9642936,0.9492145,0.8541798,0.95057535,0.98734105,0.8592873,0.9712312,0.9430437,0.8678049,0.97121793,0.99072456,0.8725455,0.9634281,0.9707307,0.87621844,0.9803451,0.99645084,0.8678373,0.9734023,0.97356963,0.8851668,0.9904614,0.99876624,0.8764683,0.9862673,0.97710365,0.89002705,0.99785584,0.9844029,0.8779463,0.9904021,0.9730293
2025-01-01 03:17:00,0.8596891,0.96429724,0.9492011,0.8541793,0.9505827,0.9873351,0.85929483,0.9712544,0.9430456,0.86782694,0.97125137,0.9907347,0.8725736,0.9634678,0.9707432,0.876251,0.98038983,0.99646056,0.86785805,0.9734313,0.97357136,0.88518876,0.9904945,0.99875975,0.876481,0.9862936,0.9770909,0.8900412,0.9978841,0.98439014,0.87795925,0.9904325,0.97302115
2025-01-01 03:18:00,0.8596812,0.9642976,0.9491883,0.85417706,0.95058703,0.9873293,0.8593007,0.9712732,0.94304806,0.867846,0.9712799,0.99074495,0.87259865,0.9635021,0.9707558,0.8762794,0.9804279,0.9964704,0.86787593,0.9734553,0.97357327,0.8852058,0.99052006,0.9987533,0.87648916,0.9863124,0.9770784,0.89004976,0.9979042,0.9843774,0.8779675,0.99045503,0.9730133
2025-01-01 03:19:00,0.8596722,0.9642954,0.94917583,0.8541734,0.9505891,0.98732364,0.8593051,0.97128844,0.94305074,0.86786276,0.9713046,0.9907553,0.8726212,0.96353215,0.97076863,0.8763046,0.9804606,0.99648017,0.8678915,0.9734754,0.9735753,0.88521904,0.9905396,0.9987469,0.8764937,0.98632514,0.977066,0.89005405,0.9979176,0.98436475,0.87797195,0.99047124,0.9730056
2025-01-01 03:20:00,0.8596625,0.96429116,0.9491637,0.8541688,0.95058936,0.9873181,0.8593084,0.9713009,0.9430536,0.86787766,0.9713262,0.9907657,0.8726417,0.9635588,0.97078156,0.8763272,0.98048896,0.99649,0.8679052,0.9734923,0.9735774,0.88522905,0.9905544,0.9987405,0.8764953,0.98633313,0.9770537,0.8900549,0.99792576,0.9843522,0.8779735,0.99048245,0.9729981
2025-01-01 03:21:00,0.8596521,0.9642853,0.94915164,0.8541632,0.95058805,0.98731256,0.8593109,0.97131115,0.9430567,0.8678911,0.9713453,0.9907762,0.87266064,0.9635827,0.97079456,0.87634766,0.9805139,0.9964998,0.86791736,0.9735067,0.97357947,0.8852366,0.99056524,0.998734,0.87649465,0.9863372,0.97704136,0.8900529,0.9979297,0.98433954,0.87797266,0.9904896,0.97299063
2025-01-01 03:22:00,0.85964113,0.96427804,0.9491398,0.85415703,0.9505856,0.9873072,0.8593127,0.9713196,0.9430599,0.86790335,0.9713625,0.99078673,0.87267834,0.96360445,0.9708076,0.8763665,0.9805359,0.9965096,0.8679284,0.973519,0.97358155,0.8852422,0.990573,0.99872756,0.8764921,0.9863382,0.97702914,0.8900487,0.9979302,0.984327,0.8779699,0.9904936,0.9729833
2025-01-01 03:23:00,0.8596298,0.9642698,0.949128,0.85415035,0.95058227,0.9873019,0.859314,0.97132665,0.94306326,0.8679147,0.971378,0.99079734,0.87269497,0.9636245,0.9708206,0.8763839,0.98055583,0.9965193,0.86793834,0.97352964,0.9735836,0.88524616,0.9905783,0.99872106,0.8764881,0.98633677,0.97701687,0.8900427,0.99792814,0.98431456,0.8779657,0.990495,0.972976
2025-01-01 03:24:00,0.8596181,0.9642607,0.9491163,0.8541432,0.9505781,0.9872966,0.85931486,0.9713326,0.9430666,0.8679252,0.97139233,0.99080795,0.8727109,0.9636431,0.97083366,0.87640023,0.98057395,0.9965291,0.8679476,0.973539,0.97358555,0.8852488,0.9905816,0.9987145,0.8764828,0.9863333,0.97700465,0.89003533,0.9979238,0.98430204,0.8779602,0.9904944,0.9729688
2025-01-01 03:25:00,0.85960627,0.9642509,0.94910455,0.85413575,0.9505734,0.98729134,0.85931545,0.9713377,0.94307005,0.86793524,0.9714057,0.9908186,0.8727261,0.9636606,0.9708467,0.8764157,0.9805906,0.99653876,0.86795616,0.9735472,0.9735876,0.88525033,0.99058324,0.9987079,0.8764766,0.98632824,0.97699237,0.89002675,0.9979177,0.98428965,0.87795377,0.99049217,0.9729617
2025-01-01 03:26:00,0.8595941,0.9642407,0.9490929,0.85412806,0.95056826,0.98728615,0.85931575,0.971342,0.9430736,0.86794484,0.9714182,0.9908293,0.8727408,0.96367717,0.9708598,0.8764305,0.9806061,0.9965484,0.8679642,0.9735546,0.9735895,0.885251,0.9905836,0.9987013,0.8764695,0.9863219,0.9769801,0.8900173,0.9979103,0.9842771,0.87794656,0.99048865,0.97295463
2025-01-01 03:27:00,0.8595819,0.96423,0.94908136,0.85412014,0.95056283,0.987281,0.85931593,0.97134584,0.9430772,0.867954,0.9714301,0.99084,0.87275505,0.9636931,0.9708729,0.87644476,0.9806206,0.996558,0.86797184,0.9735613,0.9735914,0.88525105,0.9905829,0.99869454,0.8764618,0.9863146,0.9769678,0.8900071,0.99790186,0.98426473,0.87793875,0.9904841,0.97294766
2025-01-01 03:28:00,0.85956943,0.9642189,0.9490698,0.854112,0.950557,0.98727596,0.85931593,0.9713492,0.94308084,0.8679629,0.9714415,0.9908508,0.87276906,0.96370846,0.97088593,0.8764585,0.98063445,0.9965676,0.8679791,0.97356737,0.9735932,0.8852505,0.9905813,0.9986878,0.87645364,0.9863064,0.9769555,0.8899963,0.9978925,0.9842524,0.8779305,0.99047875,0.9729407
2025-01-01 03:29:00,0.8595569,0.96420765,0.9490583,0.85410386,0.95055103,0.98727095,0.8593159,0.9713523,0.94308454,0.8679716,0.9714526,0.9908616,0.8727828,0.96372336,0.97089905,0.8764719,0.9806477,0.99657714,0.867986,0.97357297,0.97359496,0.8852495,0.990579,0.998681,0.876445,0.9862976,0.97694314,0.889985,0.99788237,0.98423994,0.8779219,0.9904728,0.97293377
2025-01-01 03:30:00,0.85982066,0.9650316,0.9471042,0.8544861,0.9513826,0.9869646,0.8597434,0.9724641,0.9419445,0.86857677,0.972633,0.9905974,0.8735082,0.9650865,0.970138,0.87737024,0.9823277,0.99630743,0.86855996,0.9747224,0.97276235,0.8862846,0.99237573,0.99837124,0.8774042,0.9880517,0.9762053,0.8911292,0.99980336,0.98396266,0.8789093,0.9922885,0.97214746
2025-01-01 03:31:00,0.8600291,0.96568835,0.9458301,0.85479015,0.9520465,0.98676366,0.86008537,0.97335386,0.9412048,0.8690625,0.97357935,0.9904295,0.87409115,0.9661798,0.9696479,0.87809134,0.9836738,0.9961355,0.8690202,0.9756426,0.97222173,0.8871121,0.9938121,0.99816746,0.8781694,0.98945266,0.97572136,0.8920419,1.0013375,0.9837781,0.8796972,0.9937393,0.97163403
2025-01-01 03:32:00,0.86019325,0.9662113,0.94499797,0.8550317,0.95257634,0.9866314,0.86035883,0.97406614,0.94072545,0.86945266,0.97433835,0.99032426,0.87456,0.967057,0.9693339,0.8786706,0.9847529,0.99602693,0.8693896,0.9763795,0.9718708,0.8877735,0.99496007,0.99803257,0.87877953,0.9905711,0.9754025,0.89276946,1.0025624,0.98365384,0.8803255,0.9948983,0.9712979
2025-01-01 03:33:00,0.86032206,0.9666272,0.9444531,0.8552233,0.9529989,0.98654383,0.8605776,0.9746363,0.9404152,0.8697664,0.9749474,0.99025965,0.87493765,0.96776134,0.96913433,0.87913626,0.9856183,0.99595964,0.8696862,0.9769697,0.9716432,0.88830197,0.99587744,0.9979424,0.87926555,0.99146354,0.9751909,0.89334893,1.0035397,0.9835688,0.8808261,0.99582386,0.9710772
2025-01-01 03:34:00,0.86042255,0.96695745,0.94409496,0.8553749,0.9533355,0.98648524,0.8607526,0.9750929,0.940215,0.870019,0.9754367,0.9902215,0.87524235,0.96832746,0.9690092,0.8795112,0.9863127,0.99591917,0.86992455,0.9774426,0.9714958,0.88872415,0.9966103,0.99788123,0.87965226,0.99217516,0.9750489,0.89380985,1.004319,0.98350924,0.8812247,0.99656266,0.97093135
2025-01-01 03:35:00,0.8605003,0.96721923,0.9438582,0.85549444,0.9536036,0.98644555,0.86089253,0.97545856,0.9400863,0.87022275,0.97583,0.9902006,0.8754887,0.96878296,0.96893245,0.8798135,0.98687035,0.99589604,0.87011635,0.9778216,0.97140044,0.8890612,0.9971955,0.997839,0.8799595,0.9927421,0.9749523,0.89417595,1.0049398,0.9834662,0.8815415,0.997152,0.9708343
2025-01-01 03:36:00,0.86055994,0.9674262,0.9437004,0.85558844,0.9538168,0.9864182,0.8610045,0.9757515,0.94000417,0.8703873,0.97614664,0.99019086,0.8756883,0.96915,0.9688871,0.88005775,0.9873186,0.99588424,0.8702709,0.97812545,0.97133887,0.88933027,0.99766254,0.99780905,0.88020325,0.9931933,0.9748851,0.8944662,1.0054339,0.983434,0.8817931,0.9976218,0.970769
2025-01-01 03:37:00,0.8606052,0.9675894,0.94359386,0.85566205,0.953986,0.9863988,0.86109406,0.97598636,0.9399522,0.87052065,0.9764019,0.9901884,0.87585056,0.96944624,0.9688621,0.8802554,0.9876793,0.99587977,0.87039554,0.9783692,0.97129923,0.8895448,0.9980352,0.997787,0.8803961,0.99355197,0.97483706,0.8946958,1.0058266,0.9834088,0.88199234,0.997996,0.9707242
2025-01-01 03:38:00,0.86063874,0.9677174,0.9435207,0.8557192,0.9541201,0.9863847,0.8611657,0.97617465,0.93992,0.870629,0.9766081,0.99019074,0.8759829,0.96968585,0.96885043,0.8804159,0.98797,0.99588007,0.8704964,0.97856486,0.9712739,0.88971573,0.99833214,0.99777013,0.8805483,0.9938365,0.9748014,0.8948769,1.0061382,0.9833881,0.8821498,0.99829376,0.97069293
2025-01-01 03:39:00,0.860663,0.9678174,0.9434692,0.8557633,0.95422614,0.98637396,0.86122304,0.97632575,0.9399005,0.87071735,0.97677505,0.9901961,0.87609136,0.96988016,0.96884745,0.8805466,0.98820454,0.9958834,0.8705781,0.97872204,0.9712578,0.8898518,0.9985686,0.9977566,0.8806679,0.9940618,0.9747739,0.8950191,1.006385,0.9833705,0.8822738,0.9985304,0.97067034
2025-01-01 03:40:00,0.86067986,0.9678951,0.9434319,0.855797,0.95430976,0.98636544,0.86126894,0.9764471,0.93988943,0.87078965,0.9769106,0.99020356,0.87618065,0.9700382,0.96885,0.88065356,0.9883943,0.99588877,0.8706445,0.97884834,0.97124773,0.88996,0.99875665,0.99774516,0.88076144,0.9942397,0.9747516,0.89513034,1.0065798,0.98335475,0.8823711,0.998718,0.9706535
2025-01-01 03:41:00,0.86069083,0.96795475,0.9434037,0.8558224,0.9543753,0.98635846,0.86130565,0.9765447,0.9398838,0.8708492,0.97702104,0.9902123,0.8762547,0.9701673,0.9688563,0.88074136,0.9885482,0.9958954,0.8706987,0.97895,0.9712415,0.8900458,0.99890596,0.99773514,0.88083416,0.9943796,0.9747327,0.89521664,1.0067332,0.98334026,0.882447,0.99886656,0.97064036
2025-01-01 03:42:00,0.86069703,0.96800005,0.9433815,0.85584104,0.95442665,0.9863524,0.86133516,0.97662324,0.93988174,0.87089854,0.9771114,0.990222,0.87631655,0.9702732,0.96886486,0.88081396,0.9886734,0.9959028,0.87074304,0.979032,0.97123784,0.8901137,0.9990243,0.99772596,0.8808902,0.9944892,0.974716,0.89528304,1.0068533,0.9833267,0.8825058,0.99898386,0.9706296
2025-01-01 03:43:00,0.8606995,0.9680339,0.94336325,0.8558544,0.9544664,0.986347,0.8613588,0.9766866,0.939882,0.87093973,0.97718567,0.99023217,0.8763685,0.97036046,0.968875,0.88087434,0.9887756,0.9959107,0.8707796,0.9790981,0.9712357,0.8901673,0.9991178,0.9977174,0.88093287,0.9945744,0.97470075,0.8953336,1.0069469,0.9833136,0.88255095,0.999076,0.9706205
2025-01-01 03:44:00,0.8606988,0.9680586,0.9433475,0.85586345,0.95449704,0.9863421,0.86137784,0.9767378,0.93988377,0.87097436,0.9772472,0.9902428,0.87641275,0.97043294,0.96888614,0.88092494,0.9888595,0.995919,0.87080973,0.97915155,0.97123456,0.89020944,0.9991914,0.99770916,0.8809648,0.9946403,0.97468644,0.8953714,1.007019,0.98330086,0.8825851,0.9991482,0.9706124
2025-01-01 03:45:00,0.8606958,0.96807593,0.9433334,0.8558692,0.95452034,0.9863374,0.8613931,0.9767793,0.9398865,0.8710038,0.9772983,0.9902537,0.8764507,0.97049356,0.9688979,0.8809677,0.98892856,0.99592745,0.8708349,0.97919494,0.9712341,0.8902424,0.9992491,0.9977011,0.8809882,0.9946906,0.9746727,0.89539903,1.0070744,0.9832884,0.88261056,0.99920434,0.9706051
2025-01-01 03:46:00,0.8606908,0.96808743,0.9433204,0.85587215,0.9545378,0.986333,0.86140543,0.976813,0.93988997,0.8710291,0.97734135,0.9902647,0.8764837,0.9705447,0.9689101,0.8810043,0.9889859,0.995936,0.870856,0.97923017,0.971234,0.89026797,0.99929416,0.9976932,0.88100475,0.99472845,0.97465926,0.8954185,1.0071162,0.98327607,0.88262904,0.9992478,0.9705982
2025-01-01 03:47:00,0.86068434,0.9680942,0.9433081,0.855873,0.95455056,0.9863288,0.86141545,0.97684056,0.9398939,0.8710511,0.9773778,0.99027586,0.8765126,0.9705882,0.9689225,0.88103575,0.9890338,0.9959446,0.8708738,0.9792589,0.97123426,0.8902877,0.999329,0.9976854,0.88101584,0.99475634,0.97464615,0.8954315,1.007147,0.9832639,0.882642,0.999281,0.97059166
2025-01-01 03:48:00,0.8606766,0.96809727,0.9432963,0.8558721,0.9545596,0.98632467,0.8614235,0.9768632,0.93989813,0.8710703,0.977409,0.99028707,0.8765383,0.97062564,0.9689351,0.8810632,0.9890742,0.99595326,0.87088907,0.9792824,0.97123456,0.89030266,0.9993556,0.9976775,0.88102245,0.99477625,0.9746332,0.8954393,1.007169,0.9832518,0.88265043,0.999306,0.97058535
2025-01-01 03:49:00,0.8606679,0.9680973,0.94328487,0.8558698,0.9545657,0.9863207,0.86143017,0.97688186,0.93990266,0.8710875,0.977436,0.99029845,0.87656146,0.97065824,0.96894777,0.8810875,0.9891085,0.9959619,0.87090224,0.97930175,0.9712349,0.89031386,0.99937576,0.99766964,0.88102555,0.9947898,0.9746203,0.89544296,1.0071843,0.98323977,0.8826553,0.99932444,0.9705792
2025-01-01 03:50:00,0.86065835,0.968095,0.9432736,0.8558665,0.9545694,0.9863167,0.8614356,0.97689736,0.93990725,0.87110305,0.9774597,0.9903098,0.87658256,0.97068685,0.9689606,0.8811091,0.98913795,0.99597055,0.8709137,0.9793177,0.9712354,0.89032197,0.9993906,0.9976618,0.8810259,0.9947981,0.97460747,0.89544326,1.0071939,0.9832278,0.8826574,0.9993377,0.9705732
2025-01-01 03:51:00,0.8606482,0.9680908,0.9432625,0.85586226,0.95457125,0.9863128,0.8614401,0.9769104,0.939912,0.87111723,0.9774807,0.9903212,0.87660205,0.9707125,0.9689734,0.88112867,0.98916346,0.9959791,0.87092376,0.979331,0.97123575,0.89032763,0.9994013,0.9976539,0.88102394,0.9948024,0.9745947,0.8954409,1.007199,0.98321587,0.8826572,0.99934673,0.9705673
2025-01-01 03:52:00,0.86063755,0.96808505,0.94325155,0.8558574,0.9545716,0.98630905,0.8614439,0.9769214,0.9399169,0.87113035,0.9774996,0.99033266,0.87662023,0.9707355,0.9689863,0.88114667,0.989186,0.99598765,0.8709327,0.9793421,0.97123617,0.8903313,0.99940854,0.99764603,0.8810202,0.9948035,0.97458196,0.89543635,1.0072007,0.98320395,0.88265514,0.9993525,0.9705615
2025-01-01 03:53:00,0.8606265,0.9680781,0.94324064,0.855852,0.9545708,0.9863053,0.8614471,0.97693086,0.93992186,0.8711426,0.97751683,0.99034417,0.8766374,0.97075665,0.96899915,0.8811633,0.9892059,0.99599624,0.8709408,0.97935146,0.97123647,0.8903335,0.9994131,0.99763805,0.88101494,0.9948019,0.97456914,0.89543015,1.0071995,0.98319215,0.88265175,0.9993556,0.9705557
2025-01-01 03:54:00,0.8606152,0.96807015,0.9432298,0.8558462,0.9545689,0.98630166,0.86144984,0.976939,0.93992686,0.8711542,0.9775326,0.99035573,0.87665373,0.9707761,0.96901196,0.8811788,0.98922384,0.9960047,0.87094814,0.97935945,0.9712368,0.8903343,0.9994155,0.9976301,0.88100857,0.99479824,0.97455645,0.8954226,1.007196,0.9831803,0.88264716,0.9993566,0.97055006
2025-01-01 03:55:00,0.86060363,0.96806145,0.943219,0.8558401,0.9545664,0.986298,0.8614522,0.9769462,0.939932,0.87116534,0.9775474,0.9903673,0.8766694,0.9707943,0.96902484,0.88119346,0.98924017,0.99601316,0.87095493,0.97936624,0.9712371,0.8903341,0.9994162,0.9976221,0.8810012,0.9947928,0.97454363,0.8954139,1.0071906,0.9831685,0.8826417,0.999356,0.97054446
2025-01-01 03:56:00,0.8605918,0.9680521,0.9432083,0.8558337,0.9545633,0.98629445,0.8614544,0.97695255,0.9399372,0.871176,0.97756135,0.99037886,0.87668455,0.9708115,0.9690377,0.8812074,0.98925525,0.99602157,0.87096125,0.97937214,0.9712373,0.8903331,0.9994154,0.99761397,0.880993,0.994786,0.9745309,0.8954044,1.0071839,0.9831567,0.88263553,0.999354,0.97053885
2025-01-01 03:57:00,0.8605799,0.9680424,0.94319767,0.85582715,0.95455974,0.98629093,0.86145633,0.97695833,0.93994236,0.8711864,0.9775746,0.9903905,0.8766992,0.9708279,0.9690506,0.88122076,0.98926926,0.99603,0.87096715,0.97937727,0.9712375,0.8903314,0.9994135,0.99760586,0.8809843,0.9947782,0.9745181,0.8953942,1.0071759,0.98314494,0.88262874,0.99935097,0.9705334
2025-01-01 03:58:00,0.86056787,0.9680322,0.943187,0.8558205,0.9545558,0.9862875,0.8614581,0.97696364,0.9399476,0.8711965,0.97758734,0.99040216,0.8767136,0.97084355,0.9690634,0.88123375,0.98928237,0.99603826,0.8709727,0.9793818,0.9712376,0.8903291,0.9994107,0.9975977,0.88097507,0.9947695,0.9745053,0.89538336,1.0071671,0.9831332,0.8826215,0.99934715,0.9705279
2025-01-01 03:59:00,0.8605557,0.96802175,0.9431764,0.8558136,0.95455164,0.9862841,0.8614598,0.9769686,0.93995297,0.87120646,0.9775996,0.99041384,0.8767277,0.9708588,0.9690763,0.8812463,0.9892948,0.99604654,0.870978,0.97938585,0.97123766,0.89032644,0.9994071,0.9975895,0.8809654,0.9947601,0.9744925,0.89537215,1.0071576,0.98312145,0.882614,0.9993426,0.97052246
2025-01-01 04:00:00,0.860809,0.96894634,0.9417105,0.8561921,0.95554686,0.98607874,0.8619139,0.97817945,0.93937314,0.8717384,0.9788412,0.99024755,0.8774573,0.97236365,0.968566,0.88211405,0.991126,0.9958723,0.8714793,0.98057544,0.9706752,0.8913174,1.0013193,0.997376,0.8818816,0.99659055,0.97399515,0.89644706,1.0091428,0.9829325,0.88353467,1.001192,0.9700084
2025-01-01 04:01:00,0.8610091,0.9696837,0.94075394,0.8564935,0.956342,0.98594403,0.8622775,0.97914886,0.93899816,0.8721658,0.97983664,0.99014354,0.8780436,0.97357017,0.96823883,0.8828104,0.9925929,0.995762,0.87188107,0.9815275,0.97030956,0.89210933,1.0028477,0.99723434,0.8826122,0.9980524,0.9736674,0.8973044,1.0107284,0.9828056,0.8842695,1.0026699,0.9696723
2025-01-01 04:02:00,0.8611667,0.9702713,0.94012856,0.85673314,0.956977,0.9858554,0.8625687,0.9799251,0.9387564,0.87250954,0.98063505,0.99008006,0.8785153,0.9745381,0.96803063,0.8833697,0.9937682,0.995693,0.87220335,0.9822895,0.9700718,0.8927419,1.004069,0.9971393,0.88319445,0.9992195,0.9734498,0.8979877,1.0119944,0.98271906,0.88485557,1.0038509,0.9694521
2025-01-01 04:03:00,0.86129034,0.970739,0.9397184,0.85692346,0.95748407,0.98579675,0.8628019,0.98054683,0.93860126,0.8727864,0.98127604,0.990043,0.8788952,0.9753149,0.96789974,0.88381934,0.9947105,0.995651,0.8724619,0.9828995,0.9699172,0.89324695,1.0050447,0.9970745,0.88365793,1.0001507,0.9733039,0.89853173,1.0130047,0.98265874,0.88532263,1.0047944,0.9693072
2025-01-01 04:04:00,0.8613868,0.9711109,0.93944824,0.8570743,0.95788866,0.9857576,0.86298877,0.98104495,0.9385023,0.8730098,0.98179096,0.990023,0.8792018,0.97593904,0.96781915,0.8841812,0.9954662,0.9956265,0.87266964,0.9833878,0.96981657,0.89365005,1.005824,0.9970294,0.88402647,1.0008932,0.9732046,0.8989644,1.0138105,0.98261553,0.8856946,1.0055478,0.9692112
2025-01-01 04:05:00,0.8614614,0.9714061,0.93926895,0.85719365,0.95821136,0.98573107,0.8631386,0.98144424,0.9384401,0.8731904,0.98220503,0.9900142,0.87944967,0.97644097,0.96777123,0.8844729,0.99607265,0.9956134,0.87283653,0.98377883,0.969751,0.89397156,1.006446,0.9969972,0.884319,1.0014848,0.97313553,0.89930797,1.0144527,0.98258346,0.8859904,1.0061489,0.9691471
2025-01-01 04:06:00,0.8615186,0.97164,0.93914884,0.8572877,0.95846856,0.9857128,0.8632588,0.9817644,0.9384016,0.8733368,0.98253846,0.99001265,0.8796506,0.9768451,0.9677445,0.8847084,0.99655974,0.9956076,0.8729708,0.98409194,0.9697082,0.8942278,1.0069422,0.99697316,0.8845507,1.0019554,0.97308606,0.8995802,1.014964,0.98255855,0.88622534,1.0066286,0.9691037
2025-01-01 04:07:00,0.86156195,0.97182477,0.9390672,0.8573616,0.95867336,0.98569995,0.8633553,0.98202133,0.93837863,0.8734558,0.98280734,0.99001575,0.8798139,0.977171,0.9677316,0.884899,0.9969512,0.99560654,0.873079,0.9843428,0.96968025,0.8944318,1.0073378,0.99695456,0.8847338,1.0023296,0.9730494,0.8997954,1.0153705,0.98253834,0.88641155,1.007011,0.9690737
2025-01-01 04:08:00,0.86159414,0.9719704,0.9390105,0.8574193,0.9588362,0.98569065,0.86343277,0.9822276,0.93836576,0.8735529,0.9830247,0.990022,0.8799472,0.9774344,0.96772766,0.88505363,0.99726635,0.99560857,0.8731663,0.98454374,0.96966183,0.894594,1.0076529,0.99693936,0.884878,1.0026264,0.9730211,0.899965,1.0156933,0.98252124,0.88655883,1.0073156,0.9690526
2025-01-01 04:09:00,0.86161745,0.9720845,0.9389701,0.8574642,0.95896554,0.9856836,0.8634952,0.98239344,0.9383595,0.8736325,0.9832007,0.9900302,0.88005644,0.97764766,0.9677295,0.8851795,0.99752027,0.9956127,0.8732369,0.98470485,0.96964973,0.8947227,1.0079035,0.9969265,0.884991,1.0028614,0.97299814,0.9000981,1.015949,0.98250604,0.886675,1.0075579,0.9690372
2025-01-01 04:10:00,0.8616336,0.97217363,0.9389403,0.8574987,0.95906806,0.9856781,0.8635455,0.98252696,0.93835753,0.8736981,0.98334384,0.99003977,0.88014644,0.97782093,0.9677352,0.88528234,0.9977253,0.995618,0.87329406,0.98483396,0.96964157,0.8948247,1.0081025,0.99691504,0.88507915,1.0030469,0.97297865,0.90020204,1.0161511,0.98249227,0.8867662,1.0077504,0.9690255
2025-01-01 04:11:00,0.8616441,0.9722426,0.9389174,0.857525,0.9591492,0.9856736,0.86358607,0.98263454,0.93835837,0.8737525,0.9834604,0.9900502,0.88022107,0.9779621,0.9677432,0.8853667,0.9978911,0.9956241,0.8733405,0.98493755,0.96963596,0.89490515,1.0082604,0.99690455,0.8851473,1.0031928,0.9729615,0.9002826,1.0163105,0.98247933,0.88683754,1.0079031,0.96901625
2025-01-01 04:12:00,0.86165005,0.9722956,0.938899,0.8575447,0.95921314,0.9856698,0.86361897,0.98272145,0.938361,0.87379795,0.9835559,0.99006116,0.8802834,0.97807765,0.96775293,0.88543636,0.9980257,0.9956308,0.87337834,0.98502064,0.969632,0.89496857,1.0083852,0.9968946,0.8851995,1.003307,0.9729458,0.90034443,1.0164355,0.98246694,0.8868929,1.008024,0.9690087
2025-01-01 04:13:00,0.8616523,0.9723357,0.9388835,0.8575592,0.95926344,0.9856664,0.8636457,0.98279184,0.9383649,0.8738363,0.9836346,0.99007255,0.88033587,0.9781728,0.96776366,0.88549423,0.99813515,0.9956377,0.8734093,0.9850874,0.9696292,0.8950182,1.0084836,0.996885,0.8852389,1.0033959,0.972931,0.90039134,1.016533,0.98245496,0.8869355,1.0081193,0.96900207
2025-01-01 04:14:00,0.8616517,0.97236556,0.9388699,0.8575695,0.9593027,0.98566335,0.8636675,0.98284894,0.9383696,0.8738689,0.9836997,0.9900841,0.88038045,0.9782514,0.967775,0.8855426,0.99822456,0.9956449,0.8734348,0.98514104,0.9696271,0.89505684,1.008561,0.9968757,0.8852681,1.0034646,0.9729169,0.9004263,1.0166086,0.9824433,0.88696796,1.0081943,0.9689963
2025-01-01 04:15:00,0.8616488,0.9723872,0.9388576,0.85757643,0.9593333,0.98566055,0.86368537,0.98289555,0.9383748,0.87389696,0.98375404,0.9900959,0.8804188,0.9783169,0.9677868,0.88558346,0.9982979,0.99565214,0.87345576,0.9851842,0.96962535,0.8950867,1.0086213,0.99686646,0.88528913,1.0035169,0.97290313,0.9004518,1.0166667,0.98243165,0.8869923,1.0082531,0.9689909
2025-01-01 04:16:00,0.8616441,0.9724022,0.9388461,0.85758066,0.95935684,0.98565793,0.86370015,0.9829337,0.9383804,0.8739214,0.98379976,0.99010783,0.88045204,0.9783719,0.9677988,0.8856182,0.99835837,0.9956595,0.8734733,0.9852189,0.96962386,0.8951095,1.0086681,0.9968573,0.8853036,1.0035563,0.97288966,0.90046954,1.0167108,0.98242027,0.8870101,1.008299,0.9689859
2025-01-01 04:17:00,0.86163783,0.97241205,0.9388352,0.8575828,0.95937485,0.9856554,0.8637124,0.98296505,0.93838626,0.87394285,0.9838385,0.99011976,0.88048124,0.9784186,0.96781105,0.88564813,0.99840856,0.9956668,0.8734879,0.98524684,0.96962255,0.89512664,1.0087041,0.99684817,0.88531286,1.0035852,0.9728764,0.9004812,1.0167435,0.98240894,0.8870227,1.0083343,0.9689811
2025-01-01 04:18:00,0.8616304,0.9724177,0.9388246,0.8575832,0.9593884,0.985653,0.8637226,0.9829911,0.93839234,0.87396204,0.9838718,0.99013186,0.88050723,0.97845846,0.96782345,0.8856742,0.99845046,0.99567413,0.8735002,0.9852694,0.96962124,0.8951392,1.0087314,0.9968391,0.88531786,1.0036058,0.9728632,0.900488,1.0167673,0.9823977,0.8870312,1.0083613,0.96897644
2025-01-01 04:19:00,0.861622,0.97242,0.93881434,0.85758233,0.9593983,0.98565066,0.8637313,0.9830128,0.9383985,0.87397933,0.9839007,0.99014395,0.8805306,0.978493,0.96783584,0.88569707,0.9984858,0.99568146,0.8735107,0.98528767,0.96962,0.8951482,1.0087516,0.99683,0.8853195,1.0036199,0.97285,0.9004908,1.0167838,0.98238647,0.8870364,1.0083817,0.96897197
2025-01-01 04:20:00,0.8616129,0.97241956,0.9388042,0.8575804,0.95940554,0.98564833,0.86373883,0.98303115,0.93840474,0.87399524,0.98392606,0.99015605,0.880552,0.97852314,0.9678483,0.88571745,0.99851584,0.99568874,0.87351966,0.98530245,0.9696187,0.8951542,1.0087664,0.9968208,0.88531846,1.0036286,0.972837,0.9004906,1.0167947,0.9823753,0.88703895,1.0083969,0.9689676
2025-01-01 04:21:00,0.8616032,0.9724171,0.93879426,0.8575776,0.9594104,0.9856462,0.8637453,0.9830467,0.9384111,0.8740099,0.98394865,0.9901682,0.8805717,0.9785499,0.9678607,0.8857358,0.99854165,0.99569595,0.87352747,0.9853144,0.9696174,0.8951579,1.0087767,0.9968117,0.8853153,1.003633,0.9728239,0.9004878,1.0168011,0.98236424,0.88703936,1.0084077,0.9689633
2025-01-01 04:22:00,0.86159307,0.9724129,0.93878436,0.85757416,0.9594136,0.9856441,0.86375093,0.9830601,0.93841755,0.87402374,0.9839689,0.99018043,0.88059014,0.9785739,0.96787316,0.8857526,0.99856406,0.9957032,0.8735343,0.98532414,0.9696161,0.89515966,1.0087833,0.99680245,0.8853104,1.003634,0.9728108,0.9004831,1.0168037,0.9823532,0.8870382,1.0084152,0.9689591
2025-01-01 04:23:00,0.86158246,0.97240734,0.9387745,0.8575702,0.95941526,0.985642,0.863756,0.9830718,0.9384241,0.8740368,0.98398745,0.9901927,0.8806075,0.97859573,0.9678856,0.8857681,0.99858373,0.9957104,0.87354034,0.985332,0.96961474,0.89515996,1.0087872,0.9967932,0.88530403,1.0036322,0.9727978,0.90047675,1.0168035,0.9823421,0.8870356,1.00842,0.968955
2025-01-01 04:24:00,0.86157167,0.9724007,0.9387648,0.85756576,0.95941585,0.98564005,0.8637606,0.9830821,0.9384307,0.87404925,0.98400456,0.99020493,0.88062394,0.9786157,0.9678981,0.88578254,0.9986012,0.99571747,0.8735457,0.98533845,0.9696134,0.895159,1.0087887,0.996784,0.8852966,1.0036283,0.97278476,0.9004691,1.0168009,0.98233116,0.88703203,1.0084226,0.9689509
2025-01-01 04:25:00,0.8615606,0.9723932,0.93875515,0.85756105,0.9594155,0.9856381,0.8637648,0.98309124,0.93843734,0.8740612,0.98402053,0.9902172,0.88063973,0.9786343,0.9679105,0.88579607,0.99861693,0.99572456,0.8735506,0.98534375,0.96961194,0.8951571,1.0087883,0.9967747,0.88528824,1.0036225,0.9727717,0.9004605,1.0167964,0.9823202,0.88702756,1.0084236,0.9689469
2025-01-01 04:26:00,0.8615494,0.97238505,0.9387455,0.85755616,0.9594145,0.98563623,0.8637687,0.9830996,0.9384441,0.8740729,0.9840356,0.9902295,0.880655,0.97865176,0.9679229,0.88580894,0.99863124,0.9957316,0.87355506,0.98534805,0.96961045,0.8951543,1.0087864,0.9967653,0.8852792,1.0036155,0.97275865,0.90045106,1.0167905,0.9823092,0.8870225,1.0084231,0.96894294
2025-01-01 04:27:00,0.86153805,0.97237635,0.9387359,0.85755104,0.95941293,0.9856344,0.8637724,0.98310727,0.9384508,0.8740843,0.9840499,0.9902418,0.88066983,0.9786683,0.9679354,0.88582134,0.99864435,0.99573857,0.8735591,0.98535156,0.9696089,0.8951509,1.0087835,0.9967559,0.8852695,1.0036073,0.9727456,0.90044093,1.0167832,0.9822983,0.8870169,1.0084217,0.968939
2025-01-01 04:28:00,0.8615266,0.9723672,0.93872637,0.8575458,0.9594109,0.9856326,0.86377597,0.98311436,0.9384576,0.87409544,0.98406374,0.9902541,0.8806843,0.97868407,0.9679477,0.8858332,0.9986566,0.9957455,0.8735629,0.9853545,0.9696073,0.89514697,1.0087794,0.9967465,0.8852594,1.0035982,0.97273254,0.9004304,1.0167751,0.98228747,0.8870109,1.0084194,0.96893513
2025-01-01 04:29:00,0.86151505,0.97235775,0.9387169,0.8575404,0.9594085,0.9856309,0.86377937,0.9831211,0.93846446,0.8741064,0.98407704,0.9902665,0.88069856,0.9786993,0.9679601,0.88584477,0.9986681,0.9957524,0.87356645,0.9853569,0.9696056,0.89514256,1.0087745,0.996737,0.8852489,1.0035883,0.9727195,0.90041935,1.0167663,0.9822766,0.8870045,1.0084164,0.9689314
2025-01-01 04:30:00,0.8617533,0.97336644,0.9377652,0.8579084,0.96054965,0.98553014,0.8642521,0.98440933,0.9384552,0.87455565,0.9853577,0.990201,0.8814193,0.9803191,0.96770984,0.8866664,1.0006177,0.9956767,0.87398607,0.9865653,0.96932346,0.89607173,1.0107678,0.9966235,0.88610554,1.0054624,0.9724716,0.90140575,1.0187801,0.9821794,0.8878422,1.0102663,0.9686985
2025-01-01 04:31:00,0.8619416,0.97417134,0.9371433,0.85820174,0.96146184,0.9854641,0.8646309,0.98544097,0.9384517,0.8749171,0.98638445,0.9901628,0.88199854,0.9816174,0.96755147,0.88732564,1.0021791,0.99562985,0.87432224,0.9875321,0.96913934,0.89681387,1.0123609,0.99654645,0.88678837,1.006959,0.9723059,0.9021924,1.0203888,0.9821124,0.88851076,1.0117451,0.9685459
2025-01-01 04:32:00,0.8620899,0.9748131,0.93673587,0.8584353,0.96219087,0.9854207,0.8649345,0.9862673,0.9384519,0.8752083,0.9872082,0.9901423,0.8824645,0.9826586,0.96745276,0.8878551,1.00343,0.9956018,0.87459165,0.9883055,0.969019,0.8974063,1.0136338,0.9964929,0.88733226,1.0081537,0.97219354,0.9028192,1.0216736,0.9820651,0.88904417,1.012927,0.9684455
2025-01-01 04:33:00,0.86220604,0.97532433,0.93646777,0.85862094,0.96277344,0.985392,0.86517805,0.9869295,0.9384545,0.87544346,0.98786956,0.99013335,0.88284,0.9834942,0.9673929,0.88828063,1.0044323,0.9955858,0.87480766,0.9889243,0.96894014,0.89787894,1.0146505,0.9964548,0.88776493,1.0091069,0.972116,0.90331817,1.0226988,0.9820307,0.8894694,1.0138716,0.96837896
2025-01-01 04:34:00,0.86229676,0.97573125,0.93629026,0.85876846,0.9632388,0.9853729,0.86537355,0.98746026,0.93845874,0.8756336,0.988401,0.99013186,0.8831429,0.9841652,0.9673583,0.888623,1.0052358,0.9955777,0.87498087,0.9894193,0.9688881,0.8982558,1.015462,0.9964266,0.8881086,1.009867,0.972061,0.9037148,1.0235167,0.9820046,0.8898081,1.014626,0.96833456
2025-01-01 04:35:00,0.8623669,0.97605467,0.9361717,0.85888535,0.9636105,0.98536,0.8655306,0.98788595,0.9384639,0.87578785,0.9888285,0.9901353,0.88338786,0.98470455,0.96734005,0.88889885,1.0058801,0.9955747,0.8751199,0.9898153,0.96885353,0.89855605,1.0161098,0.9964048,0.8883811,1.0104724,0.9720207,0.9040296,1.0241686,0.9819839,0.8900776,1.0152285,0.9683045
2025-01-01 04:36:00,0.8624207,0.97631127,0.9360914,0.8589778,0.9639071,0.98535126,0.8656569,0.98822755,0.93846995,0.8759134,0.9891728,0.9901419,0.88358647,0.98513865,0.96733254,0.88912153,1.0063972,0.9955751,0.8752316,0.99013203,0.96883035,0.89879495,1.0166262,0.9963872,0.8885967,1.0109543,0.97198987,0.90427893,1.024688,0.98196673,0.89029175,1.0157095,0.9682838
2025-01-01 04:37:00,0.8624614,0.97651446,0.93603605,0.8590507,0.96414375,0.98534507,0.8657586,0.98850197,0.9384764,0.87601584,0.9894506,0.99015063,0.883748,0.9854884,0.9673319,0.88930166,1.0068127,0.99557745,0.8753214,0.9903855,0.96881443,0.89898473,1.0170379,0.99637234,0.88876677,1.0113372,0.97196525,0.90447587,1.0251011,0.9819519,0.8904616,1.0160933,0.9682692
2025-01-01 04:38:00,0.8624916,0.976675,0.93599683,0.8591079,0.96433246,0.9853407,0.8658407,0.98872256,0.9384831,0.8761,0.98967516,0.9901606,0.88387984,0.9857708,0.96733564,0.8894476,1.0071467,0.99558127,0.87539357,0.9905882,0.96880335,0.89913523,1.0173653,0.9963592,0.88890034,1.0116408,0.9719447,0.90463096,1.0254292,0.9819386,0.89059615,1.0163993,0.96825856
2025-01-01 04:39:00,0.8625135,0.9768012,0.9359682,0.8591527,0.9644828,0.98533756,0.865907,0.9889002,0.9384901,0.87616944,0.9898572,0.99017155,0.88398784,0.98599935,0.9673424,0.88956636,1.0074153,0.9955859,0.87545174,0.99075025,0.9687953,0.8992544,1.0176257,0.9963472,0.8890047,1.0118812,0.9719267,0.90475255,1.0256895,0.9819263,0.89070237,1.0166429,0.96825063
2025-01-01 04:40:00,0.8625287,0.9769002,0.93594646,0.8591874,0.9646025,0.9853352,0.86596084,0.9890434,0.93849725,0.87622714,0.9900052,0.99018306,0.88407695,0.98618466,0.96735096,0.88966334,1.0076319,0.99559116,0.87549865,0.9908799,0.9687893,0.8993483,1.0178323,0.9963359,0.8890858,1.012071,0.9719104,0.9048473,1.0258954,0.98191464,0.8907859,1.0168369,0.9682443
2025-01-01 04:41:00,0.8625385,0.9769773,0.93592924,0.85921425,0.9646976,0.98533326,0.8660046,0.9891591,0.9385045,0.8762755,0.99012595,0.9901949,0.88415086,0.98633546,0.9673608,0.88974273,1.0078069,0.9955967,0.87553656,0.99098355,0.96878445,0.89942217,1.0179958,0.99632514,0.88914824,1.0122203,0.9718953,0.9049207,1.0260578,0.98190343,0.89085126,1.016991,0.9682392
2025-01-01 04:42:00,0.862544,0.9770369,0.9359149,0.8592347,0.9647731,0.9853317,0.86604035,0.98925287,0.9385119,0.87631625,0.9902249,0.9902071,0.88421255,0.98645866,0.9673714,0.88980824,1.0079483,0.9956025,0.87556726,0.9910664,0.96878046,0.89947987,1.018125,0.9963145,0.8891957,1.0123371,0.97188085,0.9049769,1.0261854,0.9818926,0.8909022,1.0171133,0.9682348
2025-01-01 04:43:00,0.86254615,0.9770825,0.9359025,0.85925,0.96483296,0.98533046,0.8660697,0.98932904,0.93851936,0.87635106,0.9903065,0.99021935,0.8842646,0.98655975,0.96738255,0.8898625,1.0080631,0.9956084,0.8755921,0.99113256,0.96877694,0.8995247,1.0182266,0.9963041,0.88923115,1.0124279,0.9718669,0.9050194,1.0262852,0.98188186,0.8909416,1.0172102,0.9682309
2025-01-01 04:44:00,0.8625456,0.97711694,0.93589133,0.8592613,0.9648803,0.9853294,0.8660939,0.9893911,0.93852687,0.87638104,0.9903742,0.9902318,0.88430876,0.9866432,0.96739393,0.88990784,1.0081564,0.9956143,0.8756124,0.99118537,0.9687738,0.89955914,1.0183061,0.99629384,0.8892571,1.0124981,0.97185326,0.9050509,1.0263627,0.9818713,0.8909718,1.0172868,0.96822745
2025-01-01 04:45:00,0.86254287,0.97714245,0.935881,0.8592693,0.96491754,0.9853284,0.866114,0.98944193,0.9385345,0.8764072,0.9904307,0.9902443,0.8843468,0.98671246,0.96740556,0.889946,1.0082327,0.99562025,0.8756289,0.9912275,0.96877074,0.89958537,1.0183681,0.9962836,0.8892754,1.0125515,0.9718398,0.90507364,1.0264225,0.98186094,0.8909945,1.0173471,0.96822417
2025-01-01 04:46:00,0.86253834,0.9771609,0.93587124,0.85927474,0.96494687,0.98532754,0.8661309,0.9894838,0.9385421,0.87643033,0.9904783,0.9902569,0.88437974,0.9867704,0.96741724,0.8899784,1.0082952,0.9956263,0.8756425,0.99126107,0.9687678,0.8996049,1.0184158,0.99627334,0.8892875,1.0125917,0.97182643,0.9050894,1.0264679,0.98185056,0.8910113,1.0173943,0.96822107
2025-01-01 04:47:00,0.86253244,0.9771735,0.9358619,0.85927814,0.9649697,0.98532677,0.86614525,0.9895185,0.9385498,0.876451,0.9905188,0.9902695,0.8844087,0.9868193,0.96742904,0.89000624,1.0083468,0.9956322,0.87565356,0.99128777,0.96876496,0.89961916,1.0184522,0.9962631,0.8892947,1.0126213,0.97181314,0.90509945,1.0265021,0.98184025,0.8910234,1.0174311,0.96821815
2025-01-01 04:48:00,0.8625255,0.9771816,0.9358527,0.85927993,0.9649875,0.9853261,0.8661575,0.9895475,0.93855757,0.8764698,0.99055356,0.9902821,0.8844345,0.986861,0.9674409,0.8900303,1.0083896,0.995638,0.87566274,0.991309,0.9687621,0.8996292,1.0184796,0.9962529,0.889298,1.0126424,0.9717999,0.9051051,1.0265272,0.98183006,0.89103174,1.0174596,0.9682152
2025-01-01 04:49:00,0.8625176,0.97718614,0.93584377,0.8592804,0.9650012,0.9853255,0.8661681,0.9895718,0.9385654,0.87648696,0.99058384,0.9902948,0.8844578,0.98689675,0.96745276,0.8900514,1.0084254,0.9956439,0.87567043,0.9913258,0.96875924,0.89963573,1.0184997,0.99624264,0.88929814,1.0126566,0.97178674,0.9051072,1.0265449,0.98181987,0.8910371,1.0174816,0.9682125
2025-01-01 04:50:00,0.862509,0.9771877,0.93583494,0.8592798,0.96501166,0.98532504,0.86617744,0.98959255,0.93857324,0.87650293,0.9906104,0.9903075,0.88447905,0.986928,0.9674646,0.8900702,1.0084555,0.99564976,0.8756768,0.9913391,0.9687564,0.89963955,1.0185142,0.9962324,0.88929576,1.0126654,0.97177356,0.90510637,1.026557,0.98180974,0.8910401,1.0174983,0.9682098
2025-01-01 04:51:00,0.86249995,0.977187,0.93582624,0.8592785,0.9650196,0.98532456,0.8661857,0.98961043,0.9385811,0.8765179,0.9906341,0.9903202,0.88449854,0.98695546,0.9674765,0.89008707,1.008481,0.99565554,0.8756822,0.9913495,0.9687534,0.8996412,1.0185238,0.9962221,0.88929135,1.0126699,0.97176045,0.9051033,1.0265642,0.98179966,0.8910412,1.0175107,0.96820724
2025-01-01 04:52:00,0.8624904,0.97718436,0.9358176,0.8592765,0.9650254,0.98532414,0.8661932,0.98962593,0.93858904,0.8765321,0.9906554,0.99033296,0.88451684,0.98697996,0.9674884,0.8901024,1.0085031,0.99566126,0.8756867,0.99135774,0.9687504,0.8996411,1.0185298,0.99621177,0.8892853,1.0126709,0.97174734,0.90509844,1.0265678,0.9817896,0.8910408,1.0175197,0.96820474
2025-01-01 04:53:00,0.8624806,0.9771803,0.9358091,0.859274,0.9650296,0.98532385,0.8662,0.98963964,0.938597,0.8765456,0.990675,0.9903457,0.88453406,0.9870021,0.9675002,0.89011645,1.008522,0.9956669,0.8756906,0.99136406,0.96874744,0.8996394,1.0185328,0.9962014,0.889278,1.012669,0.9717343,0.90509206,1.0265685,0.9817796,0.8910392,1.017526,0.96820223
2025-01-01 04:54:00,0.86247045,0.9771751,0.9358006,0.85927117,0.9650325,0.98532355,0.8662062,0.98965186,0.938605,0.8765587,0.9906931,0.9903585,0.88455045,0.9870222,0.9675121,0.8901295,1.0085388,0.9956725,0.8756939,0.9913689,0.96874434,0.8996367,1.0185332,0.99619097,0.88926965,1.012665,0.9717212,0.9050845,1.0265667,0.9817696,0.89103657,1.0175302,0.96819985
2025-01-01 04:55:00,0.86246014,0.97716904,0.9357922,0.859268,0.9650344,0.9853233,0.8662122,0.9896629,0.93861306,0.8765714,0.9907099,0.9903712,0.8845661,0.9870409,0.9675238,0.8901418,1.0085536,0.9956781,0.8756967,0.9913725,0.9687412,0.89963305,1.0185318,0.99618053,0.8892605,1.0126592,0.97170806,0.9050761,1.0265632,0.98175967,0.89103323,1.0175327,0.96819746
2025-01-01 04:56:00,0.86244965,0.9771621,0.9357838,0.8592646,0.9650355,0.98532313,0.86621785,0.989673,0.93862116,0.8765838,0.9907259,0.990384,0.8845813,0.98705834,0.9675356,0.8901534,1.008567,0.9956836,0.8756992,0.99137515,0.968738,0.8996286,1.0185289,0.99617004,0.8892506,1.0126519,0.97169495,0.9050669,1.026558,0.9817498,0.8910293,1.0175339,0.9681952
2025-01-01 04:57:00,0.862439,0.9771547,0.93577546,0.85926104,0.9650359,0.985323,0.8662232,0.98968244,0.9386293,0.87659603,0.9907411,0.9903968,0.88459605,0.98707473,0.96754736,0.8901645,1.008579,0.9956891,0.8757014,0.991377,0.9687348,0.8996236,1.0185248,0.99615955,0.88924015,1.0126435,0.97168183,0.9050571,1.0265517,0.9817399,0.89102495,1.017534,0.96819293
2025-01-01 04:58:00,0.8624283,0.97714674,0.9357672,0.85925734,0.96503586,0.98532295,0.86622846,0.98969126,0.93863755,0.876608,0.9907557,0.9904096,0.8846104,0.9870904,0.96755904,0.89017516,1.0085902,0.9956945,0.8757034,0.99137825,0.96873146,0.899618,1.0185195,0.996149,0.8892293,1.0126342,0.9716688,0.9050469,1.0265445,0.9817301,0.8910202,1.0175333,0.9681908
2025-01-01 04:59:00,0.86241746,0.97713846,0.93575895,0.8592535,0.96503544,0.98532295,0.8662335,0.9896996,0.9386458,0.8766198,0.9907698,0.9904224,0.8846245,0.9871054,0.9675708,0.8901855,1.0086005,0.9956999,0.8757051,0.9913789,0.9687281,0.89961207,1.0185136,0.99613845,0.8892181,1.012624,0.97165567,0.9050363,1.0265365,0.9817203,0.8910152,1.0175319,0.96818864
2025-01-01 05:00:00,0.86263657,0.9782134,0.93533844,0.8596046,0.9663023,0.9853286,0.8667165,0.99104255,0.93920743,0.8769783,0.99206674,0.99045897,0.8853236,0.98881125,0.9675849,0.8909464,1.0106341,0.9957242,0.8760357,0.99258476,0.9687312,0.900463,1.020553,0.9961271,0.8900001,1.0145084,0.97166157,0.90591675,1.0285432,0.98171645,0.89175487,1.0193497,0.9682412
2025-01-01 05:01:00,0.86280966,0.97907156,0.93506235,0.8598846,0.9673153,0.98533237,0.86710376,0.9921182,0.93957543,0.8772673,0.99310666,0.9904872,0.8858855,0.99017835,0.96759814,0.89155686,1.0122622,0.9957418,0.8763003,0.99354917,0.968732,0.90114224,1.0221827,0.99611604,0.8906232,1.0160134,0.9716609,0.9066187,1.0301464,0.9817106,0.89234537,1.0208032,0.9682747
2025-01-01 05:02:00,0.8629459,0.97975606,0.9348801,0.8601079,0.9681254,0.98533493,0.86741453,0.99298006,0.9398176,0.87750083,0.9939411,0.9905101,0.8863376,0.9912746,0.96761084,0.89204705,1.0135661,0.9957551,0.87651205,0.99432033,0.9687312,0.901684,1.0234845,0.996105,0.8911192,1.0172148,0.97165585,0.9071779,1.0314268,0.98170346,0.8928166,1.0219653,0.9682959
2025-01-01 05:03:00,0.8630528,0.98030174,0.9347587,0.86028564,0.9687731,0.9853367,0.8676641,0.9936709,0.939978,0.87768996,0.9946111,0.9905295,0.8867018,0.992154,0.9676231,0.8924409,1.0146108,0.99576545,0.8766816,0.99493694,0.96872944,0.9021159,1.0245241,0.99609417,0.8915134,1.0181732,0.971648,0.9076228,1.0324489,0.9816954,0.89319235,1.0228941,0.96830904
2025-01-01 05:04:00,0.86313605,0.9807364,0.9346771,0.8604271,0.9692909,0.985338,0.8678647,0.99422497,0.94008523,0.87784356,0.99514955,0.9905466,0.88699585,0.9928601,0.9676351,0.8927577,1.0154477,0.995774,0.8768174,0.99542993,0.968727,0.90245986,1.0253539,0.99608326,0.8918262,1.0189375,0.97163826,0.90797645,1.0332644,0.9816869,0.8934918,1.0236365,0.968317
2025-01-01 05:05:00,0.86320055,0.98108226,0.9346213,0.86053956,0.96970487,0.985339,0.8680262,0.99466956,0.94015795,0.87796867,0.9955828,0.9905622,0.8872336,0.99342734,0.9676469,0.8930129,1.0161188,0.9957812,0.8769261,0.995824,0.9687241,0.9027335,1.0260159,0.9960724,0.8920739,1.0195463,0.9716274,0.9082569,1.0339148,0.98167807,0.8937303,1.0242296,0.9683215
2025-01-01 05:06:00,0.8632499,0.9813571,0.93458223,0.8606287,0.9700357,0.9853398,0.86815643,0.99502665,0.9402082,0.87807107,0.9959319,0.99057686,0.88742644,0.9938836,0.9676586,0.89321876,1.016657,0.9957876,0.87701315,0.9961389,0.96872085,0.90295076,1.0265435,0.9960615,0.89226955,1.0200305,0.9716158,0.9084789,1.0344328,0.98166895,0.8939198,1.0247034,0.9683239
2025-01-01 05:07:00,0.86328727,0.981575,0.93455416,0.8606993,0.9703001,0.98534054,0.86826164,0.99531376,0.9402439,0.8781553,0.9962137,0.990591,0.88758326,0.99425113,0.9676702,0.8933852,1.0170889,0.99579346,0.8770828,0.99639034,0.96871734,0.903123,1.0269637,0.9960506,0.89242357,1.0204153,0.9716037,0.9086542,1.0348451,0.98165977,0.8940703,1.0250816,0.9683249
2025-01-01 05:08:00,0.863315,0.9817475,0.93453324,0.860755,0.97051126,0.98534125,0.86834675,0.9955448,0.9402702,0.878225,0.99644154,0.9906047,0.8877113,0.99454755,0.9676817,0.89352,1.0174358,0.99579895,0.87713873,0.99659115,0.96871364,0.9032592,1.0272979,0.99603975,0.8925442,1.0207206,0.97159123,0.908792,1.0351728,0.98165053,0.89418966,1.0253835,0.96832496
2025-01-01 05:09:00,0.863335,0.98188365,0.9345169,0.86079884,0.97067994,0.98534197,0.86841583,0.99573106,0.94029033,0.8782831,0.9966264,0.9906181,0.8878163,0.99478716,0.96769315,0.89362955,1.0177145,0.9958042,0.87718344,0.9967514,0.9687099,0.9033666,1.0275632,0.99602884,0.89263815,1.0209621,0.9715786,0.9088999,1.0354328,0.98164123,0.89428395,1.0256244,0.96832454
2025-01-01 05:10:00,0.8633489,0.9819907,0.9345036,0.8608332,0.97081465,0.9853426,0.8684722,0.9958815,0.9403065,0.8783319,0.9967767,0.99063134,0.88790286,0.99498135,0.9677046,0.8937189,1.0179389,0.9958092,0.87721926,0.9968792,0.968706,0.90345085,1.0277736,0.99601793,0.8927107,1.0211529,0.9715658,0.9089838,1.0356387,0.98163193,0.89435834,1.0258163,0.9683238
2025-01-01 05:11:00,0.8633579,0.9820745,0.9344923,0.86086005,0.9709221,0.9853434,0.86851835,0.99600327,0.94032013,0.8783732,0.9968995,0.99064445,0.88797474,0.99513906,0.967716,0.89379203,1.0181196,0.99581414,0.877248,0.99698114,0.9687021,0.90351665,1.02794,0.99600697,0.89276624,1.0213027,0.9715529,0.9090486,1.0358013,0.9816227,0.8944167,1.0259691,0.9683229
2025-01-01 05:12:00,0.86336297,0.9821397,0.93448234,0.8608808,0.9710078,0.9853441,0.8685563,0.99610215,0.9403321,0.8784086,0.99700016,0.9906575,0.8880347,0.9952677,0.9677273,0.89385223,1.0182655,0.9958189,0.87727094,0.9970622,0.9686981,0.9035677,1.0280712,0.99599594,0.8928081,1.02142,0.97154,0.90909815,1.0359292,0.98161346,0.8944623,1.0260907,0.96832174
2025-01-01 05:13:00,0.8633649,0.98219,0.93447316,0.86089677,0.97107613,0.98534495,0.86858773,0.99618274,0.940343,0.87843925,0.99708325,0.9906706,0.8880853,0.9953731,0.9677386,0.89390194,1.0183835,0.99582356,0.8772893,0.9971266,0.968694,0.90360683,1.0281742,0.9959849,0.892839,1.0215113,0.97152704,0.9091354,1.0360296,0.9816043,0.8944977,1.0261874,0.9683206
2025-01-01 05:14:00,0.8633643,0.98222846,0.93446463,0.8609088,0.97113055,0.9853458,0.86861396,0.99624866,0.9403532,0.8784661,0.9971522,0.9906836,0.88812834,0.9954598,0.9677499,0.8939434,1.0184792,0.9958282,0.877304,0.99717766,0.9686898,0.90363646,1.0282545,0.9959739,0.8928611,1.0215816,0.97151405,0.9091629,1.0361075,0.98159504,0.89452493,1.0262641,0.9683195
2025-01-01 05:15:00,0.8633617,0.98225737,0.9344565,0.86091787,0.97117394,0.98534673,0.86863595,0.99630284,0.94036305,0.8784899,0.99720985,0.99069667,0.88816535,0.9955316,0.96776116,0.89397824,1.0185571,0.99583274,0.8773157,0.997218,0.96868557,0.90365857,1.028317,0.9959628,0.8928763,1.0216353,0.97150105,0.90918255,1.036168,0.9815859,0.8945457,1.0263247,0.96831834
2025-01-01 05:16:00,0.8633576,0.9822787,0.9344486,0.8609244,0.9712084,0.9853477,0.8686547,0.99634767,0.9403725,0.87851137,0.99725854,0.99070966,0.8881975,0.9955916,0.96777236,0.89400774,1.0186205,0.9958372,0.8773251,0.9972499,0.9686813,0.90367454,1.0283649,0.99595165,0.89288586,1.0216756,0.971488,0.90919596,1.0362142,0.9815768,0.8945612,1.0263727,0.9683173
2025-01-01 05:17:00,0.8633522,0.982294,0.9344409,0.860929,0.9712358,0.9853487,0.8686708,0.9963851,0.94038194,0.87853086,0.99729997,0.99072266,0.88822573,0.9956419,0.9677836,0.89403296,1.0186726,0.9958416,0.87733257,0.9972749,0.9686769,0.9036856,1.0284011,0.9959405,0.89289093,1.0217053,0.971475,0.90920436,1.036249,0.9815677,0.8945726,1.0264103,0.9683162
2025-01-01 05:18:00,0.8633458,0.9823045,0.93443334,0.86093205,0.9712575,0.98534983,0.8686849,0.99641645,0.94039124,0.8785488,0.9973356,0.99073565,0.88825095,0.9956845,0.9677947,0.8940547,1.0187155,0.995846,0.87733847,0.9972944,0.9686726,0.90369284,1.0284282,0.99592936,0.8928924,1.0217264,0.971462,0.9092088,1.0362749,0.9815587,0.89458066,1.02644,0.9683152
2025-01-01 05:19:00,0.86333865,0.98231107,0.93442595,0.8609339,0.97127473,0.98535097,0.8686972,0.9964431,0.9404005,0.87856555,0.9973667,0.99074864,0.88827366,0.9957211,0.96780586,0.8940737,1.018751,0.99585027,0.8773432,0.9973095,0.9686681,0.9036969,1.0284477,0.9959181,0.89289105,1.0217407,0.971449,0.90920997,1.0362935,0.9815497,0.8945861,1.026463,0.9683142
2025-01-01 05:20:00,0.8633307,0.9823145,0.9344186,0.8609348,0.9712883,0.98535216,0.8687082,0.9964659,0.9404098,0.8785813,0.99739414,0.9907617,0.8882944,0.9957527,0.96781695,0.89409053,1.0187806,0.9958545,0.8773469,0.99732107,0.9686636,0.90369844,1.0284615,0.9959069,0.89288735,1.0217495,0.971436,0.90920866,1.0363064,0.98154074,0.8945894,1.0264809,0.9683132
2025-01-01 05:21:00,0.86332244,0.9823156,0.9344113,0.8609349,0.97129905,0.9853534,0.86871815,0.9964857,0.940419,0.8785963,0.9974186,0.9907747,0.8883135,0.9957804,0.96782804,0.8941055,1.0188056,0.99585867,0.8773497,0.9973298,0.96865904,0.90369797,1.0284703,0.9958956,0.8928818,1.0217539,0.9714231,0.90920526,1.0363145,0.98153186,0.89459115,1.0264946,0.9683124
2025-01-01 05:22:00,0.8633137,0.98231465,0.93440413,0.86093444,0.9713075,0.9853547,0.86872727,0.99650306,0.9404283,0.8786106,0.99744064,0.9907877,0.8883313,0.99580497,0.96783906,0.8941191,1.0188266,0.9958628,0.8773519,0.9973362,0.96865445,0.9036959,1.0284754,0.9958843,0.8928749,1.0217547,0.9714101,0.90920025,1.036319,0.981523,0.8945915,1.0265051,0.96831155
2025-01-01 05:23:00,0.8633047,0.9823122,0.934397,0.8609335,0.97131413,0.9853561,0.8687357,0.9965185,0.94043756,0.87862456,0.99746084,0.99080074,0.8883481,0.995827,0.96785,0.8941316,1.0188447,0.9958669,0.8773535,0.99734086,0.9686498,0.9036925,1.0284774,0.995873,0.89286673,1.0217528,0.97139716,0.90919393,1.0363207,0.98151416,0.89459085,1.0265129,0.9683108
2025-01-01 05:24:00,0.8632954,0.9823085,0.93438995,0.8609322,0.9713194,0.9853575,0.86874366,0.99653244,0.94044685,0.8786381,0.99747956,0.9908138,0.8883641,0.9958471,0.96786106,0.8941431,1.0188603,0.99587095,0.8773547,0.99734396,0.9686451,0.903688,1.028477,0.9958616,0.89285755,1.0217487,0.9713842,0.90918666,1.0363199,0.9815054,0.8945893,1.0265186,0.96831006
2025-01-01 05:25:00,0.86328596,0.9823038,0.9343829,0.86093056,0.97132343,0.985359,0.86875117,0.99654514,0.9404562,0.87865126,0.997497,0.99082685,0.8883794,0.99586546,0.96787196,0.8941539,1.0188739,0.9958749,0.8773555,0.99734586,0.9686403,0.90368265,1.0284747,0.99585027,0.89284766,1.0217427,0.9713713,0.90917856,1.0363172,0.98149663,0.89458716,1.0265226,0.9683094
2025-01-01 05:26:00,0.8632764,0.9822983,0.9343759,0.8609288,0.97132653,0.98536056,0.8687584,0.9965569,0.9404656,0.87866426,0.99751353,0.9908399,0.8883942,0.9958826,0.9678829,0.894164,1.0188862,0.9958788,0.87735605,0.9973468,0.9686355,0.9036767,1.0284706,0.9958388,0.8928371,1.0217353,0.97135836,0.9091698,1.036313,0.98148793,0.8945845,1.0265253,0.96830887
2025-01-01 05:27:00,0.8632667,0.98229223,0.93436897,0.86092675,0.97132903,0.9853622,0.8687655,0.9965679,0.94047505,0.878677,0.9975293,0.99085295,0.88840854,0.99589866,0.9678938,0.8941736,1.0188969,0.9958827,0.8773563,0.997347,0.9686306,0.9036701,1.0284655,0.9958274,0.89282614,1.0217268,0.9713454,0.9091605,1.0363078,0.9814793,0.89458144,1.0265269,0.9683083
2025-01-01 05:28:00,0.8632569,0.9822856,0.9343621,0.8609247,0.97133094,0.98536384,0.8687723,0.9965782,0.94048446,0.8786896,0.99754447,0.990866,0.88842255,0.99591386,0.96790457,0.8941828,1.0189068,0.99588645,0.87735635,0.9973465,0.96862566,0.9036631,1.0284592,0.99581593,0.89281476,1.0217174,0.97133255,0.90915084,1.0363016,0.9814707,0.89457804,1.0265279,0.96830785
2025-01-01 05:29:00,0.8632471,0.9822787,0.93435526,0.8609225,0.9713324,0.98536557,0.86877894,0.9965882,0.940494,0.8787021,0.9975592,0.99087906,0.8884363,0.99592835,0.9679154,0.89419174,1.0189157,0.9958902,0.8773562,0.9973455,0.9686207,0.90365565,1.0284522,0.9958044,0.8928031,1.0217073,0.9713196,0.9091408,1.0362946,0.9814621,0.89457446,1.0265281,0.96830744
2025-01-01 05:30:00,0.8634429,0.9834004,0.93447363,0.8612503,0.97270197,0.9854776,0.86926335,0.9979612,0.9416164,0.8789634,0.998849,0.99101704,0.8891012,0.9976895,0.96819377,0.89487827,1.0209965,0.9960141,0.87759167,0.99852693,0.968909,0.90441287,1.0305005,0.9958954,0.8934963,1.0235682,0.9715793,0.90989935,1.0382581,0.9815518,0.89520276,1.0282809,0.9686446
2025-01-01 05:31:00,0.86359763,0.98429614,0.93454826,0.86151195,0.9737977,0.9855511,0.8696521,0.99906135,0.9423494,0.87917495,0.9998834,0.9911113,0.8896357,0.99910074,0.9683784,0.89542896,1.022662,0.99609584,0.8777799,0.9994715,0.96909463,0.9050167,1.032137,0.9959505,0.8940483,1.0250542,0.97174364,0.910504,1.0398269,0.98160726,0.8957045,1.0296826,0.96886367
2025-01-01 05:32:00,0.8637194,0.98501104,0.93459445,0.8617208,0.97467417,0.98559964,0.8699643,0.99994314,0.94282913,0.87934655,1.0007135,0.9911771,0.8900657,1.0002321,0.9685022,0.895871,1.0239956,0.9961502,0.8779303,1.0002264,0.9692135,0.9054981,1.0334442,0.9959822,0.89448726,1.0262405,0.9718459,0.91098547,1.04108,0.9816403,0.89610505,1.0308036,0.96900606
2025-01-01 05:33:00,0.8638149,0.9855814,0.9346221,0.86188745,0.9753754,0.9856318,0.87021536,1.0006502,0.94314444,0.87948626,1.0013801,0.9912245,0.89041233,1.0011395,0.9685864,0.8962261,1.0250638,0.99618673,0.8780503,1.0008298,0.9692889,0.90588135,1.0344878,0.99599874,0.8948358,1.0271869,0.9719079,0.91136837,1.0420804,0.98165894,0.8964246,1.0316999,0.96909857
2025-01-01 05:34:00,0.8638893,0.98603594,0.9346379,0.8620204,0.97593635,0.9856535,0.8704175,1.0012175,0.9433528,0.87960047,1.0019159,0.99125993,0.89069206,1.0018678,0.9686448,0.8965116,1.0259191,0.99621165,0.8781461,1.0013118,0.96933603,0.90618616,1.0353206,0.9960054,0.8951121,1.0279413,0.97194374,0.91167253,1.0428789,0.9816681,0.8966794,1.0324166,0.9691587
2025-01-01 05:35:00,0.86394686,0.986398,0.9346459,0.86212623,0.9763851,0.98566836,0.8705805,1.001673,0.94349164,0.8796943,1.0023471,0.99128747,0.8909184,1.0024526,0.96868646,0.8967415,1.0266044,0.99622905,0.8782225,1.0016967,0.96936476,0.9064282,1.0359848,0.9960056,0.8953305,1.0285424,0.9719626,0.91191363,1.0435157,0.9816712,0.89688236,1.0329895,0.9691978
2025-01-01 05:36:00,0.86399096,0.98668593,0.9346488,0.8622105,0.9767441,0.98567885,0.8707122,1.0020391,0.9435854,0.8797718,1.0026946,0.99131,0.89110196,1.002923,0.9687172,0.8969268,1.0271538,0.99624145,0.87828344,1.0020039,0.9693815,0.90661997,1.0365139,0.99600166,0.8955026,1.0290205,0.97197026,0.91210425,1.0440232,0.9816704,0.89704394,1.0334474,0.9692232
2025-01-01 05:37:00,0.8640243,0.9869147,0.9346485,0.8622775,0.97703135,0.9856864,0.8708189,1.0023335,0.9436497,0.87983626,1.0029753,0.99132925,0.89125127,1.0033015,0.9687409,0.89707655,1.0275944,0.9962507,0.87833184,1.002249,0.9693905,0.90677154,1.0369352,0.995995,0.89563775,1.0294005,0.9719708,0.9122546,1.0444273,0.981667,0.89717233,1.0338134,0.96923983
2025-01-01 05:38:00,0.864049,0.98709613,0.9346461,0.86233073,0.97726125,0.9856922,0.8709056,1.0025709,0.94369507,0.87989026,1.0032023,0.9913463,0.8913733,1.0036067,0.9687599,0.8971977,1.0279479,0.9962578,0.87837034,1.0024443,0.9693944,0.9068909,1.03727,0.9959865,0.89574325,1.0297017,0.97196674,0.91237265,1.0447487,0.9816619,0.89727426,1.0341058,0.9692507
2025-01-01 05:39:00,0.86406684,0.98723966,0.9346423,0.8623729,0.9774452,0.98569673,0.87097627,1.0027623,0.94372797,0.87993586,1.0033866,0.991362,0.8914733,1.0038531,0.9687759,0.89729613,1.0282316,0.99626344,0.8784008,1.0025998,0.969395,0.90698457,1.0375357,0.99597687,0.89582497,1.0299401,0.97195953,0.9124649,1.0450038,0.98165584,0.89735496,1.0343393,0.9692578
2025-01-01 05:40:00,0.8640792,0.98735285,0.9346377,0.86240625,0.9775924,0.98570055,0.87103415,1.0029173,0.9437529,0.87997484,1.0035366,0.99137676,0.89155585,1.0040526,0.96879,0.89737624,1.0284597,0.9962682,0.87842494,1.0027236,0.9693934,0.90705764,1.037746,0.9959665,0.8958878,1.0301282,0.9719505,0.9125365,1.0452061,0.98164904,0.89741874,1.0345258,0.96926254
2025-01-01 05:41:00,0.86408716,0.98744184,0.9346326,0.8624326,0.9777103,0.9857039,0.87108177,1.0030429,0.94377255,0.8800085,1.0036591,0.991391,0.89162433,1.0042144,0.96880275,0.8974417,1.0286431,0.9962723,0.87844384,1.0028218,0.9693903,0.9071142,1.0379121,0.9959555,0.8959354,1.0302762,0.9719401,0.91259164,1.0453658,0.98164195,0.897469,1.0346746,0.96926576
2025-01-01 05:42:00,0.86409163,0.98751146,0.9346271,0.86245334,0.9778047,0.9857069,0.8711212,1.0031452,0.9437889,0.8800379,1.0037596,0.9914048,0.8916816,1.0043461,0.9688147,0.89749545,1.0287908,0.9962761,0.8784587,1.0028995,0.96938634,0.90715754,1.0380429,0.9959443,0.89597094,1.0303918,0.9719289,0.9126336,1.0454919,0.9816345,0.89750844,1.0347934,0.969268
2025-01-01 05:43:00,0.8640933,0.98756564,0.93462145,0.86246955,0.97788036,0.98570985,0.8711542,1.0032287,0.943803,0.8800639,1.0038428,0.99141836,0.8917299,1.0044539,0.968826,0.89753985,1.02891,0.9962795,0.87847024,1.002961,0.9693817,0.9071903,1.0381453,0.9959328,0.8959967,1.0304817,0.97191715,0.91266495,1.0455908,0.98162687,0.89753926,1.034888,0.96926963
2025-01-01 05:44:00,0.8640927,0.98760736,0.9346157,0.86248225,0.9779409,0.9857127,0.87118196,1.0032973,0.9438158,0.88008714,1.0039119,0.9914318,0.89177096,1.0045424,0.96883696,0.89757675,1.0290064,0.9962827,0.87847906,1.0030094,0.9693766,0.90721464,1.038225,0.9959212,0.8960147,1.030551,0.9719051,0.91268784,1.045668,0.98161924,0.8975631,1.0349635,0.96927094
2025-01-01 05:45:00,0.86409044,0.9876392,0.93460983,0.8624921,0.97798955,0.9857155,0.8712055,1.0033538,0.9438276,0.88010824,1.0039697,0.99144506,0.8918063,1.0046153,0.96884763,0.89760756,1.0290843,0.99628574,0.87848586,1.0030473,0.9693713,0.90723217,1.0382868,0.99590945,0.8960265,1.0306039,0.97189283,0.91270405,1.0457278,0.9816116,0.8975815,1.0350236,0.96927196
2025-01-01 05:46:00,0.8640867,0.98766315,0.9346039,0.8624996,0.9780286,0.9857183,0.8712258,1.0034008,0.9438389,0.8801276,1.0040185,0.9914583,0.89183706,1.0046761,0.9688582,0.8976336,1.0291476,0.99628866,0.8784909,1.003077,0.9693657,0.9072443,1.0383339,0.99589765,0.8960333,1.0306436,0.97188044,0.91271484,1.045774,0.98160386,0.89759547,1.0350713,0.96927285
2025-01-01 05:47:00,0.86408186,0.98768073,0.934598,0.8625054,0.97805995,0.9857211,0.8712434,1.0034403,0.94384986,0.88014555,1.0040601,0.99147147,0.89186406,1.004727,0.96886855,0.8976557,1.0291992,0.99629146,0.87849456,1.0030998,0.96936,0.9072521,1.0383694,0.9958857,0.8960361,1.0306728,0.9718679,0.91272134,1.045809,0.9815962,0.89760596,1.0351092,0.96927375
2025-01-01 05:48:00,0.8640761,0.98769337,0.93459225,0.86250967,0.9780852,0.985724,0.871259,1.0034735,0.9438606,0.8801624,1.0040962,0.99148464,0.89188814,1.0047698,0.9688788,0.89767474,1.0292416,0.9962942,0.87849706,1.0031172,0.96935415,0.9072563,1.0383955,0.9958738,0.89603573,1.0306934,0.9718554,0.91272444,1.0458351,0.98158854,0.8976136,1.0351392,0.9692745
2025-01-01 05:49:00,0.86406964,0.9877019,0.93458647,0.8625128,0.97810555,0.98572683,0.8712728,1.0035019,0.94387114,0.8801784,1.0041275,0.9914978,0.8919099,1.0048065,0.968889,0.8976913,1.0292763,0.99629694,0.8784987,1.0031303,0.9693482,0.9072578,1.0384142,0.9958618,0.89603287,1.0307075,0.9718428,0.91272473,1.0458542,0.98158085,0.897619,1.035163,0.9692753
2025-01-01 05:50:00,0.86406267,0.98770726,0.9345807,0.86251515,0.97812206,0.9857297,0.8712853,1.0035264,0.9438817,0.88019365,1.0041553,0.9915109,0.8919297,1.004838,0.96889913,0.89770585,1.0293049,0.9962995,0.87849957,1.0031399,0.9693422,0.907257,1.038427,0.9958498,0.896028,1.030716,0.97183025,0.9127229,1.0458677,0.9815733,0.89762276,1.0351819,0.96927613
2025-01-01 05:51:00,0.8640552,0.98771006,0.93457496,0.8625167,0.97813547,0.9857327,0.87129676,1.0035479,0.9438921,0.8802084,1.0041801,0.99152404,0.891948,1.0048654,0.9689092,0.8977188,1.0293287,0.99630207,0.87849987,1.0031468,0.9693361,0.90725446,1.038435,0.99583775,0.89602137,1.0307202,0.9718176,0.91271925,1.0458766,0.98156565,0.897625,1.0351967,0.969277
2025-01-01 05:52:00,0.8640474,0.9877108,0.93456924,0.8625177,0.9781464,0.98573565,0.8713074,1.0035667,0.94390255,0.8802227,1.0042024,0.9915371,0.8919651,1.0048896,0.9689192,0.8977304,1.0293485,0.9963045,0.8784996,1.0031514,0.96932995,0.90725046,1.0384392,0.99582565,0.8960135,1.0307211,0.97180504,0.91271424,1.045882,0.98155814,0.89762616,1.0352083,0.9692779
2025-01-01 05:53:00,0.86403936,0.98770994,0.93456364,0.8625183,0.9781554,0.98573875,0.8713173,1.0035837,0.943913,0.8802366,1.0042229,0.9915502,0.8919812,1.0049113,0.96892923,0.89774096,1.0293654,0.99630696,0.878499,1.0031543,0.9693237,0.9072453,1.0384402,0.99581355,0.89600456,1.0307192,0.97179246,0.91270816,1.0458845,0.9815507,0.89762646,1.0352174,0.9692789
2025-01-01 05:54:00,0.8640311,0.98770773,0.93455803,0.8625186,0.9781627,0.98574185,0.87132674,1.003599,0.9439235,0.88025033,1.004242,0.9915633,0.89199656,1.0049307,0.9689392,0.89775074,1.0293796,0.9963093,0.878498,1.0031556,0.96931744,0.90723914,1.0384389,0.99580145,0.8959948,1.0307149,0.9717799,0.9127012,1.0458846,0.98154324,0.89762604,1.0352244,0.9692799
2025-01-01 05:55:00,0.8640227,0.9877046,0.9345525,0.8625186,0.9781689,0.985745,0.8713358,1.0036132,0.94393396,0.8802638,1.0042597,0.99157643,0.89201117,1.0049486,0.9689491,0.89775974,1.029392,0.9963116,0.87849677,1.0031557,0.9693111,0.9072322,1.0384355,0.9957893,0.8959844,1.0307089,0.9717673,0.9126935,1.0458829,0.98153585,0.897625,1.0352299,0.96928096
2025-01-01 05:56:00,0.8640142,0.9877005,0.93454707,0.8625184,0.97817403,0.9857483,0.8713445,1.0036263,0.94394445,0.88027704,1.0042765,0.99158955,0.89202535,1.0049651,0.9689589,0.89776826,1.0294027,0.99631387,0.87849534,1.003155,0.96930474,0.9072247,1.0384306,0.9957772,0.89597344,1.0307016,0.9717548,0.91268533,1.0458798,0.9815285,0.89762366,1.0352341,0.9692821
2025-01-01 05:57:00,0.8640056,0.98769593,0.93454164,0.8625181,0.97817844,0.98575157,0.87135303,1.0036387,0.943955,0.8802902,1.0042926,0.9916026,0.89203906,1.0049806,0.96896875,0.8977763,1.029412,0.996316,0.87849367,1.0031534,0.9692983,0.90721667,1.0384244,0.995765,0.89596206,1.0306932,0.9717423,0.91267663,1.0458755,0.98152125,0.897622,1.0352374,0.9692833
2025-01-01 05:58:00,0.863997,0.9876908,0.9345363,0.86251765,0.97818226,0.9857549,0.8713614,1.0036505,0.94396555,0.8803032,1.0043081,0.9916157,0.8920524,1.004995,0.9689786,0.89778394,1.0294204,0.99631816,0.8784918,1.0031512,0.96929187,0.90720826,1.0384171,0.99575275,0.8959503,1.0306838,0.97172976,0.9126677,1.0458704,0.981514,0.89762,1.0352397,0.96928453
2025-01-01 05:59:00,0.8639883,0.98768526,0.9345309,0.8625171,0.9781856,0.9857583,0.8713695,1.0036619,0.94397616,0.88031614,1.0043231,0.9916288,0.8920655,1.0050088,0.9689883,0.89779127,1.0294279,0.99632025,0.87848985,1.0031486,0.9692853,0.90719956,1.0384091,0.9957406,0.89593834,1.0306736,0.9717173,0.91265845,1.0458646,0.9815068,0.8976179,1.0352415,0.96928585
2025-01-01 06:00:00,0.86415744,0.9888339,0.9351859,0.8628157,0.9796337,0.9859747,0.87184674,1.005041,0.94563925,0.88047564,1.0055829,0.9918657,0.89268446,1.006794,0.9695259,0.89839125,1.0315188,0.9965414,0.8786261,1.0042847,0.9698537,0.9078496,1.0404303,0.99593216,0.8965305,1.0324777,0.9722261,0.9132817,1.0477499,0.98168844,0.8981238,1.0368983,0.96990144
2025-01-01 06:01:00,0.8642911,0.9897514,0.9356099,0.86305434,0.9807925,0.98611665,0.87223005,1.0061462,0.9467241,0.8806058,1.0065932,0.9920243,0.893182,1.0082244,0.9698787,0.89887244,1.0331923,0.99668574,0.8787346,1.0051926,0.9702208,0.9083677,1.042045,0.9960524,0.8970016,1.0339186,0.9725524,0.91377825,1.0492564,0.981804,0.8985279,1.0382235,0.97030216
2025-01-01 06:02:00,0.8643963,0.990484,0.93588364,0.8632452,0.98172,0.9862102,0.87253827,1.0070323,0.94743294,0.88071245,1.0074041,0.9921319,0.8935824,1.0093708,0.9701113,0.8992585,1.034532,0.9967802,0.87882084,1.005918,0.9704571,0.90878016,1.0433345,0.9961263,0.8973759,1.0350686,0.9727602,0.9141735,1.0504599,0.98187673,0.8988507,1.0392836,0.97056323
2025-01-01 06:03:00,0.86447865,0.9910688,0.93605983,0.8633978,0.98246217,0.9862723,0.8727864,1.007743,0.9478975,0.8808003,1.0080556,0.99220645,0.8939051,1.0102901,0.97026587,0.89956856,1.0356042,0.99684227,0.8788892,1.0064973,0.97060823,0.909108,1.0443639,0.9961699,0.89767265,1.0359861,0.9728909,0.9144876,1.0514208,0.98192155,0.8991084,1.0401317,0.9707334
2025-01-01 06:04:00,0.8645428,0.9915352,0.9361727,0.8635197,0.9830563,0.986314,0.87298644,1.0083134,0.94820327,0.88087314,1.0085793,0.99225944,0.89416564,1.0110278,0.9703697,0.89981776,1.036463,0.99688315,0.8789434,1.0069598,0.97070414,0.9093682,1.045185,0.996194,0.89790744,1.0367175,0.97297156,0.9147369,1.0521879,0.9819483,0.89931405,1.0408101,0.9708447
2025-01-01 06:05:00,0.86459243,0.9919069,0.9362443,0.8636172,0.98353195,0.98634243,0.8731481,1.0087718,0.9484058,0.880934,1.0090009,0.9922985,0.89437646,1.01162,0.9704405,0.90001833,1.0371506,0.99691033,0.8789862,1.0073289,0.970764,0.9095744,1.0458397,0.99620533,0.8980926,1.0373,0.97301966,0.91493434,1.0527999,0.9819632,0.899478,1.0413526,0.9709176
2025-01-01 06:06:00,0.86463046,0.99220294,0.93628913,0.8636951,0.9839128,0.9863622,0.873279,1.0091404,0.9485413,0.88098514,1.0093406,0.9923284,0.8945475,1.0120959,0.97048974,0.9001799,1.0377016,0.9969286,0.8790198,1.007623,0.9708005,0.9097372,1.046361,0.99620837,0.8982382,1.0377635,0.9730466,0.9150903,1.0532877,0.98197067,0.8996087,1.0417866,0.9709656
2025-01-01 06:07:00,0.8646592,0.9924385,0.9363166,0.8637574,0.98421794,0.9863765,0.8733853,1.0094372,0.94863313,0.88102865,1.0096152,0.9923525,0.8946867,1.0124788,0.9705251,0.9003103,1.038143,0.9969409,0.8790461,1.0078572,0.9708218,0.9098654,1.0467758,0.996206,0.898352,1.0381317,0.97305983,0.91521305,1.0536764,0.9819731,0.89971274,1.0421337,0.97099745
2025-01-01 06:08:00,0.8646804,0.99262553,0.93633276,0.8638071,0.98446244,0.9863872,0.873472,1.0096765,0.9486967,0.881066,1.0098374,0.9923727,0.8948004,1.0127873,0.9705513,0.9004157,1.0384969,0.99694943,0.87906647,1.0080436,0.9708331,0.9099659,1.0471052,0.9962001,0.8984405,1.0384237,0.9730641,0.9153093,1.0539856,0.98197234,0.89979553,1.0424114,0.97101885
2025-01-01 06:09:00,0.8646957,0.9927739,0.9363417,0.86384684,0.98465836,0.98639554,0.8735429,1.0098699,0.9487418,0.8810985,1.0100179,0.99239033,0.8948937,1.0130361,0.9705716,0.9005012,1.0387806,0.99695545,0.87908214,1.0081916,0.97083807,0.91004413,1.0473664,0.9961919,0.89850867,1.0386547,0.97306263,0.9153843,1.0542314,0.9819696,0.8998613,1.0426335,0.9710335
2025-01-01 06:10:00,0.86470634,0.99289125,0.9363459,0.8638786,0.98481554,0.9864024,0.87360126,1.0100267,0.948775,0.881127,1.0101649,0.99240637,0.8949707,1.0132375,0.97058797,0.9005707,1.0390084,0.9969599,0.87909406,1.0083091,0.9708387,0.9101047,1.0475731,0.9961822,0.8985605,1.038837,0.9730574,0.9154422,1.0544263,0.9819655,0.89991343,1.0428113,0.9710437
2025-01-01 06:11:00,0.86471313,0.9929839,0.93634695,0.86390406,0.9849417,0.9864083,0.8736496,1.010154,0.9488005,0.8811524,1.010285,0.9924214,0.89503473,1.0134004,0.9706019,0.9006274,1.0391912,0.9969632,0.87910295,1.0084019,0.97083664,0.91015095,1.0477362,0.99617153,0.8985994,1.0389801,0.9730497,0.91548663,1.0545806,0.98196054,0.8999547,1.0429534,0.97105104
2025-01-01 06:12:00,0.8647169,0.9930567,0.93634605,0.8639243,0.9850431,0.98641366,0.87368995,1.0102578,0.94882095,0.8811752,1.0103837,0.9924357,0.89508826,1.0135331,0.97061414,0.9006738,1.0393381,0.9969658,0.8791094,1.0084752,0.97083277,0.91018593,1.0478643,0.9961602,0.8986279,1.0390921,0.9730404,0.91552025,1.0547024,0.98195505,0.8999872,1.0430672,0.9710565
2025-01-01 06:13:00,0.8647183,0.99311364,0.93634397,0.8639406,0.98512465,0.9864186,0.8737238,1.0103428,0.9488381,0.881196,1.0104654,0.9924495,0.89513344,1.0136412,0.9706253,0.900712,1.0394562,0.9969679,0.8791139,1.0085326,0.9708277,0.9102118,1.0479643,0.9961485,0.898648,1.0391791,0.9730301,0.9155451,1.0547982,0.98194927,0.90001285,1.0431582,0.9710609
2025-01-01 06:14:00,0.8647178,0.993158,0.93634105,0.8639536,0.9851904,0.9864234,0.87375265,1.0104128,0.9488532,0.8812153,1.0105333,0.9924631,0.8951719,1.0137299,0.9706357,0.9007436,1.0395515,0.9969697,0.8791168,1.0085775,0.9708218,0.91023034,1.0480422,0.9961365,0.89866155,1.0392461,0.9730192,0.9155631,1.0548732,0.9819432,0.900033,1.043231,0.9710645
2025-01-01 06:15:00,0.8647157,0.99319214,0.9363376,0.863964,0.9852434,0.986428,0.87377733,1.0104707,0.9488669,0.8812333,1.0105903,0.99247646,0.89520496,1.013803,0.97064567,0.90076995,1.0396283,0.99697125,0.8791184,1.0086123,0.9708154,0.91024303,1.0481019,0.99612427,0.8986698,1.0392972,0.9730078,0.91557556,1.0549316,0.9819371,0.9000486,1.0432893,0.9710677
2025-01-01 06:16:00,0.8647125,0.99321824,0.93633384,0.86397237,0.9852863,0.9864325,0.8737987,1.0105191,0.9488797,0.88125014,1.0106384,0.9924897,0.89523375,1.0138636,0.97065526,0.90079206,1.0396904,0.9969725,0.87911904,1.008639,0.9708087,0.91025114,1.0481474,0.996112,0.8986737,1.0393355,0.97299623,0.91558355,1.0549767,0.9819309,0.9000608,1.043336,0.9710705
2025-01-01 06:17:00,0.86470824,0.9932379,0.9363299,0.86397916,0.9853211,0.986437,0.8738176,1.0105599,0.94889194,0.88126636,1.0106795,0.9925028,0.8952591,1.013914,0.9706647,0.9008108,1.0397406,0.9969737,0.8791188,1.0086591,0.97080165,0.9102554,1.0481815,0.99609953,0.89867425,1.0393636,0.97298443,0.915588,1.0550113,0.9819247,0.9000701,1.0433733,0.97107327
2025-01-01 06:18:00,0.86470324,0.99325234,0.93632585,0.86398464,0.9853495,0.9864416,0.8738344,1.0105945,0.94890386,0.8812818,1.010715,0.9925159,0.8952816,1.0139564,0.9706739,0.90082675,1.0397813,0.9969748,0.87911785,1.0086741,0.97079444,0.9102567,1.0482063,0.996087,0.8986721,1.0393836,0.9729726,0.91558975,1.0550373,0.9819185,0.9000772,1.0434035,0.97107595
2025-01-01 06:19:00,0.8646977,0.9932627,0.9363218,0.86398906,0.98537266,0.98644614,0.8738495,1.0106242,0.9489156,0.88129675,1.0107461,0.992529,0.895302,1.0139923,0.970683,0.9008406,1.0398145,0.9969758,0.8791164,1.008685,0.9707871,0.91025555,1.0482239,0.9960745,0.8986677,1.0393971,0.9729606,0.91558915,1.0550565,0.9819124,0.9000825,1.0434276,0.9710786
2025-01-01 06:20:00,0.8646917,0.9932698,0.93631774,0.8639927,0.98539174,0.98645073,0.87386334,1.0106499,0.94892716,0.8813113,1.0107737,0.99254197,0.8953206,1.0140232,0.970692,0.9008527,1.0398417,0.99697673,0.8791145,1.0086925,0.9707797,0.9102525,1.0482354,0.9960619,0.8986616,1.0394053,0.9729486,0.9155868,1.0550703,0.9819063,0.9000865,1.0434469,0.9710812
2025-01-01 06:21:00,0.8646853,0.9932743,0.9363136,0.8639957,0.98540753,0.9864553,0.8738761,1.0106726,0.9489386,0.88132554,1.0107982,0.99255496,0.8953378,1.01405,0.9707009,0.9008633,1.039864,0.99697757,0.8791122,1.0086974,0.97077215,0.91024786,1.0482423,0.9960493,0.8986541,1.0394094,0.97293663,0.915583,1.0550798,0.98190016,0.9000893,1.0434625,0.97108376
2025-01-01 06:22:00,0.86467856,0.99327666,0.93630964,0.8639982,0.9854207,0.98646,0.873888,1.0106927,0.94895005,0.8813395,1.0108205,0.99256796,0.89535385,1.0140734,0.9707098,0.9008727,1.0398823,0.99697834,0.87910956,1.0087001,0.9707646,0.910242,1.0482454,0.99603665,0.8986455,1.03941,0.97292465,0.91557807,1.0550858,0.9818941,0.90009123,1.0434752,0.97108644
2025-01-01 06:23:00,0.8646717,0.9932774,0.93630564,0.8640003,0.9854318,0.9864647,0.8738993,1.010711,0.9489615,0.88135326,1.010841,0.9925809,0.89536893,1.0140942,0.9707186,0.9008813,1.0398974,0.99697906,0.8791067,1.0087012,0.97075695,0.9102351,1.0482457,0.996024,0.89863604,1.039408,0.97291267,0.9155723,1.0550891,0.9818881,0.9000924,1.0434854,0.9710891
2025-01-01 06:24:00,0.8646646,0.99327683,0.93630165,0.86400217,0.9854413,0.98646945,0.87391007,1.0107275,0.94897294,0.8813669,1.01086,0.9925938,0.8953833,1.0141128,0.9707273,0.90088904,1.0399102,0.9969797,0.8791036,1.0087007,0.9707492,0.9102274,1.0482433,0.9960114,0.8986258,1.0394039,0.9729007,0.9155658,1.0550902,0.98188215,0.9000931,1.0434937,0.9710918
2025-01-01 06:25:00,0.8646574,0.9932752,0.9362977,0.8640038,0.9854495,0.9864743,0.87392044,1.0107428,0.9489844,0.8813803,1.0108778,0.99260676,0.89539707,1.0141298,0.970736,0.90089625,1.0399209,0.9969803,0.8791003,1.008699,0.97074145,0.9102191,1.048239,0.9959987,0.898615,1.0393981,0.9728887,0.9155587,1.0550896,0.98187625,0.9000933,1.0435007,0.97109455
2025-01-01 06:26:00,0.86465013,0.9932728,0.93629384,0.8640052,0.9854565,0.9864791,0.8739305,1.0107571,0.9489958,0.8813937,1.0108948,0.99261963,0.89541036,1.0141453,0.97074467,0.9009029,1.03993,0.99698085,0.87909687,1.0086967,0.97073364,0.91021013,1.0482332,0.995986,0.8986038,1.0393909,0.9728768,0.9155512,1.0550876,0.9818704,0.9000933,1.0435063,0.9710974
2025-01-01 06:27:00,0.86464274,0.99326974,0.93629,0.8640065,0.98546284,0.98648405,0.87394035,1.0107707,0.9490073,0.88140696,1.0109109,0.99263257,0.8954233,1.0141598,0.9707533,0.9009092,1.0399376,0.9969813,0.87909335,1.0086935,0.9707258,0.91020083,1.0482261,0.9959733,0.8985922,1.0393827,0.9728649,0.9155433,1.0550843,0.9818646,0.90009296,1.0435109,0.9711003
2025-01-01 06:28:00,0.86463535,0.9932661,0.9362863,0.8640077,0.9854685,0.986489,0.87394994,1.0107836,0.9490188,0.8814202,1.0109264,0.9926455,0.89543587,1.0141733,0.9707619,0.9009151,1.0399443,0.99698174,0.8790896,1.0086896,0.97071785,0.9101912,1.048218,0.99596053,0.8985803,1.0393735,0.972853,0.9155352,1.0550804,0.98185885,0.9000925,1.043515,0.9711032
2025-01-01 06:29:00,0.86462796,0.9932621,0.9362826,0.8640089,0.98547363,0.98649406,0.8739595,1.010796,0.9490303,0.88143337,1.0109414,0.9926584,0.89544815,1.0141861,0.9707704,0.9009207,1.0399501,0.99698216,0.87908584,1.0086854,0.9707099,0.91018116,1.0482091,0.99594784,0.8985682,1.0393637,0.97284114,0.91552687,1.0550758,0.9818531,0.9000918,1.0435182,0.97110623
2025-01-01 06:30:00,0.86476743,0.9944172,0.9374625,0.8642731,0.98697436,0.9868109,0.87442106,1.0121565,0.9512045,0.88148826,1.0121487,0.99298996,0.89601,1.0159636,0.9715576,0.9014233,1.042014,0.99729663,0.8791204,1.009756,0.9715482,0.91071254,1.050167,0.9962367,0.89904875,1.0410789,0.9735899,0.91600364,1.0568494,0.98212343,0.9004662,1.0450493,0.9719894
2025-01-01 06:31:00,0.8648776,0.9953401,0.93822825,0.86448455,0.9881757,0.9870187,0.87479216,1.013247,0.95262176,0.8815348,1.0131172,0.99321,0.8964617,1.0173874,0.97207224,0.9018263,1.0436656,0.99750113,0.8791473,1.010611,0.97209024,0.9111354,1.0517309,0.99641997,0.8994305,1.0424486,0.97407246,0.9163832,1.0582668,0.9822972,0.9007655,1.0462745,0.9725646
2025-01-01 06:32:00,0.8649642,0.9960774,0.9387247,0.864654,0.9891374,0.9871556,0.8750909,1.0141215,0.9535471,0.8815747,1.0138946,0.99335754,0.8968253,1.0185285,0.97240967,0.90214956,1.0449873,0.99763405,0.8791679,1.0112939,0.9724397,0.91147137,1.0529795,0.9965346,0.89973336,1.0435419,0.974382,0.91668504,1.0593994,0.98240817,0.90100473,1.0472549,0.97293955
2025-01-01 06:33:00,0.865032,0.99666625,0.93904626,0.8647898,0.9899074,0.9872465,0.8753316,1.0148233,0.95415264,0.8816091,1.014519,0.99345785,0.89711845,1.0194433,0.9726319,0.902409,1.0460452,0.99772054,0.8791835,1.0118388,0.972664,0.911738,1.053976,0.9966047,0.899973,1.0444139,0.97457916,0.9169248,1.0603038,0.98247844,0.90119594,1.0480394,0.97318447
2025-01-01 06:34:00,0.8650848,0.9971362,0.93925405,0.8648986,0.99052405,0.9873075,0.8755261,1.0153868,0.9545503,0.88163924,1.0150212,0.99352753,0.89735514,1.0201771,0.97277915,0.9026174,1.0468918,0.9977767,0.87919503,1.0122734,0.9728068,0.911949,1.0547708,0.9966457,0.90016216,1.0451092,0.9747032,0.91711473,1.061026,0.9825222,0.90134865,1.0486673,0.97334486
2025-01-01 06:35:00,0.86512566,0.997511,0.93938804,0.864986,0.9910181,0.987349,0.8756835,1.0158397,0.95481294,0.881666,1.0154257,0.9935774,0.89754665,1.0207661,0.9728778,0.902785,1.0475695,0.99781317,0.8792034,1.01262,0.97289675,0.9121156,1.0554042,0.99666786,0.9003109,1.0456629,0.9747798,0.91726494,1.0616024,0.98254883,0.9014707,1.04917,0.97345024
2025-01-01 06:36:00,0.8651569,0.99780995,0.939474,0.8650561,0.99141407,0.9873779,0.8758112,1.0162041,0.95498776,0.88169,1.0157518,0.9936142,0.8977021,1.0212393,0.9729447,0.9029199,1.048112,0.9978368,0.8792091,1.0128958,0.97295237,0.9122466,1.0559084,0.9966778,0.9004273,1.0461034,0.97482544,0.9173833,1.062062,0.98256433,0.9015681,1.0495723,0.97352004
2025-01-01 06:37:00,0.86518043,0.998048,0.9395287,0.86511254,0.9917315,0.9873986,0.8759153,1.0164979,0.95510554,0.88171184,1.0160154,0.9936426,0.8978287,1.0216197,0.97299105,0.9030286,1.0485464,0.99785215,0.87921274,1.013115,0.9729855,0.9123491,1.0563093,0.9966798,0.90051776,1.0464532,0.9748511,0.91747624,1.0624282,0.98257256,0.90164596,1.0498945,0.97356665
2025-01-01 06:38:00,0.86519784,0.9982375,0.9395632,0.8651579,0.9919862,0.98741406,0.8760004,1.016735,0.9551862,0.8817319,1.0162289,0.9936656,0.8979321,1.0219259,0.97302395,0.9031164,1.0488944,0.997862,0.8792147,1.0132892,0.97300416,0.91242886,1.0566278,0.9966765,0.90058756,1.0467306,0.9748637,0.91754884,1.06272,0.98257613,0.9017081,1.0501525,0.9735981
2025-01-01 06:39:00,0.86521035,0.99838805,0.93958455,0.8651945,0.9921907,0.98742604,0.87607044,1.0169268,0.95524275,0.8817506,1.0164022,0.99368495,0.8980171,1.0221728,0.9730482,0.9031874,1.0491731,0.9978683,0.87921536,1.013427,0.9730133,0.9124903,1.0568799,0.9966699,0.9006408,1.0469501,0.9748678,0.91760516,1.0629518,0.98257667,0.90175766,1.0503594,0.97361994
2025-01-01 06:40:00,0.865219,0.99850756,0.93959737,0.8652241,0.99235505,0.9874358,0.87612826,1.0170825,0.95528364,0.8817681,1.0165436,0.993702,0.89808726,1.0223722,0.9730667,0.903245,1.0493964,0.99787223,0.8792149,1.0135361,0.97301626,0.9125373,1.0570791,0.9966611,0.90068084,1.0471231,0.9748665,0.91764855,1.0631359,0.98257524,0.9017972,1.0505251,0.9736354
2025-01-01 06:41:00,0.8652245,0.99860203,0.9396047,0.86524814,0.9924873,0.9874442,0.8761764,1.017209,0.9553144,0.88178474,1.0166593,0.99371755,0.8981455,1.0225338,0.9730815,0.9032919,1.0495753,0.9978747,0.8792136,1.0136219,0.9730151,0.91257256,1.0572361,0.9966508,0.9007103,1.0472591,0.9748616,0.91768146,1.0632819,0.9825726,0.9018287,1.050658,0.97364676
2025-01-01 06:42:00,0.8652276,0.99867666,0.93960845,0.8652677,0.9925939,0.98745173,0.8762168,1.0173126,0.95533854,0.88180065,1.0167544,0.9937321,0.8981944,1.0226649,0.9730939,0.9033301,1.0497187,0.9978761,0.87921154,1.0136892,0.97301143,0.91259843,1.0573592,0.99663967,0.9007312,1.0473654,0.9748544,0.917706,1.0633974,0.98256916,0.9018538,1.0507647,0.97365546
2025-01-01 06:43:00,0.86522865,0.9987354,0.93960994,0.86528367,0.9926799,0.9874586,0.8762511,1.0173976,0.9553584,0.88181597,1.0168331,0.993746,0.89823556,1.0227716,0.97310466,0.9033614,1.0498339,0.9978769,0.8792089,1.0137416,0.97300595,0.91261685,1.0574552,0.9966279,0.90074545,1.047448,0.9748457,0.917724,1.0634882,0.98256516,0.9018739,1.0508504,0.9736625
2025-01-01 06:44:00,0.8652281,0.99878144,0.93960994,0.8652968,0.99274945,0.9874652,0.8762804,1.0174679,0.95537555,0.8818309,1.0168988,0.99375945,0.89827067,1.0228589,0.97311443,0.9033872,1.0499264,0.9978771,0.87920576,1.013782,0.9729994,0.9126293,1.0575294,0.9966157,0.9007542,1.0475116,0.9748361,0.9177367,1.0635597,0.98256093,0.9018898,1.0509194,0.9736684
2025-01-01 06:45:00,0.8652264,0.9988174,0.939609,0.8653076,0.99280596,0.9874715,0.87630576,1.0175261,0.9553909,0.8818455,1.0169537,0.9937726,0.8983009,1.0229305,0.97312343,0.9034086,1.0500005,0.99787706,0.87920225,1.0138131,0.972992,0.9126369,1.0575863,0.99660325,0.9007587,1.0475601,0.97482586,0.9177452,1.0636156,0.98255646,0.9019025,1.050975,0.97367364
2025-01-01 06:46:00,0.8652236,0.99884516,0.9396074,0.8653167,0.992852,0.9874777,0.876328,1.0175751,0.95540506,0.88185966,1.0170004,0.9937857,0.89832723,1.0229896,0.97313195,0.90342635,1.0500603,0.99787676,0.8791984,1.0138365,0.9729842,0.9126407,1.0576295,0.9965906,0.9007597,1.0475963,0.97481525,0.9177503,1.063659,0.982552,0.90191257,1.0510198,0.97367847
2025-01-01 06:47:00,0.8652201,0.99886644,0.9396055,0.8653244,0.9928896,0.9874839,0.87634766,1.0176164,0.95541847,0.8818737,1.0170404,0.99379855,0.8983505,1.0230389,0.97314024,0.9034413,1.0501082,0.9978763,0.87919426,1.0138537,0.972976,0.9126414,1.0576614,0.99657786,0.9007579,1.0476229,0.97480434,0.91775274,1.0636922,0.9825474,0.9019206,1.051056,0.97368306
2025-01-01 06:48:00,0.86521596,0.99888265,0.93960327,0.86533093,0.9929205,0.98749006,0.8763654,1.0176517,0.95543134,0.88188756,1.017075,0.99381137,0.8983711,1.0230801,0.9731483,0.903454,1.0501468,0.9978757,0.87918997,1.0138661,0.97296757,0.9126397,1.0576844,0.99656504,0.9007539,1.0476418,0.9747933,0.917753,1.0637176,0.9825428,0.9019271,1.0510855,0.97368747
2025-01-01 06:49:00,0.86521137,0.9988946,0.93960106,0.8653366,0.99294615,0.9874962,0.8763815,1.0176821,0.955444,0.88190126,1.0171051,0.99382406,0.8983898,1.0231149,0.97315615,0.9034648,1.050178,0.99787503,0.8791854,1.0138745,0.972959,0.9126359,1.0577004,0.9965521,0.90074813,1.0476544,0.97478217,0.9177515,1.0637366,0.9825382,0.90193224,1.0511094,0.97369176
2025-01-01 06:50:00,0.86520636,0.9989033,0.93959874,0.86534154,0.9929675,0.98750234,0.87639636,1.0177087,0.95545644,0.8819148,1.017132,0.9938367,0.8984068,1.0231446,0.97316384,0.9034741,1.0502031,0.99787426,0.87918067,1.0138798,0.9729503,0.9126306,1.0577108,0.99653924,0.900741,1.047662,0.974771,0.91774863,1.0637505,0.9825337,0.90193635,1.0511291,0.9736961
2025-01-01 06:51:00,0.8652011,0.99890935,0.9395964,0.86534595,0.9929854,0.9875086,0.8764102,1.0177321,0.9554687,0.88192827,1.017156,0.9938494,0.89842254,1.0231701,0.9731714,0.9034822,1.0502235,0.9978734,0.87917584,1.0138825,0.97294146,0.912624,1.0577164,0.9965263,0.90073264,1.0476657,0.9747599,0.91774476,1.0637604,0.9825292,0.90193963,1.0511452,0.9737004
2025-01-01 06:52:00,0.8651956,0.99891335,0.93959403,0.8653498,0.9930006,0.9875148,0.87642324,1.0177531,0.955481,0.8819416,1.0171778,0.993862,0.89843726,1.0231923,0.973179,0.90348935,1.05024,0.9978725,0.87917084,1.0138834,0.9729326,0.9126163,1.0577184,0.9965133,0.90072346,1.0476663,0.97474873,0.91774,1.063767,0.98252475,0.90194225,1.0511585,0.97370476
2025-01-01 06:53:00,0.86518997,0.9989158,0.9395917,0.86535347,0.9930137,0.98752105,0.8764357,1.0177722,0.9554932,0.88195497,1.0171978,0.9938745,0.89845115,1.0232118,0.97318643,0.90349567,1.0502534,0.99787146,0.87916577,1.0138824,0.97292364,0.9126079,1.0577176,0.9965004,0.90071356,1.0476644,0.9747376,0.91773456,1.063771,0.98252034,0.9019444,1.0511698,0.9737091
2025-01-01 06:54:00,0.8651842,0.9989168,0.9395895,0.86535686,0.99302506,0.9875274,0.8764476,1.0177897,0.95550543,0.8819682,1.0172166,0.99388707,0.8984644,1.0232292,0.9731938,0.90350145,1.0502644,0.9978704,0.87916064,1.0138803,0.97291464,0.9125988,1.0577143,0.9964873,0.9007031,1.0476602,0.9747264,0.9177286,1.063773,0.98251593,0.9019461,1.0511793,0.97371346
2025-01-01 06:55:00,0.8651783,0.9989168,0.93958724,0.86536,0.993035,0.98753375,0.8764592,1.0178059,0.95551765,0.8819815,1.0172341,0.99389964,0.898477,1.0232451,0.9732012,0.90350664,1.0502732,0.9978693,0.87915534,1.0138769,0.9729055,0.9125891,1.0577092,0.9964743,0.9006921,1.0476546,0.97471523,0.9177223,1.0637735,0.9825116,0.9019476,1.0511873,0.9737179
2025-01-01 06:56:00,0.8651723,0.9989159,0.93958503,0.86536306,0.99304396,0.9875402,0.8764704,1.0178212,0.9555298,0.8819947,1.0172507,0.99391216,0.8984892,1.0232594,0.9732085,0.9035114,1.0502805,0.9978681,0.87915,1.0138727,0.9728964,0.912579,1.0577027,0.99646133,0.9006808,1.0476478,0.97470415,0.9177156,1.0637726,0.98250735,0.90194887,1.0511943,0.9737224
2025-01-01 06:57:00,0.86516637,0.9989145,0.9395829,0.865366,0.993052,0.9875466,0.87648135,1.0178356,0.95554197,0.88200796,1.0172665,0.9939246,0.8985009,1.0232728,0.97321576,0.90351576,1.0502865,0.99786687,0.8791446,1.013868,0.9728872,0.91256857,1.0576948,0.99644834,0.9006692,1.0476398,0.97469306,0.9177087,1.0637707,0.9825031,0.90194994,1.0512003,0.97372687
2025-01-01 06:58:00,0.86516035,0.99891245,0.9395808,0.8653688,0.99305946,0.9875531,0.8764922,1.0178494,0.95555425,0.88202107,1.0172819,0.99393713,0.8985125,1.0232852,0.9732229,0.90351987,1.0502913,0.9978656,0.87913907,1.0138626,0.97287804,0.91255784,1.0576861,0.9964353,0.90065736,1.0476311,0.974682,0.91770154,1.0637679,0.98249894,0.9019509,1.0512058,0.97373146
2025-01-01 06:59:00,0.8651544,0.99891007,0.9395788,0.86537164,0.9930663,0.9875597,0.8765029,1.0178629,0.95556647,0.88203424,1.0172967,0.9939496,0.8985237,1.0232968,0.9732301,0.9035237,1.0502955,0.99786425,0.8791335,1.0138566,0.9728688,0.9125469,1.0576766,0.99642223,0.9006454,1.0476217,0.974671,0.9176943,1.0637645,0.98249483,0.90195173,1.0512106,0.9737361
2025-01-01 07:00:00,0.8652617,1.0000509,0.94126254,0.8655965,0.9945929,0.9879714,0.8769406,1.0191805,0.9582129,0.8819836,1.01843,0.99437,0.89901847,1.0250347,0.9742529,0.9039201,1.0522954,0.99826646,0.87906593,1.0148425,0.973962,0.91295004,1.0595362,0.99680316,0.9010057,1.0492176,0.9756463,0.9180161,1.0653946,0.9828489,0.90218794,1.0525887,0.97487104
2025-01-01 07:01:00,0.8653464,1.0009629,0.9423563,0.8657769,0.9958152,0.98824143,0.8772928,1.020237,0.9599375,0.88194567,1.0193393,0.99464756,0.8994164,1.0264268,0.9749201,0.9042378,1.0538955,0.9985274,0.8790107,1.0156296,0.9746693,0.91327024,1.0610214,0.9970462,0.9012914,1.0504918,0.97627646,0.91827196,1.0666976,0.98307765,0.902377,1.0536919,0.9756104
2025-01-01 07:02:00,0.86541295,1.0016916,0.94306666,0.86592185,0.99679404,0.98841935,0.8775766,1.0210844,0.9610627,0.88191795,1.0200694,0.99483234,0.8997367,1.0275422,0.9753563,0.9044925,1.0551757,0.9986964,0.87896526,1.0162576,0.97512573,0.913524,1.0622071,0.9971996,0.90151733,1.0515088,0.97668225,0.9184751,1.0677388,0.98322505,0.90252835,1.0545748,0.9760927
2025-01-01 07:03:00,0.86546504,1.0022738,0.9435278,0.8660383,0.9975781,0.9885374,0.8778057,1.0217646,0.9617984,0.8818984,1.0206559,0.99495673,0.89999497,1.0284362,0.97564214,0.90469676,1.0562,0.9988057,0.8789277,1.0167587,0.97541916,0.91372454,1.063153,0.9972947,0.90169567,1.0523201,0.9769422,0.91863614,1.0685706,0.9833195,0.90264964,1.0552819,0.97640795
2025-01-01 07:04:00,0.8655056,1.0027388,0.94382703,0.8661321,0.9982063,0.98861647,0.877991,1.0223112,0.96228105,0.8818854,1.0211276,0.9950419,0.9002036,1.0291531,0.9758304,0.9048607,1.0570194,0.99887615,0.8788965,1.0171577,0.9756065,0.9138826,1.0639071,0.997352,0.9018358,1.0529668,0.9771074,0.9187634,1.0692348,0.9833796,0.9027468,1.0558481,0.9766146
2025-01-01 07:05:00,0.8655368,1.0031102,0.9440209,0.8662077,0.99871,0.9886704,0.87814134,1.0227507,0.96259904,0.8818776,1.0215077,0.99510163,0.9003725,1.0297283,0.97595507,0.90499234,1.057675,0.9989213,0.87887025,1.0174755,0.97572494,0.91400665,1.0645081,0.9973846,0.90194535,1.0534817,0.977211,0.9188637,1.0697652,0.98341733,0.90282476,1.0563017,0.9767507
2025-01-01 07:06:00,0.86556065,1.0034065,0.94414645,0.8662688,0.9991139,0.9887078,0.8782637,1.0231047,0.9628101,0.881874,1.0218143,0.9951447,0.9005097,1.0301902,0.9760385,0.90509814,1.0581995,0.99895,0.8788481,1.017728,0.97579855,0.91410345,1.0649861,0.99740124,0.90203047,1.0538914,0.9772746,0.91894245,1.0701884,0.98344064,0.9028872,1.0566652,0.9768409
2025-01-01 07:07:00,0.86557865,1.0036428,0.9442275,0.8663183,0.999438,0.9887346,0.87836367,1.02339,0.96295154,0.8818737,1.0220622,0.99517703,0.90062135,1.0305614,0.976095,0.90518326,1.0586193,0.998968,0.87882906,1.0179284,0.9758431,0.9141785,1.065366,0.9974075,0.9020961,1.0542166,0.9773122,0.91900396,1.0705258,0.9834545,0.9029374,1.0569566,0.9769014
2025-01-01 07:08:00,0.86559194,1.0038311,0.9442797,0.8663585,0.9996984,0.9887546,0.87844574,1.0236207,0.9630479,0.8818761,1.022263,0.99520236,0.9007128,1.03086,0.9761341,0.9052518,1.0589551,0.99897903,0.8788126,1.0180871,0.9758685,0.91423607,1.0656675,0.997407,0.90214604,1.0544746,0.97733283,0.91905165,1.0707946,0.9834623,0.9029778,1.0571904,0.97694254
2025-01-01 07:09:00,0.8656015,1.0039812,0.9443131,0.86639136,0.9999078,0.98877,0.87851346,1.0238076,0.9631149,0.88188064,1.0224264,0.9952231,0.90078783,1.0311005,0.97616184,0.9053071,1.0592237,0.99898547,0.8787981,1.0182123,0.97588176,0.9142797,1.065906,0.9974021,0.9021835,1.0546784,0.9773426,0.91908836,1.0710084,0.9834662,0.9030103,1.0573782,0.97697115
2025-01-01 07:10:00,0.865608,1.0041006,0.94433445,0.8664183,1.0000764,0.9887825,0.8785698,1.0239595,0.96316284,0.8818869,1.0225594,0.9952408,0.9008499,1.0312946,0.9761821,0.9053519,1.0594386,0.9989889,0.87878525,1.018311,0.9758869,0.91431224,1.0660943,0.9973943,0.90221095,1.0548393,0.9773452,0.91911626,1.0711787,0.9834675,0.90303653,1.057529,0.97699153
2025-01-01 07:11:00,0.8656121,1.0041953,0.9443478,0.8664404,1.0002123,0.9887932,0.8786169,1.0240833,0.96319836,0.8818945,1.0226685,0.99525666,0.9009015,1.0314515,0.9761976,0.90538806,1.0596106,0.99899036,0.87877375,1.0183883,0.9758868,0.9143358,1.0662422,0.99738467,0.90223044,1.0549657,0.97734326,0.9191371,1.0713136,0.98346716,0.90305775,1.0576502,0.9770067
2025-01-01 07:12:00,0.86561435,1.0042706,0.94435614,0.86645883,1.0003221,0.98880273,0.87865674,1.0241847,0.96322584,0.8819033,1.0227584,0.9952712,0.90094465,1.0315787,0.9762099,0.9054174,1.059748,0.9989906,0.8787632,1.0184485,0.9758833,0.9143522,1.0663581,0.99737376,0.9022435,1.0550644,0.97733825,0.9191523,1.0714206,0.9834658,0.90307504,1.057748,0.9770185
2025-01-01 07:13:00,0.86561507,1.00433,0.94436115,0.8664742,1.000411,0.9888115,0.8786908,1.0242682,0.9632481,0.8819129,1.0228329,0.9952849,0.9009812,1.031682,0.97622013,0.90544134,1.0598581,0.99899,0.8787535,1.0184948,0.97587764,0.9143629,1.0664483,0.99736214,0.9022514,1.0551411,0.9773313,0.91916305,1.0715051,0.98346376,0.90308905,1.0578269,0.977028
2025-01-01 07:14:00,0.86561465,1.0043771,0.944364,0.86648726,1.0004833,0.9888197,0.8787201,1.0243373,0.9632669,0.88192314,1.0228949,0.995298,0.90101236,1.0317663,0.97622895,0.90546083,1.0599461,0.99898875,0.87874436,1.0185302,0.97587043,0.914369,1.0665178,0.99735004,0.9022553,1.0552001,0.9773232,0.91917026,1.0715717,0.9834614,0.90310055,1.0578908,0.9770361
2025-01-01 07:15:00,0.8656132,1.0044141,0.9443655,0.86649835,1.0005423,0.9888277,0.8787457,1.024395,0.96328354,0.881934,1.0229472,0.99531084,0.90103924,1.0318353,0.97623694,0.90547687,1.0600164,0.99898714,0.8787357,1.018557,0.97586226,0.9143714,1.066571,0.9973375,0.9022559,1.055245,0.97731423,0.9191746,1.071624,0.9834587,0.90311,1.0579425,0.9770434
2025-01-01 07:16:00,0.865611,1.004443,0.94436616,0.86650795,1.0005904,0.9888355,0.87876827,1.0244435,0.9632988,0.8819453,1.0229914,0.99532336,0.90106267,1.0318922,0.9762443,0.9054901,1.0600725,0.99898523,0.87872756,1.0185766,0.9758535,0.9143709,1.0666108,0.9973248,0.90225387,1.0552787,0.97730476,0.9191767,1.0716647,0.9834559,0.9031179,1.0579847,0.97705007
2025-01-01 07:17:00,0.8656083,1.0044656,0.94436634,0.8665164,1.0006303,0.98884326,0.87878853,1.0244846,0.96331304,0.88195693,1.0230294,0.99533576,0.9010833,1.0319393,0.9762512,0.905501,1.0601174,0.9989831,0.8787196,1.0185907,0.97584426,0.91436803,1.0666401,0.997312,0.9022498,1.0553032,0.977295,0.91917694,1.0716963,0.983453,0.9031245,1.0580192,0.9770564
2025-01-01 07:18:00,0.86560506,1.004483,0.9443661,0.86652386,1.0006633,0.9888509,0.8788069,1.0245199,0.9633268,0.8819689,1.0230623,0.99534804,0.9011017,1.0319785,0.9762578,0.9055101,1.0601532,0.9989809,0.87871194,1.0186001,0.9758348,0.9143632,1.066661,0.9972991,0.9022441,1.0553206,0.977285,0.9191758,1.0717206,0.9834501,0.9031301,1.0580475,0.9770625
2025-01-01 07:19:00,0.8656015,1.0044965,0.9443657,0.8665306,1.0006908,0.9888586,0.8788237,1.0245506,0.96334016,0.88198113,1.0230913,0.99536026,0.9011184,1.0320114,0.9762643,0.90551776,1.0601817,0.9989785,0.87870437,1.0186061,0.9758251,0.9143569,1.0666751,0.9972861,0.902237,1.0553322,0.97727495,0.9191735,1.0717391,0.98344725,0.9031349,1.0580709,0.9770685
2025-01-01 07:20:00,0.8655976,1.0045067,0.94436514,0.86653674,1.000714,0.9888662,0.8788393,1.0245774,0.9633533,0.8819935,1.0231168,0.99537235,0.9011336,1.0320393,0.97627056,0.9055242,1.0602045,0.99897605,0.878697,1.018609,0.97581524,0.9143494,1.0666838,0.997273,0.9022289,1.0553391,0.9772648,0.91917026,1.0717529,0.98344433,0.9031391,1.0580904,0.97707444
2025-01-01 07:21:00,0.8655936,1.0045143,0.94436455,0.86654246,1.0007337,0.98887384,0.87885404,1.0246013,0.9633662,0.88200593,1.02314,0.99538445,0.90114766,1.0320632,0.97627676,0.9055297,1.0602226,0.9989735,0.87868965,1.0186096,0.9758053,0.9143409,1.0666882,0.99726,0.9022199,1.0553424,0.9772546,0.91916627,1.071763,0.98344153,0.90314287,1.0581068,0.97708035
2025-01-01 07:22:00,0.8655894,1.0045198,0.94436395,0.8665478,1.0007508,0.9888815,0.8788679,1.0246229,0.9633791,0.88201857,1.0231609,0.99539644,0.9011608,1.0320839,0.97628284,0.9055344,1.0602369,0.99897087,0.87868243,1.0186083,0.9757952,0.9143317,1.0666891,0.99724686,0.9022103,1.0553428,0.97724444,0.9191618,1.0717701,0.9834387,0.9031462,1.0581207,0.9770863
2025-01-01 07:23:00,0.865585,1.0045238,0.9443633,0.8665528,1.0007654,0.9888893,0.8788813,1.0246425,0.96339184,0.88203126,1.0231804,0.9954084,0.9011732,1.032102,0.97628886,0.90553844,1.0602483,0.9989681,0.8786752,1.0186055,0.9757851,0.9143218,1.0666872,0.99723375,0.9022001,1.0553409,0.97723424,0.9191568,1.0717748,0.98343587,0.9031492,1.0581326,0.97709227
2025-01-01 07:24:00,0.8655806,1.0045264,0.94436276,0.8665577,1.0007786,0.988897,0.87889415,1.0246606,0.9634046,0.882044,1.0231982,0.99542034,0.9011849,1.032118,0.9762948,0.90554196,1.0602571,0.9989654,0.87866807,1.0186015,0.97577494,0.9143114,1.0666832,0.99722064,0.90218955,1.0553371,0.9772241,0.9191515,1.0717777,0.9834332,0.90315205,1.0581431,0.9770982
2025-01-01 07:25:00,0.86557615,1.0045279,0.9443623,0.8665624,1.0007901,0.98890483,0.8789066,1.0246775,0.96341735,0.88205683,1.0232152,0.9954323,0.9011962,1.0321323,0.9763007,0.90554506,1.060264,0.9989626,0.8786609,1.0185966,0.9757647,0.91430056,1.0666773,0.9972075,0.90217865,1.0553318,0.977214,0.91914594,1.0717791,0.9834305,0.90315473,1.0581523,0.97710425
2025-01-01 07:26:00,0.8655717,1.0045286,0.9443618,0.86656696,1.0008007,0.9889127,0.8789188,1.0246934,0.9634301,0.8820697,1.0232313,0.9954442,0.9012071,1.0321453,0.9763065,0.9055478,1.0602694,0.9989597,0.87865376,1.0185908,0.97575444,0.9142894,1.06667,0.9971944,0.90216744,1.0553253,0.97720385,0.9191402,1.0717793,0.9834279,0.90315723,1.0581604,0.97711027
2025-01-01 07:27:00,0.8655672,1.0045288,0.9443613,0.8665714,1.0008105,0.98892057,0.87893075,1.0247086,0.9634428,0.8820826,1.0232466,0.99545604,0.90121764,1.0321571,0.9763123,0.90555024,1.0602734,0.9989568,0.8786466,1.0185845,0.9757441,0.914278,1.0666616,0.99718136,0.90215605,1.0553178,0.9771938,0.9191343,1.0717785,0.9834253,0.90315974,1.0581678,0.9771164
2025-01-01 07:28:00,0.86556274,1.0045284,0.944361,0.8665759,1.0008196,0.9889285,0.87894255,1.0247232,0.96345556,0.8820955,1.0232614,0.99546796,0.9012279,1.032168,0.97631794,0.90555245,1.0602765,0.99895376,0.8786394,1.0185776,0.97573376,0.9142664,1.0666522,0.99716824,0.9021445,1.0553095,0.97718376,0.9191283,1.0717771,0.9834228,0.9031621,1.0581745,0.97712255
2025-01-01 07:29:00,0.86555827,1.0045277,0.9443607,0.8665803,1.000828,0.98893654,0.87895423,1.0247372,0.9634683,0.88210845,1.0232757,0.99547976,0.9012379,1.0321783,0.9763236,0.9055545,1.0602788,0.9989507,0.8786322,1.0185702,0.9757234,0.9142546,1.066642,0.99715513,0.9021328,1.0553007,0.97717375,0.91912216,1.071775,0.9834204,0.90316445,1.0581808,0.97712874
2025-01-01 07:30:00,0.86563146,1.005634,0.94651854,0.866762,1.0023535,0.9894358,0.8793603,1.0259886,0.9665402,0.88195294,1.024315,0.99598145,0.90165675,1.0338459,0.97756386,0.90583754,1.0621793,0.99943364,0.8784635,1.0194539,0.9770522,0.9145224,1.0683703,0.99762136,0.9023665,1.0567487,0.97835845,0.91928333,1.0732329,0.98385197,0.9032583,1.0593816,0.97849524
2025-01-01 07:31:00,0.8656892,1.0065186,0.94792116,0.8669082,1.0035752,0.9897632,0.8796874,1.0269921,0.96854144,0.8818312,1.0251489,0.9963117,0.9019937,1.0351815,0.9783719,0.90606415,1.0636996,0.9997463,0.8783271,1.020159,0.9779123,0.91473407,1.0697504,0.9979198,0.902551,1.057905,0.979125,0.91941094,1.0743983,0.98413175,0.90333384,1.0603431,0.9793858
2025-01-01 07:32:00,0.8657345,1.0072259,0.94883275,0.8670261,1.0045538,0.98997885,0.87995136,1.0277973,0.9698467,0.8817364,1.0258185,0.9965305,0.902265,1.0362513,0.9788991,0.9062457,1.0649157,0.99994844,0.8782164,1.0207212,0.97846764,0.9149009,1.0708518,0.99810916,0.90269613,1.0588278,0.97961986,0.91951174,1.0753298,0.9843129,0.9033947,1.0611132,0.97996694
2025-01-01 07:33:00,0.86576986,1.0077912,0.9494254,0.8671213,1.0053382,0.9901219,0.8801647,1.028444,0.97069967,0.88166314,1.0263567,0.99667674,0.9024839,1.0371087,0.97924364,0.9063911,1.0658882,1.0000787,0.8781263,1.0211693,0.9788249,0.91503185,1.0717304,0.9982277,0.90280986,1.0595638,0.9799381,0.9195912,1.0760742,0.98442984,0.90344393,1.0617303,0.98034686
2025-01-01 07:34:00,0.86579734,1.0082432,0.94981056,0.86719835,1.0059668,0.9902178,0.88033766,1.0289638,0.9712585,0.8816071,1.0267897,0.99677587,0.9026607,1.0377959,0.9794694,0.9065076,1.0666659,1.000162,0.87805283,1.0215259,0.97905344,0.91513413,1.0724306,0.9983002,0.9028984,1.0601504,0.9801416,0.9196535,1.0766689,0.9845052,0.9034838,1.0622247,0.9805961
2025-01-01 07:35:00,0.8658185,1.0086043,0.950061,0.86726093,1.006471,0.99028313,0.8804783,1.0293821,0.97162634,0.8815649,1.0271386,0.9968444,0.902804,1.0383472,0.97961795,0.90660095,1.0672879,1.000215,0.8779925,1.0218091,0.9791983,0.9152134,1.0729882,0.9983427,0.90296674,1.0606173,0.98027045,0.9197022,1.0771439,0.98455346,0.90351623,1.0626214,0.98076046
2025-01-01 07:36:00,0.8658346,1.0088928,0.95022386,0.8673119,1.0068758,0.9903285,0.88059306,1.0297191,0.9718699,0.88153374,1.0274203,0.99689305,0.9029204,1.0387896,0.97971636,0.9066758,1.0677851,1.0002483,0.87794274,1.0220339,0.97928864,0.91527426,1.0734316,0.9983658,0.9030191,1.0609888,0.9803508,0.9197399,1.077523,0.9845841,0.9035427,1.0629395,0.9808696
2025-01-01 07:37:00,0.8658467,1.0091233,0.9503298,0.8673537,1.007201,0.9903609,0.8806871,1.0299913,0.97203267,0.8815114,1.027648,0.9969287,0.90301526,1.039145,0.97978216,0.9067358,1.0681826,1.0002687,0.8779014,1.0222119,0.97934365,0.91532046,1.0737838,0.9983762,0.9030586,1.0612838,0.98039967,0.91976887,1.0778255,0.9846034,0.9035644,1.063195,0.98094285
2025-01-01 07:38:00,0.8658556,1.0093074,0.9503988,0.867388,1.0074624,0.99038494,0.8807647,1.0302114,0.972143,0.88149613,1.0278327,0.99695593,0.90309286,1.0394306,0.9798267,0.90678394,1.0685003,1.0002806,0.8778667,1.0223523,0.97937566,0.91535485,1.0740628,0.9983784,0.90308774,1.0615176,0.9804281,0.91979086,1.0780668,0.9846153,0.9035823,1.0634004,0.98099285
2025-01-01 07:39:00,0.86586183,1.0094541,0.95044374,0.8674165,1.0076729,0.9904036,0.88082904,1.0303899,0.9722192,0.8814865,1.027983,0.9969776,0.9031567,1.0396605,0.9798574,0.9068226,1.0687541,1.000287,0.8778374,1.0224628,0.97939265,0.9153798,1.0742836,0.99837524,0.9031087,1.0617025,0.9804432,0.91980726,1.078259,0.9846224,0.9035971,1.0635657,0.9810277
2025-01-01 07:40:00,0.8658661,1.0095713,0.95047307,0.8674402,1.0078428,0.9904187,0.88088286,1.0305352,0.9722733,0.88148135,1.0281057,0.9969958,0.9032095,1.0398458,0.9798791,0.9068536,1.0689569,1.00029,0.87781245,1.0225494,0.9793999,0.9153973,1.0744574,0.9983686,0.90312314,1.0618482,0.9804497,0.91981924,1.078412,0.9846264,0.9036096,1.0636989,0.9810528
2025-01-01 07:41:00,0.8658688,1.0096648,0.9504923,0.8674602,1.0079801,0.9904315,0.8809281,1.0306541,0.9723129,0.8814798,1.0282063,0.9970116,0.90325344,1.0399953,0.9798949,0.90687853,1.0691186,1.0002905,0.87779087,1.0226166,0.9794009,0.91540873,1.074594,0.99835974,0.90313226,1.0619627,0.9804506,0.91982764,1.0785338,0.98462844,0.9036201,1.0638065,0.98107153
2025-01-01 07:42:00,0.8658702,1.0097392,0.950505,0.8674772,1.0080912,0.9904429,0.8809666,1.0307516,0.97234327,0.8814812,1.0282893,0.9970259,0.9032903,1.0401163,0.9799069,0.90689856,1.0692477,1.0002894,0.87777203,1.0226686,0.9793977,0.9154153,1.0747006,0.99834937,0.90313715,1.062052,0.9804479,0.9198332,1.0786303,0.98462915,0.9036292,1.0638936,0.9810861
2025-01-01 07:43:00,0.86587054,1.0097983,0.95051354,0.8674918,1.0081817,0.99045324,0.88099974,1.0308322,0.9723675,0.88148487,1.028358,0.99703914,0.9033215,1.0402147,0.97991645,0.90691465,1.0693506,1.0002874,0.87775534,1.0227083,0.9793918,0.915418,1.0747833,0.9983381,0.9031387,1.0621214,0.9804428,0.9198366,1.0787069,0.9846291,0.903637,1.0639642,0.981098
2025-01-01 07:44:00,0.8658701,1.0098454,0.95051926,0.8675045,1.0082552,0.9904631,0.88102853,1.0308989,0.97238773,0.88149035,1.0284156,0.9970518,0.90334815,1.0402945,0.97992426,0.9069276,1.0694326,1.0002848,0.87774044,1.0227381,0.9793841,0.9154177,1.0748467,0.9983262,0.90313756,1.0621747,0.98043627,0.91983813,1.0787674,0.98462856,0.9036439,1.064022,0.9811082
2025-01-01 07:45:00,0.86586905,1.0098827,0.9505232,0.8675156,1.0083156,0.99047256,0.8810539,1.030955,0.97240543,0.8814973,1.0284641,0.99706393,0.9033712,1.0403597,0.979931,0.90693796,1.0694977,1.0002817,0.8777269,1.0227599,0.9793753,0.91541475,1.074895,0.9983139,0.90313435,1.0622153,0.9804288,0.9198382,1.0788152,0.9846277,0.90365,1.064069,0.98111737
2025-01-01 07:46:00,0.8658675,1.0099124,0.95052606,0.86752564,1.0083654,0.9904818,0.8810766,1.0310023,0.97242147,0.8815055,1.0285052,0.9970758,0.9033913,1.0404133,0.979937,0.9069463,1.0695494,1.0002781,0.87771446,1.0227754,0.9793657,0.9154099,1.0749309,0.9983013,0.90312934,1.0622456,0.98042065,0.9198372,1.0788527,0.98462665,0.9036555,1.0641079,0.9811258
2025-01-01 07:47:00,0.8658655,1.0099359,0.95052814,0.86753464,1.0084065,0.9904909,0.88109696,1.0310426,0.9724364,0.88151455,1.0285406,0.9970875,0.90340906,1.0404574,0.97994256,0.906953,1.0695903,1.0002744,0.8777029,1.022786,0.97935563,0.9154035,1.074957,0.99828863,0.9031231,1.0622679,0.9804121,0.91983527,1.078882,0.9846255,0.9036606,1.0641398,0.98113376
2025-01-01 07:48:00,0.8658633,1.0099545,0.9505298,0.8675429,1.0084411,0.9905,0.8811156,1.0310773,0.97245073,0.8815244,1.0285714,0.99709904,0.9034249,1.040494,0.97994775,0.90695834,1.0696226,1.0002706,0.877692,1.0227925,0.9793452,0.9153958,1.0749754,0.9982758,0.90311563,1.0622834,0.9804034,0.91983265,1.0789047,0.9846243,0.9036653,1.0641667,0.98114145
2025-01-01 07:49:00,0.8658609,1.009969,0.95053124,0.8675506,1.00847,0.990509,0.8811329,1.0311077,0.9724645,0.8815348,1.0285984,0.9971104,0.9034393,1.0405245,0.9799527,0.90696263,1.0696481,1.0002666,0.8776816,1.0227957,0.9793345,0.9153871,1.0749874,0.9982629,0.9031074,1.0622936,0.98039454,0.9198294,1.0789224,0.98462313,0.9036698,1.0641892,0.981149
2025-01-01 07:50:00,0.8658582,1.0099804,0.95053256,0.8675578,1.0084947,0.990518,0.88114905,1.0311345,0.97247803,0.8815457,1.0286225,0.99712175,0.9034524,1.0405501,0.97995746,0.9069661,1.069668,1.0002624,0.87767166,1.0227962,0.9793236,0.91537756,1.0749943,0.99824995,0.9030985,1.0622998,0.9803856,0.9198258,1.0789357,0.98462194,0.903674,1.0642083,0.98115647
2025-01-01 07:51:00,0.86585546,1.0099894,0.95053375,0.8675647,1.008516,0.990527,0.8811643,1.0311583,0.9724914,0.88155705,1.0286441,0.9971331,0.90346444,1.0405719,0.9799621,0.90696883,1.0696834,1.0002582,0.877662,1.0227946,0.9793127,0.9153673,1.0749973,0.998237,0.90308905,1.0623027,0.9803766,0.9198219,1.0789458,0.9846208,0.90367806,1.0642246,0.9811639
2025-01-01 07:52:00,0.86585265,1.0099964,0.9505349,0.8675713,1.0085343,0.99053603,0.8811789,1.03118,0.9725046,0.8815686,1.0286639,0.99714434,0.9034758,1.0405906,0.9799666,0.906971,1.0696954,1.000254,0.87765265,1.0227914,0.97930175,0.9153566,1.0749971,0.998224,0.9030791,1.062303,0.98036754,0.9198177,1.0789533,0.98461974,0.903682,1.0642388,0.98117137
2025-01-01 07:53:00,0.86584973,1.0100018,0.9505361,0.86757773,1.0085506,0.99054503,0.8811929,1.0311998,0.9725178,0.8815804,1.0286821,0.9971555,0.9034865,1.0406069,0.97997105,0.9069727,1.0697044,1.0002496,0.87764347,1.0227867,0.9792906,0.91534543,1.0749942,0.998211,0.90306884,1.0623009,0.98035854,0.91981333,1.0789586,0.98461866,0.90368587,1.0642512,0.9811788
2025-01-01 07:54:00,0.8658468,1.010006,0.95053726,0.86758393,1.0085651,0.9905541,0.88120645,1.0312182,0.9725309,0.88159245,1.0286992,0.99716663,0.9034966,1.040621,0.9799754,0.90697396,1.0697111,1.0002452,0.8776344,1.0227811,0.9792795,0.9153339,1.0749894,0.99819803,0.90305835,1.0622973,0.9803496,0.9198088,1.0789623,0.9846176,0.9036897,1.0642623,0.9811863
2025-01-01 07:55:00,0.86584383,1.010009,0.95053846,0.86759007,1.0085782,0.9905632,0.8812197,1.0312355,0.97254395,0.8816046,1.0287151,0.9971778,0.90350634,1.0406337,0.9799797,0.9069749,1.0697159,1.0002408,0.87762547,1.0227745,0.97926825,0.9153222,1.0749829,0.99818504,0.9030477,1.0622925,0.9803406,0.91980416,1.0789646,0.98461664,0.90369344,1.0642724,0.9811938
2025-01-01 07:56:00,0.86584085,1.0100114,0.9505397,0.8675961,1.0085903,0.9905724,0.8812326,1.0312517,0.97255707,0.8816169,1.0287304,0.99718887,0.9035157,1.040645,0.9799839,0.9069756,1.0697192,1.0002363,0.87761664,1.0227673,0.979257,0.91531014,1.074975,0.9981721,0.9030368,1.0622864,0.98033166,0.91979945,1.0789659,0.98461574,0.90369725,1.0642816,0.98120123
2025-01-01 07:57:00,0.86583793,1.0100131,0.95054096,0.8676021,1.0086015,0.99058163,0.8812454,1.0312673,0.97257006,0.8816293,1.0287449,0.99719995,0.9035248,1.0406553,0.9799881,0.90697604,1.0697215,1.0002316,0.8776078,1.0227594,0.9792457,0.9152979,1.0749661,0.9981591,0.90302575,1.0622796,0.9803228,0.9197947,1.0789665,0.98461485,0.90370107,1.06429,0.98120886
2025-01-01 07:58:00,0.86583495,1.0100143,0.95054233,0.8676081,1.008612,0.9905908,0.88125795,1.0312822,0.9725831,0.88164175,1.028759,0.9972109,0.9035336,1.0406647,0.9799922,0.9069763,1.0697227,1.000227,0.87759906,1.0227512,0.97923446,0.91528565,1.0749563,0.9981462,0.90301466,1.0622721,0.98031396,0.91978985,1.0789664,0.9846141,0.9037048,1.0642982,0.98121643
2025-01-01 07:59:00,0.86583203,1.0100151,0.9505437,0.86761403,1.0086219,0.9906001,0.8812704,1.0312967,0.97259617,0.8816542,1.0287726,0.99722195,0.9035422,1.0406733,0.97999626,0.9069764,1.0697231,1.0002223,0.87759036,1.0227426,0.9792231,0.91527313,1.0749459,0.9981332,0.90300345,1.062264,0.98030514,0.919785,1.0789657,0.98461336,0.90370864,1.0643058,0.98122406
2025-01-01 08:00:00,0.8658698,1.0110672,0.9531367,0.8677493,1.0101186,0.991178,0.8816376,1.0324593,0.976038,0.88139695,1.0296988,0.997796,0.9038778,1.0422404,0.9814316,0.9071411,1.0714902,1.0007771,0.8773235,1.0235081,0.98076344,0.91540074,1.0765119,0.9986763,0.9031063,1.0635381,0.9816777,0.91978246,1.0802246,0.9851147,0.90365833,1.0653074,0.9827977
2025-01-01 08:01:00,0.8658995,1.0119087,0.95482266,0.86785865,1.0113176,0.9915568,0.8819337,1.0333917,0.9782797,0.88119364,1.0304424,0.9981729,0.90414774,1.0434952,0.98236597,0.90727276,1.0729033,1.001136,0.87710834,1.0241184,0.98176074,0.9155002,1.077762,0.99902475,0.90318626,1.0645553,0.9825669,0.9197795,1.0812312,0.98544043,0.903619,1.0661099,0.98382324
2025-01-01 08:02:00,0.86592275,1.0125817,0.9559191,0.8679474,1.0122782,0.99180645,0.882173,1.0341403,0.9797414,0.8810336,1.0310394,0.99842167,0.90436524,1.0445002,0.9829746,0.9073779,1.0740331,1.0013676,0.87693447,1.0246047,0.9824049,0.9155772,1.0787594,0.9992467,0.90324795,1.0653671,0.98314184,0.91977614,1.0820361,0.9856519,0.90358824,1.0667531,0.9844926
2025-01-01 08:03:00,0.8659408,1.01312,0.9566324,0.8680196,1.0130484,0.991972,0.88236684,1.0347418,0.98069614,0.8809081,1.0315195,0.9985872,0.9045408,1.0453055,0.98337156,0.9074618,1.0749364,1.0015163,0.87679356,1.0249915,0.9828196,0.9156362,1.0795548,0.9993865,0.9032951,1.0660145,0.9835125,0.9197725,1.0826795,0.9857893,0.90356445,1.067269,0.9849305
2025-01-01 08:04:00,0.86595476,1.0135508,0.9570967,0.8680786,1.013666,0.99208295,0.8825244,1.0352254,0.9813212,0.8808101,1.0319059,0.99869853,0.90468264,1.0459508,0.98363084,0.9075288,1.0756583,1.0016112,0.87667906,1.025299,0.9830851,0.91568077,1.0801885,0.9994729,0.90333056,1.0665305,0.9837505,0.91976875,1.0831937,0.98587847,0.9035463,1.0676829,0.98521787
2025-01-01 08:05:00,0.8659654,1.0138953,0.95739913,0.868127,1.0141618,0.9921584,0.8826528,1.035615,0.98173213,0.88073426,1.0322173,0.99877465,0.90479773,1.046468,0.98380065,0.9075823,1.0762353,1.0016711,0.87658566,1.0255429,0.98325366,0.91571385,1.0806928,0.99952453,0.9033566,1.0669413,0.9839023,0.91976476,1.0836046,0.9859363,0.90353256,1.0680152,0.9854075
2025-01-01 08:06:00,0.8659734,1.0141708,0.95759636,0.868167,1.0145601,0.99221087,0.88275796,1.0359291,0.9820038,0.88067615,1.0324689,0.99882793,0.9048913,1.0468831,0.9839122,0.9076248,1.0766963,1.0017083,0.8765092,1.0257357,0.9833591,0.91573775,1.0810935,0.99955356,0.9033752,1.0672679,0.98399794,0.91976076,1.0839329,0.98597383,0.9035225,1.0682824,0.98553354
2025-01-01 08:07:00,0.86597943,1.0143912,0.9577253,0.86820024,1.0148804,0.99224836,0.8828445,1.036183,0.982185,0.88063216,1.0326725,0.99886626,0.9049676,1.0472162,0.983986,0.90765864,1.0770644,1.0017306,0.8764461,1.0258881,0.9834236,0.9157542,1.0814116,0.999568,0.90338784,1.0675273,0.9840572,0.91975665,1.084195,0.98599815,0.9035153,1.0684974,0.9856183
2025-01-01 08:08:00,0.8659838,1.0145674,0.95780975,0.868228,1.0151383,0.9922761,0.88291615,1.0363885,0.9823073,0.88059944,1.0328377,0.99889493,0.90503013,1.0474837,0.9840352,0.9076855,1.0773584,1.0017432,0.8763939,1.0260078,0.9834615,0.9157648,1.0816634,0.9995728,0.9033958,1.0677328,0.9840928,0.9197525,1.0844043,0.9860139,0.9035104,1.0686707,0.9856763
2025-01-01 08:09:00,0.86598676,1.0147084,0.9578654,0.8682516,1.015346,0.99229753,0.88297594,1.0365558,0.9823914,0.88057584,1.0329722,0.9989173,0.9050816,1.0476989,0.9840684,0.9077068,1.0775927,1.0017496,0.8763504,1.0261014,0.983482,0.91577065,1.0818622,0.9995715,0.9033998,1.0678952,0.98411304,0.91974825,1.0845714,0.98602414,0.9035074,1.0688106,0.9857168
2025-01-01 08:10:00,0.86598873,1.0148212,0.9579023,0.8682717,1.015514,0.9923149,0.8830262,1.036692,0.98245066,0.88055944,1.0330822,0.99893546,0.9051243,1.047872,0.9840911,0.90772355,1.0777795,1.0017519,0.8763137,1.0261742,0.9834913,0.91577274,1.0820186,0.9995662,0.9034009,1.0680232,0.9841233,0.919744,1.0847044,0.98603076,0.90350586,1.0689238,0.9857461
2025-01-01 08:11:00,0.86598986,1.0149115,0.957927,0.8682892,1.01565,0.9923296,0.8830688,1.0368035,0.98249376,0.8805488,1.0331725,0.998951,0.90515983,1.0480117,0.984107,0.9077367,1.0779283,1.0017514,0.8762825,1.0262303,0.9834932,0.91577184,1.0821413,0.99955827,0.9033995,1.0681236,0.9841271,0.91973984,1.0848105,0.9860351,0.90350556,1.0690157,0.98576796
2025-01-01 08:12:00,0.86599034,1.0149838,0.95794386,0.8683044,1.0157605,0.99234265,0.88310534,1.0368953,0.9825263,0.8805428,1.0332471,0.99896485,0.90518975,1.0481243,0.9841185,0.907747,1.0780467,1.0017493,0.8762557,1.0262731,0.98349035,0.9157685,1.0822366,0.9995485,0.90339625,1.068202,0.98412675,0.9197356,1.084895,0.986038,0.9035062,1.0690906,0.9857851
2025-01-01 08:13:00,0.8659904,1.0150416,0.95795566,0.86831784,1.0158507,0.9923546,0.88313705,1.0369713,0.9825521,0.88054055,1.0333091,0.9989774,0.9052151,1.0482155,0.9841271,0.9077549,1.0781406,1.0017459,0.87623245,1.0263053,0.9834843,0.91576326,1.0823103,0.9995377,0.90339136,1.0682627,0.98412365,0.91973144,1.0849621,0.98603994,0.90350765,1.0691518,0.9857992
2025-01-01 08:14:00,0.86599,1.0150878,0.9579642,0.86833,1.0159243,0.9923658,0.8831649,1.0370347,0.98257345,0.8805412,1.033361,0.9989893,0.90523684,1.0482895,0.98413384,0.907761,1.0782151,1.0017418,0.87621194,1.0263287,0.98347634,0.9157564,1.0823667,0.99952626,0.9033852,1.0683094,0.9841188,0.9197273,1.0850157,0.98604125,0.9035098,1.0692021,0.9858113
2025-01-01 08:15:00,0.86598927,1.015125,0.9579705,0.86834097,1.0159851,0.99237657,0.88318956,1.0370879,0.9825919,0.8805441,1.0334048,0.9990006,0.90525556,1.0483499,0.9841392,0.9077655,1.0782739,1.0017372,0.8761937,1.0263454,0.98346704,0.91574836,1.0824091,0.99951434,0.90337825,1.068345,0.98411286,0.91972315,1.085058,0.98604214,0.9035124,1.0692437,0.9858221
2025-01-01 08:16:00,0.8659883,1.0151548,0.9579755,0.86835116,1.0160354,0.9923871,0.88321185,1.0371332,0.9826085,0.880549,1.0334421,0.9990116,0.905272,1.048399,0.9841438,0.90776885,1.0783203,1.0017321,0.8761772,1.0263566,0.9834568,0.9157393,1.0824406,0.9995021,0.9033704,1.0683713,0.9841062,0.91971904,1.0850915,0.9860429,0.9035155,1.0692782,0.9858321
2025-01-01 08:17:00,0.86598724,1.0151788,0.9579796,0.86836064,1.0160774,0.9923975,0.88323206,1.037172,0.9826239,0.8805554,1.0334743,0.99902236,0.90528655,1.0484394,0.98414785,0.9077712,1.0783565,1.0017269,0.8761621,1.0263633,0.983446,0.9157294,1.082463,0.9994897,0.9033619,1.0683906,0.9840991,0.91971505,1.0851179,0.9860436,0.903519,1.0693073,0.9858417
2025-01-01 08:18:00,0.865986,1.015198,0.95798326,0.8683696,1.0161126,0.99240774,0.8832507,1.0372056,0.9826384,0.8805629,1.0335023,0.999033,0.90529954,1.0484726,0.9841514,0.9077728,1.0783849,1.0017215,0.87614816,1.0263665,0.9834348,0.91571885,1.0824784,0.99947727,0.90335304,1.0684042,0.9840917,0.91971105,1.0851388,0.9860441,0.9035227,1.069332,0.9858508
2025-01-01 08:19:00,0.8659847,1.0152135,0.9579865,0.8683781,1.0161426,0.99241793,0.8832681,1.037235,0.9826525,0.8805715,1.033527,0.99904346,0.9053113,1.0485002,0.9841548,0.9077737,1.0784067,1.0017159,0.8761351,1.026367,0.98342335,0.9157078,1.0824881,0.99946463,0.90334374,1.068413,0.9840842,0.9197071,1.0851552,0.98604465,0.90352666,1.0693531,0.98585975
2025-01-01 08:20:00,0.8659833,1.015226,0.9579896,0.8683863,1.0161682,0.9924282,0.8832845,1.0372611,0.9826662,0.8805808,1.0335491,0.9990539,0.905322,1.0485233,0.984158,0.9077741,1.0784234,1.0017102,0.8761228,1.0263652,0.9834117,0.9156964,1.0824933,0.99945205,0.90333414,1.0684183,0.98407656,0.9197032,1.085168,0.98604524,0.90353084,1.0693713,0.9858687
2025-01-01 08:21:00,0.8659819,1.0152361,0.9579925,0.86839426,1.0161905,0.9924383,0.8833001,1.0372846,0.9826797,0.8805907,1.033569,0.9990642,0.905332,1.0485426,0.98416096,0.90777403,1.078436,1.0017045,0.876111,1.0263615,0.98340005,0.91568464,1.0824947,0.9994395,0.90332437,1.0684208,0.98406893,0.9196993,1.085178,0.9860458,0.9035352,1.0693873,0.9858775
2025-01-01 08:22:00,0.8659804,1.0152444,0.95799536,0.86840206,1.0162101,0.99244857,0.8833151,1.037306,0.98269314,0.8806011,1.0335872,0.99907446,0.9053413,1.048559,0.9841639,0.9077736,1.0784452,1.0016986,0.87609965,1.0263563,0.9833882,0.9156726,1.0824934,0.9994268,0.9033143,1.0684208,0.98406124,0.9196955,1.0851856,0.98604643,0.9035397,1.0694016,0.9858863
2025-01-01 08:23:00,0.86597896,1.015251,0.9579982,0.8684097,1.0162276,0.99245876,0.8833295,1.0373257,0.9827064,0.88061184,1.033604,0.99908465,0.9053501,1.048573,0.9841667,0.90777284,1.0784519,1.0016927,0.87608856,1.02635,0.98337626,0.9156604,1.0824896,0.9994141,0.90330416,1.068419,0.98405355,0.9196917,1.0851915,0.9860471,0.90354437,1.0694144,0.9858951
2025-01-01 08:24:00,0.8659775,1.0152566,0.95800114,0.8684172,1.0162433,0.992469,0.8833436,1.0373441,0.98271966,0.8806229,1.0336198,0.99909484,0.90535843,1.0485853,0.9841694,0.9077719,1.0784563,1.0016867,0.87607783,1.0263427,0.98336434,0.915648,1.0824841,0.99940145,0.9032939,1.0684158,0.9840459,0.919688,1.0851959,0.98604774,0.90354913,1.0694262,0.9859039
2025-01-01 08:25:00,0.86597615,1.0152613,0.95800406,0.86842465,1.0162576,0.99247926,0.88335735,1.0373614,0.9827328,0.88063425,1.0336347,0.9991049,0.9053664,1.0485959,0.98417205,0.9077707,1.078459,1.0016806,0.87606734,1.0263348,0.9833524,0.9156354,1.082477,0.9993888,0.90328354,1.0684112,0.9840383,0.91968435,1.0851991,0.9860485,0.90355396,1.069437,0.9859128
2025-01-01 08:26:00,0.8659747,1.0152652,0.95800704,0.86843204,1.016271,0.9924896,0.8833708,1.0373777,0.982746,0.8806457,1.0336487,0.999115,0.90537417,1.0486053,0.9841746,0.9077693,1.0784603,1.0016745,0.87605697,1.0263262,0.9833404,0.9156228,1.0824687,0.9993762,0.90327317,1.0684057,0.98403066,0.9196807,1.0852015,0.9860493,0.9035589,1.069447,0.9859216
2025-01-01 08:27:00,0.8659734,1.0152684,0.95800996,0.86843944,1.0162834,0.99249995,0.8833841,1.0373935,0.9827591,0.8806573,1.0336623,0.99912506,0.90538156,1.0486138,0.9841771,0.90776783,1.0784605,1.0016685,0.87604666,1.0263171,0.9833283,0.91561,1.0824594,0.99936354,0.9032628,1.0683997,0.9840231,0.9196772,1.0852033,0.9860502,0.903564,1.0694566,0.9859305
2025-01-01 08:28:00,0.8659721,1.0152713,0.958013,0.86844677,1.0162951,0.99251026,0.8833973,1.0374087,0.9827722,0.880669,1.0336753,0.999135,0.90538883,1.0486214,0.98417956,0.9077661,1.0784599,1.0016623,0.87603647,1.0263075,0.98331624,0.91559726,1.0824496,0.99935097,0.90325236,1.0683929,0.9840156,0.9196737,1.0852044,0.9860511,0.90356904,1.0694656,0.98593944
2025-01-01 08:29:00,0.8659708,1.0152739,0.9580161,0.86845416,1.0163063,0.9925207,0.8834103,1.0374235,0.9827853,0.88068086,1.0336881,0.99914503,0.90539587,1.0486283,0.98418194,0.9077643,1.0784584,1.001656,0.87602633,1.0262976,0.98330414,0.9155844,1.082439,0.9993384,0.90324193,1.0683857,0.98400813,0.9196702,1.0852051,0.98605204,0.9035743,1.0694745,0.98594844
2025-01-01 08:30:00,0.8659725,1.0162529,0.9609981,0.8685406,1.0177478,0.99316686,0.8837319,1.0384766,0.98653597,0.8803263,1.0344851,0.9997812,0.90564203,1.0500672,0.985787,0.9078077,1.0800604,1.0022727,0.8756663,1.0269313,0.9850287,0.91556954,1.0838146,0.9999487,0.90321195,1.0694633,0.9855443,0.91950417,1.0862432,0.9866143,0.90338093,1.0702593,0.987701
2025-01-01 08:31:00,0.86597365,1.0170362,0.9629376,0.8686112,1.0189028,0.9935905,0.8839917,1.0393217,0.9889785,0.88004506,1.035125,1.0001981,0.9058403,1.0512193,0.98683095,0.907842,1.081341,1.0026714,0.8753763,1.027436,0.98614544,0.915555,1.0849125,1.0003409,0.9031859,1.0703233,0.98654026,0.91937065,1.0870733,0.98698014,0.9032273,1.0708888,0.98884344
2025-01-01 08:32:00,0.8659744,1.0176631,0.96419936,0.86866915,1.0198287,0.9938696,0.884202,1.0400003,0.99057066,0.87982243,1.0356392,1.0004725,0.9060001,1.0521417,0.98751026,0.90786886,1.0823647,1.0029283,0.87514234,1.0278376,0.9868671,0.9155407,1.0857882,1.0005916,0.90316296,1.0710098,0.9871852,0.91926324,1.0877373,0.9872184,0.90310556,1.0713937,0.98958915
2025-01-01 08:33:00,0.8659748,1.0181649,0.9650208,0.8687171,1.0205712,0.99405473,0.8843729,1.0405458,0.9916102,0.8796468,1.0360526,1.0006543,0.9061292,1.0528805,0.9879526,0.9078899,1.0831827,1.003093,0.8749531,1.0281566,0.9873318,0.9155266,1.0864862,1.0007502,0.9031426,1.071557,0.98760176,0.9191767,1.0882684,0.9873737,0.9030093,1.0717993,0.99007714
2025-01-01 08:34:00,0.8659749,1.0185666,0.96555585,0.8687569,1.021167,0.9941788,0.88451207,1.0409849,0.9922905,0.87950873,1.0363857,1.0007759,0.90623367,1.0534723,0.9882408,0.90790623,1.0838362,1.0031977,0.87479967,1.0284096,0.9876296,0.91551286,1.0870421,1.000849,0.9031242,1.0719931,0.9878701,0.9191069,1.0886931,0.98747516,0.9029335,1.0721253,0.99039763
2025-01-01 08:35:00,0.8659749,1.0188882,0.96590483,0.8687903,1.0216457,0.9942631,0.8846259,1.0413387,0.99273723,0.8794007,1.0366542,1.0008583,0.9063184,1.0539466,0.98842883,0.90791875,1.084358,1.0032635,0.874675,1.0286095,0.9878189,0.91549915,1.0874841,1.0009087,0.90310746,1.0723403,0.98804206,0.91905046,1.0890329,0.98754156,0.902874,1.0723876,0.9906091
2025-01-01 08:36:00,0.8659747,1.019146,0.966133,0.8688185,1.0220304,0.9943217,0.8847196,1.0416243,0.9930322,0.8793166,1.0368712,1.0009153,0.9063875,1.0543268,0.9885517,0.9079282,1.0847744,1.0033039,0.87457323,1.0287673,0.9879376,0.91548556,1.0878352,1.0009432,0.90309197,1.0726161,0.9881513,0.91900474,1.0893044,0.98758525,0.90282756,1.0725989,0.9907499
2025-01-01 08:37:00,0.8659744,1.0193523,0.96628255,0.8688427,1.02234,0.99436355,0.88479704,1.0418556,0.99322855,0.8792517,1.037047,1.0009556,0.9064439,1.0546317,0.9886322,0.90793526,1.0851066,1.0033277,0.8744897,1.0288912,0.98801047,0.9154721,1.0881134,1.0009613,0.9030776,1.0728352,0.9882199,0.9189676,1.0895215,0.9876142,0.90279156,1.0727696,0.99084467
2025-01-01 08:38:00,0.86597407,1.0195178,0.9663811,0.8688636,1.0225897,0.99439454,0.8848615,1.0420431,0.9933607,0.87920225,1.0371898,1.0009853,0.9064902,1.0548764,0.98868513,0.9079404,1.0853715,1.003341,0.87442094,1.0289881,0.98805356,0.9154587,1.0883335,1.0009688,0.903064,1.0730087,0.98826206,0.9189374,1.0896952,0.9876336,0.902764,1.0729077,0.9909096
2025-01-01 08:39:00,0.8659737,1.0196505,0.9664464,0.8688818,1.0227913,0.99441844,0.88491565,1.0421957,0.9934512,0.87916505,1.0373063,1.0010078,0.9065285,1.055073,0.9887201,0.90794384,1.0855823,1.0033472,0.8743638,1.0290633,0.98807716,0.9154453,1.0885069,1.0009693,0.9030511,1.0731457,0.9882871,0.9189127,1.089834,0.98764676,0.9027431,1.0730197,0.99095505
2025-01-01 08:40:00,0.8659733,1.019757,0.9664902,0.86889803,1.0229545,0.9944378,0.8849615,1.0423205,0.9935146,0.87913764,1.0374017,1.0010258,0.90656024,1.055231,0.9887435,0.90794605,1.08575,1.0033487,0.87431604,1.0291212,0.9880882,0.91543204,1.0886432,1.0009652,0.90303874,1.0732538,0.9883009,0.9188924,1.089945,0.98765594,0.9027276,1.0731109,0.990988
2025-01-01 08:41:00,0.8659729,1.0198426,0.96652,0.8689126,1.0230869,0.9944542,0.8850007,1.0424229,0.9935604,0.8791181,1.03748,1.0010407,0.90658677,1.0553582,0.9887592,0.9079473,1.085883,1.0033473,0.87427574,1.0291651,0.98809105,0.91541874,1.0887495,1.0009583,0.9030269,1.0733384,0.98830754,0.91887563,1.0900337,0.9876625,0.90271646,1.0731854,0.9910127
2025-01-01 08:42:00,0.8659725,1.0199115,0.96654075,0.86892575,1.0231948,0.9944687,0.88503456,1.0425075,0.9935947,0.8791048,1.0375448,1.0010538,0.9066091,1.0554606,0.98877,0.9079476,1.0859885,1.003344,0.8742415,1.029198,0.9880886,0.9154056,1.088832,1.0009496,0.9030154,1.0734044,0.98830944,0.9188617,1.0901046,0.98766744,0.90270877,1.0732467,0.9910321
2025-01-01 08:43:00,0.86597216,1.019967,0.96655566,0.8689379,1.023283,0.99448186,0.88506424,1.0425779,0.9936216,0.8790966,1.0375988,1.0010655,0.90662813,1.0555431,0.9887775,0.9079473,1.086072,1.0033393,0.87421197,1.029222,0.98808265,0.91539234,1.0888954,1.0009395,0.90300417,1.0734556,0.98830837,0.9188501,1.0901612,0.98767126,0.9027039,1.0732974,0.9910481
2025-01-01 08:44:00,0.8659718,1.0200118,0.9665667,0.8689493,1.0233555,0.9944943,0.8850906,1.0426366,0.99364364,0.87909234,1.0376443,1.0010765,0.90664446,1.05561,0.98878294,0.90794647,1.0861377,1.0033339,0.87418634,1.0292388,0.9880744,0.91537917,1.0889435,1.0009288,0.90299326,1.0734948,0.98830533,0.91884035,1.0902065,0.9876744,0.90270114,1.0733396,0.99106187
2025-01-01 08:45:00,0.8659715,1.020048,0.9665753,0.86896,1.0234154,0.99450624,0.8851142,1.0426863,0.99366254,0.8790913,1.0376827,1.0010867,0.90665865,1.055664,0.98878694,0.9079451,1.086189,1.0033278,0.8741637,1.0292499,0.9880647,0.915366,1.0889795,1.0009174,0.90298253,1.0735246,0.9883011,0.91883206,1.0902427,0.9876772,0.9027003,1.073375,0.9910742
2025-01-01 08:46:00,0.8659712,1.0200773,0.9665824,0.86897016,1.0234654,0.99451786,0.88513565,1.0427287,0.99367934,0.8790929,1.0377156,1.0010967,0.9066711,1.055708,0.98879,0.90794337,1.0862292,1.0033214,0.8741435,1.0292565,0.98805404,0.9153528,1.0890057,1.0009058,0.902972,1.0735468,0.988296,0.918825,1.0902717,0.98767966,0.90270084,1.0734049,0.99108565
2025-01-01 08:47:00,0.86597097,1.0201013,0.96658844,0.86897993,1.0235074,0.9945293,0.8851554,1.042765,0.9936948,0.87909645,1.0377439,1.0011064,0.9066822,1.0557439,0.9887924,0.90794134,1.0862601,1.0033147,0.87412524,1.0292594,0.9880427,0.91533965,1.0890241,1.000894,0.90296155,1.0735627,0.9882904,0.91881895,1.0902948,0.98768204,0.90270257,1.0734305,0.9910965
2025-01-01 08:48:00,0.8659708,1.020121,0.9665938,0.86898947,1.0235428,0.99454063,0.8851737,1.0427969,0.99370944,0.87910163,1.0377687,1.0011159,0.9066921,1.0557733,0.98879445,0.9079391,1.0862839,1.0033078,0.8741085,1.0292593,0.98803097,0.9153265,1.0890363,1.0008819,0.90295124,1.073574,0.9882845,0.91881365,1.0903133,0.9876843,0.90270525,1.0734526,0.99110705
2025-01-01 08:49:00,0.8659706,1.0201371,0.96659887,0.86899865,1.0235732,0.99455184,0.8851909,1.042825,0.99372345,0.8791081,1.0377907,1.0011252,0.9067011,1.0557973,0.9887961,0.9079366,1.0863017,1.0033007,0.87409294,1.029257,0.988019,0.9153134,1.0890435,1.0008699,0.90294105,1.0735812,0.98827845,0.918809,1.0903283,0.98768663,0.9027087,1.0734719,0.9911173
2025-01-01 08:50:00,0.86597055,1.0201503,0.96660364,0.8690077,1.0235994,0.99456304,0.8852073,1.0428501,0.9937372,0.87911564,1.0378103,1.0011345,0.9067093,1.0558174,0.9887976,0.9079339,1.0863149,1.0032935,0.8740784,1.0292528,0.9880068,0.9153003,1.0890466,1.0008578,0.9029309,1.0735855,0.9882723,0.9188048,1.0903403,0.9876889,0.90271276,1.0734891,0.9911274
2025-01-01 08:51:00,0.8659705,1.0201615,0.9666083,0.8690166,1.0236225,0.99457425,0.885223,1.0428728,0.99375063,0.8791239,1.0378282,1.0011437,0.90671694,1.0558339,0.988799,0.907931,1.0863243,1.0032864,0.8740647,1.029247,0.9879944,0.9152872,1.0890467,1.0008458,0.9029209,1.0735872,0.9882661,0.9188011,1.0903498,0.9876912,0.9027173,1.0735044,0.99113744
2025-01-01 08:52:00,0.86597043,1.0201709,0.9666129,0.8690254,1.0236429,0.99458545,0.885238,1.0428934,0.9937639,0.879133,1.0378445,1.0011528,0.9067241,1.0558478,0.98880017,0.90792805,1.0863308,1.003279,0.8740516,1.0292401,0.987982,0.9152741,1.0890441,1.0008336,0.90291095,1.0735871,0.9882599,0.9187978,1.0903575,0.98769355,0.90272224,1.0735185,0.99114746
2025-01-01 08:53:00,0.8659705,1.0201789,0.9666174,0.8690342,1.0236613,0.99459666,0.8852527,1.0429127,0.9937771,0.8791425,1.0378598,1.0011618,0.9067309,1.0558594,0.98880124,0.9079249,1.0863348,1.0032716,0.8740389,1.0292321,0.9879695,0.91526103,1.0890396,1.0008215,0.90290105,1.0735853,0.98825365,0.9187947,1.0903639,0.9876959,0.90272754,1.0735315,0.9911575
2025-01-01 08:54:00,0.86597055,1.0201858,0.96662194,0.8690428,1.023678,0.99460787,0.88526696,1.0429307,0.9937902,0.8791524,1.0378739,1.0011708,0.90673727,1.0558695,0.9888023,0.90792173,1.086337,1.0032641,0.87402654,1.0292234,0.987957,0.9152479,1.0890334,1.0008094,0.9028912,1.0735823,0.98824745,0.9187919,1.0903689,0.98769826,0.9027332,1.0735435,0.99116755
2025-01-01 08:55:00,0.86597073,1.0201919,0.9666265,0.86905146,1.0236932,0.99461913,0.88528097,1.0429478,0.99380326,0.87916267,1.0378873,1.0011797,0.9067434,1.0558779,0.98880327,0.9079184,1.0863374,1.0032566,0.8740146,1.029214,0.9879445,0.91523486,1.0890259,1.0007973,0.9028815,1.0735785,0.9882414,0.9187893,1.090373,0.9877007,0.90273905,1.073555,0.99117756
2025-01-01 08:56:00,0.8659709,1.0201973,0.9666312,0.8690601,1.0237075,0.9946304,0.8852948,1.042964,0.99381626,0.87917316,1.0379001,1.0011886,0.9067493,1.0558853,0.98880416,0.907915,1.0863367,1.003249,0.8740028,1.0292041,0.9879319,0.91522175,1.0890173,1.0007852,0.9028718,1.0735738,0.9882352,0.91878694,1.0903765,0.98770326,0.9027451,1.0735658,0.9911876
2025-01-01 08:57:00,0.8659712,1.0202022,0.96663576,0.86906874,1.023721,0.9946417,0.8853084,1.0429796,0.9938293,0.8791838,1.0379124,1.0011975,0.90675503,1.0558918,0.98880494,0.9079115,1.0863348,1.0032414,0.87399125,1.0291939,0.9879193,0.9152087,1.0890079,1.0007732,0.9028621,1.0735685,0.9882291,0.9187846,1.0903794,0.98770577,0.9027513,1.0735762,0.9911977
2025-01-01 08:58:00,0.8659715,1.0202066,0.9666405,0.8690774,1.0237339,0.99465305,0.88532186,1.0429947,0.99384224,0.8791947,1.0379243,1.0012063,0.9067606,1.0558975,0.9888057,0.9079079,1.0863322,1.0032338,0.87397987,1.0291833,0.9879066,0.9151956,1.0889978,1.0007612,0.9028525,1.0735626,0.9882231,0.91878253,1.0903817,0.98770845,0.90275776,1.0735862,0.9912078
2025-01-01 08:59:00,0.8659719,1.0202107,0.9666452,0.869086,1.0237461,0.9946644,0.8853352,1.0430095,0.9938552,0.87920564,1.0379357,1.0012151,0.90676594,1.0559026,0.98880637,0.9079042,1.0863289,1.003226,0.87396854,1.0291724,0.98789394,0.91518253,1.0889874,1.0007492,0.90284294,1.0735564,0.9882171,0.9187805,1.0903839,0.9877111,0.90276426,1.073596,0.9912179
2025-01-01 09:00:00,0.8659375,1.021099,0.969963,0.8691221,1.0251067,0.9953673,0.88560575,1.0439342,0.99784774,0.87876004,1.0385892,1.001902,0.9069183,1.0571877,0.9905523,0.90782547,1.0877372,1.0038939,0.87352157,1.029663,0.989772,0.91502535,1.0901481,1.001416,0.9026809,1.0744182,0.9898894,0.9184538,1.0911825,0.9883241,0.9024312,1.0741501,0.99311835
2025-01-01 09:01:00,0.86591005,1.0218102,0.9721213,0.8691527,1.0261972,0.99582815,0.8858248,1.0446767,1.0004475,0.8784059,1.0391141,1.0023514,0.9070412,1.0582162,0.99168736,0.90776163,1.0888627,1.0043253,0.8731618,1.0300531,0.9909883,0.91489697,1.0910742,1.001845,0.9025493,1.075106,0.99097437,0.91819215,1.0918214,0.9887236,0.9021661,1.0745951,0.99435717
2025-01-01 09:02:00,0.8658883,1.0223796,0.97352594,0.86917895,1.0270716,0.9961317,0.88600254,1.0452732,1.0021418,0.87812483,1.039536,1.0026467,0.9071404,1.0590396,0.9924252,0.9077098,1.0897617,1.0046028,0.87287176,1.0303628,0.99177444,0.91479164,1.0918125,1.0021199,0.9024423,1.0756549,0.9916776,0.9179826,1.0923328,0.9889843,0.9019555,1.0749528,0.995166
2025-01-01 09:03:00,0.8658711,1.0228359,0.97444075,0.8692017,1.0277733,0.9963331,0.8861474,1.045753,1.0032476,0.87790227,1.0398755,1.0028415,0.90722066,1.0596988,0.99290496,0.90766746,1.0904799,1.0047804,0.8726375,1.0306082,0.99228096,0.9147048,1.0924007,1.0022943,0.9023548,1.0760924,0.99213266,0.9178146,1.0927422,0.98915476,0.9017885,1.0752407,0.9956954
2025-01-01 09:04:00,0.8658575,1.0232016,0.97503716,0.86922175,1.0283366,0.99646807,0.8862659,1.0461395,1.0039709,0.87772644,1.0401491,1.0029712,0.9072858,1.0602266,0.99321693,0.90763277,1.091053,1.0048932,0.8724479,1.0308021,0.9926057,0.91463274,1.0928687,1.0024035,0.9022829,1.0764409,0.9924265,0.91767997,1.0930698,0.9892667,0.90165627,1.075473,0.99604315
2025-01-01 09:05:00,0.86584675,1.0234946,0.97542655,0.8692395,1.0287895,0.9965598,0.8863632,1.0464512,1.0044454,0.87758803,1.0403699,1.0030583,0.9073388,1.0606494,0.99341977,0.90760416,1.0915103,1.0049636,0.872294,1.0309547,0.99281234,0.9145725,1.0932406,1.0024705,0.9022236,1.0767182,0.9926156,0.9175721,1.0933322,0.98934054,0.90155196,1.0756605,0.99627286
2025-01-01 09:06:00,0.8658384,1.0237297,0.97568154,0.8692556,1.0291537,0.9966235,0.8864437,1.0467033,1.0047586,0.87747955,1.0405487,1.0031179,0.9073821,1.0609881,0.99355173,0.90758044,1.091875,1.0050066,0.87216866,1.0310743,0.99294215,0.9145217,1.0935358,1.0025098,0.90217435,1.0769386,0.99273646,0.91748554,1.0935422,0.9893896,0.90147,1.0758123,0.99642587
2025-01-01 09:07:00,0.8658319,1.0239185,0.9758491,0.8692702,1.0294472,0.99666905,0.88651067,1.0469077,1.0049666,0.877395,1.0406936,1.0031596,0.9074176,1.0612594,0.9936375,0.9075605,1.0921654,1.0050316,0.87206614,1.0311676,0.9930221,0.9144784,1.0937692,1.0025313,0.9021331,1.0771135,0.99281317,0.91741604,1.0937105,0.9894226,0.9014059,1.0759356,0.99652886
2025-01-01 09:08:00,0.86582696,1.0240701,0.9759599,0.8692837,1.0296842,0.9967027,0.8865669,1.0470737,1.0051062,0.8773296,1.0408114,1.0031896,0.90744686,1.061477,0.99369323,0.9075437,1.0923963,1.005045,0.87198186,1.0312397,0.9930695,0.91444117,1.0939535,1.0025412,0.90209836,1.0772519,0.9928611,0.91736025,1.0938454,0.98944527,0.9013561,1.0760361,0.99659956
2025-01-01 09:09:00,0.86582327,1.0241921,0.97603375,0.8692963,1.0298758,0.9967286,0.8866144,1.0472091,1.0052015,0.8772795,1.0409076,1.003212,0.9074712,1.0616513,0.99372953,0.9075294,1.0925798,1.0050509,0.87191224,1.0312952,0.99309593,0.9144088,1.0940984,1.0025436,0.90206873,1.0773612,0.99289036,0.9173154,1.0939535,0.9894611,0.9013177,1.0761182,0.9966492
2025-01-01 09:10:00,0.8658205,1.0242904,0.9760837,0.8693083,1.0300312,0.9967496,0.88665503,1.0473201,1.0052679,0.8772417,1.0409867,1.0032294,0.90749145,1.0617913,0.9937531,0.9075171,1.0927253,1.0050517,0.87185425,1.031337,0.9931086,0.9143803,1.0942119,1.002541,0.9020433,1.0774472,0.9929075,0.9172794,1.0940403,0.9894726,0.90128857,1.0761858,0.9966852
2025-01-01 09:11:00,0.86581856,1.0243697,0.9761181,0.8693197,1.0301578,0.9967673,0.88669014,1.0474116,1.0053154,0.87721354,1.0410519,1.0032437,0.90750843,1.0619037,0.9937684,0.9075062,1.0928404,1.0050495,0.8718056,1.031368,0.9931123,0.9143549,1.0943003,1.0025352,0.9020211,1.0775146,0.9929169,0.91725045,1.09411,0.98948133,0.90126675,1.0762419,0.9967124
2025-01-01 09:12:00,0.8658173,1.024434,0.9761423,0.8693307,1.0302612,0.99678296,0.88672084,1.0474874,1.005351,0.8771933,1.0411059,1.0032556,0.9075229,1.061994,0.9937783,0.90749663,1.0929312,1.0050449,0.8717645,1.0313904,0.99311024,0.91433203,1.0943683,1.0025274,0.9020016,1.0775671,0.9929211,0.9172271,1.094166,0.9894882,0.9012508,1.0762883,0.99673367
2025-01-01 09:13:00,0.8658166,1.024486,0.97616,0.8693413,1.030346,0.99679726,0.8867481,1.0475506,1.0053785,0.8771792,1.041151,1.0032663,0.90753525,1.0620666,0.9937846,0.90748805,1.0930023,1.0050392,0.87172925,1.0314058,0.9931044,0.9143111,1.0944203,1.0025183,0.9019842,1.0776078,0.99292207,0.91720825,1.0942111,0.9894939,0.9012396,1.0763276,0.9967513
2025-01-01 09:14:00,0.8658163,1.0245284,0.9761735,0.8693517,1.030416,0.9968107,0.8867724,1.0476036,1.0054008,0.8771702,1.0411891,1.0032761,0.907546,1.062125,0.9937886,0.90748024,1.093058,1.0050324,0.8716988,1.0314157,0.99309605,0.9142918,1.0944594,1.0025083,0.90196866,1.0776387,0.9929209,0.91719306,1.0942475,0.9894989,0.9012321,1.0763608,0.9967665
2025-01-01 09:15:00,0.8658163,1.024563,0.97618425,0.8693618,1.0304742,0.99682355,0.8867945,1.0476488,1.0054197,0.8771652,1.0412214,1.0032852,0.90755534,1.062172,0.9937911,0.907473,1.0931011,1.0050251,0.8716722,1.0314211,0.99308616,0.9142738,1.0944883,1.0024978,0.9019544,1.0776623,0.9929184,0.9171808,1.094277,0.98950344,0.9012277,1.0763893,0.99678016
2025-01-01 09:16:00,0.8658167,1.0245914,0.9761932,0.86937183,1.030523,0.99683607,0.8868148,1.0476875,1.0054365,0.8771633,1.0412492,1.003294,0.9075636,1.0622101,0.99379265,0.90746623,1.0931343,1.0050174,0.8716486,1.031423,0.9930752,0.91425675,1.0945089,1.002487,0.90194124,1.0776796,0.992915,0.9171709,1.0943009,0.9895077,0.9012258,1.076414,0.9967928
2025-01-01 09:17:00,0.86581737,1.0246149,0.9762011,0.8693817,1.0305641,0.9968484,0.8868336,1.0477211,1.0054519,0.877164,1.0412732,1.0033025,0.907571,1.0622408,0.9937934,0.9074599,1.0931594,1.0050092,0.87162745,1.031422,0.99306357,0.9142406,1.0945228,1.0024759,0.901929,1.0776922,0.9929111,0.9171628,1.0943204,0.9895117,0.9012258,1.0764356,0.99680483
2025-01-01 09:18:00,0.86581814,1.0246345,0.97620827,0.86939156,1.0305991,0.99686056,0.8868513,1.0477506,1.0054663,0.87716675,1.0412945,1.0033106,0.90757763,1.0622658,0.9937938,0.9074538,1.0931782,1.005001,0.8716082,1.0314188,0.99305147,0.91422504,1.0945315,1.0024647,0.9019175,1.0777009,0.9929068,0.9171563,1.0943364,0.9895157,0.9012274,1.0764548,0.99681646
2025-01-01 09:19:00,0.8658192,1.0246509,0.9762149,0.86940134,1.0306294,0.9968726,0.88686806,1.0477768,1.0054802,0.8771711,1.0413132,1.0033185,0.9075837,1.062286,0.99379385,0.90744793,1.0931917,1.0049926,0.87159055,1.0314137,0.99303913,0.91421,1.0945361,1.0024532,0.9019066,1.0777065,0.99290234,0.917151,1.0943494,0.9895197,0.9012303,1.076472,0.99682784
2025-01-01 09:20:00,0.86582035,1.024665,0.9762213,0.86941105,1.0306557,0.99688464,0.8868841,1.0478004,1.0054935,0.87717676,1.0413301,1.0033265,0.90758926,1.0623025,0.9937936,0.90744215,1.0932013,1.004984,0.8715741,1.0314071,0.99302655,0.9141954,1.0945374,1.0024419,0.9018962,1.0777096,0.99289775,0.9171466,1.0943602,0.98952365,0.90123415,1.0764879,0.9968391
2025-01-01 09:21:00,0.8658217,1.024677,0.97622764,0.8694207,1.030679,0.9968967,0.88689953,1.0478219,1.0055068,0.8771834,1.0413456,1.0033344,0.90759444,1.062316,0.9937932,0.90743655,1.0932074,1.0049754,0.8715586,1.0313995,0.9930138,0.9141812,1.0945358,1.0024306,0.90188617,1.0777107,0.99289304,0.91714317,1.0943694,0.98952764,0.9012388,1.0765023,0.9968502
2025-01-01 09:22:00,0.86582315,1.0246874,0.9762338,0.8694304,1.0307,0.99690866,0.8869145,1.0478418,1.0055197,0.8771908,1.0413598,1.0033422,0.90759933,1.062327,0.9937927,0.90743107,1.0932109,1.0049667,0.87154394,1.0313908,0.99300104,0.9141672,1.0945323,1.0024192,0.90187645,1.0777104,0.9928884,0.91714036,1.094377,0.98953164,0.9012442,1.0765159,0.9968613
2025-01-01 09:23:00,0.86582464,1.0246966,0.97624,0.86944014,1.0307188,0.9969207,0.8869291,1.0478601,1.0055326,0.87719893,1.0413729,1.0033499,0.9076039,1.0623362,0.9937922,0.90742564,1.0932124,1.004958,0.8715298,1.0313814,0.99298817,0.9141535,1.0945268,1.0024079,0.901867,1.0777087,0.99288374,0.91713804,1.0943836,0.9895356,0.9012501,1.0765288,0.9968723
2025-01-01 09:24:00,0.86582625,1.0247048,0.9762461,0.86944985,1.0307361,0.99693274,0.8869434,1.0478776,1.0055454,0.8772076,1.0413853,1.0033575,0.90760833,1.0623437,0.99379146,0.9074202,1.0932119,1.0049492,0.8715162,1.0313714,0.9929753,0.9141399,1.09452,1.0023965,0.9018578,1.0777062,0.9928791,0.9171362,1.0943893,0.9895397,0.9012565,1.0765411,0.99688333
2025-01-01 09:25:00,0.86582804,1.0247121,0.97625226,0.86945957,1.0307522,0.9969448,0.8869574,1.047894,1.0055581,0.8772166,1.041397,1.0033652,0.90761244,1.06235,0.99379075,0.9074148,1.0932102,1.0049404,0.87150294,1.0313607,0.99296236,0.9141265,1.0945121,1.0023851,0.90184873,1.077703,0.9928745,0.91713464,1.0943942,0.9895438,0.9012633,1.0765527,0.9968945
2025-01-01 09:26:00,0.8658298,1.0247189,0.97625846,0.8694692,1.0307672,0.9969568,0.8869713,1.0479097,1.0055708,0.8772259,1.0414081,1.0033727,0.90761644,1.0623552,0.99378985,0.90740937,1.0932074,1.0049314,0.87149006,1.0313499,0.9929494,0.9141133,1.0945035,1.0023739,0.90183985,1.077699,0.99287,0.91713345,1.0943986,0.98954797,0.90127033,1.0765641,0.9969055
2025-01-01 09:27:00,0.86583173,1.0247251,0.9762646,0.869479,1.0307815,0.9969689,0.886985,1.0479251,1.0055834,0.8772354,1.0414189,1.0033802,0.9076203,1.0623596,0.99378896,0.907404,1.0932037,1.0049225,0.87147737,1.0313386,0.99293643,0.91410005,1.0944941,1.0023626,0.90183115,1.0776947,0.99286544,0.91713256,1.0944026,0.9895522,0.9012776,1.0765752,0.9969166
2025-01-01 09:28:00,0.8658337,1.024731,0.97627085,0.8694888,1.0307952,0.996981,0.8869986,1.0479399,1.0055959,0.8772451,1.0414294,1.0033877,0.90762407,1.0623634,0.993788,0.9073986,1.0931991,1.0049136,0.8714649,1.031327,0.99292344,0.91408694,1.0944842,1.0023514,0.9018225,1.0776898,0.992861,0.9171318,1.0944062,0.9895565,0.9012851,1.076586,0.9969277
2025-01-01 09:29:00,0.8658357,1.0247366,0.9762771,0.8694986,1.0308084,0.9969931,0.88701206,1.0479543,1.0056084,0.877255,1.0414395,1.0033951,0.90762764,1.0623666,0.993787,0.90739316,1.093194,1.0049045,0.87145257,1.0313152,0.9929105,0.9140739,1.0944738,1.0023403,0.901814,1.0776846,0.99285656,0.91713125,1.0944096,0.9895608,0.9012928,1.0765966,0.9969388
2025-01-01 09:30:00,0.86576575,1.0255185,0.97987163,0.86948353,1.0320636,0.99774015,0.88722664,1.0487344,1.0097718,0.87672645,1.041938,1.0041206,0.9076837,1.0634749,0.99564266,0.9071938,1.0943837,1.0056114,0.87092674,1.0316541,0.9949084,0.9137773,1.095399,1.0030514,0.90152264,1.0783151,0.99463516,0.9166498,1.0949545,0.9902137,0.9008259,1.0769099,0.99895304
2025-01-01 09:31:00,0.86571026,1.026145,0.9822103,0.8694735,1.0330701,0.9982301,0.8874009,1.0493611,1.0124823,0.8763057,1.0423385,1.0045947,0.9077291,1.0643616,0.99684846,0.90703315,1.0953339,1.0060678,0.87050366,1.0319227,0.9962025,0.91353744,1.0961369,1.0035096,0.901288,1.0788182,0.99578977,0.91626465,1.0953908,0.9906396,0.90045416,1.0771625,1.0002662
2025-01-01 09:32:00,0.8656664,1.026647,0.9837327,0.8694675,1.0338775,0.9985528,0.8875429,1.049865,1.0142485,0.87597114,1.0426606,1.0049053,0.90776604,1.0650711,0.9976318,0.9069035,1.0960926,1.0063612,0.8701629,1.0321349,0.99703914,0.913343,1.0967247,1.0038037,0.9010986,1.0792196,0.99653876,0.9159566,1.0957404,0.99091816,0.90015835,1.0773666,1.0011238
2025-01-01 09:33:00,0.8656318,1.0270495,0.9847245,0.8694647,1.0345256,0.99876684,0.88765913,1.0502707,1.0154009,0.8757056,1.0429202,1.0051097,0.9077962,1.065639,0.99814045,0.90679866,1.0966979,1.0065486,0.8698879,1.0323023,0.9975783,0.91318494,1.0971925,1.003991,0.90094554,1.0795393,0.99702424,0.9157103,1.0960206,0.9911008,0.8999235,1.0775319,1.0016851
2025-01-01 09:34:00,0.8656046,1.0273726,0.9853716,0.86946446,1.0350465,0.99891025,0.88775474,1.0505979,1.0161543,0.8754952,1.0431297,1.0052452,0.9078209,1.0660933,0.9984706,0.9067136,1.0971807,1.0066673,0.8696655,1.0324335,0.99792427,0.91305596,1.0975645,1.0041089,0.9008215,1.0797939,0.99733835,0.9155133,1.0962453,0.9912212,0.89973736,1.0776663,1.0020541
2025-01-01 09:35:00,0.8655834,1.0276319,0.98579454,0.8694663,1.0354655,0.9990077,0.88783383,1.0508622,1.0166484,0.8753289,1.0432988,1.0053356,0.9078412,1.0664569,0.99868464,0.9066444,1.0975654,1.006741,0.8694852,1.032536,0.99814457,0.9129502,1.0978596,1.0041816,0.9007207,1.0799966,0.9975411,0.9153558,1.0964257,0.99130106,0.89959013,1.0777757,1.0022979
2025-01-01 09:36:00,0.865567,1.0278404,0.98607177,0.8694698,1.035803,0.9990754,0.88789976,1.0510763,1.0169739,0.87519795,1.043436,1.0053968,0.9078581,1.0667479,0.9988233,0.90658784,1.0978715,1.0067858,0.8693386,1.0326157,0.99828315,0.9128631,1.0980933,1.0042251,0.9006385,1.0801574,0.99767154,0.9152299,1.0965704,0.9913547,0.8994741,1.0778654,1.0024602
2025-01-01 09:37:00,0.8655544,1.0280081,0.98625433,0.8694747,1.0360752,0.9991237,0.8879551,1.05125,1.0171897,0.8750952,1.0435474,1.005439,0.907872,1.0669808,0.9989129,0.9065414,1.098115,1.0068115,0.8692189,1.0326766,0.9983687,0.91279083,1.0982778,1.0042497,0.9005713,1.0802848,0.997755,0.91512936,1.0966868,0.99139124,0.89938295,1.0779392,1.0025699
2025-01-01 09:38:00,0.8655449,1.0281433,0.9863754,0.8694806,1.0362953,0.9991595,0.88800204,1.0513917,1.0173345,0.875015,1.0436383,1.005469,0.90788376,1.0671673,0.9989705,0.9065031,1.0983081,1.0068249,0.8691207,1.032723,0.9984197,0.91273046,1.0984231,1.0042617,0.90051585,1.0803857,0.9978079,0.9150491,1.0967807,0.99141675,0.8993119,1.0780002,1.002645
2025-01-01 09:39:00,0.8655379,1.0282524,0.98645645,0.8694874,1.0364738,0.99918705,0.88804215,1.0515076,1.0174327,0.87495285,1.0437127,1.0054908,0.90789366,1.0673164,0.99900734,0.9064712,1.098461,1.0068303,0.86903983,1.0327575,0.9984484,0.9126797,1.098537,1.0042658,0.90047,1.0804652,0.997841,0.914985,1.0968562,0.991435,0.89925677,1.0780511,1.002698
2025-01-01 09:40:00,0.8655329,1.0283407,0.98651165,0.8694949,1.0366187,0.99920934,0.88807696,1.051603,1.017501,0.8749052,1.043774,1.0055073,0.9079021,1.0674359,0.99903065,0.9064445,1.0985818,1.0068306,0.86897266,1.0327826,0.9984623,0.9126366,1.0986255,1.0042647,0.9004319,1.0805278,0.99786115,0.91493386,1.0969173,0.9914487,0.89921445,1.0780939,1.0027363
2025-01-01 09:41:00,0.8655294,1.0284123,0.98655,0.86950296,1.036737,0.9992281,0.88810736,1.0516818,1.0175498,0.8748691,1.0438247,1.0055205,0.90790933,1.0675316,0.99904525,0.90642184,1.0986768,1.0068274,0.8689165,1.0328,0.99846685,0.9125995,1.0986942,1.0042602,0.9003998,1.0805767,0.997873,0.91489315,1.0969667,0.99145937,0.8991823,1.0781302,1.0027654
2025-01-01 09:42:00,0.8655273,1.0284706,0.9865773,0.8695115,1.0368339,0.9992447,0.8881343,1.0517473,1.0175856,0.87484217,1.043867,1.0055313,0.90791565,1.067608,0.999054,0.90640247,1.0987512,1.0068219,0.8688692,1.0328114,0.99846524,0.9125674,1.0987468,1.0042534,0.9003727,1.0806147,0.99787945,0.9148607,1.0970069,0.9914681,0.8991584,1.0781614,1.0027884
2025-01-01 09:43:00,0.8655262,1.0285184,0.98659754,0.86952037,1.0369138,0.9992598,0.88815844,1.0518025,1.0176134,0.8748226,1.0439024,1.0055407,0.90792114,1.0676694,0.999059,0.9063858,1.0988091,1.006815,0.8688289,1.0328181,0.9984596,0.9125391,1.0987864,1.0042453,0.9003495,1.080644,0.9978823,0.91483504,1.0970397,0.9914755,0.89914113,1.0781884,1.0028073
2025-01-01 09:44:00,0.86552596,1.0285578,0.9866132,0.8695296,1.03698,0.999274,0.88818043,1.0518491,1.0176357,0.87480897,1.0439324,1.0055492,0.907926,1.0677184,0.99906164,0.9063712,1.0988538,1.006807,0.86879426,1.0328208,0.99845135,0.91251403,1.0988158,1.0042363,0.9003295,1.0806663,0.997883,0.9148147,1.0970666,0.9914822,0.8991291,1.0782121,1.0028236
2025-01-01 09:45:00,0.8655264,1.0285902,0.98662585,0.8695391,1.0370353,0.99928755,0.88820064,1.051889,1.0176544,0.8748001,1.0439581,1.005557,0.9079304,1.0677576,0.9990626,0.90635824,1.0988879,1.0067984,0.8687641,1.0328205,0.9984414,0.9124914,1.098837,1.0042268,0.90031195,1.0806831,0.99788225,0.9147986,1.0970887,0.9914884,0.8991213,1.0782331,1.0028384
2025-01-01 09:46:00,0.8655274,1.0286174,0.98663664,0.86954874,1.037082,0.9993007,0.8882194,1.0519233,1.0176708,0.87479484,1.0439802,1.0055642,0.9079343,1.067789,0.99906254,0.90634656,1.0989136,1.0067894,0.8687376,1.0328176,0.9984304,0.9124708,1.0988516,1.0042168,0.90029645,1.0806954,0.9978805,0.914786,1.0971072,0.9914943,0.8991169,1.0782522,1.002852
2025-01-01 09:47:00,0.8655289,1.02864,0.9866462,0.86955863,1.0371217,0.99931365,0.88823706,1.0519534,1.0176858,0.8747927,1.0439996,1.0055712,0.9079379,1.067814,0.9990617,0.90633595,1.0989324,1.0067801,0.86871386,1.0328127,0.99841857,0.91245186,1.0988609,1.0042067,0.9002826,1.0807042,0.9978783,0.91477615,1.0971224,0.9915,0.89911515,1.0782695,1.002865
2025-01-01 09:48:00,0.8655307,1.0286592,0.98665494,0.86956865,1.0371556,0.9993265,0.8882538,1.0519801,1.0176998,0.8747929,1.0440167,1.005578,0.90794116,1.067834,0.99906033,0.9063261,1.0989457,1.0067707,0.8686925,1.0328062,0.9984064,0.91243416,1.098866,1.0041964,0.9002701,1.0807102,0.99787575,0.91476846,1.0971355,0.9915056,0.8991156,1.0782855,1.0028775
2025-01-01 09:49:00,0.8655329,1.0286758,0.98666316,0.8695788,1.0371852,0.9993393,0.8882698,1.0520041,1.0177132,0.874795,1.0440321,1.0055847,0.9079442,1.0678501,0.9990587,0.906317,1.0989549,1.0067612,0.86867297,1.0327984,0.99839383,0.91241753,1.0988678,1.0041862,0.9002587,1.080714,0.99787295,0.9147627,1.0971466,0.9915112,0.8991178,1.0783004,1.0028898
2025-01-01 09:50:00,0.8655353,1.0286901,0.9866711,0.869589,1.0372112,0.9993519,0.8882852,1.0520257,1.0177261,0.87479866,1.0440459,1.0055913,0.907947,1.0678629,0.9990569,0.90630835,1.0989604,1.0067514,0.86865485,1.0327896,0.9983811,0.91240174,1.0988669,1.0041758,0.9002481,1.080716,0.99787,0.91475827,1.0971562,0.99151677,0.89912146,1.0783144,1.0029019
2025-01-01 09:51:00,0.865538,1.0287027,0.9866789,0.86959934,1.0372344,0.99936455,0.8883002,1.0520456,1.0177387,0.8748035,1.0440587,1.0055977,0.9079496,1.067873,0.99905485,0.9063001,1.0989631,1.0067416,0.86863786,1.0327799,0.9983682,0.9123866,1.098864,1.0041654,0.9002382,1.0807165,0.99786705,0.914755,1.0971646,0.9915223,0.89912623,1.0783278,1.0029138
2025-01-01 09:52:00,0.86554086,1.0287138,0.9866866,0.8696097,1.0372553,0.99937713,0.8883148,1.052064,1.0177512,0.87480927,1.0440704,1.005604,0.90795213,1.0678811,0.9990526,0.9062922,1.0989636,1.0067317,0.8686218,1.0327698,0.99835527,0.912372,1.0988593,1.0041549,0.9002289,1.080716,0.997864,0.9147527,1.0971721,0.991528,0.8991319,1.0783406,1.0029258
2025-01-01 09:53:00,0.86554384,1.0287241,0.9866942,0.8696202,1.0372745,0.9993897,0.888329,1.0520812,1.0177635,0.8748158,1.0440813,1.0056102,0.90795445,1.0678875,0.99905026,0.9062845,1.0989623,1.0067219,0.86860657,1.032759,0.99834234,0.91235787,1.0988531,1.0041445,0.9002201,1.0807146,0.997861,0.9147512,1.0971788,0.99153364,0.89913833,1.0783532,1.0029377
2025-01-01 09:54:00,0.865547,1.0287333,0.98670185,0.86963075,1.0372921,0.9994023,0.8883431,1.0520976,1.0177757,0.874823,1.0440918,1.0056164,0.90795666,1.0678926,0.9990479,0.906277,1.0989594,1.0067118,0.8685919,1.0327477,0.9983293,0.9123441,1.098846,1.004134,0.90021163,1.0807124,0.997858,0.9147503,1.0971849,0.99153924,0.89914536,1.0783653,1.0029497
2025-01-01 09:55:00,0.8655502,1.028742,0.9867095,0.86964136,1.0373087,0.9994149,0.8883569,1.0521132,1.0177879,0.8748306,1.0441017,1.0056226,0.9079588,1.0678965,0.99904543,0.90626967,1.0989555,1.0067017,0.8685777,1.0327362,0.9983162,0.91233057,1.098838,1.0041238,0.9002035,1.0807097,0.997855,0.91475,1.0971906,0.99154496,0.8991529,1.0783772,1.0029615
2025-01-01 09:56:00,0.86555356,1.02875,0.9867171,0.869652,1.0373243,0.9994275,0.8883706,1.0521283,1.0177999,0.8748386,1.0441111,1.0056287,0.90796083,1.0678995,0.9990429,0.9062624,1.0989506,1.0066917,0.8685639,1.0327244,0.9983031,0.91231734,1.0988293,1.0041134,0.90019566,1.0807066,0.9978521,0.91475004,1.097196,0.99155074,0.8991608,1.0783889,1.0029733
2025-01-01 09:57:00,0.8655571,1.0287576,0.98672473,0.8696627,1.0373392,0.9994402,0.88838416,1.052143,1.0178119,0.8748469,1.0441202,1.0056348,0.9079628,1.0679016,0.9990403,0.9062551,1.0989449,1.0066816,0.8685503,1.0327123,0.99829,0.9123042,1.0988201,1.0041032,0.90018797,1.0807031,0.9978492,0.9147504,1.097201,0.9915565,0.8991691,1.0784005,1.0029854
2025-01-01 09:58:00,0.86556065,1.0287648,0.9867324,0.86967343,1.0373535,0.9994528,0.8883976,1.0521572,1.0178239,0.87485534,1.044129,1.0056407,0.9079647,1.0679033,0.9990376,0.906248,1.0989387,1.0066714,0.86853695,1.0327002,0.9982769,0.9122913,1.0988103,1.0040929,0.9001805,1.0806994,0.99784636,0.91475105,1.0972059,0.9915624,0.8991776,1.0784119,1.0029972
2025-01-01 09:59:00,0.8655643,1.0287719,0.9867402,0.86968416,1.0373673,0.9994655,0.888411,1.052171,1.0178359,0.874864,1.0441376,1.0056467,0.90796643,1.0679045,0.9990349,0.9062408,1.098932,1.0066613,0.86852384,1.0326878,0.9982638,0.91227853,1.0988003,1.0040827,0.9001732,1.0806954,0.9978436,0.914752,1.0972105,0.9915683,0.8991864,1.0784233,1.0030092
2025-01-01 10:00:00,0.8654601,1.0294334,0.9905471,0.8696184,1.0384948,1.0002435,0.8885656,1.0527925,1.0220956,0.8742619,1.044472,1.0063977,0.907925,1.0688162,1.0009674,0.9059243,1.0998816,1.0073947,0.8679284,1.0328689,1.000346,0.91184783,1.0994737,1.0048255,0.89975774,1.0810837,0.9996968,0.91412437,1.0974919,0.99224937,0.898594,1.0784903,1.0051014
2025-01-01 10:01:00,0.8653776,1.0299639,0.99302447,0.86956805,1.0393991,1.0007536,0.888692,1.0532922,1.0248686,0.8737821,1.044741,1.0068879,0.90789217,1.0695454,1.0022224,0.9056696,1.1006395,1.0078678,0.8674496,1.033011,1.0016948,0.91150075,1.10001,1.0053048,0.899424,1.0813934,1.0009005,0.9136226,1.0977176,0.9926943,0.89812213,1.0785462,1.0064657
2025-01-01 10:02:00,0.86531246,1.0303894,0.9946375,0.8695299,1.0401251,1.0010898,0.8887957,1.0536944,1.0266752,0.8734001,1.0449579,1.0072086,0.90786606,1.0701286,1.0030371,0.9054645,1.1012441,1.0081718,0.86706406,1.0331221,1.0025669,0.91122067,1.1004369,1.0056129,0.89915574,1.0816401,1.001682,0.91322166,1.0978992,0.9929856,0.89774656,1.078593,1.0073566
2025-01-01 10:03:00,0.8652611,1.0307312,0.9956888,0.86950165,1.0407082,1.0013126,0.88888115,1.0540187,1.0278537,0.87309635,1.0451328,1.0074189,0.9078455,1.0705949,1.0035657,0.9052989,1.1017259,1.0083656,0.86675316,1.0332085,1.0031292,0.91099423,1.1007762,1.0058097,0.89893985,1.0818367,1.0021892,0.91290134,1.0980452,0.9931772,0.897448,1.0786327,1.0079399
2025-01-01 10:04:00,0.8652209,1.0310059,0.9963749,0.86948127,1.0411772,1.001462,0.8889522,1.0542808,1.0286238,0.8728551,1.0452741,1.0075576,0.9078293,1.0709678,1.003908,0.90516496,1.1021097,1.008488,0.86650187,1.0332749,1.0034902,0.9108106,1.1010453,1.005934,0.89876586,1.081993,1.0025179,0.91264546,1.0981629,0.99330384,0.8972112,1.0786668,1.0083233
2025-01-01 10:05:00,0.8651896,1.0312268,0.9968238,0.8694672,1.0415548,1.0015635,0.8890117,1.0544928,1.0291284,0.872664,1.0453887,1.0076497,0.9078165,1.0712659,1.0041296,0.90505636,1.1024147,1.008564,0.8662984,1.0333254,1.0037202,0.9106612,1.1012583,1.0060114,0.8986254,1.0821172,1.0027308,0.91244125,1.0982579,0.99338835,0.8970237,1.0786961,1.0085769
2025-01-01 10:06:00,0.8651654,1.0314049,0.99711835,0.86945814,1.0418594,1.001634,0.8890618,1.054665,1.0294605,0.8725129,1.0454818,1.0077114,0.9078066,1.0715041,1.0042725,0.904968,1.102657,1.0086097,0.8661331,1.0333635,1.0038652,0.9105393,1.1014266,1.0060582,0.89851177,1.0822157,1.0028684,0.91227835,1.0983349,0.9934455,0.8968756,1.0787219,1.0087458
2025-01-01 10:07:00,0.865147,1.0315485,0.99731266,0.86945313,1.0421054,1.0016844,0.88910455,1.0548053,1.0296806,0.8723938,1.0455579,1.0077535,0.90779877,1.0716945,1.0043641,0.9048958,1.102849,1.0086356,0.8659983,1.0333911,1.0039549,0.9104394,1.1015589,1.0060853,0.89841956,1.0822937,1.0029571,0.9121484,1.0983974,0.993485,0.8967592,1.0787449,1.0088599
2025-01-01 10:08:00,0.8651331,1.0316648,0.9974418,0.86945134,1.0423048,1.0017216,0.8891413,1.05492,1.0298277,0.8723003,1.0456201,1.0077827,0.90779275,1.0718465,1.0044225,0.90483654,1.1030008,1.0086489,0.865888,1.0334107,1.0040085,0.910357,1.1016626,1.0060993,0.8983446,1.0823553,1.003014,0.912045,1.0984482,0.9935128,0.8966681,1.0787654,1.0089383
2025-01-01 10:09:00,0.8651229,1.0317591,0.99752873,0.86945224,1.0424666,1.0017502,0.8891734,1.0550143,1.0299274,0.8722274,1.0456713,1.0078037,0.9077881,1.0719678,1.0044593,0.90478766,1.1031203,1.0086536,0.86579716,1.0334237,1.0040388,0.9102887,1.1017433,1.0061051,0.89828336,1.0824037,1.0030502,0.9119628,1.0984898,0.99353325,0.8965972,1.0787841,1.0089936
2025-01-01 10:10:00,0.8651157,1.031836,0.9975881,0.86945516,1.0425986,1.0017734,0.8892015,1.0550921,1.0299963,0.87217075,1.0457137,1.007819,0.9077845,1.0720648,1.004482,0.90474707,1.1032141,1.0086532,0.86572206,1.0334315,1.004054,0.9102316,1.1018058,1.0061054,0.8982332,1.0824416,1.0030731,0.9118975,1.098524,0.99354887,0.89654243,1.0788014,1.0090338
2025-01-01 10:11:00,0.8651108,1.0318987,0.99762964,0.8694598,1.0427066,1.0017928,0.88922673,1.055157,1.0300452,0.87212723,1.045749,1.007831,0.90778184,1.0721419,1.0044956,0.90471303,1.1032872,1.0086491,0.8656594,1.0334351,1.0040592,0.91018355,1.1018535,1.0061022,0.8981918,1.082471,1.0030873,0.91184574,1.0985523,0.99356127,0.8965007,1.0788174,1.0090643
2025-01-01 10:12:00,0.8651079,1.0319502,0.99765956,0.86946577,1.0427955,1.0018101,0.8892494,1.0552112,1.030081,0.8720942,1.0457786,1.0078404,0.9077799,1.0722033,1.0045031,0.9046843,1.1033438,1.0086427,0.8656068,1.0334355,1.004058,0.9101427,1.1018895,1.0060968,0.8981575,1.0824939,1.0030959,0.9118049,1.098576,0.99357164,0.89646935,1.0788325,1.0090883
2025-01-01 10:13:00,0.86510646,1.0319928,0.997682,0.8694728,1.042869,1.0018258,0.8892702,1.0552572,1.0301083,0.8720695,1.0458038,1.0078484,0.9077784,1.0722522,1.0045068,0.90465975,1.1033874,1.0086347,0.86556214,1.0334331,1.0040528,0.9101077,1.1019161,1.0060899,0.8981288,1.0825114,1.0031006,0.9117728,1.0985959,0.99358076,0.8964462,1.0788469,1.0091082
2025-01-01 10:14:00,0.8651063,1.0320282,0.99769956,0.86948067,1.0429304,1.0018405,0.8892894,1.0552965,1.03013,0.8720515,1.0458252,1.0078553,0.9077773,1.0722909,1.0045079,0.9046386,1.1034203,1.0086257,0.8655239,1.0334285,1.0040447,0.91007715,1.1019351,1.006082,0.89810467,1.0825245,1.0031031,0.91174763,1.0986127,0.99358904,0.89642984,1.0788608,1.0091255
2025-01-01 10:15:00,0.8651071,1.032058,0.9977139,0.8694893,1.0429819,1.0018545,0.8893073,1.0553304,1.0301483,0.87203884,1.0458437,1.0078616,0.90777665,1.0723215,1.0045073,0.90462005,1.1034447,1.0086162,0.86549073,1.0334224,1.0040348,0.9100504,1.1019483,1.0060736,0.8980842,1.0825344,1.0031043,0.9117281,1.0986271,0.99359685,0.89641875,1.0788741,1.009141
2025-01-01 10:16:00,0.8651087,1.0320832,0.99772626,0.8694985,1.0430255,1.0018682,0.8893243,1.05536,1.0301641,0.87203044,1.0458599,1.0078673,0.9077762,1.0723456,1.0045056,0.9046037,1.1034623,1.0086062,0.86546165,1.0334147,1.0040239,0.9100266,1.1019566,1.0060649,0.8980667,1.0825415,1.0031044,0.911713,1.0986397,0.9936043,0.89641196,1.0788871,1.0091555
2025-01-01 10:17:00,0.86511105,1.0321047,0.9977373,0.86950815,1.0430629,1.0018816,0.88934034,1.0553861,1.0301784,0.8720254,1.0458744,1.0078728,0.9077759,1.0723646,1.0045031,0.90458906,1.1034745,1.0085958,0.8654359,1.0334061,1.0040122,0.9100052,1.1019611,1.0060558,0.89805156,1.0825464,1.0031039,0.9117015,1.0986508,0.9936115,0.8964085,1.0788997,1.0091692
2025-01-01 10:18:00,0.8651139,1.0321233,0.99774754,0.86951816,1.0430954,1.0018948,0.8893559,1.0554094,1.0301917,0.8720231,1.0458871,1.0078782,0.90777576,1.0723795,1.0045003,0.9045757,1.1034824,1.0085855,0.8654127,1.0333966,1.004,0.9099857,1.1019624,1.0060467,0.89803827,1.0825496,1.003103,0.9116929,1.0986607,0.99361867,0.89640784,1.0789121,1.0091825
2025-01-01 10:19:00,0.8651172,1.0321395,0.99775726,0.8695285,1.0431238,1.0019081,0.88937086,1.0554305,1.0302043,0.8720229,1.0458988,1.0078833,0.9077757,1.0723909,1.0044969,0.9045634,1.1034868,1.0085747,0.8653916,1.0333862,1.0039876,0.9099678,1.1019615,1.0060375,0.89802647,1.0825515,1.0031018,0.91168666,1.0986696,0.99362576,0.8964094,1.0789244,1.0091954
2025-01-01 10:20:00,0.8651208,1.032154,0.9977666,0.869539,1.0431491,1.001921,0.88938534,1.0554498,1.0302166,0.87202454,1.0459094,1.0078883,0.90777576,1.0723996,1.0044935,0.904552,1.1034883,1.008564,0.8653722,1.0333754,1.0039748,0.90995103,1.1019586,1.0060282,0.8980159,1.0825523,1.0031006,0.91168225,1.0986779,0.99363285,0.89641273,1.0789366,1.0092082
2025-01-01 10:21:00,0.86512476,1.032167,0.99777573,0.86954975,1.0431718,1.001934,0.8893996,1.0554678,1.0302285,0.87202746,1.0459192,1.0078932,0.90777576,1.0724064,1.0044898,0.90454125,1.1034876,1.0085531,0.8653541,1.0333642,1.003962,0.9099353,1.1019541,1.006019,0.8980064,1.0825521,1.0030993,0.9116794,1.0986854,0.99363995,0.8964175,1.0789485,1.0092208
2025-01-01 10:22:00,0.865129,1.0321788,0.99778473,0.8695608,1.0431924,1.001947,0.88941354,1.0554847,1.0302402,0.8720315,1.0459284,1.007898,0.9077759,1.0724113,1.0044858,0.90453106,1.103485,1.0085422,0.8653371,1.0333525,1.003949,0.9099203,1.1019484,1.0060096,0.8979976,1.0825514,1.003098,0.91167766,1.0986924,0.99364704,0.89642334,1.0789605,1.0092334
2025-01-01 10:23:00,0.8651334,1.0321896,0.99779373,0.8695718,1.0432113,1.00196,0.88942724,1.0555005,1.0302517,0.8720364,1.045937,1.0079026,0.907776,1.0724148,1.0044819,0.9045212,1.103481,1.0085312,0.8653209,1.0333406,1.0039362,0.909906,1.1019417,1.0060004,0.8979896,1.0825502,1.0030967,0.911677,1.0986993,0.9936542,0.89643013,1.0789725,1.009246
2025-01-01 10:24:00,0.86513805,1.0321999,0.9978027,0.869583,1.043229,1.0019729,0.8894408,1.0555156,1.0302632,0.872042,1.0459452,1.0079073,0.907776,1.0724171,1.0044779,0.9045118,1.1034759,1.0085202,0.8653054,1.0333285,1.0039233,0.90989226,1.1019342,1.0059911,0.89798206,1.0825485,1.0030954,0.9116771,1.0987058,0.99366134,0.8964377,1.0789844,1.0092585
2025-01-01 10:25:00,0.86514276,1.0322094,0.99781173,0.86959434,1.0432457,1.0019859,0.8894542,1.0555302,1.0302746,0.8720481,1.0459529,1.0079118,0.90777606,1.0724186,1.0044737,0.9045025,1.1034697,1.0085092,0.8652904,1.0333161,1.0039103,0.90987885,1.1019262,1.0059819,0.89797497,1.0825465,1.0030941,0.91167784,1.0987121,0.99366856,0.8964459,1.0789962,1.009271
2025-01-01 10:26:00,0.8651477,1.0322187,0.9978206,0.8696057,1.0432614,1.0019989,0.8894675,1.0555443,1.0302858,0.87205464,1.0459604,1.0079163,0.9077761,1.0724193,1.0044695,0.90449345,1.1034628,1.0084981,0.86527586,1.0333036,1.0038972,0.9098658,1.1019176,1.0059727,0.8979682,1.0825442,1.0030929,0.91167915,1.0987182,0.9936758,0.8964546,1.079008,1.0092835
2025-01-01 10:27:00,0.8651527,1.0322274,0.9978296,0.86961716,1.0432767,1.0020119,0.88948065,1.0555578,1.030297,0.87206143,1.0459677,1.0079209,0.9077761,1.0724194,1.0044652,0.90448457,1.1034555,1.008487,0.8652616,1.033291,1.0038842,0.9098531,1.1019087,1.0059636,0.89796174,1.0825418,1.0030917,0.9116808,1.0987242,0.9936831,0.89646363,1.0790198,1.0092961
2025-01-01 10:28:00,0.8651578,1.032236,0.9978386,0.86962867,1.0432913,1.0020249,0.88949376,1.0555712,1.0303082,0.8720685,1.0459747,1.0079253,0.9077761,1.072419,1.0044608,0.9044758,1.1034476,1.0084758,0.86524767,1.0332782,1.0038712,0.9098405,1.1018995,1.0059545,0.89795554,1.0825392,1.0030905,0.91168296,1.0987302,0.99369043,0.896473,1.0790316,1.0093086
2025-01-01 10:29:00,0.86516297,1.0322443,0.9978477,0.8696403,1.0433056,1.0020379,0.8895068,1.0555843,1.0303195,0.87207586,1.0459816,1.0079296,0.907776,1.0724183,1.0044565,0.90446705,1.1034392,1.0084647,0.86523396,1.0332654,1.0038582,0.9098282,1.10189,1.0059454,0.8979495,1.0825366,1.0030895,0.91168535,1.098736,0.9936978,0.89648265,1.0790435,1.0093211
2025-01-01 10:30:00,0.86502635,1.0327735,1.0017992,0.8695249,1.0442853,1.0028329,0.88959885,1.056036,1.0345994,0.8714109,1.046146,1.008693,0.9076378,1.0731171,1.0064312,0.9040391,1.104132,1.0092115,0.8645797,1.0332854,1.0059875,0.909271,1.1022992,1.0067067,0.8974174,1.0826753,1.0049841,0.9109227,1.0987488,0.9943951,0.8957755,1.0788628,1.011454
2025-01-01 10:31:00,0.8649182,1.0331985,1.0043709,0.869435,1.0450717,1.0033542,0.8896751,1.0563998,1.0373855,0.8708806,1.0462788,1.0091904,0.90752715,1.0736756,1.0077131,0.903695,1.1046842,1.0096931,0.86405367,1.0332986,1.007367,0.90882295,1.1026244,1.0071985,0.8969907,1.0827858,1.0062153,0.9103133,1.0987601,0.9948509,0.895212,1.0787207,1.0128447
2025-01-01 10:32:00,0.8648328,1.03354,1.0060458,0.8693655,1.0457033,1.0036978,0.88973856,1.0566932,1.0392002,0.87045795,1.0463862,1.0095154,0.9074386,1.074122,1.0085447,0.90341806,1.1051241,1.0100021,0.86363024,1.0333066,1.0082592,0.9084622,1.1028826,1.007515,0.8966483,1.0828736,1.0070155,0.9098266,1.0987704,0.9951499,0.89476335,1.0786093,1.013753
2025-01-01 10:33:00,0.8647657,1.0338148,1.0071377,0.8693123,1.0462111,1.0039256,0.8897919,1.0569304,1.0403835,0.87012136,1.0464734,1.0097278,0.9073676,1.0744784,1.0090835,0.9031947,1.1054739,1.010199,0.86328894,1.0333104,1.0088345,0.90817136,1.103087,1.0077176,0.89637345,1.0829432,1.0075352,0.90943795,1.0987798,0.9953469,0.8944066,1.0785228,1.0143479
2025-01-01 10:34:00,0.86471313,1.034036,1.0078506,0.86927205,1.0466199,1.0040781,0.8898371,1.0571225,1.0411564,0.8698536,1.0465443,1.0098674,0.9073108,1.0747631,1.0094321,0.90301436,1.1057518,1.0103229,0.8630133,1.0333108,1.009204,0.90793633,1.1032486,1.0078462,0.8961526,1.0829984,1.0078727,0.90912783,1.0987884,0.9954776,0.8941234,1.0784558,1.014739
2025-01-01 10:35:00,0.86467224,1.0342147,1.0083174,0.86924225,1.0469495,1.004182,0.8898758,1.0572785,1.0416628,0.86964107,1.0466022,1.0099596,0.9072651,1.0749903,1.009657,0.90286833,1.1059719,1.0103996,0.8627902,1.0333085,1.0094396,0.9077461,1.1033758,1.007927,0.89597493,1.083042,1.0080919,0.9088805,1.0987966,0.99556535,0.89389896,1.0784047,1.0149977
2025-01-01 10:36:00,0.8646408,1.0343592,1.008624,0.8692208,1.0472157,1.004254,0.8899093,1.0574058,1.0419958,0.86947256,1.0466498,1.0100207,0.90722847,1.0751715,1.0098015,0.9027498,1.106146,1.0104455,0.86260915,1.033304,1.0095882,0.9075915,1.1034756,1.0079762,0.8958318,1.0830764,1.0082343,0.9086834,1.0988044,0.99562514,0.8937216,1.0783662,1.0151702
2025-01-01 10:37:00,0.8646167,1.0344764,1.0088267,0.869206,1.0474311,1.0043054,0.88993865,1.0575099,1.042216,0.8693393,1.0466889,1.0100619,0.907199,1.0753157,1.0098938,0.90265316,1.1062832,1.0104712,0.86246175,1.0332978,1.0096803,0.9074657,1.1035533,1.0080053,0.89571637,1.0831033,1.0083266,0.9085266,1.0988117,0.9956667,0.8935819,1.0783378,1.0152869
2025-01-01 10:38:00,0.8645987,1.0345718,1.0089618,0.8691966,1.047606,1.0043434,0.88996464,1.0575957,1.0423628,0.86923414,1.0467215,1.01009,0.9071753,1.0754308,1.009952,0.9025741,1.106391,1.0104839,0.86234117,1.0332901,1.0097357,0.9073627,1.1036136,1.0080212,0.8956231,1.0831244,1.0083865,0.9084019,1.0988188,0.9956965,0.89347243,1.0783174,1.0153672
2025-01-01 10:39:00,0.8645855,1.0346496,1.0090529,0.8691915,1.0477486,1.0043727,0.88998795,1.0576667,1.0424622,0.8691516,1.0467485,1.0101095,0.9071562,1.075522,1.0099881,0.9025091,1.106475,1.0104882,0.8622421,1.0332814,1.009767,0.90727806,1.1036596,1.0080285,0.89554757,1.0831407,1.0084252,0.908303,1.0988257,0.9957186,0.893387,1.0783037,1.0154238
2025-01-01 10:40:00,0.8645762,1.0347134,1.0091153,0.8691898,1.047865,1.0043962,0.8900091,1.0577258,1.0425304,0.86908704,1.0467713,1.0101235,0.90714073,1.0755943,1.0100098,0.90245533,1.1065402,1.0104868,0.8621603,1.0332719,1.009783,0.90720814,1.1036947,1.0080303,0.89548624,1.0831534,1.0084503,0.9082247,1.0988325,0.99573576,0.89332086,1.078295,1.0154649
2025-01-01 10:41:00,0.86456996,1.0347662,1.0091593,0.86919093,1.0479609,1.0044161,0.89002854,1.0577755,1.0425786,0.8690369,1.0467907,1.0101339,0.90712816,1.0756516,1.010022,0.90241045,1.1065903,1.010482,0.86209226,1.0332617,1.0097889,0.9071499,1.1037205,1.0080285,0.8954363,1.0831629,1.0084665,0.90816295,1.0988392,0.9957498,0.8932702,1.0782905,1.0154963
2025-01-01 10:42:00,0.86456627,1.03481,1.0091914,0.8691942,1.04804,1.0044335,0.89004666,1.0578175,1.0426136,0.8689983,1.0468073,1.0101418,0.90711796,1.0756968,1.0100281,0.90237284,1.1066282,1.0104747,0.8620352,1.0332508,1.0097882,0.9071011,1.1037393,1.0080245,0.89539546,1.0831702,1.008477,0.9081144,1.0988457,0.9957617,0.89323187,1.0782893,1.015521
2025-01-01 10:43:00,0.86456454,1.0348467,1.0092156,0.8691993,1.048106,1.0044496,0.89006364,1.0578536,1.0426401,0.8689689,1.0468216,1.0101482,0.90710956,1.0757324,1.0100304,0.9023409,1.1066564,1.0104659,0.86198694,1.0332395,1.0097833,0.9070598,1.1037524,1.0080189,0.89536184,1.0831755,1.0084838,0.90807635,1.0988523,0.9957723,0.89320344,1.0782907,1.0155417
2025-01-01 10:44:00,0.8645644,1.0348775,1.0092347,0.8692057,1.0481613,1.0044646,0.89007974,1.0578847,1.0426611,0.8689468,1.0468342,1.0101535,0.90710264,1.0757601,1.01003,0.90231353,1.1066769,1.0104561,0.8619458,1.0332279,1.0097755,0.9070245,1.103761,1.0080122,0.8953341,1.0831794,1.008488,0.90804684,1.0988588,0.995782,0.8931829,1.0782944,1.0155596
2025-01-01 10:45:00,0.8645656,1.034904,1.0092506,0.86921334,1.048208,1.0044789,0.8900951,1.057912,1.0426784,0.86893064,1.0468453,1.0101582,0.9070968,1.0757817,1.0100279,0.9022898,1.1066912,1.0104456,0.8619102,1.0332159,1.009766,0.90699404,1.1037657,1.008005,0.89531106,1.083182,1.0084909,0.90802413,1.0988654,0.9957912,0.8931687,1.0782996,1.0155758
2025-01-01 10:46:00,0.8645678,1.0349268,1.0092643,0.86922187,1.048248,1.0044928,0.8901099,1.0579361,1.0426933,0.86891913,1.0468553,1.0101625,0.907092,1.0757983,1.0100247,0.902269,1.1067005,1.0104349,0.86187917,1.0332038,1.0097554,0.90696746,1.1037676,1.0079975,0.89529175,1.0831838,1.0084927,0.90800685,1.098872,0.99580014,0.8931596,1.0783064,1.0155907
2025-01-01 10:47:00,0.8645709,1.0349467,1.0092767,0.8692311,1.0482826,1.0045063,0.89012426,1.0579578,1.0427067,0.86891145,1.0468644,1.0101663,0.9070878,1.0758108,1.0100206,0.9022505,1.1067059,1.0104237,0.86185175,1.0331914,1.0097439,0.906944,1.1037672,1.0079898,0.8952755,1.0831847,1.0084939,0.9079939,1.0988784,0.9958088,0.8931546,1.0783143,1.0156049
2025-01-01 10:48:00,0.8645747,1.0349643,1.0092882,0.869241,1.0483128,1.0045198,0.8901382,1.0579773,1.0427191,0.8689067,1.0468726,1.01017,0.9070842,1.0758202,1.0100161,0.9022339,1.106708,1.0104122,0.8618272,1.0331789,1.0097321,0.906923,1.1037649,1.0079819,0.89526165,1.0831851,1.0084947,0.9079845,1.0988849,0.9958173,0.8931529,1.078323,1.0156186
2025-01-01 10:49:00,0.8645791,1.03498,1.0092992,0.8692513,1.0483396,1.0045332,0.8901519,1.0579953,1.0427308,0.8689043,1.0468802,1.0101736,0.9070811,1.075827,1.0100112,0.90221876,1.1067076,1.0104008,0.86180496,1.0331663,1.0097198,0.906904,1.1037612,1.007974,0.8952498,1.083185,1.0084955,0.9079779,1.0988915,0.9958258,0.8931538,1.0783325,1.015632
2025-01-01 10:50:00,0.8645839,1.0349942,1.0093098,0.86926204,1.0483637,1.0045464,0.8901653,1.058012,1.0427421,0.8689038,1.0468874,1.0101769,0.90707827,1.0758317,1.0100061,0.90220475,1.1067052,1.0103891,0.8617845,1.0331535,1.0097075,0.90688664,1.1037563,1.0079659,0.8952395,1.0831845,1.0084959,0.9079736,1.0988982,0.9958343,0.89315677,1.0783424,1.0156453
2025-01-01 10:51:00,0.8645891,1.0350074,1.0093201,0.86927307,1.0483854,1.0045596,0.8901785,1.0580277,1.0427531,0.8689048,1.0468941,1.0101801,0.90707576,1.0758346,1.0100008,0.9021917,1.1067009,1.0103775,0.8617656,1.0331408,1.0096949,0.9068706,1.1037503,1.007958,0.8952304,1.0831838,1.0084964,0.907971,1.0989048,0.9958427,0.89316136,1.0783529,1.0156583
2025-01-01 10:52:00,0.8645945,1.0350195,1.0093304,0.86928433,1.0484054,1.0045727,0.89019156,1.0580425,1.0427638,0.86890703,1.0469005,1.0101832,0.90707344,1.0758363,1.0099953,0.9021794,1.1066955,1.0103657,0.86174786,1.033128,1.0096823,0.90685546,1.1037438,1.00795,0.8952224,1.0831829,1.0084968,0.90797,1.0989115,0.9958512,0.8931674,1.0783638,1.0156713
2025-01-01 10:53:00,0.8646003,1.0350311,1.0093406,0.8692959,1.048424,1.0045859,0.89020455,1.0580568,1.0427744,0.8689102,1.0469066,1.0101863,0.90707123,1.0758369,1.0099897,0.9021676,1.106689,1.0103538,0.861731,1.0331151,1.0096697,0.9068413,1.1037366,1.007942,0.8952152,1.0831819,1.0084972,0.90797013,1.0989182,0.99585974,0.89317447,1.078375,1.0156842
2025-01-01 10:54:00,0.86460626,1.035042,1.0093508,0.8693075,1.0484414,1.0045989,0.8902173,1.0580703,1.0427849,0.8689141,1.0469124,1.0101893,0.90706915,1.0758367,1.0099841,0.90215635,1.1066816,1.010342,0.86171496,1.0331022,1.009657,0.90682775,1.1037291,1.007934,0.8952087,1.0831807,1.0084976,0.9079712,1.0989249,0.99586827,0.89318246,1.0783863,1.0156972
2025-01-01 10:55:00,0.86461246,1.0350525,1.0093609,0.8693193,1.048458,1.004612,0.89023006,1.0580835,1.0427954,0.8689186,1.046918,1.0101923,0.9070671,1.0758356,1.0099783,0.9021454,1.1066735,1.0103301,0.86169946,1.0330893,1.0096443,0.9068147,1.1037211,1.0079261,0.89520276,1.0831794,1.008498,0.9079731,1.0989317,0.99587685,0.89319116,1.0783979,1.0157102
2025-01-01 10:56:00,0.8646188,1.0350627,1.009371,0.8693313,1.0484737,1.0046251,0.8902427,1.0580964,1.0428057,0.86892354,1.0469235,1.0101951,0.90706515,1.0758339,1.0099726,0.9021347,1.1066648,1.0103182,0.8616845,1.0330763,1.0096316,0.9068021,1.1037129,1.0079182,0.8951973,1.0831782,1.0084984,0.9079756,1.0989385,0.9958855,0.8932004,1.0784097,1.0157231
2025-01-01 10:57:00,0.8646252,1.0350726,1.0093812,0.86934334,1.048489,1.0046382,0.8902552,1.0581089,1.0428159,0.86892885,1.0469289,1.0101979,0.9070632,1.0758319,1.0099667,0.9021243,1.1066556,1.0103064,0.8616699,1.0330633,1.0096189,0.90678996,1.1037043,1.0079104,0.89519215,1.0831769,1.008499,0.90797865,1.0989453,0.99589413,0.8932101,1.0784215,1.015736
2025-01-01 10:58:00,0.8646317,1.0350821,1.0093913,0.86935544,1.0485039,1.0046513,0.8902678,1.0581212,1.042826,0.8689344,1.0469341,1.0102007,0.9070613,1.0758294,1.0099608,0.902114,1.1066461,1.0102943,0.8616556,1.0330503,1.0096062,0.90677804,1.1036958,1.0079026,0.8951873,1.0831754,1.0084996,0.90798205,1.0989522,0.99590284,0.89322025,1.0784335,1.015749
2025-01-01 10:59:00,0.8646384,1.0350916,1.0094016,0.86936766,1.0485182,1.0046644,0.89028025,1.0581334,1.0428363,0.8689402,1.0469391,1.0102034,0.9070593,1.0758265,1.0099548,0.90210384,1.1066363,1.0102824,0.86164147,1.0330372,1.0095936,0.90676636,1.1036869,1.0078949,0.8951827,1.0831741,1.0085002,0.90798587,1.0989592,0.99591154,0.8932306,1.0784457,1.0157619
2025-01-01 11:00:00,0.86447173,1.0354794,1.0134276,0.86920476,1.0493329,1.0054624,0.89030814,1.0584073,1.047061,0.8682242,1.0469308,1.0109653,0.9068269,1.0763001,1.0119368,0.9015719,1.1070597,1.0110294,0.86093986,1.0328957,1.0117321,0.9060925,1.1038246,1.0086612,0.89454335,1.083061,1.0104028,0.90710175,1.0987033,0.99661255,0.8924211,1.078021,1.0178976
2025-01-01 11:01:00,0.8643399,1.0357915,1.0160482,0.86907697,1.0499871,1.0059857,0.8903329,1.0586287,1.0498105,0.8676527,1.0469248,1.0114615,0.90664065,1.0766782,1.0132228,0.9011444,1.1073962,1.0115106,0.86037594,1.0327798,1.0131179,0.9055514,1.103933,1.0091566,0.89403117,1.0829704,1.0116398,0.9063955,1.0984999,0.99707127,0.8917759,1.0776837,1.0192902
2025-01-01 11:02:00,0.8642359,1.0360429,1.0177553,0.8689773,1.0505131,1.0063305,0.89035517,1.0588081,1.0516012,0.86719686,1.0469211,1.0117848,0.90649116,1.0769798,1.0140567,0.9008004,1.1076633,1.0118192,0.8599221,1.0326844,1.0140142,0.9051163,1.1040179,1.009476,0.8936207,1.0828975,1.0124441,0.9058315,1.0983387,0.99737257,0.89126205,1.0774163,1.0202
2025-01-01 11:03:00,0.8641541,1.0362458,1.0188684,0.86890006,1.0509366,1.0065591,0.89037544,1.0589539,1.0527686,0.8668335,1.0469189,1.0119958,0.9063711,1.0772202,1.0145963,0.9005233,1.1078746,1.0120156,0.8595565,1.0326056,1.0145924,0.9047662,1.104084,1.009681,0.8932917,1.0828391,1.0129672,0.90538144,1.0982112,0.9975715,0.89085335,1.077205,1.020796
2025-01-01 11:04:00,0.86409014,1.0364099,1.0195956,0.86884075,1.0512779,1.0067123,0.89039403,1.0590727,1.0535309,0.866544,1.046918,1.0121337,0.9062747,1.0774117,1.014945,0.90029967,1.1080416,1.012139,0.85926133,1.03254,1.0149637,0.90448403,1.1041352,1.0098116,0.8930279,1.0827922,1.0133077,0.9050225,1.0981106,0.997704,0.8905287,1.0770384,1.0211879
2025-01-01 11:05:00,0.86404043,1.036543,1.020072,0.8687958,1.0515536,1.0068165,0.8904113,1.05917,1.0540298,0.86631376,1.0469182,1.0122242,0.906197,1.0775639,1.0151695,0.9001187,1.1081729,1.0122149,0.8590227,1.0324848,1.0152009,0.9042561,1.1041741,1.009894,0.8928161,1.0827544,1.0135293,0.90473646,1.0980316,0.9977934,0.8902713,1.0769076,1.0214472
2025-01-01 11:06:00,0.8640022,1.0366513,1.0203854,0.8687624,1.0517768,1.0068889,0.8904276,1.05925,1.0543578,0.86613077,1.0469191,1.0122838,0.9061345,1.0776848,1.0153131,0.89997196,1.1082755,1.01226,0.8588291,1.032438,1.0153506,0.90407175,1.1042036,1.009945,0.89264613,1.082724,1.0136738,0.9045087,1.09797,0.99785465,0.89006776,1.0768056,1.0216203
2025-01-01 11:07:00,0.863973,1.0367398,1.0205927,0.86873806,1.0519578,1.0069405,0.890443,1.0593163,1.0545741,0.86598563,1.0469208,1.0123231,0.9060839,1.0777806,1.0154041,0.8998526,1.1083555,1.0122851,0.85867155,1.0323981,1.0154434,0.90392214,1.1042254,1.0099756,0.89250946,1.0826995,1.0137682,0.90432763,1.0979222,0.9978977,0.88990724,1.0767264,1.0217373
2025-01-01 11:08:00,0.86395127,1.0368124,1.0207311,0.86872125,1.0521053,1.0069786,0.8904578,1.0593715,1.0547184,0.8658708,1.0469229,1.0123496,0.906043,1.0778563,1.0154611,0.8997551,1.1084172,1.012297,0.858543,1.0323635,1.0154995,0.9038004,1.104241,1.009993,0.8923996,1.0826797,1.01383,0.90418386,1.0978855,0.99792886,0.88978124,1.0766656,1.0218179
2025-01-01 11:09:00,0.86393535,1.0368724,1.0208249,0.8687102,1.052226,1.0070078,0.89047205,1.0594178,1.0548154,0.86578006,1.0469254,1.0123675,0.90600973,1.077916,1.0154957,0.89967513,1.1084642,1.0123006,0.8584374,1.0323333,1.0155315,0.90370095,1.1042519,1.0100017,0.8923111,1.0826637,1.0138706,0.9040701,1.0978576,0.99795234,0.88968277,1.0766196,1.0218749
2025-01-01 11:10:00,0.8639241,1.0369222,1.0208896,0.86870396,1.0523251,1.0070316,0.8904859,1.0594571,1.0548819,0.86570877,1.0469283,1.0123799,0.9059826,1.0779628,1.015516,0.8996091,1.1084996,1.0122987,0.8583504,1.0323064,1.0155481,0.9036193,1.1042587,1.0100049,0.8922397,1.0826508,1.0138974,0.90398014,1.0978369,0.9979708,0.8896064,1.0765852,1.0219166
2025-01-01 11:11:00,0.86391664,1.0369639,1.0209354,0.8687015,1.052407,1.0070515,0.89049923,1.0594907,1.0549285,0.86565286,1.0469313,1.0123886,0.90596044,1.0779992,1.0155269,0.89955425,1.1085256,1.0122931,0.85827816,1.0322824,1.0155544,0.90355194,1.1042624,1.0100045,0.89218205,1.0826404,1.0139155,0.9039094,1.0978217,0.99798614,0.8895477,1.0765603,1.0219482
2025-01-01 11:12:00,0.8639122,1.0369992,1.0209688,0.86870205,1.0524751,1.007069,0.8905124,1.0595198,1.0549622,0.8656094,1.0469345,1.0123948,0.90594214,1.0780275,1.0155315,0.89950836,1.1085443,1.0122851,0.8582177,1.0322607,1.0155543,0.903496,1.1042637,1.0100018,0.8921353,1.082632,1.0139277,0.90385395,1.0978112,0.99799937,0.8895032,1.0765429,1.0219733
2025-01-01 11:13:00,0.86391026,1.0370294,1.0209944,0.86870503,1.0525322,1.007085,0.89052534,1.0595452,1.0549874,0.8655758,1.0469378,1.0123994,0.90592694,1.0780491,1.0155323,0.8994696,1.1085569,1.0122756,0.85816675,1.0322406,1.0155498,0.9034492,1.104263,1.0099976,0.8920974,1.082625,1.0139363,0.9038108,1.0978044,0.9980112,0.8894699,1.0765314,1.0219942
2025-01-01 11:14:00,0.86391026,1.0370554,1.0210148,0.86871,1.0525806,1.0070999,0.89053804,1.0595677,1.0550071,0.8655501,1.0469413,1.0124031,0.90591425,1.0780653,1.0155303,0.89943653,1.1085646,1.0122651,0.8581234,1.032222,1.0155425,0.9034098,1.1042606,1.0099925,0.89206654,1.0826194,1.0139422,0.9037775,1.0978005,0.9980222,0.88944566,1.0765249,1.0220124
2025-01-01 11:15:00,0.8639118,1.037078,1.0210317,0.8687165,1.0526218,1.0071142,0.8905506,1.059588,1.0550233,0.86553067,1.0469447,1.0124061,0.9059035,1.0780773,1.0155268,0.89940804,1.1085684,1.012254,0.85808605,1.0322046,1.0155334,0.90337616,1.104257,1.0099868,0.8920413,1.0826148,1.0139468,0.90375197,1.097799,0.9980327,0.8894287,1.0765221,1.0220288
2025-01-01 11:16:00,0.8639146,1.037098,1.0210466,0.86872417,1.0526575,1.0071281,0.890563,1.0596063,1.0550371,0.86551636,1.0469483,1.0124087,0.90589434,1.078086,1.0155219,0.8993832,1.1085693,1.0122424,0.85805357,1.032188,1.0155232,0.90334725,1.1042525,1.0099807,0.89202064,1.0826111,1.0139503,0.90373284,1.0977993,0.9980428,0.88941747,1.0765225,1.0220441
2025-01-01 11:17:00,0.8639184,1.037116,1.0210601,0.8687329,1.0526885,1.0071417,0.89057535,1.0596231,1.0550493,0.86550605,1.046952,1.0124109,0.9058864,1.0780919,1.0155164,0.89936125,1.1085676,1.0122305,0.85802495,1.0321723,1.0155123,0.9033221,1.1042471,1.0099742,0.8920036,1.0826081,1.0139533,0.9037187,1.0978012,0.99805284,0.889411,1.0765253,1.0220585
2025-01-01 11:18:00,0.86392313,1.0371323,1.0210727,0.8687424,1.052716,1.0071552,0.89058757,1.0596387,1.0550606,0.8654989,1.0469556,1.0124129,0.90587944,1.0780956,1.0155103,0.8993416,1.108564,1.0122186,0.85799944,1.0321571,1.0155009,0.90330005,1.1042411,1.0099678,0.89198947,1.0826055,1.013956,0.90370864,1.0978043,0.99806255,0.8894082,1.0765301,1.0220723
2025-01-01 11:19:00,0.86392844,1.0371473,1.0210847,0.86875266,1.0527406,1.0071684,0.8905997,1.0596534,1.0550712,0.8654943,1.046959,1.0124147,0.90587324,1.0780975,1.015504,0.8993238,1.1085589,1.0122064,0.8579764,1.0321422,1.0154892,0.9032804,1.1042347,1.0099612,0.8919776,1.0826035,1.0139582,0.90370184,1.0978084,0.9980724,0.88940835,1.0765365,1.022086
2025-01-01 11:20:00,0.8639343,1.0371612,1.0210963,0.8687633,1.052763,1.0071816,0.89061177,1.0596671,1.0550814,0.86549175,1.0469626,1.0124164,0.90586764,1.0780979,1.0154973,0.8993075,1.1085523,1.0121942,0.85795534,1.0321279,1.0154772,0.9032627,1.1042278,1.0099547,0.8919677,1.0826018,1.0139604,0.90369767,1.0978134,0.9980821,0.8894109,1.0765443,1.0220995
2025-01-01 11:21:00,0.8639406,1.0371742,1.0211078,0.8687744,1.0527835,1.0071948,0.89062375,1.0596802,1.0550913,0.8654908,1.0469662,1.0124179,0.90586257,1.0780973,1.0154905,0.89929235,1.1085448,1.0121818,0.85793585,1.0321138,1.0154653,0.90324646,1.1042206,1.0099481,0.8919593,1.0826004,1.0139625,0.9036956,1.097819,0.9980919,0.8894154,1.076553,1.0221128
2025-01-01 11:22:00,0.86394733,1.0371866,1.0211191,0.86878586,1.0528024,1.0072078,0.8906357,1.0596929,1.0551008,0.86549115,1.0469697,1.0124193,0.90585786,1.0780957,1.0154835,0.8992781,1.1085365,1.0121694,0.85791767,1.0321,1.0154531,0.90323156,1.1042132,1.0099415,0.8919521,1.0825993,1.0139647,0.9036952,1.097825,0.99810153,0.8894214,1.0765625,1.0221261
2025-01-01 11:23:00,0.86395437,1.0371985,1.0211303,0.8687976,1.0528203,1.0072209,0.8906477,1.0597051,1.0551103,0.8654925,1.0469731,1.0124208,0.90585345,1.0780934,1.0154765,0.89926463,1.1085274,1.0121568,0.8579005,1.0320864,1.015441,0.9032177,1.1042057,1.0099349,0.89194596,1.0825984,1.0139668,0.9036962,1.0978316,0.99811125,0.8894287,1.0765727,1.0221392
2025-01-01 11:24:00,0.8639616,1.03721,1.0211415,0.8688095,1.0528373,1.0072339,0.8906595,1.0597169,1.0551196,0.86549467,1.0469766,1.012422,0.9058492,1.0780904,1.0154693,0.89925176,1.1085178,1.0121444,0.85788417,1.032073,1.0154288,0.90320456,1.1041981,1.0099283,0.8919406,1.0825979,1.0139688,0.90369827,1.0978385,0.99812096,0.8894369,1.0765834,1.0221524
2025-01-01 11:25:00,0.863969,1.0372212,1.0211527,0.8688217,1.0528533,1.0072469,0.8906714,1.0597286,1.0551289,0.86549747,1.04698,1.0124233,0.90584517,1.078087,1.015462,0.8992393,1.1085079,1.0121319,0.85786843,1.0320597,1.0154166,0.90319216,1.1041903,1.0099219,0.89193594,1.0825973,1.013971,0.90370125,1.0978458,0.9981308,0.88944596,1.0765946,1.0221655
2025-01-01 11:26:00,0.86397666,1.0372322,1.0211638,0.86883396,1.0528688,1.00726,0.8906832,1.05974,1.0551381,0.86550075,1.0469834,1.0124245,0.90584123,1.078083,1.0154548,0.8992272,1.1084974,1.0121194,0.85785323,1.0320464,1.0154045,0.90318024,1.1041826,1.0099155,0.8919318,1.0825969,1.0139731,0.90370494,1.0978532,0.99814063,0.8894556,1.076606,1.0221786
2025-01-01 11:27:00,0.8639844,1.0372429,1.0211749,0.86884636,1.0528837,1.007273,0.890695,1.0597512,1.0551472,0.86550444,1.0469867,1.0124255,0.90583736,1.0780789,1.0154475,0.8992154,1.1084868,1.0121069,0.85783845,1.0320333,1.0153923,0.9031688,1.1041747,1.0099092,0.891928,1.0825967,1.0139754,0.90370923,1.0978608,0.99815047,0.8894658,1.0766178,1.0221918
2025-01-01 11:28:00,0.8639923,1.0372535,1.0211861,0.86885875,1.0528984,1.007286,0.8907066,1.0597621,1.0551562,0.86550844,1.0469899,1.0124266,0.9058336,1.0780743,1.0154401,0.89920384,1.1084759,1.0120943,0.8578241,1.0320202,1.0153801,0.9031578,1.1041667,1.0099028,0.8919246,1.0825965,1.0139778,0.903714,1.0978687,0.99816036,0.8894764,1.0766299,1.0222049
2025-01-01 11:29:00,0.8640003,1.037264,1.0211973,0.86887133,1.0529127,1.007299,0.8907183,1.0597731,1.0551653,0.8655126,1.0469931,1.0124277,0.90582985,1.0780696,1.0154326,0.8991924,1.1084648,1.0120817,0.8578099,1.0320072,1.015368,0.90314704,1.1041589,1.0098965,0.8919216,1.0825965,1.01398,0.9037191,1.0978765,0.9981703,0.8894874,1.0766419,1.0222179
2025-01-01 11:30:00,0.8638068,1.0375032,1.0252252,0.86866385,1.0535475,1.0080855,0.8906815,1.0598644,1.059258,0.86475855,1.0468119,1.0131745,0.9055074,1.0783092,1.017386,0.8985661,1.1086115,1.0128154,0.85707355,1.0317067,1.0174773,0.9023687,1.1040227,1.0106539,0.8911865,1.0822337,1.0158561,0.9027296,1.0973563,0.9988623,0.8885903,1.0759805,1.0243179
2025-01-01 11:31:00,0.8636536,1.0376966,1.0278473,0.86850053,1.054058,1.0086012,0.8906543,1.0599394,1.0619214,0.8641563,1.0466675,1.0136602,0.90524864,1.0784997,1.0186529,0.89806294,1.1087264,1.0132879,0.85648185,1.0314637,1.0188441,0.9017442,1.1039124,1.011144,0.89059806,1.0819434,1.0170764,0.9019392,1.096942,0.9993156,0.8878751,1.075454,1.0256872
2025-01-01 11:32:00,0.86353284,1.0378534,1.0295556,0.8683724,1.0544689,1.008941,0.89063495,1.0600015,1.0636556,0.86367553,1.0465524,1.0139761,0.9050409,1.078651,1.0194737,0.8976582,1.1088158,1.0135906,0.8560059,1.0312668,1.0197283,0.90124273,1.1038224,1.0114605,0.89012694,1.0817114,1.0178707,0.9013083,1.0966121,0.9996139,0.8873054,1.0750353,1.026582
2025-01-01 11:33:00,0.86343795,1.0379809,1.0306699,0.86827254,1.0548003,1.0091665,0.8906217,1.0600532,1.064786,0.86329186,1.046461,1.0141817,0.90487397,1.0787708,1.0200045,0.8973323,1.108885,1.0137829,0.8556225,1.0311067,1.0202988,0.9008396,1.1037488,1.0116642,0.88974977,1.0815258,1.0183877,0.900805,1.0963501,0.99981123,0.8868521,1.074703,1.0271682
2025-01-01 11:34:00,0.86336374,1.0380849,1.0313983,0.8681951,1.055068,1.0093174,0.8906134,1.0600966,1.0655237,0.86298585,1.0463884,1.0143156,0.9047397,1.0788654,1.0203469,0.89706945,1.108938,1.0139034,0.8553132,1.030976,1.0206655,0.9005152,1.1036885,1.0117943,0.8894477,1.0813775,1.0187249,0.9004037,1.0961422,0.999943,0.88649195,1.0744398,1.0275538
2025-01-01 11:35:00,0.86330616,1.0381701,1.0318758,0.86813587,1.0552849,1.0094202,0.89060897,1.0601333,1.0660063,0.86274207,1.0463308,1.0144029,0.9046314,1.0789399,1.0205666,0.8968569,1.1089779,1.0139773,0.85506314,1.0308691,1.0208998,0.9002539,1.1036386,1.011877,0.88920575,1.081259,1.018945,0.900084,1.0959775,1.0000324,0.8862063,1.0742316,1.027809
2025-01-01 11:36:00,0.8632618,1.0382403,1.0321901,0.86809105,1.0554609,1.0094914,0.8906078,1.0601648,1.066323,0.86254793,1.0462853,1.0144597,0.90454394,1.0789983,1.0207067,0.89668465,1.1090075,1.0140208,0.8548604,1.0307809,1.0210477,0.9000429,1.1035972,1.0119287,0.8890119,1.0811644,1.019089,0.8998298,1.0958476,1.000094,0.8859803,1.0740677,1.0279795
2025-01-01 11:37:00,0.86322814,1.0382986,1.0323985,0.8680577,1.0556045,1.0095422,0.890609,1.0601919,1.0665319,0.86239356,1.0462493,1.0144968,0.90447325,1.0790439,1.020795,0.8965447,1.1090288,1.0140448,0.8546957,1.030708,1.0211397,0.8998723,1.1035626,1.0119601,0.88885653,1.0810888,1.0191836,0.8996278,1.0957454,1.0001377,0.8858019,1.0739393,1.0280949
2025-01-01 11:38:00,0.8632029,1.0383474,1.0325378,0.8680337,1.0557218,1.0095798,0.89061236,1.0602157,1.0666707,0.862271,1.046221,1.0145211,0.90441585,1.079079,1.0208496,0.8964305,1.1090434,1.0140557,0.85456127,1.030647,1.0211954,0.899734,1.1035335,1.0119787,0.88873196,1.0810286,1.0192462,0.89946765,1.0956655,1.0001696,0.8856617,1.0738391,1.0281745
2025-01-01 11:39:00,0.8631846,1.0383884,1.0326326,0.8680171,1.0558184,1.0096087,0.89061725,1.0602367,1.0667639,0.8621739,1.0461988,1.014537,0.90436906,1.0791059,1.0208824,0.896337,1.1090527,1.0140586,0.8544511,1.0305958,1.0212276,0.8996214,1.1035086,1.0119888,0.88863206,1.0809805,1.019288,0.8993409,1.0956033,1.0001942,0.8855521,1.0737616,1.0282309
2025-01-01 11:40:00,0.86317164,1.0384233,1.0326982,0.86800635,1.0558983,1.009632,0.89062345,1.0602554,1.0668273,0.8620971,1.0461817,1.0145475,0.9043308,1.0791261,1.0209008,0.8962599,1.1090577,1.0140558,0.8543604,1.0305523,1.0212442,0.8995296,1.1034873,1.0119933,0.88855183,1.0809423,1.0193161,0.89924103,1.0955554,1.0002136,0.8854669,1.0737022,1.0282722
2025-01-01 11:41:00,0.86316305,1.0384533,1.0327449,0.8680004,1.0559647,1.0096517,0.8906306,1.0602725,1.0668715,0.8620365,1.0461683,1.0145543,0.9042993,1.0791411,1.02091,0.89619607,1.1090592,1.0140496,0.8542853,1.030515,1.021251,0.89945424,1.1034688,1.0119944,0.8884875,1.0809119,1.0193356,0.89916253,1.0955188,1.00023,0.88540125,1.0736572,1.0283035
2025-01-01 11:42:00,0.86315805,1.0384794,1.0327792,0.86799824,1.0560205,1.009669,0.89063853,1.060288,1.0669032,0.861989,1.0461582,1.0145588,0.9042733,1.0791517,1.0209131,0.89614266,1.109058,1.0140412,0.85422254,1.0304825,1.0212512,0.8993922,1.1034523,1.0119932,0.88843584,1.0808879,1.0193493,0.89910126,1.0954914,1.0002444,0.88535124,1.0736238,1.0283284
2025-01-01 11:43:00,0.86315584,1.0385025,1.0328057,0.86799914,1.0560678,1.0096847,0.8906472,1.0603024,1.0669268,0.8619519,1.0461504,1.0145617,0.9042516,1.079159,1.0209123,0.8960978,1.1090546,1.0140312,0.8541698,1.0304542,1.0212473,0.89934075,1.1034379,1.0119904,0.88839424,1.080869,1.0193594,0.8990537,1.0954713,1.0002573,0.88531375,1.0735997,1.0283493
2025-01-01 11:44:00,0.8631559,1.038523,1.032827,0.8680024,1.0561082,1.0096993,0.8906563,1.0603158,1.066945,0.86192304,1.0461447,1.0145637,0.90423334,1.0791637,1.020909,0.89605963,1.1090496,1.0140201,0.8541249,1.0304289,1.0212406,0.8992978,1.1034248,1.0119867,0.8883608,1.0808539,1.0193671,0.89901716,1.0954571,1.0002694,0.8852863,1.073583,1.0283674
2025-01-01 11:45:00,0.8631578,1.0385416,1.0328449,0.8680076,1.0561432,1.0097134,0.89066577,1.0603286,1.0669597,0.86190075,1.0461406,1.0145649,0.90421784,1.0791659,1.0209038,0.89602685,1.109043,1.0140085,0.85408646,1.0304062,1.0212322,0.89926165,1.1034129,1.0119824,0.8883338,1.0808423,1.0193732,0.89898944,1.0954474,1.000281,0.8852668,1.0735723,1.0283836
2025-01-01 11:46:00,0.86316115,1.0385585,1.0328606,0.8680144,1.0561738,1.0097271,0.89067554,1.0603408,1.0669721,0.86188376,1.0461376,1.0145657,0.9042045,1.0791664,1.0208975,0.89599836,1.1090353,1.0139965,0.85405314,1.0303856,1.0212227,0.8992309,1.103402,1.0119779,0.88831204,1.0808331,1.0193784,0.89896876,1.0954417,1.0002923,0.8852537,1.0735663,1.0283989
2025-01-01 11:47:00,0.8631657,1.0385742,1.032875,0.86802244,1.0562009,1.0097404,0.8906857,1.0603524,1.066983,0.861871,1.0461357,1.0145662,0.9041929,1.0791655,1.0208906,0.8959733,1.1090267,1.0139841,0.8540239,1.0303665,1.0212125,0.8992046,1.1033918,1.011973,0.8882945,1.080826,1.019383,0.89895374,1.0954388,1.0003033,0.8852458,1.0735642,1.0284134
2025-01-01 11:48:00,0.8631711,1.0385889,1.0328884,0.86803144,1.0562252,1.0097535,0.89069587,1.0603637,1.066993,0.86186165,1.0461345,1.0145664,0.90418273,1.0791634,1.0208832,0.89595103,1.1090174,1.0139716,0.8539978,1.0303489,1.0212016,0.8991818,1.1033822,1.0119681,0.8882803,1.0808208,1.0193872,0.89894325,1.0954385,1.0003141,0.885242,1.0735651,1.0284274
2025-01-01 11:49:00,0.86317736,1.0386028,1.0329013,0.86804134,1.0562471,1.0097666,0.8907063,1.0603746,1.0670022,0.8618549,1.0461339,1.0145665,0.9041737,1.0791606,1.0208755,0.8959309,1.1090074,1.013959,0.8539744,1.0303322,1.0211905,0.89916176,1.103373,1.0119631,0.88826877,1.0808167,1.0193913,0.8989364,1.09544,1.000325,0.88524145,1.0735683,1.0284411
2025-01-01 11:50:00,0.8631842,1.0386161,1.0329137,0.8680518,1.0562674,1.0097795,0.8907168,1.0603852,1.067011,0.8618503,1.0461338,1.0145664,0.90416545,1.0791569,1.0208673,0.8959125,1.1089969,1.0139463,0.85395306,1.0303164,1.0211793,0.89914393,1.1033645,1.011958,0.8882595,1.080814,1.0193952,0.8989324,1.0954432,1.0003358,0.8852436,1.0735736,1.0284545
2025-01-01 11:51:00,0.86319155,1.0386289,1.032926,0.8680628,1.0562862,1.0097923,0.8907274,1.0603956,1.0670195,0.8618475,1.0461341,1.0145663,0.9041579,1.0791525,1.0208591,0.8958956,1.1089861,1.0139335,0.85393345,1.0303013,1.021168,0.899128,1.1033562,1.011953,0.8882519,1.080812,1.019399,0.8989308,1.0954477,1.0003467,0.88524777,1.0735804,1.0284678
2025-01-01 11:52:00,0.86319935,1.0386412,1.0329382,0.86807424,1.056304,1.0098051,0.89073807,1.0604059,1.0670279,0.86184597,1.0461347,1.0145661,0.90415084,1.0791476,1.0208508,0.89587975,1.108975,1.0139207,0.8539152,1.0302868,1.0211565,0.8991135,1.1033481,1.0119479,0.8882457,1.0808109,1.0194027,0.8989311,1.095453,1.0003574,0.8852537,1.0735885,1.028481
2025-01-01 11:53:00,0.86320746,1.0386533,1.0329503,0.868086,1.0563207,1.0098178,0.89074874,1.060416,1.067036,0.86184555,1.0461355,1.0145657,0.9041442,1.0791423,1.0208424,0.8958647,1.1089637,1.0139078,0.8538979,1.0302726,1.0211451,0.8991002,1.1033405,1.0119429,0.88824064,1.0808102,1.0194066,0.8989329,1.0954592,1.0003681,0.88526106,1.0735976,1.0284942
2025-01-01 11:54:00,0.86321586,1.0386652,1.0329623,0.868098,1.0563368,1.0098306,0.89075947,1.0604259,1.0670441,0.8618459,1.0461365,1.0145652,0.90413797,1.0791367,1.0208338,0.8958504,1.108952,1.0138948,0.8538816,1.030259,1.0211338,0.8990878,1.1033329,1.0119379,0.8882365,1.0808102,1.0194104,0.8989359,1.0954661,1.000379,0.8852694,1.0736074,1.0285074
2025-01-01 11:55:00,0.86322445,1.0386767,1.0329742,0.8681102,1.0563523,1.0098432,0.8907702,1.0604358,1.0670521,0.861847,1.0461375,1.0145648,0.904132,1.0791309,1.0208253,0.8958367,1.1089404,1.0138819,0.8538659,1.0302455,1.0211223,0.8990762,1.1033255,1.011933,0.8882332,1.0808103,1.0194142,0.8989399,1.0954736,1.0003898,0.88527864,1.0736179,1.0285203
2025-01-01 11:56:00,0.86323327,1.0386883,1.0329862,0.8681226,1.0563672,1.009856,0.890781,1.0604455,1.0670599,0.86184853,1.0461386,1.0145643,0.90412617,1.0791248,1.0208166,0.8958234,1.1089284,1.013869,0.85385084,1.0302323,1.0211109,0.8990652,1.1033183,1.0119281,0.88823044,1.0808109,1.019418,0.8989447,1.0954815,1.0004007,0.8852886,1.073629,1.0285335
2025-01-01 11:57:00,0.86324227,1.0386997,1.0329982,0.86813515,1.0563817,1.0098686,0.8907917,1.0604552,1.0670677,0.8618505,1.0461397,1.0145637,0.90412045,1.0791185,1.0208079,0.8958104,1.1089164,1.013856,0.8538362,1.0302193,1.0210994,0.89905477,1.1033112,1.0119233,0.8882282,1.0808119,1.0194219,0.89895016,1.0954897,1.0004116,0.8852991,1.0736405,1.0285466
2025-01-01 11:58:00,0.8632513,1.0387112,1.0330101,0.8681478,1.0563959,1.0098813,0.8908024,1.0604647,1.0670754,0.86185277,1.0461409,1.014563,0.9041149,1.0791119,1.0207992,0.8957978,1.1089044,1.0138432,0.85382193,1.0302063,1.021088,0.8990447,1.1033041,1.0119185,0.88822633,1.0808129,1.0194259,0.8989562,1.0954983,1.0004226,0.88531005,1.0736521,1.0285596
2025-01-01 11:59:00,0.8632606,1.0387224,1.0330222,0.8681605,1.05641,1.009894,0.8908131,1.0604743,1.0670831,0.86185527,1.0461422,1.0145624,0.90410936,1.0791053,1.0207903,0.8957853,1.1088922,1.0138302,0.85380787,1.0301936,1.0210767,0.899035,1.1032971,1.0119138,0.88822484,1.0808142,1.0194299,0.8989626,1.0955071,1.0004336,0.8853214,1.0736642,1.0285727
2025-01-01 12:00:00,0.8630435,1.0388088,1.0369803,0.8679122,1.0568535,1.0106552,0.89071226,1.0603812,1.0709716,0.86107653,1.0457915,1.0152807,0.9037025,1.0791069,1.0226803,0.8950758,1.1087593,1.0145375,0.85304993,1.0297394,1.0231192,0.8981661,1.1028898,1.0126487,0.8874071,1.080208,1.0212462,0.8978851,1.0947322,1.0011044,0.8843525,1.0727779,1.0305995
2025-01-01 12:01:00,0.8628718,1.0388801,1.0395575,0.8677162,1.0572112,1.0111543,0.89063364,1.0603086,1.0735017,0.86045426,1.045511,1.0157473,0.9033759,1.0791069,1.0239056,0.8945059,1.1086504,1.0149926,0.852441,1.0293735,1.0244429,0.89746934,1.1025624,1.0131248,0.88675296,1.0797234,1.0224283,0.8970247,1.0941141,1.0015444,0.88357997,1.0720714,1.0319215
2025-01-01 12:02:00,0.8627364,1.0389395,1.0412368,0.867562,1.0574998,1.0114831,0.89057297,1.0602522,1.0751488,0.8599571,1.045287,1.0160503,0.9031136,1.0791054,1.024699,0.8940477,1.1085609,1.015284,0.85195136,1.0290784,1.0252994,0.89691037,1.1022993,1.0134327,0.8862296,1.0793362,1.0231981,0.896338,1.0936215,1.001834,0.8829645,1.0715088,1.0327853
2025-01-01 12:03:00,0.86263007,1.0389891,1.0423325,0.8674413,1.0577333,1.0117012,0.8905264,1.060209,1.0762221,0.85956,1.0451078,1.0162469,0.90290266,1.0791026,1.0252115,0.8936787,1.1084868,1.0154687,0.851557,1.02884,1.0258522,0.8964615,1.1020875,1.0136313,0.8858109,1.0790269,1.0237001,0.8957904,1.0932295,1.0020264,0.8824747,1.0710614,1.0333513
2025-01-01 12:04:00,0.8625469,1.039031,1.0430491,0.86734736,1.0579228,1.0118474,0.89049137,1.0601763,1.0769222,0.85924304,1.0449649,1.0163743,0.9027328,1.0790989,1.0255414,0.8933812,1.1084249,1.0155842,0.851239,1.0286467,1.0262076,0.89610076,1.1019169,1.013759,0.88547605,1.0787799,1.024028,0.8953539,1.092918,1.0021553,0.8820855,1.0707061,1.033724
2025-01-01 12:05:00,0.8624824,1.0390669,1.043519,0.86727476,1.058077,1.0119469,0.8904653,1.0601518,1.07738,0.85899,1.0448507,1.0164567,0.9025958,1.0790945,1.0257527,0.8931408,1.1083729,1.0156548,0.85098207,1.0284897,1.0264348,0.8958106,1.1017791,1.0138404,0.88520813,1.0785828,1.0242425,0.8950064,1.0926707,1.0022429,0.8817767,1.0704246,1.0339706
2025-01-01 12:06:00,0.8624328,1.0390978,1.0438288,0.8672193,1.0582029,1.0120159,0.8904466,1.060134,1.07768,0.85878825,1.0447594,1.0165099,0.9024851,1.0790894,1.0258869,0.8929462,1.1083288,1.0156962,0.85077393,1.0283618,1.0265785,0.89557683,1.1016678,1.0138919,0.8849939,1.0784256,1.0243835,0.89473015,1.0924748,1.002304,0.8815322,1.0702019,1.0341355
2025-01-01 12:07:00,0.86239517,1.0391248,1.0440345,0.8671776,1.0583061,1.0120652,0.8904337,1.0601217,1.0778775,0.85862744,1.0446866,1.016544,0.90239537,1.0790838,1.0259709,0.8927881,1.108291,1.0157185,0.8506049,1.028257,1.0266682,0.89538825,1.1015774,1.0139239,0.8848226,1.0783004,1.0244769,0.89451087,1.0923202,1.0023475,0.88133913,1.0700264,1.0342472
2025-01-01 12:08:00,0.86236703,1.0391487,1.0441724,0.8671468,1.0583913,1.0121015,0.89042544,1.0601135,1.0780084,0.85849935,1.0446285,1.0165657,0.9023224,1.0790778,1.0260223,0.8926593,1.1082581,1.0157285,0.85046715,1.0281707,1.0267226,0.8952358,1.1015038,1.0139433,0.8846856,1.0782007,1.024539,0.8943371,1.0921985,1.0023798,0.8811873,1.0698886,1.0343243
2025-01-01 12:09:00,0.86234653,1.03917,1.0442663,0.86712486,1.0584621,1.0121295,0.890421,1.0601088,1.078096,0.8583975,1.044582,1.0165793,0.9022629,1.0790715,1.0260525,0.8925538,1.1082294,1.0157304,0.8503543,1.0280993,1.026754,0.8951122,1.1014439,1.0139544,0.8845761,1.0781215,1.0245812,0.89419985,1.0921031,1.0024047,0.88106847,1.0697808,1.0343789
2025-01-01 12:10:00,0.86233217,1.0391893,1.0443318,0.8671099,1.0585214,1.012152,0.8904194,1.0601068,1.0781555,0.8583166,1.0445452,1.0165876,0.90221417,1.079065,1.0260687,0.8924671,1.1082039,1.0157269,0.85026157,1.0280397,1.0267706,0.8950118,1.1013947,1.0139602,0.8844886,1.0780586,1.0246103,0.89409167,1.0920289,1.002425,0.88097596,1.0696974,1.0344191
2025-01-01 12:11:00,0.8623227,1.0392071,1.0443784,0.86710054,1.0585712,1.012171,0.8904202,1.0601068,1.0781966,0.8582524,1.0445157,1.0165925,0.902174,1.079058,1.026076,0.89239526,1.1081809,1.0157202,0.8501848,1.0279897,1.0267775,0.8949299,1.1013541,1.0139626,0.88441867,1.078009,1.0246308,0.89400697,1.0919716,1.002442,0.8809045,1.0696332,1.0344497
2025-01-01 12:12:00,0.86231714,1.0392236,1.0444131,0.8670957,1.0586138,1.0121877,0.8904228,1.0601085,1.0782257,0.8582016,1.0444924,1.0165951,0.90214074,1.079051,1.0260775,0.8923354,1.10816,1.0157112,0.8501209,1.0279474,1.0267782,0.89486283,1.1013205,1.0139627,0.88436294,1.0779698,1.0246457,0.89394087,1.0919278,1.0024573,0.8808499,1.0695846,1.034474
2025-01-01 12:13:00,0.86231476,1.039239,1.04444,0.86709446,1.0586505,1.0122029,0.890427,1.0601118,1.0782471,0.8581615,1.0444738,1.0165963,0.90211284,1.0790439,1.0260752,0.89228517,1.1081407,1.0157008,0.8500672,1.0279111,1.0267749,0.8948076,1.1012925,1.0139616,0.8843184,1.0779392,1.0246572,0.8938898,1.0918947,1.002471,0.88080883,1.0695482,1.0344944
2025-01-01 12:14:00,0.86231494,1.0392538,1.0444618,0.86709607,1.0586823,1.012217,0.8904324,1.0601159,1.0782633,0.85813,1.0444589,1.0165964,0.90208936,1.0790365,1.0260704,0.89224255,1.1081228,1.0156895,0.8500217,1.0278796,1.0267689,0.8947619,1.1012689,1.0139594,0.88428295,1.0779151,1.0246664,0.8938507,1.0918703,1.002484,0.8807786,1.0695218,1.0345122
2025-01-01 12:15:00,0.8623171,1.0392678,1.0444803,0.86709994,1.0587105,1.0122306,0.8904387,1.060121,1.0782763,0.8581053,1.0444471,1.016596,0.9020694,1.0790291,1.0260639,0.8922061,1.1081058,1.0156776,0.8499828,1.0278522,1.0267613,0.89472383,1.1012489,1.0139568,0.88425475,1.0778964,1.0246742,0.8938211,1.0918529,1.0024965,0.880757,1.0695033,1.0345281
2025-01-01 12:16:00,0.8623209,1.0392814,1.0444968,0.8671057,1.0587355,1.0122437,0.89044577,1.0601269,1.0782871,0.85808605,1.0444378,1.016595,0.90205216,1.0790216,1.0260563,0.8921745,1.1080898,1.0156652,0.8499491,1.0278279,1.0267526,0.8946918,1.1012317,1.0139537,0.88423234,1.077882,1.0246809,0.89379925,1.0918411,1.0025086,0.88074225,1.0694911,1.0345432
2025-01-01 12:17:00,0.862326,1.0392945,1.0445118,0.86711293,1.058758,1.0122565,0.8904534,1.0601331,1.0782965,0.8580711,1.0444303,1.0165937,0.90203714,1.079014,1.0260481,0.89214677,1.1080743,1.0156527,0.84991974,1.0278059,1.026743,0.89466476,1.1012168,1.0139505,0.8842146,1.0778712,1.024687,0.89378357,1.0918337,1.0025207,0.8807331,1.069484,1.0345573
2025-01-01 12:18:00,0.86233217,1.0393074,1.0445259,0.86712134,1.0587788,1.0122693,0.8904615,1.0601398,1.078305,0.8580597,1.0444244,1.0165923,0.9020239,1.0790061,1.0260392,0.8921222,1.1080595,1.0156399,0.8498937,1.027786,1.0267332,0.8946416,1.1012038,1.0139471,0.8842006,1.0778632,1.024693,0.8937728,1.0918299,1.0025324,0.8807283,1.0694809,1.034571
2025-01-01 12:19:00,0.86233914,1.0393199,1.0445393,0.8671307,1.0587978,1.0122818,0.89046997,1.0601469,1.0783128,0.858051,1.0444196,1.0165907,0.90201205,1.0789983,1.0260303,0.8921001,1.108045,1.015627,0.8498703,1.0277679,1.026723,0.8946216,1.1011924,1.0139437,0.88418955,1.0778575,1.0246985,0.893766,1.0918288,1.002544,0.8807272,1.069481,1.0345845
2025-01-01 12:20:00,0.8623469,1.0393323,1.0445524,0.86714077,1.0588157,1.0122942,0.8904788,1.0601542,1.0783203,0.85804456,1.044416,1.0165889,0.9020013,1.0789905,1.026021,0.89208,1.1080308,1.0156142,0.8498491,1.027751,1.0267127,0.8946041,1.101182,1.0139402,0.88418096,1.0778534,1.0247041,0.89376235,1.0918301,1.0025558,0.8807288,1.0694838,1.0345978
2025-01-01 12:21:00,0.8623551,1.0393445,1.0445653,0.8671515,1.0588325,1.0123066,0.8904878,1.0601617,1.0783273,0.8580398,1.044413,1.0165871,0.9019914,1.0789825,1.0260116,0.89206153,1.108017,1.0156012,0.8498297,1.0277351,1.0267022,0.89458865,1.1011727,1.0139369,0.88417435,1.0778509,1.0247095,0.8937613,1.0918334,1.0025675,0.8807327,1.0694885,1.0346109
2025-01-01 12:22:00,0.8623639,1.0393567,1.0445781,0.8671627,1.0588486,1.0123188,0.89049697,1.0601693,1.0783341,0.85803646,1.0444105,1.0165851,0.90198225,1.0789746,1.026002,0.8920443,1.1080034,1.015588,0.8498116,1.0277201,1.0266917,0.8945748,1.1011642,1.0139334,0.8841693,1.0778496,1.0247148,0.89376223,1.091838,1.0025791,0.8807385,1.069495,1.0346239
2025-01-01 12:23:00,0.862373,1.0393689,1.0445908,0.8671742,1.0588639,1.012331,0.89050627,1.0601771,1.0783409,0.85803413,1.0444087,1.016583,0.9019736,1.0789665,1.0259924,0.8920281,1.1079898,1.0155749,0.8497946,1.0277057,1.0266812,0.8945623,1.1011564,1.01393,0.88416547,1.0778491,1.0247203,0.8937648,1.0918438,1.0025909,0.8807457,1.0695028,1.0346367
2025-01-01 12:24:00,0.86238235,1.0393809,1.0446033,0.86718607,1.0588788,1.0123433,0.8905156,1.060185,1.0783474,0.85803276,1.0444071,1.0165808,0.9019654,1.0789583,1.0259826,0.89201266,1.1079764,1.0155618,0.84977853,1.0276918,1.0266707,0.89455086,1.101149,1.0139266,0.88416266,1.0778496,1.0247257,0.8937687,1.0918508,1.0026026,0.88075405,1.0695117,1.0346497
2025-01-01 12:25:00,0.862392,1.0393928,1.044616,0.86719817,1.0588933,1.0123554,0.89052504,1.060193,1.078354,0.85803205,1.0444058,1.0165787,0.9019575,1.07895,1.0259727,0.8919979,1.1079632,1.0155488,0.8497632,1.0276785,1.0266602,0.89454025,1.101142,1.0139234,0.8841607,1.0778507,1.024731,0.8937737,1.0918583,1.0026143,0.88076335,1.0695213,1.0346625
2025-01-01 12:26:00,0.86240184,1.0394047,1.0446286,0.8672105,1.0589074,1.0123676,0.8905345,1.0602008,1.0783604,0.85803187,1.0444047,1.0165764,0.9019499,1.0789418,1.025963,0.8919836,1.10795,1.0155357,0.84974843,1.0276655,1.0266497,0.8945303,1.1011355,1.0139201,0.88415945,1.0778522,1.0247365,0.8937796,1.0918665,1.002626,0.88077337,1.0695317,1.0346752
2025-01-01 12:27:00,0.8624119,1.0394167,1.0446411,0.86722296,1.0589213,1.0123798,0.8905441,1.0602087,1.0783668,0.8580321,1.0444038,1.0165741,0.90194243,1.0789335,1.0259529,0.89196974,1.107937,1.0155226,0.8497341,1.0276527,1.0266392,0.894521,1.1011293,1.013917,0.8841587,1.0778543,1.0247421,0.8937861,1.0918752,1.0026377,0.88078403,1.0695426,1.0346881
2025-01-01 12:28:00,0.86242205,1.0394286,1.0446537,0.86723554,1.0589349,1.0123918,0.89055365,1.0602165,1.0783731,0.8580327,1.044403,1.0165718,0.90193516,1.0789251,1.025943,0.89195615,1.1079239,1.0155095,0.8497202,1.0276402,1.0266287,0.8945121,1.1011233,1.0139138,0.8841584,1.0778565,1.0247476,0.8937932,1.0918844,1.0026495,0.8807951,1.069554,1.0347009
2025-01-01 12:29:00,0.86243236,1.0394405,1.0446663,0.86724824,1.0589483,1.012404,0.89056313,1.0602245,1.0783793,0.85803354,1.0444021,1.0165694,0.90192795,1.0789168,1.025933,0.89194286,1.1079108,1.0154964,0.8497066,1.027628,1.0266184,0.89450365,1.1011175,1.0139108,0.8841585,1.077859,1.0247532,0.8938008,1.0918938,1.0026613,0.8808067,1.0695655,1.0347136
2025-01-01 12:30:00,0.8621956,1.0393727,1.0484841,0.86696345,1.0591929,1.0131261,0.89040005,1.0599489,1.0819939,0.85724396,1.0438881,1.0172466,0.901444,1.0786803,1.027726,0.8911628,1.1075008,1.0161647,0.8489405,1.0270283,1.0285577,0.8935597,1.1004459,1.0146103,0.88327265,1.0770204,1.0264773,0.89265454,1.0908778,1.003299,0.87978333,1.0684702,1.0366313
2025-01-01 12:31:00,0.8620084,1.0393208,1.0509702,0.8667383,1.0593911,1.0135998,0.8902715,1.0597299,1.0843456,0.8566126,1.0434767,1.017686,0.9010555,1.0784894,1.028888,0.89053637,1.1071702,1.0165944,0.84832513,1.0265464,1.0298146,0.89280313,1.0999075,1.015064,0.88256437,1.0763501,1.0276,0.8917395,1.090067,1.0037178,0.8789673,1.0675966,1.0378823
2025-01-01 12:32:00,0.8618608,1.0392816,1.0525906,0.86656076,1.0595523,1.0139118,0.8901705,1.0595564,1.0858762,0.8561079,1.0431474,1.0179707,0.90074337,1.0783349,1.0296397,0.8900327,1.1069032,1.0168692,0.8478304,1.0261585,1.0306281,0.8921965,1.0994759,1.015358,0.881998,1.0758147,1.0283319,0.8910093,1.0894207,1.0039941,0.878317,1.0669001,1.0386997
2025-01-01 12:33:00,0.86174494,1.0392528,1.0536482,0.86642134,1.0596838,1.0141189,0.8900916,1.059419,1.0868733,0.85570437,1.042884,1.0181547,0.9004922,1.0782096,1.0301247,0.8896273,1.1066871,1.0170431,0.8474322,1.0258459,1.0311533,0.89170986,1.0991297,1.0155481,0.88154536,1.0753872,1.0288097,0.890427,1.0889057,1.0041779,0.87779945,1.0663457,1.0392356
2025-01-01 12:34:00,0.8616544,1.039232,1.0543401,0.86631244,1.0597914,1.0142576,0.8900304,1.0593107,1.0875233,0.85538185,1.042673,1.0182734,0.9002899,1.0781076,1.0304363,0.88930047,1.1065115,1.0171516,0.8471111,1.0255935,1.0314912,0.8913192,1.0988517,1.0156708,0.88118356,1.0750461,1.0291224,0.88996315,1.088496,1.0043015,0.87738806,1.0659049,1.0395883
2025-01-01 12:35:00,0.8615842,1.0392178,1.0547944,0.8662279,1.0598803,1.014352,0.88998324,1.0592256,1.087948,0.8551242,1.0425041,1.0183494,0.9001266,1.0780241,1.0306354,0.88903654,1.1063684,1.0172175,0.8468518,1.0253894,1.0317073,0.89100534,1.0986284,1.0157496,0.88089454,1.0747739,1.0293276,0.88959396,1.0881705,1.0043861,0.8770615,1.0655546,1.0398221
2025-01-01 12:36:00,0.8615302,1.0392089,1.0550941,0.8661629,1.0599537,1.0144174,0.8899474,1.0591589,1.088226,0.8549183,1.0423688,1.0183979,0.8999946,1.0779558,1.0307611,0.8888229,1.1062515,1.0172558,0.84664196,1.0252239,1.0318441,0.8907529,1.0984489,1.0157998,0.8806637,1.0745571,1.0294633,0.8893006,1.0879122,1.0044453,0.87680286,1.0652772,1.0399784
2025-01-01 12:37:00,0.8614892,1.0392041,1.0552934,0.8661135,1.060015,1.0144641,0.88992053,1.0591072,1.0884087,0.85475385,1.0422604,1.0184284,0.8998875,1.0778992,1.0308392,0.8886495,1.1061552,1.017276,0.84647155,1.0250891,1.0319296,0.8905497,1.0983043,1.0158316,0.8804794,1.0743843,1.0295535,0.8890678,1.0877079,1.0044879,0.8765986,1.0650578,1.0400844
2025-01-01 12:38:00,0.8614586,1.0392028,1.0554273,0.8660766,1.0600666,1.0144986,0.889901,1.0590672,1.0885295,0.8546226,1.0421735,1.0184472,0.89980036,1.0778521,1.0308863,0.8885083,1.1060755,1.0172846,0.84633285,1.024979,1.0319816,0.8903858,1.0981878,1.0158514,0.88033247,1.074247,1.0296143,0.8888836,1.0875466,1.0045198,0.87643784,1.0648849,1.0401577
2025-01-01 12:39:00,0.86143637,1.0392041,1.0555189,0.86604965,1.0601102,1.0145253,0.8898871,1.0590369,1.0886099,0.8545178,1.0421038,1.0184582,0.89972925,1.0778128,1.0309134,0.8883928,1.1060094,1.0172858,0.8462194,1.0248888,1.032012,0.8902534,1.0980937,1.0158634,0.8802153,1.074138,1.0296562,0.88873816,1.0874197,1.0045449,0.8763118,1.0647491,1.0402097
2025-01-01 12:40:00,0.8614208,1.0392076,1.0555829,0.8660307,1.0601478,1.0145466,0.88987786,1.059014,1.0886642,0.85443425,1.0420477,1.0184644,0.8996709,1.0777794,1.0309273,0.8882979,1.1059537,1.0172819,0.8461262,1.0248144,1.0320282,0.8901462,1.0980176,1.0158705,0.880122,1.0740517,1.0296855,0.8886237,1.0873206,1.0045655,0.8762136,1.0646431,1.0402479
2025-01-01 12:41:00,0.86141056,1.0392128,1.0556289,0.8660182,1.0601803,1.0145646,0.88987225,1.0589972,1.0887014,0.85436755,1.0420027,1.0184673,0.8996227,1.0777509,1.0309325,0.88821954,1.1059066,1.0172747,0.84604925,1.0247525,1.0320352,0.8900592,1.0979558,1.0158743,0.8800478,1.0739836,1.0297067,0.8885342,1.0872434,1.004583,0.8761376,1.064561,1.0402772
2025-01-01 12:42:00,0.8614046,1.0392194,1.0556633,0.8660107,1.0602089,1.0145805,0.8898696,1.0589851,1.0887274,0.85431445,1.0419664,1.018468,0.89958274,1.0777262,1.0309324,0.8881543,1.1058663,1.0172656,0.84598523,1.0247009,1.0320364,0.88998824,1.0979055,1.0158759,0.8799889,1.0739299,1.0297227,0.88846457,1.087184,1.0045987,0.8760795,1.0644978,1.0403006
2025-01-01 12:43:00,0.8614021,1.0392271,1.0556902,0.8660074,1.0602342,1.0145949,0.8898692,1.0589769,1.0887463,0.8542722,1.0419372,1.0184673,0.89954925,1.0777048,1.0309286,0.8880996,1.1058315,1.017255,0.8459316,1.0246574,1.0320338,0.8899303,1.0978644,1.0158763,0.8799423,1.073888,1.0297354,0.8884108,1.0871385,1.0046132,0.87603563,1.0644499,1.0403202
2025-01-01 12:44:00,0.8614023,1.0392358,1.0557122,0.86600727,1.060257,1.0146083,0.8898707,1.0589718,1.0887604,0.8542385,1.0419135,1.0184658,0.899521,1.0776857,1.0309224,0.8880533,1.1058011,1.0172435,0.8458863,1.0246203,1.0320286,0.8898827,1.0978307,1.0158757,0.87990546,1.0738553,1.0297459,0.8883698,1.0871046,1.0046269,0.8760031,1.0644141,1.0403374
2025-01-01 12:45:00,0.8614047,1.0392452,1.0557309,0.86600983,1.0602777,1.0146211,0.88987374,1.0589691,1.0887715,0.8542118,1.0418943,1.0184635,0.8994968,1.0776687,1.0309147,0.8880137,1.1057742,1.0172315,0.8458476,1.0245885,1.0320219,0.8898434,1.0978029,1.0158746,0.8798765,1.07383,1.029755,0.88833904,1.0870796,1.00464,0.8759797,1.0643882,1.0403528
2025-01-01 12:46:00,0.86140895,1.0392551,1.0557476,0.86601436,1.0602968,1.0146335,0.88987786,1.0589684,1.0887805,0.8541906,1.0418787,1.0184609,0.89947605,1.0776532,1.030906,0.88797957,1.10575,1.0172191,0.8458143,1.0245608,1.032014,0.8898107,1.0977799,1.0158732,0.87985384,1.0738107,1.0297633,0.8883164,1.087062,1.0046527,0.8759637,1.0643699,1.0403672
2025-01-01 12:47:00,0.8614146,1.0392655,1.0557629,0.86602074,1.0603145,1.0146456,0.889883,1.0589694,1.0887882,0.8541738,1.041866,1.0184578,0.8994579,1.0776389,1.0308965,0.8879497,1.105728,1.0172064,0.84578514,1.0245365,1.0320055,0.8897833,1.0977606,1.0158716,0.8798362,1.0737963,1.0297709,0.88830036,1.0870501,1.0046654,0.8759535,1.064358,1.0403811
2025-01-01 12:48:00,0.86142135,1.0392764,1.0557774,0.8660283,1.0603311,1.0146576,0.8898888,1.0589714,1.088795,0.8541604,1.0418553,1.0184546,0.8994418,1.0776255,1.0308867,0.8879233,1.1057078,1.0171937,0.84575945,1.0245148,1.0319967,0.8897602,1.0977443,1.0158699,0.8798227,1.0737857,1.0297782,0.8882896,1.0870429,1.0046779,0.87594795,1.0643508,1.0403943
2025-01-01 12:49:00,0.86142904,1.0392873,1.0557914,0.866037,1.060347,1.0146694,0.88989526,1.0589745,1.0888011,0.85414994,1.0418466,1.0184512,0.89942735,1.0776129,1.0308765,0.8878996,1.105689,1.0171807,0.84573656,1.0244954,1.0319877,0.8897405,1.0977306,1.0158681,0.87981236,1.0737782,1.0297853,0.88828295,1.0870395,1.0046904,0.87594604,1.0643479,1.0404073
2025-01-01 12:50:00,0.8614375,1.0392987,1.055805,0.86604655,1.060362,1.0146812,0.8899022,1.0589784,1.088807,0.85414165,1.0418392,1.0184478,0.8994143,1.077601,1.0308661,0.8878782,1.1056715,1.0171677,0.8457158,1.0244776,1.0319784,0.8897236,1.097719,1.0158663,0.8798046,1.0737731,1.0297923,0.8882797,1.087039,1.0047028,0.87594724,1.0643481,1.04042
2025-01-01 12:51:00,0.86144656,1.0393102,1.0558183,0.86605674,1.0603766,1.0146929,0.8899094,1.0589828,1.0888126,0.8541351,1.041833,1.0184443,0.89940226,1.0775895,1.0308557,0.8878584,1.1056547,1.0171548,0.84569687,1.0244613,1.031969,0.88970894,1.0977087,1.0158646,0.87979907,1.0737702,1.0297993,0.8882791,1.0870408,1.0047152,0.8759508,1.0643507,1.0404327
2025-01-01 12:52:00,0.86145604,1.0393219,1.0558314,0.86606747,1.0603907,1.0147043,0.8899169,1.0589877,1.0888178,0.85412997,1.0418277,1.0184406,0.89939106,1.0775784,1.0308449,0.8878401,1.1056387,1.0171417,0.84567934,1.024446,1.0319595,0.889696,1.0976999,1.0158628,0.87979513,1.0737687,1.0298063,0.8882807,1.0870446,1.0047275,0.8759563,1.0643555,1.0404452
2025-01-01 12:53:00,0.861466,1.0393337,1.0558444,0.8660787,1.0604045,1.0147159,0.88992465,1.0589931,1.088823,0.854126,1.0418231,1.0184369,0.8993805,1.0775678,1.0308343,0.8878229,1.1056232,1.0171286,0.8456629,1.0244317,1.0319501,0.8896845,1.097692,1.0158612,0.87979263,1.0737686,1.0298132,0.8882841,1.08705,1.0047399,0.8759633,1.0643618,1.0404577
2025-01-01 12:54:00,0.8614762,1.0393457,1.0558575,0.8660902,1.060418,1.0147274,0.8899325,1.0589987,1.088828,0.8541228,1.0418192,1.0184331,0.8993705,1.0775573,1.0308235,0.8878066,1.1056083,1.0171156,0.8456474,1.024418,1.0319407,0.8896742,1.0976851,1.0158595,0.8797912,1.0737696,1.0298201,0.8882888,1.0870565,1.0047523,0.8759715,1.0643696,1.04047
2025-01-01 12:55:00,0.8614867,1.0393579,1.0558705,0.866102,1.0604312,1.0147388,0.8899405,1.0590044,1.088833,0.85412043,1.0418156,1.0184292,0.8993609,1.077547,1.0308125,0.887791,1.1055938,1.0171025,0.84563255,1.0244049,1.0319313,0.8896648,1.0976788,1.0158578,0.8797907,1.0737712,1.029827,0.8882947,1.0870641,1.0047646,0.8759807,1.0643783,1.0404824
2025-01-01 12:56:00,0.8614974,1.03937,1.0558834,0.86611396,1.0604442,1.0147502,0.8899486,1.0590105,1.0888379,0.8541185,1.0418123,1.0184253,0.8993516,1.0775367,1.0308017,0.88777596,1.1055796,1.0170895,0.8456184,1.0243924,1.0319219,0.8896561,1.097673,1.0158563,0.8797909,1.0737737,1.0298339,0.88830143,1.0870726,1.004777,0.8759906,1.0643878,1.0404947
2025-01-01 12:57:00,0.8615083,1.0393821,1.0558964,0.8661262,1.0604571,1.0147616,0.8899568,1.0590165,1.0888426,0.85411704,1.0418093,1.0184213,0.89934254,1.0775266,1.0307907,0.8877614,1.1055655,1.0170764,0.8456048,1.0243802,1.0319126,0.88964814,1.0976677,1.0158548,0.8797917,1.0737768,1.029841,0.88830894,1.0870816,1.0047895,0.87600124,1.064398,1.040507
2025-01-01 12:58:00,0.8615194,1.0393944,1.0559093,0.86613846,1.06047,1.014773,0.88996494,1.0590227,1.0888473,0.85411584,1.0418065,1.0184174,0.8993336,1.0775164,1.0307797,0.88774717,1.1055517,1.0170634,0.8455915,1.0243682,1.0319031,0.8896406,1.0976628,1.0158533,0.8797929,1.0737802,1.0298481,0.8883171,1.0870911,1.0048019,0.8760123,1.0644088,1.0405192
2025-01-01 12:59:00,0.86153054,1.0394068,1.0559223,0.86615086,1.0604826,1.0147843,0.88997316,1.0590289,1.0888519,0.85411495,1.0418037,1.0184133,0.8993249,1.0775065,1.0307688,0.8877332,1.1055381,1.0170504,0.84557843,1.0243566,1.031894,0.88963354,1.0976582,1.015852,0.8797946,1.0737841,1.0298551,0.8883257,1.0871012,1.0048143,0.87602377,1.06442,1.0405315
2025-01-01 13:00:00,0.86127836,1.0391858,1.0595319,0.8658348,1.0605239,1.0154545,0.88975084,1.0585755,1.0921284,0.8533287,1.0411357,1.0190372,0.8987725,1.0770361,1.0324327,0.8868966,1.1048583,1.0176677,0.84481794,1.023622,1.0336955,0.88863117,1.0967343,1.0165036,0.87885654,1.0727278,1.0314564,0.8871312,1.0858622,1.0054075,0.87496436,1.0631351,1.0423058
2025-01-01 13:01:00,0.861079,1.0390116,1.0618827,0.8655845,1.0605594,1.0158942,0.88957465,1.0582142,1.0942596,0.8526997,1.0406007,1.0194414,0.89832896,1.0766578,1.0335106,0.88622475,1.1043118,1.0180644,0.84420717,1.0230323,1.0348634,0.8878282,1.0959946,1.0169268,0.8781068,1.0718839,1.0324998,0.8861777,1.0848734,1.0057974,0.8741194,1.0621098,1.0434635
2025-01-01 13:02:00,0.8609218,1.0388746,1.0634153,0.86538684,1.0605903,1.0161839,0.8894353,1.0579264,1.0956465,0.8521965,1.0401722,1.0197024,0.8979724,1.0763532,1.0342071,0.88568467,1.103872,1.0183177,0.84371626,1.0225585,1.0356193,0.88718474,1.0954022,1.0172014,0.8775076,1.0712098,1.0331805,0.8854171,1.0840847,1.0060552,0.8734461,1.061292,1.0442201
2025-01-01 13:03:00,0.8607984,1.0387677,1.0644159,0.8652312,1.0606173,1.016376,0.88932544,1.0576974,1.0965496,0.8517939,1.039829,1.0198706,0.8976855,1.0761075,1.034656,0.8852501,1.1035174,1.0184778,0.8433212,1.0221772,1.0361074,0.886669,1.0949277,1.0173795,0.877029,1.0706717,1.0336255,0.88481075,1.0834562,1.0062273,0.8729101,1.0606406,1.0447162
2025-01-01 13:04:00,0.8607021,1.0386846,1.0650709,0.8651093,1.0606414,1.0165049,0.8892392,1.0575155,1.097138,0.8514718,1.0395539,1.0199784,0.8974543,1.0759089,1.0349439,0.88489974,1.1032313,1.0185773,0.84300286,1.0218703,1.0364215,0.88625526,1.0945474,1.017495,0.87664676,1.0702424,1.0339174,0.88432777,1.0829556,1.0063434,0.8724838,1.0601218,1.045043
2025-01-01 13:05:00,0.8606274,1.0386206,1.0655013,0.8650144,1.0606631,1.0165926,0.8891718,1.0573713,1.097522,0.851214,1.0393335,1.0200468,0.89726764,1.0757482,1.035127,0.884617,1.1029996,1.0186374,0.84274584,1.0216225,1.0366226,0.8859233,1.0942426,1.0175698,0.87634176,1.0698999,1.0341098,0.88394356,1.0825576,1.0064234,0.8721455,1.0597094,1.0452596
2025-01-01 13:06:00,0.86056995,1.0385721,1.0657855,0.86494094,1.0606829,1.0166534,0.88911945,1.0572569,1.0977731,0.85100776,1.0391564,1.0200899,0.89711666,1.0756176,1.0352422,0.8843882,1.1028118,1.0186721,0.84253794,1.0214223,1.0367503,0.8856567,1.0939981,1.0176181,0.8760985,1.0696273,1.0342375,0.8836383,1.0822414,1.0064796,0.8718774,1.059382,1.0454046
2025-01-01 13:07:00,0.86052644,1.0385356,1.0659748,0.86488473,1.0607011,1.0166968,0.88907915,1.0571668,1.0979377,0.85084265,1.0390143,1.0201161,0.8969942,1.075511,1.035313,0.88420254,1.1026589,1.01869,0.8423693,1.02126,1.0368301,0.88544244,1.093802,1.017649,0.87590456,1.0694103,1.0343232,0.8833963,1.081991,1.0065207,0.87166554,1.0591226,1.045503
2025-01-01 13:08:00,0.86049396,1.0385091,1.0661024,0.86484236,1.060718,1.0167289,0.8890485,1.0570959,1.0980462,0.8507105,1.0389001,1.0201316,0.89689445,1.0754238,1.0353552,0.8840515,1.1025339,1.018697,0.8422321,1.0211282,1.0368788,0.88527,1.0936445,1.0176691,0.87575024,1.0692378,1.0343815,0.8832048,1.081793,1.0065519,0.8714987,1.0589176,1.0455712
2025-01-01 13:09:00,0.86047035,1.0384903,1.0661899,0.86481094,1.0607339,1.0167534,0.88902557,1.0570402,1.098118,0.8506047,1.0388083,1.0201399,0.896813,1.075352,1.0353786,0.88392806,1.1024313,1.0186971,0.84212005,1.0210207,1.0369076,0.8851311,1.093518,1.0176817,0.8756275,1.069101,1.0344222,0.88305384,1.081637,1.0065764,0.8713678,1.0587562,1.0456197
2025-01-01 13:10:00,0.8604539,1.0384779,1.0662514,0.86478835,1.060749,1.0167735,0.88900876,1.0569971,1.0981661,0.8505199,1.0387342,1.0201437,0.896746,1.0752923,1.0353898,0.88382673,1.1023467,1.0186926,0.8420281,1.0209326,1.036923,0.885019,1.0934162,1.0176898,0.87553006,1.0689927,1.0344512,0.88293517,1.0815146,1.0065969,0.8712657,1.0586295,1.0456555
2025-01-01 13:11:00,0.8604431,1.0384705,1.0662959,0.8647728,1.0607636,1.0167902,0.8889969,1.0569636,1.0981988,0.850452,1.0386745,1.0201445,0.89669067,1.0752428,1.0353931,0.88374305,1.1022763,1.0186852,0.84195226,1.0208602,1.0369301,0.8849284,1.0933343,1.0176948,0.87545294,1.0689074,1.0344728,0.8828425,1.0814191,1.0066148,0.8711867,1.0585308,1.0456829
2025-01-01 13:12:00,0.86043686,1.038467,1.0663295,0.86476296,1.0607777,1.0168048,0.888989,1.0569379,1.0982213,0.8503975,1.038626,1.0201433,0.89664465,1.0752009,1.0353912,0.88367355,1.1022174,1.0186758,0.8418893,1.0208002,1.0369316,0.8848549,1.0932682,1.0176979,0.8753921,1.0688403,1.0344896,0.88277054,1.0813451,1.0066308,0.871126,1.0584544,1.045705
2025-01-01 13:13:00,0.8604343,1.0384668,1.0663558,0.8647576,1.0607913,1.0168182,0.88898414,1.0569186,1.0982373,0.85035384,1.0385867,1.0201409,0.89660615,1.0751654,1.0353861,0.8836154,1.1021676,1.0186653,0.84183675,1.0207502,1.0369296,0.88479525,1.0932146,1.0176997,0.8753441,1.0687877,1.0345032,0.88271517,1.0812882,1.0066456,0.8710801,1.0583957,1.0457234
2025-01-01 13:14:00,0.8604346,1.0384693,1.0663775,0.8647558,1.0608045,1.0168306,0.8889818,1.0569043,1.0982491,0.85031873,1.0385547,1.0201375,0.89657354,1.075135,1.0353786,0.8835662,1.1021252,1.018654,0.8417924,1.0207082,1.0369254,0.8847465,1.0931715,1.0177007,0.87530655,1.0687469,1.0345149,0.8826731,1.0812452,1.0066597,0.871046,1.0583513,1.0457395
2025-01-01 13:15:00,0.8604373,1.0384737,1.0663961,0.86475694,1.0608174,1.0168425,0.88898146,1.056894,1.0982579,0.8502905,1.0385283,1.0201335,0.8965457,1.0751085,1.0353698,0.8835243,1.1020886,1.018642,0.8417546,1.0206726,1.0369196,0.8847066,1.0931363,1.0177013,0.87527734,1.0687156,1.0345253,0.8826416,1.0812132,1.0066732,0.87102133,1.0583184,1.0457542
2025-01-01 13:16:00,0.8604418,1.0384799,1.0664129,0.86476034,1.0608301,1.016854,0.8889827,1.0568868,1.098265,0.8502677,1.0385067,1.0201292,0.8965216,1.0750853,1.03536,0.8834882,1.1020567,1.0186297,0.8417222,1.020642,1.0369129,0.88467383,1.0931078,1.0177016,0.87525487,1.0686917,1.0345348,0.8826186,1.0811901,1.0066866,0.87100416,1.0582944,1.0457678
2025-01-01 13:17:00,0.8604479,1.0384873,1.0664283,0.8647656,1.0608426,1.0168651,0.8889852,1.0568821,1.0982709,0.8502493,1.0384889,1.0201246,0.8965006,1.0750647,1.0353495,0.88345665,1.1020286,1.0186172,0.84169394,1.0206156,1.0369055,0.88464665,1.0930846,1.0177016,0.8752377,1.068674,1.0345439,0.8826025,1.081174,1.0066997,0.8709931,1.0582778,1.0457809
2025-01-01 13:18:00,0.8604551,1.0384959,1.066443,0.86477226,1.0608549,1.0168762,0.8889887,1.0568796,1.0982759,0.8502343,1.0384738,1.0201198,0.89648193,1.075046,1.0353386,0.8834289,1.1020035,1.0186045,0.84166914,1.0205926,1.0368979,0.88462406,1.0930654,1.0177015,0.8752248,1.068661,1.0345526,0.8825918,1.0811635,1.0067127,0.87098676,1.0582671,1.0457934
2025-01-01 13:19:00,0.8604633,1.0385053,1.066457,0.8647801,1.0608672,1.0168872,0.8889929,1.0568787,1.0982804,0.8502222,1.0384612,1.0201147,0.8964652,1.0750289,1.0353276,0.883404,1.1019807,1.0185919,0.841647,1.0205722,1.0368899,0.8846051,1.0930498,1.0177015,0.8752154,1.0686519,1.034561,0.88258547,1.0811576,1.0067255,0.8709844,1.058261,1.0458057
2025-01-01 13:20:00,0.8604724,1.0385153,1.0664709,0.8647889,1.0608793,1.0168979,0.88899773,1.056879,1.0982846,0.8502122,1.0384506,1.0201097,0.89645004,1.0750133,1.0353162,0.88338155,1.10196,1.0185791,0.8416272,1.020554,1.0368819,0.884589,1.0930368,1.0177015,0.87520874,1.068646,1.0345694,0.8825826,1.0811553,1.0067384,0.870985,1.0582585,1.0458177
2025-01-01 13:21:00,0.86048204,1.0385259,1.0664842,0.8647985,1.0608914,1.0169086,0.8890031,1.0568804,1.0982884,0.850204,1.0384412,1.0201045,0.8964361,1.0749985,1.0353048,0.8833609,1.1019408,1.0185664,0.841609,1.0205373,1.0368738,0.88457537,1.0930259,1.0177015,0.8752043,1.0686424,1.0345777,0.8825826,1.0811558,1.0067513,0.87098813,1.0582592,1.0458298
2025-01-01 13:22:00,0.8604922,1.0385371,1.0664976,0.8648086,1.0609034,1.0169193,0.8890089,1.0568825,1.0982921,0.8501972,1.0384331,1.0200992,0.8964231,1.0749847,1.0352932,0.88334185,1.1019228,1.0185536,0.84159225,1.020522,1.0368657,0.8845636,1.0930169,1.0177014,0.8752017,1.068641,1.0345861,0.88258487,1.0811586,1.0067642,0.8709932,1.0582622,1.0458416
2025-01-01 13:23:00,0.8605028,1.0385485,1.0665109,0.8648192,1.0609152,1.0169299,0.8890149,1.0568852,1.0982956,0.85019153,1.0384259,1.0200938,0.8964108,1.0749714,1.0352817,0.88332397,1.1019057,1.0185407,0.8415767,1.0205079,1.0368576,0.8845533,1.0930091,1.0177014,0.8752005,1.068641,1.0345944,0.8825889,1.0811634,1.0067769,0.8709999,1.0582671,1.0458534
2025-01-01 13:24:00,0.8605137,1.0385602,1.0665241,0.86483026,1.0609272,1.0169405,0.88902116,1.0568885,1.098299,0.8501867,1.0384195,1.0200884,0.8963992,1.0749587,1.03527,0.8833071,1.1018895,1.018528,0.84156203,1.0204946,1.0368494,0.8845443,1.0930027,1.0177015,0.87520045,1.0686424,1.0346028,0.8825944,1.0811696,1.0067898,0.8710078,1.0582734,1.0458652
2025-01-01 13:25:00,0.86052483,1.0385722,1.0665374,0.8648415,1.060939,1.016951,0.88902754,1.056892,1.0983024,0.85018253,1.0384136,1.020083,0.896388,1.0749463,1.0352582,0.88329095,1.1018739,1.0185151,0.8415481,1.0204821,1.0368412,0.88453627,1.0929971,1.0177015,0.87520134,1.0686449,1.034611,0.8826011,1.0811771,1.0068027,0.87101674,1.0582811,1.0458767
2025-01-01 13:26:00,0.8605363,1.0385842,1.0665505,0.86485296,1.0609506,1.0169615,0.8890341,1.0568959,1.0983056,0.85017896,1.0384082,1.0200775,0.89637715,1.0749344,1.0352465,0.88327545,1.1018587,1.0185024,0.84153473,1.0204703,1.036833,0.884529,1.0929923,1.0177017,0.875203,1.0686481,1.0346193,0.88260865,1.0811855,1.0068156,0.87102646,1.0582895,1.0458883
2025-01-01 13:27:00,0.86054784,1.0385965,1.0665636,0.8648647,1.0609624,1.0169718,0.88904077,1.0569,1.0983087,0.85017574,1.038403,1.0200719,0.89636666,1.0749226,1.0352347,0.8832605,1.1018441,1.0184896,0.8415219,1.0204587,1.036825,0.88452244,1.092988,1.017702,0.87520534,1.0686523,1.0346278,0.88261706,1.0811948,1.0068283,0.8710368,1.058299,1.0459
2025-01-01 13:28:00,0.8605596,1.0386089,1.0665767,0.8648765,1.0609741,1.0169823,0.8890475,1.0569044,1.0983118,0.8501729,1.0383983,1.0200663,0.89635634,1.0749111,1.0352229,0.8832458,1.1018296,1.0184768,0.84150946,1.0204476,1.036817,0.8845164,1.0929843,1.0177022,0.8752082,1.0686568,1.0346363,0.88262606,1.0812047,1.0068413,0.87104774,1.0583088,1.0459116
2025-01-01 13:29:00,0.86057144,1.0386214,1.0665898,0.8648885,1.0609857,1.0169927,0.88905424,1.0569088,1.0983148,0.85017025,1.0383936,1.0200607,0.8963462,1.0748996,1.035211,0.8832315,1.1018155,1.0184641,0.84149724,1.0204369,1.036809,0.8845108,1.092981,1.0177026,0.8752114,1.0686619,1.0346447,0.88263553,1.081215,1.006854,0.871059,1.0583193,1.0459231
2025-01-01 13:30:00,0.8603084,1.0382513,1.0699269,0.8645467,1.0608228,1.0175992,0.8887765,1.0562859,1.1011947,0.84940124,1.0375831,1.0206203,0.89573526,1.0742037,1.0367165,0.88235307,1.100878,1.0190195,0.8407558,1.0195806,1.0384408,0.883468,1.0918213,1.0182947,0.8742378,1.0674068,1.0360947,0.88141406,1.0797751,1.007392,0.8699821,1.0568677,1.0475225
2025-01-01 13:31:00,0.86010045,1.0379578,1.0721006,0.8642757,1.0606949,1.0179971,0.8885555,1.0557884,1.1030678,0.8487856,1.036934,1.020982,0.8952446,1.0736449,1.0376909,0.88164765,1.1001253,1.0193762,0.8401604,1.0188937,1.0394986,0.882633,1.0908933,1.0186799,0.8734598,1.0664041,1.0370401,0.88043916,1.0786257,1.0077465,0.8691232,1.055709,1.0485662
2025-01-01 13:32:00,0.8599366,1.0377256,1.0735182,0.86406136,1.0605949,1.0182593,0.88838017,1.0553914,1.1042862,0.84829277,1.036414,1.0212152,0.89485013,1.0731956,1.0383201,0.88108075,1.0995204,1.0196035,0.839682,1.0183423,1.0401834,0.88196415,1.0901505,1.0189303,0.87283844,1.0656034,1.0376577,0.87966156,1.0777085,1.0079812,0.86843866,1.0547843,1.0492487
2025-01-01 13:33:00,0.85980797,1.0375425,1.0744442,0.8638923,1.0605171,1.0184332,0.88824123,1.0550747,1.105079,0.8478981,1.0359972,1.0213646,0.8945326,1.0728339,1.0387248,0.8806246,1.0990341,1.0197469,0.8392971,1.0178993,1.040626,0.8814284,1.089556,1.0190934,0.87234235,1.0649642,1.0380622,0.8790418,1.0769774,1.0081383,0.8678936,1.0540471,1.0496961
2025-01-01 13:34:00,0.85970753,1.0373985,1.0750506,0.86375964,1.0604571,1.0185498,0.8881314,1.0548223,1.1055954,0.847582,1.0356628,1.0214597,0.89427674,1.0725424,1.0389837,0.88025707,1.0986422,1.0198356,0.83898705,1.0175431,1.040911,0.88099915,1.0890802,1.0191996,0.8719465,1.0644542,1.0383282,0.87854826,1.0763949,1.008245,0.86746013,1.0534598,1.049991
2025-01-01 13:35:00,0.8596297,1.0372858,1.0754493,0.86365587,1.0604115,1.0186291,0.8880449,1.0546212,1.1059319,0.8473287,1.0353945,1.0215193,0.8940701,1.072307,1.0391477,0.8799604,1.0983263,1.0198889,0.8387369,1.0172563,1.0410935,0.880655,1.0886992,1.019269,0.8716309,1.0640478,1.0385042,0.87815577,1.0759314,1.0083189,0.8671159,1.0529925,1.0501868
2025-01-01 13:36:00,0.85956985,1.0371984,1.0757132,0.86357534,1.0603771,1.0186841,0.88797694,1.0544614,1.1061515,0.8471257,1.035179,1.0215559,0.89390284,1.0721165,1.0392503,0.8797205,1.0980709,1.019919,0.83853465,1.0170249,1.0412095,0.88037896,1.0883942,1.0193144,0.8713795,1.063724,1.0386217,0.87784415,1.0755631,1.0083715,0.8668431,1.052621,1.0503179
2025-01-01 13:37:00,0.85952455,1.0371311,1.0758892,0.86351335,1.0603518,1.0187235,0.88792396,1.0543344,1.1062951,0.84696287,1.0350059,1.0215775,0.89376706,1.0719619,1.0393126,0.8795259,1.097864,1.0199342,0.8383707,1.016838,1.0412822,0.88015753,1.0881499,1.0193441,0.8711794,1.0634664,1.0387013,0.87759715,1.075271,1.0084102,0.86662745,1.0523263,1.0504069
2025-01-01 13:38:00,0.8594908,1.0370797,1.0760083,0.8634662,1.060334,1.0187526,0.8878828,1.0542337,1.1063893,0.8468322,1.0348665,1.0215894,0.8936565,1.0718359,1.039349,0.87936765,1.0976958,1.0199397,0.83823746,1.0166866,1.041327,0.87997967,1.0879543,1.0193638,0.87102044,1.0632619,1.038756,0.8774019,1.0750397,1.0084399,0.86645746,1.0520929,1.0504688
2025-01-01 13:39:00,0.85946625,1.0370413,1.0760902,0.8634309,1.0603219,1.018775,0.88785124,1.054154,1.1064513,0.84672725,1.0347542,1.0215949,0.8935661,1.0717329,1.0393683,0.87923837,1.0975587,1.019939,0.83812875,1.0165638,1.0413535,0.87983674,1.0877975,1.019377,0.8708943,1.0630996,1.0387949,0.87724805,1.0748574,1.0084637,0.86632407,1.0519087,1.050513
2025-01-01 13:40:00,0.85944915,1.0370132,1.0761482,0.8634051,1.0603145,1.018793,0.8878272,1.0540911,1.1064925,0.8466428,1.0346633,1.0215963,0.89349174,1.0716482,1.0393766,0.8791324,1.0974464,1.0199339,0.83803964,1.0164636,1.041368,0.87972176,1.0876719,1.0193859,0.8707945,1.0629715,1.0388232,0.87712735,1.074714,1.0084838,0.8662199,1.0517637,1.0505456
2025-01-01 13:41:00,0.859438,1.0369933,1.0761904,0.86338687,1.0603107,1.0188081,0.8878092,1.0540416,1.1065199,0.8465748,1.0345898,1.021595,0.8934303,1.0715783,1.0393777,0.87904495,1.097354,1.0199264,0.83796626,1.0163817,1.0413749,0.87962914,1.0875713,1.0193921,0.8707158,1.0628704,1.038845,0.87703305,1.0746018,1.0085013,0.8661391,1.0516502,1.0505707
2025-01-01 13:42:00,0.8594316,1.0369799,1.0762224,0.86337477,1.0603099,1.0188214,0.88779616,1.0540029,1.1065388,0.8465199,1.03453,1.0215919,0.89337915,1.0715201,1.0393741,0.87897235,1.0972774,1.019917,0.8379055,1.0163145,1.0413768,0.8795544,1.0874906,1.0193965,0.8706539,1.062791,1.0388622,0.8769601,1.0745145,1.0085174,0.86607707,1.0515617,1.0505909
2025-01-01 13:43:00,0.859429,1.0369718,1.0762477,0.86336744,1.0603116,1.0188335,0.88778687,1.0539727,1.1065515,0.8464755,1.0344813,1.0215875,0.89333624,1.0714712,1.0393677,0.87891173,1.0972136,1.0199065,0.8378548,1.016259,1.0413755,0.879494,1.0874258,1.0193999,0.8706056,1.062729,1.0388765,0.876904,1.0744472,1.0085323,0.8660299,1.0514934,1.0506079
2025-01-01 13:44:00,0.8594294,1.036968,1.0762688,0.86336404,1.060315,1.0188448,0.8877807,1.0539494,1.1065607,0.84643954,1.0344415,1.0215825,0.8932999,1.0714298,1.0393591,0.87886053,1.0971601,1.0198954,0.8378122,1.0162127,1.0413722,0.8794451,1.087374,1.0194025,0.870568,1.0626808,1.0388892,0.8768615,1.0743958,1.0085466,0.8659948,1.0514411,1.0506228
2025-01-01 13:45:00,0.8594323,1.0369675,1.076287,0.86336374,1.06032,1.0188556,0.8877771,1.0539316,1.1065674,0.8464102,1.0344086,1.0215769,0.8932688,1.0713946,1.0393493,0.87881696,1.0971144,1.0198838,0.837776,1.016174,1.0413677,0.8794053,1.0873321,1.0194048,0.87053907,1.0626439,1.0389006,0.8768299,1.0743573,1.0085604,0.86596924,1.0514017,1.0506364
2025-01-01 13:46:00,0.8594371,1.0369697,1.0763035,0.8633659,1.0603262,1.018866,0.8877753,1.0539182,1.1065724,0.8463862,1.0343813,1.0215709,0.89324194,1.071364,1.0393386,0.8787795,1.0970756,1.019872,0.837745,1.0161412,1.041362,0.87937295,1.0872988,1.0194067,0.87051713,1.0626159,1.0389112,0.87680703,1.074329,1.008574,0.86595136,1.0513725,1.050649
2025-01-01 13:47:00,0.8594434,1.0369741,1.0763189,0.86337,1.0603334,1.018876,0.88777506,1.0539082,1.1065763,0.8463665,1.0343586,1.0215647,0.89321846,1.0713373,1.0393274,0.87874687,1.0970417,1.0198598,0.8377182,1.0161132,1.041356,0.87934655,1.0872717,1.0194083,0.8705007,1.0625951,1.0389215,0.87679106,1.0743089,1.0085875,0.8659395,1.0513515,1.0506611
2025-01-01 13:48:00,0.8594511,1.0369803,1.0763334,0.86337566,1.0603412,1.0188859,0.88777614,1.053901,1.1065794,0.8463502,1.0343394,1.0215584,0.8931976,1.0713136,1.0393158,0.8787182,1.097012,1.0198476,0.83769464,1.0160891,1.0413496,0.8793248,1.0872501,1.01941,0.87048876,1.06258,1.0389314,0.8767807,1.0742954,1.0086007,0.86593264,1.0513372,1.0506728
2025-01-01 13:49:00,0.85945976,1.0369878,1.0763474,0.86338264,1.0603497,1.0188956,0.8877781,1.0538961,1.1065822,0.8463366,1.0343231,1.0215518,0.8931789,1.0712924,1.039304,0.8786926,1.0969857,1.0198352,0.8376738,1.0160681,1.0413431,0.8793069,1.0872326,1.0194116,0.8704804,1.0625694,1.0389411,0.8767748,1.074287,1.008614,0.86592966,1.0513282,1.0506841
2025-01-01 13:50:00,0.8594692,1.0369964,1.0763611,0.8633905,1.0603586,1.0189053,0.8877809,1.0538927,1.1065845,0.84632516,1.034309,1.0215452,0.8931619,1.0712732,1.039292,0.8786696,1.0969622,1.0198231,0.83765507,1.0160496,1.0413363,0.879292,1.0872185,1.0194132,0.87047493,1.0625625,1.0389507,0.87677246,1.074283,1.008627,0.8659298,1.0513233,1.0506952
2025-01-01 13:51:00,0.8594793,1.0370059,1.0763745,0.86339927,1.060368,1.018915,0.8877843,1.0538908,1.1065867,0.84631544,1.0342969,1.0215385,0.8931462,1.0712554,1.0392797,0.8786485,1.0969406,1.0198108,0.8376381,1.0160329,1.0413296,0.87927955,1.0872072,1.0194149,0.8704718,1.0625585,1.0389603,0.876773,1.0742824,1.0086402,0.8659324,1.0513217,1.0507064
2025-01-01 13:52:00,0.8594899,1.037016,1.0763878,0.8634086,1.0603776,1.0189245,0.8877882,1.0538901,1.1065886,0.8463071,1.0342861,1.0215317,0.89313155,1.071239,1.0392675,0.878629,1.096921,1.0197984,0.8376225,1.016018,1.0413228,0.8792691,1.087198,1.0194166,0.87047046,1.062557,1.0389699,0.87677586,1.0742843,1.0086532,0.86593705,1.0513228,1.0507174
2025-01-01 13:53:00,0.859501,1.0370269,1.076401,0.86341846,1.0603874,1.018934,0.8877924,1.0538903,1.1065904,0.84629977,1.0342765,1.0215248,0.8931178,1.0712236,1.0392553,0.8786108,1.0969026,1.019786,0.83760804,1.0160044,1.0413162,0.87926024,1.0871907,1.0194184,0.8704706,1.0625575,1.0389794,0.8767805,1.0742884,1.0086663,0.86594325,1.0513262,1.0507283
2025-01-01 13:54:00,0.8595124,1.0370381,1.0764141,0.8634287,1.0603974,1.0189434,0.88779694,1.0538911,1.1065922,0.84629333,1.0342677,1.0215179,0.8931047,1.0712088,1.0392429,0.87859356,1.0968852,1.0197737,0.83759445,1.0159918,1.0413094,0.8792527,1.0871848,1.01942,0.87047195,1.0625594,1.038989,0.8767867,1.0742942,1.0086793,0.8659508,1.0513312,1.050739
2025-01-01 13:55:00,0.8595241,1.0370498,1.0764273,0.8634393,1.0604075,1.0189528,0.88780165,1.0538925,1.1065937,0.84628755,1.0342597,1.021511,0.89309216,1.0711948,1.0392305,0.8785772,1.0968689,1.0197613,0.8375816,1.01598,1.0413026,0.8792461,1.08718,1.0194219,0.8704743,1.0625626,1.0389986,0.87679404,1.0743015,1.0086924,0.86595935,1.0513375,1.0507498
2025-01-01 13:56:00,0.85953593,1.0370617,1.0764403,0.86345017,1.0604179,1.0189621,0.8878066,1.0538943,1.1065953,0.8462823,1.0342522,1.0215039,0.89308006,1.0711812,1.0392181,0.87856144,1.0968533,1.019749,0.8375693,1.015969,1.0412959,0.8792404,1.0871762,1.0194237,0.8704774,1.0625666,1.0390083,0.8768024,1.0743098,1.0087055,0.8659687,1.051345,1.0507605
2025-01-01 13:57:00,0.85954803,1.0370737,1.0764534,0.86346114,1.0604281,1.0189716,0.8878116,1.0538963,1.1065967,0.8462775,1.0342453,1.0214969,0.8930683,1.071168,1.0392057,0.87854624,1.0968381,1.0197368,0.8375575,1.0159585,1.0412892,0.8792354,1.0871731,1.0194256,0.87048113,1.0625716,1.0390178,0.87681144,1.0743191,1.0087186,0.86597866,1.0513532,1.0507712
2025-01-01 13:58:00,0.85956025,1.0370861,1.0764664,0.8634723,1.0604385,1.0189807,0.8878167,1.0538987,1.1065981,0.84627295,1.0342385,1.0214897,0.8930567,1.0711551,1.0391932,0.87853146,1.0968235,1.0197245,0.83754605,1.0159484,1.0412827,0.8792309,1.0871706,1.0194277,0.8704854,1.0625772,1.0390276,0.87682116,1.074329,1.0087316,0.86598915,1.0513622,1.0507818
2025-01-01 13:59:00,0.8595726,1.0370986,1.0764796,0.86348355,1.0604489,1.01899,0.8878219,1.0539013,1.1065995,0.84626865,1.034232,1.0214826,0.89304537,1.0711424,1.0391806,0.8785171,1.0968091,1.0197123,0.83753496,1.0159388,1.0412761,0.8792269,1.0871687,1.0194297,0.8704902,1.0625834,1.0390372,0.87683135,1.0743395,1.0087447,0.8660001,1.0513717,1.0507925
2025-01-01 14:00:00,0.8593033,1.036586,1.079484,0.86312217,1.060085,1.019522,0.8874938,1.05312,1.109031,0.8455308,1.033294,1.0219679,0.8923866,1.0702333,1.0405005,0.8776126,1.0956306,1.0201957,0.83682597,1.014976,1.0427085,0.87816244,1.0857942,1.0199517,0.8694985,1.0611522,1.0403095,0.8756048,1.0727246,1.0092181,0.86492527,1.0497795,1.0521883
2025-01-01 14:01:00,0.8590905,1.0361785,1.0814414,0.86283535,1.059796,1.0198709,0.8872323,1.0524955,1.110612,0.84493977,1.0325423,1.0222807,0.89185756,1.0695038,1.041354,0.87688637,1.0946853,1.0205057,0.8362568,1.0142043,1.0436374,0.8773104,1.0846945,1.0202918,0.8687064,1.0600088,1.0411401,0.87462604,1.0714353,1.0095303,0.8640679,1.0485082,1.0530993
2025-01-01 14:02:00,0.8589228,1.0358552,1.0827183,0.86260825,1.0595667,1.0201008,0.8870242,1.0519967,1.1116399,0.8444662,1.03194,1.0224813,0.8914321,1.0689178,1.0419043,0.8763028,1.0939264,1.020703,0.8357996,1.0135852,1.0442389,0.8766284,1.0838149,1.0205135,0.86807406,1.0590957,1.0416833,0.8738455,1.0704063,1.0097378,0.8633845,1.0474936,1.053695
2025-01-01 14:03:00,0.8587912,1.0355991,1.0835527,0.86242896,1.0593855,1.0202534,0.88685876,1.0515981,1.1123085,0.84408665,1.031457,1.0226094,0.8910896,1.0684466,1.0422575,0.8758333,1.0933169,1.0208269,0.8354318,1.0130883,1.0446278,0.8760824,1.0831113,1.0206586,0.86756957,1.058367,1.04204,0.8732235,1.0695858,1.0098773,0.86284024,1.0466841,1.0540859
2025-01-01 14:04:00,0.8586885,1.0353969,1.0840997,0.86228776,1.0592426,1.0203558,0.88672745,1.0512798,1.1127433,0.84378237,1.0310694,1.0226898,0.8908135,1.0680673,1.0424829,0.87545514,1.0928267,1.0209032,0.8351357,1.0126894,1.0448784,0.8756452,1.0825485,1.0207537,0.86716723,1.0577857,1.0422752,0.87272835,1.0689319,1.0099726,0.8624073,1.0460387,1.0543436
2025-01-01 14:05:00,0.8586089,1.0352378,1.0844598,0.86217713,1.0591304,1.0204256,0.8866234,1.0510259,1.1130264,0.8435382,1.0307583,1.0227394,0.8905904,1.0677615,1.042625,0.87514997,1.0924319,1.0209486,0.8348969,1.0123686,1.0450392,0.87529516,1.0820982,1.0208164,0.86684674,1.0573224,1.0424317,0.8723347,1.0684114,1.0100391,0.8620635,1.045525,1.0545146
2025-01-01 14:06:00,0.8585478,1.0351131,1.0846983,0.86209095,1.0590426,1.020474,0.8865411,1.0508232,1.1132107,0.84334207,1.0305082,1.0227691,0.8904098,1.0675145,1.0427128,0.87490326,1.0921136,1.0209739,0.834704,1.0121102,1.0451413,0.8750147,1.0817382,1.020858,0.86659175,1.0569535,1.042537,0.87202233,1.0679976,1.0100869,0.86179096,1.0451161,1.0546296
2025-01-01 14:07:00,0.85850155,1.035016,1.084858,0.8620243,1.0589745,1.0205084,0.88647634,1.0506617,1.1133306,0.8431845,1.0303069,1.0227858,0.8902632,1.0673145,1.0427655,0.8747032,1.0918564,1.0209862,0.8345477,1.0119021,1.0452058,0.8747901,1.0814502,1.0208861,0.8663891,1.05666,1.0426089,0.8717748,1.0676692,1.0101225,0.8615753,1.0447913,1.0547078
2025-01-01 14:08:00,0.8584671,1.0349408,1.0849663,0.8619733,1.058922,1.020534,0.8864255,1.0505332,1.1134089,0.84305763,1.0301447,1.0227939,0.89014375,1.067152,1.0427953,0.8745406,1.091648,1.0209899,0.8344208,1.011734,1.0452456,0.87460995,1.08122,1.0209053,0.8662284,1.0564271,1.042659,0.87157935,1.0674089,1.0101503,0.8614053,1.0445338,1.0547622
2025-01-01 14:09:00,0.8584421,1.0348834,1.0850412,0.8619348,1.058882,1.0205537,0.8863858,1.0504307,1.11346,0.84295535,1.0300138,1.0227964,0.89004594,1.0670198,1.0428102,0.8744079,1.091479,1.0209881,0.8343174,1.011598,1.0452694,0.8744656,1.0810359,1.0209186,0.8661012,1.0562425,1.0426953,0.8714254,1.0672034,1.010173,0.86127174,1.04433,1.0548012
2025-01-01 14:10:00,0.8584247,1.03484,1.0850945,0.86190623,1.0588522,1.0205694,0.886355,1.0503494,1.1134933,0.84287274,1.029908,1.0227954,0.88996553,1.0669116,1.0428154,0.8742991,1.091341,1.0209829,0.8342328,1.0114876,1.0452827,0.8743498,1.0808887,1.0209283,0.8660008,1.0560964,1.0427225,0.87130475,1.0670415,1.0101923,0.8611673,1.0441692,1.0548301
2025-01-01 14:11:00,0.85841334,1.0348079,1.0851334,0.86188567,1.0588303,1.0205828,0.8863313,1.0502849,1.1135154,0.8428058,1.029822,1.022792,0.8898991,1.0668225,1.0428145,0.87420946,1.0912281,1.0209751,0.83416325,1.0113978,1.0452894,0.8742568,1.0807712,1.0209355,0.8659219,1.0559814,1.0427437,0.8712107,1.0669146,1.0102094,0.8610863,1.0440428,1.0548524
2025-01-01 14:12:00,0.8584069,1.0347849,1.0851635,0.8618715,1.0588148,1.0205945,0.8863133,1.0502337,1.1135298,0.84275156,1.029752,1.022787,0.8898437,1.066749,1.0428095,0.87413514,1.0911354,1.020966,0.83410573,1.0113244,1.0452917,0.8741821,1.0806774,1.0209413,0.8658602,1.0558912,1.0427611,0.871138,1.0668157,1.0102252,0.8610239,1.0439441,1.0548705
2025-01-01 14:13:00,0.85840434,1.0347692,1.0851874,0.8618624,1.0588043,1.020605,0.8862998,1.0501933,1.1135392,0.8427073,1.0296948,1.0227809,0.88979715,1.0666877,1.0428016,0.8740731,1.0910585,1.0209559,0.83405787,1.0112642,1.0452911,0.8741221,1.0806024,1.020946,0.86581224,1.0558207,1.042776,0.87108225,1.0667391,1.01024,0.86097646,1.0438673,1.0548857
2025-01-01 14:14:00,0.8584049,1.034759,1.0852075,0.8618574,1.058798,1.0206147,0.88628995,1.0501615,1.1135455,0.84267104,1.0296478,1.0227742,0.88975775,1.0666362,1.0427922,0.8740208,1.0909946,1.0209452,0.83401775,1.0112146,1.0452888,0.87407386,1.0805427,1.0209501,0.86577535,1.0557661,1.0427893,0.87104017,1.0666806,1.0102541,0.86094093,1.0438081,1.0548991
2025-01-01 14:15:00,0.85840786,1.0347537,1.0852251,0.8618557,1.058795,1.0206242,0.886283,1.0501364,1.1135498,0.8426412,1.0296088,1.0227672,0.88972396,1.0665926,1.0427816,0.8739764,1.090941,1.0209342,0.8339838,1.0111732,1.0452852,0.874035,1.080495,1.0209539,0.8657473,1.0557243,1.0428016,0.871009,1.0666362,1.010268,0.860915,1.043763,1.0549114
2025-01-01 14:16:00,0.85841286,1.034752,1.0852411,0.8618565,1.0587946,1.0206333,0.8862783,1.050117,1.1135527,0.8426165,1.0295765,1.0227597,0.88969475,1.0665553,1.0427701,0.87393826,1.0908955,1.0209228,0.8339548,1.0111388,1.045281,0.8740037,1.0804571,1.0209575,0.8657263,1.0556926,1.0428133,0.8709866,1.0666034,1.0102816,0.8608967,1.0437292,1.0549228
2025-01-01 14:17:00,0.8584194,1.0347533,1.0852559,0.86185944,1.0587962,1.0206422,0.8862754,1.0501019,1.1135545,0.8425959,1.0295495,1.022752,0.8896692,1.0665232,1.0427582,0.8739052,1.0908568,1.0209113,0.83392984,1.0111098,1.0452763,0.87397844,1.0804269,1.0209608,0.865711,1.0556691,1.0428245,0.87097114,1.0665797,1.010295,0.8608844,1.0437044,1.0549338
2025-01-01 14:18:00,0.85842735,1.0347569,1.08527,0.86186403,1.0587994,1.0206509,0.88627404,1.0500901,1.1135558,0.84257853,1.0295265,1.0227443,0.8896465,1.0664948,1.0427461,0.8738761,1.0908232,1.0208998,0.833908,1.0110852,1.0452713,0.873958,1.0804031,1.0209641,0.8657001,1.0556521,1.0428355,0.8709613,1.0665634,1.0103083,0.86087704,1.0436867,1.0549443
2025-01-01 14:19:00,0.8584363,1.0347624,1.0852838,0.86186993,1.058804,1.0206593,0.88627374,1.0500811,1.1135567,0.84256375,1.0295068,1.0227363,0.889626,1.0664699,1.0427337,0.8738502,1.0907937,1.0208881,0.83388877,1.0110639,1.0452663,0.87394136,1.0803843,1.0209675,0.86569303,1.0556403,1.0428463,0.87095594,1.0665529,1.0103216,0.8608736,1.0436748,1.0549546
2025-01-01 14:20:00,0.858446,1.0347694,1.0852972,0.8618769,1.0588096,1.0206678,0.8862744,1.0500745,1.1135572,0.842551,1.0294898,1.0227282,0.8896074,1.0664474,1.042721,0.873827,1.0907677,1.0208765,0.83387154,1.0110456,1.045261,0.87392795,1.0803694,1.0209708,0.8656888,1.0556328,1.042857,0.87095416,1.0665472,1.0103347,0.8608733,1.0436676,1.0549648
2025-01-01 14:21:00,0.8584563,1.0347776,1.0853103,0.8618846,1.0588161,1.0206761,0.88627577,1.0500695,1.1135576,0.8425399,1.0294749,1.0227201,0.8895904,1.066427,1.0427084,0.87380576,1.0907445,1.0208647,0.83385605,1.0110294,1.0452557,0.87391704,1.0803579,1.020974,0.86568683,1.0556287,1.0428677,0.8709552,1.0665451,1.0103478,0.86087537,1.043664,1.0549747
2025-01-01 14:22:00,0.8584672,1.0347869,1.0853235,0.86189306,1.0588232,1.0206844,0.88627774,1.050066,1.1135578,0.84253013,1.0294615,1.0227119,0.88957447,1.0664082,1.0426958,0.8737862,1.0907233,1.020853,0.8338418,1.011015,1.0452504,0.8739081,1.0803488,1.0209774,0.86568683,1.0556271,1.0428784,0.8709587,1.0665461,1.010361,0.8608795,1.0436633,1.0549846
2025-01-01 14:23:00,0.8584786,1.034797,1.0853363,0.861902,1.0588307,1.0206926,0.88628006,1.0500635,1.1135578,0.84252137,1.0294496,1.0227035,0.88955945,1.0663908,1.042683,0.873768,1.090704,1.0208414,0.8338286,1.0110022,1.0452452,0.87390083,1.0803419,1.0209808,0.8656883,1.0556278,1.042889,0.8709639,1.0665494,1.0103741,0.8608852,1.043665,1.0549945
2025-01-01 14:24:00,0.8584903,1.0348074,1.0853492,0.86191136,1.0588387,1.0207007,0.8862828,1.050062,1.1135579,0.84251344,1.0294387,1.0226953,0.88954514,1.0663742,1.0426701,0.87375075,1.090686,1.0208298,0.8338164,1.0109904,1.0452399,0.8738948,1.0803368,1.0209843,0.8656911,1.0556302,1.0428996,0.8709706,1.0665548,1.0103872,0.8608921,1.0436684,1.0550042
2025-01-01 14:25:00,0.8585022,1.0348185,1.0853621,0.861921,1.0588471,1.0207088,0.8862858,1.0500611,1.1135577,0.84250623,1.0294286,1.0226868,0.88953143,1.0663587,1.0426574,0.87373435,1.090669,1.0208181,0.83380485,1.0109797,1.0452347,0.8738899,1.0803329,1.0209877,0.8656949,1.0556339,1.0429103,0.8709786,1.0665617,1.0104003,0.8609001,1.0436734,1.0550139
2025-01-01 14:26:00,0.8585144,1.0348301,1.0853748,0.8619309,1.0588558,1.0207169,0.88628894,1.0500606,1.1135576,0.84249943,1.0294192,1.0226785,0.8895182,1.0663437,1.0426445,0.8737187,1.0906531,1.0208066,0.8337938,1.0109696,1.0452296,0.8738858,1.08033,1.0209913,0.86569935,1.0556388,1.042921,0.8709874,1.0665698,1.0104133,0.8609089,1.0436795,1.0550236
2025-01-01 14:27:00,0.85852677,1.0348419,1.0853876,0.86194104,1.0588645,1.0207249,0.8862922,1.0500607,1.1135572,0.842493,1.0294102,1.02267,0.8895053,1.0663292,1.0426316,0.8737036,1.0906377,1.020795,0.83378327,1.0109601,1.0452244,0.8738825,1.0803281,1.0209949,0.8657046,1.0556446,1.0429317,0.8709971,1.0665789,1.0104264,0.8609183,1.0436866,1.0550331
2025-01-01 14:28:00,0.8585393,1.034854,1.0854003,0.86195135,1.0588733,1.020733,0.8862956,1.0500611,1.113557,0.8424869,1.0294018,1.0226616,0.88949275,1.0663152,1.0426188,0.87368894,1.090623,1.0207834,0.83377314,1.0109513,1.0452194,0.8738796,1.0803269,1.0209986,0.8657103,1.0556512,1.0429425,0.8710073,1.0665889,1.0104395,0.86092824,1.0436945,1.0550427
2025-01-01 14:29:00,0.8585519,1.0348662,1.0854131,0.8619617,1.0588824,1.0207409,0.88629913,1.0500617,1.1135565,0.8424811,1.0293937,1.022653,0.88948035,1.0663015,1.0426058,0.8736746,1.0906088,1.0207719,0.83376324,1.0109428,1.0452144,0.8738773,1.0803263,1.0210023,0.86571646,1.0556583,1.0429533,0.8710181,1.0665994,1.0104525,0.86093855,1.043703,1.0550523
2025-01-01 14:30:00,0.8582813,1.0342202,1.0880315,0.8615872,1.0583237,1.0211886,0.88592654,1.0491358,1.1154966,0.84178734,1.0283446,1.0230552,0.8887858,1.0651957,1.0437164,0.8727603,1.0892104,1.0211749,0.83309925,1.0098909,1.0464222,0.87280995,1.0787613,1.0214449,0.86472434,1.0540763,1.0440257,0.86980844,1.0648383,1.0108527,0.8598849,1.0419989,1.0562195
2025-01-01 14:31:00,0.85806745,1.033706,1.0897381,0.8612898,1.0578787,1.0214823,0.8856292,1.0483954,1.1167575,0.8412314,1.0275041,1.0233136,0.8882278,1.0643085,1.0444338,0.8720263,1.0880892,1.0214329,0.8325664,1.0090481,1.0472057,0.87195605,1.0775098,1.0217339,0.86393225,1.0528126,1.0447265,0.86884326,1.0634319,1.0111173,0.8590443,1.0406377,1.0569814
2025-01-01 14:32:00,0.857899,1.0332973,1.0908517,0.86105394,1.0575246,1.0216761,0.88539207,1.0478033,1.1175767,0.8407856,1.0268302,1.0234785,0.88777906,1.0635962,1.0448956,0.87143654,1.0871899,1.0215966,0.83213836,1.0083724,1.0477132,0.8712728,1.0765088,1.0219231,0.86330014,1.0518036,1.0451858,0.86807364,1.0623095,1.011294,0.85837424,1.039551,1.0574801
2025-01-01 14:33:00,0.85776687,1.0329729,1.09158,0.86086744,1.0572432,1.0218046,0.8852031,1.0473298,1.1181091,0.840428,1.0262897,1.0235826,0.8874178,1.0630242,1.0451912,0.8709621,1.0864679,1.0216988,0.8317942,1.0078306,1.0480415,0.87072617,1.0757085,1.0220475,0.8627961,1.0509982,1.0454882,0.8674605,1.0614142,1.0114133,0.8578405,1.0386837,1.0578073
2025-01-01 14:34:00,0.85766375,1.032716,1.0920578,0.86072034,1.0570198,1.0218908,0.8850526,1.0469513,1.1184548,0.8401409,1.0258558,1.0236472,0.88712645,1.0625639,1.0453788,0.87058,1.0858879,1.0217615,0.8315173,1.007396,1.0482532,0.8702889,1.0750686,1.0221299,0.8623945,1.0503559,1.0456887,0.86697257,1.0607005,1.0114956,0.85741585,1.037992,1.0580233
2025-01-01 14:35:00,0.85758394,1.0325131,1.0923728,0.8606048,1.056843,1.0219495,0.88493294,1.0466489,1.1186793,0.8399101,1.0255073,1.023686,0.886891,1.062193,1.0454962,0.8702718,1.0854214,1.0217983,0.831294,1.0070469,1.0483893,0.869939,1.0745572,1.0221848,0.8620748,1.049844,1.0458229,0.8665848,1.0601323,1.0115535,0.85707855,1.0374408,1.058167
2025-01-01 14:36:00,0.8575226,1.0323534,1.092582,0.8605146,1.0567033,1.0219903,0.88483787,1.0464071,1.1188248,0.83972436,1.025227,1.0237082,0.88670033,1.0618939,1.045568,0.87002265,1.0850458,1.0218182,0.83111376,1.0067663,1.0484761,0.86965907,1.0741484,1.022222,0.86182076,1.0494365,1.0459139,0.8662771,1.0596802,1.0115958,0.85681105,1.0370018,1.0582637
2025-01-01 14:37:00,0.85747623,1.0322282,1.0927224,0.8604444,1.0565934,1.0220194,0.88476247,1.046214,1.1189191,0.83957475,1.0250013,1.0237194,0.8865455,1.0616521,1.0456101,0.8698207,1.0847429,1.0218271,0.8309679,1.0065405,1.0485309,0.86943513,1.0738219,1.0222477,0.8616191,1.0491123,1.045977,0.8660335,1.0593213,1.0116278,0.85659933,1.0366529,1.0583296
2025-01-01 14:38:00,0.8574417,1.0321307,1.0928179,0.8603904,1.0565072,1.022041,0.8847028,1.0460596,1.11898,0.83945394,1.0248193,1.0237237,0.88641924,1.0614562,1.045633,0.8696566,1.084498,1.0218291,0.8308496,1.0063586,1.048565,0.86925596,1.0735611,1.0222658,0.8614595,1.0488551,1.0460219,0.8658412,1.0590366,1.0116531,0.8564324,1.0363758,1.0583756
2025-01-01 14:39:00,0.85741675,1.0320553,1.0928845,0.86034936,1.0564401,1.0220575,0.8846557,1.0459363,1.1190193,0.83935624,1.0246723,1.0237231,0.88631594,1.0612969,1.0456432,0.8695228,1.0842999,1.0218264,0.83075327,1.0062119,1.0485858,0.8691127,1.0733528,1.0222791,0.86133343,1.0486512,1.046055,0.86569,1.0588115,1.011674,0.85630107,1.0361562,1.0584087
2025-01-01 14:40:00,0.85739934,1.0319974,1.0929322,0.8603186,1.0563883,1.0220709,0.8846187,1.045838,1.1190444,0.83927697,1.0245531,1.0237197,0.8862309,1.061167,1.0456454,0.8694132,1.084139,1.0218208,0.83067465,1.0060933,1.0485976,0.86899805,1.0731869,1.0222894,0.8612343,1.0484902,1.0460805,0.86557156,1.0586342,1.0116923,0.8561983,1.0359825,1.0584334
2025-01-01 14:41:00,0.8573881,1.0319538,1.0929675,0.8602961,1.0563486,1.0220821,0.8845897,1.0457594,1.1190603,0.8392124,1.0244563,1.0237142,0.8861605,1.0610605,1.0456423,0.86932296,1.0840077,1.0218133,0.8306101,1.0059971,1.0486039,0.86890644,1.0730544,1.0222976,0.86115664,1.0483633,1.0461009,0.86547935,1.0584948,1.0117086,0.85611844,1.0358456,1.0584526
2025-01-01 14:42:00,0.8573817,1.0319215,1.0929949,0.86028016,1.0563186,1.022092,0.8845671,1.0456969,1.1190702,0.83915967,1.0243772,1.0237075,0.8861018,1.0609729,1.0456357,0.8692482,1.0839003,1.0218045,0.83055687,1.005919,1.0486065,0.8688332,1.072949,1.0223045,0.8610962,1.0482639,1.0461181,0.8654082,1.058386,1.0117239,0.8560569,1.0357382,1.0584681
2025-01-01 14:43:00,0.85737914,1.0318983,1.0930171,0.8602694,1.0562965,1.0221009,0.8845497,1.0456468,1.1190761,0.83911633,1.0243125,1.0236999,0.8860525,1.0609002,1.0456268,0.86918586,1.083812,1.0217949,0.8305127,1.0058552,1.0486066,0.86877465,1.0728654,1.0223107,0.8610496,1.0481863,1.0461334,0.8653539,1.0583016,1.0117383,0.85601,1.0356544,1.0584815
2025-01-01 14:44:00,0.8573798,1.0318823,1.0930358,0.860263,1.0562805,1.0221093,0.88453627,1.0456071,1.1190796,0.8390806,1.0242592,1.0236917,0.8860107,1.0608397,1.0456164,0.8691335,1.083739,1.0217848,0.83047575,1.005803,1.0486053,0.8687279,1.0727988,1.0223163,0.86101395,1.0481262,1.0461471,0.86531293,1.0582365,1.0117522,0.85597473,1.0355893,1.058493
2025-01-01 14:45:00,0.85738295,1.0318722,1.0930524,0.86025983,1.0562694,1.0221171,0.8845262,1.0455753,1.1190814,0.8390507,1.024215,1.0236831,0.8859749,1.0607885,1.0456052,0.869089,1.0836781,1.0217745,0.83044463,1.0057601,1.0486032,0.8686906,1.0727462,1.0223216,0.8609872,1.0480802,1.0461601,0.8652828,1.0581871,1.0117658,0.85594887,1.0355394,1.0585037
2025-01-01 14:46:00,0.8573881,1.0318666,1.0930674,0.86025935,1.0562623,1.0221246,0.8845186,1.0455501,1.119082,0.83902574,1.0241781,1.0236741,0.88594383,1.0607451,1.0455933,0.8690508,1.0836271,1.0217638,0.83041817,1.0057244,1.0486002,0.86866087,1.0727046,1.0223266,0.8609675,1.0480455,1.0461725,0.86526126,1.0581503,1.0117791,0.85593045,1.0355015,1.0585138
2025-01-01 14:47:00,0.8573948,1.0318648,1.0930817,0.860261,1.0562584,1.022132,0.8845132,1.04553,1.1190819,0.8390046,1.024147,1.0236651,0.8859166,1.0607079,1.0455809,0.8690178,1.0835838,1.0217531,0.8303954,1.0056949,1.048597,0.8686372,1.0726719,1.0223315,0.8609535,1.0480196,1.0461845,0.8652466,1.0581235,1.0117923,0.85591793,1.0354732,1.0585234
2025-01-01 14:48:00,0.85740274,1.0318657,1.0930952,0.8602645,1.056257,1.0221393,0.8845093,1.0455141,1.1190813,0.83898646,1.0241207,1.023656,0.88589245,1.0606756,1.0455683,0.8689888,1.0835468,1.0217423,0.83037573,1.00567,1.0485935,0.86861837,1.0726463,1.0223365,0.86094403,1.0480012,1.0461963,0.8652375,1.0581046,1.0118054,0.85591024,1.0354526,1.0585326
2025-01-01 14:49:00,0.85741174,1.0318692,1.0931083,0.8602692,1.0562575,1.0221465,0.8845068,1.0455015,1.1190803,0.8389707,1.024098,1.0236468,0.88587075,1.0606471,1.0455556,0.8689631,1.0835148,1.0217315,0.8303584,1.005649,1.04859,0.86860347,1.0726264,1.0223415,0.86093825,1.0479884,1.046208,0.86523277,1.0580922,1.0118184,0.85590637,1.0354382,1.0585417
2025-01-01 14:50:00,0.8574216,1.0318745,1.0931212,0.86027503,1.0562598,1.0221535,0.88450533,1.0454913,1.119079,0.83895695,1.0240782,1.0236375,0.88585097,1.0606219,1.0455428,0.86894006,1.0834868,1.0217208,0.830343,1.005631,1.0485862,0.8685917,1.072611,1.0223464,0.8609354,1.0479802,1.0462197,0.86523163,1.0580848,1.0118315,0.85590553,1.0354285,1.0585506
2025-01-01 14:51:00,0.85743207,1.0318813,1.0931339,0.86028165,1.0562631,1.0221604,0.8845047,1.0454834,1.1190777,0.8389447,1.0240608,1.023628,0.88583267,1.0605991,1.0455298,0.868919,1.0834621,1.0217099,0.8303292,1.0056155,1.0485826,0.8685824,1.0725993,1.0223513,0.8609348,1.0479758,1.0462313,0.86523324,1.0580816,1.0118444,0.8559071,1.0354229,1.0585593
2025-01-01 14:52:00,0.8574431,1.0318893,1.0931464,0.860289,1.0562676,1.0221672,0.8845046,1.045477,1.1190761,0.8389337,1.0240453,1.0236186,0.8858157,1.0605782,1.045517,0.86889964,1.08344,1.0216991,0.8303166,1.0056019,1.0485789,0.8685752,1.0725906,1.0223563,0.8609361,1.0479742,1.0462428,0.86523724,1.0580816,1.0118573,0.85591066,1.0354204,1.058568
2025-01-01 14:53:00,0.85745454,1.0318985,1.093159,0.86029685,1.0562729,1.022174,0.8845051,1.045472,1.1190745,0.83892363,1.0240313,1.023609,0.8857996,1.0605592,1.0455039,0.8688817,1.0834198,1.0216883,0.83030504,1.0055898,1.0485752,0.86856955,1.0725842,1.0223613,0.860939,1.0479751,1.0462544,0.86524296,1.0580842,1.0118701,0.8559157,1.0354203,1.0585766
2025-01-01 14:54:00,0.85746634,1.0319083,1.0931714,0.8603052,1.0562788,1.0221808,0.8845059,1.0454681,1.1190727,0.83891433,1.0240185,1.0235994,0.8857844,1.0605413,1.0454907,0.86886483,1.0834013,1.0216775,0.8302943,1.0055792,1.0485715,0.8685653,1.0725797,1.0223664,0.8609431,1.0479779,1.046266,0.8652501,1.058089,1.011883,0.8559221,1.0354223,1.058585
2025-01-01 14:55:00,0.8574784,1.0319186,1.0931836,0.86031383,1.0562851,1.0221875,0.88450706,1.045465,1.1190708,0.83890563,1.0240066,1.0235898,0.8857698,1.0605243,1.0454777,0.8688488,1.0833843,1.0216668,0.8302842,1.0055696,1.0485679,0.86856204,1.0725768,1.0223714,0.8609482,1.0479823,1.0462775,0.8652584,1.0580955,1.0118959,0.8559293,1.0354259,1.0585935
2025-01-01 14:56:00,0.85749066,1.0319295,1.0931959,0.8603227,1.0562919,1.0221941,0.88450843,1.0454624,1.1190689,0.8388974,1.0239955,1.0235802,0.88575566,1.0605083,1.0454646,0.8688335,1.0833683,1.0216562,0.83027464,1.0055608,1.0485643,0.8685597,1.0725751,1.0223767,0.86095405,1.0479879,1.0462891,0.8652677,1.0581032,1.0119088,0.85593736,1.0354308,1.0586019
2025-01-01 14:57:00,0.85750306,1.0319408,1.0932082,0.8603318,1.056299,1.0222008,0.88451,1.0454603,1.1190668,0.83888954,1.0239849,1.0235705,0.8857419,1.0604929,1.0454515,0.86881864,1.0833532,1.0216454,0.8302655,1.0055526,1.0485609,0.86855805,1.0725744,1.0223819,0.86096054,1.0479945,1.0463006,0.8652777,1.058112,1.0119216,0.85594606,1.0354365,1.0586103
2025-01-01 14:58:00,0.8575156,1.0319524,1.0932205,0.860341,1.0563062,1.0222074,0.8845117,1.0454588,1.1190648,0.838882,1.0239748,1.0235608,0.8857285,1.060478,1.0454384,0.86880434,1.0833387,1.0216348,0.8302568,1.0055451,1.0485574,0.8685569,1.0725745,1.0223871,0.8609676,1.0480019,1.0463123,0.8652883,1.0581217,1.0119345,0.8559552,1.0354431,1.0586185
2025-01-01 14:59:00,0.85752827,1.0319642,1.0932326,0.8603504,1.0563138,1.0222138,0.88451344,1.0454575,1.1190628,0.83887464,1.023965,1.023551,0.8857153,1.0604635,1.0454253,0.8687904,1.0833248,1.0216242,0.8302484,1.005538,1.0485541,0.8685563,1.0725754,1.0223925,0.8609751,1.0480099,1.046324,0.8652994,1.058132,1.0119473,0.8559647,1.0354503,1.0586269
2025-01-01 15:00:00,0.8572611,1.0311964,1.0954186,0.85996944,1.0555705,1.0225697,0.8841029,1.0444036,1.1204767,0.8382375,1.0228236,1.023863,0.88499707,1.0591805,1.046307,0.86788243,1.0817313,1.0219394,0.8296412,1.0044155,1.0495157,0.8675052,1.0708479,1.0227476,0.86000013,1.0463054,1.0471771,0.86412805,1.056256,1.0122672,0.854951,1.0336643,1.0595449
2025-01-01 15:01:00,0.85705,1.0305847,1.0968436,0.8596666,1.0549774,1.022803,0.8837749,1.0435603,1.121395,0.8377265,1.0219088,1.0240624,0.88442004,1.0581516,1.0468755,0.8671536,1.0804542,1.0221407,0.829154,1.0035166,1.0501397,0.8666646,1.0694666,1.0229805,0.859222,1.0449438,1.0477357,0.8631936,1.054758,1.0124797,0.8541423,1.0322374,1.0601444
2025-01-01 15:02:00,0.8568837,1.0300978,1.0977741,0.85942626,1.0545046,1.022957,0.8835128,1.0428855,1.121991,0.83731633,1.0211753,1.0241884,0.88395596,1.0573258,1.0472404,0.86656797,1.0794302,1.0222679,0.8287629,1.0027964,1.0505441,0.86599237,1.0683622,1.0231338,0.8586014,1.0438567,1.048103,0.86244863,1.053562,1.0126222,0.8534975,1.0310978,1.0605371
2025-01-01 15:03:00,0.8567533,1.029711,1.0983831,0.85923594,1.054128,1.0230592,0.8833036,1.0423459,1.1223776,0.83698684,1.0205867,1.0242667,0.88358223,1.0566627,1.047473,0.866097,1.0786089,1.0223469,0.8284486,1.0022193,1.050806,0.8654549,1.0674795,1.0232354,0.8581068,1.0429893,1.0483459,0.8618553,1.052608,1.0127194,0.8529839,1.030188,1.0607951
2025-01-01 15:04:00,0.8566516,1.0294039,1.0987833,0.85908556,1.0538282,1.0231278,0.8831365,1.0419139,1.1226281,0.8367219,1.0201142,1.0243143,0.8832808,1.0561297,1.0476196,0.86571777,1.0779493,1.0223947,0.8281957,1.0017565,1.0509752,0.8650252,1.0667741,1.0233035,0.857713,1.0422975,1.0485079,0.86138326,1.0518473,1.012787,0.8525751,1.029462,1.0609654
2025-01-01 15:05:00,0.8565728,1.0291609,1.0990475,0.8589672,1.0535899,1.0231745,0.88300323,1.0415682,1.12279,0.83650863,1.0197344,1.0243416,0.88303715,1.0557007,1.0477103,0.8654119,1.0774194,1.0224221,0.827992,1.0013855,1.051084,0.8646818,1.0662105,1.0233496,0.85739976,1.0417461,1.0486174,0.86100817,1.0512414,1.0128354,0.85225034,1.0288831,1.061079
2025-01-01 15:06:00,0.8565124,1.0289689,1.0992236,0.8588744,1.053401,1.0232071,0.88289696,1.0412916,1.1228943,0.8363366,1.0194288,1.0243559,0.8828398,1.0553548,1.0477647,0.8651647,1.0769932,1.0224363,0.8278277,1.0010875,1.0511539,0.86440736,1.0657604,1.0233817,0.8571511,1.0413073,1.0486927,0.86071074,1.0507593,1.0128711,0.85199267,1.028422,1.0611556
2025-01-01 15:07:00,0.8564667,1.028818,1.0993422,0.8588021,1.0532514,1.0232302,0.88281226,1.0410702,1.122961,0.8361976,1.0191827,1.0243616,0.8826794,1.0550755,1.0477954,0.8649645,1.0766499,1.0224419,0.8276949,1.0008483,1.0511982,0.8641882,1.0654011,1.0234046,0.8569541,1.0409584,1.0487458,0.8604754,1.0503763,1.0128989,0.8517887,1.028055,1.061208
2025-01-01 15:08:00,0.85643274,1.0286998,1.0994234,0.85874605,1.0531331,1.0232474,0.88274485,1.040893,1.1230037,0.836085,1.0189841,1.0243617,0.88254863,1.0548495,1.0478108,0.86480194,1.076373,1.022442,0.8275873,1.0006559,1.0512261,0.8640132,1.0651144,1.0234215,0.85679835,1.0406814,1.0487845,0.8602898,1.0500723,1.0129215,0.85162765,1.0277631,1.0612448
2025-01-01 15:09:00,0.85640824,1.0286076,1.0994805,0.8587032,1.0530403,1.0232606,0.8826912,1.040751,1.1230303,0.83599365,1.0188233,1.0243583,0.8824415,1.054666,1.0478162,0.8646694,1.0761492,1.0224385,0.8274998,1.0005009,1.0512433,0.8638736,1.0648859,1.0234346,0.8566757,1.040462,1.0488138,0.8601439,1.0498319,1.0129405,0.8515009,1.0275316,1.0612715
2025-01-01 15:10:00,0.8563912,1.0285366,1.0995218,0.8586707,1.0529673,1.0232713,0.8826486,1.0406374,1.1230468,0.8359191,1.018693,1.0243524,0.88235337,1.0545168,1.0478151,0.86456084,1.0759679,1.0224327,0.8274285,1.0003761,1.0512536,0.8637623,1.0647038,1.0234452,0.85657954,1.0402887,1.0488371,0.8600298,1.0496422,1.0129575,0.85140175,1.0273482,1.0612916
2025-01-01 15:11:00,0.85638016,1.0284821,1.0995528,0.85864663,1.0529106,1.0232804,0.8826148,1.0405463,1.1230563,0.83585805,1.018587,1.024345,0.88228035,1.0543948,1.04781,0.86447155,1.0758206,1.0224254,0.82737017,1.0002753,1.0512593,0.8636736,1.064559,1.0234543,0.8565045,1.0401523,1.0488564,0.8599411,1.049493,1.0129727,0.85132456,1.0272033,1.0613073
2025-01-01 15:12:00,0.85637397,1.0284412,1.0995771,0.85862917,1.0528667,1.0232881,0.882588,1.0404731,1.1230617,0.83580774,1.0185004,1.0243366,0.88221943,1.0542946,1.047802,0.8643977,1.0757005,1.0224171,0.8273221,1.0001937,1.0512621,0.8636031,1.064444,1.0234622,0.8564465,1.0400453,1.0488732,0.8598728,1.0493761,1.0129871,0.8512649,1.0270892,1.0613202
2025-01-01 15:13:00,0.85637164,1.0284109,1.099597,0.85861707,1.0528331,1.0232953,0.88256687,1.0404146,1.1230639,0.8357661,1.0184294,1.0243275,0.88216823,1.0542119,1.0477921,0.86433613,1.0756022,1.0224081,0.8272824,1.0001276,1.0512631,0.8635471,1.0643529,1.0234696,0.8564019,1.0399619,1.0488883,0.85982084,1.0492854,1.0130008,0.8512193,1.027,1.061331
2025-01-01 15:14:00,0.85637236,1.0283892,1.099614,0.85860926,1.0528077,1.0233018,0.88255024,1.0403675,1.1230644,0.83573127,1.0183707,1.024318,0.8821247,1.054143,1.0477811,0.86428446,1.0755213,1.022399,0.82724935,1.0000738,1.0512629,0.8635027,1.0642807,1.0234765,0.8563683,1.0398976,1.0489024,0.8597818,1.0492153,1.0130142,0.85118496,1.0269302,1.0613409
2025-01-01 15:15:00,0.8563756,1.0283744,1.0996293,0.8586048,1.0527889,1.0233082,0.8825371,1.0403296,1.1230637,0.83570206,1.0183221,1.0243082,0.88208747,1.0540853,1.0477695,0.86424065,1.0754544,1.0223894,0.8272216,1.0000298,1.0512619,0.86346763,1.0642239,1.0234833,0.8563433,1.0398482,1.0489157,0.85975325,1.0491619,1.0130273,0.8511596,1.0268762,1.0613499
2025-01-01 15:16:00,0.85638076,1.0283651,1.0996433,0.85860306,1.0527751,1.0233141,0.8825269,1.040299,1.123062,0.83567715,1.0182812,1.0242981,0.88205516,1.0540365,1.0477573,0.8642032,1.0753986,1.0223798,0.82719815,0.99999374,1.0512604,0.86344,1.0641793,1.0234898,0.8563253,1.039811,1.0489287,0.859733,1.0491217,1.0130402,0.8511414,1.0268348,1.0613583
2025-01-01 15:17:00,0.85638744,1.02836,1.0996566,0.8586034,1.0527657,1.02332,0.8825189,1.0402744,1.1230599,0.8356558,1.0182468,1.0242879,0.88202673,1.0539949,1.0477448,0.86417085,1.0753517,1.02237,0.82717806,0.99996406,1.0512586,0.86341834,1.0641446,1.0234963,0.8563129,1.0397835,1.0489414,0.8597194,1.0490922,1.013053,0.85112894,1.0268036,1.0613664
2025-01-01 15:18:00,0.8563954,1.0283586,1.0996693,0.85860556,1.0527596,1.0233257,0.88251275,1.0402545,1.1230574,0.8356372,1.0182174,1.0242776,0.8820016,1.0539591,1.047732,0.8641425,1.075312,1.0223602,0.8271608,0.99993944,1.0512567,0.8634015,1.0641177,1.0235027,0.85630494,1.0397637,1.0489539,0.8597111,1.0490712,1.0130657,0.851121,1.0267805,1.0613742
2025-01-01 15:19:00,0.85640436,1.0283599,1.0996816,0.85860914,1.0527562,1.0233313,0.882508,1.0402384,1.1230545,0.8356208,1.0181922,1.0242672,0.88197887,1.0539279,1.0477191,0.8641174,1.075278,1.0223504,0.8271457,0.99991894,1.0512546,0.86338854,1.0640972,1.0235093,0.8563006,1.0397501,1.0489663,0.8597072,1.049057,1.0130783,0.85111684,1.0267637,1.0613818
2025-01-01 15:20:00,0.8564142,1.0283635,1.0996938,0.8586137,1.0527549,1.0233366,0.88250434,1.0402251,1.1230514,0.8356062,1.01817,1.0242567,0.8819581,1.0539001,1.0477061,0.8640949,1.0752486,1.0223407,0.8271324,0.9999017,1.0512526,0.8633786,1.0640815,1.0235156,0.8562991,1.0397415,1.0489786,0.85970664,1.0490482,1.0130908,0.8511155,1.026752,1.0613892
2025-01-01 15:21:00,0.85642457,1.0283688,1.0997057,0.8586192,1.0527554,1.023342,0.88250166,1.0402142,1.1230483,0.83559304,1.0181504,1.0242462,0.8819391,1.0538754,1.0476931,0.8640745,1.075223,1.0223308,0.8271205,0.9998871,1.0512506,0.86337113,1.06407,1.023522,0.85629994,1.0397369,1.0489908,0.85970885,1.0490438,1.0131034,0.85111654,1.0267444,1.0613966
2025-01-01 15:22:00,0.85643554,1.0283756,1.0997175,0.85862535,1.0527571,1.0233474,0.88249964,1.0402052,1.123045,0.83558095,1.0181329,1.0242356,0.88192135,1.053853,1.0476803,0.86405575,1.0752002,1.022321,0.8271098,0.99987465,1.0512486,0.8633657,1.0640618,1.0235286,0.85630256,1.0397354,1.0490032,0.8597132,1.0490428,1.0131159,0.8511194,1.0267401,1.0614039
2025-01-01 15:23:00,0.85644686,1.0283835,1.0997293,0.858632,1.0527599,1.0233527,0.8824982,1.0401978,1.1230416,0.8355698,1.0181171,1.0242249,0.8819046,1.0538325,1.0476671,0.86403835,1.0751798,1.0223113,0.82710004,0.99986386,1.0512465,0.8633619,1.064056,1.0235351,0.8563068,1.0397366,1.0490154,0.85971934,1.0490446,1.0131284,0.8511238,1.0267384,1.061411
2025-01-01 15:24:00,0.8564585,1.0283922,1.099741,0.8586391,1.0527636,1.0233579,0.8824972,1.0401915,1.1230382,0.8355593,1.0181025,1.0242143,0.8818887,1.0538136,1.047654,0.864022,1.0751612,1.0223016,0.827091,0.9998545,1.0512446,0.86335945,1.0640525,1.0235417,0.8563121,1.0397397,1.0490277,0.8597268,1.0490487,1.0131408,0.85112935,1.0267389,1.0614182
2025-01-01 15:25:00,0.8564704,1.0284017,1.0997525,0.8586465,1.0527679,1.0233631,0.88249654,1.0401863,1.1230346,0.8355494,1.0180889,1.0242035,0.8818734,1.0537958,1.0476409,0.8640066,1.0751443,1.0222919,0.8270826,0.9998462,1.0512426,0.8633579,1.0640506,1.0235484,0.8563185,1.0397446,1.04904,0.8597354,1.0490544,1.0131533,0.85113585,1.0267409,1.0614252
2025-01-01 15:26:00,0.8564825,1.0284117,1.0997642,0.8586542,1.0527726,1.0233682,0.88249606,1.0401816,1.123031,0.8355399,1.0180762,1.0241928,0.88185865,1.0537789,1.0476278,0.86399186,1.0751286,1.0222824,0.8270747,0.9998388,1.0512408,0.8633573,1.06405,1.023555,0.85632557,1.0397508,1.0490522,0.85974497,1.0490617,1.0131657,0.85114306,1.0267442,1.0614322
2025-01-01 15:27:00,0.85649484,1.0284224,1.0997758,0.85866207,1.0527779,1.0233732,0.8824958,1.0401776,1.1230273,0.8355307,1.0180641,1.0241821,0.8818443,1.0537628,1.0476148,0.8639777,1.0751137,1.0222727,0.8270672,0.9998321,1.0512389,0.86335737,1.0640506,1.0235618,0.85633326,1.0397581,1.0490645,0.8597552,1.0490701,1.0131781,0.8511508,1.0267487,1.0614393
2025-01-01 15:28:00,0.85650724,1.0284332,1.0997872,0.85867006,1.0527835,1.0233784,0.8824957,1.0401741,1.1230236,0.8355218,1.0180526,1.0241714,0.8818303,1.0537472,1.0476017,0.863964,1.0750997,1.0222633,0.82706004,0.9998261,1.0512372,0.863358,1.064052,1.0235686,0.8563415,1.0397662,1.0490769,0.859766,1.0490793,1.0131905,0.8511591,1.0267539,1.0614462
2025-01-01 15:29:00,0.85651976,1.0284444,1.0997987,0.85867816,1.0527892,1.0233833,0.8824957,1.0401708,1.1230199,0.8355131,1.0180414,1.0241605,0.8818165,1.0537323,1.0475887,0.86395067,1.0750864,1.0222538,0.8270531,0.99982035,1.0512354,0.86335915,1.0640543,1.0235754,0.8563501,1.0397749,1.0490892,0.8597773,1.0490894,1.0132028,0.8511677,1.0267599,1.061453
2025-01-01 15:30:00,0.8562608,1.0275685,1.101513,0.8582976,1.0518745,1.0236405,0.8820547,1.0390077,1.1238827,0.8349439,1.0168283,1.0243766,0.88108754,1.052295,1.0482256,0.86306524,1.0733263,1.0224756,0.8265136,0.99864745,1.0519338,0.862343,1.0621948,1.023837,0.8554099,1.0379784,1.049708,0.8586653,1.0471321,1.0134369,0.850212,1.0249239,1.0621054
2025-01-01 15:31:00,0.85605615,1.0268703,1.1026313,0.85799485,1.0511442,1.0238094,0.88170195,1.0380769,1.124442,0.83448696,1.0158559,1.0245132,0.8805018,1.0511426,1.0486351,0.8623546,1.0719163,1.0226165,0.82608086,0.9977084,1.052387,0.86153066,1.0607084,1.0240096,0.8546598,1.0365435,1.0501145,0.8577784,1.0455688,1.0135933,0.84944946,1.0234568,1.0625318
2025-01-01 15:32:00,0.855895,1.026314,1.1033621,0.8577543,1.0505612,1.023921,0.88141984,1.0373317,1.1248041,0.8341198,1.015076,1.0245984,0.8800307,1.0502181,1.0488968,0.8617837,1.0707861,1.022705,0.82573354,0.99695647,1.0526811,0.8608815,1.0595202,1.0241241,0.85406184,1.0353979,1.0503831,0.8570714,1.0443208,1.0136992,0.8488415,1.0222847,1.0628113
2025-01-01 15:33:00,0.8557687,1.0258716,1.1038412,0.85756356,1.050096,1.0239949,0.8811941,1.0367353,1.1250381,0.8338244,1.0144502,1.0246497,0.8796512,1.0494758,1.0490624,0.8613246,1.0698799,1.0227591,0.8254546,0.99635416,1.0528718,0.86036277,1.0585707,1.0242012,0.85358554,1.0344837,1.0505621,0.8565085,1.043325,1.0137725,0.848357,1.021349,1.0629952
2025-01-01 15:34:00,0.8556702,1.0255201,1.1041565,0.85741264,1.0497254,1.0240448,0.8810136,1.0362577,1.1251887,0.83358645,1.0139475,1.0246793,0.87934506,1.0488794,1.0491652,0.860955,1.0691527,1.0227911,0.82523036,0.9958717,1.0529953,0.85994846,1.0578123,1.0242537,0.85320663,1.0337548,1.0506828,0.85606074,1.0425308,1.0138242,0.8479715,1.0206019,1.0631171
2025-01-01 15:35:00,0.855594,1.0252413,1.1043653,0.85729355,1.04943,1.0240787,0.88086915,1.0358751,1.1252853,0.83339447,1.0135435,1.0246947,0.87909764,1.0483997,1.0492277,0.860657,1.0685688,1.0228088,0.8250498,0.99548507,1.0530752,0.8596176,1.0572067,1.0242904,0.8529056,1.0331739,1.0507655,0.8557052,1.041898,1.0138623,0.84766495,1.0200058,1.0631986
2025-01-01 15:36:00,0.85553557,1.0250207,1.1045051,0.8571999,1.049195,1.0241023,0.88075364,1.0355687,1.1253464,0.83323926,1.0132183,1.0247008,0.8788971,1.0480132,1.0492637,0.86041623,1.0680997,1.022817,0.8249044,0.9951751,1.0531267,0.85935366,1.0567232,1.0243168,0.85266685,1.0327115,1.0508238,0.8554234,1.0413945,1.0138912,0.8474217,1.0195307,1.0632536
2025-01-01 15:37:00,0.85549134,1.0248466,1.1045997,0.8571267,1.0490084,1.0241194,0.8806612,1.0353231,1.1253847,0.83311343,1.0129561,1.0247008,0.8787341,1.0477015,1.0492824,0.86022127,1.0677223,1.0228192,0.8247869,0.9949265,1.0531597,0.85914314,1.0563375,1.0243366,0.852478,1.032344,1.050866,0.8552005,1.0409942,1.0139142,0.84722906,1.0191522,1.0632919
2025-01-01 15:38:00,0.8554586,1.0247098,1.1046652,0.85706973,1.0488602,1.0241318,0.8805872,1.0351261,1.125408,0.8330111,1.0127445,1.024697,0.8786012,1.0474495,1.0492902,0.86006296,1.0674182,1.0228174,0.8246919,0.99472696,1.0531808,0.8589754,1.05603,1.024352,0.8523291,1.0320523,1.0508978,0.8550248,1.0406764,1.0139334,0.8470769,1.0188509,1.063319
2025-01-01 15:39:00,0.85543495,1.0246028,1.1047117,0.8570258,1.048743,1.0241414,0.88052803,1.034968,1.1254216,0.8329276,1.0125731,1.0246904,0.87849224,1.0472454,1.0492907,0.859934,1.0671729,1.0228131,0.8246148,0.99456674,1.0531943,0.85884196,1.0557852,1.0243645,0.8522121,1.0318213,1.0509229,0.85488695,1.0404248,1.0139501,0.84695715,1.0186116,1.0633386
2025-01-01 15:40:00,0.85541856,1.0245196,1.1047459,0.85699224,1.0486504,1.0241492,0.8804807,1.0348411,1.1254289,0.83285904,1.0124341,1.0246824,0.8784025,1.0470792,1.0492865,0.85982853,1.0669745,1.0228071,0.8245522,0.99443793,1.0532026,0.85873586,1.0555905,1.0243753,0.8521206,1.031639,1.0509436,0.85477924,1.040226,1.0139652,0.8468632,1.0184216,1.0633537
2025-01-01 15:41:00,0.855408,1.0244554,1.104772,0.85696703,1.0485777,1.0241557,0.88044274,1.034739,1.1254321,0.83280253,1.0123209,1.0246731,0.87832814,1.0469439,1.0492792,0.8597418,1.0668138,1.0228001,0.824501,0.9943343,1.0532076,0.85865176,1.0554359,1.024385,0.8520495,1.0314953,1.0509615,0.85469574,1.0400695,1.0139793,0.84679,1.0182713,1.0633656
2025-01-01 15:42:00,0.8554022,1.0244066,1.1047927,0.85694844,1.0485206,1.0241615,0.8804123,1.034657,1.1254326,0.8327556,1.0122283,1.0246632,0.8782661,1.0468329,1.0492699,0.85967016,1.0666832,1.0227925,0.8244591,0.9942508,1.0532107,0.8585852,1.0553132,1.0243939,0.8519948,1.0313829,1.0509775,0.8546315,1.0399468,1.0139927,0.8467334,1.0181527,1.0633755
2025-01-01 15:43:00,0.85539997,1.0243697,1.1048101,0.85693514,1.0484762,1.0241667,0.88038784,1.0345907,1.1254313,0.8327164,1.0121521,1.0246527,0.8782138,1.0467415,1.0492593,0.8596105,1.0665766,1.0227844,0.82442456,0.9941834,1.0532125,0.85853267,1.0552163,1.0244024,0.8519532,1.0312953,1.0509924,0.8545827,1.0398514,1.0140055,0.84668994,1.0180593,1.063384
2025-01-01 15:44:00,0.85540074,1.0243428,1.1048251,0.8569261,1.0484419,1.0241715,0.88036823,1.0345373,1.1254288,0.8326833,1.0120891,1.0246421,0.8781695,1.0466658,1.0492479,0.85956055,1.0664893,1.022776,0.8243959,0.9941289,1.0532132,0.8584914,1.0551399,1.0244106,0.85192215,1.0312276,1.0510064,0.8545463,1.0397775,1.0140183,0.8466571,1.017986,1.0633917
2025-01-01 15:45:00,0.85540396,1.0243236,1.1048388,0.8569204,1.0484157,1.0241759,0.8803524,1.0344939,1.1254255,0.8326551,1.0120368,1.0246311,0.87813145,1.0466026,1.0492359,0.85951823,1.0664175,1.0227675,0.824372,0.9940848,1.0532136,0.85845923,1.05508,1.0244185,0.85189945,1.0311759,1.05102,0.8545198,1.0397209,1.0140306,0.8466327,1.0179292,1.0633987
2025-01-01 15:46:00,0.8554091,1.0243106,1.1048516,0.85691744,1.0483958,1.0241802,0.88033956,1.0344586,1.1254216,0.83263075,1.0119929,1.02462,0.87809837,1.0465494,1.0492237,0.8594821,1.0663579,1.0227591,0.82435197,0.99404895,1.0532136,0.8584342,1.0550333,1.0244265,0.8518835,1.0311368,1.0510333,0.85450125,1.0396782,1.0140429,0.8466151,1.0178852,1.0634055
2025-01-01 15:47:00,0.8554157,1.0243026,1.1048636,0.8569166,1.0483811,1.0241843,0.88032925,1.0344299,1.1254175,0.8326096,1.0119556,1.0246087,0.87806934,1.0465043,1.0492111,0.85945094,1.0663081,1.0227504,0.8243349,0.99401975,1.0532134,0.858415,1.0549972,1.0244342,0.85187286,1.031108,1.0510464,0.85448897,1.0396466,1.014055,0.84660286,1.0178515,1.0634118
2025-01-01 15:48:00,0.8554235,1.0242987,1.1048753,0.85691744,1.0483705,1.0241884,0.88032085,1.0344063,1.1254131,0.8325909,1.0119238,1.0245975,0.87804353,1.0464655,1.0491985,0.8594237,1.0662664,1.0227418,0.8243203,0.99399585,1.053213,0.8584004,1.0549694,1.0244421,0.8518666,1.0310874,1.0510592,0.85448176,1.0396237,1.014067,0.8465949,1.0178261,1.063418
2025-01-01 15:49:00,0.8554323,1.0242978,1.1048867,0.8569197,1.0483632,1.0241923,0.880314,1.0343869,1.1254085,0.8325741,1.0118963,1.0245861,0.87802035,1.0464319,1.0491858,0.8593997,1.066231,1.0227332,0.82430774,0.99397624,1.0532126,0.8583896,1.0549486,1.0244501,0.85186374,1.0310732,1.0510721,0.8544786,1.0396081,1.014079,0.8465905,1.0178072,1.0634241
2025-01-01 15:50:00,0.8554418,1.0242995,1.1048979,0.85692304,1.0483584,1.0241961,0.88030833,1.0343708,1.1254036,0.83255893,1.0118722,1.0245746,0.8779991,1.0464023,1.0491729,0.85937816,1.0662006,1.0227246,0.8242968,0.99396,1.0532123,0.85838175,1.0549331,1.0244579,0.8518637,1.0310644,1.0510849,0.85447866,1.039598,1.0140909,0.84658873,1.0177938,1.0634301
2025-01-01 15:51:00,0.855452,1.0243032,1.104909,0.8569272,1.0483559,1.0242,0.8803037,1.0343572,1.1253989,0.83254504,1.0118508,1.0245631,0.8779796,1.0463761,1.0491601,0.8593587,1.0661744,1.022716,0.82428706,0.9939466,1.0532119,0.85837626,1.0549219,1.0244658,0.8518658,1.0310596,1.0510978,0.85448134,1.0395925,1.0141028,0.84658927,1.0177844,1.0634359
2025-01-01 15:52:00,0.8554626,1.0243086,1.1049199,0.85693204,1.0483549,1.0242037,0.8802997,1.0343457,1.125394,0.83253217,1.0118316,1.0245516,0.87796134,1.0463525,1.0491472,0.85934097,1.0661515,1.0227075,0.82427835,0.99393535,1.0532116,0.85837275,1.0549142,1.0244737,0.85186976,1.0310583,1.0511105,0.8544861,1.0395906,1.0141146,0.8465914,1.0177784,1.0634416
2025-01-01 15:53:00,0.85547364,1.0243152,1.1049308,0.85693735,1.0483551,1.0242074,0.88029635,1.034336,1.1253889,0.83252007,1.0118141,1.0245401,0.8779442,1.046331,1.0491344,0.8593244,1.066131,1.022699,0.82427055,0.99392587,1.0532112,0.8583708,1.0549093,1.0244817,0.8518751,1.0310597,1.0511233,0.8544925,1.0395916,1.0141265,0.846595,1.0177752,1.0634474
2025-01-01 15:54:00,0.855485,1.0243229,1.1049415,0.85694313,1.0483564,1.024211,0.8802935,1.0343274,1.1253839,0.83250856,1.011798,1.0245285,0.8779278,1.046311,1.0491215,0.85930896,1.0661128,1.0226905,0.8242634,0.9939179,1.053211,0.85837007,1.0549067,1.0244898,0.8518817,1.0310632,1.051136,0.85450023,1.0395949,1.0141383,0.8465997,1.017774,1.063453
2025-01-01 15:55:00,0.85549664,1.0243313,1.1049522,0.8569492,1.0483586,1.0242145,0.8802909,1.03432,1.1253786,0.83249754,1.0117831,1.0245169,0.87791216,1.0462927,1.0491086,0.8592944,1.0660961,1.0226821,0.8242568,0.9939111,1.0532107,0.85837036,1.0549059,1.0244977,0.85188913,1.0310686,1.0511488,0.854509,1.0396,1.01415,0.84660524,1.0177745,1.0634584
2025-01-01 15:56:00,0.8555084,1.0243404,1.1049628,0.8569555,1.0483614,1.0242181,0.8802887,1.0343134,1.1253735,0.8324869,1.0117692,1.0245053,0.877897,1.0462753,1.0490957,0.8592805,1.0660808,1.0226737,0.82425064,0.9939052,1.0532105,0.8583715,1.0549065,1.0245059,0.8518974,1.0310751,1.0511615,0.8545186,1.0396067,1.0141618,0.8466115,1.0177764,1.063464
2025-01-01 15:57:00,0.8555203,1.02435,1.1049736,0.856962,1.0483648,1.0242215,0.8802867,1.0343074,1.1253681,0.8324766,1.0117558,1.0244937,0.8778823,1.0462587,1.0490829,0.8592672,1.0660666,1.0226654,0.82424486,0.99390006,1.0532105,0.85837334,1.0549083,1.0245141,0.8519062,1.0310829,1.0511744,0.8545289,1.0396144,1.0141736,0.8466183,1.0177794,1.0634695
2025-01-01 15:58:00,0.85553235,1.0243602,1.104984,0.85696876,1.0483685,1.0242249,0.88028485,1.0343019,1.1253629,0.83246654,1.011743,1.024482,0.87786794,1.0462428,1.0490701,0.8592543,1.0660534,1.0226572,0.82423943,0.99389553,1.0532104,0.85837567,1.054911,1.0245223,0.8519155,1.0310916,1.0511872,0.8545397,1.0396231,1.0141853,0.8466255,1.017783,1.0634749
2025-01-01 15:59:00,0.85554445,1.0243704,1.1049947,0.85697556,1.0483724,1.0242282,0.88028306,1.0342969,1.1253575,0.8324566,1.0117306,1.0244703,0.8778538,1.0462275,1.0490572,0.8592418,1.0660409,1.0226489,0.82423425,0.99389154,1.0532104,0.8583785,1.0549146,1.0245305,0.85192513,1.031101,1.0511999,0.85455096,1.0396326,1.014197,0.8466331,1.0177875,1.0634803
2025-01-01 16:00:00,0.8552984,1.0234019,1.1062067,0.85660213,1.0473026,1.0243825,0.87981945,1.0330453,1.1256534,0.83196545,1.0104669,1.0245868,0.8771271,1.0446615,1.0494382,0.8583948,1.0641457,1.0227735,0.8237721,0.9926891,1.0536329,0.8574155,1.0529568,1.0246937,0.8510364,1.0292443,1.0515733,0.85351807,1.0376289,1.0143408,0.84575254,1.0159343,1.0638553
2025-01-01 16:01:00,0.855104,1.0226294,1.1069982,0.85630476,1.0464476,1.0244838,0.87944824,1.0320432,1.1258438,0.83157074,1.0094539,1.0246584,0.8765431,1.0434061,1.0496813,0.857715,1.0626276,1.0228517,0.82340145,0.99172676,1.0539075,0.856646,1.051392,1.0248028,0.8503277,1.0277615,1.0518205,0.85269433,1.0360285,1.0144384,0.84504986,1.0144533,1.0641009
2025-01-01 16:02:00,0.85495096,1.0220137,1.1075162,0.85606825,1.0457648,1.0245507,0.879151,1.0312409,1.1259656,0.8312531,1.0086414,1.0247008,0.8760733,1.0423993,1.0498348,0.857169,1.0614111,1.0228996,0.8231042,0.9909565,1.0540861,0.85603136,1.0501413,1.0248767,0.849763,1.0265777,1.0519856,0.8520379,1.0347506,1.0145057,0.84448946,1.0132698,1.0642624
2025-01-01 16:03:00,0.85483104,1.0215234,1.1078566,0.8558805,1.0452195,1.0245954,0.87891287,1.0305983,1.1260427,0.8309971,1.0079893,1.0247241,0.8756948,1.0415912,1.0499302,0.85673,1.0604361,1.022928,0.8228656,0.99033993,1.0542023,0.8555407,1.0491422,1.0249276,0.84931344,1.025633,1.0520976,0.8515154,1.0337309,1.0145535,0.8440429,1.0123245,1.0643691
2025-01-01 16:04:00,0.8547376,1.0211335,1.1080815,0.8557316,1.0447843,1.0246253,0.8787221,1.0300835,1.126091,0.83079046,1.0074654,1.0247352,0.87538946,1.0409421,1.0499877,0.8563766,1.0596542,1.0229437,0.822674,0.98984635,1.0542781,0.8551491,1.0483444,1.0249637,0.8489561,1.0248798,1.0521748,0.85109997,1.0329174,1.0145887,0.8436874,1.0115695,1.0644403
2025-01-01 16:05:00,0.8546653,1.020824,1.1082313,0.85561395,1.044437,1.0246459,0.87856907,1.0296708,1.1261202,0.8306232,1.0070441,1.0247382,0.8751425,1.0404202,1.0500206,0.85609174,1.0590267,1.0229511,0.8225199,0.9894511,1.0543275,0.85483676,1.0477076,1.0249903,0.84867257,1.0242798,1.0522295,0.85077024,1.0322691,1.0146157,0.8434047,1.0109669,1.0644882
2025-01-01 16:06:00,0.8546099,1.0205784,1.1083322,0.85552114,1.0441602,1.0246602,0.87844634,1.02934,1.1261373,0.8304875,1.0067049,1.024736,0.87494236,1.0400001,1.0500376,0.85586166,1.0585229,1.0229533,0.82239586,0.98913467,1.0543597,0.85458785,1.0471992,1.0250106,0.84844804,1.0238022,1.0522696,0.850509,1.031753,1.0146371,0.8431803,1.0104861,1.0645211
2025-01-01 16:07:00,0.85456806,1.0203844,1.1084014,0.8554483,1.0439398,1.0246706,0.8783479,1.0290744,1.1261462,0.83037704,1.0064313,1.0247304,0.87477964,1.0396613,1.0500442,0.85567546,1.058118,1.022952,0.8222959,0.98888123,1.0543809,0.8543898,1.046794,1.0250268,0.8482707,1.0234225,1.0523001,0.8503026,1.0313425,1.014655,0.84300244,1.0101029,1.0645441
2025-01-01 16:08:00,0.85453707,1.0202315,1.1084499,0.8553913,1.0437644,1.0246781,0.87826866,1.0288613,1.1261499,0.83028674,1.0062102,1.0247226,0.87464684,1.0393877,1.050044,0.8555243,1.0577922,1.0229483,0.8222152,0.9886781,1.054395,0.8542324,1.0464715,1.0250403,0.8481312,1.0231214,1.0523245,0.85014004,1.0310167,1.0146706,0.84286183,1.0097977,1.0645608
2025-01-01 16:09:00,0.8545148,1.0201113,1.108485,0.85534716,1.0436249,1.0246841,0.87820494,1.02869,1.1261503,0.8302126,1.0060312,1.0247133,0.874538,1.0391663,1.0500395,0.8554013,1.0575297,1.0229433,0.82214993,0.9885154,1.0544043,0.85410744,1.0462147,1.0250522,0.8480218,1.0228829,1.0523449,0.85001254,1.0307584,1.0146848,0.842751,1.0095549,1.0645733
2025-01-01 16:10:00,0.85449934,1.0200174,1.1085114,0.8553131,1.0435144,1.0246888,0.8781536,1.028552,1.1261483,0.8301514,1.0058857,1.0247031,0.8744483,1.0389864,1.0500321,0.8553007,1.0573179,1.0229373,0.822097,0.9883849,1.0544106,0.85400856,1.0460107,1.025063,0.8479367,1.0226947,1.0523628,0.8499131,1.0305543,1.014698,0.8426641,1.0093619,1.0645831
2025-01-01 16:11:00,0.85448945,1.0199447,1.1085321,0.8552872,1.0434268,1.0246928,0.8781121,1.0284408,1.126145,0.8301004,1.0057671,1.0246922,0.8743739,1.03884,1.050023,0.8552182,1.0571465,1.0229307,0.82205397,0.98828024,1.054415,0.8539305,1.0458491,1.0250732,0.8478709,1.0225465,1.0523788,0.84983623,1.0303934,1.0147105,0.84259623,1.0092088,1.0645909
2025-01-01 16:12:00,0.85448396,1.0198888,1.108549,0.85526776,1.0433576,1.0246962,0.8780785,1.0283511,1.1261407,0.8300577,1.0056702,1.0246809,0.8743118,1.0387203,1.0500126,0.8551499,1.0570076,1.0229238,0.82201886,0.9881963,1.0544181,0.8538691,1.0457212,1.0250828,0.8478206,1.0224305,1.0523938,0.8497772,1.0302671,1.0147226,0.8425436,1.0090877,1.0645976
2025-01-01 16:13:00,0.85448205,1.0198462,1.1085634,0.8552535,1.0433033,1.0246993,0.87805116,1.0282784,1.1261357,0.83002156,1.0055902,1.0246693,0.87425953,1.0386219,1.0500014,0.85509324,1.0568947,1.0229168,0.8219901,0.9881289,1.0544205,0.85382104,1.0456202,1.0250922,0.8477827,1.0223402,1.0524081,0.8497326,1.0301685,1.0147344,0.84250313,1.0089921,1.0646037
2025-01-01 16:14:00,0.85448295,1.0198144,1.1085765,0.85524344,1.0432606,1.0247022,0.8780289,1.0282193,1.1261302,0.8299907,1.0055242,1.0246576,0.874215,1.0385406,1.0499897,0.8550458,1.0568025,1.0229095,0.8219664,0.9880747,1.0544224,0.85378367,1.0455409,1.0251015,0.8477547,1.0222704,1.0524218,0.84969944,1.0300921,1.014746,0.84247243,1.0089169,1.064609
2025-01-01 16:15:00,0.85448605,1.0197911,1.1085885,0.85523665,1.0432273,1.0247049,0.87801063,1.0281714,1.1261245,0.82996404,1.005469,1.0246458,0.8741768,1.0384729,1.0499777,0.85500574,1.0567269,1.0229023,0.8219468,0.98803127,1.054424,0.8537549,1.045479,1.0251107,0.8477347,1.0222172,1.0524354,0.8496755,1.0300333,1.0147575,0.8424495,1.0088578,1.0646142
2025-01-01 16:16:00,0.854491,1.0197749,1.1085995,0.8552325,1.0432016,1.0247074,0.8779956,1.028132,1.1261187,0.82994074,1.0054226,1.0246338,0.87414366,1.0384161,1.0499655,0.8549716,1.0566647,1.022895,0.8219305,0.9879962,1.0544254,0.8537329,1.0454309,1.0251198,0.847721,1.0221771,1.0524487,0.84965885,1.0299888,1.0147688,0.8424328,1.0088121,1.064619
2025-01-01 16:17:00,0.8544974,1.0197641,1.1086103,0.8552304,1.0431819,1.0247099,0.8779831,1.0280997,1.1261126,0.8299201,1.0053833,1.0246218,0.87411445,1.0383682,1.0499532,0.85494214,1.0566132,1.0228877,0.8219168,0.987968,1.0544267,0.85371643,1.045394,1.025129,0.8477124,1.0221475,1.052462,0.8496482,1.0299556,1.01478,0.842421,1.0087765,1.0646236
2025-01-01 16:18:00,0.85450494,1.0197576,1.1086206,0.85523,1.043167,1.0247123,0.8779726,1.0280727,1.1261064,0.8299016,1.0053496,1.0246097,0.87408847,1.0383272,1.0499408,0.8549166,1.0565702,1.0228803,0.8219052,0.98794526,1.054428,0.8537044,1.0453659,1.0251381,0.8477079,1.0221264,1.0524751,0.84964216,1.0299314,1.0147913,0.8424132,1.0087494,1.0646281
2025-01-01 16:19:00,0.8545134,1.0197546,1.1086309,0.85523087,1.0431559,1.0247145,0.87796366,1.0280504,1.1261001,0.8298848,1.0053204,1.0245975,0.87406516,1.0382918,1.0499284,0.85489404,1.0565339,1.022873,0.82189536,0.9879269,1.0544293,0.8536959,1.0453451,1.0251472,0.8477066,1.022112,1.0524882,0.84963983,1.0299144,1.0148023,0.84240854,1.0087289,1.0646325
2025-01-01 16:20:00,0.8545226,1.0197544,1.1086409,0.8552329,1.0431478,1.0247166,0.8779561,1.0280316,1.1260936,0.82986945,1.0052948,1.0245852,0.8740438,1.0382609,1.049916,0.8548739,1.0565032,1.0228658,0.82188684,0.98791206,1.0544306,0.85369027,1.0453298,1.0251564,0.84770805,1.0221031,1.0525014,0.8496406,1.0299033,1.0148134,0.84240645,1.0087137,1.0646368
2025-01-01 16:21:00,0.8545323,1.0197564,1.1086508,0.8552357,1.0431422,1.0247188,0.8779495,1.0280156,1.1260872,0.829855,1.005272,1.0245731,0.87402415,1.0382336,1.0499035,0.8548557,1.0564768,1.0228585,0.82187945,0.9879,1.0544319,0.85368687,1.0453192,1.0251656,0.8477115,1.0220983,1.0525144,0.8496437,1.0298969,1.0148245,0.8424063,1.0087028,1.064641
2025-01-01 16:22:00,0.85454255,1.0197603,1.1086607,0.85523915,1.0431384,1.0247208,0.8779437,1.0280019,1.1260806,0.8298415,1.0052514,1.0245608,0.8740058,1.0382092,1.0498911,0.85483915,1.056454,1.0228513,0.82187295,0.98789024,1.0544332,0.8536853,1.0453122,1.0251749,0.84771675,1.0220971,1.0525274,0.8496488,1.029894,1.0148356,0.84240776,1.0086952,1.0646452
2025-01-01 16:23:00,0.85455304,1.0197656,1.1086704,0.8552431,1.0431362,1.0247228,0.8779385,1.02799,1.1260741,0.8298286,1.0052328,1.0245486,0.8739885,1.038187,1.0498786,0.8548238,1.056434,1.0228442,0.8218672,0.9878823,1.0544345,0.85368526,1.0453081,1.025184,0.84772325,1.0220988,1.0525404,0.84965533,1.0298941,1.0148466,0.8424105,1.0086904,1.0646492
2025-01-01 16:24:00,0.85456395,1.019772,1.10868,0.85524744,1.0431352,1.0247247,0.8779338,1.0279795,1.1260674,0.82981634,1.0052155,1.0245364,0.873972,1.0381668,1.0498662,0.8548096,1.0564162,1.0228372,0.8218621,0.9878758,1.054436,0.85368633,1.0453064,1.0251935,0.8477309,1.0221026,1.0525535,0.84966314,1.0298966,1.0148575,0.84241426,1.0086876,1.0646533
2025-01-01 16:25:00,0.85457504,1.0197793,1.1086897,0.8552521,1.0431352,1.0247266,0.87792957,1.02797,1.1260607,0.8298045,1.0051994,1.024524,0.8739562,1.0381479,1.0498538,0.8547961,1.0564003,1.0228301,0.8218574,0.9878706,1.0544375,0.8536885,1.0453068,1.0252028,0.84773934,1.0221082,1.0525665,0.8496719,1.0299009,1.0148685,0.8424188,1.0086867,1.0646572
2025-01-01 16:26:00,0.85458624,1.0197873,1.1086992,0.85525703,1.043136,1.0247284,0.8779256,1.0279615,1.1260539,0.829793,1.0051842,1.0245117,0.87394094,1.0381303,1.0498414,0.8547833,1.0563858,1.0228232,0.82185316,0.9878663,1.0544391,0.85369134,1.0453085,1.0252122,0.8477485,1.0221152,1.0525796,0.84968144,1.0299069,1.0148793,0.842424,1.008687,1.0646611
2025-01-01 16:27:00,0.85459757,1.0197958,1.1087087,0.8552621,1.0431373,1.0247302,0.87792176,1.0279536,1.1260471,0.8297816,1.0051699,1.0244994,0.8739261,1.0381136,1.049829,0.854771,1.0563725,1.0228162,0.8218492,0.98786277,1.0544407,0.85369486,1.0453115,1.0252216,0.84775823,1.0221233,1.0525926,0.8496916,1.0299139,1.0148903,0.84242964,1.0086883,1.064665
2025-01-01 16:28:00,0.8546091,1.0198048,1.1087183,0.85526735,1.0431391,1.024732,0.8779182,1.0279465,1.1260403,0.8297705,1.005156,1.024487,0.8739116,1.0380976,1.0498166,0.8547592,1.0563602,1.0228094,0.82184553,0.98785985,1.0544424,0.85369897,1.0453155,1.025231,0.8477685,1.0221325,1.0526057,0.8497023,1.029922,1.014901,0.8424357,1.0086906,1.0646688
2025-01-01 16:29:00,0.8546206,1.0198141,1.1087277,0.85527265,1.0431412,1.0247335,0.87791467,1.0279397,1.1260334,0.82975954,1.0051427,1.0244746,0.8738974,1.0380824,1.0498043,0.8547478,1.0563487,1.0228025,0.82184213,0.9878575,1.0544441,0.8537034,1.0453204,1.0252405,0.84777904,1.0221423,1.0526189,0.8497133,1.0299308,1.0149119,0.84244204,1.0086936,1.0646726
2025-01-01 16:30:00,0.8543918,1.0187707,1.1094159,0.85491306,1.0419354,1.0247821,0.8774366,1.0266219,1.1257573,0.8293553,1.0038514,1.0244894,0.8731858,1.0364159,1.0499223,0.8539542,1.0543522,1.0228276,0.82146543,0.98664695,1.0545832,0.8528106,1.043299,1.0253025,0.8469576,1.0202588,1.0527401,0.84877807,1.0279166,1.0149632,0.8416524,1.0068564,1.0647638
2025-01-01 16:31:00,0.8542111,1.0179379,1.1098665,0.8546265,1.0409715,1.0248141,0.8770535,1.0255667,1.1255753,0.82902986,1.0028162,1.0244946,0.87261397,1.0350802,1.0499948,0.8533173,1.0527533,1.0228416,0.82116354,0.98567855,1.0546743,0.8520977,1.0416833,1.0253463,0.84630287,1.0187545,1.0528235,0.84803236,1.0263073,1.0150001,0.84102213,1.0053878,1.0648242
2025-01-01 16:32:00,0.85406893,1.0172739,1.1101627,0.85439837,1.0402011,1.0248353,0.8767464,1.0247214,1.1254545,0.82876736,1.0019857,1.0244937,0.8721539,1.034009,1.0500376,0.85280585,1.0514725,1.0228484,0.82092154,0.98490375,1.0547342,0.85152864,1.0403925,1.0253781,0.84578156,1.0175536,1.0528823,0.84743834,1.0250225,1.0150279,0.84051937,1.0042139,1.0648648
2025-01-01 16:33:00,0.8539575,1.0167449,1.1103584,0.85421693,1.0395854,1.0248497,0.87650007,1.0240443,1.1253736,0.82855535,1.0013189,1.0244888,0.87178326,1.0331495,1.0500612,0.8523947,1.0504463,1.0228504,0.8207276,0.984284,1.0547739,0.85107464,1.0393616,1.0254022,0.8453669,1.0165954,1.052925,0.84696555,1.023997,1.0150496,0.84011865,1.003276,1.0648923
2025-01-01 16:34:00,0.8538707,1.0163237,1.1104887,0.8540729,1.0390935,1.0248594,0.87630236,1.0235013,1.1253184,0.82838356,1.0007832,1.0244812,0.87148404,1.0324593,1.0500722,0.85206383,1.0496237,1.0228496,0.8205719,0.9837881,1.0548004,0.8507127,1.0385383,1.0254211,0.84503764,1.0158314,1.0529574,0.84658986,1.0231788,1.0150675,0.8397996,1.0025268,1.0649114
2025-01-01 16:35:00,0.8538036,1.015989,1.1105767,0.8539587,1.0387007,1.0248662,0.8761435,1.0230659,1.12528,0.82824403,1.0003523,1.0244718,0.87124205,1.0319046,1.0500752,0.85179716,1.048964,1.0228467,0.82044697,0.98339146,1.0548185,0.85042447,1.0378816,1.025437,0.84477663,1.0152228,1.052983,0.84629184,1.0225265,1.0150828,0.8395457,1.0019283,1.0649248
2025-01-01 16:36:00,0.8537522,1.0157231,1.1106371,0.8538685,1.038387,1.0248709,0.8760158,1.0227165,1.1252525,0.8281303,1.0000052,1.0244614,0.8710458,1.0314584,1.0500728,0.8515819,1.0484345,1.0228426,0.8203466,0.9830741,1.0548309,0.85019517,1.0373578,1.0254507,0.8445703,1.0147384,1.0530044,0.84605587,1.0220071,1.0150964,0.8393441,1.0014508,1.0649348
2025-01-01 16:37:00,0.85371345,1.0155126,1.1106794,0.8537973,1.0381367,1.0248743,0.8759129,1.0224359,1.125232,0.8280372,0.99972516,1.0244502,0.87088627,1.0310987,1.0500671,0.85140777,1.0480094,1.0228378,0.8202659,0.9828203,1.0548398,0.8500131,1.0369405,1.0254631,0.8444077,1.0143536,1.0530227,0.84586966,1.0215939,1.015109,0.8391842,1.0010697,1.0649424
2025-01-01 16:38:00,0.8536848,1.0153462,1.1107103,0.8537414,1.0379372,1.0248771,0.8758299,1.0222102,1.125216,0.82796055,0.9994988,1.0244385,0.87075603,1.0308084,1.0500591,0.8512665,1.0476675,1.0228323,0.8202009,0.9826173,1.0548464,0.8498687,1.0366082,1.0254747,0.84428006,1.0140482,1.0530393,0.84572315,1.0212656,1.0151207,0.83905774,1.0007658,1.0649484
2025-01-01 16:39:00,0.8536642,1.0152153,1.1107334,0.8536978,1.037778,1.0248791,0.87576276,1.0220287,1.1252031,0.82789713,0.9993153,1.0244265,0.87064916,1.0305737,1.0500495,0.8511515,1.0473926,1.0228267,0.8201486,0.98245496,1.0548517,0.8497545,1.0363442,1.0254856,0.84418035,1.0138066,1.0530547,0.8456084,1.0210054,1.0151321,0.83895797,1.0005238,1.0649533
2025-01-01 16:40:00,0.85365,1.0151125,1.1107515,0.85366386,1.0376514,1.0248808,0.87570834,1.0218823,1.125192,0.8278442,0.9991662,1.0244143,0.87056106,1.0303835,1.0500393,0.85105765,1.047171,1.0228208,0.8201063,0.98232514,1.0548557,0.8496645,1.0361346,1.0254962,0.8441031,1.0136158,1.0530691,0.84551907,1.0207994,1.015143,0.8388796,1.0003312,1.0649577
2025-01-01 16:41:00,0.853641,1.0150323,1.1107665,0.8536377,1.0375507,1.0248822,0.87566406,1.0217639,1.1251823,0.82779974,0.99904454,1.0244019,0.87048805,1.0302286,1.0500282,0.85098064,1.0469922,1.0228149,0.8200722,0.98222136,1.0548594,0.8495939,1.0359687,1.0255067,0.84404373,1.0134659,1.0530832,0.8454501,1.020637,1.0151539,0.83881825,1.000178,1.0649616
2025-01-01 16:42:00,0.8536361,1.0149703,1.1107793,0.85361785,1.0374707,1.0248833,0.8756279,1.0216681,1.1251732,0.827762,0.99894476,1.0243895,0.87042695,1.0301021,1.0500169,0.85091716,1.0468475,1.0228088,0.8200445,0.98213845,1.0548626,0.84953874,1.0358377,1.025517,0.84399873,1.0133485,1.0530969,0.8453974,1.0205094,1.0151645,0.83877057,1.0000565,1.0649651
2025-01-01 16:43:00,0.8536344,1.0149227,1.1107906,0.85360295,1.0374073,1.0248843,0.87559825,1.0215904,1.1251646,0.8277297,0.9988626,1.024377,0.8703755,1.0299984,1.0500053,0.8508644,1.0467302,1.0228028,0.82002205,0.98207223,1.0548656,0.849496,1.0357345,1.0255272,0.8439652,1.0132569,1.0531104,0.8453578,1.0204096,1.0151749,0.83873373,0.99996024,1.0649685
2025-01-01 16:44:00,0.8536354,1.0148867,1.1108011,0.853592,1.0373571,1.0248852,0.8755737,1.0215269,1.1251565,0.82770157,0.9987945,1.0243645,0.8703317,1.0299131,1.0499936,0.85082036,1.0466348,1.0227969,0.82000375,0.98201936,1.0548686,0.8494632,1.0356537,1.0255375,0.8439408,1.0131865,1.0531237,0.8453285,1.0203319,1.0151854,0.8387057,0.99988425,1.0649716
2025-01-01 16:45:00,0.85363847,1.01486,1.110811,0.8535842,1.0373175,1.0248861,0.8755533,1.021475,1.1251483,0.82767695,0.9987376,1.0243518,0.8702941,1.0298421,1.0499818,0.85078317,1.046557,1.0227908,0.8199887,0.9819772,1.0548714,0.8494383,1.0355909,1.0255477,0.8439238,1.0131326,1.0531371,0.8453075,1.0202721,1.0151956,0.8386846,0.99982435,1.0649745
2025-01-01 16:46:00,0.8536432,1.0148406,1.1108205,0.8535789,1.0372863,1.0248867,0.8755362,1.0214323,1.1251404,0.8276551,0.9986897,1.0243392,0.8702614,1.0297829,1.0499699,0.85075164,1.0464932,1.0227848,0.81997645,0.98194367,1.0548742,0.84941983,1.0355424,1.0255579,0.84391266,1.013092,1.0531503,0.8452932,1.0202266,1.0152059,0.83866906,0.99977744,1.0649775
2025-01-01 16:47:00,0.85364926,1.0148271,1.1108297,0.85357565,1.037262,1.0248874,0.8755217,1.0213969,1.1251326,0.82763535,0.99864894,1.0243266,0.8702326,1.0297331,1.0499581,0.85072446,1.0464405,1.0227789,0.8199664,0.98191696,1.054877,0.8494064,1.0355054,1.025568,0.8439062,1.0130624,1.0531635,0.8452842,1.0201924,1.015216,0.838658,0.99974084,1.0649803
2025-01-01 16:48:00,0.85365635,1.0148184,1.1108387,0.853574,1.0372429,1.0248879,0.8755093,1.0213673,1.1251246,0.8276174,0.9986139,1.0243138,0.8702069,1.0296905,1.0499462,0.8507009,1.046397,1.022773,0.819958,0.98189574,1.0548799,0.8493971,1.0354775,1.0255783,0.8439036,1.0130411,1.0531766,0.8452795,1.0201674,1.0152261,0.8386504,0.99971247,1.0649829
2025-01-01 16:49:00,0.85366434,1.0148134,1.1108474,0.8535736,1.0372282,1.0248885,0.87549853,1.0213424,1.1251167,0.82760084,0.9985835,1.0243012,0.87018377,1.029654,1.0499343,0.85068023,1.0463606,1.0227672,0.819951,0.98187894,1.0548828,0.84939116,1.035457,1.0255885,0.843904,1.0130268,1.0531898,0.8452782,1.0201495,1.0152364,0.8386457,0.99969065,1.0649855
2025-01-01 16:50:00,0.853673,1.0148114,1.110856,0.85357416,1.0372169,1.0248889,0.8754891,1.0213213,1.1251088,0.8275854,0.99855673,1.0242884,0.8701627,1.0296223,1.0499223,0.8506618,1.0463301,1.0227615,0.81994516,0.9818657,1.0548856,0.84938776,1.0354425,1.0255988,0.8439068,1.0130179,1.0532029,0.8452796,1.0201375,1.0152464,0.83864325,0.99967414,1.0649881
2025-01-01 16:51:00,0.85368216,1.0148118,1.1108648,0.8535755,1.0372083,1.0248893,0.8754808,1.021303,1.1251009,0.8275708,0.99853295,1.0242757,0.87014323,1.0295944,1.0499105,0.85064524,1.0463041,1.0227557,0.81994027,0.9818553,1.0548886,0.8493866,1.0354326,1.0256091,0.8439116,1.0130134,1.053216,0.8452831,1.0201302,1.0152564,0.83864254,0.9996618,1.0649906
2025-01-01 16:52:00,0.8536917,1.014814,1.1108732,0.8535775,1.0372019,1.0248897,0.8754732,1.0212873,1.1250929,0.8275569,0.99851143,1.0242629,0.870125,1.0295696,1.0498986,0.85063016,1.0462818,1.02275,0.8199361,0.98184717,1.0548916,0.84938705,1.0354264,1.0256195,0.8439179,1.0130124,1.0532291,0.8452884,1.0201266,1.0152664,0.8386433,0.9996528,1.0649931
2025-01-01 16:53:00,0.8537016,1.0148178,1.1108817,0.85358,1.0371972,1.02489,0.87546635,1.0212735,1.1250849,0.82754356,0.9984918,1.0242501,0.8701078,1.0295472,1.0498868,0.8506163,1.0462625,1.0227444,0.8199325,0.9818409,1.0548947,0.84938884,1.0354234,1.0256299,0.8439254,1.0130141,1.0532422,0.845295,1.0201259,1.0152764,0.83864516,0.9996465,1.0649955
2025-01-01 16:54:00,0.8537117,1.0148228,1.1108902,0.85358286,1.037194,1.0248902,0.8754599,1.0212611,1.1250768,0.8275307,0.99847376,1.0242374,0.87009156,1.0295268,1.049875,0.8506034,1.0462456,1.0227388,0.8199295,0.9818361,1.0548978,0.8493918,1.0354228,1.0256404,0.84393394,1.0130181,1.0532553,0.84530276,1.0201275,1.0152863,0.8386479,0.99964225,1.0649979
2025-01-01 16:55:00,0.8537221,1.0148289,1.1108985,0.853586,1.0371919,1.0248903,0.8754539,1.0212498,1.1250687,0.8275181,0.9984568,1.0242246,0.8700759,1.029508,1.0498633,0.85059124,1.0462306,1.0227333,0.8199268,0.9818325,1.054901,0.8493957,1.0354241,1.0256509,0.8439433,1.013024,1.0532683,0.8453114,1.0201311,1.0152963,0.83865136,0.99963975,1.0650002
2025-01-01 16:56:00,0.85373265,1.0148356,1.1109068,0.85358936,1.0371904,1.0248904,0.8754482,1.0212395,1.1250606,0.82750577,0.9984408,1.0242119,0.87006074,1.0294905,1.0498515,0.8505797,1.0462172,1.0227278,0.8199245,0.98182994,1.0549042,0.8494002,1.035427,1.0256613,0.8439533,1.0130312,1.0532814,0.84532076,1.0201361,1.0153061,0.83865535,0.9996386,1.0650024
2025-01-01 16:57:00,0.8537432,1.014843,1.1109151,0.8535929,1.0371898,1.0248905,0.87544274,1.02123,1.1250523,0.82749367,0.99842554,1.024199,0.8700461,1.0294739,1.0498399,0.8505687,1.046205,1.0227225,0.81992245,0.9818281,1.0549076,0.8494054,1.0354311,1.0256718,0.8439638,1.0130396,1.0532945,0.84533054,1.0201424,1.0153159,0.8386598,0.99963844,1.0650046
2025-01-01 16:58:00,0.8537539,1.0148509,1.1109233,0.85359657,1.0371897,1.0248905,0.8754375,1.021221,1.1250441,0.82748175,0.9984109,1.0241863,0.8700317,1.0294582,1.0498282,0.85055816,1.046194,1.0227171,0.81992066,0.98182696,1.0549109,0.8494111,1.0354364,1.0256824,0.84397477,1.0130489,1.0533077,0.84534085,1.0201496,1.0153258,0.8386646,0.99963915,1.0650067
2025-01-01 16:59:00,0.8537647,1.014859,1.1109315,0.8536003,1.03719,1.0248904,0.8754323,1.0212126,1.1250358,0.82746994,0.9983967,1.0241734,0.8700176,1.029443,1.0498165,0.85054797,1.0461836,1.0227118,0.81991905,0.9818263,1.0549144,0.84941715,1.0354424,1.025693,0.84398603,1.013059,1.0533208,0.84535146,1.0201576,1.0153354,0.8386696,0.9996405,1.0650088
2025-01-01 17:00:00,0.8535572,1.0137585,1.1110836,0.85326093,1.0358696,1.0248322,0.8749483,1.0198523,1.1241925,0.82715976,0.9971007,1.024086,0.8693339,1.0277054,1.0496695,0.84982204,1.0441211,1.0226368,0.8196346,0.9806291,1.0547676,0.8486106,1.0333931,1.0256528,0.8432465,1.0111821,1.0531877,0.84453046,1.0181683,1.015293,0.8379848,0.9978518,1.0648142
2025-01-01 17:01:00,0.85339344,1.0128801,1.1111853,0.8529902,1.0348135,1.0247945,0.8745602,1.0187626,1.1236413,0.8269093,0.9960614,1.0240247,0.8687843,1.0263127,1.0495701,0.8492395,1.0424696,1.0225862,0.8194069,0.9796717,1.0546734,0.84796697,1.0317557,1.0256304,0.8426574,1.009683,1.0531057,0.843876,1.016579,1.0152688,0.8374381,0.9964216,1.0646886
2025-01-01 17:02:00,0.8532646,1.0121794,1.1112541,0.85277444,1.0339692,1.0247698,0.8742487,1.0178894,1.12328,0.82670665,0.9952275,1.0239805,0.86834204,1.0251962,1.0495014,0.84877175,1.0411471,1.0225517,0.81922466,0.9789061,1.0546135,0.8474536,1.0304476,1.0256195,0.84218866,1.0084865,1.0530571,0.84335494,1.0153099,1.0152564,0.837002,0.99527824,1.0646074
2025-01-01 17:03:00,0.85316366,1.0116206,1.1113017,0.8526026,1.033294,1.0247535,0.8739985,1.0171896,1.1230422,0.8265423,0.9945579,1.0239471,0.86798567,1.0243003,1.0494527,0.8483958,1.0400877,1.0225275,0.81907874,0.9782939,1.0545758,0.8470444,1.029403,1.0256163,0.84181625,1.0075319,1.0530301,0.8429404,1.0142967,1.0152516,0.8366542,0.99436426,1.0645552
2025-01-01 17:04:00,0.8530851,1.0111754,1.1113354,0.8524658,1.0327542,1.0247428,0.8737975,1.0166283,1.1228846,0.82640845,0.9940198,1.0239209,0.867698,1.0235813,1.0494169,0.8480934,1.0392388,1.02251,0.8189619,0.9778045,1.0545527,0.84671867,1.0285692,1.025618,0.84152085,1.0067707,1.053017,0.8426112,1.0134882,1.015252,0.83637714,0.99363387,1.0645219
2025-01-01 17:05:00,0.8530244,1.0108212,1.1113601,0.8523572,1.0323225,1.0247357,0.8736356,1.0161779,1.1227791,0.8262991,0.9935868,1.0238994,0.86746526,1.0230036,1.0493896,0.84784967,1.0385582,1.0224969,0.81886834,0.97741336,1.0545391,0.8464597,1.0279042,1.0256228,0.8412871,1.0061646,1.0530132,0.8423502,1.0128436,1.0152553,0.8361567,0.99305034,1.0645009
2025-01-01 17:06:00,0.85297805,1.0105398,1.1113788,0.8522711,1.0319777,1.0247308,0.87350506,1.0158162,1.1227076,0.8262093,0.9932379,1.023881,0.8672765,1.0225389,1.049368,0.84765303,1.0380125,1.0224868,0.8187934,0.9771008,1.0545316,0.84625405,1.027374,1.0256299,0.84110254,1.0056822,1.0530154,0.8421437,1.01233,1.0152609,0.8359814,0.9925842,1.0644878
2025-01-01 17:07:00,0.8529431,1.0103164,1.1113937,0.85220295,1.0317019,1.0247275,0.8733997,1.0155253,1.1226581,0.82613516,0.99295634,1.0238644,0.8671229,1.0221648,1.0493499,0.847494,1.0375745,1.0224785,0.81873333,0.9768511,1.054528,0.84609115,1.0269519,1.0256382,0.8409575,1.0052989,1.0530212,0.84198093,1.0119214,1.0152678,0.8358423,0.992212,1.0644797
2025-01-01 17:08:00,0.8529173,1.0101397,1.1114061,0.8521491,1.0314817,1.0247251,0.87331426,1.0152913,1.1226228,0.8260735,0.99272853,1.023849,0.8669974,1.021863,1.0493342,0.8473651,1.037223,1.0224713,0.8186853,0.9766518,1.0545272,0.84596246,1.0266161,1.0256474,0.84084404,1.0049949,1.0530297,0.8418531,1.0115967,1.0152756,0.8357322,0.9919149,1.0644749
2025-01-01 17:09:00,0.85289884,1.0100001,1.1114168,0.85210675,1.0313058,1.0247233,0.87324494,1.0151027,1.1225969,0.8260219,0.9925438,1.0238346,0.86689454,1.0216191,1.0493201,0.84726024,1.0369403,1.0224651,0.81864685,0.9764927,1.054528,0.8458611,1.0263493,1.0256573,0.8407558,1.0047542,1.0530396,0.8417532,1.011339,1.0152838,0.8356452,0.991678,1.0644724
2025-01-01 17:10:00,0.85288614,1.0098902,1.1114264,0.85207355,1.0311654,1.0247217,0.87318844,1.0149504,1.1225767,0.8259783,0.99239355,1.0238206,0.86680967,1.0214216,1.049307,0.8471747,1.036713,1.0224594,0.818616,0.9763658,1.0545299,0.8457816,1.0261378,1.0256675,0.84068775,1.0045644,1.0530506,0.8416755,1.0111349,1.0152924,0.8355767,0.9914891,1.0644712
2025-01-01 17:11:00,0.8528781,1.0098042,1.1114354,0.85204774,1.0310532,1.0247205,0.8731422,1.014827,1.1225606,0.825941,0.9922709,1.0238069,0.86673915,1.021261,1.0492944,0.8471046,1.0365298,1.0224541,0.8185913,0.9762648,1.0545328,0.8457197,1.0259707,1.025678,0.8406359,1.0044152,1.0530624,0.8416158,1.0109738,1.0153012,0.835523,0.9913387,1.064471
2025-01-01 17:12:00,0.8528738,1.0097373,1.1114438,0.8520277,1.0309637,1.0247194,0.8731041,1.0147269,1.122547,0.8259089,0.9921702,1.0237936,0.8666802,1.0211301,1.0492823,0.8470469,1.0363818,1.0224491,0.81857157,0.97618437,1.054536,0.8456718,1.0258389,1.0256889,0.840597,1.0042983,1.0530746,0.8415703,1.0108471,1.0153103,0.8354811,0.991219,1.0644712
2025-01-01 17:13:00,0.8528725,1.0096855,1.1114519,0.8520124,1.0308924,1.0247183,0.87307256,1.0146453,1.1225351,0.8258808,0.9920872,1.0237803,0.86663043,1.021023,1.0492705,0.8469991,1.0362623,1.0224444,0.8185558,0.97612053,1.0545396,0.8456351,1.0257355,1.0256999,0.8405684,1.0042074,1.0530871,0.84153634,1.0107477,1.0153192,0.8354487,0.99112386,1.0644718
2025-01-01 17:14:00,0.85287356,1.0096458,1.1114597,0.8520007,1.0308355,1.0247172,0.8730463,1.0145786,1.1225241,0.82585615,0.9920183,1.0237672,0.86658806,1.0209349,1.049259,0.8469592,1.0361654,1.0224397,0.8185432,0.9760699,1.0545435,0.8456074,1.0256547,1.0257108,0.8405481,1.0041374,1.0530998,0.8415114,1.0106703,1.0153283,0.83542377,0.9910484,1.0644726
2025-01-01 17:15:00,0.8528765,1.0096159,1.1114674,0.8519921,1.0307902,1.0247161,0.8730241,1.0145236,1.1225138,0.825834,0.9919606,1.0237541,0.86655164,1.0208621,1.0492474,0.8469257,1.0360866,1.0224352,0.8185331,0.9760299,1.0545475,0.84558696,1.025592,1.0257218,0.84053445,1.004084,1.0531125,0.84149384,1.0106105,1.0153372,0.83540493,0.9909887,1.0644734
2025-01-01 17:16:00,0.85288095,1.0095937,1.111475,0.8519858,1.0307542,1.0247151,0.8730053,1.0144782,1.122504,0.8258139,0.99191195,1.023741,0.8665199,1.0208013,1.0492362,0.8468972,1.0360223,1.0224307,0.8185251,0.97599834,1.0545517,0.8455723,1.0255439,1.025733,0.8405261,1.0040439,1.0531254,0.8414821,1.0105648,1.0153463,0.83539087,0.9909415,1.0644742
2025-01-01 17:17:00,0.85288656,1.0095779,1.1114824,0.8519814,1.0307256,1.024714,0.87298906,1.0144404,1.1224943,0.8257955,0.9918705,1.023728,0.86649203,1.0207504,1.0492249,0.8468728,1.0359696,1.0224262,0.81851876,0.97597355,1.054556,0.84556216,1.0255073,1.0257441,0.840522,1.0040145,1.0531383,0.841475,1.0105302,1.0153553,0.8353807,0.9909044,1.0644752
2025-01-01 17:18:00,0.8528931,1.0095669,1.1114898,0.8519785,1.0307028,1.0247129,0.872975,1.0144087,1.1224848,0.82577837,0.9918348,1.023715,0.8664671,1.0207071,1.0492138,0.8468517,1.0359262,1.022422,0.8185137,0.9759543,1.0545603,0.84555584,1.0254803,1.0257553,0.8405213,1.0039935,1.0531512,0.8414717,1.0105047,1.0153643,0.8353735,0.9908753,1.064476
2025-01-01 17:19:00,0.8529005,1.0095599,1.111497,0.85197675,1.0306847,1.0247116,0.8729626,1.0143818,1.1224755,0.82576233,0.9918037,1.023702,0.86644465,1.02067,1.0492027,0.8468332,1.0358905,1.0224178,0.8185097,0.97593933,1.0545648,0.84555244,1.0254605,1.0257666,0.8405233,1.0039793,1.0531642,0.8414713,1.0104864,1.0153732,0.8353688,0.9908526,1.064477
2025-01-01 17:20:00,0.85290843,1.009556,1.1115042,0.8519759,1.0306704,1.0247104,0.8729515,1.0143586,1.1224662,0.82574713,0.99177635,1.023689,0.86642414,1.0206381,1.0491916,0.8468169,1.0358604,1.0224135,0.81850666,0.97592795,1.0545694,0.84555143,1.0254468,1.0257778,0.8405275,1.0039706,1.0531771,0.84147334,1.0104736,1.0153822,0.835366,0.990835,1.0644778
2025-01-01 17:21:00,0.85291684,1.0095547,1.1115115,0.85197586,1.0306592,1.0247091,0.8729415,1.0143386,1.1224568,0.8257325,0.9917519,1.0236759,0.8664052,1.0206101,1.0491805,0.84680223,1.0358353,1.0224094,0.8185043,0.97591937,1.054574,0.8455524,1.0254378,1.0257891,0.84053344,1.0039663,1.0531901,0.8414772,1.0104655,1.0153911,0.83536476,0.9908215,1.0644786
2025-01-01 17:22:00,0.8529256,1.0095555,1.1115185,0.85197634,1.0306503,1.0247077,0.8729324,1.014321,1.1224475,0.8257185,0.9917298,1.0236629,0.8663875,1.0205853,1.0491695,0.8467889,1.035814,1.0224054,0.8185025,0.97591305,1.0545787,0.8455548,1.0254327,1.0258005,0.84054077,1.0039655,1.0532031,0.84148264,1.010461,1.0153998,0.8353647,0.9908112,1.0644794
2025-01-01 17:23:00,0.85293466,1.0095577,1.1115257,0.8519773,1.0306432,1.0247062,0.8729238,1.0143055,1.1224382,0.8257049,0.99170965,1.0236499,0.86637086,1.0205631,1.0491586,0.8467767,1.0357958,1.0224013,0.8185012,0.9759086,1.0545833,0.8455585,1.0254306,1.0258118,0.8405492,1.0039674,1.0532161,0.8414892,1.0104595,1.0154086,0.8353657,0.99080354,1.0644801
2025-01-01 17:24:00,0.85294396,1.0095613,1.1115327,0.85197866,1.0306377,1.0247048,0.8729158,1.0142914,1.1224289,0.8256916,0.9916909,1.0236368,0.86635494,1.0205431,1.0491476,0.8467654,1.0357801,1.0223973,0.8185003,0.97590554,1.0545881,0.8455633,1.0254309,1.0258232,0.8405585,1.0039716,1.053229,0.84149677,1.0104604,1.0154173,0.8353674,0.99079794,1.0644808
2025-01-01 17:25:00,0.85295343,1.0095658,1.1115396,0.8519802,1.0306334,1.0247033,0.8729082,1.0142787,1.1224195,0.8256785,0.9916734,1.0236238,0.8663397,1.0205245,1.0491366,0.84675485,1.0357664,1.0223935,0.8184997,0.9759037,1.054593,0.8455688,1.0254334,1.0258346,0.8405686,1.0039775,1.053242,0.84150505,1.0104631,1.015426,0.8353697,0.99079394,1.0644814
2025-01-01 17:26:00,0.85296303,1.0095713,1.1115465,0.85198206,1.03063,1.0247016,0.8729009,1.0142668,1.12241,0.8256657,0.99165684,1.0236107,0.86632496,1.0205073,1.0491258,0.8467449,1.0357543,1.0223895,0.8184994,0.9759028,1.0545979,0.84557503,1.0254374,1.025846,0.8405792,1.0039849,1.0532548,0.841514,1.0104672,1.0154347,0.83537245,0.99079126,1.0644819
2025-01-01 17:27:00,0.8529727,1.0095773,1.1115534,0.85198396,1.0306274,1.0247,0.8728938,1.0142558,1.1224006,0.8256531,0.99164104,1.0235977,0.86631066,1.0204912,1.049115,0.8467354,1.0357434,1.0223857,0.81849927,0.9759027,1.0546027,0.8455817,1.0254426,1.0258576,0.84059036,1.0039935,1.0532677,0.84152335,1.0104724,1.0154433,0.8353756,0.9907896,1.0644823
2025-01-01 17:28:00,0.8529824,1.0095838,1.1115603,0.85198605,1.0306253,1.0246983,0.87288696,1.0142454,1.1223911,0.8256405,0.99162585,1.0235846,0.86629665,1.020476,1.0491041,0.8467263,1.0357337,1.022382,0.8184994,0.9759032,1.0546077,0.8455889,1.0254489,1.025869,0.84060186,1.0040029,1.0532806,0.8415332,1.0104787,1.0154519,0.83537906,0.99078876,1.0644828
2025-01-01 17:29:00,0.85299224,1.0095907,1.1115671,0.85198814,1.0306238,1.0246965,0.8728802,1.0142353,1.1223816,0.82562804,0.9916112,1.0235715,0.866283,1.0204614,1.0490934,0.8467175,1.0357246,1.0223783,0.8184997,0.9759043,1.0546128,0.84559643,1.025456,1.0258806,0.84061366,1.0040132,1.0532936,0.8415432,1.0104858,1.0154604,0.8353827,0.9907886,1.0644832
2025-01-01 17:30:00,0.8528098,1.0084536,1.1111803,0.8516751,1.0292125,1.0245327,0.87239903,1.0128567,1.1209862,0.82541746,0.9903338,1.0233837,0.8656394,1.0186839,1.048684,0.8460722,1.0336335,1.0222045,0.8183126,0.9747421,1.0541825,0.8448906,1.0234162,1.0257386,0.83996946,1.0021766,1.0529087,0.8408511,1.0085576,1.0153251,0.8348151,0.9890808,1.0640063
2025-01-01 17:31:00,0.85266584,1.0075457,1.1109312,0.8514252,1.0280836,1.0244254,0.87201285,1.0117522,1.1200757,0.8252466,0.9893093,1.023257,0.865122,1.0172595,1.0484141,0.8455545,1.0319595,1.0220904,0.8181631,0.9738131,1.0539049,0.84432775,1.0217865,1.0256503,0.8394567,1.00071,1.052663,0.8402997,1.007017,1.01524,0.8343619,0.98771507,1.0636965
2025-01-01 17:32:00,0.8525526,1.0068209,1.1107715,0.8512257,1.0271803,1.024355,0.8717027,1.010867,1.1194805,0.82510746,0.98848706,1.0231701,0.8647056,1.0161177,1.0482349,0.8451388,1.0306191,1.022015,0.81804377,0.97307056,1.0537262,0.84387934,1.0204847,1.025597,0.8390491,0.9995393,1.0525076,0.8398608,1.0057865,1.0151876,0.83400023,0.98662287,1.0634952
2025-01-01 17:33:00,0.852464,1.0062426,1.1106701,0.85106647,1.0264578,1.0243086,0.87145317,1.0101571,1.1190902,0.82499367,0.98782676,1.023109,0.86437,1.0152018,1.0481149,0.8448048,1.0295459,1.0219648,0.8179485,0.9724772,1.0536119,0.84352237,1.0194455,1.0255665,0.8387256,0.99860543,1.0524112,0.8395119,1.004804,1.0151565,0.8337117,0.98574954,1.0633643
2025-01-01 17:34:00,0.8523951,1.0057818,1.1106064,0.8509396,1.0258797,1.0242776,0.87125236,1.0095876,1.1188332,0.8249002,0.987296,1.0230649,0.86409897,1.0144668,1.0480331,0.8445362,1.0286862,1.0219312,0.8178726,0.97200316,1.0535395,0.84323865,1.0186163,1.0255506,0.83846945,0.9978609,1.052353,0.83923495,1.00402,1.015139,0.8334818,0.98505133,1.0632793
2025-01-01 17:35:00,0.8523419,1.0054147,1.1105673,0.8508385,1.0254173,1.0242566,0.87109035,1.0091302,1.1186626,0.82482296,0.98686874,1.0230315,0.8638796,1.0138766,1.0479763,0.8443198,1.0279974,1.0219079,0.817812,0.9716246,1.0534942,0.84301347,1.017955,1.0255445,0.8382671,0.99726796,1.0523196,0.83901566,1.0033947,1.0151306,0.8332986,0.98449314,1.063224
2025-01-01 17:36:00,0.8523013,1.0051228,1.1105441,0.850758,1.0250474,1.0242422,0.8709594,1.0087628,1.1185482,0.82475877,0.9865244,1.0230051,0.8637017,1.013402,1.0479357,0.8441453,1.0274452,1.021892,0.8177639,0.97132254,1.0534669,0.8428352,1.0174282,1.0255448,0.8381078,0.9967962,1.0523025,0.8388424,1.0028964,1.0151279,0.83315295,0.984047,1.0631878
2025-01-01 17:37:00,0.8522708,1.0048907,1.1105311,0.850694,1.0247514,1.024232,0.87085336,1.0084671,1.1184704,0.82470495,0.98624635,1.0229834,0.86355686,1.01302,1.0479056,0.8440043,1.0270025,1.0218803,0.81772566,0.97108155,1.053451,0.84269446,1.0170087,1.0255489,0.837983,0.99642134,1.0522958,0.83870596,1.0024997,1.0151291,0.83303726,0.9836904,1.0631645
2025-01-01 17:38:00,0.8522483,1.0047067,1.1105249,0.8506432,1.0245144,1.0242246,0.8707672,1.0082289,1.1184164,0.82465947,0.98602134,1.0229647,0.8634385,1.0127121,1.0478823,0.84389,1.0266473,1.0218716,0.8176954,0.97088945,1.0534427,0.8425838,1.0166754,1.0255558,0.8378858,0.99612415,1.0522959,0.838599,1.0021843,1.0151325,0.83294547,0.98340553,1.0631491
2025-01-01 17:39:00,0.8522322,1.0045611,1.110523,0.8506029,1.0243249,1.0242189,0.8706969,1.0080366,1.1183777,0.8246206,0.9858387,1.022948,0.8633413,1.0124635,1.0478637,0.8437972,1.0263622,1.021865,0.8176714,0.97073656,1.0534391,0.84249705,1.016411,1.0255644,0.8378106,0.99588895,1.0523006,0.8385157,1.0019338,1.0151377,0.8328728,0.983178,1.0631391
2025-01-01 17:40:00,0.85222125,1.0044461,1.1105239,0.85057104,1.0241731,1.0242143,0.8706393,1.007881,1.1183492,0.82458705,0.9856901,1.0229325,0.8632611,1.0122623,1.047848,0.84372157,1.0261331,1.0218596,0.81765264,0.97061497,1.0534389,0.8424296,1.0162014,1.0255741,0.83775306,0.99570346,1.0523078,0.8384512,1.0017354,1.0151438,0.83281547,0.9829963,1.0631323
2025-01-01 17:41:00,0.8522144,1.0043558,1.1105267,0.8505459,1.0240517,1.0242105,0.87059194,1.0077548,1.118327,0.8245577,0.98556864,1.0229179,0.86319447,1.0120991,1.047834,0.8436597,1.0259488,1.0218551,0.81763786,0.97051847,1.0534408,0.8423775,1.016036,1.0255846,0.8377096,0.9955576,1.0523171,0.83840173,1.0015786,1.0151504,0.83277035,0.98285127,1.0631279
2025-01-01 17:42:00,0.8522108,1.0042851,1.1105306,0.85052615,1.0239543,1.024207,0.8705526,1.0076522,1.1183091,0.8245318,0.98546886,1.0229038,0.8631387,1.0119662,1.0478215,0.8436088,1.0258003,1.0218512,0.81762636,0.97044206,1.053444,0.84233767,1.0159059,1.0255957,0.8376775,0.99544364,1.0523276,0.83836436,1.0014551,1.0151576,0.832735,0.9827356,1.0631247
2025-01-01 17:43:00,0.85220987,1.0042301,1.1105353,0.85051066,1.0238763,1.0242038,0.87051976,1.0075682,1.1182939,0.8245086,0.9853865,1.0228901,0.8630916,1.0118576,1.0478096,0.8435667,1.0256807,1.0218476,0.8176176,0.9703817,1.0534482,0.84230775,1.0158039,1.0256069,0.8376544,0.995355,1.0523388,0.83833665,1.001358,1.015165,0.8327075,0.98264337,1.0631225
2025-01-01 17:44:00,0.85221094,1.0041876,1.1105404,0.85049856,1.0238138,1.0242008,0.87049216,1.0074995,1.1182804,0.82448757,0.98531795,1.0228766,0.8630514,1.0117685,1.0477984,0.8435318,1.025584,1.0218443,0.81761086,0.9703341,1.053453,0.84228575,1.0157245,1.0256184,0.83763856,0.9952867,1.0523506,0.8383166,1.0012823,1.0151725,0.83268625,0.9825699,1.063121
2025-01-01 17:45:00,0.8522137,1.0041552,1.1105458,0.85048926,1.0237637,1.0241979,0.8704687,1.0074427,1.1182681,0.82446826,0.98526055,1.0228633,0.86301684,1.0116948,1.0477875,0.8435024,1.0255057,1.0218413,0.81760585,0.9702969,1.0534581,0.84227,1.0156633,1.0256301,0.8376285,0.99523467,1.0523627,0.83830273,1.0012237,1.01518,0.83267,0.98251134,1.0631196
2025-01-01 17:46:00,0.8522178,1.0041307,1.1105512,0.85048205,1.0237235,1.0241951,0.87044847,1.0073954,1.1182566,0.8244503,0.985212,1.0228499,0.86298674,1.0116336,1.047777,0.8434776,1.0254421,1.0218383,0.8176022,0.970268,1.0534636,0.84225935,1.0156164,1.025642,0.8376231,0.99519575,1.0523748,0.8382938,1.0011785,1.0151876,0.83265764,0.9824648,1.0631186
2025-01-01 17:47:00,0.85222286,1.0041127,1.1105568,0.8504766,1.023691,1.0241922,0.8704308,1.0073558,1.1182454,0.82443345,0.9851706,1.0228368,0.8629602,1.0115825,1.0477666,0.84345645,1.0253903,1.0218356,0.8175997,0.97024566,1.0534693,0.8422528,1.0155813,1.0256538,0.8376214,0.9951671,1.0523872,0.8382887,1.0011443,1.0151953,0.8326485,0.98242784,1.0631175
2025-01-01 17:48:00,0.8522288,1.0040998,1.1105626,0.85047257,1.023665,1.0241892,0.87041533,1.0073224,1.1182345,0.8244175,0.9851349,1.0228236,0.8629365,1.0115392,1.0477562,0.84343815,1.025348,1.0218328,0.8175981,0.9702287,1.0534751,0.84224945,1.0155553,1.0256658,0.8376226,0.9951468,1.0523999,0.8382869,1.0011188,1.0152029,0.8326419,0.9823985,1.0631166
2025-01-01 17:49:00,0.85223544,1.0040909,1.1105683,0.8504695,1.0236439,1.0241863,0.87040144,1.0072938,1.1182239,0.8244022,0.9851037,1.0228105,0.8629151,1.0115025,1.0477461,0.84342223,1.0253133,1.0218302,0.81759727,0.97021586,1.0534811,0.84224874,1.0155367,1.0256778,0.8376262,0.9951332,1.0524124,0.8382875,1.0011001,1.0152105,0.83263725,0.9823753,1.0631156
2025-01-01 17:50:00,0.8522426,1.0040854,1.1105739,0.8504674,1.0236269,1.0241834,0.8703889,1.0072693,1.1182133,0.8243875,0.9850761,1.0227973,0.8628955,1.0114707,1.0477358,0.8434082,1.0252844,1.0218277,0.81759703,0.97020656,1.0534871,0.84225017,1.015524,1.0256898,0.8376317,0.99512494,1.0524249,0.8382901,1.0010871,1.0152181,0.8326342,0.982357,1.0631146
2025-01-01 17:51:00,0.8522501,1.0040823,1.1105795,0.8504659,1.0236131,1.0241803,0.8703775,1.0072478,1.1182028,0.82437325,0.9850515,1.0227842,0.8628774,1.0114431,1.0477258,0.8433957,1.0252607,1.0218252,0.81759727,0.97019994,1.0534933,0.8422532,1.015516,1.0257019,0.8376387,0.9951209,1.0524374,0.83829427,1.0010784,1.0152256,0.8326325,0.98234254,1.0631138
2025-01-01 17:52:00,0.8522579,1.0040815,1.1105852,0.85046494,1.0236019,1.0241773,0.8703668,1.0072289,1.1181923,0.8243593,0.9850293,1.0227711,0.8628605,1.0114188,1.0477159,0.84338444,1.0252407,1.0218228,0.8175979,0.97019553,1.0534995,0.8422577,1.015512,1.0257139,0.83764696,0.9951203,1.0524501,0.8382997,1.0010732,1.0152332,0.8326317,0.98233116,1.0631129
2025-01-01 17:53:00,0.852266,1.0040822,1.1105907,0.85046434,1.0235926,1.0241741,0.87035686,1.0072118,1.1181817,0.8243456,0.98500884,1.022758,0.8628446,1.0113972,1.0477059,0.84337413,1.025224,1.0218204,0.8175989,0.9701929,1.0535058,0.8422632,1.0155109,1.0257261,0.8376562,0.9951224,1.0524626,0.8383061,1.001071,1.0152406,0.8326317,0.98232234,1.0631118
2025-01-01 17:54:00,0.8522743,1.0040842,1.1105963,0.8504641,1.023585,1.024171,0.8703473,1.0071963,1.1181713,0.8243322,0.9849899,1.0227449,0.86282945,1.0113777,1.047696,0.84336466,1.0252095,1.0218182,0.81760013,0.9701917,1.0535121,0.8422696,1.0155123,1.0257382,0.83766615,0.9951266,1.0524751,0.83831334,1.001071,1.015248,0.83263236,0.9823154,1.0631107
2025-01-01 17:55:00,0.8522827,1.0040873,1.1106018,0.8504641,1.0235785,1.0241678,0.87033826,1.0071822,1.1181607,0.82431895,0.9849721,1.0227318,0.86281484,1.0113598,1.0476861,0.84335583,1.0251973,1.0218159,0.81760156,0.9701916,1.0535184,0.84227675,1.0155158,1.0257504,0.83767676,0.9951327,1.0524877,0.83832127,1.0010726,1.0152552,0.83263355,0.98231006,1.0631096
2025-01-01 17:56:00,0.85229117,1.0040913,1.1106071,0.8504643,1.0235732,1.0241644,0.8703295,1.0071689,1.1181502,0.8243058,0.9849553,1.0227187,0.8628008,1.0113432,1.0476763,0.84334755,1.0251867,1.0218136,0.8176033,0.9701925,1.0535249,0.8422845,1.0155208,1.0257626,0.8376879,0.9951401,1.0525002,0.8383297,1.0010759,1.0152626,0.83263505,0.98230594,1.0631084
2025-01-01 17:57:00,0.85229975,1.0040958,1.1106125,0.8504646,1.0235686,1.0241611,0.870321,1.0071565,1.1181397,0.8242928,0.9849393,1.0227057,0.8627871,1.0113279,1.0476665,0.8433397,1.0251774,1.0218115,0.81760514,0.97019416,1.0535314,0.84229267,1.015527,1.0257747,0.83769935,0.99514854,1.0525126,0.83833843,1.0010802,1.0152698,0.83263683,0.9823028,1.0631073
2025-01-01 17:58:00,0.8523084,1.0041008,1.1106179,0.850465,1.0235646,1.0241578,0.8703127,1.0071447,1.1181291,0.82427984,0.9849238,1.0226926,0.8627738,1.0113133,1.0476568,0.8433321,1.025169,1.0218095,0.8176071,0.97019637,1.0535378,0.8423012,1.0155343,1.025787,0.8377112,0.99515796,1.0525252,0.8383475,1.0010853,1.015277,0.83263886,0.9823004,1.063106
2025-01-01 17:59:00,0.8523171,1.0041063,1.1106231,0.8504655,1.0235612,1.0241543,0.87030447,1.0071334,1.1181184,0.82426697,0.9849088,1.0226794,0.8627607,1.0112995,1.047647,0.8433249,1.0251616,1.0218074,0.81760925,0.97019917,1.0535444,0.8423101,1.0155424,1.0257992,0.8377233,0.9951681,1.0525377,0.83835685,1.0010912,1.0152842,0.832641,0.9822987,1.0631045
2025-01-01 18:00:00,0.852163,1.0029526,1.1097044,0.8501843,1.0220844,1.0238878,0.8698346,1.005761,1.1161959,0.8241597,0.98367256,1.0223944,0.8621687,1.0095139,1.0469825,0.84277165,1.0230788,1.0215383,0.81752276,0.9690926,1.0528388,0.84171754,1.013548,1.0255581,0.83718574,0.99340457,1.0519078,0.8378061,0.9992583,1.0150584,0.8322007,0.98070186,1.0623543
2025-01-01 18:01:00,0.8520415,1.002031,1.1091089,0.8499595,1.0209024,1.0237132,0.8694572,1.0046612,1.1149426,0.82407135,0.9826809,1.0222046,0.8616927,1.008083,1.0465473,0.84232795,1.0214117,1.0213627,0.8174541,0.9682084,1.0523826,0.84124553,1.0119548,1.0254058,0.8367583,0.9919963,1.0515027,0.83736753,0.9977936,1.014914,0.831849,0.9794246,1.061866
2025-01-01 18:02:00,0.851946,1.0012951,1.1087236,0.8497797,1.0199566,1.0235986,0.8691537,1.0037795,1.1141241,0.8239981,0.9818851,1.0220767,0.8613095,1.0069362,1.0462611,0.84197176,1.0200773,1.0212479,0.8173998,0.96750194,1.0520884,0.84087,1.0106825,1.025311,0.836419,0.99087226,1.0512438,0.8370187,0.9966236,1.0148227,0.8315681,0.97840285,1.0615481
2025-01-01 18:03:00,0.8518714,1.0007077,1.1084749,0.849636,1.0191996,1.0235226,0.8689093,1.0030723,1.1135883,0.823937,0.9812457,1.021989,0.86100066,1.0060167,1.0460718,0.84168565,1.019009,1.0211726,0.8173569,0.9669378,1.0518996,0.84057164,1.009667,1.0252538,0.83615017,0.98997563,1.0510798,0.8367417,0.9956892,1.0147656,0.831344,0.9775855,1.0613409
2025-01-01 18:04:00,0.8518133,1.0002393,1.1083149,0.8495212,1.0185937,1.023472,0.86871225,1.0025045,1.1132362,0.82388556,0.9807316,1.0219274,0.86075115,1.0052788,1.0459454,0.84145564,1.0181537,1.0211232,0.81732315,0.96648747,1.0517793,0.840335,1.0088569,1.0252209,0.83593774,0.9892609,1.0509773,0.83652204,0.9949435,1.0147309,0.8311652,0.9769317,1.0612055
2025-01-01 18:05:00,0.8517687,0.9998658,1.1082127,0.84942937,1.0181085,1.0234376,0.868553,1.0020484,1.1130035,0.82384187,0.9803177,1.0218828,0.86054915,1.0046865,1.0458599,0.84127045,1.0174686,1.0210905,0.81729674,0.96612823,1.0517036,0.8401478,1.0082111,1.0252038,0.8357704,0.9886917,1.0509152,0.8363484,0.9943486,1.0147109,0.8310227,0.9764087,1.0611169
2025-01-01 18:06:00,0.8517346,0.9995683,1.1081479,0.84935594,1.01772,1.023414,0.868424,1.0016816,1.1128484,0.8238044,0.9799839,1.0218492,0.8603852,1.0042104,1.0458012,0.8411212,1.0169199,1.0210688,0.81727624,0.9658418,1.0516567,0.8400001,1.0076969,1.0251971,0.8356392,0.9882389,1.0508791,0.8362115,0.9938744,1.0147002,0.83090913,0.9759904,1.0610586
2025-01-01 18:07:00,0.851709,0.99933165,1.1081073,0.84929734,1.0174088,1.0233972,0.86831915,1.0013862,1.1127437,0.82377183,0.97971433,1.0218228,0.86025167,1.0038273,1.0457597,0.8410006,1.0164802,1.021054,0.81726044,0.96561384,1.0516287,0.839884,1.0072879,1.0251971,0.83553684,0.9878792,1.05086,0.836104,0.99349666,1.0146954,0.8308188,0.9756558,1.0610201
2025-01-01 18:08:00,0.85169023,0.99914366,1.1080827,0.84925044,1.0171595,1.0233849,0.86823374,1.0011479,1.112672,0.82374316,0.97949606,1.0218011,0.8601425,1.0035188,1.0457295,0.84090304,1.0161277,1.021044,0.81724846,0.96543247,1.0516131,0.8397932,1.0069629,1.0252014,0.8354575,0.98759407,1.0508518,0.8360199,0.9931962,1.0146948,0.83074695,0.9753881,1.0609945
2025-01-01 18:09:00,0.8516769,0.9989946,1.1080683,0.849213,1.0169595,1.0233754,0.8681637,1.0009555,1.1126214,0.8237178,0.9793188,1.0217825,0.8600528,1.0032699,1.0457065,0.8408239,1.0158451,1.021037,0.8172395,0.9652884,1.0516053,0.83972263,1.0067053,1.0252086,0.8353967,0.9873685,1.0508507,0.83595467,0.9929574,1.0146966,0.83068997,0.975174,1.0609771
2025-01-01 18:10:00,0.8516679,0.99887663,1.1080607,0.849183,1.0167993,1.0233678,0.8681061,1.0007994,1.1125847,0.8236948,0.9791744,1.0217657,0.8599787,1.0030684,1.0456885,0.8407595,1.0156183,1.021032,0.817233,0.9651742,1.0516028,0.8396684,1.0065014,1.0252177,0.8353507,0.98719066,1.0508544,0.8359044,0.9927681,1.0147,0.8306448,0.9750027,1.060965
2025-01-01 18:11:00,0.8516623,0.9987835,1.1080571,0.84915906,1.0166706,1.0233614,0.8680584,1.0006727,1.1125569,0.82367396,0.97905624,1.0217503,0.85991704,1.0029054,1.0456735,0.84070694,1.0154363,1.0210283,0.8172285,0.96508396,1.0516038,0.839627,1.0063407,1.0252278,0.8353165,0.9870509,1.050861,0.83586615,0.99261826,1.0147046,0.83060914,0.9748657,1.0609564
2025-01-01 18:12:00,0.85165954,0.9987104,1.1080565,0.84913987,1.0165671,1.0233557,0.8680185,1.0005692,1.112535,0.8236547,0.9789591,1.0217358,0.85986537,1.0027728,1.0456606,0.8406638,1.01529,1.0210254,0.81722546,0.96501285,1.0516069,0.83959603,1.0062146,1.0252389,0.83529174,0.9869417,1.0508696,0.83583754,0.9925,1.0147098,0.830581,0.974756,1.0609499
2025-01-01 18:13:00,0.85165894,0.99865305,1.1080576,0.84912455,1.0164839,1.0233505,0.86798495,1.0004846,1.1125168,0.8236367,0.97887874,1.0217218,0.85982174,1.0026647,1.0456489,0.84062815,1.0151722,1.0210233,0.8172238,0.96495706,1.0516115,0.8395734,1.0061159,1.0252504,0.8352746,0.9868568,1.0508794,0.8358166,0.992407,1.0147154,0.8305589,0.9746682,1.060945
2025-01-01 18:14:00,0.8516601,0.99860847,1.1080598,0.8491123,1.0164169,1.0233457,0.86795646,1.0004148,1.1125011,0.8236198,0.97881186,1.0217081,0.8597845,1.002576,1.0456383,0.84059864,1.0150775,1.0210215,0.8172231,0.96491355,1.0516171,0.83955735,1.0060394,1.0252624,0.83526343,0.9867915,1.05089,0.8358018,0.9923343,1.0147213,0.8305417,0.974598,1.0609411
2025-01-01 18:15:00,0.85166264,0.9985741,1.1080627,0.8491024,1.0163628,1.0233408,0.867932,1.000357,1.1124871,0.82360363,0.9787557,1.0216947,0.85975236,1.002503,1.0456281,0.84057397,1.0150009,1.0210199,0.81722325,0.9648799,1.0516235,0.8395467,1.0059806,1.0252745,0.8352572,0.9867418,1.0509012,0.8357919,0.9922777,1.0147272,0.8305282,0.9745417,1.0609376
2025-01-01 18:16:00,0.85166633,0.9985478,1.1080662,0.8490944,1.016319,1.0233362,0.86791074,1.0003088,1.112474,0.8235881,0.97870815,1.0216813,0.85972434,1.0024425,1.0456184,0.8405532,1.0149392,1.0210187,0.8172241,0.964854,1.0516301,0.83954036,1.0059358,1.0252869,0.8352548,0.9867046,1.0509126,0.83578587,0.992234,1.0147333,0.8305179,0.97449666,1.0609345
2025-01-01 18:17:00,0.8516708,0.998528,1.1080699,0.84908795,1.0162835,1.0233316,0.867892,1.0002682,1.1124614,0.8235731,0.9786675,1.0216682,0.8596996,1.002392,1.045609,0.84053564,1.0148891,1.0210174,0.8172255,0.9648345,1.0516372,0.8395374,1.0059024,1.0252993,0.83525544,0.9866774,1.0509243,0.83578295,0.9922007,1.0147394,0.8305099,0.9744605,1.0609317
2025-01-01 18:18:00,0.851676,0.99851334,1.1080737,0.84908277,1.0162547,1.0233271,0.86787534,1.0002338,1.1124494,0.82355857,0.9786324,1.0216552,0.8596776,1.0023497,1.0455998,0.84052056,1.0148486,1.0210164,0.81722736,0.96482,1.0516442,0.8395372,1.0058781,1.0253118,0.83525866,0.98665816,1.0509361,0.8357825,0.9921755,1.0147455,0.83050394,0.9744315,1.060929
2025-01-01 18:19:00,0.8516817,0.99850285,1.1080778,0.84907854,1.016231,1.0233223,0.86786026,1.0002042,1.1124375,0.8235443,0.97860163,1.0216421,0.85965765,1.0023136,1.0455906,0.84050745,1.0148156,1.0210154,0.8172296,0.96480966,1.0516516,0.8395392,1.005861,1.0253242,0.8352638,0.9866453,1.050948,0.8357841,0.99215704,1.0147516,0.8304995,0.9744082,1.0609262
2025-01-01 18:20:00,0.85168785,0.9984957,1.1080817,0.849075,1.0162115,1.0233178,0.86784655,1.0001785,1.1124258,0.8235304,0.97857445,1.0216291,0.85963935,1.0022827,1.0455817,0.840496,1.0147885,1.0210146,0.8172322,0.9648025,1.051659,0.839543,1.0058497,1.0253369,0.8352705,0.98663753,1.05096,0.8357873,0.9921438,1.0147576,0.83049625,0.9743895,1.0609236
2025-01-01 18:21:00,0.8516944,0.99849105,1.1080858,0.8490721,1.0161954,1.0233132,0.8678338,1.0001558,1.1124142,0.8235166,0.9785501,1.0216161,0.8596225,1.0022562,1.0455728,0.8404859,1.0147663,1.0210137,0.817235,0.964798,1.0516665,0.8395482,1.0058432,1.0253495,0.8352785,0.98663384,1.0509719,0.83579165,0.99213475,1.0147637,0.830494,0.97437435,1.0609208
2025-01-01 18:22:00,0.85170114,0.9984886,1.1080897,0.84906965,1.016182,1.0233084,0.8678219,1.0001357,1.1124028,0.823503,0.97852796,1.0216032,0.8596066,1.0022327,1.0455639,0.84047675,1.0147481,1.021013,0.81723803,0.9647956,1.0516742,0.8395545,1.0058402,1.0253621,0.8352875,0.9866334,1.0509839,0.83579713,0.992129,1.0147698,0.8304925,0.97436213,1.0609182
2025-01-01 18:23:00,0.8517081,0.9984878,1.1080936,0.84906757,1.0161706,1.0233036,0.86781055,1.0001174,1.1123914,0.82348955,0.97850764,1.0215902,0.8595917,1.0022119,1.0455552,0.8404686,1.014733,1.0210124,0.81724125,0.9647949,1.0516819,0.8395617,1.0058403,1.0253749,0.83529735,0.9866357,1.0509958,0.8358033,0.99212605,1.0147758,0.8304916,0.9743522,1.0609155
2025-01-01 18:24:00,0.8517152,0.99848825,1.1080976,0.8490658,1.016161,1.0232989,0.86779976,1.0001009,1.1123799,0.82347625,0.97848874,1.0215774,0.85957754,1.0021933,1.0455465,0.8404611,1.0147203,1.0210118,0.81724465,0.9647955,1.0516897,0.8395697,1.0058427,1.0253875,0.8353078,0.98664,1.0510077,0.8358101,0.99212515,1.0147816,0.8304912,0.9743441,1.0609127
2025-01-01 18:25:00,0.8517224,0.99848986,1.1081014,0.8490642,1.0161526,1.023294,0.8677894,1.0000856,1.1123685,0.82346296,0.97847104,1.0215644,0.8595639,1.0021765,1.0455378,0.8404541,1.0147097,1.0210112,0.81724817,0.9647972,1.0516975,0.83957833,1.0058471,1.0254002,0.83531874,0.98664594,1.0510197,0.8358174,0.9921259,1.0147874,0.83049107,0.9743374,1.0609099
2025-01-01 18:26:00,0.85172975,0.99849224,1.1081052,0.84906274,1.0161453,1.0232891,0.8677793,1.0000713,1.112357,0.82344973,0.97845423,1.0215515,0.8595507,1.002161,1.0455292,0.8404476,1.0147008,1.0210108,0.8172518,0.9647999,1.0517054,0.83958745,1.0058529,1.0254129,0.8353301,0.98665327,1.0510316,0.83582515,0.9921281,1.0147933,0.83049136,0.9743319,1.060907
2025-01-01 18:27:00,0.8517371,0.9984952,1.108109,0.8490615,1.0161389,1.0232841,0.8677695,1.0000577,1.1123455,0.82343656,0.9784381,1.0215386,0.8595379,1.0021465,1.0455207,0.8404415,1.0146931,1.0210104,0.81725556,0.9648032,1.0517132,0.8395969,1.0058601,1.0254257,0.8353419,0.9866616,1.0510435,0.83583313,0.9921313,1.014799,0.8304918,0.9743273,1.060904
2025-01-01 18:28:00,0.8517445,0.99849874,1.1081127,0.84906024,1.0161332,1.0232791,0.86775976,1.0000448,1.112334,0.82342345,0.97842264,1.0215257,0.85952544,1.002133,1.0455122,0.84043574,1.0146865,1.02101,0.8172594,0.96480715,1.0517212,0.8396067,1.0058683,1.0254384,0.8353538,0.98667073,1.0510553,0.83584136,0.9921353,1.0148047,0.8304924,0.97432345,1.060901
2025-01-01 18:29:00,0.85175186,0.9985027,1.1081164,0.84905905,1.016128,1.0232741,0.8677502,1.0000323,1.1123224,0.8234104,0.9784076,1.0215129,0.8595132,1.0021203,1.0455036,0.84043026,1.0146807,1.0210097,0.81726336,0.9648115,1.0517292,0.8396168,1.0058773,1.0254512,0.835366,0.9866806,1.0510671,0.8358497,0.99214,1.0148103,0.83049303,0.9743201,1.0608981
2025-01-01 18:30:00,0.8516288,0.99735296,1.1066821,0.84881485,1.0146116,1.0229095,0.86730015,0.9986907,1.109907,0.82340837,0.97723466,1.0211358,0.8589833,1.0003581,1.0445961,0.83997893,1.0126433,1.0206497,0.8172791,0.9637803,1.0507607,0.83914804,1.0039638,1.0251154,0.83494484,0.98502165,1.0502036,0.8354502,0.99043506,1.0144982,0.83018786,0.97286296,1.0598875
2025-01-01 18:31:00,0.85153186,0.9964342,1.1057509,0.8486192,1.0133978,1.0226709,0.8669383,0.99761534,1.108333,0.8234042,0.9762937,1.0208862,0.8585571,0.9989464,1.0440031,0.8396171,1.011013,1.0204155,0.8172926,0.96295655,1.050134,0.8387753,1.0024354,1.0249016,0.83461046,0.98369694,1.0496463,0.8351323,0.9890726,1.0142972,0.8299439,0.97169703,1.0592294
2025-01-01 18:32:00,0.85145575,0.99570024,1.105147,0.84846246,1.0124263,1.0225139,0.8666469,0.99675286,1.1073056,0.82339823,0.9755383,1.0207195,0.8582139,0.99781513,1.0436149,0.8393267,1.0097083,1.0202634,0.81730425,0.9622989,1.0497296,0.8384793,1.0012153,1.024767,0.8343456,0.9826396,1.0492882,0.8348799,0.98798406,1.0141685,0.8297489,0.97076404,1.0588005
2025-01-01 18:33:00,0.8513963,0.9951142,1.1047554,0.8483369,1.0116482,1.0224099,0.86641204,0.99606085,1.1066338,0.82339084,0.97493136,1.0206066,0.85793716,0.9969081,1.0433595,0.83909357,1.0086641,1.0201645,0.8173145,0.9617741,1.0494695,0.8382448,1.0002416,1.0246841,0.83413625,0.9817963,1.0490594,0.83467966,0.98711467,1.0140866,0.8295932,0.9700174,1.0585206
2025-01-01 18:34:00,0.8513502,0.99464643,1.1045022,0.8482361,1.0110251,1.0223404,0.86622226,0.99550503,1.1061931,0.8233823,0.97444326,1.0205289,0.8577135,0.99618065,1.0431908,0.8389062,1.0078284,1.0201002,0.8173236,0.96135557,1.0493033,0.8380594,0.9994651,1.0246347,0.8339714,0.9811242,1.0489149,0.8345213,0.9864206,1.0140353,0.8294687,0.9694198,1.0583373
2025-01-01 18:35:00,0.8513147,0.99427325,1.1043386,0.84815526,1.0105258,1.0222933,0.8660686,0.9950583,1.1059024,0.8233729,0.9740501,1.0204737,0.8575325,0.9955967,1.0430783,0.8387555,1.0071595,1.0200585,0.81733185,0.9610221,1.0491983,0.83791333,0.9988463,1.0246071,0.8338421,0.9805889,1.0488249,0.83439636,0.9858667,1.0140038,0.82936937,0.9689414,1.0582172
2025-01-01 18:36:00,0.85128784,0.9939757,1.1042334,0.84809023,1.0101258,1.0222608,0.8659438,0.9946987,1.1057094,0.8233627,0.97373295,1.0204335,0.8573854,0.99512756,1.0430024,0.83863413,1.0066239,1.0200316,0.81733936,0.9607566,1.0491328,0.83779883,0.9983538,1.0245937,0.83374125,0.9801632,1.0487705,0.8342982,0.98542506,1.0139852,0.82929,0.9685584,1.0581378
2025-01-01 18:37:00,0.8512677,0.9937387,1.1041662,0.84803796,1.0098051,1.0222377,0.86584216,0.9944089,1.1055799,0.82335204,0.97347665,1.0204029,0.85726553,0.9947504,1.04295,0.8385362,1.006195,1.020014,0.81734633,0.9605456,1.0490935,0.8377094,0.9979622,1.0245894,0.83366317,0.9798252,1.0487393,0.8342214,0.9850731,1.0139748,0.8292266,0.96825165,1.0580848
2025-01-01 18:38:00,0.851253,0.9935501,1.1041235,0.8479959,1.0095477,1.0222206,0.86575896,0.99417496,1.1054914,0.8233409,0.9732689,1.0203786,0.8571674,0.9944467,1.0429134,0.8384571,1.0058515,1.0200028,0.81735283,0.9603781,1.0490707,0.8376402,0.99765134,1.0245912,0.83360326,0.97955716,1.048723,0.8341617,0.98479295,1.0139698,0.82917607,0.968006,1.0580493
2025-01-01 18:39:00,0.8512426,0.9934002,1.1040968,0.84796184,1.009341,1.0222076,0.86569047,0.9939856,1.1054298,0.8233293,0.9731002,1.0203582,0.8570868,0.99420184,1.0428867,0.83839303,1.0055765,1.0199956,0.81735903,0.9602455,1.0490589,0.8375872,0.9974052,1.0245968,0.83355796,0.97934526,1.0487164,0.8341157,0.9845702,1.0139683,0.8291358,0.96780914,1.0580248
2025-01-01 18:40:00,0.85123575,0.9932813,1.1040806,0.8479343,1.009175,1.0221971,0.8656338,0.99383193,1.1053857,0.82331747,0.97296256,1.0203407,0.85702014,0.99400413,1.0428666,0.83834094,1.0053561,1.019991,0.81736493,0.96014076,1.0490543,0.837547,0.99721074,1.024605,0.8335243,0.97917825,1.0487162,0.8340806,0.98439336,1.0139692,0.8291036,0.9676513,1.0580076
2025-01-01 18:41:00,0.8512316,0.9931872,1.1040709,0.84791195,1.0090414,1.0221883,0.8655866,0.9937068,1.1053528,0.82330537,0.9728499,1.0203247,0.8569646,0.99384403,1.0428507,0.83829856,1.0051795,1.0199883,0.81737065,0.9600584,1.0490543,0.83751714,0.9970576,1.0246148,0.83349997,0.97904706,1.0487201,0.8340543,0.9842533,1.0139714,0.82907796,0.96752465,1.0579951
2025-01-01 18:42:00,0.8512296,0.9931128,1.1040655,0.8478937,1.0089338,1.0221806,0.8655469,0.99360454,1.1053272,0.82329315,0.97275716,1.0203099,0.85691804,0.99371403,1.0428377,0.8382639,1.0050379,1.0199867,0.81737626,0.9599939,1.0490571,0.83749557,0.99693763,1.0246258,0.833483,0.9789446,1.0487266,0.8340349,0.98414254,1.0139745,0.8290575,0.967423,1.0579855
2025-01-01 18:43:00,0.8512294,0.9930543,1.1040633,0.8478788,1.0088469,1.0221734,0.8655132,0.99352056,1.1053064,0.8232807,0.9726803,1.0202957,0.85687864,0.99360824,1.0428265,0.83823544,1.0049243,1.0199859,0.81738174,0.95994365,1.0490623,0.83748055,0.9968441,1.0246375,0.833472,0.9788651,1.0487348,0.83402115,0.9840553,1.0139784,0.82904124,0.9673413,1.057978
2025-01-01 18:44:00,0.8512306,0.9930084,1.1040626,0.8478665,1.0087765,1.0221667,0.8654844,0.9934512,1.1052887,0.82326806,0.9726162,1.0202823,0.85684496,0.9935217,1.0428166,0.83821195,1.0048331,1.0199856,0.81738716,0.95990497,1.0490685,0.83747095,0.99677175,1.0246495,0.8334659,0.97880393,1.0487442,0.8340118,0.9839868,1.0139824,0.8290283,0.9672756,1.0579716
2025-01-01 18:45:00,0.85123295,0.9929726,1.104063,0.8478562,1.0087194,1.0221602,0.86545944,0.9933935,1.1052731,0.82325536,0.9725623,1.020269,0.8568159,0.9934506,1.0428075,0.83819246,1.0047599,1.0199857,0.8173925,0.9598754,1.0490756,0.8374655,0.99671644,1.0246618,0.8334635,0.97875744,1.0487542,0.834006,0.9839333,1.0139868,0.829018,0.9672226,1.0579661
2025-01-01 18:46:00,0.85123605,0.9929449,1.1040643,0.84784764,1.008673,1.0221539,0.8654375,0.9933451,1.1052586,0.8232426,0.9725166,1.0202559,0.8567904,0.9933919,1.0427988,0.83817613,1.0047011,1.0199859,0.81739783,0.9598531,1.0490835,0.8374635,0.99667466,1.0246744,0.8334642,0.9787227,1.0487647,0.83400303,0.98389184,1.0139911,0.8290098,0.9671798,1.0579611
2025-01-01 18:47:00,0.8512399,0.9929237,1.104066,0.84784037,1.0086349,1.0221477,0.865418,0.99330413,1.105245,0.8232298,0.97247744,1.020243,0.856768,0.99334306,1.0427905,0.83816236,1.0046539,1.0199864,0.8174031,0.9598368,1.0490917,0.8374642,0.9966437,1.0246872,0.8334673,0.97869736,1.0487754,0.8340023,0.98386,1.0139956,0.82900316,0.9671451,1.0579563
2025-01-01 18:48:00,0.8512443,0.99290764,1.104068,0.84783417,1.0086036,1.0221415,0.8654005,0.99326926,1.105232,0.8232169,0.9724435,1.0202303,0.85674787,0.9933021,1.0427825,0.8381507,1.0046157,1.0199871,0.81740844,0.95982516,1.0491002,0.83746713,0.9966215,1.0246999,0.8334724,0.9786795,1.0487864,0.8340034,0.9838358,1.0140002,0.82899797,0.96711695,1.0579519
2025-01-01 18:49:00,0.85124904,0.99289566,1.1040702,0.84782875,1.0085777,1.0221353,0.8653845,0.99323905,1.1052192,0.823204,0.97241384,1.0202175,0.85672975,0.9932676,1.0427747,0.83814067,1.004585,1.0199878,0.81741375,0.9598173,1.0491087,0.8374718,0.9966062,1.0247128,0.833479,0.9786677,1.0487975,0.83400595,0.98381776,1.0140046,0.8289938,0.967094,1.0579475
2025-01-01 18:50:00,0.85125417,0.99288696,1.1040725,0.847824,1.0085562,1.0221289,0.86536974,0.9932127,1.1052067,0.823191,0.97238743,1.0202049,0.85671306,0.99323815,1.042767,0.838132,1.0045602,1.0199885,0.81741905,0.95981246,1.0491174,0.83747786,0.99659646,1.0247258,0.83348686,0.9786607,1.0488086,0.8340096,0.9838046,1.0140091,0.82899046,0.9670751,1.0579431
2025-01-01 18:51:00,0.8512596,0.9928809,1.1040746,0.84781975,1.0085381,1.0221227,0.865356,0.99318933,1.1051944,0.82317805,0.97236365,1.0201923,0.8566977,0.9932128,1.0427594,0.83812445,1.0045402,1.0199895,0.8174245,0.95981014,1.0491263,0.83748513,0.9965912,1.0247388,0.8334957,0.9786575,1.0488198,0.8340142,0.9837953,1.0140136,0.8289878,0.9670596,1.0579387
2025-01-01 18:52:00,0.85126513,0.9928768,1.1040769,0.8478159,1.0085226,1.0221164,0.865343,0.9931685,1.105182,0.823165,0.9723421,1.0201797,0.85668325,0.9931907,1.0427519,0.8381178,1.004524,1.0199904,0.81742984,0.9598098,1.0491351,0.83749324,0.9965895,1.0247518,0.8335053,0.9786573,1.0488309,0.8340194,0.98378915,1.014018,0.8289856,0.96704674,1.0579343
2025-01-01 18:53:00,0.85127085,0.9928745,1.1040791,0.8478123,1.0085094,1.0221101,0.8653306,0.99314946,1.1051699,0.823152,0.9723222,1.0201671,0.85666955,0.9931713,1.0427445,0.83811176,1.0045108,1.0199915,0.8174352,0.959811,1.0491441,0.83750206,0.9965907,1.0247648,0.8335156,0.9786596,1.048842,0.8340253,0.9837854,1.0140225,0.82898384,0.96703595,1.0579299
2025-01-01 18:54:00,0.8512767,0.99287343,1.1040814,0.847809,1.008498,1.0221038,0.86531866,0.99313205,1.1051576,0.82313895,0.9723037,1.0201546,0.85665655,0.9931539,1.0427371,0.8381064,1.0045,1.0199927,0.8174407,0.9598134,1.0491532,0.83751154,0.9965941,1.0247778,0.83352625,0.97866386,1.0488532,0.8340316,0.98378366,1.0140268,0.82898235,0.9670268,1.0579255
2025-01-01 18:55:00,0.8512826,0.99287343,1.1040835,0.84780586,1.0084878,1.0220973,0.86530715,0.99311584,1.1051455,0.8231259,0.9722864,1.0201421,0.8566441,0.99313825,1.0427299,0.8381015,1.0044913,1.0199939,0.81744623,0.9598169,1.0491624,0.8375215,0.9965993,1.0247908,0.8335374,0.97866964,1.0488642,0.8340382,0.9837835,1.014031,0.82898104,0.967019,1.057921
2025-01-01 18:56:00,0.8512885,0.9928742,1.1040857,0.8478029,1.0084789,1.0220909,0.86529595,0.9931006,1.1051332,0.82311285,0.9722699,1.0201296,0.8566321,0.99312395,1.0427226,0.8380969,1.004484,1.0199951,0.8174518,0.95982116,1.0491716,0.8375318,0.9966061,1.0248038,0.83354884,0.97867674,1.0488753,0.83404505,0.98378456,1.0140352,0.8289799,0.9670122,1.0579165
2025-01-01 18:57:00,0.8512945,0.9928757,1.1040878,0.84779996,1.0084707,1.0220844,0.8652849,0.99308616,1.105121,0.82309973,0.9722541,1.0201172,0.8566204,0.9931108,1.0427154,0.8380927,1.0044783,1.0199964,0.8174574,0.9598261,1.0491807,0.8375424,0.99661404,1.0248169,0.8335606,0.9786847,1.0488864,0.83405215,0.9837867,1.0140394,0.82897896,0.96700627,1.0579119
2025-01-01 18:58:00,0.8513005,0.99287766,1.1040899,0.84779704,1.0084633,1.0220778,0.86527413,0.9930723,1.1051087,0.8230866,0.97223884,1.0201046,0.856609,0.99309844,1.0427083,0.83808875,1.0044734,1.0199977,0.817463,0.95983166,1.04919,0.83755326,0.9966229,1.0248299,0.8335725,0.9786936,1.0488974,0.83405936,0.9837895,1.0140436,0.8289781,0.96700096,1.0579072
2025-01-01 18:59:00,0.85130644,0.99288,1.1040918,0.84779423,1.0084562,1.0220712,0.8652634,0.9930589,1.1050965,0.82307357,0.9722241,1.0200922,0.8565978,0.99308693,1.0427011,0.838085,1.0044695,1.0199991,0.81746864,0.9598376,1.0491993,0.8375644,0.9966326,1.0248429,0.83358455,0.9787031,1.0489084,0.8340667,0.98379296,1.0140476,0.8289773,0.9669962,1.0579026
2025-01-01 19:00:00,0.8512167,0.9917547,1.1021676,0.8475912,1.0069275,1.0216154,0.86484104,0.991772,1.1022313,0.82317686,0.97113526,1.0196298,0.85613936,0.99137986,1.0415665,0.8377437,1.0025142,1.0195549,0.81758636,0.95890015,1.0479851,0.8372278,0.9948345,1.0244184,0.8332872,0.97717816,1.0478264,0.8338253,0.9822464,1.0136546,0.82881266,0.9657047,1.0566498
2025-01-01 19:01:00,0.85114604,0.99085516,1.1009176,0.8474282,1.0057036,1.0213168,0.8645012,0.9907401,1.1003647,0.82325685,0.97026163,1.019325,0.8557706,0.9900124,1.0408264,0.8374701,1.0009499,1.0192666,0.8176818,0.95815176,1.0471991,0.836961,0.9933985,1.0241469,0.83305186,0.9759607,1.047127,0.8336338,0.98101026,1.0134006,0.8286809,0.9646709,1.0558338
2025-01-01 19:02:00,0.8510907,0.9901363,1.1001055,0.84729725,1.0047234,1.0211202,0.8642272,0.9899124,1.0991471,0.82331824,0.96956015,1.0191225,0.8554736,0.9889168,1.040343,0.8372507,0.9996982,1.0190798,0.81775934,0.95755464,1.0466915,0.8367499,0.9922523,1.0239751,0.832866,0.974989,1.0466762,0.833482,0.9800225,1.0132368,0.82857525,0.9638433,1.0553017
2025-01-01 19:03:00,0.8510476,0.989562,1.0995784,0.84719193,1.0039382,1.02099,0.864006,0.98924786,1.0983512,0.82336473,0.9689964,1.0189866,0.85523397,0.9880386,1.0400264,0.8370747,0.99869686,1.018959,0.8178225,0.9570785,1.0463649,0.83658344,0.99133784,1.023868,0.8327199,0.9742141,1.0463868,0.8333622,0.97923344,1.0131315,0.8284907,0.96318054,1.054954
2025-01-01 19:04:00,0.85101426,0.98910326,1.0992362,0.84710705,1.0033091,1.0209029,0.86382693,0.9887139,1.0978296,0.8233993,0.9685428,1.018894,0.85504025,0.9873344,1.0398183,0.8369334,0.9978957,1.0188812,0.8178744,0.9566993,1.046156,0.8364527,0.99060893,1.023803,0.8326056,0.9735965,1.0462027,0.83326787,0.9786033,1.0130645,0.8284228,0.9626498,1.0547264
2025-01-01 19:05:00,0.8509887,0.9887369,1.0990144,0.84703857,1.0028049,1.0208439,0.86368155,0.98828447,1.0974863,0.8234244,0.96817744,1.0188293,0.85488325,0.9867693,1.0396806,0.8368198,0.9972547,1.0188311,0.81791705,0.9563974,1.0460236,0.8363505,0.99002826,1.0237652,0.8325166,0.9731048,1.0460867,0.83319384,0.97810036,1.0130222,0.8283683,0.96222454,1.0545765
2025-01-01 19:06:00,0.8509694,0.9884447,1.0988706,0.8469832,1.0024004,1.0208031,0.86356324,0.9879386,1.0972587,0.8234418,0.96788245,1.0187831,0.85475576,0.98631555,1.0395888,0.8367285,0.99674195,1.0187994,0.81795245,0.9561576,1.0459409,0.8362712,0.98956627,1.0237453,0.83244795,0.9727138,1.046015,0.83313614,0.97769904,1.012996,0.82832456,0.9618837,1.0544773
2025-01-01 19:07:00,0.85095507,0.9882115,1.0987778,0.84693825,1.0020758,1.020774,0.86346644,0.9876596,1.0971065,0.82345307,0.967644,1.0187488,0.8546517,0.9859509,1.0395268,0.836655,0.9963317,1.0187794,0.817982,0.9559674,1.0458906,0.83621013,0.9891993,1.023737,0.83239555,0.97240335,1.0459722,0.8330915,0.97737914,1.0129801,0.8282893,0.96161044,1.054411
2025-01-01 19:08:00,0.8509447,0.98802567,1.0987178,0.84690166,1.001815,1.0207527,0.863387,0.987434,1.097003,0.82345945,0.9674506,1.0187222,0.8545665,0.9856575,1.0394843,0.8365958,0.99600345,1.0187671,0.81800693,0.95581686,1.0458612,0.83616376,0.98890823,1.0237361,0.83235615,0.9721573,1.0459481,0.8330572,0.9771243,1.012971,0.8282609,0.9613911,1.0543661
2025-01-01 19:09:00,0.8509375,0.98787767,1.0986793,0.84687173,1.0016053,1.0207362,0.8633213,0.9872513,1.0969315,0.82346195,0.9672933,1.0187006,0.85449636,0.9854211,1.0394543,0.83654785,0.99574083,1.0187598,0.81802815,0.9556981,1.0458456,0.836129,0.988678,1.02374,0.8323271,0.9719628,1.0459361,0.8330313,0.9769215,1.0129664,0.82823795,0.961215,1.054335
2025-01-01 19:10:00,0.85093284,0.9877599,1.0986547,0.8468472,1.0014364,1.020723,0.8632666,0.9871027,1.0968806,0.82346135,0.96716493,1.0186822,0.85443825,0.9852304,1.0394326,0.8365091,0.9955308,1.0187559,0.8180464,0.9556047,1.0458388,0.8361037,0.9884963,1.0237473,0.8323064,0.97180957,1.045932,0.833012,0.9767603,1.0129644,0.82821935,0.96107346,1.054313
2025-01-01 19:11:00,0.85093015,0.98766637,1.0986392,0.8468268,1.0013002,1.0207119,0.86322075,0.9869815,1.0968432,0.82345825,0.96705973,1.0186661,0.85438985,0.9850761,1.0394162,0.8364777,0.99536276,1.018754,0.8180623,0.9555316,1.0458379,0.8360859,0.98835355,1.0237566,0.8322923,0.9716893,1.0459331,0.83299804,0.9766324,1.0129644,0.8282042,0.96095955,1.0542969
2025-01-01 19:12:00,0.8509291,0.98759216,1.0986295,0.84680986,1.0011903,1.0207021,0.863182,0.98688215,1.0968145,0.8234532,0.966973,1.0186514,0.85434914,0.98495114,1.0394033,0.8364521,0.99522835,1.0187536,0.8180763,0.9554748,1.0458407,0.83607405,0.98824185,1.0237672,0.8322836,0.9715954,1.0459374,0.83298826,0.97653115,1.0129654,0.8281919,0.9608677,1.0542845
2025-01-01 19:13:00,0.8509293,0.98753345,1.0986235,0.84679556,1.0011011,1.0206932,0.8631488,0.9868003,1.0967914,0.82344645,0.966901,1.0186375,0.8543146,0.9848495,1.0393927,0.8364313,0.9951208,1.0187542,0.8180888,0.9554311,1.0458461,0.8360671,0.9881552,1.0237787,0.8322791,0.9715226,1.045944,0.8329819,0.97645116,1.0129671,0.82818174,0.9607935,1.0542743
2025-01-01 19:14:00,0.8509305,0.9874871,1.0986199,0.84678346,1.0010287,1.0206848,0.86312014,0.98673254,1.096772,0.82343847,0.96684086,1.0186243,0.85428506,0.98476666,1.0393835,0.8364142,0.99503493,1.0187554,0.8181002,0.9553978,1.045853,0.836064,0.98808837,1.0237906,0.83227795,0.9714667,1.0459518,0.8329782,0.9763882,1.0129695,0.82817334,0.9607335,1.0542659
2025-01-01 19:15:00,0.8509325,0.9874506,1.098618,0.8467731,1.0009695,1.0206766,0.86309505,0.9866759,1.096755,0.82342947,0.96679026,1.0186114,0.85425955,0.98469865,1.0393754,0.83640015,0.99496627,1.018757,0.81811064,0.95537287,1.045861,0.83606386,0.98803747,1.023803,0.83227956,0.9714243,1.0459607,0.83297664,0.9763389,1.012972,0.8281663,0.96068466,1.0542585
2025-01-01 19:16:00,0.8509351,0.98742205,1.0986172,0.84676397,1.0009211,1.0206687,0.8630728,0.9866283,1.0967396,0.8234197,0.96674716,1.0185989,0.8542372,0.98464274,1.0393682,0.8363886,0.9949114,1.0187589,0.8181203,0.95535463,1.0458696,0.8360663,0.9879994,1.0238158,0.8322833,0.97139263,1.04597,0.8329768,0.9763004,1.0129746,0.82816035,0.96064484,1.0542516
2025-01-01 19:17:00,0.8509382,0.9873997,1.0986168,0.846756,1.0008812,1.020661,0.86305285,0.98658776,1.0967251,0.8234092,0.96671015,1.0185865,0.8542174,0.98459643,1.0393612,0.83637893,0.9948676,1.018761,0.81812936,0.95534176,1.0458788,0.8360707,0.9879714,1.0238286,0.8322888,0.9713696,1.0459796,0.8329783,0.9762706,1.0129775,0.8281553,0.9606123,1.0542451
2025-01-01 19:18:00,0.85094166,0.9873825,1.0986168,0.8467488,1.0008482,1.0206532,0.8630347,0.98655295,1.0967113,0.8233982,0.966678,1.0185742,0.85419965,0.9845578,1.0393546,0.8363709,0.99483263,1.0187633,0.81813806,0.9553332,1.0458883,0.83607674,0.98795176,1.0238415,0.83229566,0.97135353,1.0459895,0.83298093,0.9762478,1.0129803,0.8281509,0.9605855,1.0542388
2025-01-01 19:19:00,0.8509455,0.98736924,1.0986171,0.8467424,1.0008206,1.0206456,0.8630181,0.98652273,1.0966979,0.8233868,0.9666498,1.0185621,0.8541836,0.9845253,1.0393481,0.8363641,0.99480474,1.0187657,0.81814635,0.95532805,1.045898,0.836084,0.98793846,1.0238545,0.8323036,0.97134286,1.0459995,0.8329844,0.9762305,1.0129832,0.82814705,0.96056324,1.0542327
2025-01-01 19:20:00,0.8509494,0.9873592,1.0986176,0.84673643,1.0007974,1.0206379,0.86300254,0.98649615,1.0966847,0.82337505,0.9666246,1.0185499,0.85416883,0.98449785,1.0393418,0.83635837,0.9947826,1.0187682,0.8181544,0.95532566,1.0459079,0.8360923,0.98793054,1.0238675,0.83231246,0.9713367,1.0460095,0.83298856,0.9762176,1.012986,0.8281436,0.96054465,1.0542266
2025-01-01 19:21:00,0.8509536,0.9873517,1.098618,0.8467309,1.0007775,1.0206301,0.862988,0.98647255,1.0966717,0.823363,0.96660197,1.0185379,0.8541552,0.98447424,1.0393356,0.8363535,0.99476504,1.0187708,0.81816214,0.95532554,1.0459179,0.8361014,0.9879267,1.0238806,0.832322,0.97133404,1.0460197,0.83299315,0.97620827,1.0129888,0.8281405,0.960529,1.0542207
2025-01-01 19:22:00,0.8509579,0.98734623,1.0986185,0.8467257,1.0007604,1.0206225,0.8629741,0.9864512,1.0966587,0.8233508,0.96658134,1.018526,0.8541423,0.9844539,1.0393295,0.83634925,0.99475116,1.0187736,0.81816983,0.9553272,1.0459279,0.8361112,0.9879263,1.0238937,0.8323321,0.97133416,1.0460298,0.8329982,0.9762017,1.0129915,0.8281377,0.9605157,1.0542147
2025-01-01 19:23:00,0.8509623,0.9873424,1.098619,0.8467207,1.0007455,1.0206147,0.8629608,0.9864318,1.096646,0.82333845,0.9665623,1.018514,0.8541302,0.9844361,1.0393237,0.8363456,0.9947401,1.0187763,0.81817734,0.95533025,1.0459381,0.83612144,0.98792857,1.0239068,0.83234257,0.9713365,1.0460399,0.8330036,0.9761974,1.0129943,0.828135,0.9605042,1.0542088
2025-01-01 19:24:00,0.8509667,0.98733985,1.0986196,0.84671587,1.0007324,1.0206069,0.86294806,0.9864138,1.0966331,0.82332593,0.9665445,1.0185021,0.85411865,0.98442024,1.0393178,0.8363424,0.9947315,1.0187792,0.8181848,0.95533454,1.0459484,0.83613217,0.9879329,1.0239199,0.8323534,0.97134066,1.0460501,0.8330092,0.9761949,1.012997,0.82813245,0.96049416,1.0542027
2025-01-01 19:25:00,0.85097116,0.98733824,1.09862,0.8467112,1.0007207,1.020599,0.8629356,0.986397,1.0966204,0.8233133,0.9665278,1.0184902,0.85410756,0.9844061,1.039312,0.8363396,0.99472475,1.018782,0.8181922,0.95533967,1.0459586,0.83614326,0.987939,1.023933,0.83236456,0.9713462,1.0460602,0.83301497,0.9761937,1.0129995,0.82813007,0.9604853,1.0541967
2025-01-01 19:26:00,0.85097563,0.9873375,1.0986205,0.8467067,1.0007101,1.0205911,0.86292344,0.9863811,1.0966077,0.8233006,0.9665119,1.0184783,0.85409683,0.98439336,1.0393063,0.8363371,0.99471956,1.0187849,0.8181996,0.9553456,1.045969,0.83615464,0.98794645,1.0239462,0.8323759,0.97135293,1.0460702,0.83302087,0.9761937,1.0130022,0.8281277,0.96047735,1.0541906
2025-01-01 19:27:00,0.8509801,0.98733735,1.0986209,0.84670216,1.0007004,1.0205832,0.86291146,0.986366,1.0965949,0.82328784,0.96649665,1.0184665,0.85408646,0.98438156,1.0393006,0.8363348,0.99471563,1.0187879,0.81820697,0.9553522,1.0459793,0.8361662,0.98795503,1.0239593,0.83238745,0.97136056,1.0460804,0.83302695,0.9761946,1.0130047,0.82812536,0.96047014,1.0541844
2025-01-01 19:28:00,0.8509846,0.9873377,1.0986212,0.84669775,1.0006913,1.0205752,0.86289966,0.9863515,1.0965822,0.823275,0.9664819,1.0184546,0.85407627,0.9843707,1.0392948,0.83633274,0.99471277,1.018791,0.8182143,0.9553592,1.0459898,0.836178,0.9879645,1.0239724,0.83239913,0.97136885,1.0460904,0.8330331,0.9761962,1.013007,0.8281231,0.9604635,1.0541782
2025-01-01 19:29:00,0.8509891,0.9873384,1.0986215,0.84669334,1.0006828,1.0205672,0.862888,0.9863375,1.0965695,0.8232622,0.9664677,1.0184427,0.8540664,0.9843606,1.0392892,0.8363309,0.9947106,1.0187941,0.8182216,0.9553667,1.0460001,0.8361899,0.9879747,1.0239854,0.8324109,0.97137773,1.0461003,0.8330392,0.9761984,1.0130094,0.82812077,0.9604573,1.054172
2025-01-01 19:30:00,0.8509342,0.9862577,1.0962415,0.84653527,0.999169,1.020028,0.86250085,0.9851281,1.0933052,0.82346886,0.9654824,1.0179033,0.8536877,0.98273885,1.0379477,0.8361057,0.99287164,1.0182732,0.8184392,0.9545397,1.0445617,0.8359916,0.98632365,1.0234796,0.8322426,0.970014,1.0448191,0.8329605,0.97483754,1.0125427,0.8280997,0.95935434,1.0526992
2025-01-01 19:31:00,0.8508912,0.98539346,1.0946944,0.84640795,0.99795663,1.0196747,0.86218894,0.98415816,1.091179,0.82363164,0.9646917,1.0175486,0.853383,0.98144,1.0370737,0.83592534,0.9914008,1.0179359,0.8186147,0.95387995,1.0436305,0.8358355,0.98500556,1.0231555,0.8321104,0.9689252,1.0439898,0.8328988,0.9737497,1.01224,0.82808244,0.958471,1.0517397
2025-01-01 19:32:00,0.8508576,0.9847025,1.0936888,0.8463052,0.99698544,1.0194421,0.8619372,0.9833797,1.0897925,0.82375926,0.9640566,1.017314,0.85313743,0.9803995,1.0365037,0.8357809,0.99022436,1.0177177,0.81875664,0.95335394,1.0430288,0.83571315,0.98395354,1.0229493,0.83200705,0.9680563,1.0434542,0.83285064,0.9728803,1.0120441,0.82806814,0.95776343,1.0511136
2025-01-01 19:33:00,0.8508316,0.98415023,1.0930352,0.84622204,0.9962072,1.019288,0.86173356,0.9827545,1.0888867,0.82385874,0.9635461,1.0171572,0.85293925,0.9795657,1.0361314,0.83566517,0.9892835,1.0175772,0.8188717,0.95293504,1.0426414,0.8356178,0.98311466,1.0228199,0.8319268,0.9673635,1.0431094,0.8328134,0.97218555,1.0119174,0.8280561,0.9571965,1.0507045
2025-01-01 19:34:00,0.85081166,0.98370874,1.0926104,0.8461546,0.99558324,1.019185,0.86156833,0.98225194,1.0882936,0.8239357,0.9631352,1.0170513,0.85277885,0.9788972,1.0358875,0.8355724,0.9885311,1.0174872,0.8189652,0.9526018,1.0423934,0.83554393,0.9824461,1.0227404,0.8318651,0.96681136,1.0428888,0.8327847,0.97163063,1.0118358,0.828046,0.9567419,1.0504361
2025-01-01 19:35:00,0.85079646,0.98335594,1.092334,0.84609973,0.9950828,1.019115,0.8614339,0.9818474,1.0879034,0.8239947,0.96280396,1.0169784,0.8526488,0.97836095,1.0357271,0.83549803,0.98792946,1.0174297,0.8190416,0.952337,1.042236,0.8354874,0.98191386,1.0226933,0.83181804,0.9663719,1.0427487,0.832763,0.9711874,1.0117834,0.82803744,0.9563774,1.0502595
2025-01-01 19:36:00,0.85078514,0.983074,1.0921544,0.84605485,0.99468106,1.0190666,0.8613241,0.9815213,1.0876453,0.82403934,0.9625365,1.016927,0.852543,0.97793055,1.0356213,0.83543843,0.9874484,1.0173937,0.8191042,0.95212716,1.0421374,0.83544475,0.9814907,1.0226672,0.83178276,0.9660225,1.042661,0.83274686,0.9708337,1.0117499,0.82803005,0.95608485,1.0501423
2025-01-01 19:37:00,0.85077685,0.9828489,1.0920374,0.8460181,0.9943583,1.0190322,0.86123395,0.98125803,1.087473,0.8240724,0.96232,1.0168896,0.8524566,0.9775849,1.0355505,0.83539057,0.98706394,1.0173715,0.8191559,0.9519611,1.042077,0.83541316,0.9811548,1.0226549,0.831757,0.96574515,1.0426073,0.8327351,0.9705515,1.0117289,0.82802355,0.95584977,1.0500637
2025-01-01 19:38:00,0.85077107,0.9826691,1.0919614,0.8459876,0.9940987,1.0190068,0.8611596,0.9810449,1.0873566,0.8240963,0.9621444,1.0168612,0.85238576,0.9773069,1.0355028,0.8353522,0.9867567,1.0173584,0.8191987,0.95183015,1.0420415,0.83539045,0.98088866,1.0226514,0.83173877,0.9655255,1.0425758,0.83272696,0.9703265,1.0117158,0.8280179,0.9556607,1.0500103
2025-01-01 19:39:00,0.85076714,0.98252565,1.0919117,0.8459623,0.9938897,1.0189874,0.8610978,0.9808719,1.0872763,0.8241129,0.96200144,1.0168387,0.85232735,0.9770832,1.03547,0.8353214,0.9865112,1.0173513,0.8192346,0.9517273,1.0420222,0.8353748,0.9806783,1.0226537,0.8317265,0.9653519,1.0425587,0.83272153,0.97014725,1.0117079,0.8280127,0.9555085,1.0499732
2025-01-01 19:40:00,0.85076475,0.98241127,1.0918792,0.84594107,0.9937211,1.0189718,0.8610461,0.98073107,1.0872197,0.8241235,0.9618846,1.01682,0.85227895,0.9769029,1.035447,0.8352967,0.9863152,1.0173479,0.8192649,0.95164686,1.0420136,0.83536476,0.98051274,1.0226598,0.8317191,0.9652152,1.0425508,0.8327184,0.9700046,1.0117034,0.828008,0.95538574,1.0499467
2025-01-01 19:41:00,0.8507636,0.98232,1.091858,0.84592307,0.9935848,1.0189586,0.8610024,0.9806159,1.0871783,0.82412946,0.96178865,1.016804,0.85223854,0.9767573,1.0354304,0.8352768,0.98615867,1.0173472,0.8192907,0.95158446,1.0420119,0.83535933,0.98038286,1.0226684,0.8317156,0.965108,1.042549,0.832717,0.9698912,1.011701,0.82800364,0.95528644,1.049927
2025-01-01 19:42:00,0.85076344,0.9822473,1.0918441,0.8459077,0.9934744,1.0189469,0.86096513,0.9805213,1.087147,0.8241316,0.96170944,1.0167896,0.85220444,0.97663945,1.0354178,0.8352608,0.9860339,1.0173479,0.8193129,0.9515365,1.0420145,0.8353575,0.9802816,1.0226784,0.8317151,0.9650243,1.0425512,0.832717,0.9698012,1.0117,0.8279996,0.95520604,1.0499117
2025-01-01 19:43:00,0.850764,0.9821894,1.0918347,0.84589434,0.9933847,1.0189363,0.860933,0.9804432,1.087122,0.82413083,0.96164364,1.0167762,0.8521755,0.97654384,1.035408,0.83524793,0.98593444,1.01735,0.8193323,0.9515,1.04202,0.8353586,0.98020315,1.0226896,0.83171713,0.96495956,1.0425558,0.83271813,0.96972996,1.0116998,0.82799566,0.9551407,1.0498993
2025-01-01 19:44:00,0.85076517,0.98214346,1.0918283,0.84588265,0.9933115,1.0189263,0.860905,0.9803781,1.0871013,0.82412755,0.9615885,1.0167634,0.85215056,0.97646606,1.0354,0.8352376,0.9858553,1.0173526,0.8193494,0.95147276,1.0420275,0.83536214,0.9801431,1.0227013,0.83172107,0.96490985,1.0425621,0.8327202,0.96967363,1.0117003,0.82799196,0.95508736,1.049889
2025-01-01 19:45:00,0.85076684,0.9821069,1.091824,0.8458722,0.9932515,1.0189167,0.86088026,0.98032355,1.0870832,0.82412237,0.96154195,1.0167512,0.85212904,0.97640246,1.0353931,0.83522934,0.98579234,1.0173557,0.8193647,0.9514529,1.042036,0.83536744,0.9800976,1.0227135,0.8317266,0.96487224,1.0425695,0.83272296,0.9696293,1.0117011,0.8279883,0.9550436,1.0498797
2025-01-01 19:46:00,0.85076886,0.9820779,1.091821,0.84586287,0.99320203,1.0189073,0.86085814,0.9802775,1.087067,0.8241157,0.9615023,1.0167392,0.85211015,0.97635037,1.0353872,0.83522266,0.9857424,1.0173591,0.81937855,0.95143896,1.0420455,0.83537424,0.9800638,1.022726,0.83173335,0.9648443,1.0425774,0.83272624,0.9695944,1.0117021,0.8279848,0.95500755,1.049871
2025-01-01 19:47:00,0.8507712,0.982055,1.0918186,0.8458543,0.993161,1.0188981,0.8608381,0.9802381,1.0870519,0.82410777,0.9614681,1.0167276,0.85209334,0.97630733,1.0353817,0.8352173,0.9857029,1.0173628,0.8193913,0.9514298,1.0420556,0.8353822,0.9800394,1.0227388,0.83174115,0.96482396,1.0425858,0.83273,0.96956724,1.011703,0.82798135,0.95497763,1.0498629
2025-01-01 19:48:00,0.85077375,0.9820369,1.0918167,0.8458464,0.99312675,1.018889,0.86081976,0.98020405,1.0870374,0.8240988,0.9614383,1.016716,0.8520782,0.9762716,1.0353764,0.835213,0.98567176,1.0173668,0.8194032,0.9514244,1.042066,0.83539116,0.98002255,1.0227516,0.8317497,0.9648099,1.0425946,0.83273405,0.9695461,1.0117041,0.82797784,0.95495266,1.0498551
2025-01-01 19:49:00,0.85077643,0.98202264,1.0918151,0.845839,0.9930979,1.01888,0.8608027,0.9801743,1.0870237,0.82408917,0.9614121,1.0167047,0.85206455,0.9762418,1.0353715,0.8352096,0.98564726,1.0173708,0.8194143,0.9514221,1.0420767,0.8354009,0.98001164,1.0227644,0.8317588,0.9648007,1.0426033,0.8327383,0.96952987,1.0117053,0.8279744,0.9549315,1.0498475
2025-01-01 19:50:00,0.8507792,0.9820114,1.0918137,0.845832,0.9930733,1.018871,0.86078674,0.980148,1.0870101,0.8240788,0.96138865,1.0166934,0.8520519,0.97621673,1.0353668,0.8352069,0.9856281,1.017375,0.8194249,0.9514222,1.0420876,0.83541125,0.98000556,1.0227773,0.83176845,0.9647955,1.0426122,0.83274287,0.9695175,1.0117064,0.8279709,0.95491356,1.0498399
2025-01-01 19:51:00,0.85078204,0.9820026,1.0918125,0.84582525,0.9930521,1.0188619,0.8607716,0.9801245,1.0869968,0.824068,0.9613674,1.0166821,0.85204023,0.9761954,1.0353622,0.8352048,0.9856133,1.0173793,0.819435,0.9514243,1.0420985,0.83542216,0.98000336,1.0227903,0.8317785,0.9647933,1.0426213,0.8327475,0.9695083,1.0117074,0.82796746,0.95489806,1.0498325
2025-01-01 19:52:00,0.850785,0.9819958,1.0918113,0.84581876,0.9930337,1.0188528,0.8607572,0.98010314,1.0869834,0.8240568,0.9613481,1.016671,0.85202926,0.97617704,1.0353577,0.83520305,0.9856019,1.0173837,0.8194448,0.951428,1.0421095,0.8354334,0.98000413,1.0228034,0.8317889,0.96479374,1.0426302,0.8327522,0.9695015,1.0117085,0.827964,0.95488447,1.049825
2025-01-01 19:53:00,0.85078794,0.9819905,1.0918101,0.8458125,0.9930175,1.0188438,0.8607433,0.98008347,1.0869704,0.8240453,0.96133024,1.0166597,0.85201883,0.9761611,1.0353533,0.8352018,0.9855933,1.0173881,0.8194543,0.95143294,1.0421206,0.835445,0.9800074,1.0228163,0.8317995,0.96479607,1.0426391,0.83275706,0.96949667,1.0117096,0.8279605,0.9548725,1.0498174
2025-01-01 19:54:00,0.8507909,0.98198646,1.0918088,0.8458063,0.99300295,1.0188347,0.86072975,0.9800653,1.0869572,0.8240335,0.96131355,1.0166487,0.85200894,0.9761472,1.035349,0.83520085,0.98558694,1.0173925,0.8194637,0.9514389,1.0421318,0.8354568,0.98001266,1.0228293,0.83181036,0.96480006,1.0426481,0.83276194,0.9694934,1.0117105,0.827957,0.9548618,1.0498099
2025-01-01 19:55:00,0.8507939,0.98198336,1.0918076,0.8458002,0.99298984,1.0188255,0.8607166,0.9800482,1.0869441,0.8240216,0.9612977,1.0166376,0.85199946,0.97613484,1.0353447,0.83520013,0.98558235,1.017397,0.8194728,0.9514457,1.0421431,0.8354689,0.9800195,1.0228423,0.8318213,0.9648053,1.042657,0.83276683,0.9694913,1.0117115,0.82795346,0.95485204,1.0498024
2025-01-01 19:56:00,0.8507968,0.98198104,1.0918063,0.84579414,0.9929778,1.0188164,0.86070365,0.98003197,1.0869311,0.8240095,0.96128273,1.0166265,0.8519902,0.97612375,1.0353407,0.8351997,0.98557925,1.0174016,0.81948185,0.9514532,1.0421543,0.83548105,0.98002756,1.0228553,0.83183235,0.9648115,1.042666,0.8327718,0.9694903,1.0117123,0.8279498,0.95484304,1.0497949
2025-01-01 19:57:00,0.8507998,0.9819793,1.091805,0.8457882,0.99296665,1.018807,0.86069095,0.98001647,1.0869181,0.8239972,0.96126825,1.0166155,0.85198134,0.97611374,1.0353365,0.8351995,0.9855773,1.0174062,0.8194908,0.9514612,1.0421656,0.8354935,0.9800366,1.0228683,0.8318435,0.96481854,1.0426748,0.83277667,0.96949,1.011713,0.8279462,0.95483476,1.0497873
2025-01-01 19:58:00,0.8508027,0.98197806,1.0918036,0.8457822,0.9929561,1.0187978,0.8606784,0.9800015,1.086905,0.82398486,0.9612543,1.0166045,0.85197264,0.9761045,1.0353324,0.83519936,0.9855762,1.0174109,0.8194997,0.95146966,1.042177,0.83550596,0.9800465,1.0228812,0.8318547,0.96482617,1.0426836,0.83278155,0.9694903,1.0117139,0.82794243,0.95482683,1.0497797
2025-01-01 19:59:00,0.8508056,0.98197716,1.0918021,0.8457763,0.9929462,1.0187885,0.8606659,0.9799871,1.086892,0.8239725,0.9612408,1.0165936,0.8519641,0.9760959,1.0353284,0.8351994,0.985576,1.0174156,0.81950855,0.9514784,1.0421884,0.83551854,0.98005706,1.0228941,0.8318659,0.96483433,1.0426923,0.83278644,0.96949106,1.0117145,0.82793874,0.9548194,1.0497719
2025-01-01 20:00:00,0.8507866,0.9809602,1.0890092,0.845666,0.99147445,1.0181757,0.86032104,0.9788769,1.0832876,0.82427895,0.9603768,1.0159866,0.85167193,0.9745888,1.033804,0.83509433,0.9838869,1.0168278,0.8198221,0.95077676,1.0405518,0.835462,0.97858304,1.0223162,0.8318298,0.9636565,1.0412353,0.83287174,0.9683407,1.0111823,0.8280616,0.95392483,1.0481057
2025-01-01 20:01:00,0.85077196,0.9801467,1.0871931,0.84557647,0.9902954,1.017774,0.8600427,0.9779863,1.0809404,0.8245215,0.95968324,1.0155882,0.8514367,0.97338194,1.0328119,0.8350104,0.9825363,1.0164474,0.8200746,0.9502175,1.039492,0.83541936,0.97740644,1.0219452,0.8318032,0.96271616,1.0402912,0.8329409,0.96742094,1.0108365,0.8281591,0.95320797,1.04702
2025-01-01 20:02:00,0.85076076,0.979496,1.0860121,0.8455037,0.9893507,1.0175096,0.8598176,0.9772712,1.07941,0.824713,0.95912606,1.0153255,0.85124695,0.97241527,1.0321656,0.8349435,0.9814564,1.016202,0.82027847,0.9497721,1.0388073,0.8353878,0.9764678,1.0217085,0.8317841,0.961966,1.0396806,0.8329972,0.96668565,1.010612,0.8282363,0.95263326,1.0463114
2025-01-01 20:03:00,0.8507523,0.9789755,1.0852438,0.8454442,0.9885933,1.0173343,0.8596351,0.9766966,1.0784107,0.82486373,0.9586779,1.015151,0.85109365,0.97164077,1.0317444,0.83489007,0.98059314,1.0160441,0.8204433,0.94941795,1.0383662,0.83536524,0.97571945,1.0215591,0.8317712,0.9613678,1.0392867,0.8330431,0.96609783,1.0104662,0.8282972,0.9521723,1.045848
2025-01-01 20:04:00,0.850746,0.97855914,1.0847439,0.8453954,0.98798573,1.017217,0.85948676,0.9762344,1.0777565,0.82498175,0.958317,1.015034,0.85096955,0.9710201,1.0314692,0.8348475,0.9799031,1.0159433,0.82057697,0.9491367,1.0380836,0.83534974,0.9751234,1.0214666,0.831763,0.96089125,1.0390337,0.83308077,0.96562815,1.0103714,0.82834506,0.9518022,1.045544
2025-01-01 20:05:00,0.8507415,0.97822607,1.0844182,0.8453551,0.98749804,1.0171375,0.85936564,0.97586197,1.0773268,0.82507366,0.95802593,1.014954,0.8508687,0.9705224,1.0312891,0.8348137,0.9793517,1.0158796,0.8206856,0.94891375,1.0379039,0.8353399,0.9746492,1.021411,0.83175886,0.960512,1.038872,0.83311176,0.9652528,1.0103099,0.8283825,0.95150495,1.0453438
2025-01-01 20:06:00,0.85073835,0.97795963,1.0842057,0.8453216,0.9871063,1.0170825,0.8592663,0.97556156,1.0770429,0.82514477,0.95779073,1.0148983,0.8507866,0.97012323,1.0311708,0.83478683,0.9789112,1.0158399,0.82077444,0.9487375,1.0377911,0.8353347,0.9742724,1.0213792,0.83175766,0.96021056,1.03877,0.83313745,0.964953,1.01027,0.8284116,0.9512659,1.0452106
2025-01-01 20:07:00,0.85073626,0.9777466,1.084067,0.8452936,0.9867913,1.0170432,0.8591844,0.9753187,1.0768538,0.82519907,0.9576002,1.0148585,0.85071945,0.96980274,1.0310928,0.83476555,0.9785595,1.0158161,0.8208473,0.9485986,1.0377219,0.8353331,0.97397363,1.0213631,0.83175904,0.95997137,1.0387065,0.8331589,0.96471363,1.0102441,0.82843393,0.9510733,1.0451213
2025-01-01 20:08:00,0.85073507,0.97757614,1.0839761,0.84526986,0.98653764,1.0170144,0.85911644,0.9751218,1.0767262,0.82523996,0.95744544,1.0148287,0.8506642,0.9695453,1.0310409,0.83474874,0.97827876,1.0158024,0.8209073,0.9484896,1.037681,0.8353344,0.97373724,1.021357,0.8317623,0.95978206,1.0386682,0.8331769,0.96452254,1.0102273,0.8284509,0.95091796,1.0450604
2025-01-01 20:09:00,0.85073453,0.9774397,1.0839163,0.84524965,0.986333,1.0169921,0.85905963,0.9749617,1.0766387,0.82527024,0.9573193,1.0148057,0.8506186,0.9693383,1.031006,0.8347355,0.9780549,1.0157955,0.82095724,0.94840455,1.0376586,0.8353381,0.97355074,1.0213577,0.83176714,0.9596325,1.0386462,0.83319217,0.9643701,1.0102164,0.8284637,0.9507924,1.0450178
2025-01-01 20:10:00,0.85073453,0.9773306,1.0838766,0.8452321,0.98616767,1.0169742,0.85901177,0.9748311,1.0765773,0.82529193,0.9572161,1.0147871,0.8505807,0.96917164,1.030982,0.8347252,0.9778764,1.0157927,0.82099897,0.94833857,1.0376481,0.83534366,0.97340417,1.0213627,0.8317732,0.95951486,1.0386347,0.8332052,0.96424854,1.0102093,0.8284729,0.9506906,1.0449872
2025-01-01 20:11:00,0.85073495,0.97724324,1.08385,0.8452168,0.98603374,1.0169592,0.85897106,0.974724,1.0765327,0.82530683,0.95713115,1.0147712,0.85054886,0.96903723,1.0309653,0.8347172,0.9777344,1.015793,0.82103425,0.94828796,1.0376453,0.8353507,0.9732895,1.0213703,0.83178025,0.95942265,1.0386301,0.83321655,0.9641517,1.0102047,0.82847947,0.95060784,1.0449644
2025-01-01 20:12:00,0.85073566,0.9771734,1.083832,0.8452032,0.9859249,1.016946,0.85893595,0.9746358,1.0764992,0.8253162,0.9570609,1.0147574,0.850522,0.96892864,1.0309534,0.8347111,0.9776215,1.0157951,0.8210643,0.9482496,1.0376476,0.8353589,0.9732004,1.0213798,0.8317881,0.9593508,1.03863,0.8332263,0.9640746,1.0102015,0.82848376,0.9505403,1.0449468
2025-01-01 20:13:00,0.8507367,0.97711736,1.0838194,0.8451911,0.98583615,1.0169338,0.8589055,0.97456264,1.0764729,0.82532126,0.95700234,1.0147446,0.85049903,0.9688408,1.0309446,0.8347065,0.97753185,1.0157983,0.82109016,0.9482211,1.0376533,0.8353681,0.9731317,1.0213903,0.8317966,0.9592952,1.0386326,0.83323497,0.9640133,1.0101994,0.8284862,0.95048493,1.0449324
2025-01-01 20:14:00,0.85073787,0.97707254,1.0838104,0.84518003,0.9857635,1.0169225,0.8588787,0.97450155,1.0764512,0.82532275,0.9569532,1.0147327,0.8504793,0.96876943,1.0309378,0.8347031,0.9774609,1.0158024,0.82111275,0.9482004,1.0376612,0.8353781,0.9730794,1.0214016,0.8318056,0.9592527,1.0386373,0.8332427,0.96396464,1.010198,0.8284872,0.9504393,1.04492
2025-01-01 20:15:00,0.8507392,0.97703654,1.0838037,0.8451698,0.98570365,1.0169115,0.8588547,0.97445005,1.0764325,0.82532144,0.9569116,1.0147213,0.8504621,0.9687114,1.0309322,0.8347007,0.97740483,1.015807,0.8211327,0.94818604,1.0376704,0.8353887,0.97304016,1.0214134,0.831815,0.9592206,1.0386431,0.8332497,0.963926,1.0101969,0.8284871,0.9504014,1.0449089
2025-01-01 20:16:00,0.85074055,0.97700775,1.0837984,0.8451603,0.985654,1.016901,0.85883313,0.97440636,1.0764157,0.825318,0.95687604,1.0147103,0.850447,0.96866393,1.0309277,0.83469903,0.9773608,1.015812,0.82115054,0.9481767,1.0376805,0.83539975,0.9730114,1.0214256,0.83182466,0.9591968,1.0386496,0.833256,0.9638955,1.010196,0.828486,0.9503698,1.0448987
2025-01-01 20:17:00,0.85074204,0.9769846,1.0837941,0.8451513,0.9856126,1.0168905,0.85881335,0.97436875,1.0764002,0.8253128,0.9568453,1.0146996,0.85043347,0.968625,1.0309236,0.8346981,0.9773263,1.0158173,0.8211667,0.9481714,1.0376912,0.83541125,0.972991,1.021438,0.8318346,0.9591797,1.0386566,0.83326185,0.9638714,1.0101953,0.82848424,0.950343,1.0448892
2025-01-01 20:18:00,0.85074353,0.9769659,1.0837904,0.8451427,0.9855777,1.0168802,0.85879505,0.974336,1.0763855,0.82530606,0.9568184,1.014689,0.8504213,0.9685929,1.03092,0.83469766,0.9772995,1.0158229,0.82118154,0.94816935,1.0377024,0.83542305,0.9729773,1.0214505,0.83184475,0.95916784,1.0386639,0.8332673,0.96385247,1.0101947,0.82848173,0.9503203,1.0448799
2025-01-01 20:19:00,0.8507451,0.9769509,1.083787,0.8451345,0.9855481,1.01687,0.858778,0.97430736,1.0763714,0.82529825,0.9567946,1.0146786,0.8504102,0.96856624,1.0309167,0.83469766,0.9772788,1.0158285,0.8211953,0.9481698,1.0377138,0.8354351,0.97296894,1.0214632,0.83185494,0.95916027,1.0386714,0.8332724,0.9638376,1.0101941,0.82847875,0.9503007,1.0448709
2025-01-01 20:20:00,0.85074663,0.9769387,1.0837839,0.84512657,0.9855226,1.0168598,0.85876185,0.97428185,1.0763577,0.82528955,0.9567733,1.0146682,0.8504,0.968544,1.0309136,0.8346981,0.9772631,1.0158342,0.82120824,0.94817245,1.0377254,0.8354473,0.9729648,1.0214757,0.83186525,0.9591561,1.0386789,0.8332772,0.963826,1.0101935,0.82847536,0.9502836,1.0448619
2025-01-01 20:21:00,0.8507482,0.9769289,1.0837808,0.84511876,0.98550045,1.0168495,0.8587464,0.9742588,1.0763441,0.8252801,0.95675397,1.0146579,0.85039043,0.96852523,1.0309106,0.83469874,0.9772513,1.0158399,0.82122046,0.94817674,1.0377371,0.8354597,0.97296417,1.0214883,0.83187574,0.95915455,1.0386866,0.83328176,0.96381706,1.0101929,0.8284716,0.9502685,1.044853
2025-01-01 20:22:00,0.8507497,0.97692084,1.0837778,0.84511113,0.985481,1.0168393,0.8587316,0.97423774,1.0763308,0.8252701,0.95673627,1.0146477,0.8503815,0.96850926,1.0309078,0.8346997,0.97724265,1.0158459,0.82123226,0.9481824,1.037749,0.8354722,0.97296625,1.021501,0.8318862,0.9591552,1.0386943,0.83328617,0.96381015,1.0101923,0.8284676,0.95025504,1.0448442
2025-01-01 20:23:00,0.85075116,0.97691417,1.0837749,0.8451036,0.9854637,1.016829,0.85871726,0.97421837,1.0763175,0.8252597,0.9567199,1.0146376,0.850373,0.9684956,1.030905,0.83470076,0.97723657,1.0158519,0.8212435,0.9481891,1.0377609,0.83548486,0.97297055,1.0215136,0.83189666,0.9591576,1.0387018,0.83329034,0.9638049,1.0101916,0.8284633,0.95024276,1.0448353
2025-01-01 20:24:00,0.8507526,0.9769087,1.083772,0.8450962,0.985448,1.0168188,0.8587033,0.9742002,1.0763043,0.82524884,0.95670444,1.0146275,0.8503649,0.96848375,1.0309024,0.83470213,0.9772326,1.0158579,0.82125455,0.9481967,1.0377729,0.8354977,0.97297657,1.0215262,0.8319072,0.9591613,1.0387094,0.83329433,0.9638009,1.0101908,0.82845885,0.95023155,1.0448265
2025-01-01 20:25:00,0.8507541,0.97690415,1.083769,0.8450887,0.9854337,1.0168084,0.85868967,0.9741831,1.0762911,0.82523775,0.95668983,1.0146173,0.8503571,0.9684734,1.0308998,0.83470356,0.9772302,1.015864,0.8212653,0.948205,1.0377849,0.8355105,0.972984,1.0215389,0.83191776,0.9591661,1.038717,0.83329827,0.963798,1.01019,0.8284542,0.9502211,1.0448176
2025-01-01 20:26:00,0.85075545,0.9769003,1.083766,0.8450814,0.98542047,1.0167981,0.8586762,0.9741668,1.076278,0.8252264,0.95667595,1.0146073,0.85034966,0.9684642,1.0308973,0.83470523,0.9772292,1.0158702,0.8212759,0.9482139,1.037797,0.83552337,0.97299254,1.0215515,0.8319283,0.95917183,1.0387245,0.833302,0.96379584,1.0101892,0.82844937,0.9502113,1.0448087
2025-01-01 20:27:00,0.85075676,0.97689706,1.083763,0.84507406,0.98540807,1.0167878,0.8586629,0.9741512,1.0762649,0.825215,0.9566626,1.0145973,0.85034233,0.968456,1.0308948,0.83470696,0.9772292,1.0158764,0.8212863,0.9482232,1.037809,0.83553624,0.973002,1.021564,0.83193886,0.95917815,1.038732,0.8333057,0.96379435,1.0101882,0.8284445,0.950202,1.0447998
2025-01-01 20:28:00,0.8507581,0.9768942,1.0837599,0.84506667,0.98539627,1.0167773,0.8586498,0.9741361,1.0762517,0.8252033,0.95664966,1.0145874,0.85033524,0.9684485,1.0308924,0.83470875,0.97723013,1.0158826,0.82129663,0.9482329,1.0378212,0.83554924,0.97301215,1.0215766,0.83194935,0.959185,1.0387396,0.83330935,0.9637934,1.0101873,0.8284394,0.95019305,1.0447909
2025-01-01 20:29:00,0.85075927,0.9768917,1.0837568,0.8450593,0.98538506,1.0167669,0.85863674,0.97412145,1.0762386,0.82519156,0.9566371,1.0145774,0.8503283,0.96844167,1.0308901,0.83471066,0.97723174,1.0158889,0.8213069,0.94824284,1.0378333,0.83556217,0.9730229,1.0215892,0.8319599,0.95919234,1.038747,0.8333128,0.9637928,1.0101862,0.8284342,0.95018435,1.0447818
2025-01-01 20:30:00,0.85077643,0.97595686,1.0806005,0.8449986,0.98398155,1.0160913,0.8583403,0.97313046,1.0723583,0.8255922,0.9559098,1.0139138,0.8501279,0.9670759,1.0292101,0.8347275,0.9757225,1.0152445,0.82171077,0.947679,1.0360277,0.8356484,0.971752,1.0209495,0.8320566,0.95822114,1.0371398,0.8335606,0.9628733,1.009598,0.8286988,0.94951415,1.0429518
2025-01-01 20:31:00,0.8507903,0.9752087,1.0785477,0.8449486,0.982857,1.0156486,0.8581006,0.9723351,1.0698315,0.8259103,0.95532566,1.0134791,0.8499662,0.96598244,1.0281173,0.83474153,0.974516,1.0148277,0.8220359,0.9472301,1.0348582,0.83572006,0.9707379,1.0205382,0.83213603,0.957446,1.0360975,0.8337594,0.9621378,1.0092152,0.82890934,0.9489764,1.0417591
2025-01-01 20:32:00,0.85080165,0.9746099,1.0772123,0.844907,0.9819554,1.015357,0.85790634,0.97169614,1.0681845,0.82616234,0.9548562,1.013193,0.8498357,0.96510684,1.0274063,0.8347532,0.9735517,1.0145593,0.82229793,0.9468733,1.0341024,0.83577996,0.96992916,1.0202752,0.83220166,0.9568276,1.0354227,0.8339191,0.9615496,1.008966,0.82907665,0.9485447,1.0409806
2025-01-01 20:33:00,0.8508109,0.97413063,1.076343,0.84487224,0.9812323,1.0151638,0.85774845,0.9711824,1.0671095,0.8263616,0.9544785,1.0130037,0.8497301,0.96440554,1.0269434,0.8347631,0.9727812,1.0143871,0.82250965,0.9465901,1.0336154,0.83583045,0.9692847,1.0201085,0.8322562,0.9563346,1.0349866,0.83404744,0.9610791,1.0088036,0.8292093,0.94819784,1.0404713
2025-01-01 20:34:00,0.8508184,0.9737469,1.0757768,0.8448429,0.980652,1.0150344,0.8576196,0.9707688,1.066406,0.8265186,0.9541741,1.0128773,0.84964436,0.9638437,1.026642,0.8347715,0.97216576,1.0142775,0.822681,0.94636583,1.0333031,0.83587354,0.9687718,1.0200046,0.8323019,0.95594203,1.0347055,0.8341507,0.96070296,1.0086975,0.8293143,0.9479188,1.040137
2025-01-01 20:35:00,0.8508246,0.97343963,1.0754075,0.8448179,0.9801858,1.0149467,0.8575139,0.9704353,1.0659442,0.8266418,0.95392835,1.0127918,0.8495745,0.96339345,1.0264453,0.8347788,0.9716744,1.0142084,0.8228201,0.94618875,1.0331045,0.8359106,0.9683641,1.0199414,0.83234054,0.9556297,1.0345253,0.8342338,0.96040213,1.0086279,0.8293971,0.947694,1.0399165
2025-01-01 20:36:00,0.85082966,0.97319347,1.0751661,0.84479636,0.979811,1.0148858,0.8574269,0.97016597,1.0656394,0.826738,0.95372957,1.0127327,0.8495175,0.96303254,1.0263168,0.83478516,0.9712822,1.014166,0.8229335,0.9460493,1.0329797,0.8359429,0.9680405,1.0199046,0.83237344,0.95538163,1.0344106,0.83430094,0.96016157,1.0085822,0.8294622,0.94751257,1.0397699
2025-01-01 20:37:00,0.85083383,0.97299623,1.075008,0.8447776,0.9795093,1.0148425,0.8573547,0.9699478,1.0654368,0.82681257,0.9535684,1.012691,0.84947073,0.962743,1.0262326,0.83479077,0.9709695,1.0141408,0.8230262,0.94594,1.0329028,0.83597136,0.9677842,1.0198851,0.8324018,0.9551848,1.0343385,0.8343551,0.9599692,1.0085518,0.829513,0.94736594,1.0396713
2025-01-01 20:38:00,0.8508373,0.9728381,1.0749038,0.844761,0.97926605,1.0148104,0.85729444,0.96977067,1.0653005,0.8268698,0.95343727,1.0126606,0.8494321,0.9625105,1.0261773,0.83479583,0.9707203,1.0141268,0.8231024,0.9458549,1.0328572,0.83599675,0.96758175,1.0198767,0.83242655,0.95502913,1.034294,0.834399,0.95981544,1.0085317,0.82955253,0.94724697,1.0396038
2025-01-01 20:39:00,0.85084015,0.97271127,1.0748348,0.8447462,0.97906953,1.014786,0.8572437,0.96962637,1.0652072,0.82691324,0.9533303,1.0126376,0.84940004,0.9623239,1.0261407,0.8348005,0.970522,1.0141201,0.8231654,0.9457891,1.0328318,0.8360197,0.96742237,1.0198756,0.83244836,0.9549063,1.0342675,0.8344346,0.9596925,1.0085179,0.8295829,0.94715023,1.0395567
2025-01-01 20:40:00,0.85084254,0.9726094,1.0747887,0.8447327,0.9789104,1.0147662,0.8572005,0.9695083,1.0651422,0.8269456,0.9532425,1.0126193,0.84937334,0.9621739,1.0261165,0.8348048,0.9703643,1.0141182,0.8232179,0.9457388,1.0328197,0.8360406,0.96729743,1.0198792,0.8324678,0.95480967,1.0342528,0.8344636,0.9595942,1.0085083,0.829606,0.9470713,1.0395228
2025-01-01 20:41:00,0.8508445,0.97252756,1.0747573,0.84472036,0.97878116,1.0147495,0.8571635,0.96941125,1.0650952,0.82696915,0.9531701,1.0126041,0.8493507,0.9620531,1.0261002,0.8348088,0.97023916,1.0141193,0.823262,0.9457008,1.0328163,0.83606,0.96720004,1.0198858,0.8324854,0.9547341,1.0342454,0.8344873,0.9595156,1.0085015,0.8296232,0.9470065,1.0394973
2025-01-01 20:42:00,0.8508461,0.9724617,1.0747356,0.84470886,0.9786758,1.0147349,0.8571313,0.96933097,1.0650601,0.82698554,0.95311004,1.012591,0.8493315,0.9619557,1.0260891,0.83481264,0.9701401,1.0141226,0.8232993,0.9456728,1.0328183,0.8360781,0.96712476,1.0198945,0.8325014,0.9546753,1.034243,0.83450675,0.9594528,1.0084964,0.82963574,0.9469531,1.0394773
2025-01-01 20:43:00,0.8508475,0.9724086,1.07472,0.8446981,0.9785896,1.0147214,0.85710293,0.9692641,1.0650328,0.8269964,0.9530599,1.0125792,0.84931505,0.9618771,1.0260813,0.83481634,0.9700619,1.0141271,0.82333124,0.9456527,1.032824,0.8360953,0.96706706,1.0199044,0.8325162,0.95462996,1.0342438,0.8345228,0.95940256,1.0084925,0.82964456,0.9469087,1.039461
2025-01-01 20:44:00,0.8508486,0.97236574,1.0747085,0.8446878,0.9785187,1.014709,0.8570777,0.969208,1.0650105,0.82700264,0.95301765,1.0125684,0.8493008,0.9618136,1.0260757,0.83482,0.9700004,1.0141326,0.8233589,0.945639,1.032832,0.8361116,0.96702343,1.0199151,0.8325301,0.9545954,1.0342466,0.8345361,0.95936245,1.0084891,0.8296503,0.9468716,1.0394471
2025-01-01 20:45:00,0.8508495,0.97233105,1.0746995,0.844678,0.9784601,1.014697,0.85705495,0.96916056,1.0649914,0.8270053,0.9529817,1.0125579,0.8492883,0.9617621,1.0260717,0.8348235,0.9699522,1.0141387,0.82338315,0.9456303,1.0328416,0.8361273,0.9669911,1.0199263,0.83254313,0.95456934,1.0342506,0.83454716,0.9593303,1.0084862,0.8296537,0.9468402,1.0394346
2025-01-01 20:46:00,0.8508502,0.97230285,1.0746922,0.84466845,0.97841114,1.0146852,0.8570342,0.9691199,1.0649744,0.8270051,0.95295084,1.012548,0.84927714,0.96172017,1.0260687,0.83482695,0.96991473,1.0141451,0.8234046,0.9456257,1.0328523,0.8361425,0.9669679,1.0199379,0.8325556,0.95455015,1.0342556,0.83455646,0.9593046,1.0084836,0.8296551,0.9468135,1.039423
2025-01-01 20:47:00,0.8508508,0.97227985,1.0746859,0.84465927,0.9783701,1.0146738,0.8570151,0.96908486,1.0649589,0.8270026,0.9529241,1.0125383,0.8492672,0.9616861,1.0260663,0.83483034,0.9698859,1.0141518,0.8234239,0.9456244,1.0328635,0.83615726,0.96695185,1.0199496,0.83256745,0.95453644,1.034261,0.8345643,0.959284,1.0084811,0.82965493,0.94679046,1.0394121
2025-01-01 20:48:00,0.85085136,0.972261,1.0746804,0.8446502,0.97833526,1.0146625,0.8569972,0.9690541,1.0649441,0.8269983,0.9529005,1.0125289,0.8492581,0.9616581,1.0260643,0.83483374,0.9698639,1.0141588,0.8234415,0.94562566,1.0328752,0.8361716,0.96694154,1.0199616,0.8325789,0.95452714,1.0342668,0.83457106,0.95926756,1.0084789,0.8296535,0.94677037,1.0394015
2025-01-01 20:49:00,0.8508517,0.97224545,1.0746753,0.84464127,0.9783054,1.0146512,0.85698026,0.969027,1.0649301,0.82699245,0.9528796,1.0125196,0.84924984,0.9616351,1.0260626,0.8348372,0.96984744,1.014166,0.82345766,0.94562906,1.0328872,0.8361858,0.9669358,1.0199736,0.83259004,0.9545213,1.0342728,0.83457685,0.9592543,1.0084765,0.829651,0.9467526,1.0393912
2025-01-01 20:50:00,0.85085195,0.9722325,1.0746704,0.8446325,0.97827953,1.0146399,0.85696423,0.9690026,1.0649164,0.82698554,0.9528608,1.0125103,0.8492422,0.9616161,1.026061,0.83484066,0.96983534,1.0141732,0.8234727,0.9456341,1.0328994,0.83619976,0.96693385,1.0199857,0.8326009,0.9545182,1.0342789,0.83458185,0.95924366,1.0084742,0.8296477,0.94673675,1.039381
2025-01-01 20:51:00,0.85085213,0.97222173,1.0746658,0.8446238,0.9782568,1.0146286,0.8569488,0.9689805,1.0649029,0.8269776,0.9528436,1.0125011,0.84923506,0.96160024,1.0260597,0.8348441,0.9698268,1.0141804,0.82348686,0.94564056,1.0329117,0.8362135,0.9669348,1.0199977,0.8326115,0.9545173,1.0342852,0.83458626,0.95923513,1.0084718,0.8296438,0.9467223,1.0393709
2025-01-01 20:52:00,0.8508522,0.9722126,1.0746611,0.8446151,0.9782366,1.0146174,0.85693383,0.96896017,1.0648897,0.82696897,0.9528278,1.0124921,0.84922826,0.9615869,1.0260586,0.8348476,0.96982116,1.0141878,0.8235004,0.9456481,1.0329242,0.8362271,0.96693814,1.0200099,0.83262193,0.95451826,1.0342914,0.8345902,0.9592282,1.0084695,0.8296392,0.9467091,1.0393608
2025-01-01 20:53:00,0.85085225,0.9722048,1.0746565,0.8446065,0.9782185,1.0146062,0.85691935,0.96894133,1.0648764,0.8269598,0.9528131,1.0124831,0.8492219,0.9615757,1.0260575,0.8348511,0.96981776,1.0141953,0.8235134,0.9456564,1.0329366,0.83624065,0.9669433,1.0200219,0.8326321,0.9545206,1.0342975,0.83459365,0.9592226,1.0084671,0.82963425,0.94669676,1.0393507
2025-01-01 20:54:00,0.85085213,0.972198,1.0746518,0.84459794,0.978202,1.014595,0.8569052,0.96892357,1.0648633,0.8269501,0.95279926,1.0124742,0.84921575,0.96156615,1.0260565,0.83485466,0.96981615,1.0142028,0.82352585,0.9456655,1.0329492,0.83625406,0.96695,1.0200341,0.8326422,0.954524,1.0343037,0.8345968,0.959218,1.0084646,0.82962894,0.9466852,1.0393407
2025-01-01 20:55:00,0.850852,0.9721921,1.0746472,0.8445893,0.9781868,1.0145837,0.8568913,0.96890676,1.0648502,0.82694,0.9527862,1.0124654,0.84920985,0.9615579,1.0260557,0.83485824,0.969816,1.0142103,0.82353806,0.9456752,1.0329618,0.8362675,0.9669579,1.0200461,0.83265215,0.95452833,1.0343097,0.8345997,0.95921427,1.0084621,0.8296233,0.94667417,1.0393307
2025-01-01 20:56:00,0.8508518,0.9721868,1.0746425,0.84458065,0.97817254,1.0145724,0.85687757,0.96889067,1.0648372,0.8269297,0.9527737,1.0124564,0.8492041,0.96155083,1.0260549,0.83486193,0.96981716,1.014218,0.82355,0.94568527,1.0329745,0.83628076,0.9669668,1.0200582,0.83266205,0.9545333,1.0343158,0.8346023,0.9592111,1.0084596,0.8296174,0.9466637,1.0393206
2025-01-01 20:57:00,0.85085154,0.97218204,1.0746379,0.84457207,0.97815907,1.014561,0.856864,0.96887517,1.0648243,0.8269192,0.95276165,1.0124476,0.8491986,0.96154463,1.0260541,0.8348656,0.96981925,1.0142256,0.82356167,0.94569576,1.0329871,0.83629405,0.9669764,1.0200701,0.8326718,0.9545388,1.0343219,0.8346047,0.9592085,1.008457,0.8296113,0.9466535,1.0393105
2025-01-01 20:58:00,0.8508511,0.9721776,1.0746332,0.8445634,0.9781463,1.0145497,0.8568505,0.96886015,1.0648113,0.8269084,0.95274997,1.0124389,0.8491932,0.9615391,1.0260534,0.8348694,0.9698221,1.0142334,0.82357323,0.94570655,1.0329998,0.8363072,0.96698666,1.0200821,0.83268154,0.9545448,1.0343279,0.83460695,0.9592063,1.0084542,0.82960504,0.94664365,1.0393003
2025-01-01 20:59:00,0.8508507,0.9721736,1.0746284,0.8445548,0.97813404,1.0145383,0.8568372,0.96884555,1.0647985,0.8268976,0.9527386,1.0124302,0.84918797,0.96153414,1.0260528,0.83487314,0.9698256,1.0142411,0.8235847,0.9457176,1.0330124,0.8363204,0.9669974,1.020094,0.8326912,0.95455116,1.0343338,0.834609,0.9592043,1.0084515,0.8295986,0.946634,1.0392902
2025-01-01 21:00:00,0.85090387,0.9713374,1.0711653,0.8445448,0.9768237,1.0138121,0.85659426,0.9679912,1.0607111,0.8273853,0.9521608,1.0117217,0.8490827,0.960334,1.0242472,0.8350118,0.968523,1.0135515,0.82407176,0.9453016,1.03107,0.8365479,0.9659522,1.019404,0.83291906,0.95380396,1.0326053,0.8350148,0.9585319,1.0078179,0.83000016,0.94619995,1.037329
2025-01-01 21:01:00,0.85094625,0.9706679,1.0689125,0.8445351,0.9757734,1.013336,0.8563974,0.9673051,1.05805,0.8277733,0.95169646,1.0112582,0.84899765,0.9593735,1.0230733,0.8351235,0.9674821,1.0131061,0.82446367,0.94497114,1.0298117,0.8367325,0.9651186,1.0189595,0.83310324,0.95320773,1.0314838,0.8353397,0.95799387,1.007405,0.83032,0.94585097,1.0360506
2025-01-01 21:02:00,0.8509799,0.9701317,1.0674465,0.8445256,0.97493106,1.0130225,0.85623723,0.9667536,1.0563158,0.8280813,0.95132303,1.010954,0.84892863,0.9586045,1.0223101,0.83521366,0.96665066,1.0128193,0.82477933,0.94470924,1.0289984,0.83688277,0.9644543,1.0186749,0.8332524,0.95273226,1.0307568,0.83559996,0.9575633,1.0071356,0.8305744,0.94556993,1.035216
2025-01-01 21:03:00,0.85100675,0.9697021,1.0664917,0.8445161,0.97425514,1.0128148,0.85610646,0.9663098,1.0551839,0.8283255,0.95102227,1.0107533,0.8488725,0.95798886,1.0218141,0.8352867,0.9659867,1.0126356,0.82503414,0.9445022,1.0284742,0.8370056,0.9639253,1.018494,0.83337355,0.95235336,1.0302862,0.8358084,0.9572185,1.0069594,0.83077645,0.9453433,1.0346698
2025-01-01 21:04:00,0.85102797,0.96935785,1.0658692,0.8445068,0.9737123,1.0126756,0.8559993,0.9659521,1.0544438,0.8285186,0.9507797,1.0106199,0.84882677,0.95749587,1.0214915,0.8353459,0.9654569,1.0125191,0.82524014,0.9443389,1.0281378,0.8371065,0.9635046,1.0183805,0.8334723,0.95205176,1.0299823,0.8359753,0.95694256,1.0068438,0.8309367,0.94516027,1.0343112
2025-01-01 21:05:00,0.8510448,0.96908176,1.065463,0.8444975,0.9732759,1.0125811,0.855911,0.9656633,1.053958,0.82867086,0.95058364,1.0105302,0.8487893,0.957101,1.0212817,0.83539414,0.96503425,1.0124462,0.8254072,0.94421077,1.0279237,0.83718985,0.9631706,1.0183109,0.83355314,0.9518119,1.0297867,0.8361091,0.9567216,1.0067675,0.83106333,0.945012,1.0340744
2025-01-01 21:06:00,0.851058,0.96886027,1.0651969,0.84448826,0.9729247,1.0125157,0.8558377,0.96542966,1.053638,0.8287904,0.95042485,1.010469,0.8487584,0.95678467,1.0211453,0.83543366,0.9646974,1.0124017,0.82554305,0.9441107,1.0277891,0.83725905,0.9629059,1.0182698,0.83361965,0.95162153,1.0296614,0.8362164,0.9565445,1.0067168,0.8311632,0.9448915,1.0339168
2025-01-01 21:07:00,0.8510684,0.9686824,1.0650222,0.8444791,0.9726417,1.0124689,0.85577655,0.9652402,1.0534256,0.8288838,0.95029587,1.0104263,0.8487328,0.95653117,1.0210568,0.83546615,0.9644292,1.0123756,0.82565403,0.944033,1.027706,0.837317,0.9626966,1.0182471,0.83367455,0.9514707,1.0295819,0.8363024,0.95640266,1.0066828,0.8312416,0.9447933,1.0338106
2025-01-01 21:08:00,0.8510764,0.9685394,1.0649068,0.84446985,0.97241306,1.0124346,0.855725,0.9650859,1.0532829,0.8289563,0.95019066,1.0103956,0.8487115,0.956328,1.0209991,0.835493,0.964216,1.0123615,0.825745,0.94397336,1.0276564,0.83736604,0.9625317,1.0182365,0.8337204,0.9513514,1.0295321,0.8363714,0.95628893,1.0066594,0.8313029,0.94471294,1.0337379
2025-01-01 21:09:00,0.8510826,0.9684243,1.0648298,0.84446067,0.97222805,1.0124081,0.8556811,0.9649599,1.0531856,0.8290121,0.9501046,1.010373,0.8486936,0.95616496,1.0209615,0.83551544,0.96404666,1.0123553,0.82582,0.94392806,1.0276287,0.8374078,0.9624022,1.0182337,0.8337588,0.95125747,1.0295016,0.8364268,0.9561976,1.0066429,0.8313504,0.9446467,1.033687
2025-01-01 21:10:00,0.85108733,0.96833163,1.0647779,0.84445155,0.97207797,1.0123868,0.85564345,0.9648565,1.053118,0.82905453,0.9500338,1.0103552,0.84867847,0.9560342,1.0209372,0.83553433,0.9639126,1.0123541,0.8258824,0.94389427,1.0276153,0.8374438,0.9623012,1.0182359,0.83379126,0.95118374,1.0294836,0.83647126,0.95612437,1.0066311,0.83138686,0.944592,1.0336502
2025-01-01 21:11:00,0.8510908,0.9682567,1.0647422,0.8444423,0.9719557,1.0123689,0.85561067,0.96477115,1.0530695,0.82908624,0.9499752,1.010341,0.8486655,0.95592916,1.0209216,0.8355503,0.9638066,1.0123564,0.8259344,0.94386965,1.0276109,0.83747524,0.9622228,1.0182415,0.83381903,0.95112616,1.0294738,0.83650696,0.9560654,1.0066223,0.8314146,0.9445463,1.0336225
2025-01-01 21:12:00,0.8510933,0.9681961,1.064717,0.84443307,0.97185576,1.0123531,0.8555818,0.9647003,1.0530335,0.8291095,0.94992644,1.0103288,0.8486543,0.95584476,1.0209115,0.835564,0.9637232,1.0123607,0.8259784,0.94385254,1.0276127,0.83750296,0.9621626,1.018249,0.83384305,0.9510815,1.0294691,0.8365357,0.95601803,1.0066153,0.83143514,0.9445079,1.0336008
2025-01-01 21:13:00,0.85109496,0.9681468,1.0646988,0.84442383,0.9717737,1.0123386,0.8555562,0.9646409,1.0530057,0.8291258,0.9498855,1.010318,0.8486446,0.95577693,1.0209049,0.83557594,0.9636578,1.0123665,0.82601583,0.9438412,1.0276183,0.83752775,0.9621169,1.0182581,0.8338639,0.9510472,1.0294679,0.8365588,0.95597976,1.0066093,0.8314501,0.9444753,1.0335829
2025-01-01 21:14:00,0.8510961,0.9681067,1.0646849,0.8444146,0.97170585,1.0123252,0.855533,0.96459085,1.0529832,0.82913667,0.9498508,1.0103084,0.84863603,0.9557223,1.0209008,0.8355865,0.96360683,1.0123732,0.8260481,0.9438346,1.0276265,0.8375501,0.96208286,1.018268,0.8338824,0.9510211,1.0294689,0.8365774,0.9559488,1.0066042,0.8314605,0.94444734,1.0335675
2025-01-01 21:15:00,0.85109663,0.9680738,1.0646739,0.8444053,0.97164947,1.0123122,0.8555119,0.9645481,1.052964,0.8291432,0.9498212,1.0102992,0.8486284,0.95567816,1.0208982,0.8355959,0.9635675,1.0123806,0.82607615,0.94383186,1.0276363,0.83757067,0.9620581,1.0182785,0.83389896,0.9510016,1.0294713,0.83659244,0.9559238,1.0065997,0.8314672,0.944423,1.0335537
2025-01-01 21:16:00,0.8510967,0.9680467,1.0646647,0.84439594,0.97160214,1.0122997,0.85549235,0.9645114,1.052947,0.8291463,0.9497956,1.0102905,0.84862155,0.9556426,1.0208968,0.83560437,0.96353734,1.0123885,0.8261009,0.9438321,1.0276473,0.8375896,0.9620407,1.0182893,0.83391386,0.95098734,1.0294745,0.8366046,0.9559034,1.0065954,0.8314711,0.94440174,1.033541
2025-01-01 21:17:00,0.85109645,0.9680243,1.0646567,0.84438664,0.97156215,1.0122874,0.8554741,0.9644793,1.0529317,0.8291466,0.94977325,1.0102822,0.8486153,0.95561385,1.020896,0.8356122,0.9635146,1.0123965,0.826123,0.9438348,1.0276588,0.8376074,0.9620293,1.0183003,0.8339276,0.9509773,1.0294784,0.8366144,0.9558867,1.0065912,0.8314725,0.9443827,1.0335289
2025-01-01 21:18:00,0.85109586,0.9680056,1.0646495,0.8443772,0.97152793,1.0122751,0.85545695,0.96445113,1.0529171,0.8291447,0.94975346,1.010274,0.84860957,0.9555905,1.0208956,0.8356194,0.9634978,1.0124048,0.82614297,0.94383943,1.0276709,0.8376242,0.9620226,1.0183116,0.8339402,0.95097065,1.0294827,0.83662224,0.955873,1.0065871,0.8314721,0.9443656,1.0335172
2025-01-01 21:19:00,0.8510951,0.96798986,1.0646427,0.8443678,0.97149837,1.012263,0.85544056,0.964426,1.0529034,0.829141,0.94973576,1.010266,0.84860426,0.9555715,1.0208957,0.8356262,0.96348584,1.0124133,0.82616127,0.9438456,1.0276833,0.8376402,0.96201974,1.0183228,0.83395207,0.95096666,1.0294871,0.8366287,0.9558617,1.0065832,0.8314702,0.94435,1.0335058
2025-01-01 21:20:00,0.851094,0.96797645,1.0646362,0.8443584,0.9714725,1.0122509,0.8554249,0.96440315,1.05289,0.8291359,0.9497198,1.0102581,0.84859926,0.95555604,1.0208958,0.8356326,0.9634777,1.0124218,0.8261782,0.9438531,1.0276958,0.8376556,0.9620199,1.0183342,0.8339632,0.9509648,1.0294915,0.8366338,0.9558522,1.0065792,0.8314671,0.9443356,1.0334945
2025-01-01 21:21:00,0.8510928,0.9679649,1.0646298,0.8443489,0.9714497,1.0122387,0.8554097,0.9643824,1.0528768,0.82912964,0.9497051,1.0102502,0.8485945,0.9555434,1.0208963,0.8356388,0.9634725,1.0124304,0.8261941,0.9438615,1.0277085,0.83767045,0.9620225,1.0183454,0.83397377,0.95096457,1.0294961,0.8366379,0.9558442,1.0065751,0.8314629,0.9443221,1.0334834
2025-01-01 21:22:00,0.8510915,0.9679548,1.0646236,0.8443394,0.97142917,1.0122268,0.85539496,0.96436316,1.0528638,0.82912254,0.94969153,1.0102425,0.8485901,0.955533,1.0208968,0.83564484,0.9634698,1.0124391,0.8262091,0.9438707,1.0277213,0.8376849,0.96202695,1.0183568,0.83398396,0.95096576,1.0295007,0.8366413,0.9558374,1.006571,0.83145803,0.94430935,1.0334723
2025-01-01 21:23:00,0.85108995,0.96794593,1.0646174,0.8443298,0.9714105,1.0122148,0.8553805,0.96434516,1.052851,0.8291147,0.94967884,1.0102348,0.8485858,0.95552444,1.0208974,0.8356507,0.9634691,1.012448,0.82622343,0.9438807,1.0277342,0.8376991,0.962033,1.0183681,0.83399373,0.95096797,1.0295053,0.836644,0.9558315,1.006567,0.8314524,0.9442972,1.0334611
2025-01-01 21:24:00,0.85108835,0.96793795,1.0646112,0.8443202,0.9713934,1.0122027,0.85536635,0.9643281,1.0528382,0.8291064,0.94966686,1.0102272,0.84858173,0.95551735,1.0208982,0.83565646,0.96347,1.0124568,0.82623726,0.9438911,1.0277472,0.83771294,0.96204025,1.0183793,0.8340032,0.95097107,1.0295099,0.8366462,0.95582646,1.006563,0.83144635,0.9442855,1.0334501
2025-01-01 21:25:00,0.8510867,0.96793073,1.064605,0.8443106,0.9713775,1.0121907,0.85535234,0.9643119,1.0528255,0.82909757,0.9496555,1.0102197,0.8485778,0.95551145,1.020899,0.8356621,0.9634722,1.0124657,0.8262507,0.94390196,1.02776,0.83772665,0.96204853,1.0183907,0.83401245,0.95097476,1.0295146,0.836648,0.9558219,1.0065588,0.8314398,0.94427425,1.033439
2025-01-01 21:26:00,0.8510849,0.96792406,1.0645988,0.84430087,0.97136253,1.0121787,0.8553386,0.96429634,1.0528128,0.8290884,0.9496445,1.0102122,0.848574,0.9555065,1.0209,0.8356677,0.9634754,1.0124747,0.8262637,0.9439131,1.027773,0.8377402,0.9620576,1.018402,0.83402145,0.95097905,1.0295191,0.8366493,0.95581776,1.0065546,0.83143294,0.9442632,1.033428
2025-01-01 21:27:00,0.851083,0.96791786,1.0645926,0.84429115,0.97134835,1.0121665,0.8553249,0.96428126,1.0528003,0.829079,0.94963396,1.0102047,0.84857035,0.9555024,1.020901,0.83567333,0.96347946,1.0124836,0.8262765,0.9439246,1.027786,0.83775353,0.9620672,1.0184132,0.83403033,0.9509837,1.0295235,0.8366504,0.95581406,1.0065503,0.8314258,0.94425243,1.0334169
2025-01-01 21:28:00,0.851081,0.967912,1.0645863,0.8442814,0.9713347,1.0121545,0.85531145,0.96426666,1.0527878,0.8290693,0.94962376,1.0101973,0.8485668,0.9554989,1.020902,0.8356789,0.9634842,1.0124927,0.8262891,0.9439362,1.027799,0.83776677,0.9620774,1.0184243,0.83403903,0.9509887,1.0295279,0.8366512,0.95581055,1.0065459,0.83141834,0.9442418,1.0334058
2025-01-01 21:29:00,0.8510789,0.96790636,1.06458,0.8442716,0.9713215,1.0121423,0.855298,0.96425235,1.0527751,0.82905954,0.94961375,1.0101899,0.84856325,0.9554959,1.0209031,0.8356845,0.96348953,1.0125017,0.8263015,0.94394815,1.027812,0.8377799,0.9620879,1.0184355,0.8340476,0.9509939,1.0295323,0.8366518,0.9558073,1.0065416,0.83141077,0.9442313,1.0333946
2025-01-01 21:30:00,0.85116696,0.96718377,1.0608716,0.84431255,0.9701279,1.0113783,0.85511297,0.96354985,1.048554,0.8296256,0.9491958,1.0094492,0.8485552,0.9544828,1.0190039,0.8359423,0.9624169,1.0117793,0.8268631,0.9436874,1.0257673,0.83814454,0.9612872,1.0177075,0.8344024,0.9504841,1.0277131,0.8372084,0.9553942,1.0058737,0.8319421,0.94404125,1.0313371
2025-01-01 21:31:00,0.8512369,0.96660477,1.0584589,0.8443433,0.96917075,1.0108774,0.8549624,0.96298534,1.0458058,0.83007646,0.9488597,1.0089654,0.8485482,0.95367223,1.0177699,0.83614975,0.96156025,1.011313,0.82731473,0.9434813,1.0244428,0.83843887,0.960649,1.017238,0.8346878,0.95007753,1.0265319,0.8376536,0.95506316,1.0054381,0.8323656,0.94388723,1.0299958
2025-01-01 21:32:00,0.8512923,0.9661407,1.0568885,0.84436595,0.9684027,1.0105474,0.85483927,0.9625311,1.044015,0.83043504,0.948589,1.0086484,0.8485419,0.9530236,1.0169684,0.8363168,0.96087646,1.0110133,0.82767844,0.943319,1.0235864,0.8386768,0.9601409,1.0169368,0.8349178,0.9497534,1.0257658,0.83800966,0.9547978,1.0051533,0.8327026,0.94376194,1.02912
2025-01-01 21:33:00,0.8513362,0.96576846,1.0558653,0.844382,0.967786,1.0103288,0.8547381,0.96216506,1.0428468,0.8307198,0.94837075,1.0084398,0.8485364,0.9525045,1.0164478,0.83645165,0.9603311,1.0108216,0.82797176,0.94319165,1.0230343,0.8388697,0.95973676,1.0167447,0.8351033,0.9494954,1.025269,0.83829445,0.954585,1.0049665,0.83297044,0.94365966,1.0285467
2025-01-01 21:34:00,0.8513707,0.9654697,1.0551978,0.8443928,0.9672904,1.0101823,0.8546546,0.96186966,1.042083,0.8309457,0.9481944,1.0083019,0.84853137,0.9520892,1.0161098,0.83656067,0.9598962,1.0107002,0.8282088,0.94309235,1.02268,0.8390266,0.95941585,1.0166237,0.83525324,0.9492901,1.0249478,0.83852214,0.95441425,1.0048435,0.83318305,0.94357586,1.0281701
2025-01-01 21:35:00,0.85139775,0.9652298,1.0547616,0.8443994,0.96689165,1.0100827,0.8545852,0.9616308,1.0415823,0.83112425,0.9480516,1.0082096,0.8485268,0.95175683,1.0158908,0.8366491,0.9595499,1.0106248,0.82840085,0.94301546,1.0224544,0.8391546,0.9591615,1.016549,0.8353748,0.9491271,1.0247401,0.83870417,0.954277,1.0047617,0.8333514,0.9435067,1.0279213
2025-01-01 21:36:00,0.8514189,0.9650368,1.0544758,0.8444027,0.96657026,1.0100137,0.854527,0.9614371,1.0412524,0.8312651,0.9479356,1.0081472,0.8485226,0.95149076,1.0157491,0.836721,0.9592744,1.0105789,0.82855684,0.94295645,1.0223122,0.8392596,0.9589604,1.016504,0.83547354,0.9489978,1.0246066,0.83884966,0.95416665,1.0047069,0.8334843,0.94344944,1.0277555
2025-01-01 21:37:00,0.85143524,0.9648815,1.0542876,0.84440327,0.9663109,1.0099646,0.8544778,0.9612796,1.0410336,0.8313757,0.94784105,1.0081043,0.84851867,0.95127785,1.0156574,0.8367797,0.9590556,1.0105524,0.8286841,0.9429118,1.0222244,0.8393461,0.958802,1.0164788,0.8355541,0.9488956,1.0245211,0.83896595,0.9540778,1.0046695,0.83358884,0.94340146,1.0276439
2025-01-01 21:38:00,0.85144776,0.96475613,1.0541629,0.84440166,0.9661012,1.0099282,0.85443586,0.96115094,1.0408872,0.83146226,0.94776374,1.008074,0.8485151,0.95110744,1.0155984,0.83682793,0.95888215,1.0105385,0.8287883,0.9428786,1.0221719,0.8394178,0.95867753,1.0164661,0.8356201,0.94881487,1.0244669,0.8390588,0.9540062,1.0046436,0.83367074,0.94336104,1.0275673
2025-01-01 21:39:00,0.8514571,0.9646549,1.0540793,0.84439826,0.96593106,1.0099003,0.8543997,0.96104544,1.0407877,0.8315294,0.94770014,1.008052,0.84851164,0.95097107,1.0155607,0.8368677,0.958745,1.0105327,0.828874,0.94285464,1.0221423,0.8394777,0.9585803,1.0164617,0.83567435,0.9487515,1.0244329,0.83913296,0.95394826,1.004625,0.83373445,0.94332665,1.0275134
2025-01-01 21:40:00,0.8514641,0.9645729,1.0540227,0.84439355,0.96579266,1.0098778,0.8543681,0.96095854,1.0407187,0.8315811,0.94764763,1.0080353,0.8485084,0.9508619,1.0155368,0.8369008,0.9586368,1.0105324,0.828945,0.942838,1.0221277,0.83952814,0.958505,1.0164626,0.8357193,0.9487019,1.0244122,0.8391921,0.9539013,1.004611,0.8337837,0.943297,1.0274743
2025-01-01 21:41:00,0.85146904,0.96450627,1.0539833,0.8443877,0.9656796,1.0098588,0.85434026,0.96088636,1.0406696,0.8316205,0.94760394,1.0080221,0.8485053,0.9507745,1.015522,0.8369284,0.958552,1.0105355,0.82900417,0.9428272,1.0221227,0.839571,0.95844704,1.0164669,0.8357568,0.9486633,1.0243999,0.83923924,0.9538631,1.0046002,0.8338213,0.9432712,1.027445
2025-01-01 21:42:00,0.8514723,0.9644519,1.0539552,0.8443809,0.96558684,1.0098422,0.85431534,0.9608261,1.0406332,0.8316501,0.94756734,1.0080111,0.8485024,0.9507046,1.015513,0.83695185,0.9584857,1.0105408,0.829054,0.9428212,1.0221242,0.83960783,0.95840305,1.0164735,0.83578825,0.9486336,1.0243931,0.83927673,0.95383185,1.0045912,0.83384955,0.9432485,1.0274217
2025-01-01 21:43:00,0.85147434,0.96440744,1.0539345,0.8443734,0.9655103,1.009827,0.85429275,0.9607753,1.0406053,0.83167166,0.94753635,1.0080017,0.8484996,0.9506486,1.0155078,0.8369718,0.9584343,1.0105479,0.82909626,0.94281894,1.0221297,0.83963984,0.9583702,1.0164815,0.83581495,0.9486109,1.02439,0.8393065,0.9538063,1.0045837,0.83387035,0.94322824,1.0274025
2025-01-01 21:44:00,0.85147536,0.9643707,1.0539185,0.8443653,0.9654467,1.0098128,0.85427207,0.9607321,1.0405829,0.831687,0.9475099,1.0079933,0.84849685,0.9506038,1.0155052,0.83698905,0.9583948,1.0105557,0.8291325,0.94281965,1.0221376,0.8396679,0.95834625,1.0164903,0.8358377,0.9485938,1.0243891,0.83933014,0.9537851,1.004577,0.8338852,0.9432099,1.0273861
2025-01-01 21:45:00,0.8514755,0.9643403,1.0539056,0.84435666,0.9653935,1.0097991,0.85425293,0.96069497,1.0405642,0.8316973,0.9474871,1.0079856,0.84849423,0.95056796,1.0155042,0.8370041,0.95836484,1.0105643,0.82916397,0.9428228,1.0221475,0.83969295,0.95832944,1.0164999,0.8358574,0.9485813,1.0243897,0.8393488,0.95376754,1.0045707,0.83389527,0.94319314,1.0273713
2025-01-01 21:46:00,0.85147494,0.9643149,1.0538948,0.84434766,0.9653486,1.0097859,0.854235,0.9606627,1.0405476,0.8317035,0.9474672,1.0079783,0.8484917,0.9505393,1.0155044,0.8370175,0.95834255,1.0105734,0.82919157,0.9428279,1.0221585,0.8397154,0.9583183,1.0165098,0.8358746,0.9485722,1.0243914,0.83936346,0.95375276,1.0045648,0.83390146,0.9431776,1.0273576
2025-01-01 21:47:00,0.8514738,0.9642935,1.053885,0.84433836,0.96531034,1.009773,0.854218,0.9606344,1.0405326,0.8317066,0.9474496,1.0079714,0.8484893,0.9505164,1.0155053,0.83702946,0.9583264,1.0105827,0.82921606,0.94283456,1.0221703,0.8397359,0.95831174,1.0165199,0.8358898,0.9485661,1.0243936,0.83937496,0.9537403,1.0045589,0.83390456,0.94316304,1.0273445
2025-01-01 21:48:00,0.85147226,0.96427524,1.0538763,0.84432876,0.96527743,1.0097601,0.85420185,0.9606092,1.0405186,0.83170706,0.94743395,1.0079646,0.84848696,0.9504981,1.0155066,0.8370403,0.9583152,1.0105921,0.8292381,0.94284236,1.0221825,0.83975476,0.9583088,1.01653,0.8359034,0.9485622,1.0243961,0.83938384,0.9537296,1.0045533,0.8339052,0.9431493,1.027332
2025-01-01 21:49:00,0.8514703,0.9642595,1.0538678,0.844319,0.96524864,1.0097474,0.85418624,0.9605864,1.0405053,0.8317056,0.9474198,1.0079579,0.8484847,0.9504835,1.0155083,0.8370504,0.95830786,1.0106018,0.8292582,0.9428513,1.022195,0.83977234,0.9583088,1.0165403,0.83591574,0.9485601,1.0243989,0.83939075,0.95372033,1.0045477,0.8339039,0.9431361,1.0273196
2025-01-01 21:50:00,0.851468,0.9642458,1.0538598,0.844309,0.9652233,1.0097346,0.85417116,0.9605657,1.0404924,0.8317024,0.9474069,1.0079515,0.8484825,0.9504719,1.0155102,0.83705974,0.9583037,1.0106115,0.82927674,0.94286096,1.0222077,0.8397889,0.95831114,1.0165507,0.835927,0.94855946,1.0244018,0.839396,0.95371217,1.0045421,0.8339009,0.9431234,1.0273075
2025-01-01 21:51:00,0.85146546,0.9642337,1.053852,0.8442989,0.96520066,1.009722,0.8541565,0.9605465,1.0404799,0.83169794,0.947395,1.0079451,0.8484803,0.95046264,1.0155122,0.83706856,0.9583021,1.0106213,0.82929397,0.9428713,1.0222206,0.8398046,0.95831525,1.016561,0.8359374,0.94855994,1.0244046,0.8393998,0.9537049,1.0045364,0.83389676,0.9431111,1.0272955
2025-01-01 21:52:00,0.8514627,0.9642229,1.0538443,0.84428865,0.96518016,1.0097095,0.8541421,0.9605287,1.0404674,0.83169246,0.9473839,1.0079389,0.8484782,0.95045537,1.0155145,0.83707696,0.95830244,1.0106312,0.8293103,0.9428821,1.0222336,0.8398197,0.95832086,1.0165714,0.8359471,0.9485613,1.0244076,0.8394026,0.95369834,1.0045308,0.83389145,0.9430991,1.0272835
2025-01-01 21:53:00,0.85145974,0.9642131,1.0538366,0.8442783,0.9651614,1.0096968,0.854128,0.9605118,1.0404551,0.83168614,0.9473734,1.0079325,0.84847623,0.95044965,1.0155169,0.83708507,0.9583045,1.0106412,0.82932574,0.9428934,1.0222466,0.8398343,0.95832765,1.0165819,0.8359563,0.94856346,1.0244105,0.8394045,0.9536923,1.0045252,0.8338854,0.94308734,1.0272716
2025-01-01 21:54:00,0.85145664,0.9642041,1.053829,0.8442678,0.965144,1.0096842,0.8541141,0.96049577,1.0404428,0.8316792,0.9473635,1.0079265,0.84847426,0.9504452,1.0155194,0.8370929,0.95830786,1.0106514,0.82934064,0.94290495,1.0222596,0.8398484,0.9583354,1.0165921,0.8359649,0.94856614,1.0244135,0.83940566,0.9536868,1.0045195,0.83387864,0.9430757,1.0272596
2025-01-01 21:55:00,0.8514534,0.96419567,1.0538212,0.8442573,0.9651277,1.0096716,0.8541004,0.96048045,1.0404308,0.83167183,0.94735396,1.0079204,0.8484724,0.9504417,1.0155219,0.83710057,0.9583123,1.0106614,0.829355,0.9429168,1.0222727,0.8398621,0.9583438,1.0166025,0.83597326,0.94856924,1.0244164,0.83940625,0.9536816,1.0045137,0.8338713,0.94306433,1.0272477
2025-01-01 21:56:00,0.85145,0.96418774,1.0538136,0.8442467,0.9651122,1.0096589,0.85408676,0.9604656,1.0404187,0.83166397,0.9473448,1.0079143,0.84847057,0.95043904,1.0155245,0.8371081,0.9583176,1.0106715,0.829369,0.94292885,1.0222858,0.8398756,0.95835286,1.0166128,0.8359813,0.9485727,1.0244193,0.8394064,0.9536766,1.0045079,0.8338635,0.943053,1.0272359
2025-01-01 21:57:00,0.85144657,0.96418023,1.0538058,0.844236,0.9650975,1.0096463,0.8540733,0.96045125,1.0404067,0.8316558,0.9473359,1.0079083,0.8484688,0.95043707,1.0155272,0.83711547,0.95832354,1.0106816,0.82938266,0.9429411,1.0222989,0.8398888,0.9583624,1.016623,0.83598906,0.9485764,1.0244222,0.83940613,0.95367175,1.004502,0.8338554,0.9430417,1.0272238
2025-01-01 21:58:00,0.851443,0.9641731,1.0537982,0.84422535,0.9650833,1.0096337,0.85405993,0.96043724,1.0403948,0.83164746,0.9473273,1.0079024,0.8484671,0.95043564,1.0155299,0.8371228,0.9583301,1.0106918,0.82939607,0.9429535,1.022312,0.8399018,0.9583723,1.0166332,0.8359966,0.94858027,1.0244249,0.83940554,0.95366716,1.0044961,0.833847,0.9430305,1.0272119
2025-01-01 21:59:00,0.8514393,0.96416605,1.0537903,0.84421456,0.96506953,1.0096209,0.85404664,0.96042347,1.0403829,0.8316389,0.94731885,1.0078965,0.84846544,0.9504346,1.0155327,0.83713007,0.9583371,1.010702,0.8294093,0.942966,1.0223252,0.8399147,0.9583825,1.0166434,0.83600396,0.9485843,1.0244277,0.83940464,0.9536626,1.0044901,0.8338383,0.94301933,1.0272
2025-01-01 22:00:00,0.8515608,0.96356994,1.049903,0.8443057,0.9640138,1.0088328,0.85392284,0.9598855,1.036103,0.83227324,0.9470682,1.0071368,0.8485546,0.9496268,1.013574,0.83750254,0.95751345,1.0099597,0.8300353,0.94286525,1.0202147,0.84041005,0.9578405,1.0158902,0.83647954,0.94832104,1.0225503,0.8401022,0.953516,1.0038002,0.83448994,0.9430766,1.025083
2025-01-01 22:01:00,0.85165715,0.96309185,1.0473735,0.84437644,0.96316683,1.008316,0.85382134,0.9594526,1.033317,0.83277893,0.9468662,1.0066411,0.8486258,0.9489807,1.0123019,0.8378019,0.9568563,1.0094808,0.83053863,0.94278723,1.0188475,0.84080875,0.95740914,1.0154041,0.8368613,0.94811136,1.021331,0.8406598,0.9533979,1.0033494,0.8350094,0.94312024,1.0237027
2025-01-01 22:02:00,0.85173345,0.9627081,1.0457264,0.8444308,0.9624868,1.0079758,0.8537375,0.9591038,1.0315019,0.8331816,0.94670314,1.006317,0.8486824,0.948464,1.011476,0.8380428,0.9563324,1.0091733,0.83094376,0.9427274,1.0179634,0.84113026,0.95706636,1.0150918,0.837168,0.94794446,1.0205392,0.84110546,0.9533026,1.0030544,0.83542293,0.94315296,1.0228014
2025-01-01 22:03:00,0.8517936,0.9623999,1.044653,0.8444721,0.96194035,1.0077502,0.85366774,0.95882225,1.030318,0.83350194,0.9465712,1.0061044,0.84872746,0.94805086,1.0109404,0.83823705,0.95591503,1.0089769,0.8312704,0.94268215,1.0173934,0.8413898,0.9567943,1.0148921,0.8374146,0.9478119,1.0200254,0.8414616,0.95322543,1.0028603,0.8357518,0.94317687,1.0222113
2025-01-01 22:04:00,0.8518408,0.96215206,1.0439526,0.84450287,0.9615008,1.007599,0.8536093,0.95859444,1.0295444,0.8337564,0.9464641,1.0059642,0.8487633,0.9477205,1.0105933,0.8383939,0.95558304,1.008853,0.8315342,0.94264853,1.0170274,0.8415999,0.95657897,1.0147659,0.8376132,0.94770664,1.0196922,0.84174603,0.95316285,1.002732,0.8360129,0.9431938,1.0218235
2025-01-01 22:05:00,0.85187775,0.9619525,1.0434945,0.8445253,0.9611468,1.0074962,0.8535601,0.9584097,1.0290374,0.8339581,0.94637704,1.005871,0.8487917,0.9474565,1.0103688,0.8385208,0.95531917,1.0087761,0.8317477,0.9426243,1.016794,0.8417704,0.95640886,1.0146872,0.8377733,0.9476233,1.0194764,0.84197307,0.95311195,1.0026463,0.83621985,0.94320506,1.0215671
2025-01-01 22:06:00,0.85190636,0.9617915,1.0431937,0.84454095,0.9608611,1.0074248,0.853518,0.95825946,1.0287037,0.8341177,0.94630593,1.0058087,0.84881425,0.94724554,1.0102241,0.8386239,0.95510995,1.0087298,0.8319211,0.94260746,1.016647,0.8419092,0.95627505,1.0146395,0.8379027,0.9475575,1.0193369,0.8421543,0.9530703,1.0025885,0.8363834,0.9432118,1.0213962
2025-01-01 22:07:00,0.8519284,0.9616615,1.0429953,0.84455127,0.96063006,1.007374,0.8534818,0.95813674,1.0284827,0.8342436,0.9462476,1.0057663,0.84883213,0.947077,1.0101311,0.8387078,0.9549444,1.0087035,0.8320623,0.9425966,1.016556,0.8420227,0.95617014,1.014612,0.83800745,0.9475057,1.019247,0.84229875,0.953036,1.0025486,0.8365122,0.94321495,1.0212808
2025-01-01 22:08:00,0.85194516,0.96155614,1.0428636,0.8445572,0.96044284,1.0073366,0.85345024,0.95803607,1.028335,0.8343425,0.9461994,1.0057368,0.84884626,0.9469424,1.010072,0.83877647,0.9548138,1.0086901,0.83217776,0.94259053,1.0165014,0.84211594,0.9560885,1.0145975,0.8380925,0.9474651,1.0191894,0.8424138,0.9530077,1.0025203,0.8366133,0.94321525,1.0212016
2025-01-01 22:09:00,0.8519576,0.96147054,1.042775,0.8445598,0.96029055,1.0073076,0.8534224,0.95795304,1.0282348,0.83441985,0.9461595,1.0057158,0.84885734,0.94683504,1.0100347,0.83883286,0.9547112,1.008685,0.8322727,0.94258827,1.0164706,0.84219295,0.95602536,1.0145915,0.83816177,0.9474334,1.0191525,0.8425054,0.95298415,1.0024997,0.8366921,0.9432132,1.0211458
2025-01-01 22:10:00,0.8519667,0.96140075,1.0427145,0.84455955,0.96016634,1.0072844,0.8533975,0.95788413,1.0281657,0.83448,0.94612616,1.0057003,0.8488661,0.9467495,1.0100116,0.8388795,0.954631,1.0086855,0.83235115,0.94258904,1.016455,0.8422569,0.955977,1.014591,0.83821833,0.94740885,1.0191293,0.8425782,0.9529643,1.002484,0.8367532,0.9432093,1.0211052
2025-01-01 22:11:00,0.851973,0.9613435,1.0426722,0.8445571,0.9600645,1.0072647,0.85337496,0.9578265,1.0281167,0.8345263,0.9460981,1.0056885,0.8488729,0.9466813,1.0099978,0.8389184,0.9545686,1.0086895,0.8324164,0.9425923,1.0164496,0.8423105,0.9559406,1.014594,0.8382649,0.9473901,1.0191149,0.8426358,0.9529475,1.0024714,0.83680004,0.9432039,1.0210745
2025-01-01 22:12:00,0.8519771,0.9612965,1.0426418,0.8445529,0.9599805,1.0072474,0.8533544,0.9577779,1.0280808,0.83456165,0.94607425,1.005679,0.84887826,0.9466271,1.0099902,0.838951,0.95452064,1.008696,0.8324712,0.94259757,1.0164505,0.8423558,0.9559136,1.0145993,0.83830327,0.9473758,1.0191061,0.8426814,0.95293313,1.0024611,0.83683544,0.9431973,1.0210505
2025-01-01 22:13:00,0.85197943,0.96125746,1.0426191,0.8445472,0.9599108,1.0072317,0.8533353,0.95773655,1.0280535,0.83458817,0.94605374,1.0056711,0.84888244,0.946584,1.0099865,0.83897865,0.95448416,1.008704,0.83251756,0.9426043,1.0164558,0.84239435,0.95589423,1.0146061,0.83833516,0.9473651,1.0191011,0.84271735,0.9529206,1.0024518,0.8368617,0.9431898,1.0210304
2025-01-01 22:14:00,0.85198027,0.96122485,1.0426013,0.84454036,0.9598527,1.007217,0.8533175,0.95770097,1.0280316,0.8346076,0.946036,1.0056642,0.8488856,0.94654983,1.0099854,0.8390024,0.95445687,1.0087129,0.8325572,0.94261235,1.0164638,0.8424276,0.9558809,1.014614,0.83836186,0.94735736,1.0190984,0.8427455,0.9529096,1.0024434,0.8368807,0.9431814,1.0210129
2025-01-01 22:15:00,0.85198003,0.96119744,1.0425868,0.8445326,0.9598037,1.007203,0.8533007,0.9576701,1.0280135,0.8346215,0.9460204,1.005658,0.84888804,0.9465229,1.0099859,0.8390229,0.9544369,1.0087224,0.8325914,0.9426214,1.0164734,0.8424566,0.95587236,1.0146223,0.8383844,0.94735193,1.0190973,0.8427675,0.9528999,1.0024356,0.83689386,0.9431724,1.0209973
2025-01-01 22:16:00,0.8519788,0.9611741,1.0425743,0.8445241,0.959762,1.0071893,0.8532846,0.95764285,1.0279976,0.83463085,0.9460066,1.0056522,0.84888995,0.9465017,1.0099878,0.8390409,0.9544229,1.0087324,0.83262134,0.94263124,1.0164844,0.84248215,0.9558677,1.014631,0.8384035,0.94734824,1.0190972,0.84278446,0.95289105,1.002428,0.8369023,0.9431629,1.0209829
2025-01-01 22:17:00,0.8519768,0.961154,1.0425631,0.844515,0.95972615,1.0071759,0.85326916,0.95761865,1.0279833,0.83463657,0.9459942,1.0056467,0.8488913,0.9464851,1.0099902,0.83905685,0.9544136,1.0087427,0.83264786,0.94264174,1.0164961,0.84250504,0.9558661,1.0146401,0.83842,0.9473461,1.0190977,0.84279746,0.95288295,1.0024208,0.836907,0.94315296,1.020969
2025-01-01 22:18:00,0.85197425,0.9611365,1.0425528,0.8445054,0.959695,1.0071627,0.8532543,0.95759684,1.0279701,0.83463955,0.94598293,1.0056415,0.8488924,0.94647217,1.0099932,0.8390712,0.95440805,1.0087532,0.8326715,0.94265276,1.0165082,0.84252566,0.955867,1.0146492,0.83843434,0.9473451,1.0190985,0.84280723,0.95287544,1.0024135,0.8369087,0.9431428,1.0209558
2025-01-01 22:19:00,0.85197115,0.96112114,1.042543,0.8444955,0.9596676,1.0071495,0.8532398,0.95757693,1.0279574,0.8346402,0.94597256,1.0056363,0.84889317,0.9464622,1.0099965,0.8390843,0.95440555,1.0087639,0.8326931,0.9426642,1.0165207,0.84254456,0.95586985,1.0146583,0.8384469,0.94734496,1.0190995,0.84281445,0.9528684,1.0024064,0.836908,0.94313234,1.0209428
2025-01-01 22:20:00,0.85196763,0.9611074,1.0425336,0.84448516,0.9596432,1.0071365,0.8532256,0.9575585,1.0279452,0.834639,0.94596297,1.0056314,0.8488938,0.9464547,1.0100001,0.8390964,0.9544055,1.0087748,0.8327129,0.942676,1.0165334,0.84256196,0.95587426,1.0146675,0.8384581,0.94734555,1.0191007,0.8428196,0.95286167,1.0023993,0.8369053,0.94312155,1.02093
2025-01-01 22:21:00,0.8519638,0.961095,1.0425243,0.8444746,0.9596211,1.0071234,0.8532117,0.95754135,1.0279334,0.8346364,0.94595397,1.0056266,0.84889424,0.94644904,1.0100039,0.83910775,0.9544074,1.0087856,0.8327313,0.942688,1.0165462,0.84257835,0.95587987,1.0146768,0.8384682,0.94734675,1.0191019,0.8428231,0.9528553,1.0023922,0.836901,0.94311064,1.0209174
2025-01-01 22:22:00,0.8519597,0.9610836,1.0425153,0.8444638,0.959601,1.0071104,0.853198,0.9575252,1.0279217,0.8346327,0.9459455,1.0056219,0.84889454,0.946445,1.0100079,0.8391184,0.9544109,1.0087966,0.83274853,0.9427002,1.0165591,0.8425937,0.9558865,1.014686,0.8384773,0.94734836,1.0191032,0.84282523,0.9528491,1.002385,0.8368956,0.94309956,1.0209049
2025-01-01 22:23:00,0.8519553,0.96107304,1.0425062,0.84445286,0.95958245,1.0070975,0.85318446,0.9575098,1.0279101,0.83462805,0.94593745,1.0056173,0.84889483,0.9464422,1.0100118,0.8391286,0.9544157,1.0088075,0.8327649,0.94271266,1.016572,0.8426084,0.9558939,1.0146953,0.83848566,0.9473503,1.0191044,0.84282625,0.95284307,1.0023779,0.836889,0.94308835,1.0208923
2025-01-01 22:24:00,0.85195076,0.9610631,1.0424973,0.8444417,0.959565,1.0070845,0.85317105,0.9574951,1.0278987,0.8346227,0.9459297,1.0056127,0.848895,0.94644034,1.010016,0.8391384,0.95442146,1.0088186,0.83278066,0.9427252,1.016585,0.84262246,0.9559019,1.0147045,0.8384934,0.9473525,1.0191057,0.8428265,0.95283717,1.0023706,0.8368817,0.943077,1.0208796
2025-01-01 22:25:00,0.851946,0.9610537,1.0424882,0.8444305,0.9595486,1.0070715,0.8531578,0.9574809,1.0278873,0.8346167,0.94592226,1.0056082,0.8488952,0.9464394,1.0100201,0.83914787,0.954428,1.0088297,0.83279574,0.9427379,1.016598,0.84263605,0.95591044,1.0147136,0.83850074,0.9473549,1.0191069,0.8428259,0.9528313,1.0023633,0.8368737,0.94306564,1.0208671
2025-01-01 22:26:00,0.8519411,0.9610447,1.0424793,0.8444191,0.959533,1.0070585,0.8531446,0.9574671,1.0278761,0.83461034,0.94591504,1.0056037,0.8488954,0.946439,1.0100244,0.83915716,0.9544353,1.0088408,0.8328104,0.94275063,1.016611,0.8426492,0.9559193,1.0147228,0.8385076,0.9473575,1.019108,0.8428248,0.95282555,1.002356,0.83686525,0.94305414,1.0208546
2025-01-01 22:27:00,0.8519361,0.961036,1.0424702,0.8444077,0.95951796,1.0070455,0.85313153,0.9574536,1.0278649,0.8346036,0.945908,1.0055993,0.84889555,0.9464392,1.0100288,0.8391662,0.9544431,1.008852,0.8328247,0.9427634,1.016624,0.84266216,0.9559286,1.0147319,0.83851415,0.94736016,1.0191092,0.84282315,0.9528198,1.0023487,0.8368563,0.94304264,1.0208421
2025-01-01 22:28:00,0.851931,0.96102756,1.0424612,0.8443962,0.95950335,1.0070325,0.8531185,0.95744044,1.0278537,0.8345966,0.94590116,1.005595,0.8488958,0.9464399,1.0100331,0.8391752,0.9544513,1.0088631,0.8328387,0.9427763,1.016637,0.8426748,0.95593804,1.014741,0.8385204,0.94736284,1.0191102,0.8428212,0.95281404,1.0023414,0.836847,0.943031,1.0208294
2025-01-01 22:29:00,0.85192573,0.96101934,1.0424521,0.8443847,0.9594892,1.0070195,0.8531055,0.9574275,1.0278426,0.8345894,0.9458945,1.0055906,0.84889597,0.94644094,1.0100375,0.83918405,0.95445985,1.0088743,0.8328525,0.9427892,1.01665,0.8426872,0.9559477,1.0147499,0.8385264,0.94736564,1.0191113,0.84281886,0.9528083,1.0023339,0.8368374,0.9430194,1.0208169
2025-01-01 22:30:00,0.8520784,0.9605604,1.0384551,0.8445244,0.95859027,1.0062213,0.85304517,0.9570635,1.0235804,0.83528066,0.94581556,1.0048256,0.8490808,0.9458527,1.0080543,0.83966446,0.95390004,1.0081253,0.83353174,0.94285023,1.0145115,0.8433044,0.9556741,1.013985,0.8391142,0.94735354,1.0172094,0.8436448,0.9529309,1.0016339,0.8375978,0.943323,1.0186783
2025-01-01 22:31:00,0.8521993,0.9601917,1.0358539,0.84463376,0.9578686,1.0056978,0.8529944,0.95676994,1.0208062,0.8358321,0.94575125,1.0043268,0.84922874,0.9453826,1.0067668,0.84005046,0.95345414,1.0076425,0.8340778,0.9429017,1.013126,0.8438005,0.9554573,1.013491,0.8395855,0.9473444,1.0159733,0.8443048,0.95302784,1.0011764,0.8382039,0.9435635,1.0172838
2025-01-01 22:32:00,0.852295,0.95989525,1.0341598,0.84471893,0.9572887,1.0053531,0.8529512,0.9565327,1.0189992,0.8362717,0.94569856,1.0040014,0.84934723,0.9450071,1.0059316,0.84036106,0.9530995,1.0073327,0.8345172,0.9429454,1.0122299,0.8441996,0.9552859,1.013173,0.83996344,0.9473376,1.0151702,0.84483206,0.9531042,1.0008762,0.8386867,0.94375354,1.0163729
2025-01-01 22:33:00,0.85237026,0.95965654,1.0330553,0.8447847,0.9568222,1.0051244,0.85291415,0.9563405,1.0178207,0.8366218,0.9456552,1.0037884,0.84944206,0.9447072,1.0053904,0.8406112,0.95281786,1.0071353,0.8348713,0.9429831,1.0116521,0.8445212,0.9551508,1.0129694,0.84026676,0.9473328,1.0146484,0.8452531,0.9531641,1.0006784,0.83907074,0.9439032,1.0157764
2025-01-01 22:34:00,0.85242933,0.959464,1.0323342,0.84483486,0.9564466,1.0049711,0.8528819,0.9561843,1.017051,0.8369003,0.9456194,1.0036485,0.84951806,0.9444679,1.0050402,0.8408131,0.9525945,1.0070108,0.83515716,0.9430158,1.011281,0.8447808,0.95504475,1.0128399,0.8405104,0.9473295,1.0143095,0.84558916,0.95321083,1.000547,0.83937573,0.94402045,1.0153842
2025-01-01 22:35:00,0.8524754,0.95930845,1.0318623,0.84487265,0.9561435,1.0048671,0.85285366,0.9560571,1.0165468,0.83712155,0.9455896,1.0035563,0.84957904,0.9442769,1.0048143,0.84097636,0.9524179,1.0069339,0.8353884,0.9430446,1.0110443,0.8449907,0.954962,1.012759,0.84070635,0.9473274,1.0140893,0.8458572,0.953247,1.0004591,0.8396176,0.9441119,1.0151249
2025-01-01 22:36:00,0.85251105,0.9591824,1.0315521,0.8449005,0.95589846,1.0047948,0.85282844,0.9559529,1.0162153,0.837297,0.94556457,1.003495,0.8496279,0.9441248,1.0046691,0.8411087,0.95227873,1.006888,0.83557606,0.9430703,1.010895,0.8451609,0.95489776,1.0127094,0.840864,0.9473262,1.0139464,0.8460708,0.9532747,1.000399,0.8398089,0.94418263,1.014952
2025-01-01 22:37:00,0.85253835,0.9590799,1.0313472,0.8449203,0.9556999,1.0047432,0.8528058,0.9558671,1.0159961,0.8374359,0.94554347,1.0034537,0.8496672,0.9440037,1.0045766,0.8412163,0.95216936,1.0068622,0.83572876,0.9430935,1.0108024,0.84529936,0.95484847,1.01268,0.8409911,0.9473257,1.0138537,0.84624094,0.9532957,1.0003574,0.8399597,0.9442368,1.014835
2025-01-01 22:38:00,0.852559,0.95899636,1.0312107,0.84493375,0.9555385,1.0047051,0.8527851,0.9557961,1.0158497,0.83754545,0.9455254,1.0034257,0.8496987,0.94390744,1.0045182,0.84130424,0.952084,1.0068494,0.8358535,0.94311464,1.0107468,0.84541243,0.9548109,1.0126641,0.84109366,0.9473258,1.0137935,0.8463761,0.95331126,1.0003273,0.8400781,0.9442778,1.0147545
2025-01-01 22:39:00,0.8525742,0.9589279,1.0311186,0.84494215,0.95540684,1.0046759,0.8527661,0.95573705,1.0157509,0.8376316,0.9455098,1.0034063,0.8497242,0.94383097,1.004482,0.8413763,0.9520178,1.0068451,0.83595586,0.9431341,1.0107151,0.8455051,0.9547829,1.0126567,0.8411766,0.9473265,1.0137546,0.8464835,0.9533224,1.0003052,0.8401707,0.94430816,1.0146978
2025-01-01 22:40:00,0.85258526,0.9588716,1.0310555,0.8449464,0.95529896,1.0046521,0.85274833,0.95568734,1.0156828,0.837699,0.9454962,1.0033923,0.84974474,0.94377047,1.0044602,0.84143585,0.9519669,1.0068464,0.8360403,0.9431524,1.010699,0.8455815,0.95476246,1.0126548,0.84124386,0.94732744,1.0137293,0.8465685,0.9533301,1.0002879,0.8402425,0.9443299,1.0146564
2025-01-01 22:41:00,0.85259277,0.9588249,1.0310109,0.8449474,0.9552101,1.0046324,0.8527315,0.95564526,1.0156349,0.83775145,0.9454842,1.003382,0.8497613,0.9437227,1.0044479,0.84148514,0.9519283,1.0068513,0.8361105,0.9431696,1.0106931,0.8456449,0.95474815,1.0126565,0.8412985,0.9473287,1.013713,0.8466357,0.95333505,1.0002738,0.8402977,0.94434506,1.0146251
2025-01-01 22:42:00,0.85259753,0.9587859,1.0309787,0.8449458,0.9551364,1.0046148,0.8527157,0.9556092,1.0156,0.8377919,0.9454735,1.0033741,0.84977484,0.9436851,1.0044416,0.84152645,0.9518995,1.0068586,0.8361692,0.943186,1.0106937,0.84569776,0.9547387,1.0126605,0.8413432,0.94733006,1.0137024,0.84668857,0.95333767,1.0002619,0.84033966,0.94435465,1.0146003
2025-01-01 22:43:00,0.8526001,0.9587531,1.0309542,0.8449421,0.9550749,1.0045989,0.8527004,0.9555781,1.0155735,0.8378228,0.9454639,1.0033677,0.8497858,0.9436557,1.0044395,0.8415613,0.95187855,1.0068674,0.83621883,0.9432017,1.0106986,0.8457423,0.9547331,1.0126661,0.84137976,0.94733167,1.0136956,0.84673,0.9533385,1.0002512,0.84037095,0.9443599,1.0145797
2025-01-01 22:44:00,0.8526009,0.9587252,1.0309348,0.84493667,0.95502317,1.0045838,0.85268575,0.9555508,1.0155526,0.83784604,0.94545513,1.0033624,0.84979486,0.94363284,1.00444,0.841591,0.95186394,1.0068773,0.83626115,0.9432169,1.0107063,0.8457802,0.9547305,1.0126725,0.8414099,0.94733334,1.0136912,0.84676224,0.95333785,1.0002414,0.84039384,0.9443617,1.0145617
2025-01-01 22:45:00,0.85260016,0.9587012,1.030919,0.8449299,0.95497924,1.0045695,0.8526715,0.9555266,1.0155354,0.8378632,0.945447,1.0033578,0.8498023,0.9436152,1.0044421,0.84161663,0.9518544,1.0068877,0.8362976,0.9432317,1.0107157,0.8458127,0.9547304,1.0126797,0.8414349,0.9473351,1.0136883,0.84678715,0.953336,1.0002322,0.8404098,0.9443606,1.0145456
2025-01-01 22:46:00,0.85259837,0.95868033,1.0309051,0.84492207,0.95494145,1.0045557,0.8526576,0.95550495,1.0155205,0.8378754,0.9454396,1.0033536,0.8498086,0.9436018,1.0044454,0.8416389,0.95184886,1.0068985,0.83632934,0.9432462,1.0107265,0.84584093,0.95473224,1.0126871,0.8414557,0.947337,1.0136864,0.84680617,0.95333326,1.0002233,0.84042037,0.94435734,1.0145307
2025-01-01 22:47:00,0.8525956,0.958662,1.0308926,0.8449133,0.95490867,1.004542,0.852644,0.95548534,1.0155071,0.83788383,0.94543254,1.0033498,0.8498138,0.94359183,1.0044495,0.8416586,0.9518466,1.0069098,0.83635736,0.9432603,1.0107378,0.8458657,0.9547357,1.0126948,0.84147316,0.94733876,1.0136852,0.8468204,0.9533297,1.0002145,0.8404265,0.94435227,1.0145164
2025-01-01 22:48:00,0.85259205,0.9586456,1.0308812,0.8449038,0.9548799,1.0045285,0.8526306,0.9554673,1.0154948,0.83788913,0.94542587,1.0033461,0.8498183,0.94358456,1.0044541,0.84167624,0.9518469,1.0069212,0.8363823,0.9432743,1.0107497,0.8458878,0.9547404,1.0127026,0.84148794,0.9473406,1.0136843,0.84683096,0.9533255,1.0002059,0.8404292,0.9443457,1.0145025
2025-01-01 22:49:00,0.8525879,0.95863086,1.0308702,0.8448939,0.9548543,1.0045152,0.85261744,0.9554506,1.0154831,0.83789194,0.94541943,1.0033426,0.8498222,0.94357944,1.004459,0.84169215,0.9518493,1.0069326,0.836405,0.94328815,1.0107619,0.84590757,0.954746,1.0127106,0.8415006,0.94734246,1.0136836,0.84683836,0.95332086,1.0001974,0.84042907,0.944338,1.0144892
2025-01-01 22:50:00,0.8525832,0.9586173,1.0308596,0.8448834,0.9548313,1.0045019,0.8526044,0.95543486,1.0154718,0.8378928,0.94541335,1.0033394,0.8498256,0.9435761,1.0044641,0.8417068,0.9518534,1.0069443,0.83642566,0.94330174,1.0107743,0.84592557,0.95475245,1.0127186,0.8415115,0.9473443,1.013683,0.84684336,0.9533158,1.0001888,0.84042674,0.94432944,1.014476
2025-01-01 22:51:00,0.85257816,0.95860475,1.0308491,0.84487253,0.95481026,1.0044887,0.8525915,0.95542,1.015461,0.83789206,0.9454075,1.0033362,0.84982866,0.9435742,1.0044695,0.8417204,0.95185876,1.006956,0.83644485,0.94331527,1.0107868,0.84594226,0.95475954,1.0127264,0.84152097,0.94734615,1.0136825,0.84684634,0.9533104,1.0001804,0.8404225,0.9443201,1.0144628
2025-01-01 22:52:00,0.85257274,0.958593,1.0308388,0.84486145,0.95479083,1.0044757,0.8525787,0.95540583,1.0154502,0.8378901,0.9454018,1.0033331,0.8498314,0.94357336,1.004475,0.84173316,0.95186526,1.0069678,0.8364628,0.9433287,1.0107994,0.8459577,0.95476705,1.0127344,0.84152937,0.94734794,1.013682,0.84684783,0.95330465,1.0001718,0.8404169,0.9443101,1.0144498
2025-01-01 22:53:00,0.8525671,0.95858186,1.0308285,0.84485006,0.9547727,1.0044626,0.85256594,0.9553922,1.0154396,0.8378871,0.94539624,1.0033301,0.8498339,0.9435735,1.0044806,0.84174526,0.9518726,1.0069797,0.8364798,0.94334203,1.010812,0.84597224,0.954775,1.0127424,0.8415368,0.9473497,1.0136815,0.846848,0.9532987,1.0001632,0.84041005,0.9442997,1.0144368
2025-01-01 22:54:00,0.85256106,0.95857126,1.0308183,0.8448385,0.95475566,1.0044495,0.85255325,0.95537895,1.0154291,0.8378834,0.9453908,1.0033271,0.8498363,0.94357437,1.0044864,0.8417568,0.9518807,1.0069916,0.836496,0.9433554,1.0108247,0.84598607,0.95478326,1.0127503,0.84154356,0.94735146,1.0136812,0.8468472,0.95329255,1.0001546,0.8404023,0.94428885,1.0144237
2025-01-01 22:55:00,0.8525549,0.95856094,1.0308081,0.84482676,0.95473945,1.0044364,0.8525407,0.95536613,1.0154188,0.83787906,0.9453856,1.0033243,0.84983855,0.94357586,1.0044922,0.841768,0.95188934,1.0070035,0.83651155,0.9433686,1.0108373,0.84599924,0.9547917,1.0127581,0.84154963,0.9473532,1.0136807,0.8468455,0.9532862,1.000146,0.84039384,0.9442777,1.0144109
2025-01-01 22:56:00,0.8525486,0.958551,1.030798,0.8448149,0.95472383,1.0044233,0.8525282,0.9553536,1.0154085,0.8378743,0.9453804,1.0033215,0.8498407,0.9435779,1.004498,0.8417789,0.95189846,1.0070153,0.83652663,0.9433818,1.0108501,0.84601194,0.95480037,1.012766,0.84155524,0.9473548,1.0136801,0.8468431,0.9532797,1.0001374,0.8403847,0.9442663,1.014398
2025-01-01 22:57:00,0.85254216,0.9585413,1.0307878,0.8448029,0.9547088,1.0044101,0.8525157,0.95534134,1.0153984,0.8378691,0.94537526,1.0033187,0.8498428,0.94358027,1.004504,0.8417895,0.95190793,1.0070274,0.8365413,0.943395,1.0108627,0.8460243,0.95480907,1.0127738,0.8415605,0.94735634,1.0136795,0.84684026,0.95327306,1.0001287,0.8403751,0.9442547,1.014385
2025-01-01 22:58:00,0.85253555,0.95853174,1.0307776,0.8447908,0.95469415,1.004397,0.85250324,0.95532924,1.0153881,0.8378636,0.9453703,1.003316,0.8498449,0.943583,1.0045099,0.84179986,0.9519177,1.0070393,0.8365557,0.94340813,1.0108753,0.8460363,0.95481795,1.0127815,0.8415654,0.94735795,1.0136789,0.84683686,0.9532663,1.0001199,0.84036505,0.9442429,1.0143721
2025-01-01 22:59:00,0.85252887,0.9585223,1.0307673,0.8447787,0.95467985,1.0043839,0.85249084,0.9553173,1.015378,0.8378579,0.9453654,1.0033133,0.84984696,0.94358605,1.0045159,0.8418101,0.9519277,1.0070513,0.8365698,0.94342124,1.010888,0.846048,0.9548269,1.0127891,0.84156996,0.94735944,1.0136782,0.8468331,0.9532595,1.0001112,0.84035474,0.944231,1.0143591
2025-01-01 23:00:00,0.85271007,0.9582086,1.0267316,0.8449645,0.95395356,1.0035897,0.8524951,0.95513386,1.0112091,0.8385939,0.9454597,1.0025564,0.85012424,0.94322795,1.0025431,0.84239,0.9516416,1.006309,0.83729035,0.9436429,1.0087594,0.8467762,0.9548266,1.0120263,0.8422595,0.94759876,1.0117853,0.8477728,0.95364916,0.99941367,0.8412103,0.9447756,1.0122366
2025-01-01 23:01:00,0.85285354,0.9579559,1.0241047,0.8451106,0.9533699,1.003069,0.8524959,0.9549849,1.008496,0.8391814,0.94553435,1.0020638,0.8503465,0.94294226,1.0012629,0.84285593,0.951415,1.0058308,0.83786947,0.94382286,1.0073802,0.84736085,0.95482826,1.0115331,0.8428118,0.9477905,1.0105546,0.8485235,0.95395947,0.99895716,0.8418925,0.9452088,1.0108525
2025-01-01 23:02:00,0.85296685,0.95775187,1.0223936,0.845225,0.95290047,1.002726,0.8524942,0.9548635,1.006729,0.8396501,0.9455931,1.0017426,0.8505248,0.9427146,1.0004331,0.8432306,0.95123583,1.0055242,0.83833534,0.9439694,1.0064882,0.84783065,0.95483136,1.0112151,0.8432543,0.94794405,1.0097543,0.849123,0.9542062,0.9986573,0.84243584,0.9455529,1.0099481
2025-01-01 23:03:00,0.853056,0.95758694,1.0212778,0.845314,0.9525222,1.0024984,0.8524904,0.9547641,1.0055768,0.8400238,0.94563925,1.001533,0.8506678,0.9425333,0.9998958,0.84353226,0.9510948,1.005329,0.8387107,0.94408923,1.0059128,0.84820855,0.9548357,1.011011,0.843609,0.9480671,1.0092337,0.8496015,0.95440215,0.9984592,0.8428682,0.9458256,1.0093558
2025-01-01 23:04:00,0.85312593,0.95745313,1.0205488,0.84538275,0.9522171,1.0023458,0.85248494,0.9546824,1.0048246,0.8403215,0.9456753,1.0013961,0.8507827,0.94238913,0.99954885,0.84377563,0.9509842,1.0052066,0.8390136,0.9441877,1.0055431,0.84851307,0.9548409,1.0108808,0.8438934,0.9481658,1.008895,0.8499832,0.95455736,0.99832726,0.8432117,0.9460413,1.0089662
2025-01-01 23:05:00,0.8531803,0.95734423,1.0200713,0.8454352,0.95197034,1.0022421,0.85247815,0.95461476,1.0043321,0.84055835,0.9457033,1.0013062,0.850875,0.94227475,0.9993256,0.84397227,0.95089793,1.0051312,0.83925855,0.9442691,1.0053073,0.8487587,0.95484686,1.0107988,0.8441215,0.9482449,1.0086745,0.85028744,0.9546801,0.99823827,0.84348416,0.9462113,1.0087085
2025-01-01 23:06:00,0.8532224,0.9572553,1.0197572,0.8454747,0.95177037,1.0021701,0.8524703,0.9545585,1.0040087,0.8407466,0.9457249,1.0012472,0.85094947,0.94218415,0.99918264,0.8441316,0.9508312,1.0050864,0.83945715,0.94433683,1.0051583,0.8489573,0.9548535,1.010748,0.8443047,0.9483084,1.0085306,0.8505297,0.95477676,0.9981773,0.8436998,0.9463448,1.0085363
2025-01-01 23:07:00,0.85325456,0.9571823,1.0195494,0.8455037,0.95160776,1.0021187,0.8524616,0.9545113,1.0037949,0.84089595,0.94574136,1.001208,0.8510094,0.94211257,0.99909204,0.84426105,0.9507801,1.0050617,0.83961856,0.9443936,1.0050658,0.84911823,0.95486045,1.0107175,0.8444517,0.9483594,1.0084368,0.8507224,0.9548526,0.99813443,0.8438699,0.9464491,1.00842
2025-01-01 23:08:00,0.85327876,0.957122,1.0194105,0.84552443,0.951475,1.0020808,0.85245216,0.9544713,1.0036526,0.84101427,0.9457537,1.0011817,0.85105795,0.94205624,0.9990354,0.8443666,0.95074147,1.0050498,0.83975035,0.94444156,1.0050101,0.84924906,0.95486784,1.0107002,0.84457004,0.9484002,1.0083752,0.8508754,0.9549117,0.9981033,0.8440037,0.9465299,1.0083396
2025-01-01 23:09:00,0.85329664,0.95707196,1.0193166,0.84553844,0.9513663,1.0020515,0.85244226,0.9544371,1.0035567,0.8411076,0.94576275,1.001164,0.8510972,0.9420121,0.9990009,0.8444531,0.9507128,1.0050464,0.8398584,0.94448256,1.0049782,0.8493558,0.9548755,1.0106914,0.8446653,0.9484331,1.0083348,0.8509967,0.9549574,0.9980799,0.8441083,0.9465921,1.008283
2025-01-01 23:10:00,0.8533094,0.95703006,1.0192517,0.84554714,0.9512767,1.0020279,0.85243195,0.9544075,1.0034909,0.84118116,0.94576913,1.0011518,0.8511292,0.94197774,0.99898094,0.84452426,0.9506922,1.0050485,0.8399475,0.9445179,1.0049618,0.84944326,0.95488346,1.0106882,0.844742,0.9484595,1.0083079,0.8510925,0.95499253,0.99806136,0.8441896,0.94663936,1.0082417
2025-01-01 23:11:00,0.85331804,0.95699465,1.0192059,0.8455516,0.9512024,1.002008,0.8524213,0.95438164,1.0034449,0.84123874,0.94577354,1.0011432,0.8511553,0.9419513,0.9989702,0.8445833,0.950678,1.0050541,0.84002143,0.94454885,1.0049555,0.84951526,0.9548915,1.0106887,0.8448039,0.9484808,1.00829,0.85116804,0.955019,0.99804604,0.8442522,0.9466746,1.0082101
2025-01-01 23:12:00,0.8533234,0.9569644,1.0191723,0.8455526,0.95114034,1.0019904,0.8524103,0.9543589,1.0034117,0.8412836,0.9457762,1.001137,0.85117674,0.94193095,0.9989657,0.8446325,0.9506689,1.0050621,0.8400832,0.94457614,1.0049559,0.8495749,0.95489967,1.0106913,0.84485406,0.9484979,1.0082778,0.8512272,0.9550386,0.99803275,0.8443,0.9467002,1.008185
2025-01-01 23:13:00,0.8533261,0.9569383,1.0191467,0.8455509,0.95108813,1.0019746,0.85239923,0.95433843,1.0033867,0.84131837,0.9457776,1.0011324,0.85119444,0.94191575,0.998965,0.84467393,0.95066386,1.0050716,0.8401351,0.9446005,1.0049604,0.84962463,0.9549079,1.0106955,0.8448947,0.94851166,1.0082693,0.85127336,0.9550528,0.9980209,0.8443358,0.9467182,1.0081643
2025-01-01 23:14:00,0.85332674,0.9569156,1.0191263,0.84554696,0.9510437,1.0019596,0.8523879,0.9543199,1.0033671,0.84134495,0.945778,1.0011288,0.85120916,0.9419046,0.998967,0.84470916,0.9506622,1.0050821,0.8401793,0.9446227,1.0049677,0.8496665,0.95491624,1.0107006,0.8449277,0.9485228,1.0082632,0.8513091,0.9550625,0.9980098,0.844362,0.94673,1.008146
2025-01-01 23:15:00,0.85332566,0.9568955,1.0191091,0.8455413,0.9510056,1.0019453,0.8523765,0.9543029,1.003351,0.84136516,0.9457776,1.0011258,0.85122156,0.9418967,0.9989707,0.8447394,0.9506632,1.0050933,0.84021735,0.94464296,1.0049767,0.849702,0.9549246,1.0107063,0.84495467,0.94853175,1.0082586,0.8513365,0.9550687,0.99799925,0.8443806,0.946737,1.0081297
2025-01-01 23:16:00,0.8533232,0.95687747,1.0190942,0.8455342,0.95097244,1.0019314,0.8523651,0.9542872,1.0033374,0.8413802,0.9457765,1.0011233,0.85123205,0.9418913,0.9989755,0.8447656,0.95066625,1.0051048,0.8402504,0.94466174,1.0049868,0.84973234,0.954933,1.0107124,0.8449767,0.94853896,1.008255,0.85135716,0.95507205,0.99798906,0.844393,0.94674,1.0081145
2025-01-01 23:17:00,0.85331964,0.95686114,1.0190808,0.845526,0.9509433,1.0019177,0.85235345,0.95427245,1.0033251,0.841391,0.9457749,1.0011212,0.85124105,0.9418881,0.9989811,0.8447887,0.9506711,1.0051167,0.8402794,0.9446794,1.0049977,0.8497587,0.9549414,1.0107187,0.84499484,0.9485448,1.0082519,0.8513725,0.9550731,0.99797916,0.8444005,0.9467398,1.0080999
2025-01-01 23:18:00,0.85331523,0.9568462,1.0190681,0.84551686,0.9509173,1.0019044,0.85234183,0.9542585,1.0033139,0.84139854,0.94577295,1.0011193,0.85124886,0.94188654,0.99898726,0.8448092,0.9506772,1.0051287,0.84030527,0.944696,1.005009,0.84978175,0.95494974,1.0107251,0.84500986,0.9485495,1.0082493,0.8513835,0.95507234,0.99796927,0.84440416,0.94673705,1.0080861
2025-01-01 23:19:00,0.85331005,0.95683223,1.0190561,0.845507,0.950894,1.001891,0.8523302,0.95424527,1.0033034,0.8414035,0.9457707,1.0011175,0.8512558,0.94188637,0.99899364,0.84482765,0.9506844,1.0051409,0.8403286,0.94471186,1.0050207,0.84980214,0.95495814,1.0107316,0.8450223,0.9485534,1.008247,0.851391,0.95507014,0.9979595,0.84440464,0.9467324,1.0080724
2025-01-01 23:20:00,0.85330427,0.9568191,1.0190444,0.8454966,0.9508727,1.0018779,0.8523185,0.9542325,1.0032933,0.84140635,0.9457681,1.0011159,0.85126185,0.94188726,0.9990003,0.8448446,0.9506925,1.0051533,0.84034985,0.9447272,1.0050327,0.8498205,0.95496655,1.0107381,0.84503275,0.9485564,1.0082448,0.8513958,0.95506674,0.9979498,0.8444026,0.9467261,1.0080589
2025-01-01 23:21:00,0.853298,0.9568067,1.019033,0.8454857,0.95085305,1.0018647,0.85230684,0.9542202,1.0032835,0.84140754,0.94576544,1.0011144,0.85126746,0.94188905,0.99900717,0.8448602,0.95070136,1.0051656,0.84036946,0.94474196,1.0050447,0.8498371,0.9549749,1.0107447,0.8450416,0.94855887,1.0082425,0.8513983,0.9550623,0.99794,0.8443985,0.94671845,1.0080457
2025-01-01 23:22:00,0.85329133,0.9567948,1.0190216,0.84547436,0.95083475,1.0018517,0.8522951,0.95420825,1.003274,0.84140736,0.9457626,1.0011129,0.8512725,0.94189155,0.9990142,0.8448748,0.9507107,1.0051781,0.8403878,0.9447564,1.0050569,0.8498524,0.95498323,1.0107512,0.845049,0.9485608,1.0082403,0.85139906,0.95505714,0.9979302,0.8443928,0.94670975,1.0080324
2025-01-01 23:23:00,0.8532844,0.9567833,1.0190103,0.8454628,0.9508174,1.0018387,0.8522835,0.9541966,1.0032645,0.84140617,0.9457597,1.0011117,0.8512773,0.94189465,0.9990213,0.8448886,0.9507206,1.0051905,0.84040505,0.94477046,1.005069,0.84986657,0.9549915,1.0107578,0.84505546,0.9485624,1.0082382,0.8513984,0.95505136,0.99792045,0.8443858,0.9467003,1.0080192
2025-01-01 23:24:00,0.8532772,0.95677215,1.0189991,0.84545094,0.95080096,1.0018257,0.85227174,0.9541851,1.0032552,0.84140414,0.94575673,1.0011104,0.85128176,0.94189817,0.9990285,0.8449018,0.95073086,1.005203,0.8404215,0.9447843,1.005081,0.84987986,0.9549998,1.0107642,0.845061,0.9485636,1.008236,0.85139656,0.9550451,0.9979106,0.84437776,0.9466901,1.008006
2025-01-01 23:25:00,0.85326976,0.95676124,1.0189879,0.84543884,0.95078516,1.0018126,0.85226005,0.95417386,1.003246,0.84140146,0.94575375,1.0011092,0.85128605,0.94190216,0.99903584,0.84491444,0.9507414,1.0052155,0.8404373,0.94479793,1.0050932,0.84989244,0.955008,1.0107707,0.8450658,0.9485645,1.0082338,0.85139376,0.95503837,0.9979008,0.84436893,0.94667935,1.0079929
2025-01-01 23:26:00,0.8532622,0.9567505,1.0189768,0.8454267,0.9507699,1.0017996,0.85224843,0.9541628,1.0032369,0.84139836,0.9457507,1.0011082,0.8512902,0.9419065,0.99904317,0.8449267,0.9507522,1.005228,0.84045255,0.94481134,1.0051054,0.84990436,0.9550162,1.010777,0.84507006,0.9485652,1.0082316,0.8513902,0.9550313,0.99789095,0.8443594,0.9466682,1.0079798
2025-01-01 23:27:00,0.85325444,0.9567399,1.0189656,0.84541434,0.9507551,1.0017866,0.85223675,0.95415187,1.0032278,0.8413947,0.9457477,1.0011071,0.8512942,0.94191104,0.9990505,0.84493864,0.9507632,1.0052407,0.84046733,0.94482464,1.0051175,0.8499159,0.95502436,1.0107833,0.8450739,0.9485657,1.0082293,0.85138595,0.95502394,0.997881,0.8443492,0.94665676,1.0079668
2025-01-01 23:28:00,0.8532465,0.9567295,1.0189544,0.8454018,0.95074064,1.0017736,0.8522251,0.9541411,1.0032188,0.84139085,0.94574463,1.001106,0.85129815,0.9419158,0.99905795,0.8449504,0.9507744,1.0052532,0.8404818,0.94483787,1.0051297,0.84992707,0.9550325,1.0107896,0.8450772,0.948566,1.008227,0.8513813,0.9550163,0.9978711,0.84433866,0.94664496,1.0079535
2025-01-01 23:29:00,0.85323846,0.95671904,1.0189432,0.8453893,0.9507264,1.0017607,0.8522135,0.95413035,1.0032098,0.84138674,0.9457417,1.0011051,0.851302,0.9419208,0.99906546,0.84496194,0.9507857,1.0052658,0.84049594,0.9448509,1.0051417,0.84993786,0.9550406,1.0107958,0.8450803,0.9485662,1.0082245,0.8513762,0.95500857,0.99786115,0.84432775,0.946633,1.0079405
2025-01-01 23:30:00,0.8534449,0.9565564,1.0149416,0.8456178,0.95018595,1.000985,0.8522821,0.9541307,0.9992097,0.84215415,0.94600755,1.00037,0.85166675,0.9417992,0.9971389,0.8456308,0.9507785,1.0045435,0.8412449,0.94522935,1.0030615,0.85076386,0.9553136,1.0100487,0.8458592,0.94905263,1.0063751,0.8524127,0.9556582,0.9971787,0.84526306,0.9474088,1.0058725
2025-01-01 23:31:00,0.8536082,0.9564242,1.0123366,0.84579796,0.949751,1.0004762,0.8523347,0.954129,0.9966065,0.842767,0.9462197,0.99989194,0.8519593,0.9417031,0.99588937,0.84616816,0.9507751,1.0040785,0.84184664,0.94553465,1.0017135,0.8514265,0.9555336,1.0095652,0.8464827,0.9494416,1.0051719,0.85324055,0.95617616,0.9967316,0.8460089,0.9480267,1.0045238
2025-01-01 23:32:00,0.8537372,0.9563164,1.0106394,0.8459396,0.9494004,1.000141,0.85237443,0.9541255,0.9949114,0.84325635,0.9463888,0.999581,0.8521941,0.9416274,0.9950799,0.8466002,0.95077485,1.0037807,0.84233063,0.9457814,1.0008416,0.8519586,0.9557112,1.009253,0.8469818,0.94975275,1.004389,0.85390145,0.95658886,0.9964374,0.8466031,0.9485186,1.0036424
2025-01-01 23:33:00,0.8538387,0.95622814,1.0095322,0.84605026,0.9491174,0.99991864,0.852404,0.9541208,0.99380654,0.8436469,0.94652355,0.9993787,0.8523826,0.94156796,0.99455637,0.8469479,0.950777,1.0035915,0.8427204,0.9459813,1.000279,0.85238606,0.9558547,1.0090523,0.8473814,0.95000154,1.0038791,0.8544288,0.9569173,0.9962426,0.84707594,0.94890946,1.003065
2025-01-01 23:34:00,0.8539181,0.9561555,1.0088085,0.8461363,0.9488883,0.99976957,0.85242534,0.9541149,0.9930853,0.8439583,0.94663084,0.999247,0.8525343,0.9415217,0.9942188,0.84722835,0.95078105,1.003473,0.8430348,0.9461438,0.9999175,0.8527299,0.9559711,1.0089238,0.8477014,0.9502004,1.0035467,0.8548493,0.95717824,0.9961124,0.84745175,0.9492195,1.0026851
2025-01-01 23:35:00,0.8539798,0.95609534,1.0083342,0.84620243,0.9487024,0.99966806,0.8524401,0.95410824,0.9926135,0.8442065,0.9467162,0.9991611,0.8526565,0.9414859,0.99400216,0.8474549,0.9507868,1.0034006,0.843289,0.9462763,0.99968666,0.85300696,0.9560658,1.0088422,0.84795773,0.95035934,1.0033296,0.85518426,0.95738524,0.9960242,0.8477498,0.949465,1.0024335
2025-01-01 23:36:00,0.85402745,0.95604515,1.0080217,0.8462528,0.94855106,0.99959755,0.8524497,0.9541009,0.99230385,0.84440416,0.9467839,0.9991053,0.85275495,0.9414584,0.9938641,0.8476383,0.95079374,1.0033578,0.84349495,0.94638485,0.9995408,0.85323036,0.95614296,1.0087913,0.848163,0.9504863,1.0031874,0.8554508,0.95754904,0.9959632,0.8479859,0.9496588,1.0022655
2025-01-01 23:37:00,0.85406387,0.9560029,1.0078146,0.84629047,0.9484274,0.99954724,0.8524551,0.95409304,0.9920995,0.84456134,0.9468376,0.9990688,0.8528346,0.94143766,0.9937771,0.84778726,0.95080173,1.0033345,0.8436623,0.9464742,0.99945015,0.85341096,0.95620626,1.0087601,0.8483275,0.9505877,1.0030941,0.8556626,0.9576783,0.99592,0.84817225,0.9498112,1.0021516
2025-01-01 23:38:00,0.8540911,0.955967,1.007676,0.846318,0.9483258,0.99951,0.85245717,0.95408463,0.99196374,0.84468615,0.94688004,0.99904495,0.8528992,0.94142234,0.9937234,0.8479086,0.9508106,1.0033237,0.8437988,0.94654816,0.9993954,0.8535573,0.9562584,1.008742,0.84845936,0.95066863,1.0030323,0.8558306,0.95777994,0.9958883,0.84831876,0.9499306,1.002073
2025-01-01 23:39:00,0.8541112,0.9559362,1.007582,0.8463375,0.94824195,0.9994814,0.85245657,0.954076,0.99187255,0.84478515,0.9469136,0.99902934,0.85295165,0.9414114,0.99369127,0.8480079,0.95082,1.0033212,0.84391063,0.94661,0.9993639,0.85367614,0.9563016,1.0087321,0.84856516,0.9507332,1.0029911,0.8559635,0.9578594,0.99586403,0.8484335,0.9500235,1.0020174
2025-01-01 23:40:00,0.85412544,0.9559095,1.0075166,0.8463505,0.9481722,0.99945825,0.8524538,0.9540671,0.9918103,0.8448635,0.94693995,0.9990191,0.8529945,0.9414038,0.9936732,0.84808964,0.95083004,1.003324,0.84400266,0.94666183,0.99934757,0.85377306,0.95633763,1.0087276,0.84865,0.9507846,1.0029631,0.85606843,0.95792127,0.9958446,0.84852284,0.95009524,1.0019766
2025-01-01 23:41:00,0.85413504,0.95588607,1.0074701,0.84635824,0.9481138,0.9994387,0.8524495,0.95405805,0.9917669,0.84492517,0.9469606,0.9990124,0.8530296,0.94139904,0.9936643,0.84815717,0.95084053,1.0033303,0.8440789,0.9467058,0.9993411,0.8538524,0.9563679,1.0087266,0.84871805,0.9508255,1.0029439,0.8561509,0.95796883,0.9958283,0.8485918,0.95014995,1.0019455
2025-01-01 23:42:00,0.85414094,0.95586514,1.0074359,0.8463618,0.94806445,0.99942154,0.85244364,0.95404875,0.9917358,0.8449737,0.94697666,0.999008,0.8530586,0.94139653,0.9936614,0.84821343,0.95085126,1.0033389,0.84414244,0.9467436,0.99934095,0.85391766,0.95639366,1.0087279,0.84877276,0.950858,1.0029303,0.8562154,0.95800513,0.995814,0.8486444,0.95019114,1.0019207
2025-01-01 23:43:00,0.8541438,0.9558463,1.0074095,0.8463622,0.9480224,0.9994058,0.85243684,0.95403945,0.99171275,0.8450117,0.94698906,0.99900514,0.85308266,0.9413958,0.99366236,0.8482607,0.9508623,1.003349,0.84419596,0.9467763,0.99934494,0.85397166,0.9564156,1.0087306,0.84881663,0.9508838,1.0029203,0.8562655,0.9580323,0.9958011,0.848684,0.9502215,1.0019
2025-01-01 23:44:00,0.8541442,0.95582914,1.0073882,0.8463598,0.9479861,0.9993912,0.8524291,0.95403,0.99169487,0.8450412,0.94699854,0.99900323,0.85310286,0.9413965,0.9936659,0.8483008,0.9508736,1.00336,0.8442413,0.9468049,0.9993517,0.8540167,0.9564347,1.0087343,0.848852,0.95090413,1.0029126,0.85630405,0.9580522,0.99578893,0.8487131,0.95024323,1.0018821
2025-01-01 23:45:00,0.8541428,0.9558133,1.0073704,0.84635526,0.9479545,0.9993772,0.85242075,0.9540205,0.9916803,0.845064,0.94700575,0.9990021,0.8531199,0.9413984,0.99367106,0.8483351,0.9508851,1.0033717,0.8442802,0.94683033,0.99936014,0.8540545,0.95645136,1.0087385,0.84888047,0.9509201,1.0029063,0.85633343,0.9580663,0.99577737,0.84873384,0.95025796,1.0018657
2025-01-01 23:46:00,0.85413975,0.95579845,1.0073546,0.84634906,0.9479266,0.99936354,0.85241187,0.95401096,0.99166805,0.8450814,0.9470112,0.99900144,0.85313445,0.94140124,0.9936774,0.8483648,0.95089674,1.0033839,0.8443139,0.94685316,0.9993697,0.8540865,0.9564661,1.008743,0.84890336,0.9509326,1.0029011,0.8563554,0.9580757,0.9957661,0.848748,0.95026714,1.0018505
2025-01-01 23:47:00,0.8541355,0.95578444,1.0073403,0.84634143,0.9479016,0.99935025,0.8524025,0.95400137,0.9916572,0.84509444,0.9470151,0.999001,0.85314703,0.9414048,0.9936844,0.8483908,0.95090854,1.0033963,0.8443435,0.94687384,0.99937993,0.8541139,0.9564793,1.0087478,0.84892184,0.9509424,1.0028964,0.85637146,0.95808136,0.995755,0.8487568,0.9502719,1.0018361
2025-01-01 23:48:00,0.8541302,0.9557711,1.0073267,0.8463328,0.94787896,0.9993371,0.8523928,0.9539918,0.99164736,0.8451041,0.94701785,0.9990008,0.853158,0.94140905,0.9936919,0.84841394,0.9509204,1.0034087,0.8443697,0.9468929,0.99939066,0.85413754,0.9564913,1.0087527,0.8489368,0.95094985,1.0028921,0.8563827,0.95808405,0.9957441,0.84876126,0.95027304,1.0018221
2025-01-01 23:49:00,0.8541241,0.9557582,1.007314,0.8463232,0.9478582,0.9993241,0.85238296,0.95398223,0.9916381,0.8451111,0.94701964,0.9990007,0.8531677,0.94141376,0.9936998,0.8484347,0.9509323,1.0034213,0.8443933,0.9469106,0.9994017,0.8541582,0.95650226,1.0087577,0.84894884,0.95095557,1.0028881,0.85639024,0.9580842,0.9957332,0.8487623,0.95027137,1.0018085
2025-01-01 23:50:00,0.8541174,0.9557459,1.0073014,0.846313,0.9478391,0.9993112,0.8523729,0.9539727,0.99162936,0.8451158,0.94702077,0.99900085,0.85317653,0.9414189,0.99370784,0.8484535,0.95094436,1.0034341,0.8444147,0.9469273,0.9994129,0.85417646,0.9565124,1.0087627,0.8489586,0.95095974,1.0028841,0.8563947,0.9580825,0.9957224,0.8487606,0.9502675,1.001795
2025-01-01 23:51:00,0.8541101,0.9557337,1.007289,0.84630215,0.9478211,0.99929833,0.8523626,0.95396316,0.9916209,0.8451189,0.94702137,0.999001,0.8531845,0.94142437,0.99371606,0.8484709,0.95095646,1.0034468,0.8444345,0.94694316,0.9994242,0.85419285,0.95652187,1.0087677,0.84896654,0.9509628,1.0028803,0.8563967,0.9580793,0.99571157,0.8487567,0.9502617,1.0017817
2025-01-01 23:52:00,0.85410243,0.95572186,1.0072769,0.8462909,0.94780415,0.9992856,0.8523522,0.9539536,0.9916126,0.84512055,0.9470215,0.99900144,0.8531919,0.9414301,0.99372447,0.84848714,0.9509686,1.0034597,0.84445286,0.94695824,0.9994356,0.85420763,0.95653087,1.0087727,0.848973,0.9509648,1.0028765,0.8563967,0.95807475,0.9957007,0.848751,0.9502545,1.0017686
2025-01-01 23:53:00,0.8540943,0.95571023,1.0072647,0.8462793,0.947788,0.9992729,0.8523417,0.95394415,0.99160457,0.84512115,0.9470213,0.99900186,0.8531988,0.9414361,0.9937329,0.8485024,0.95098084,1.0034726,0.84447014,0.9469728,0.9994469,0.85422117,0.95653933,1.0087777,0.8489782,0.9509661,1.0028726,0.85639507,0.9580692,0.99568987,0.848744,0.9502461,1.0017554
2025-01-01 23:54:00,0.854086,0.95569867,1.0072528,0.8462674,0.94777244,0.9992602,0.85233116,0.95393467,0.9915965,0.84512085,0.94702077,0.99900234,0.8532053,0.9414424,0.99374145,0.8485169,0.9509931,1.0034856,0.84448653,0.9469869,0.9994584,0.85423374,0.9565475,1.0087826,0.8489825,0.9509668,1.0028688,0.85639226,0.9580629,0.995679,0.8487358,0.95023674,1.0017421
2025-01-01 23:55:00,0.8540774,0.9556873,1.0072408,0.84625524,0.94775736,0.99924743,0.85232055,0.9539252,0.99158865,0.8451199,0.9470201,0.9990028,0.8532116,0.94144875,0.9937501,0.8485308,0.9510054,1.0034984,0.8445023,0.9470006,0.99946976,0.85424554,0.9565554,1.0087875,0.84898597,0.95096695,1.0028648,0.85638833,0.95805585,0.9956681,0.84872663,0.95022666,1.0017291
2025-01-01 23:56:00,0.8540686,0.9556759,1.0072287,0.84624285,0.9477427,0.9992348,0.85230994,0.95391583,0.99158084,0.8451184,0.94701934,0.9990034,0.8532176,0.9414553,0.99375874,0.8485443,0.95101774,1.0035114,0.84451735,0.9470141,0.99948114,0.8542566,0.95656306,1.0087923,0.8489888,0.9509667,1.0028609,0.8563836,0.95804834,0.9956572,0.84871674,0.95021594,1.001716
2025-01-01 23:57:00,0.8540596,0.9556647,1.0072168,0.8462304,0.9477284,0.9992221,0.85229933,0.9539064,0.99157304,0.8451165,0.9470184,0.99900407,0.85322344,0.9414619,0.9937675,0.84855735,0.95103,1.0035243,0.844532,0.9470273,0.9994925,0.8542671,0.95657045,1.008797,0.8489911,0.9509661,1.002857,0.85637826,0.95804036,0.9956463,0.84870636,0.9502048,1.001703
2025-01-01 23:58:00,0.85405046,0.9556534,1.0072048,0.8462178,0.9477143,0.99920946,0.8522887,0.95389706,0.99156535,0.8451143,0.94701743,0.9990048,0.8532292,0.9414687,0.99377626,0.84857017,0.9510424,1.0035373,0.8445464,0.9470403,0.9995039,0.85427725,0.9565777,1.0088018,0.84899294,0.95096517,1.0028529,0.8563723,0.958032,0.9956353,0.8486955,0.9501933,1.00169
2025-01-01 23:59:00,0.85404116,0.9556423,1.0071927,0.84620506,0.94770044,0.9991968,0.85227805,0.9538877,0.9915577,0.84511185,0.94701636,0.99900556,0.8532348,0.9414756,0.9937851,0.84858274,0.9510548,1.0035502,0.8445604,0.94705313,0.99951524,0.85428697,0.9565848,1.0088065,0.84899443,0.95096403,1.0028489,0.8563659,0.95802337,0.9956243,0.84868425,0.95018137,1.0016769
