TIME,TE_001_v000,TE_002_v000,TE_005_v000,TE_008_v000,TE_014_v000,TE_016_v000,TE_017_v000,TE_019_v000,TE_021_v000,TE_022_v000,TE_023_v000
2025-01-01 00:01:00,0.7530818,0.7454902,0.75301504,0.7478678,0.7436691,0.7536175,0.7488465,0.7568091,0.7495221,0.75555795,0.7477905
2025-01-01 00:02:00,0.7530693,0.74548304,0.7530164,0.74787706,0.74368215,0.75362855,0.7488506,0.75680447,0.74951077,0.75554496,0.74778163
2025-01-01 00:03:00,0.7530569,0.74547595,0.7530178,0.74788636,0.7436952,0.7536396,0.74885464,0.75679976,0.74949944,0.755532,0.7477729
2025-01-01 00:04:00,0.7530444,0.74546885,0.7530193,0.74789566,0.74370825,0.75365055,0.74885863,0.75679505,0.74948806,0.7555191,0.7477641
2025-01-01 00:05:00,0.753032,0.7454619,0.75302076,0.747905,0.7437213,0.75366145,0.74886256,0.7567903,0.7494767,0.75550616,0.74775535
2025-01-01 00:06:00,0.75301963,0.7454549,0.7530223,0.74791443,0.74373436,0.75367236,0.7488665,0.7567854,0.7494652,0.7554932,0.7477467
2025-01-01 00:07:00,0.75300723,0.745448,0.7530239,0.7479239,0.7437474,0.7536832,0.7488703,0.7567805,0.74945384,0.7554803,0.74773806
2025-01-01 00:08:00,0.7529949,0.7454411,0.75302565,0.7479334,0.74376047,0.75369406,0.74887407,0.75677556,0.74944234,0.7554674,0.7477295
2025-01-01 00:09:00,0.7529825,0.7454343,0.7530274,0.7479429,0.7437735,0.75370485,0.7488778,0.75677055,0.74943084,0.7554545,0.7477209
2025-01-01 00:10:00,0.7529702,0.74542755,0.75302917,0.74795246,0.7437866,0.75371563,0.7488815,0.75676554,0.7494193,0.75544167,0.74771243
2025-01-01 00:11:00,0.7529579,0.7454208,0.753031,0.74796206,0.7437997,0.75372636,0.7488851,0.7567604,0.7494077,0.75542873,0.74770397
2025-01-01 00:12:00,0.7529456,0.74541414,0.7530329,0.7479717,0.74381274,0.7537371,0.7488887,0.75675523,0.74939615,0.7554159,0.74769557
2025-01-01 00:13:00,0.7529334,0.7454075,0.7530349,0.74798137,0.74382585,0.7537477,0.7488922,0.75675005,0.7493845,0.75540304,0.74768716
2025-01-01 00:14:00,0.7529211,0.74540097,0.7530369,0.7479911,0.7438389,0.7537584,0.74889565,0.7567448,0.7493729,0.7553902,0.7476789
2025-01-01 00:15:00,0.7529089,0.7453944,0.753039,0.74800086,0.743852,0.753769,0.74889904,0.75673944,0.7493612,0.75537735,0.7476706
2025-01-01 00:16:00,0.75289667,0.745388,0.75304115,0.74801064,0.74386513,0.75377953,0.7489024,0.7567341,0.74934953,0.75536454,0.7476623
2025-01-01 00:17:00,0.7528845,0.74538153,0.7530433,0.74802047,0.7438782,0.7537901,0.74890566,0.75672865,0.7493378,0.7553518,0.74765414
2025-01-01 00:18:00,0.75287235,0.74537516,0.75304556,0.7480303,0.7438913,0.7538006,0.74890894,0.75672317,0.74932605,0.75533897,0.747646
2025-01-01 00:19:00,0.75286025,0.74536884,0.7530479,0.74804026,0.7439044,0.75381106,0.7489121,0.7567177,0.74931425,0.75532615,0.74763787
2025-01-01 00:20:00,0.75284815,0.7453626,0.7530502,0.74805015,0.7439175,0.7538215,0.7489152,0.7567121,0.7493025,0.7553134,0.7476298
2025-01-01 00:21:00,0.75283605,0.7453563,0.75305265,0.74806017,0.74393064,0.75383186,0.7489183,0.7567065,0.74929065,0.75530064,0.74762183
2025-01-01 00:22:00,0.75282395,0.7453502,0.75305516,0.7480702,0.74394375,0.75384223,0.7489213,0.75670075,0.7492788,0.7552879,0.74761385
2025-01-01 00:23:00,0.7528119,0.74534404,0.75305766,0.74808025,0.74395686,0.7538526,0.74892426,0.75669503,0.7492669,0.7552752,0.7476059
2025-01-01 00:24:00,0.75279987,0.74533796,0.7530602,0.7480903,0.7439699,0.75386286,0.7489271,0.75668925,0.74925506,0.7552625,0.74759805
2025-01-01 00:25:00,0.7527879,0.74533194,0.7530629,0.74810046,0.74398303,0.7538731,0.74893,0.7566834,0.74924314,0.7552498,0.74759024
2025-01-01 00:26:00,0.7527759,0.745326,0.7530656,0.7481106,0.74399614,0.75388336,0.7489328,0.7566775,0.74923116,0.7552371,0.74758244
2025-01-01 00:27:00,0.7527639,0.7453201,0.7530683,0.7481208,0.74400926,0.7538935,0.7489355,0.7566716,0.74921924,0.7552244,0.7475747
2025-01-01 00:28:00,0.752752,0.7453142,0.7530711,0.74813104,0.74402237,0.7539037,0.7489382,0.7566656,0.74920726,0.7552118,0.747567
2025-01-01 00:29:00,0.7527401,0.7453084,0.753074,0.74814135,0.7440355,0.7539138,0.7489408,0.75665957,0.7491952,0.75519913,0.74755937
2025-01-01 00:30:00,0.752979,0.7457538,0.7535685,0.7488151,0.744743,0.75478446,0.7495025,0.7575969,0.75018346,0.75624174,0.7485144
2025-01-01 00:31:00,0.7531677,0.74610907,0.7539647,0.74935627,0.7453116,0.75548303,0.74995226,0.7583455,0.7509717,0.75707334,0.74927706
2025-01-01 00:32:00,0.7533163,0.7463922,0.75428236,0.74979126,0.74576914,0.75604385,0.75031257,0.7589431,0.7515997,0.757736,0.7498857
2025-01-01 00:33:00,0.75343287,0.7466176,0.7545371,0.7501414,0.74613774,0.75649446,0.75060123,0.75941986,0.75209975,0.7582637,0.75037104
2025-01-01 00:34:00,0.7535238,0.7467969,0.7547416,0.7504236,0.7464353,0.7568569,0.75083256,0.7598,0.7524974,0.75868344,0.75075793
2025-01-01 00:35:00,0.7535942,0.7469393,0.7549059,0.75065154,0.7466759,0.75714886,0.75101805,0.76010275,0.752813,0.75901663,0.751066
2025-01-01 00:36:00,0.7536482,0.74705213,0.75503796,0.75083596,0.74687105,0.7573843,0.7511669,0.7603437,0.753063,0.75928074,0.75131106
2025-01-01 00:37:00,0.7536891,0.7471414,0.7551444,0.7509856,0.7470297,0.75757456,0.75128627,0.76053506,0.7532607,0.75948954,0.7515057
2025-01-01 00:38:00,0.7537195,0.74721175,0.75523025,0.7511076,0.7471593,0.75772876,0.75138223,0.7606869,0.7534163,0.75965405,0.75166
2025-01-01 00:39:00,0.7537415,0.747267,0.7552997,0.75120723,0.74726564,0.75785404,0.7514593,0.7608069,0.75353825,0.7597832,0.751782
2025-01-01 00:40:00,0.7537568,0.7473102,0.7553559,0.7512891,0.74735326,0.75795615,0.75152135,0.7609017,0.75363344,0.75988406,0.75187826
2025-01-01 00:41:00,0.7537668,0.7473438,0.7554016,0.7513568,0.74742603,0.7580397,0.7515713,0.7609761,0.7537071,0.75996226,0.75195384
2025-01-01 00:42:00,0.7537724,0.74736965,0.755439,0.7514131,0.74748677,0.75810844,0.75161165,0.76103425,0.75376356,0.7600224,0.75201297
2025-01-01 00:43:00,0.7537746,0.7473894,0.7554697,0.7514603,0.74753803,0.75816536,0.75164425,0.7610794,0.75380623,0.760068,0.7520589
2025-01-01 00:44:00,0.7537741,0.74740416,0.755495,0.7515003,0.7475816,0.75821275,0.75167054,0.76111406,0.75383794,0.76010203,0.7520943
2025-01-01 00:45:00,0.7537714,0.74741507,0.755516,0.75153446,0.7476191,0.75825256,0.75169194,0.7611404,0.7538607,0.7601268,0.75212127
2025-01-01 00:46:00,0.753767,0.7474228,0.75553364,0.751564,0.7476517,0.75828624,0.75170934,0.7611601,0.7538765,0.7601441,0.7521416
2025-01-01 00:47:00,0.75376123,0.7474281,0.7555486,0.75158983,0.74768037,0.758315,0.7517235,0.7611744,0.75388664,0.7601556,0.7521565
2025-01-01 00:48:00,0.7537543,0.7474314,0.7555614,0.75161266,0.74770594,0.75833994,0.75173515,0.76118433,0.75389224,0.7601623,0.7521671
2025-01-01 00:49:00,0.75374657,0.7474331,0.7555725,0.75163317,0.747729,0.7583617,0.7517447,0.7611909,0.7538942,0.7601652,0.7521743
2025-01-01 00:50:00,0.7537381,0.7474336,0.75558215,0.75165176,0.74775004,0.75838095,0.75175256,0.7611947,0.7538934,0.7601651,0.7521787
2025-01-01 00:51:00,0.7537291,0.7474331,0.75559074,0.7516689,0.7477695,0.7583981,0.7517591,0.7611963,0.75389016,0.7601626,0.75218105
2025-01-01 00:52:00,0.7537196,0.7474319,0.75559855,0.75168484,0.74778765,0.75841373,0.75176454,0.76119614,0.75388503,0.7601581,0.7521816
2025-01-01 00:53:00,0.75370985,0.74742997,0.75560564,0.7516998,0.7478048,0.758428,0.75176907,0.7611944,0.7538785,0.7601521,0.75218076
2025-01-01 00:54:00,0.75369984,0.74742764,0.7556122,0.75171405,0.7478211,0.7584412,0.7517729,0.7611916,0.75387067,0.76014495,0.75217885
2025-01-01 00:55:00,0.7536896,0.7474249,0.75561833,0.7517277,0.7478367,0.75845355,0.75177616,0.7611879,0.7538619,0.7601368,0.7521761
2025-01-01 00:56:00,0.75367916,0.7474219,0.75562423,0.7517409,0.7478518,0.75846523,0.75177896,0.7611834,0.75385237,0.7601278,0.7521727
2025-01-01 00:57:00,0.7536686,0.74741864,0.7556298,0.7517537,0.74786645,0.7584764,0.75178134,0.76117826,0.7538423,0.76011825,0.7521687
2025-01-01 00:58:00,0.75365794,0.74741524,0.7556352,0.75176615,0.7478808,0.758487,0.7517834,0.7611726,0.75383157,0.7601082,0.7521643
2025-01-01 00:59:00,0.7536472,0.7474117,0.7556405,0.7517784,0.7478949,0.75849724,0.7517852,0.7611665,0.75382054,0.7600977,0.75215966
2025-01-01 01:00:00,0.75395674,0.7478983,0.75619906,0.75243133,0.7486519,0.7593985,0.7523413,0.76210684,0.75481963,0.76113,0.753099
2025-01-01 01:01:00,0.7542021,0.7482867,0.7566468,0.752956,0.7492601,0.76012117,0.7527863,0.76285744,0.7556165,0.7619534,0.7538494
2025-01-01 01:02:00,0.75439626,0.7485967,0.75700605,0.7533779,0.74974924,0.76070106,0.7531423,0.7634564,0.7562514,0.7626098,0.7544485
2025-01-01 01:03:00,0.75454944,0.7488439,0.75729436,0.7537178,0.75014323,0.7611667,0.75342727,0.763934,0.7567567,0.76313245,0.7549266
2025-01-01 01:04:00,0.75466985,0.74904096,0.75752604,0.75399196,0.75046086,0.7615409,0.75365525,0.7643145,0.7571585,0.7635483,0.755308
2025-01-01 01:05:00,0.75476396,0.7491979,0.75771236,0.7542136,0.75071764,0.761842,0.75383776,0.76461726,0.75747734,0.7638786,0.75561196
2025-01-01 01:06:00,0.7548371,0.74932265,0.75786245,0.7543933,0.7509256,0.76208454,0.75398386,0.7648579,0.7577299,0.76414037,0.75585395
2025-01-01 01:07:00,0.7548935,0.7494218,0.75798357,0.7545393,0.7510946,0.7622803,0.75410074,0.76504874,0.7579293,0.7643475,0.7560465
2025-01-01 01:08:00,0.75493646,0.7495004,0.7580815,0.75465846,0.75123227,0.76243854,0.7541943,0.7651999,0.7580864,0.76451087,0.75619936
2025-01-01 01:09:00,0.75496876,0.74956256,0.7581609,0.75475615,0.75134504,0.7625668,0.7542692,0.7653191,0.7582094,0.7646392,0.75632054
2025-01-01 01:10:00,0.75499237,0.7496116,0.7582255,0.7548366,0.7514378,0.76267105,0.7543291,0.7654128,0.75830525,0.7647395,0.75641644
2025-01-01 01:11:00,0.75500923,0.7496502,0.7582782,0.7549033,0.75151455,0.7627561,0.754377,0.7654862,0.7583794,0.7648174,0.7564921
2025-01-01 01:12:00,0.7550206,0.7496804,0.7583215,0.75495905,0.75157857,0.76282585,0.75441533,0.7655432,0.75843614,0.76487744,0.75655156
2025-01-01 01:13:00,0.7550276,0.74970394,0.7583572,0.75500596,0.7516323,0.76288325,0.75444597,0.76558715,0.75847894,0.76492304,0.75659806
2025-01-01 01:14:00,0.75503105,0.7497221,0.7583869,0.7550458,0.7516778,0.76293075,0.75447047,0.76562065,0.75851065,0.7649573,0.75663424
2025-01-01 01:15:00,0.75503176,0.7497361,0.75841177,0.7550801,0.7517168,0.7629704,0.75449,0.7656458,0.7585334,0.76498234,0.75666213
2025-01-01 01:16:00,0.7550302,0.74974656,0.7584328,0.75510985,0.7517506,0.7630037,0.7545056,0.7656642,0.7585491,0.76500005,0.75668347
2025-01-01 01:17:00,0.7550269,0.74975437,0.75845075,0.755136,0.75178015,0.76303196,0.754518,0.7656772,0.758559,0.76501197,0.7566995
2025-01-01 01:18:00,0.7550222,0.74976003,0.7584662,0.7551594,0.7518063,0.76305616,0.7545278,0.76568586,0.7585644,0.7650192,0.7567113
2025-01-01 01:19:00,0.75501645,0.74976397,0.7584798,0.7551804,0.75182986,0.7630771,0.75453556,0.7656911,0.75856614,0.7650226,0.7567198
2025-01-01 01:20:00,0.7550097,0.7497665,0.75849175,0.7551996,0.7518512,0.76309544,0.75454164,0.76569355,0.75856495,0.76502305,0.7567256
2025-01-01 01:21:00,0.7550023,0.7497681,0.75850254,0.7552173,0.75187075,0.7631116,0.75454646,0.76569384,0.7585614,0.7650212,0.75672925
2025-01-01 01:22:00,0.7549944,0.74976873,0.7585124,0.75523394,0.751889,0.7631261,0.75455016,0.76569223,0.7585559,0.7650174,0.7567313
2025-01-01 01:23:00,0.754986,0.7497687,0.75852144,0.7552496,0.7519061,0.76313925,0.75455296,0.76568925,0.758549,0.765012,0.7567319
2025-01-01 01:24:00,0.7549772,0.74976814,0.7585299,0.7552646,0.75192237,0.7631513,0.7545551,0.7656851,0.7585408,0.7650055,0.75673145
2025-01-01 01:25:00,0.75496817,0.74976724,0.7585378,0.75527894,0.7519378,0.7631625,0.7545566,0.76568,0.7585317,0.7649981,0.7567302
2025-01-01 01:26:00,0.7549589,0.749766,0.75854546,0.75529283,0.75195277,0.7631729,0.75455767,0.7656741,0.7585218,0.76498985,0.7567283
2025-01-01 01:27:00,0.75494957,0.7497645,0.75855273,0.75530636,0.7519672,0.76318276,0.7545583,0.7656677,0.7585113,0.764981,0.75672585
2025-01-01 01:28:00,0.75494003,0.74976283,0.7585599,0.7553196,0.75198126,0.7631921,0.7545587,0.76566076,0.75850034,0.7649717,0.756723
2025-01-01 01:29:00,0.75493044,0.749761,0.7585668,0.75533265,0.751995,0.7632011,0.7545587,0.7656534,0.7584889,0.76496196,0.7567198
2025-01-01 01:30:00,0.7553049,0.7502794,0.75917894,0.7559523,0.75278735,0.76411575,0.75509864,0.7665787,0.75948,0.76596427,0.7576257
2025-01-01 01:31:00,0.7556024,0.75069374,0.7596699,0.75645036,0.75342363,0.7648489,0.75553036,0.76731706,0.76027024,0.76676387,0.75834954
2025-01-01 01:32:00,0.7558385,0.7510247,0.760064,0.7568513,0.7539352,0.7654368,0.75587547,0.76790595,0.76089984,0.7674014,0.75892776
2025-01-01 01:33:00,0.7560254,0.75128907,0.7603805,0.75717455,0.75434697,0.7659086,0.7561513,0.7683753,0.76140094,0.76790917,0.7593895
2025-01-01 01:34:00,0.75617296,0.7515002,0.7606351,0.7574355,0.7546789,0.7662875,0.75637174,0.7687489,0.7617992,0.76831317,0.75975806
2025-01-01 01:35:00,0.756289,0.75166863,0.76084006,0.75764674,0.7549468,0.7665921,0.7565478,0.76904595,0.76211524,0.76863414,0.7600521
2025-01-01 01:36:00,0.75638,0.75180304,0.76100534,0.7578182,0.7551638,0.7668371,0.75668836,0.7692816,0.76236546,0.7688888,0.7602865
2025-01-01 01:37:00,0.7564508,0.75191015,0.7611389,0.7579579,0.75533974,0.76703453,0.7568005,0.76946837,0.76256293,0.76909024,0.7604732
2025-01-01 01:38:00,0.75650555,0.7519955,0.7612471,0.75807196,0.75548303,0.7671939,0.7568899,0.7696159,0.7627184,0.76924926,0.76062185
2025-01-01 01:39:00,0.75654745,0.7520634,0.7613351,0.7581658,0.7556002,0.7673228,0.7569611,0.769732,0.7628401,0.7693743,0.7607399
2025-01-01 01:40:00,0.75657904,0.75211734,0.7614068,0.75824326,0.7556963,0.76742727,0.75701773,0.769823,0.76293486,0.7694722,0.7608337
2025-01-01 01:41:00,0.75660247,0.75216025,0.7614655,0.75830775,0.75577575,0.7675122,0.75706273,0.7698939,0.76300806,0.7695483,0.7609079
2025-01-01 01:42:00,0.7566193,0.75219417,0.7615139,0.75836176,0.75584173,0.7675815,0.7570984,0.7699487,0.76306397,0.76960707,0.76096654
2025-01-01 01:43:00,0.75663084,0.752221,0.761554,0.7584075,0.755897,0.7676384,0.7571265,0.7699907,0.7631061,0.76965195,0.76101273
2025-01-01 01:44:00,0.7566383,0.75224215,0.7615875,0.7584466,0.7559436,0.7676852,0.7571486,0.7700223,0.7631372,0.7696856,0.761049
2025-01-01 01:45:00,0.75664234,0.75225884,0.7616157,0.7584803,0.75598335,0.76772386,0.75716597,0.77004564,0.7631595,0.7697105,0.7610772
2025-01-01 01:46:00,0.7566437,0.7522719,0.76163965,0.7585098,0.7560176,0.76775616,0.7571794,0.7700623,0.76317465,0.76972824,0.76109916
2025-01-01 01:47:00,0.75664294,0.7522821,0.7616603,0.7585359,0.75604755,0.76778334,0.7571897,0.77007383,0.7631842,0.76974034,0.761116
2025-01-01 01:48:00,0.7566405,0.75228995,0.7616782,0.7585593,0.7560739,0.7678064,0.7571976,0.770081,0.7631892,0.76974785,0.76112884
2025-01-01 01:49:00,0.75663674,0.75229603,0.761694,0.7585805,0.7560974,0.7678261,0.75720346,0.7700848,0.76319057,0.7697518,0.76113844
2025-01-01 01:50:00,0.75663185,0.7523007,0.7617081,0.75859994,0.75611866,0.7678432,0.75720775,0.77008593,0.7631891,0.7697528,0.7611454
2025-01-01 01:51:00,0.7566262,0.75230414,0.7617209,0.758618,0.7561381,0.7678581,0.7572107,0.7700848,0.7631852,0.76975155,0.7611504
2025-01-01 01:52:00,0.7566199,0.7523067,0.7617325,0.758635,0.756156,0.76787126,0.7572126,0.77008194,0.7631795,0.7697484,0.76115376
2025-01-01 01:53:00,0.756613,0.7523086,0.76174337,0.7586511,0.7561728,0.76788306,0.7572136,0.77007765,0.7631724,0.7697438,0.7611558
2025-01-01 01:54:00,0.7566057,0.75230986,0.76175356,0.75866646,0.75618863,0.76789373,0.7572139,0.77007216,0.76316404,0.769738,0.76115686
2025-01-01 01:55:00,0.75659806,0.75231075,0.7617632,0.7586813,0.7562037,0.7679035,0.75721365,0.77006584,0.76315475,0.7697314,0.7611571
2025-01-01 01:56:00,0.75659025,0.7523112,0.76177245,0.7586957,0.7562182,0.76791257,0.75721294,0.7700587,0.7631447,0.769724,0.7611567
2025-01-01 01:57:00,0.7565822,0.7523115,0.7617814,0.7587098,0.75623226,0.76792103,0.75721186,0.770051,0.763134,0.7697161,0.7611558
2025-01-01 01:58:00,0.756574,0.7523116,0.7617901,0.75872356,0.7562458,0.76792896,0.7572105,0.7700428,0.76312286,0.7697077,0.76115453
2025-01-01 01:59:00,0.7565657,0.7523116,0.76179856,0.75873715,0.7562591,0.7679365,0.7572088,0.7700342,0.7631113,0.76969886,0.761153
2025-01-01 02:00:00,0.7569982,0.7528526,0.7624533,0.75931215,0.75707227,0.7688481,0.75772274,0.7709277,0.7640763,0.7706531,0.76200897
2025-01-01 02:01:00,0.75734246,0.7532854,0.7629786,0.7597747,0.7577252,0.7695786,0.7581333,0.7716405,0.76484567,0.7714145,0.7626932
2025-01-01 02:02:00,0.75761616,0.7536315,0.76340044,0.7601473,0.7582499,0.7701641,0.7584612,0.7722087,0.7654586,0.77202165,0.76324016
2025-01-01 02:03:00,0.75783336,0.7539082,0.7637395,0.76044786,0.75867206,0.77063364,0.75872296,0.77266115,0.76594627,0.77250534,0.7636771
2025-01-01 02:04:00,0.7580055,0.7541296,0.76401234,0.7606909,0.7590121,0.7710104,0.7589317,0.77302104,0.7663338,0.77289027,0.7640262
2025-01-01 02:05:00,0.7581415,0.7543067,0.7642323,0.7608879,0.7592865,0.77131295,0.7590981,0.77330697,0.76664126,0.7731962,0.76430506
2025-01-01 02:06:00,0.75824857,0.75444824,0.7644098,0.761048,0.75950843,0.7715561,0.7592307,0.7735335,0.7668845,0.773439,0.7645276
2025-01-01 02:07:00,0.7583326,0.7545614,0.7645534,0.76117873,0.7596883,0.7717517,0.759336,0.7737127,0.76707655,0.7736312,0.76470524
2025-01-01 02:08:00,0.7583981,0.75465196,0.7646699,0.76128584,0.7598346,0.7719093,0.7594197,0.77385396,0.76722753,0.773783,0.76484686
2025-01-01 02:09:00,0.7584489,0.7547244,0.7647648,0.76137406,0.7599539,0.7720365,0.7594859,0.7739649,0.7673458,0.7739025,0.76495975
2025-01-01 02:10:00,0.7584878,0.7547823,0.76484233,0.7614472,0.7600517,0.7721393,0.75953823,0.7740514,0.7674377,0.7739962,0.7650496
2025-01-01 02:11:00,0.7585174,0.7548287,0.76490605,0.7615083,0.7601324,0.7722226,0.7595794,0.7741186,0.7675086,0.7740691,0.76512104
2025-01-01 02:12:00,0.7585394,0.7548658,0.7649586,0.7615597,0.7601992,0.7722903,0.7596117,0.7741702,0.7675628,0.7741255,0.7651778
2025-01-01 02:13:00,0.75855535,0.75489557,0.7650024,0.7616035,0.7602549,0.7723455,0.7596368,0.7742093,0.76760346,0.7741687,0.7652228
2025-01-01 02:14:00,0.7585665,0.75491935,0.7650391,0.761641,0.7603019,0.77239066,0.75965613,0.7742385,0.7676334,0.77420133,0.7652585
2025-01-01 02:15:00,0.7585739,0.7549385,0.76507014,0.7616736,0.7603417,0.7724279,0.759671,0.7742597,0.7676547,0.77422553,0.7652866
2025-01-01 02:16:00,0.7585781,0.75495386,0.76509666,0.7617023,0.7603759,0.7724587,0.75968206,0.7742745,0.76766914,0.77424294,0.7653088
2025-01-01 02:17:00,0.7585799,0.75496626,0.7651196,0.7617278,0.7604056,0.7724843,0.75969017,0.7742841,0.767678,0.7742549,0.76532614
2025-01-01 02:18:00,0.7585798,0.7549762,0.7651397,0.7617508,0.7604316,0.77250576,0.7596959,0.7742897,0.7676826,0.77426267,0.7653397
2025-01-01 02:19:00,0.7585781,0.7549843,0.76515746,0.7617718,0.7604547,0.77252394,0.7596997,0.77429205,0.7676836,0.77426696,0.7653502
2025-01-01 02:20:00,0.75857526,0.75499094,0.7651734,0.76179117,0.7604755,0.77253944,0.759702,0.7742917,0.7676818,0.77426857,0.7653583
2025-01-01 02:21:00,0.7585713,0.7549963,0.7651879,0.76180923,0.7604944,0.7725528,0.75970304,0.77428925,0.7676777,0.7742679,0.7653645
2025-01-01 02:22:00,0.75856674,0.75500077,0.7652013,0.7618263,0.76051176,0.7725644,0.7597031,0.7742851,0.7676719,0.7742655,0.7653692
2025-01-01 02:23:00,0.7585615,0.7550044,0.76521367,0.76184255,0.76052797,0.77257466,0.7597023,0.77427953,0.7676646,0.7742618,0.7653726
2025-01-01 02:24:00,0.7585558,0.75500757,0.7652254,0.7618581,0.7605431,0.7725838,0.75970083,0.7742729,0.76765615,0.77425694,0.7653751
2025-01-01 02:25:00,0.7585497,0.7550102,0.76523656,0.7618732,0.7605576,0.772592,0.75969887,0.7742654,0.7676468,0.77425116,0.76537675
2025-01-01 02:26:00,0.7585433,0.75501245,0.7652473,0.7618878,0.76057136,0.77259946,0.7596964,0.7742572,0.7676368,0.7742448,0.76537794
2025-01-01 02:27:00,0.75853676,0.75501454,0.76525766,0.76190215,0.76058465,0.7726064,0.7596936,0.7742484,0.7676261,0.7742378,0.7653786
2025-01-01 02:28:00,0.75852996,0.7550164,0.7652677,0.76191616,0.7605975,0.77261275,0.7596905,0.7742391,0.76761496,0.7742304,0.76537895
2025-01-01 02:29:00,0.7585231,0.75501806,0.7652776,0.76193,0.76061004,0.77261865,0.7596871,0.7742294,0.76760346,0.77422273,0.76537895
2025-01-01 02:30:00,0.7590061,0.755572,0.7659633,0.7624504,0.7614298,0.77351093,0.76016605,0.7750755,0.7685255,0.7751119,0.76616997
2025-01-01 02:31:00,0.759391,0.7560154,0.76651365,0.7628693,0.76208776,0.7742256,0.76054835,0.77575016,0.7692605,0.7758215,0.76680255
2025-01-01 02:32:00,0.75969744,0.7563704,0.7669558,0.763207,0.7626164,0.77479815,0.76085323,0.7762876,0.76984596,0.7763874,0.7673084
2025-01-01 02:33:00,0.75994116,0.7566547,0.76731133,0.7634798,0.7630415,0.7752571,0.7610963,0.77671534,0.7703117,0.7768383,0.76771295
2025-01-01 02:34:00,0.76013476,0.7568823,0.7675977,0.76370066,0.7633838,0.77562505,0.7612897,0.7770552,0.77068174,0.7771973,0.7680365
2025-01-01 02:35:00,0.7602882,0.7570647,0.7678285,0.76387995,0.76365983,0.77592015,0.76144356,0.77732486,0.7709751,0.77748275,0.7682951
2025-01-01 02:36:00,0.76040953,0.7572109,0.7680151,0.764026,0.7638829,0.7761571,0.7615657,0.7775383,0.7712073,0.7777093,0.7685019
2025-01-01 02:37:00,0.7605052,0.75732815,0.76816624,0.76414543,0.7640634,0.7763474,0.7616624,0.7777068,0.7713904,0.77788883,0.76866716
2025-01-01 02:38:00,0.76058036,0.7574223,0.768289,0.7642436,0.7642101,0.77650046,0.76173884,0.7778393,0.77153426,0.77803075,0.7687993
2025-01-01 02:39:00,0.76063913,0.75749797,0.76838917,0.7643247,0.76432955,0.77662367,0.761799,0.77794296,0.77164686,0.7781426,0.7689049
2025-01-01 02:40:00,0.7606847,0.7575588,0.7684712,0.76439226,0.7644273,0.77672297,0.7618461,0.7780236,0.7717343,0.77823025,0.7689893
2025-01-01 02:41:00,0.7607199,0.7576079,0.76853865,0.7644489,0.76450765,0.77680314,0.7618828,0.7780858,0.7718017,0.77829874,0.7690568
2025-01-01 02:42:00,0.76074666,0.75764745,0.76859456,0.7644968,0.7645741,0.776868,0.76191115,0.7781333,0.7718531,0.77835184,0.7691107
2025-01-01 02:43:00,0.7607667,0.7576795,0.76864123,0.76453775,0.7646294,0.7769207,0.76193285,0.778169,0.77189153,0.77839255,0.7691537
2025-01-01 02:44:00,0.7607814,0.7577055,0.7686805,0.7645731,0.7646758,0.7769635,0.7619491,0.7781952,0.7719197,0.7784235,0.7691881
2025-01-01 02:45:00,0.7607919,0.7577268,0.7687139,0.7646041,0.7647151,0.7769984,0.7619611,0.77821386,0.77193975,0.77844656,0.76921564
2025-01-01 02:46:00,0.760799,0.75774413,0.76874256,0.76463145,0.7647486,0.777027,0.7619696,0.77822644,0.7719532,0.77846336,0.7692376
2025-01-01 02:47:00,0.7608033,0.7577585,0.7687674,0.76465595,0.7647775,0.7770506,0.7619754,0.7782342,0.7719614,0.7784751,0.76925516
2025-01-01 02:48:00,0.7608054,0.75777036,0.76878923,0.7646782,0.7648027,0.7770701,0.7619789,0.778238,0.7719654,0.7784829,0.7692692
2025-01-01 02:49:00,0.76080596,0.7577804,0.76880866,0.76469857,0.76482505,0.77708644,0.76198065,0.7782388,0.77196604,0.7784875,0.7692805
2025-01-01 02:50:00,0.7608051,0.7577888,0.76882625,0.7647175,0.76484495,0.7771001,0.7619809,0.778237,0.771964,0.7784896,0.76928955
2025-01-01 02:51:00,0.7608031,0.757796,0.7688423,0.7647353,0.764863,0.77711165,0.76198006,0.77823323,0.7719598,0.7784896,0.7692968
2025-01-01 02:52:00,0.76080024,0.7578022,0.76885706,0.76475215,0.7648795,0.77712154,0.7619782,0.7782278,0.7719539,0.778488,0.7693027
2025-01-01 02:53:00,0.7607967,0.7578077,0.7688709,0.7647682,0.76489484,0.77713007,0.76197565,0.7782212,0.7719466,0.7784851,0.76930743
2025-01-01 02:54:00,0.7607927,0.75781256,0.76888394,0.7647837,0.76490915,0.77713746,0.7619724,0.7782135,0.7719382,0.77848125,0.76931137
2025-01-01 02:55:00,0.76078826,0.757817,0.76889646,0.7647987,0.7649226,0.77714396,0.76196873,0.7782049,0.77192897,0.77847654,0.7693145
2025-01-01 02:56:00,0.7607835,0.757821,0.76890844,0.7648133,0.7649355,0.7771497,0.76196456,0.7781957,0.771919,0.77847123,0.76931715
2025-01-01 02:57:00,0.7607785,0.7578248,0.76892,0.76482767,0.76494783,0.7771549,0.7619601,0.7781859,0.7719085,0.7784654,0.76931936
2025-01-01 02:58:00,0.76077324,0.75782835,0.7689314,0.76484174,0.76495975,0.77715963,0.7619554,0.7781757,0.77189755,0.77845913,0.7693213
2025-01-01 02:59:00,0.76076794,0.75783175,0.7689425,0.7648556,0.7649713,0.7771639,0.7619503,0.77816516,0.7718863,0.77845263,0.769323
2025-01-01 03:00:00,0.76129276,0.7583888,0.76964694,0.765312,0.76578295,0.7780211,0.7623857,0.7789486,0.7727487,0.77926105,0.7700348
2025-01-01 03:01:00,0.7617114,0.75883496,0.77021253,0.7656798,0.7664343,0.77870744,0.76273286,0.7795729,0.77343607,0.7799063,0.7706044
2025-01-01 03:02:00,0.7620452,0.7591925,0.7706671,0.7659766,0.76695734,0.77925694,0.7630093,0.78007,0.7739835,0.7804209,0.7710602
2025-01-01 03:03:00,0.7623111,0.7594792,0.77103275,0.7662167,0.76737785,0.7796971,0.76322925,0.78046525,0.77441883,0.78083116,0.77142507
2025-01-01 03:04:00,0.7625227,0.7597091,0.7713274,0.76641136,0.7677162,0.7800497,0.76340395,0.780779,0.77476466,0.78115785,0.77171713
2025-01-01 03:05:00,0.7626909,0.75989366,0.7715652,0.76656973,0.7679889,0.78033227,0.7635424,0.78102756,0.7750388,0.7814177,0.77195096
2025-01-01 03:06:00,0.76282436,0.76004195,0.77175754,0.766699,0.768209,0.7805587,0.76365197,0.781224,0.7752556,0.78162414,0.77213824
2025-01-01 03:07:00,0.76293,0.7601612,0.7719135,0.7668051,0.7683871,0.7807404,0.7637383,0.78137875,0.7754265,0.7817878,0.7722883
2025-01-01 03:08:00,0.76301336,0.7602573,0.77204037,0.7668926,0.76853156,0.7808862,0.7638061,0.7815001,0.77556074,0.7819173,0.7724086
2025-01-01 03:09:00,0.76307905,0.76033485,0.77214396,0.7669652,0.76864904,0.78100324,0.7638591,0.78159475,0.77566564,0.7820194,0.77250504
2025-01-01 03:10:00,0.7631305,0.76039755,0.77222896,0.7670259,0.768745,0.78109723,0.76390016,0.781668,0.775747,0.7820996,0.7725825
2025-01-01 03:11:00,0.7631706,0.7604484,0.7722991,0.7670771,0.76882374,0.7811729,0.76393175,0.78172415,0.77580965,0.78216237,0.7726447
2025-01-01 03:12:00,0.7632016,0.76048976,0.77235734,0.7671206,0.76888865,0.7812338,0.76395565,0.78176665,0.77585727,0.7822111,0.77269477
2025-01-01 03:13:00,0.76322544,0.76052356,0.77240604,0.7671581,0.7689425,0.7812829,0.7639735,0.78179824,0.77589285,0.7822488,0.77273506
2025-01-01 03:14:00,0.7632435,0.7605513,0.77244717,0.7671907,0.7689875,0.78132254,0.7639863,0.78182095,0.7759189,0.78227746,0.77276766
2025-01-01 03:15:00,0.76325685,0.7605742,0.7724822,0.76721936,0.76902544,0.78135467,0.76399523,0.7818367,0.7759372,0.78229904,0.772794
2025-01-01 03:16:00,0.7632666,0.76059335,0.77251244,0.76724494,0.76905763,0.78138065,0.764001,0.7818469,0.7759494,0.78231496,0.77281547
2025-01-01 03:17:00,0.7632734,0.7606094,0.7725388,0.76726794,0.76908535,0.7814018,0.76400435,0.7818525,0.7759567,0.7823262,0.77283293
2025-01-01 03:18:00,0.7632778,0.76062304,0.772562,0.76728904,0.76910937,0.78141904,0.76400554,0.78185445,0.77595997,0.78233397,0.7728473
2025-01-01 03:19:00,0.7632804,0.7606347,0.77258277,0.7673085,0.7691305,0.7814332,0.7640052,0.78185356,0.7759602,0.78233874,0.7728591
2025-01-01 03:20:00,0.7632815,0.7606448,0.77260154,0.76732665,0.76914924,0.7814448,0.76400346,0.78185046,0.77595794,0.78234124,0.77286893
2025-01-01 03:21:00,0.76328146,0.7606537,0.77261883,0.7673438,0.7691662,0.7814543,0.76400065,0.7818454,0.7759536,0.7823419,0.77287716
2025-01-01 03:22:00,0.76328045,0.7606616,0.7726348,0.7673602,0.7691815,0.7814623,0.763997,0.78183895,0.7759477,0.78234106,0.7728842
2025-01-01 03:23:00,0.7632788,0.76066875,0.7726498,0.7673758,0.7691956,0.7814689,0.76399267,0.78183126,0.7759406,0.78233916,0.77289015
2025-01-01 03:24:00,0.7632765,0.7606754,0.772664,0.767391,0.7692088,0.78147453,0.7639878,0.7818226,0.7759324,0.7823363,0.77289534
2025-01-01 03:25:00,0.7632738,0.76068145,0.7726776,0.7674057,0.7692212,0.78147924,0.76398236,0.78181314,0.77592343,0.7823327,0.7728999
2025-01-01 03:26:00,0.7632707,0.7606871,0.7726907,0.76742005,0.7692329,0.7814832,0.7639766,0.7818031,0.7759138,0.78232855,0.77290404
2025-01-01 03:27:00,0.7632673,0.76069254,0.77270335,0.7674342,0.7692441,0.78148663,0.7639705,0.7817925,0.7759037,0.78232396,0.7729078
2025-01-01 03:28:00,0.7632637,0.7606978,0.7727158,0.767448,0.76925486,0.7814896,0.7639642,0.78178155,0.77589315,0.782319,0.77291125
2025-01-01 03:29:00,0.76326,0.76070285,0.77272797,0.7674618,0.76926523,0.7814922,0.7639576,0.78177035,0.7758823,0.7823138,0.7729145
2025-01-01 03:30:00,0.76381725,0.761253,0.7734385,0.76784605,0.7700544,0.78229874,0.76434165,0.7824772,0.7766698,0.7830269,0.77353436
2025-01-01 03:31:00,0.76426226,0.7616941,0.7740092,0.76815605,0.7706875,0.7829442,0.76464736,0.7830401,0.7772974,0.7835961,0.7740308
2025-01-01 03:32:00,0.76461744,0.7620478,0.77446806,0.7684067,0.77119577,0.78346074,0.76489043,0.783488,0.777797,0.7840503,0.7744284
2025-01-01 03:33:00,0.7649007,0.7623317,0.7748374,0.7686097,0.7716041,0.78387415,0.7650834,0.78384376,0.77819437,0.78441244,0.774747
2025-01-01 03:34:00,0.7651265,0.76255983,0.7751351,0.76877475,0.77193254,0.784205,0.7652362,0.78412586,0.7785098,0.78470093,0.7750025
2025-01-01 03:35:00,0.76530635,0.76274323,0.77537555,0.7689094,0.77219707,0.78446984,0.76535684,0.78434896,0.7787597,0.7849305,0.7752074
2025-01-01 03:36:00,0.76544946,0.76289093,0.7755702,0.7690197,0.77241045,0.7846818,0.76545185,0.784525,0.7789573,0.785113,0.77537185
2025-01-01 03:37:00,0.7655632,0.7630101,0.77572817,0.7691105,0.7725829,0.7848515,0.76552635,0.7846632,0.779113,0.7852579,0.77550393
2025-01-01 03:38:00,0.7656534,0.7631064,0.7758569,0.7691857,0.7727226,0.7849874,0.76558435,0.78477126,0.7792352,0.78537256,0.77561027
2025-01-01 03:39:00,0.7657248,0.7631844,0.7759622,0.7692485,0.77283597,0.78509617,0.7656291,0.7848551,0.77933055,0.78546315,0.77569586
2025-01-01 03:40:00,0.76578116,0.7632478,0.77604866,0.7693013,0.7729284,0.78518325,0.7656634,0.78491974,0.7794044,0.78553444,0.77576494
2025-01-01 03:41:00,0.76582557,0.7632996,0.7761202,0.7693461,0.7730041,0.785253,0.7656892,0.78496885,0.77946115,0.7855904,0.7758208
2025-01-01 03:42:00,0.7658603,0.76334196,0.77617973,0.76938456,0.77306634,0.7853089,0.76570827,0.7850055,0.7795042,0.78563404,0.77586615
2025-01-01 03:43:00,0.76588744,0.76337695,0.7762297,0.7694179,0.7731178,0.7853536,0.76572186,0.78503233,0.7795363,0.7856679,0.77590305
2025-01-01 03:44:00,0.7659084,0.763406,0.77627194,0.7694471,0.7731607,0.78538936,0.76573116,0.7850513,0.7795596,0.7856938,0.7759332
2025-01-01 03:45:00,0.7659245,0.76343024,0.7763081,0.7694731,0.7731966,0.78541803,0.76573694,0.78506386,0.7795759,0.7857135,0.77595794
2025-01-01 03:46:00,0.76593673,0.76345074,0.77633935,0.7694964,0.773227,0.7854409,0.7657399,0.7850713,0.7795866,0.78572816,0.7759784
2025-01-01 03:47:00,0.7659458,0.7634682,0.77636665,0.76951754,0.77325296,0.7854593,0.7657407,0.7850748,0.7795929,0.7857388,0.77599543
2025-01-01 03:48:00,0.7659524,0.7634832,0.7763909,0.7695371,0.7732754,0.78547394,0.76573956,0.78507495,0.7795955,0.7857463,0.7760098
2025-01-01 03:49:00,0.7659571,0.7634964,0.77641267,0.7695553,0.773295,0.7854857,0.76573706,0.7850725,0.77959526,0.78575116,0.77602196
2025-01-01 03:50:00,0.7659602,0.763508,0.77643234,0.7695724,0.7733122,0.78549504,0.7657334,0.785068,0.7795928,0.7857541,0.7760323
2025-01-01 03:51:00,0.76596206,0.76351845,0.7764505,0.76958865,0.77332765,0.78550243,0.7657287,0.7850618,0.7795885,0.78575534,0.77604145
2025-01-01 03:52:00,0.7659629,0.7635279,0.77646744,0.7696042,0.7733416,0.78550833,0.7657233,0.78505427,0.77958274,0.78575534,0.7760494
2025-01-01 03:53:00,0.765963,0.76353663,0.7764833,0.7696192,0.7733543,0.785513,0.76571727,0.7850456,0.7795758,0.7857543,0.77605647
2025-01-01 03:54:00,0.7659625,0.76354474,0.7764984,0.7696337,0.7733661,0.7855166,0.7657107,0.7850362,0.779568,0.78575253,0.77606297
2025-01-01 03:55:00,0.7659615,0.7635524,0.7765128,0.7696479,0.77337706,0.78551936,0.76570374,0.7850261,0.77955943,0.78575015,0.77606887
2025-01-01 03:56:00,0.7659601,0.7635597,0.7765268,0.7696618,0.77338743,0.7855215,0.76569647,0.7850153,0.77955025,0.7857472,0.77607435
2025-01-01 03:57:00,0.7659585,0.76356673,0.7765403,0.76967543,0.7733973,0.78552306,0.7656889,0.7850042,0.77954066,0.7857439,0.77607954
2025-01-01 03:58:00,0.76595664,0.7635735,0.7765536,0.76968884,0.77340674,0.7855242,0.76568115,0.78499264,0.7795307,0.7857403,0.7760845
2025-01-01 03:59:00,0.7659546,0.76358014,0.7765665,0.7697022,0.7734158,0.78552496,0.7656731,0.78498083,0.7795205,0.7857365,0.77608925
2025-01-01 04:00:00,0.7665343,0.76411366,0.7772706,0.77000755,0.7741682,0.78626686,0.76599896,0.78559846,0.7802189,0.78634155,0.7766063
2025-01-01 04:01:00,0.7669976,0.7645417,0.7778363,0.77025443,0.77477163,0.78686017,0.7662578,0.78608996,0.7807754,0.7868247,0.7770208
2025-01-01 04:02:00,0.7673677,0.76488537,0.7782913,0.77045447,0.7752559,0.7873347,0.7664632,0.78648055,0.78121835,0.7872103,0.77735317
2025-01-01 04:03:00,0.7676633,0.7651616,0.7786577,0.77061695,0.77564484,0.7877141,0.76662564,0.7867904,0.78157043,0.7875179,0.77761996
2025-01-01 04:04:00,0.7678993,0.7653837,0.7789532,0.77074945,0.77595747,0.78801745,0.76675385,0.7870357,0.78184986,0.7877631,0.7778342
2025-01-01 04:05:00,0.7680877,0.7655628,0.77919203,0.770858,0.77620906,0.78825986,0.76685464,0.78722936,0.7820711,0.7879584,0.7780065
2025-01-01 04:06:00,0.7682379,0.76570725,0.77938557,0.7709473,0.77641183,0.7884536,0.7669334,0.78738165,0.78224593,0.7881138,0.7781452
2025-01-01 04:07:00,0.76835763,0.76582414,0.77954274,0.77102125,0.77657545,0.7886084,0.7669946,0.78750086,0.7823836,0.78823715,0.7782571
2025-01-01 04:08:00,0.768453,0.7659189,0.779671,0.77108294,0.7767078,0.78873193,0.7670417,0.78759366,0.7824915,0.7883351,0.77834743
2025-01-01 04:09:00,0.7685289,0.76599604,0.77977604,0.7711348,0.7768152,0.7888305,0.76707757,0.7876653,0.78257555,0.7884125,0.7784207
2025-01-01 04:10:00,0.76858914,0.76605904,0.7798625,0.7711788,0.7769025,0.78890914,0.7671044,0.78772,0.78264064,0.78847367,0.7784802
2025-01-01 04:11:00,0.76863694,0.7661108,0.77993417,0.77121645,0.7769737,0.7889717,0.76712406,0.7877612,0.7826905,0.78852177,0.77852875
2025-01-01 04:12:00,0.76867485,0.76615345,0.77999395,0.7712491,0.77703214,0.78902155,0.7671379,0.7877915,0.7827282,0.78855944,0.77856857
2025-01-01 04:13:00,0.7687047,0.766189,0.7800442,0.77127767,0.7770803,0.78906107,0.76714706,0.7878131,0.78275615,0.7885888,0.77860135
2025-01-01 04:14:00,0.7687283,0.7662187,0.7800869,0.771303,0.7771202,0.7890924,0.76715255,0.7878278,0.78277636,0.78861153,0.7786285
2025-01-01 04:15:00,0.76874685,0.76624393,0.78012353,0.77132577,0.77715355,0.78911716,0.767155,0.7878369,0.78279036,0.78862894,0.77865124
2025-01-01 04:16:00,0.7687613,0.76626545,0.7801553,0.77134645,0.77718157,0.7891366,0.7671551,0.7878417,0.7827993,0.7886421,0.77867043
2025-01-01 04:17:00,0.76877254,0.766284,0.78018314,0.77136546,0.77720535,0.7891518,0.76715326,0.7878428,0.78280437,0.7886519,0.77868676
2025-01-01 04:18:00,0.76878124,0.76630026,0.7802079,0.7713831,0.77722573,0.7891636,0.76714987,0.78784114,0.7828063,0.7886589,0.7787008
2025-01-01 04:19:00,0.76878786,0.7663147,0.78023016,0.77139974,0.7772434,0.7891727,0.7671453,0.78783715,0.7828057,0.78866386,0.7787131
2025-01-01 04:20:00,0.76879287,0.7663276,0.78025055,0.77141553,0.7772588,0.7891796,0.7671397,0.7878313,0.782803,0.78866714,0.77872396
2025-01-01 04:21:00,0.7687966,0.7663394,0.78026927,0.7714305,0.7772725,0.78918475,0.76713324,0.7878241,0.78279877,0.788669,0.7787337
2025-01-01 04:22:00,0.7687993,0.76635027,0.7802868,0.771445,0.77728474,0.78918844,0.76712614,0.7878157,0.7827932,0.7886698,0.77874255
2025-01-01 04:23:00,0.7688012,0.76636034,0.7803033,0.77145904,0.7772959,0.78919095,0.7671185,0.7878063,0.78278667,0.7886698,0.77875066
2025-01-01 04:24:00,0.7688025,0.7663699,0.78031904,0.7714727,0.7773061,0.78919256,0.76711047,0.7877962,0.7827793,0.7886691,0.7787583
2025-01-01 04:25:00,0.7688033,0.76637894,0.78033406,0.7714861,0.7773155,0.7891934,0.76710206,0.78778553,0.7827713,0.7886679,0.7787654
2025-01-01 04:26:00,0.76880366,0.7663877,0.78034866,0.7714992,0.7773244,0.78919363,0.76709336,0.7877743,0.78276277,0.7886663,0.7787722
2025-01-01 04:27:00,0.7688038,0.7663961,0.7803628,0.77151215,0.77733266,0.78919333,0.7670844,0.7877628,0.78275394,0.7886644,0.77877873
2025-01-01 04:28:00,0.76880366,0.7664044,0.7803766,0.7715249,0.7773406,0.7891927,0.7670753,0.7877509,0.7827447,0.7886622,0.7787851
2025-01-01 04:29:00,0.76880336,0.7664125,0.7803902,0.77153754,0.77734816,0.7891916,0.767066,0.78773874,0.7827352,0.7886599,0.7787913
2025-01-01 04:30:00,0.7693953,0.7669198,0.78107524,0.77175844,0.7780506,0.78985536,0.76732785,0.78825605,0.7833322,0.78914607,0.77919614
2025-01-01 04:31:00,0.7698687,0.76732713,0.7816258,0.7719376,0.77861375,0.7903859,0.76753527,0.7886674,0.78380775,0.7895344,0.7795211
2025-01-01 04:32:00,0.7702472,0.7676545,0.7820688,0.7720833,0.7790655,0.79080975,0.7676992,0.7889938,0.78418607,0.7898445,0.7797823
2025-01-01 04:33:00,0.77054995,0.767918,0.78242576,0.77220225,0.7794281,0.79114836,0.7678283,0.7892522,0.7844867,0.790092,0.77999234
2025-01-01 04:34:00,0.770792,0.7681303,0.78271383,0.7722998,0.77971935,0.7914187,0.7679296,0.78945637,0.7847252,0.7902895,0.78016156
2025-01-01 04:35:00,0.77098554,0.76830167,0.78294677,0.77238035,0.7799536,0.7916344,0.76800853,0.78961706,0.78491396,0.79044694,0.7802982
2025-01-01 04:36:00,0.77114016,0.7684403,0.7831357,0.7724471,0.7801421,0.7918064,0.7680697,0.789743,0.7850629,0.79057235,0.7804086
2025-01-01 04:37:00,0.77126384,0.76855284,0.78328943,0.77250284,0.7802941,0.7919434,0.76811653,0.7898411,0.78518,0.7906721,0.78049815
2025-01-01 04:38:00,0.77136266,0.7686444,0.7834149,0.77254987,0.78041685,0.79205245,0.76815194,0.789917,0.7852717,0.79075146,0.78057104
2025-01-01 04:39:00,0.77144164,0.76871926,0.7835178,0.77258986,0.78051627,0.7921391,0.7681782,0.7899751,0.78534305,0.7908144,0.7806306
2025-01-01 04:40:00,0.77150476,0.76878077,0.7836027,0.7726242,0.78059685,0.79220784,0.7681972,0.790019,0.7853981,0.7908643,0.78067946
2025-01-01 04:41:00,0.77155524,0.76883155,0.78367317,0.772654,0.7806625,0.7922622,0.76821023,0.79005146,0.78544015,0.7909037,0.7807198
2025-01-01 04:42:00,0.77159554,0.76887375,0.7837321,0.7726803,0.7807161,0.79230505,0.7682186,0.7900748,0.7854718,0.79093474,0.7807533
2025-01-01 04:43:00,0.7716277,0.76890916,0.78378177,0.7727036,0.7807601,0.79233867,0.76822317,0.79009086,0.7854951,0.7909591,0.7807814
2025-01-01 04:44:00,0.77165353,0.76893914,0.7838241,0.7727246,0.7807964,0.79236495,0.7682247,0.79010105,0.78551185,0.7909782,0.7808052
2025-01-01 04:45:00,0.7716741,0.76896477,0.7838605,0.77274376,0.7808265,0.7923853,0.7682239,0.7901066,0.78552324,0.79099303,0.7808255
2025-01-01 04:46:00,0.7716906,0.7689869,0.7838923,0.77276146,0.78085166,0.79240084,0.768221,0.79010844,0.78553045,0.7910044,0.780843
2025-01-01 04:47:00,0.7717038,0.76900625,0.78392017,0.7727779,0.7808729,0.7924127,0.76821667,0.79010725,0.78553426,0.7910132,0.78085834
2025-01-01 04:48:00,0.7717143,0.7690234,0.7839451,0.7727934,0.7808908,0.7924214,0.76821107,0.79010373,0.78553534,0.7910198,0.7808719
2025-01-01 04:49:00,0.7717228,0.76903886,0.7839676,0.7728081,0.78090626,0.7924277,0.76820445,0.79009825,0.7855343,0.7910246,0.7808841
2025-01-01 04:50:00,0.7717297,0.76905286,0.7839882,0.7728222,0.7809197,0.792432,0.76819706,0.7900913,0.78553146,0.79102814,0.7808952
2025-01-01 04:51:00,0.77173525,0.76906574,0.7840072,0.77283573,0.7809314,0.79243475,0.76818895,0.7900831,0.78552735,0.79103065,0.7809054
2025-01-01 04:52:00,0.7717397,0.7690778,0.78402495,0.7728489,0.7809418,0.7924362,0.7681803,0.79007393,0.7855221,0.79103225,0.7809149
2025-01-01 04:53:00,0.7717434,0.76908916,0.7840418,0.7728618,0.7809511,0.7924366,0.76817125,0.79006404,0.785516,0.7910332,0.78092396
2025-01-01 04:54:00,0.77174646,0.7691,0.78405786,0.7728744,0.7809595,0.7924362,0.7681618,0.7900534,0.7855092,0.7910336,0.78093255
2025-01-01 04:55:00,0.771749,0.7691104,0.7840733,0.7728867,0.78096724,0.79243505,0.76815206,0.7900424,0.785502,0.7910336,0.7809408
2025-01-01 04:56:00,0.77175117,0.7691204,0.7840882,0.7728989,0.7809743,0.7924334,0.7681421,0.79003096,0.78549427,0.7910333,0.78094876
2025-01-01 04:57:00,0.771753,0.7691301,0.78410274,0.7729109,0.780981,0.79243124,0.7681319,0.7900191,0.7854863,0.7910328,0.7809565
2025-01-01 04:58:00,0.7717546,0.76913965,0.7841169,0.77292275,0.78098726,0.79242873,0.76812166,0.79000705,0.785478,0.7910321,0.7809642
2025-01-01 04:59:00,0.771756,0.76914907,0.78413093,0.7729345,0.7809932,0.7924259,0.76811117,0.78999484,0.78546953,0.79103124,0.7809717
2025-01-01 05:00:00,0.7723496,0.7696212,0.78478473,0.7730672,0.7816331,0.7929998,0.7683043,0.7904027,0.78595436,0.79139006,0.78125715
2025-01-01 05:01:00,0.77282465,0.7700007,0.7853104,0.7731755,0.7821459,0.79345804,0.76845664,0.79072636,0.7863404,0.7916769,0.781487
2025-01-01 05:02:00,0.77320486,0.77030605,0.78573346,0.77326447,0.78255713,0.79382384,0.76857626,0.7909828,0.78664744,0.79190606,0.7816723
2025-01-01 05:03:00,0.7735092,0.77055216,0.7860745,0.77333784,0.7828869,0.79411554,0.7686697,0.79118526,0.7868912,0.7920892,0.78182197
2025-01-01 05:04:00,0.7737529,0.7707509,0.78635,0.7733988,0.7831516,0.7943481,0.76874226,0.7913446,0.7870844,0.7922355,0.78194326
2025-01-01 05:05:00,0.77394813,0.77091163,0.78657293,0.77344984,0.7833643,0.79453325,0.76879805,0.7914695,0.78723717,0.79235226,0.7820417
2025-01-01 05:06:00,0.7741045,0.77104205,0.78675395,0.7734929,0.78353524,0.7946805,0.76884043,0.7915668,0.78735757,0.79244554,0.78212196
2025-01-01 05:07:00,0.7742299,0.77114826,0.78690135,0.7735295,0.78367287,0.79479736,0.7688721,0.79164207,0.7874521,0.79252,0.7821877
2025-01-01 05:08:00,0.7743304,0.771235,0.7870219,0.773561,0.78378385,0.7948899,0.76889515,0.7916997,0.78752595,0.7925793,0.7822418
2025-01-01 05:09:00,0.7744111,0.7713063,0.7871209,0.7735885,0.78387344,0.79496306,0.76891136,0.7917432,0.7875833,0.7926267,0.7822866
2025-01-01 05:10:00,0.7744759,0.77136517,0.7872027,0.77361256,0.7839459,0.79502064,0.76892203,0.7917754,0.78762734,0.7926644,0.7823239
2025-01-01 05:11:00,0.774528,0.7714141,0.7872708,0.7736341,0.7840047,0.7950658,0.76892835,0.7917986,0.78766084,0.7926944,0.7823553
2025-01-01 05:12:00,0.7745701,0.7714551,0.7873278,0.7736535,0.7840525,0.7951009,0.7689311,0.79181457,0.78768593,0.7927183,0.782382
2025-01-01 05:13:00,0.774604,0.7714898,0.7873761,0.7736712,0.78409153,0.7951281,0.768931,0.7918247,0.7877042,0.7927373,0.7824049
2025-01-01 05:14:00,0.7746315,0.7715195,0.78741735,0.77368754,0.78412354,0.79514885,0.76892865,0.7918303,0.78771716,0.7927524,0.78242475
2025-01-01 05:15:00,0.7746538,0.7715451,0.7874529,0.77370274,0.78414994,0.7951644,0.7689244,0.79183215,0.7877258,0.7927644,0.7824422
2025-01-01 05:16:00,0.774672,0.7715675,0.787484,0.7737171,0.78417176,0.7951759,0.76891875,0.7918311,0.787731,0.7927739,0.7824578
2025-01-01 05:17:00,0.7746869,0.7715874,0.7875115,0.77373075,0.78419,0.7951841,0.76891196,0.7918276,0.78773344,0.7927814,0.7824719
2025-01-01 05:18:00,0.77469915,0.77160513,0.7875361,0.7737438,0.78420526,0.7951896,0.7689042,0.79182225,0.7877337,0.7927874,0.7824847
2025-01-01 05:19:00,0.77470934,0.7716213,0.78755844,0.7737564,0.7842182,0.7951931,0.7688956,0.7918154,0.78773224,0.7927921,0.7824966
2025-01-01 05:20:00,0.7747179,0.7716361,0.7875789,0.7737686,0.7842293,0.79519475,0.7688865,0.79180735,0.7877294,0.7927959,0.7825077
2025-01-01 05:21:00,0.7747252,0.77165,0.78759784,0.7737805,0.7842388,0.795195,0.7688769,0.79179835,0.7877254,0.7927989,0.78251827
2025-01-01 05:22:00,0.7747314,0.77166295,0.7876156,0.77379215,0.78424716,0.7951942,0.76886684,0.7917886,0.78772056,0.79280126,0.78252834
2025-01-01 05:23:00,0.7747368,0.77167535,0.78763247,0.7738036,0.7842545,0.7951925,0.76885647,0.7917782,0.7877151,0.79280317,0.78253806
2025-01-01 05:24:00,0.7747416,0.7716872,0.7876486,0.77381486,0.784261,0.79519,0.7688458,0.7917673,0.787709,0.79280466,0.7825475
2025-01-01 05:25:00,0.7747458,0.77169865,0.7876641,0.77382594,0.7842668,0.79518694,0.76883495,0.7917561,0.7877025,0.7928059,0.7825567
2025-01-01 05:26:00,0.7747497,0.7717098,0.78767914,0.7738369,0.7842722,0.79518336,0.76882386,0.79174453,0.7876957,0.7928069,0.7825657
2025-01-01 05:27:00,0.7747532,0.7717207,0.78769374,0.7738478,0.7842771,0.79517937,0.76881266,0.79173267,0.7876887,0.79280776,0.7825746
2025-01-01 05:28:00,0.77475655,0.77173144,0.7877081,0.7738586,0.7842816,0.79517514,0.76880133,0.7917207,0.7876814,0.79280853,0.7825834
2025-01-01 05:29:00,0.77475965,0.771742,0.78772223,0.7738693,0.78428584,0.79517055,0.76878995,0.7917086,0.787674,0.7928092,0.7825922
2025-01-01 05:30:00,0.7753442,0.77217036,0.788333,0.77391124,0.7848516,0.7956442,0.7689109,0.7919996,0.788038,0.793034,0.78275317
2025-01-01 05:31:00,0.7758123,0.7725151,0.78882426,0.7739469,0.78530484,0.79602194,0.76900524,0.7922299,0.78832763,0.7932139,0.7828837
2025-01-01 05:32:00,0.77618736,0.77279294,0.78921986,0.77397746,0.785668,0.796323,0.7690784,0.79241157,0.78855777,0.79335797,0.7829898
2025-01-01 05:33:00,0.77648795,0.7730172,0.789539,0.7740039,0.78595906,0.7965627,0.7691345,0.7925544,0.7887403,0.79347336,0.78307647
2025-01-01 05:34:00,0.7767289,0.77319866,0.7897969,0.7740271,0.7861925,0.7967532,0.76917696,0.79266614,0.78888476,0.79356575,0.7831475
2025-01-01 05:35:00,0.7769223,0.7733459,0.79000586,0.77404773,0.78637975,0.79690444,0.7692086,0.792753,0.78899884,0.79363984,0.7832061
2025-01-01 05:36:00,0.77707756,0.7734657,0.7901757,0.77406627,0.7865301,0.79702425,0.7692315,0.79281986,0.78908855,0.7936992,0.78325474
2025-01-01 05:37:00,0.7772023,0.7735636,0.79031414,0.77408314,0.7866509,0.7971189,0.7692474,0.7928709,0.78915876,0.7937469,0.78329545
2025-01-01 05:38:00,0.77730274,0.77364403,0.7904275,0.77409863,0.78674805,0.79719335,0.7692577,0.7929092,0.7892134,0.79378515,0.7833298
2025-01-01 05:39:00,0.7773837,0.77371037,0.7905208,0.774113,0.78682625,0.7972517,0.76926357,0.7929373,0.7892557,0.79381603,0.78335905
2025-01-01 05:40:00,0.7774491,0.77376556,0.79059815,0.7741265,0.78688926,0.7972971,0.76926583,0.79295725,0.789288,0.7938409,0.7833842
2025-01-01 05:41:00,0.777502,0.7738118,0.7906626,0.7741393,0.7869402,0.7973322,0.7692652,0.7929707,0.7893123,0.793861,0.7834062
2025-01-01 05:42:00,0.7775449,0.7738509,0.7907167,0.7741515,0.7869814,0.797359,0.76926225,0.792979,0.7893303,0.79387724,0.78342557
2025-01-01 05:43:00,0.77757996,0.7738843,0.79076266,0.77416325,0.7870148,0.7973792,0.7692574,0.79298306,0.78934324,0.79389054,0.7834429
2025-01-01 05:44:00,0.7776087,0.77391315,0.79080206,0.7741746,0.78704196,0.79739404,0.76925117,0.79298383,0.7893521,0.7939014,0.78345853
2025-01-01 05:45:00,0.7776323,0.7739383,0.7908362,0.77418566,0.7870641,0.79740465,0.7692437,0.79298204,0.78935784,0.7939103,0.7834729
2025-01-01 05:46:00,0.7776519,0.7739606,0.79086614,0.77419645,0.78708225,0.7974118,0.7692353,0.79297805,0.78936094,0.7939177,0.78348625
2025-01-01 05:47:00,0.77766824,0.7739805,0.79089266,0.77420706,0.7870971,0.7974162,0.76922613,0.7929724,0.789362,0.7939239,0.7834988
2025-01-01 05:48:00,0.777682,0.77399856,0.79091656,0.77421737,0.78710943,0.7974184,0.76921636,0.79296535,0.7893614,0.79392916,0.7835107
2025-01-01 05:49:00,0.7776938,0.7740151,0.79093826,0.7742276,0.7871197,0.79741883,0.76920605,0.7929572,0.78935957,0.79393363,0.78352207
2025-01-01 05:50:00,0.7777039,0.77403057,0.7909582,0.77423775,0.7871282,0.7974179,0.7691954,0.79294825,0.78935665,0.7939375,0.78353304
2025-01-01 05:51:00,0.7777127,0.7740451,0.7909768,0.77424777,0.7871354,0.7974157,0.7691844,0.79293853,0.78935295,0.79394096,0.7835437
2025-01-01 05:52:00,0.7777205,0.7740589,0.7909943,0.77425766,0.78714156,0.7974126,0.7691731,0.7929284,0.78934866,0.79394406,0.78355414
2025-01-01 05:53:00,0.77772754,0.77407205,0.7910109,0.7742675,0.7871468,0.7974087,0.7691616,0.7929177,0.7893438,0.7939468,0.7835644
2025-01-01 05:54:00,0.7777339,0.77408475,0.7910268,0.7742772,0.7871513,0.7974042,0.7691499,0.79290676,0.7893385,0.7939494,0.78357446
2025-01-01 05:55:00,0.7777398,0.77409714,0.79104215,0.77428687,0.7871552,0.7973992,0.76913804,0.7928955,0.789333,0.79395187,0.7835845
2025-01-01 05:56:00,0.77774525,0.7741092,0.791057,0.7742965,0.7871586,0.79739386,0.7691262,0.79288405,0.78932726,0.7939542,0.7835944
2025-01-01 05:57:00,0.7777505,0.77412105,0.7910715,0.77430606,0.78716165,0.7973882,0.7691141,0.79287237,0.7893213,0.7939564,0.78360426
2025-01-01 05:58:00,0.7777555,0.7741327,0.7910857,0.77431554,0.78716433,0.7973822,0.7691019,0.7928606,0.7893152,0.7939586,0.7836141
2025-01-01 05:59:00,0.77776027,0.7741443,0.7910997,0.774325,0.7871668,0.797376,0.76908976,0.7928488,0.7893091,0.79396075,0.78362393
2025-01-01 06:00:00,0.7783254,0.7745214,0.79165673,0.7742755,0.78764844,0.797741,0.76913637,0.7930179,0.7895457,0.7940477,0.78365755
2025-01-01 06:01:00,0.7787784,0.7748253,0.79210496,0.77423763,0.7880341,0.7980315,0.7691711,0.7931507,0.7897338,0.7941177,0.78368646
2025-01-01 06:02:00,0.7791416,0.77507055,0.7924661,0.77420926,0.7883428,0.79826254,0.7691965,0.79325455,0.78988296,0.7941741,0.7837115
2025-01-01 06:03:00,0.779433,0.77526903,0.7927577,0.77418834,0.78858995,0.7984459,0.7692142,0.7933352,0.79000103,0.79421973,0.78373355
2025-01-01 06:04:00,0.779667,0.7754301,0.79299355,0.7741734,0.78878796,0.79859096,0.76922596,0.79339725,0.7900942,0.7942566,0.78375316
2025-01-01 06:05:00,0.77985513,0.77556115,0.7931848,0.77416325,0.7889465,0.79870564,0.7692328,0.79344445,0.7901675,0.79428667,0.7837708
2025-01-01 06:06:00,0.7800065,0.7756682,0.7933404,0.77415687,0.7890735,0.7987958,0.7692358,0.79347986,0.79022485,0.79431117,0.78378695
2025-01-01 06:07:00,0.7801286,0.7757561,0.79346746,0.7741536,0.78917533,0.7988665,0.7692356,0.7935057,0.79026955,0.79433125,0.7838019
2025-01-01 06:08:00,0.7802271,0.7758288,0.79357177,0.77415276,0.78925693,0.79892147,0.7692329,0.7935241,0.79030406,0.7943478,0.7838159
2025-01-01 06:09:00,0.78030694,0.7758891,0.7936577,0.7741538,0.7893223,0.798964,0.76922834,0.7935363,0.79033047,0.79436165,0.7838291
2025-01-01 06:10:00,0.78037167,0.7759397,0.7937291,0.77415645,0.7893748,0.79899645,0.769222,0.7935437,0.79035044,0.7943732,0.7838416
2025-01-01 06:11:00,0.7804245,0.77598244,0.79378885,0.77416027,0.78941697,0.7990208,0.7692145,0.7935472,0.7903652,0.79438305,0.78385377
2025-01-01 06:12:00,0.7804676,0.77601886,0.7938392,0.7741651,0.78945076,0.7990388,0.7692059,0.79354763,0.7903758,0.79439145,0.7838655
2025-01-01 06:13:00,0.7805031,0.7760503,0.7938821,0.7741707,0.78947794,0.79905164,0.7691965,0.79354554,0.79038316,0.7943987,0.7838769
2025-01-01 06:14:00,0.7805325,0.7760778,0.7939189,0.7741769,0.78949976,0.79906034,0.7691865,0.79354155,0.79038787,0.79440516,0.7838881
2025-01-01 06:15:00,0.780557,0.77610207,0.793951,0.7741836,0.7895173,0.7990657,0.7691759,0.79353595,0.79039055,0.7944108,0.7838991
2025-01-01 06:16:00,0.7805776,0.77612376,0.7939792,0.77419055,0.7895314,0.79906845,0.7691649,0.79352915,0.7903915,0.794416,0.78391
2025-01-01 06:17:00,0.7805951,0.77614343,0.79400444,0.77419794,0.7895427,0.799069,0.7691535,0.79352134,0.79039115,0.7944207,0.7839208
2025-01-01 06:18:00,0.7806102,0.77616155,0.7940271,0.77420545,0.7895518,0.79906774,0.76914185,0.7935127,0.79038966,0.7944252,0.7839315
2025-01-01 06:19:00,0.78062326,0.77617824,0.79404783,0.7742132,0.7895591,0.79906523,0.76913,0.79350346,0.79038745,0.79442936,0.78394216
2025-01-01 06:20:00,0.78063476,0.77619404,0.794067,0.77422106,0.7895651,0.79906154,0.7691179,0.7934937,0.7903846,0.7944333,0.78395283
2025-01-01 06:21:00,0.780645,0.776209,0.7940849,0.774229,0.7895698,0.799057,0.7691057,0.79348356,0.7903812,0.79443717,0.78396344
2025-01-01 06:22:00,0.78065425,0.77622324,0.7941018,0.774237,0.7895736,0.7990517,0.76909333,0.79347306,0.7903774,0.7944409,0.78397405
2025-01-01 06:23:00,0.7806628,0.776237,0.7941178,0.774245,0.78957665,0.7990458,0.76908094,0.79346234,0.79037327,0.79444456,0.78398466
2025-01-01 06:24:00,0.78067064,0.77625036,0.79413325,0.7742531,0.78957903,0.7990394,0.7690684,0.7934514,0.7903689,0.7944482,0.7839953
2025-01-01 06:25:00,0.7806781,0.77626336,0.79414815,0.7742611,0.7895809,0.7990326,0.76905584,0.7934404,0.7903644,0.7944518,0.7840059
2025-01-01 06:26:00,0.7806851,0.7762762,0.79416263,0.7742692,0.7895824,0.79902554,0.7690432,0.79342926,0.79035974,0.79445535,0.7840165
2025-01-01 06:27:00,0.78069186,0.7762888,0.79417676,0.7742773,0.7895835,0.79901814,0.7690305,0.793418,0.790355,0.794459,0.7840271
2025-01-01 06:28:00,0.7806984,0.77630126,0.79419065,0.7742854,0.78958434,0.7990106,0.7690178,0.7934067,0.7903502,0.7944626,0.7840378
2025-01-01 06:29:00,0.7807048,0.77631354,0.79420424,0.77429336,0.78958493,0.7990028,0.76900506,0.7933954,0.7903454,0.7944662,0.78404856
2025-01-01 06:30:00,0.7812404,0.7766326,0.7946975,0.7741533,0.7899739,0.7992527,0.7689765,0.7934394,0.7904505,0.7944136,0.7839542
2025-01-01 06:31:00,0.78167003,0.7768902,0.79509467,0.77404284,0.79028505,0.7994508,0.7689511,0.79347235,0.79053366,0.7943723,0.78388095
2025-01-01 06:32:00,0.7820149,0.7770988,0.7954149,0.773956,0.7905338,0.7996076,0.76892823,0.7934964,0.79059917,0.79434,0.7838245
2025-01-01 06:33:00,0.78229195,0.77726793,0.7956736,0.7738881,0.7907327,0.79973125,0.7689073,0.7935134,0.79065067,0.794315,0.7837815
2025-01-01 06:34:00,0.7825148,0.77740574,0.7958832,0.77383536,0.79089165,0.79982847,0.76888794,0.7935247,0.7906909,0.7942958,0.78374934
2025-01-01 06:35:00,0.78269434,0.77751833,0.7960533,0.77379465,0.7910187,0.79990447,0.76886994,0.7935314,0.7907221,0.7942812,0.7837258
2025-01-01 06:36:00,0.7828391,0.7776108,0.79619193,0.7737636,0.79112023,0.79996353,0.7688529,0.79353464,0.79074615,0.79427034,0.7837091
2025-01-01 06:37:00,0.7829562,0.77768713,0.79630536,0.7737403,0.7912012,0.80000895,0.7688367,0.79353493,0.7907645,0.79426247,0.7836981
2025-01-01 06:38:00,0.78305113,0.7777507,0.79639864,0.7737232,0.79126585,0.8000435,0.7688211,0.79353285,0.7907783,0.79425704,0.7836914
2025-01-01 06:39:00,0.7831283,0.77780396,0.79647577,0.7737109,0.79131734,0.80006933,0.76880604,0.7935289,0.79078835,0.7942536,0.7836883
2025-01-01 06:40:00,0.78319126,0.77784896,0.79654,0.7737026,0.79135835,0.8000882,0.76879144,0.7935236,0.79079556,0.7942517,0.78368807
2025-01-01 06:41:00,0.78324294,0.77788746,0.79659384,0.7736975,0.79139096,0.8001015,0.76877713,0.79351705,0.79080045,0.794251,0.7836901
2025-01-01 06:42:00,0.78328556,0.7779206,0.7966395,0.7736949,0.7914168,0.80011034,0.76876307,0.7935096,0.7908035,0.7942513,0.78369397
2025-01-01 06:43:00,0.7833209,0.7779496,0.7966785,0.77369416,0.79143727,0.8001156,0.76874924,0.79350144,0.7908051,0.7942525,0.7836993
2025-01-01 06:44:00,0.78335047,0.7779752,0.7967122,0.7736951,0.79145336,0.80011797,0.7687355,0.7934927,0.7908055,0.79425436,0.7837058
2025-01-01 06:45:00,0.78337544,0.77799815,0.7967417,0.77369726,0.791466,0.80011797,0.768722,0.7934835,0.79080504,0.7942568,0.7837133
2025-01-01 06:46:00,0.7833967,0.77801895,0.7967678,0.7737004,0.79147583,0.8001162,0.7687086,0.7934739,0.7908038,0.7942596,0.7837215
2025-01-01 06:47:00,0.7834151,0.778038,0.7967911,0.7737044,0.7914834,0.8001129,0.76869524,0.793464,0.79080206,0.7942628,0.7837303
2025-01-01 06:48:00,0.7834311,0.7780558,0.7968122,0.77370894,0.7914892,0.8001084,0.7686819,0.79345393,0.7907998,0.79426634,0.7837397
2025-01-01 06:49:00,0.78344524,0.7780724,0.7968316,0.773714,0.7914935,0.80010283,0.7686686,0.79344374,0.7907973,0.7942701,0.7837495
2025-01-01 06:50:00,0.78345793,0.7780882,0.7968496,0.77371943,0.7914966,0.8000966,0.7686554,0.79343337,0.79079443,0.7942741,0.7837596
2025-01-01 06:51:00,0.78346944,0.77810335,0.7968665,0.77372515,0.7914988,0.80008966,0.76864225,0.79342294,0.7907914,0.79427826,0.78377
2025-01-01 06:52:00,0.78348005,0.7781179,0.7968825,0.7737311,0.79150015,0.8000822,0.7686291,0.7934124,0.79078823,0.7942826,0.78378063
2025-01-01 06:53:00,0.7834899,0.77813196,0.7968977,0.7737372,0.7915009,0.8000744,0.7686159,0.7934018,0.79078496,0.7942871,0.7837914
2025-01-01 06:54:00,0.7834992,0.77814573,0.79691243,0.77374345,0.7915012,0.8000662,0.7686028,0.7933911,0.7907816,0.79429173,0.7838024
2025-01-01 06:55:00,0.783508,0.77815926,0.79692656,0.7737498,0.79150105,0.8000577,0.7685897,0.7933805,0.7907782,0.7942964,0.7838134
2025-01-01 06:56:00,0.78351647,0.7781726,0.7969404,0.77375627,0.79150057,0.80004895,0.76857656,0.7933698,0.79077476,0.79430115,0.7838246
2025-01-01 06:57:00,0.78352463,0.77818567,0.79695386,0.7737627,0.7914998,0.8000401,0.76856345,0.7933592,0.7907713,0.79430604,0.7838359
2025-01-01 06:58:00,0.7835326,0.77819866,0.79696715,0.77376914,0.79149866,0.800031,0.76855034,0.79334855,0.7907679,0.794311,0.78384715
2025-01-01 06:59:00,0.7835405,0.7782116,0.79698014,0.77377564,0.7914974,0.8000218,0.7685373,0.7933379,0.79076445,0.79431605,0.7838586
2025-01-01 07:00:00,0.784037,0.77846694,0.79740083,0.77354765,0.7917868,0.8001521,0.76843405,0.7932561,0.7907362,0.79412496,0.78363806
2025-01-01 07:01:00,0.7844357,0.77867377,0.79773986,0.7733665,0.7920178,0.80025434,0.7683488,0.7931886,0.7907129,0.7939732,0.783464
2025-01-01 07:02:00,0.7847562,0.7788418,0.79801345,0.773223,0.79220223,0.80033416,0.768278,0.7931324,0.7906936,0.79385287,0.78332716
2025-01-01 07:03:00,0.785014,0.77897865,0.79823476,0.7731093,0.7923493,0.800396,0.7682188,0.79308546,0.79067755,0.79375774,0.78322
2025-01-01 07:04:00,0.78522176,0.77909064,0.7984143,0.7730197,0.79246646,0.8004436,0.76816875,0.7930457,0.7906641,0.7936827,0.78313667
2025-01-01 07:05:00,0.7853895,0.7791828,0.79856026,0.7729492,0.79255974,0.8004796,0.7681261,0.7930119,0.7906527,0.7936238,0.7830723
2025-01-01 07:06:00,0.78552514,0.77925897,0.7986795,0.772894,0.79263383,0.80050635,0.76808935,0.79298276,0.790643,0.79357785,0.78302324
2025-01-01 07:07:00,0.7856352,0.7793225,0.7987772,0.7728511,0.7926926,0.8005258,0.7680574,0.79295737,0.79063463,0.7935422,0.78298634
2025-01-01 07:08:00,0.78572476,0.77937585,0.7988579,0.772818,0.7927391,0.8005393,0.76802915,0.792935,0.7906273,0.7935149,0.7829592
2025-01-01 07:09:00,0.78579795,0.77942103,0.7989248,0.77279276,0.79277575,0.8005481,0.76800394,0.7929151,0.7906209,0.7934942,0.7829399
2025-01-01 07:10:00,0.78585804,0.7794597,0.7989808,0.77277374,0.7928046,0.8005531,0.7679812,0.7928971,0.7906153,0.7934788,0.7829268
2025-01-01 07:11:00,0.7859076,0.7794932,0.7990279,0.7727597,0.79282707,0.80055505,0.7679603,0.7928807,0.79061025,0.7934677,0.7829188
2025-01-01 07:12:00,0.7859489,0.77952254,0.79906803,0.7727496,0.7928445,0.8005546,0.767941,0.7928656,0.79060566,0.79346,0.7829147
2025-01-01 07:13:00,0.7859835,0.7795486,0.7991025,0.77274275,0.7928579,0.80055207,0.76792294,0.7928514,0.7906015,0.79345506,0.7829139
2025-01-01 07:14:00,0.7860127,0.7795719,0.79913235,0.77273834,0.79286796,0.8005481,0.7679059,0.7928381,0.7905976,0.7934523,0.78291565
2025-01-01 07:15:00,0.78603774,0.7795931,0.7991587,0.77273595,0.79287547,0.80054283,0.7678896,0.7928254,0.79059404,0.79345137,0.78291947
2025-01-01 07:16:00,0.7860593,0.77961266,0.7991821,0.77273524,0.7928808,0.8005365,0.76787394,0.7928132,0.79059064,0.79345185,0.7829249
2025-01-01 07:17:00,0.7860782,0.77963084,0.7992032,0.7727357,0.79288447,0.80052936,0.7678588,0.7928015,0.7905875,0.79345345,0.7829316
2025-01-01 07:18:00,0.7860949,0.7796479,0.7992224,0.7727372,0.7928868,0.80052155,0.7678441,0.7927902,0.79058456,0.793456,0.78293955
2025-01-01 07:19:00,0.7861099,0.77966416,0.7992402,0.7727395,0.792888,0.8005132,0.76782966,0.79277915,0.7905817,0.7934594,0.78294826
2025-01-01 07:20:00,0.7861236,0.7796797,0.7992567,0.7727425,0.7928883,0.80050445,0.76781553,0.7927683,0.79057896,0.79346335,0.7829577
2025-01-01 07:21:00,0.78613615,0.77969474,0.79927224,0.77274597,0.79288787,0.8004953,0.7678016,0.7927577,0.79057634,0.7934678,0.7829676
2025-01-01 07:22:00,0.7861479,0.7797093,0.7992871,0.7727498,0.7928868,0.8004859,0.7677878,0.79274726,0.79057384,0.79347265,0.782978
2025-01-01 07:23:00,0.78615886,0.7797235,0.7993012,0.7727539,0.79288536,0.80047625,0.7677742,0.79273695,0.79057145,0.79347783,0.7829888
2025-01-01 07:24:00,0.78616935,0.7797374,0.79931486,0.7727582,0.79288346,0.80046636,0.7677607,0.79272676,0.7905691,0.79348326,0.7829999
2025-01-01 07:25:00,0.7861794,0.7797512,0.7993281,0.77276266,0.79288125,0.80045635,0.7677472,0.7927167,0.79056686,0.79348904,0.7830112
2025-01-01 07:26:00,0.7861892,0.7797647,0.799341,0.7727673,0.79287875,0.80044615,0.7677339,0.79270667,0.79056466,0.79349494,0.7830227
2025-01-01 07:27:00,0.7861987,0.7797781,0.7993537,0.772772,0.79287606,0.8004359,0.7677205,0.7926968,0.79056257,0.793501,0.7830344
2025-01-01 07:28:00,0.78620803,0.7797915,0.7993661,0.7727768,0.7928731,0.8004255,0.7677073,0.792687,0.79056054,0.7935073,0.78304625
2025-01-01 07:29:00,0.7862172,0.77980465,0.79937834,0.7727816,0.79287,0.8004151,0.76769406,0.7926772,0.7905586,0.7935136,0.78305817
2025-01-01 07:30:00,0.78666586,0.7799918,0.79971904,0.7724695,0.79305464,0.8004234,0.767518,0.792471,0.79039735,0.7931874,0.7827153
2025-01-01 07:31:00,0.7870266,0.78014416,0.7999938,0.7722208,0.7932016,0.80042785,0.7673745,0.7923042,0.7902681,0.79292774,0.78244346
2025-01-01 07:32:00,0.78731686,0.78026867,0.80021596,0.7720228,0.79331833,0.8004292,0.76725715,0.79216886,0.79016435,0.79272145,0.7822285
2025-01-01 07:33:00,0.7875508,0.7803708,0.80039597,0.77186537,0.79341096,0.8004281,0.76716065,0.7920587,0.7900811,0.79255784,0.7820591
2025-01-01 07:34:00,0.7877397,0.7804551,0.80054224,0.7717403,0.7934843,0.80042505,0.76708084,0.7919687,0.79001415,0.7924284,0.7819259
2025-01-01 07:35:00,0.78789264,0.7805251,0.8006615,0.77164125,0.7935421,0.80042034,0.7670144,0.79189485,0.7899604,0.79232615,0.78182197
2025-01-01 07:36:00,0.78801674,0.7805838,0.8007592,0.7715629,0.7935875,0.80041444,0.7669586,0.791834,0.78991705,0.79224586,0.78174126
2025-01-01 07:37:00,0.78811777,0.7806332,0.80083954,0.7715011,0.793623,0.80040747,0.7669114,0.7917834,0.7898822,0.79218304,0.7816792
2025-01-01 07:38:00,0.78820044,0.7806755,0.8009061,0.7714526,0.7936505,0.80039966,0.766871,0.79174113,0.78985405,0.7921343,0.78163207
2025-01-01 07:39:00,0.7882683,0.78071177,0.8009616,0.77141464,0.7936717,0.8003912,0.76683605,0.7917055,0.78983134,0.79209673,0.78159684
2025-01-01 07:40:00,0.7883245,0.7807435,0.8010082,0.77138513,0.79368776,0.8003822,0.7668055,0.79167515,0.7898129,0.7920681,0.78157115
2025-01-01 07:41:00,0.7883712,0.7807714,0.80104774,0.7713624,0.79369974,0.8003727,0.7667785,0.7916491,0.78979796,0.7920468,0.78155315
2025-01-01 07:42:00,0.7884105,0.78079635,0.80108166,0.7713451,0.7937084,0.80036294,0.76675427,0.79162645,0.7897858,0.79203117,0.7815413
2025-01-01 07:43:00,0.7884437,0.78081894,0.801111,0.7713321,0.79371446,0.8003529,0.76673234,0.7916066,0.7897759,0.7920202,0.7815343
2025-01-01 07:44:00,0.78847206,0.7808396,0.8011366,0.7713225,0.7937184,0.80034256,0.7667122,0.7915889,0.78976786,0.79201293,0.7815313
2025-01-01 07:45:00,0.7884967,0.78085876,0.8011593,0.7713157,0.7937206,0.800332,0.7666935,0.791573,0.78976125,0.79200864,0.78153133
2025-01-01 07:46:00,0.7885182,0.7808767,0.8011797,0.771311,0.7937214,0.8003213,0.7666759,0.79155844,0.7897558,0.7920068,0.7815339
2025-01-01 07:47:00,0.78853726,0.7808936,0.8011982,0.77130806,0.7937211,0.80031043,0.7666592,0.7915451,0.78975135,0.7920068,0.7815385
2025-01-01 07:48:00,0.7885544,0.78090984,0.8012152,0.7713065,0.79371995,0.8002995,0.76664335,0.7915327,0.7897476,0.79200834,0.78154474
2025-01-01 07:49:00,0.7885699,0.78092533,0.80123097,0.77130604,0.793718,0.8002885,0.766628,0.791521,0.7897445,0.7920112,0.78155226
2025-01-01 07:50:00,0.7885843,0.7809404,0.80124575,0.77130646,0.7937154,0.8002774,0.7666132,0.7915099,0.78974193,0.792015,0.7815608
2025-01-01 07:51:00,0.78859764,0.7809551,0.80125976,0.7713075,0.79371244,0.8002662,0.76659876,0.79149944,0.7897398,0.7920196,0.78157014
2025-01-01 07:52:00,0.78861034,0.7809694,0.8012731,0.77130914,0.793709,0.80025494,0.76658463,0.79148924,0.78973794,0.79202497,0.7815802
2025-01-01 07:53:00,0.7886224,0.78098345,0.8012859,0.77131116,0.7937053,0.8002436,0.76657075,0.7914794,0.78973645,0.79203075,0.7815908
2025-01-01 07:54:00,0.7886339,0.78099734,0.8012983,0.7713135,0.7937013,0.80023223,0.7665571,0.7914698,0.7897352,0.79203707,0.78160185
2025-01-01 07:55:00,0.788645,0.78101104,0.8013104,0.7713161,0.79369706,0.80022085,0.76654357,0.7914605,0.7897342,0.7920437,0.78161323
2025-01-01 07:56:00,0.7886559,0.7810247,0.8013222,0.77131885,0.79369265,0.80020934,0.7665302,0.7914514,0.7897333,0.79205066,0.7816249
2025-01-01 07:57:00,0.78866655,0.78103817,0.8013338,0.7713218,0.79368806,0.8001979,0.76651686,0.7914424,0.78973264,0.7920578,0.78163683
2025-01-01 07:58:00,0.7886769,0.7810516,0.80134517,0.77132475,0.7936833,0.8001864,0.76650375,0.79143363,0.78973204,0.79206514,0.7816489
2025-01-01 07:59:00,0.7886872,0.7810649,0.8013563,0.77132785,0.7936784,0.8001748,0.76649064,0.7914249,0.7897316,0.7920727,0.7816611
2025-01-01 08:00:00,0.78907996,0.7811804,0.8016108,0.77093744,0.79375494,0.800061,0.7662448,0.79109806,0.7894404,0.7916172,0.78120214
2025-01-01 08:01:00,0.7893961,0.78127545,0.8018166,0.77062577,0.793815,0.79996765,0.76604563,0.79083496,0.7892074,0.7912545,0.7808375
2025-01-01 08:02:00,0.78965104,0.78135407,0.8019832,0.77037704,0.793862,0.7998906,0.7658837,0.79062283,0.7890211,0.790966,0.78054833
2025-01-01 08:03:00,0.7898569,0.78141963,0.8021186,0.7701787,0.79389846,0.79982656,0.7657516,0.79045147,0.7888721,0.7907369,0.78031963
2025-01-01 08:04:00,0.7900236,0.7814747,0.802229,0.7700206,0.7939265,0.799773,0.7656434,0.7903129,0.788753,0.7905553,0.7801392
2025-01-01 08:05:00,0.79015905,0.7815213,0.8023194,0.7698948,0.79394776,0.79972774,0.76555425,0.7902004,0.7886577,0.7904117,0.77999747
2025-01-01 08:06:00,0.7902694,0.78156126,0.80239373,0.7697947,0.7939636,0.79968923,0.76548046,0.7901088,0.7885816,0.7902986,0.77988666
2025-01-01 08:07:00,0.7903597,0.7815958,0.8024553,0.7697152,0.7939752,0.799656,0.76541877,0.79003394,0.7885208,0.7902098,0.7798006
2025-01-01 08:08:00,0.7904339,0.7816261,0.80250657,0.7696522,0.7939833,0.79962695,0.765367,0.78997254,0.7884723,0.79014045,0.77973425
2025-01-01 08:09:00,0.79049534,0.781653,0.80254966,0.7696023,0.7939885,0.79960144,0.765323,0.7899219,0.78843355,0.79008675,0.7796839
2025-01-01 08:10:00,0.79054654,0.78167707,0.8025862,0.76956296,0.79399157,0.79957855,0.7652852,0.78987974,0.78840274,0.79004556,0.7796461
2025-01-01 08:11:00,0.7905895,0.781699,0.80261743,0.76953197,0.7939928,0.7995579,0.7652525,0.7898445,0.7883782,0.7900143,0.77961844
2025-01-01 08:12:00,0.790626,0.78171915,0.80264443,0.76950777,0.7939926,0.79953897,0.7652238,0.7898148,0.7883587,0.7899911,0.77959895
2025-01-01 08:13:00,0.7906572,0.78173786,0.8026681,0.7694889,0.79399115,0.7995214,0.7651983,0.7897895,0.7883433,0.7899743,0.77958596
2025-01-01 08:14:00,0.7906843,0.7817555,0.80268896,0.76947427,0.79398876,0.79950494,0.7651754,0.78976774,0.7883311,0.78996265,0.77957815
2025-01-01 08:15:00,0.790708,0.78177214,0.8027077,0.7694631,0.79398566,0.7994894,0.7651546,0.78974885,0.78832155,0.7899551,0.7795745
2025-01-01 08:16:00,0.7907291,0.7817881,0.80272466,0.76945466,0.7939819,0.79947454,0.76513535,0.7897323,0.78831416,0.78995085,0.7795742
2025-01-01 08:17:00,0.79074806,0.78180355,0.8027402,0.76944834,0.7939777,0.7994602,0.7651175,0.78971756,0.7883084,0.78994924,0.77957654
2025-01-01 08:18:00,0.7907653,0.7818185,0.80275464,0.7694437,0.793973,0.7994463,0.7651007,0.78970426,0.78830403,0.7899498,0.779581
2025-01-01 08:19:00,0.79078114,0.7818331,0.8027682,0.7694405,0.793968,0.7994327,0.7650848,0.78969216,0.7883008,0.7899521,0.7795872
2025-01-01 08:20:00,0.790796,0.7818474,0.8027809,0.7694384,0.7939627,0.7994194,0.76506954,0.789681,0.7882984,0.7899557,0.7795948
2025-01-01 08:21:00,0.7908099,0.7818614,0.80279315,0.7694371,0.79395723,0.79940635,0.7650548,0.7896707,0.7882968,0.78996044,0.77960336
2025-01-01 08:22:00,0.7908232,0.7818753,0.8028048,0.7694364,0.79395145,0.7993934,0.7650406,0.78966093,0.78829575,0.7899661,0.77961296
2025-01-01 08:23:00,0.79083604,0.781889,0.8028161,0.7694363,0.79394555,0.7993806,0.7650267,0.78965175,0.78829515,0.7899725,0.77962315
2025-01-01 08:24:00,0.7908484,0.7819026,0.80282706,0.7694366,0.7939394,0.79936796,0.76501304,0.789643,0.78829503,0.7899794,0.779634
2025-01-01 08:25:00,0.79086035,0.781916,0.8028377,0.76943725,0.7939332,0.7993554,0.7649996,0.7896346,0.78829515,0.78998685,0.7796452
2025-01-01 08:26:00,0.7908722,0.78192943,0.8028482,0.7694381,0.79392695,0.7993429,0.76498646,0.7896265,0.78829557,0.7899947,0.7796568
2025-01-01 08:27:00,0.7908838,0.7819428,0.80285853,0.7694391,0.7939205,0.79933035,0.76497346,0.78961855,0.7882963,0.7900029,0.7796687
2025-01-01 08:28:00,0.7908952,0.781956,0.8028686,0.7694403,0.793914,0.79931796,0.7649605,0.7896109,0.7882972,0.7900113,0.77968085
2025-01-01 08:29:00,0.79090655,0.78196925,0.8028786,0.76944155,0.79390746,0.79930544,0.7649478,0.7896034,0.7882982,0.7900199,0.7796932
2025-01-01 08:30:00,0.79123634,0.78201115,0.80304253,0.7689797,0.7938745,0.7990715,0.76463675,0.7891617,0.7878821,0.78944325,0.7791262
2025-01-01 08:31:00,0.79150236,0.7820472,0.8031755,0.7686106,0.7938467,0.79888195,0.76438546,0.788807,0.78754956,0.7889838,0.77867526
2025-01-01 08:32:00,0.79171735,0.7820787,0.8032838,0.7683155,0.79382306,0.79872775,0.764182,0.7885218,0.78728396,0.7886182,0.7783171
2025-01-01 08:33:00,0.79189163,0.78210646,0.8033723,0.76807976,0.79380274,0.79860187,0.7640167,0.78829235,0.7870718,0.78832763,0.77803314
2025-01-01 08:34:00,0.79203314,0.7821314,0.803445,0.76789147,0.7937851,0.7984987,0.76388204,0.7881075,0.78690255,0.78809714,0.77780867
2025-01-01 08:35:00,0.7921486,0.7821538,0.8035049,0.7677411,0.79376954,0.7984137,0.7637719,0.7879583,0.78676754,0.7879147,0.77763164
2025-01-01 08:36:00,0.7922432,0.7821744,0.8035547,0.767621,0.79375565,0.7983431,0.76368135,0.7878377,0.78665996,0.7877706,0.7774927
2025-01-01 08:37:00,0.7923211,0.7821935,0.8035964,0.76752514,0.7937431,0.79828423,0.7636064,0.7877398,0.7865743,0.7876574,0.7773841
2025-01-01 08:38:00,0.79238564,0.78221136,0.8036315,0.7674487,0.7937315,0.7982346,0.7635441,0.7876603,0.78650624,0.78756875,0.7772998
2025-01-01 08:39:00,0.79243946,0.78222823,0.80366147,0.7673878,0.79372084,0.7981923,0.7634918,0.7875954,0.7864523,0.78749985,0.7772351
2025-01-01 08:40:00,0.7924848,0.7822444,0.8036872,0.7673393,0.79371077,0.798156,0.7634475,0.7875423,0.78640956,0.7874467,0.7771859
2025-01-01 08:41:00,0.7925233,0.7822599,0.80370957,0.76730067,0.79370123,0.7981245,0.7634097,0.78749853,0.7863759,0.7874062,0.7771492
2025-01-01 08:42:00,0.7925564,0.78227484,0.8037293,0.7672699,0.7936921,0.7980968,0.7633771,0.7874623,0.78634936,0.78737575,0.7771224
2025-01-01 08:43:00,0.7925851,0.7822895,0.8037468,0.76724553,0.79368335,0.7980721,0.76334846,0.787432,0.78632873,0.78735346,0.7771036
2025-01-01 08:44:00,0.7926103,0.78230375,0.8037626,0.76722616,0.7936747,0.79804975,0.7633232,0.7874066,0.7863127,0.78733766,0.7770912
2025-01-01 08:45:00,0.7926327,0.7823177,0.80377704,0.7672108,0.7936663,0.79802936,0.76330066,0.78738505,0.7863004,0.787327,0.77708393
2025-01-01 08:46:00,0.79265296,0.7823315,0.8037903,0.7671986,0.7936581,0.7980105,0.76328015,0.7873667,0.7862911,0.7873205,0.7770807
2025-01-01 08:47:00,0.79267144,0.7823452,0.80380267,0.7671891,0.7936499,0.7979929,0.7632614,0.7873508,0.7862842,0.7873174,0.7770808
2025-01-01 08:48:00,0.7926885,0.78235865,0.8038143,0.7671815,0.7936418,0.79797626,0.763244,0.7873369,0.78627926,0.7873169,0.7770834
2025-01-01 08:49:00,0.7927044,0.782372,0.8038253,0.7671756,0.7936338,0.79796046,0.76322764,0.7873246,0.78627586,0.7873185,0.77708817
2025-01-01 08:50:00,0.7927195,0.7823853,0.80383587,0.7671709,0.79362583,0.79794526,0.7632122,0.7873136,0.7862737,0.787322,0.7770946
2025-01-01 08:51:00,0.7927338,0.78239846,0.803846,0.7671672,0.79361784,0.79793054,0.7631975,0.7873037,0.7862726,0.78732675,0.77710235
2025-01-01 08:52:00,0.7927476,0.7824116,0.80385584,0.7671644,0.79360986,0.79791623,0.76318336,0.78729457,0.7862723,0.7873326,0.7771112
2025-01-01 08:53:00,0.79276097,0.7824247,0.8038653,0.7671622,0.7936019,0.7979022,0.76316965,0.78728616,0.7862727,0.78733945,0.7771209
2025-01-01 08:54:00,0.7927739,0.78243774,0.8038747,0.7671604,0.7935938,0.79788846,0.76315635,0.7872783,0.78627366,0.787347,0.77713126
2025-01-01 08:55:00,0.7927866,0.78245074,0.8038838,0.7671591,0.7935858,0.79787487,0.76314336,0.78727096,0.7862751,0.7873551,0.77714217
2025-01-01 08:56:00,0.7927991,0.78246367,0.8038928,0.76715803,0.79357773,0.7978615,0.7631306,0.78726393,0.7862768,0.7873637,0.77715355
2025-01-01 08:57:00,0.79281145,0.7824766,0.8039016,0.76715714,0.7935697,0.79784817,0.7631181,0.78725725,0.7862789,0.78737265,0.77716523
2025-01-01 08:58:00,0.7928236,0.78248954,0.8039103,0.7671565,0.7935615,0.797835,0.7631057,0.7872509,0.7862812,0.787382,0.7771772
2025-01-01 08:59:00,0.7928357,0.7825025,0.8039189,0.76715595,0.79355335,0.7978219,0.7630935,0.7872447,0.78628373,0.78739154,0.7771894
2025-01-01 09:00:00,0.7930967,0.7824699,0.80398923,0.76663095,0.79341155,0.7974721,0.7627226,0.78669596,0.78575027,0.78670406,0.7765246
2025-01-01 09:01:00,0.7933079,0.78244644,0.8040471,0.7662109,0.7932964,0.7971897,0.7624236,0.786256,0.7853242,0.7861561,0.77599543
2025-01-01 09:02:00,0.7934792,0.78243023,0.80409503,0.76587474,0.7932026,0.79696125,0.76218206,0.785903,0.78498405,0.78572,0.7755747
2025-01-01 09:03:00,0.7936186,0.78241986,0.80413496,0.7656058,0.79312587,0.79677594,0.7619865,0.78561956,0.7847127,0.7853732,0.7752407
2025-01-01 09:04:00,0.7937325,0.7824141,0.80416846,0.7653906,0.79306275,0.796625,0.76182777,0.78539175,0.7844963,0.7850979,0.7749762
2025-01-01 09:05:00,0.793826,0.782412,0.8041969,0.7652184,0.79301053,0.7965018,0.76169854,0.7852085,0.78432393,0.7848798,0.7747671
2025-01-01 09:06:00,0.7939032,0.7824129,0.8042212,0.7650805,0.7929671,0.7964006,0.7615928,0.785061,0.78418684,0.78470755,0.7746025
2025-01-01 09:07:00,0.7939673,0.7824161,0.80424225,0.76497006,0.7929306,0.79631704,0.76150596,0.784942,0.78407794,0.7845719,0.7744734
2025-01-01 09:08:00,0.794021,0.78242123,0.8042606,0.7648816,0.79289967,0.79624766,0.7614342,0.7848458,0.7839916,0.78446555,0.77437276
2025-01-01 09:09:00,0.7940663,0.7824279,0.8042769,0.76481074,0.7928732,0.79618955,0.7613745,0.7847679,0.78392327,0.78438264,0.77429485
2025-01-01 09:10:00,0.794105,0.7824357,0.8042914,0.7647539,0.7928502,0.79614043,0.7613244,0.7847046,0.78386945,0.78431857,0.7742351
2025-01-01 09:11:00,0.7941383,0.78244454,0.80430454,0.7647083,0.79283005,0.79609853,0.76128215,0.78465307,0.7838272,0.7842695,0.77419
2025-01-01 09:12:00,0.7941674,0.78245413,0.8043166,0.7646716,0.7928122,0.79606247,0.7612461,0.7846109,0.7837942,0.78423244,0.7741564
2025-01-01 09:13:00,0.7941931,0.78246427,0.8043277,0.7646421,0.79279613,0.796031,0.761215,0.7845763,0.78376865,0.78420496,0.7741322
2025-01-01 09:14:00,0.79421604,0.782475,0.80433816,0.76461834,0.7927815,0.7960032,0.7611878,0.7845476,0.78374904,0.78418523,0.77411544
2025-01-01 09:15:00,0.79423684,0.782486,0.804348,0.7645991,0.79276794,0.7959784,0.76116383,0.78452384,0.78373426,0.7841717,0.77410465
2025-01-01 09:16:00,0.7942559,0.78249735,0.8043573,0.7645835,0.79275537,0.79595596,0.7611424,0.78450394,0.7837233,0.78416306,0.77409863
2025-01-01 09:17:00,0.79427356,0.78250897,0.80436623,0.76457083,0.79274344,0.79593545,0.761123,0.7844871,0.78371537,0.78415835,0.77409637
2025-01-01 09:18:00,0.7942901,0.7825208,0.8043749,0.76456046,0.7927321,0.7959164,0.7611053,0.7844728,0.78370994,0.78415686,0.7740972
2025-01-01 09:19:00,0.79430574,0.78253263,0.8043832,0.7645519,0.7927212,0.79589856,0.7610889,0.7844606,0.7837065,0.78415793,0.7741004
2025-01-01 09:20:00,0.79432076,0.7825447,0.8043914,0.7645448,0.79271066,0.7958817,0.7610736,0.78444993,0.78370464,0.78416103,0.7741056
2025-01-01 09:21:00,0.79433525,0.78255683,0.8043993,0.7645389,0.79270035,0.7958656,0.7610591,0.7844406,0.78370404,0.7841658,0.77411234
2025-01-01 09:22:00,0.79434925,0.782569,0.8044071,0.7645338,0.7926902,0.7958501,0.7610454,0.7844323,0.7837046,0.7841719,0.77412033
2025-01-01 09:23:00,0.7943629,0.78258127,0.80441475,0.7645295,0.79268026,0.7958351,0.7610321,0.78442484,0.7837059,0.784179,0.77412933
2025-01-01 09:24:00,0.7943763,0.7825935,0.80442226,0.7645258,0.7926704,0.7958205,0.76101935,0.78441805,0.7837079,0.78418696,0.77413905
2025-01-01 09:25:00,0.7943895,0.7826058,0.8044297,0.7645225,0.7926607,0.79580617,0.76100695,0.78441185,0.7837105,0.78419566,0.7741495
2025-01-01 09:26:00,0.79440254,0.78261817,0.804437,0.7645195,0.79265106,0.79579216,0.7609949,0.7844061,0.7837135,0.7842049,0.7741604
2025-01-01 09:27:00,0.7944154,0.78263044,0.8044442,0.76451683,0.79264146,0.7957783,0.76098305,0.78440076,0.7837169,0.7842146,0.77417165
2025-01-01 09:28:00,0.79442817,0.78264284,0.80445135,0.7645143,0.79263186,0.79576457,0.76097137,0.7843957,0.7837207,0.7842246,0.77418333
2025-01-01 09:29:00,0.7944408,0.7826552,0.80445844,0.76451194,0.79262227,0.795751,0.7609599,0.784391,0.78372467,0.78423494,0.77419513
2025-01-01 09:30:00,0.7946284,0.7825489,0.8044339,0.7639331,0.792374,0.79529154,0.76053596,0.7837451,0.78308326,0.7834488,0.7734444
2025-01-01 09:31:00,0.7947809,0.78246635,0.80441564,0.7634697,0.7921735,0.79492134,0.7601946,0.7832277,0.78257114,0.7828223,0.7728464
2025-01-01 09:32:00,0.7949055,0.7824028,0.80440235,0.76309854,0.7920112,0.79462254,0.75991935,0.782813,0.7821624,0.78232336,0.7723705
2025-01-01 09:33:00,0.7950076,0.78235435,0.804393,0.76280123,0.7918794,0.7943809,0.759697,0.7824806,0.78183657,0.7819265,0.7719924
2025-01-01 09:34:00,0.79509175,0.7823181,0.80438685,0.762563,0.791772,0.794185,0.7595171,0.782214,0.78157693,0.7816114,0.77169245
2025-01-01 09:35:00,0.7951616,0.78229153,0.8043833,0.76237196,0.79168415,0.7940256,0.759371,0.78200006,0.7813703,0.78136164,0.7714551
2025-01-01 09:36:00,0.79522,0.7822727,0.8043816,0.76221865,0.7916119,0.79389554,0.759252,0.7818282,0.7812061,0.7811641,0.7712678
2025-01-01 09:37:00,0.79526925,0.78226,0.80438155,0.76209563,0.7915521,0.7937888,0.7591547,0.78169006,0.78107584,0.78100854,0.7711204
2025-01-01 09:38:00,0.7953111,0.7822524,0.8043828,0.7619967,0.7915023,0.7937009,0.75907475,0.78157896,0.78097266,0.78088635,0.7710052
2025-01-01 09:39:00,0.79534715,0.7822486,0.80438507,0.7619171,0.79146045,0.79362786,0.75900877,0.78148943,0.7808913,0.780791,0.7709155
2025-01-01 09:40:00,0.7953785,0.7822481,0.8043881,0.7618529,0.79142505,0.7935668,0.75895387,0.7814172,0.78082734,0.7807171,0.7708463
2025-01-01 09:41:00,0.79540604,0.78225005,0.8043918,0.7618011,0.79139465,0.79351544,0.7589078,0.7813588,0.7807772,0.78066033,0.7707935
2025-01-01 09:42:00,0.79543066,0.78225404,0.80439603,0.7617592,0.79136837,0.79347163,0.75886893,0.7813115,0.78073835,0.7806173,0.77075386
2025-01-01 09:43:00,0.79545283,0.78225964,0.80440056,0.7617251,0.79134536,0.79343396,0.7588358,0.78127307,0.7807084,0.7805852,0.77072465
2025-01-01 09:44:00,0.7954731,0.7822665,0.80440545,0.76169735,0.79132485,0.79340124,0.7588072,0.7812417,0.78068554,0.780562,0.7707038
2025-01-01 09:45:00,0.7954919,0.7822744,0.8044105,0.7616746,0.7913065,0.7933724,0.75878227,0.7812161,0.78066844,0.7805458,0.77068967
2025-01-01 09:46:00,0.7955094,0.7822831,0.80441576,0.76165587,0.7912897,0.79334676,0.75876033,0.7811951,0.780656,0.7805351,0.77068084
2025-01-01 09:47:00,0.79552597,0.7822925,0.8044211,0.7616403,0.79127425,0.7933236,0.7587407,0.7811777,0.7806472,0.7805291,0.77067643
2025-01-01 09:48:00,0.79554176,0.7823023,0.8044266,0.7616273,0.7912598,0.7933024,0.758723,0.7811632,0.7806414,0.78052664,0.77067536
2025-01-01 09:49:00,0.79555696,0.78231263,0.80443215,0.7616163,0.79124624,0.7932828,0.7587068,0.7811512,0.780638,0.78052706,0.77067703
2025-01-01 09:50:00,0.7955716,0.7823232,0.8044377,0.7616069,0.7912333,0.7932646,0.75869185,0.78114104,0.7806364,0.7805298,0.7706809
2025-01-01 09:51:00,0.79558593,0.7823341,0.8044433,0.76159877,0.7912209,0.7932474,0.75867784,0.78113246,0.7806364,0.7805345,0.7706865
2025-01-01 09:52:00,0.79559994,0.7823451,0.8044489,0.76159173,0.7912088,0.793231,0.75866467,0.78112507,0.7806377,0.7805406,0.77069354
2025-01-01 09:53:00,0.79561365,0.78235626,0.8044545,0.7615854,0.7911971,0.7932153,0.75865215,0.78111863,0.78063995,0.78054786,0.77070165
2025-01-01 09:54:00,0.79562724,0.7823676,0.8044601,0.7615797,0.7911857,0.7932001,0.75864017,0.7811131,0.78064305,0.7805562,0.7707107
2025-01-01 09:55:00,0.79564065,0.78237903,0.80446565,0.7615745,0.7911744,0.7931853,0.75862855,0.78110814,0.78064674,0.7805652,0.7707204
2025-01-01 09:56:00,0.7956539,0.7823905,0.8044712,0.7615697,0.79116327,0.79317087,0.75861734,0.78110385,0.78065103,0.7805749,0.7707307
2025-01-01 09:57:00,0.7956671,0.782402,0.8044767,0.7615652,0.79115224,0.7931567,0.7586064,0.7810999,0.78065574,0.7805851,0.7707414
2025-01-01 09:58:00,0.7956802,0.78241354,0.80448216,0.7615609,0.79114133,0.7931427,0.7585957,0.7810964,0.7806608,0.7805957,0.7707525
2025-01-01 09:59:00,0.79569334,0.7824251,0.8044876,0.76155674,0.7911304,0.79312885,0.75858516,0.7810931,0.7806662,0.7806066,0.7707638
2025-01-01 10:00:00,0.7958041,0.78224695,0.80436873,0.7609345,0.79078037,0.79256785,0.7581156,0.78036153,0.7799283,0.779736,0.7699405
2025-01-01 10:01:00,0.79589534,0.78210676,0.8042747,0.76043594,0.7904981,0.7921165,0.75773793,0.7797759,0.7793394,0.77904195,0.7692843
2025-01-01 10:02:00,0.79597086,0.7819969,0.8042004,0.7600364,0.79027015,0.79175276,0.75743395,0.779307,0.7788696,0.7784892,0.7687618
2025-01-01 10:03:00,0.79603386,0.7819113,0.804142,0.75971603,0.7900857,0.7914592,0.7571888,0.77893156,0.77849513,0.7780494,0.7683463
2025-01-01 10:04:00,0.79608685,0.78184515,0.80409634,0.75945896,0.7899359,0.7912217,0.75699073,0.77863085,0.7781969,0.77770007,0.7680164
2025-01-01 10:05:00,0.79613185,0.78179455,0.80406076,0.75925255,0.7898139,0.79102904,0.75683045,0.77838993,0.77795964,0.7774231,0.767755
2025-01-01 10:06:00,0.79617035,0.7817563,0.8040333,0.75908667,0.78971416,0.79087234,0.75670034,0.7781969,0.7777713,0.777204,0.76754826
2025-01-01 10:07:00,0.79620385,0.781728,0.80401224,0.7589532,0.78963214,0.79074436,0.7565943,0.77804214,0.7776219,0.7770311,0.76738536
2025-01-01 10:08:00,0.7962332,0.7817077,0.8039964,0.7588456,0.7895644,0.79063934,0.7565077,0.77791804,0.7775039,0.7768954,0.76725745
2025-01-01 10:09:00,0.7962592,0.7816937,0.80398464,0.7587587,0.7895079,0.79055274,0.75643647,0.7778184,0.77741086,0.77678925,0.7671577
2025-01-01 10:10:00,0.7962826,0.78168476,0.8039762,0.75868845,0.7894606,0.79048085,0.7563777,0.77773845,0.77733785,0.7767068,0.76708025
2025-01-01 10:11:00,0.7963039,0.78167987,0.8039704,0.7586314,0.78942055,0.7904208,0.75632876,0.77767426,0.7772809,0.77664346,0.76702076
2025-01-01 10:12:00,0.7963236,0.7816782,0.80396664,0.75858486,0.78938633,0.79037005,0.7562878,0.77762264,0.7772368,0.7765952,0.76697564
2025-01-01 10:13:00,0.7963419,0.7816791,0.8039645,0.7585468,0.7893567,0.79032695,0.75625324,0.77758104,0.77720296,0.77655905,0.7669419
2025-01-01 10:14:00,0.7963592,0.78168213,0.8039637,0.75851554,0.7893307,0.7902898,0.75622374,0.7775476,0.77717733,0.77653265,0.7669174
2025-01-01 10:15:00,0.7963756,0.7816867,0.803964,0.75848967,0.7893078,0.7902575,0.7561983,0.77752054,0.7771584,0.7765141,0.76690024
2025-01-01 10:16:00,0.7963913,0.7816927,0.80396503,0.7584681,0.7892872,0.790229,0.7561762,0.7774988,0.7771446,0.7765017,0.766889
2025-01-01 10:17:00,0.79640645,0.7816996,0.80396676,0.7584499,0.7892685,0.7902037,0.7561566,0.7774811,0.7771351,0.7764943,0.7668823
2025-01-01 10:18:00,0.79642123,0.78170747,0.80396897,0.7584345,0.7892512,0.7901808,0.7561392,0.77746683,0.777129,0.7764909,0.76687944
2025-01-01 10:19:00,0.79643565,0.78171587,0.8039716,0.75842124,0.7892352,0.79015994,0.75612354,0.7774552,0.7771256,0.7764908,0.76687956
2025-01-01 10:20:00,0.7964498,0.7817249,0.8039745,0.7584097,0.7892201,0.7901406,0.75610924,0.77744573,0.7771244,0.77649313,0.766882
2025-01-01 10:21:00,0.7964637,0.7817342,0.80397767,0.75839955,0.78920573,0.79012257,0.756096,0.77743804,0.777125,0.77649754,0.7668865
2025-01-01 10:22:00,0.79647744,0.781744,0.80398107,0.7583904,0.78919196,0.7901055,0.7560836,0.7774317,0.777127,0.7765036,0.76689243
2025-01-01 10:23:00,0.796491,0.7817539,0.8039845,0.75838226,0.78917867,0.79008937,0.756072,0.77742654,0.7771301,0.7765111,0.7668995
2025-01-01 10:24:00,0.79650456,0.7817641,0.80398804,0.75837475,0.7891658,0.7900738,0.75606096,0.77742225,0.7771342,0.7765195,0.76690763
2025-01-01 10:25:00,0.79651797,0.78177434,0.8039917,0.7583678,0.7891532,0.79005873,0.7560504,0.77741873,0.777139,0.77652884,0.7669165
2025-01-01 10:26:00,0.7965313,0.7817848,0.8039954,0.7583612,0.7891408,0.7900441,0.7560403,0.7774158,0.77714443,0.7765388,0.766926
2025-01-01 10:27:00,0.79654455,0.7817952,0.803999,0.75835496,0.7891286,0.7900299,0.7560304,0.7774134,0.7771504,0.7765493,0.76693594
2025-01-01 10:28:00,0.7965578,0.78180575,0.8040027,0.75834894,0.78911656,0.7900159,0.7560208,0.7774114,0.7771567,0.77656025,0.76694626
2025-01-01 10:29:00,0.796571,0.78181636,0.8040064,0.7583431,0.7891046,0.7900021,0.7560114,0.7774097,0.7771634,0.7765716,0.76695687
2025-01-01 10:30:00,0.796603,0.78156954,0.8037953,0.7576884,0.7886588,0.7893497,0.75550455,0.7766055,0.77634233,0.7756319,0.7660757
2025-01-01 10:31:00,0.79663134,0.78137416,0.8036271,0.7571636,0.7882998,0.7888251,0.7550973,0.7759621,0.7756871,0.7748828,0.76537305
2025-01-01 10:32:00,0.79665655,0.78122,0.8034932,0.7567427,0.78801024,0.7884029,0.7547699,0.77544737,0.7751645,0.774286,0.76481336
2025-01-01 10:33:00,0.7966793,0.78109884,0.8033868,0.75640494,0.78777635,0.78806263,0.75450635,0.77503556,0.7747481,0.77381116,0.7643679
2025-01-01 10:34:00,0.7967002,0.781004,0.8033024,0.7561337,0.78758687,0.7877878,0.7542938,0.7747061,0.7744166,0.77343386,0.7640139
2025-01-01 10:35:00,0.79671943,0.7809302,0.8032355,0.7559156,0.7874329,0.78756535,0.75412214,0.77444255,0.7741531,0.7731346,0.763733
2025-01-01 10:36:00,0.79673755,0.78087336,0.8031826,0.75574,0.78730744,0.78738487,0.7539832,0.77423173,0.77394396,0.7728977,0.76351064
2025-01-01 10:37:00,0.7967546,0.7808299,0.803141,0.7555984,0.7872047,0.78723794,0.7538704,0.7740631,0.77377826,0.7727108,0.7633351
2025-01-01 10:38:00,0.7967709,0.78079724,0.80310833,0.7554841,0.7871201,0.78711784,0.7537785,0.7739282,0.7736474,0.7725638,0.76319695
2025-01-01 10:39:00,0.79678655,0.7807733,0.80308276,0.7553915,0.7870501,0.78701913,0.7537034,0.7738204,0.77354443,0.77244884,0.76308876
2025-01-01 10:40:00,0.7968016,0.7807561,0.803063,0.75531626,0.7869917,0.7869377,0.7536417,0.77373415,0.7734637,0.7723594,0.76300454
2025-01-01 10:41:00,0.79681635,0.7807445,0.8030477,0.7552549,0.78694266,0.78686994,0.7535908,0.7736653,0.77340084,0.77229047,0.76293945
2025-01-01 10:42:00,0.7968308,0.7807372,0.8030361,0.75520474,0.786901,0.78681326,0.7535485,0.77361023,0.77335227,0.7722379,0.7628896
2025-01-01 10:43:00,0.79684496,0.78073347,0.8030274,0.75516343,0.7868653,0.78676534,0.75351304,0.77356637,0.7733152,0.77219844,0.76285213
2025-01-01 10:44:00,0.7968589,0.7807325,0.8030209,0.75512916,0.7868344,0.78672445,0.7534831,0.7735313,0.7732872,0.7721694,0.76282436
2025-01-01 10:45:00,0.7968727,0.7807338,0.80301636,0.7551006,0.7868073,0.7866892,0.75345767,0.7735034,0.77326655,0.7721488,0.76280445
2025-01-01 10:46:00,0.7968863,0.78073686,0.80301327,0.7550765,0.78678316,0.7866585,0.75343573,0.77348125,0.77325183,0.7721349,0.7627908
2025-01-01 10:47:00,0.7968998,0.78074133,0.8030113,0.75505614,0.7867615,0.7866314,0.7534167,0.7734636,0.7732418,0.7721263,0.76278216
2025-01-01 10:48:00,0.79691327,0.78074694,0.8030102,0.75503856,0.78674173,0.7866072,0.7533999,0.77344966,0.7732355,0.7721221,0.7627775
2025-01-01 10:49:00,0.7969267,0.78075343,0.80300987,0.7550233,0.78672355,0.7865853,0.753385,0.7734387,0.7732323,0.7721213,0.7627761
2025-01-01 10:50:00,0.79694,0.78076065,0.8030101,0.75500983,0.78670657,0.78656524,0.75337154,0.77343017,0.7732315,0.7721233,0.7627771
2025-01-01 10:51:00,0.7969533,0.7807684,0.80301076,0.7549978,0.7866906,0.7865467,0.75335926,0.7734235,0.77323264,0.77212745,0.76278025
2025-01-01 10:52:00,0.79696655,0.78077656,0.8030118,0.75498694,0.78667533,0.78652936,0.753348,0.7734183,0.7732354,0.7721334,0.762785
2025-01-01 10:53:00,0.7969798,0.7807851,0.803013,0.75497705,0.78666073,0.786513,0.75333744,0.7734144,0.7732394,0.77214074,0.76279104
2025-01-01 10:54:00,0.79699296,0.7807939,0.8030145,0.75496775,0.78664654,0.78649735,0.75332755,0.77341145,0.7732443,0.7721492,0.7627981
2025-01-01 10:55:00,0.79700613,0.7808029,0.80301607,0.7549591,0.7866328,0.78648233,0.7533182,0.77340937,0.77325016,0.7721586,0.7628059
2025-01-01 10:56:00,0.7970193,0.7808121,0.8030178,0.7549509,0.78661937,0.78646785,0.75330925,0.7734079,0.77325666,0.77216876,0.7628144
2025-01-01 10:57:00,0.7970324,0.7808213,0.8030196,0.754943,0.7866062,0.7864538,0.75330067,0.77340704,0.77326363,0.7721794,0.76282346
2025-01-01 10:58:00,0.7970456,0.78083074,0.80302143,0.7549354,0.7865932,0.78644,0.7532924,0.7734066,0.77327114,0.7721906,0.7628329
2025-01-01 10:59:00,0.7970587,0.78084016,0.80302334,0.75492793,0.7865803,0.7864264,0.7532843,0.77340657,0.773279,0.7722021,0.7628426
2025-01-01 11:00:00,0.79701144,0.78052896,0.8027237,0.75425255,0.78604674,0.78569406,0.7527492,0.772544,0.7723892,0.7712101,0.76191914
2025-01-01 11:01:00,0.7969762,0.7802819,0.8024843,0.75371087,0.7856174,0.78510565,0.7523197,0.7718542,0.7716791,0.77041906,0.76118255
2025-01-01 11:02:00,0.7969507,0.78008616,0.80229324,0.7532761,0.7852714,0.78463244,0.7519747,0.77130276,0.771113,0.76978886,0.7605955
2025-01-01 11:03:00,0.7969329,0.77993155,0.8021407,0.752927,0.7849922,0.7842514,0.7516973,0.77086186,0.77066195,0.76928735,0.7601281
2025-01-01 11:04:00,0.7969212,0.77980965,0.802019,0.7526464,0.7847664,0.78394413,0.751474,0.77050954,0.770303,0.76888865,0.7597562
2025-01-01 11:05:00,0.7969145,0.7797141,0.80192196,0.7524204,0.78458315,0.78369576,0.751294,0.770228,0.7700178,0.7685724,0.7594609
2025-01-01 11:06:00,0.7969118,0.7796395,0.80184466,0.75223833,0.7844342,0.78349465,0.75114864,0.77000314,0.7697915,0.768322,0.75922686
2025-01-01 11:07:00,0.7969122,0.7795817,0.8017831,0.75209117,0.7843125,0.78333133,0.7510311,0.7698236,0.76961243,0.7681243,0.7590417
2025-01-01 11:08:00,0.7969152,0.7795373,0.80173415,0.7519721,0.7842126,0.78319824,0.7509356,0.76968044,0.76947105,0.7679688,0.75889575
2025-01-01 11:09:00,0.7969201,0.7795037,0.8016952,0.7518754,0.7841303,0.7830892,0.75085795,0.76956624,0.76935995,0.76784694,0.7587812
2025-01-01 11:10:00,0.7969267,0.77947867,0.80166435,0.7517966,0.7840619,0.78299963,0.75079453,0.7694753,0.769273,0.76775205,0.75869155
2025-01-01 11:11:00,0.79693455,0.7794604,0.80164,0.7517322,0.78400475,0.78292555,0.75074244,0.7694029,0.76920533,0.76767886,0.758622
2025-01-01 11:12:00,0.7969434,0.7794477,0.80162066,0.7516792,0.78395647,0.78286374,0.7506995,0.7693455,0.7691532,0.7676228,0.7585685
2025-01-01 11:13:00,0.79695314,0.77943933,0.8016055,0.75163525,0.78391534,0.78281194,0.7506639,0.7693,0.7691135,0.7675807,0.7585278
2025-01-01 11:14:00,0.7969635,0.77943444,0.8015936,0.75159866,0.78387994,0.7827681,0.75063413,0.76926404,0.7690837,0.7675495,0.7584973
2025-01-01 11:15:00,0.7969744,0.77943236,0.80158424,0.75156796,0.78384906,0.7827305,0.75060904,0.76923573,0.7690618,0.7675273,0.758475
2025-01-01 11:16:00,0.79698575,0.7794325,0.80157703,0.75154185,0.7838219,0.78269804,0.7505877,0.76921356,0.76904625,0.7675121,0.75845927
2025-01-01 11:17:00,0.7969974,0.7794344,0.8015714,0.7515195,0.7837976,0.7826696,0.75056946,0.76919633,0.7690358,0.7675025,0.7584488
2025-01-01 11:18:00,0.7970093,0.77943766,0.8015671,0.75150007,0.7837757,0.7826445,0.75055355,0.76918304,0.7690295,0.7674975,0.75844246
2025-01-01 11:19:00,0.79702145,0.7794421,0.8015638,0.751483,0.7837556,0.782622,0.7505396,0.76917285,0.76902646,0.7674961,0.7584395
2025-01-01 11:20:00,0.7970337,0.7794474,0.80156136,0.75146794,0.783737,0.7826016,0.75052726,0.7691653,0.76902604,0.76749766,0.7584391
2025-01-01 11:21:00,0.7970461,0.77945334,0.8015595,0.75145423,0.78371966,0.7825829,0.7505162,0.76915973,0.7690277,0.7675015,0.75844085
2025-01-01 11:22:00,0.7970587,0.7794599,0.8015582,0.7514418,0.7837032,0.78256553,0.7505061,0.7691558,0.76903117,0.7675072,0.7584443
2025-01-01 11:23:00,0.79707134,0.77946687,0.80155724,0.7514303,0.7836875,0.7825492,0.7504969,0.7691533,0.7690359,0.76751435,0.75844914
2025-01-01 11:24:00,0.797084,0.7794742,0.8015566,0.7514195,0.78367245,0.7825338,0.75048834,0.7691518,0.7690418,0.7675227,0.758455
2025-01-01 11:25:00,0.79709667,0.77948177,0.80155617,0.7514093,0.7836578,0.7825191,0.75048035,0.7691512,0.7690485,0.767532,0.7584617
2025-01-01 11:26:00,0.7971094,0.7794896,0.80155593,0.7513995,0.7836436,0.7825049,0.7504728,0.7691513,0.7690559,0.76754206,0.75846916
2025-01-01 11:27:00,0.79712224,0.7794975,0.8015558,0.75139016,0.78362966,0.7824912,0.75046563,0.769152,0.769064,0.76755273,0.7584771
2025-01-01 11:28:00,0.79713506,0.7795056,0.80155575,0.75138104,0.78361595,0.7824779,0.7504588,0.7691531,0.7690725,0.76756394,0.75848544
2025-01-01 11:29:00,0.79714787,0.7795137,0.8015558,0.75137216,0.7836024,0.78246486,0.7504521,0.76915467,0.7690814,0.7675755,0.7584941
2025-01-01 11:30:00,0.7970221,0.77914387,0.80117303,0.75068814,0.7829906,0.7816658,0.7498984,0.76824933,0.7681389,0.7665491,0.7575451
2025-01-01 11:31:00,0.79692405,0.77884966,0.80086684,0.7501393,0.7824986,0.78102416,0.74945426,0.76752573,0.767387,0.76573056,0.75678796
2025-01-01 11:32:00,0.7968482,0.77861595,0.8006219,0.7496985,0.7821024,0.7805085,0.7490979,0.7669475,0.7667876,0.7650784,0.75618416
2025-01-01 11:33:00,0.7967901,0.77843064,0.80042607,0.74934435,0.7817829,0.7800936,0.7488117,0.7664856,0.7663101,0.7645593,0.75570315
2025-01-01 11:34:00,0.79674613,0.7782841,0.8002693,0.7490593,0.7815247,0.7797594,0.7485817,0.7661167,0.7659303,0.7641467,0.75532025
2025-01-01 11:35:00,0.7967136,0.77816844,0.8001439,0.74882966,0.7813157,0.7794897,0.7483967,0.7658223,0.7656286,0.76381916,0.7550159
2025-01-01 11:36:00,0.79669005,0.7780776,0.8000435,0.7486442,0.7811458,0.7792716,0.7482476,0.76558745,0.7653893,0.76355976,0.75477433
2025-01-01 11:37:00,0.7966738,0.77800643,0.79996324,0.7484942,0.78100735,0.77909476,0.7481273,0.7654003,0.7652001,0.76335484,0.75458306
2025-01-01 11:38:00,0.79666334,0.7779512,0.79989886,0.7483725,0.78089404,0.778951,0.74803007,0.7652513,0.7650508,0.76319355,0.7544319
2025-01-01 11:39:00,0.79665756,0.7779086,0.79984736,0.74827343,0.7808008,0.77883375,0.7479512,0.76513284,0.7649335,0.76306707,0.75431293
2025-01-01 11:40:00,0.7966555,0.7778761,0.79980606,0.7481924,0.78072363,0.7787376,0.74788713,0.7650388,0.7648419,0.7629686,0.75421965
2025-01-01 11:41:00,0.7966563,0.7778517,0.799773,0.74812603,0.7806594,0.7786584,0.74783486,0.76496434,0.76477075,0.76289237,0.7541469
2025-01-01 11:42:00,0.7966595,0.77783376,0.7997464,0.7480711,0.7806053,0.7785927,0.74779207,0.7649055,0.76471597,0.7628341,0.7540906
2025-01-01 11:43:00,0.79666466,0.77782094,0.79972506,0.7480254,0.7805595,0.77853787,0.7477569,0.7648592,0.76467437,0.76278996,0.7540475
2025-01-01 11:44:00,0.79667133,0.77781224,0.7997078,0.74798715,0.7805202,0.77849174,0.74772775,0.76482296,0.76464325,0.76275736,0.75401485
2025-01-01 11:45:00,0.79667914,0.7778068,0.7996939,0.7479548,0.7804862,0.7784525,0.7477035,0.76479477,0.76462054,0.7627338,0.7539906
2025-01-01 11:46:00,0.7966879,0.777804,0.7996826,0.7479271,0.7804564,0.7784189,0.7476831,0.764773,0.76460457,0.7627176,0.75397307
2025-01-01 11:47:00,0.7966975,0.7778033,0.79967344,0.7479033,0.78043,0.77838975,0.74766594,0.76475644,0.764594,0.76270723,0.7539609
2025-01-01 11:48:00,0.7967077,0.77780426,0.7996659,0.7478824,0.78040636,0.7783642,0.7476512,0.764744,0.76458776,0.7627016,0.753953
2025-01-01 11:49:00,0.7967183,0.7778065,0.7996597,0.74786395,0.7803848,0.7783415,0.7476386,0.76473486,0.76458496,0.76269966,0.7539485
2025-01-01 11:50:00,0.7967294,0.77780986,0.7996546,0.7478473,0.7803649,0.778321,0.74762756,0.7647284,0.764585,0.76270074,0.7539468
2025-01-01 11:51:00,0.7967408,0.777814,0.7996503,0.74783224,0.7803464,0.77830243,0.74761784,0.76472414,0.7645872,0.76270413,0.7539472
2025-01-01 11:52:00,0.79675233,0.77781874,0.7996467,0.74781835,0.780329,0.7782854,0.7476092,0.76472163,0.7645912,0.7627095,0.75394934
2025-01-01 11:53:00,0.79676414,0.77782404,0.7996435,0.7478055,0.78031254,0.77826947,0.74760145,0.76472044,0.76459664,0.76271635,0.75395286
2025-01-01 11:54:00,0.79677606,0.77782977,0.79964083,0.7477934,0.78029674,0.7782545,0.74759436,0.76472044,0.76460326,0.7627245,0.75395745
2025-01-01 11:55:00,0.7967881,0.7778358,0.7996384,0.7477818,0.7802815,0.7782403,0.74758786,0.7647213,0.76461077,0.7627336,0.75396293
2025-01-01 11:56:00,0.7968002,0.77784204,0.7996361,0.7477707,0.7802667,0.7782268,0.7475818,0.7647229,0.7646191,0.7627434,0.7539691
2025-01-01 11:57:00,0.7968124,0.7778485,0.7996341,0.74776006,0.7802523,0.7782137,0.7475762,0.7647251,0.764628,0.7627539,0.75397575
2025-01-01 11:58:00,0.7968247,0.77785504,0.7996322,0.7477496,0.7802381,0.77820104,0.7475708,0.76472783,0.76463735,0.7627649,0.75398284
2025-01-01 11:59:00,0.796837,0.7778617,0.79963034,0.7477394,0.7802241,0.77818877,0.74756575,0.76473093,0.7646471,0.76277626,0.7539903
2025-01-01 12:00:00,0.79663503,0.7774398,0.7991713,0.7470589,0.77954495,0.77733713,0.74700326,0.76379883,0.7636687,0.76173365,0.7530326
2025-01-01 12:01:00,0.796476,0.7771036,0.79880375,0.7465127,0.7789991,0.77665365,0.74655247,0.76305413,0.7628883,0.7609022,0.75226825
2025-01-01 12:02:00,0.7963512,0.77683604,0.79850936,0.7460738,0.77855974,0.7761046,0.7461911,0.7624594,0.7622663,0.7602396,0.75165844
2025-01-01 12:03:00,0.79625386,0.77662337,0.7982735,0.7457208,0.77820563,0.77566326,0.7459012,0.7619845,0.76177096,0.7597121,0.7511723
2025-01-01 12:04:00,0.79617846,0.7764546,0.7980845,0.74543643,0.77791977,0.7753081,0.7456686,0.7616056,0.761377,0.75929266,0.7507852
2025-01-01 12:05:00,0.7961206,0.77632093,0.7979329,0.74520713,0.7776885,0.77502173,0.7454817,0.7613036,0.76106405,0.7589597,0.7504771
2025-01-01 12:06:00,0.7960768,0.7762153,0.7978113,0.7450217,0.77750075,0.7747905,0.74533147,0.761063,0.76081616,0.75869596,0.75023234
2025-01-01 12:07:00,0.7960442,0.7761322,0.7977136,0.74487144,0.777348,0.77460337,0.74521065,0.76087147,0.76062006,0.75848746,0.7500382
2025-01-01 12:08:00,0.79602057,0.776067,0.797635,0.74474937,0.77722317,0.77445155,0.7451132,0.76071936,0.7604655,0.75832325,0.7498846
2025-01-01 12:09:00,0.7960041,0.7760162,0.7975718,0.74464965,0.7771207,0.77432793,0.7450346,0.76059866,0.76034427,0.7581945,0.7497634
2025-01-01 12:10:00,0.79599345,0.77597684,0.79752076,0.744568,0.7770361,0.77422696,0.74497104,0.76050323,0.76024956,0.7580941,0.7496681
2025-01-01 12:11:00,0.7959873,0.7759466,0.7974795,0.7445007,0.7769658,0.77414405,0.7449195,0.76042795,0.7601761,0.7580163,0.7495935
2025-01-01 12:12:00,0.7959848,0.7759237,0.7974461,0.7444449,0.7769069,0.7740756,0.7448776,0.76036876,0.76011974,0.75795656,0.7495355
2025-01-01 12:13:00,0.7959853,0.7759067,0.7974189,0.7443983,0.77685726,0.7740188,0.7448434,0.7603225,0.76007694,0.7579113,0.7494906
2025-01-01 12:14:00,0.7959881,0.77589434,0.79739666,0.744359,0.7768149,0.77397126,0.74481547,0.7602867,0.7600451,0.75787777,0.7494564
2025-01-01 12:15:00,0.7959927,0.7758857,0.7973784,0.74432564,0.77677834,0.77393115,0.7447925,0.7602591,0.760022,0.75785345,0.74943066
2025-01-01 12:16:00,0.7959989,0.77588004,0.7973634,0.7442969,0.7767465,0.77389693,0.7447735,0.7602382,0.7600059,0.7578365,0.74941164
2025-01-01 12:17:00,0.7960062,0.77587676,0.7973508,0.74427193,0.7767184,0.7738675,0.74475765,0.76022255,0.75999534,0.75782555,0.74939805
2025-01-01 12:18:00,0.7960144,0.77587533,0.7973403,0.7442499,0.7766933,0.77384186,0.7447444,0.76021117,0.7599893,0.75781935,0.74938875
2025-01-01 12:19:00,0.7960234,0.7758754,0.79733133,0.74423033,0.7766706,0.7738193,0.7447333,0.76020324,0.7599868,0.7578169,0.74938285
2025-01-01 12:20:00,0.7960331,0.7758767,0.79732364,0.74421257,0.7766498,0.77379924,0.74472374,0.76019806,0.75998724,0.7578175,0.7493797
2025-01-01 12:21:00,0.7960432,0.7758789,0.7973169,0.74419636,0.7766305,0.7737811,0.74471563,0.76019514,0.75999,0.75782055,0.74937874
2025-01-01 12:22:00,0.79605365,0.7758819,0.797311,0.74418133,0.7766126,0.7737646,0.74470854,0.76019394,0.75999445,0.75782543,0.7493795
2025-01-01 12:23:00,0.79606444,0.77588546,0.79730576,0.74416727,0.77659553,0.77374935,0.7447024,0.7601942,0.7600005,0.7578319,0.74938166
2025-01-01 12:24:00,0.7960754,0.77588946,0.79730093,0.744154,0.77657926,0.7737351,0.7446969,0.7601956,0.7600078,0.75783956,0.749385
2025-01-01 12:25:00,0.79608655,0.7758938,0.7972965,0.7441413,0.77656364,0.7737217,0.744692,0.76019794,0.76001596,0.75784826,0.7493891
2025-01-01 12:26:00,0.7960979,0.7758984,0.7972924,0.74412906,0.7765485,0.77370894,0.7446876,0.76020104,0.76002496,0.7578578,0.74939394
2025-01-01 12:27:00,0.79610926,0.7759033,0.7972885,0.7441172,0.7765338,0.7736968,0.74468356,0.7602048,0.76003456,0.7578679,0.7493993
2025-01-01 12:28:00,0.79612076,0.77590823,0.7972847,0.7441056,0.77651936,0.77368504,0.74467987,0.760209,0.7600447,0.7578785,0.7494051
2025-01-01 12:29:00,0.7961323,0.77591336,0.7972811,0.7440943,0.77650523,0.7736737,0.7446764,0.7602137,0.7600552,0.7578895,0.7494112
2025-01-01 12:30:00,0.7958577,0.7754468,0.79675394,0.7434295,0.7757709,0.7727847,0.7441152,0.7592715,0.7590584,0.7568493,0.7484619
2025-01-01 12:31:00,0.7956404,0.7750746,0.7963315,0.74289554,0.7751808,0.77207154,0.74366575,0.75851905,0.75826347,0.7560197,0.7477039
2025-01-01 12:32:00,0.79546887,0.77477795,0.795993,0.7424663,0.7747062,0.77149904,0.7433058,0.7579184,0.75762993,0.7553585,0.747099
2025-01-01 12:33:00,0.795334,0.7745417,0.7957214,0.74212074,0.77432376,0.77103907,0.7430174,0.75743914,0.7571255,0.754832,0.74661654
2025-01-01 12:34:00,0.7952285,0.77435374,0.7955035,0.7418422,0.77401525,0.77066916,0.7427862,0.75705713,0.7567245,0.75441337,0.7462319
2025-01-01 12:35:00,0.79514635,0.7742045,0.7953285,0.74161726,0.77376586,0.7703713,0.74260086,0.7567528,0.75640607,0.7540809,0.7459257
2025-01-01 12:36:00,0.7950829,0.77408606,0.7951878,0.74143517,0.7735637,0.7701311,0.74245226,0.7565106,0.75615376,0.75381744,0.7456822
2025-01-01 12:37:00,0.7950345,0.77399236,0.7950745,0.7412873,0.7733993,0.769937,0.74233294,0.7563183,0.75595444,0.7536092,0.7454887
2025-01-01 12:38:00,0.79499817,0.77391845,0.7949831,0.7411669,0.7732652,0.7697798,0.74223715,0.75616574,0.75579745,0.753445,0.7453354
2025-01-01 12:39:00,0.79497135,0.7738603,0.7949093,0.74106836,0.77315533,0.7696521,0.74216014,0.75604504,0.75567424,0.75331616,0.74521405
2025-01-01 12:40:00,0.7949522,0.77381474,0.7948495,0.7409874,0.7730648,0.7695481,0.7420983,0.7559499,0.7555782,0.75321555,0.7451184
2025-01-01 12:41:00,0.79493916,0.7737793,0.7948009,0.7409205,0.77298975,0.769463,0.7420484,0.7558751,0.75550383,0.7531375,0.7450432
2025-01-01 12:42:00,0.794931,0.7737519,0.79476124,0.7408648,0.7729271,0.769393,0.7420082,0.7558167,0.7554468,0.75307757,0.74498445
2025-01-01 12:43:00,0.7949268,0.773731,0.79472864,0.740818,0.77287436,0.76933515,0.7419757,0.75577134,0.7554037,0.7530321,0.74493873
2025-01-01 12:44:00,0.79492575,0.7737152,0.7947018,0.7407784,0.7728296,0.76928693,0.74194944,0.7557365,0.75537175,0.7529982,0.74490356
2025-01-01 12:45:00,0.7949271,0.7737035,0.79467964,0.74074453,0.77279115,0.7692465,0.7419281,0.75570995,0.75534856,0.7529735,0.7448767
2025-01-01 12:46:00,0.7949305,0.7736951,0.794661,0.74071527,0.77275777,0.7692124,0.74191076,0.75569016,0.7553326,0.75295615,0.74485654
2025-01-01 12:47:00,0.7949355,0.7736893,0.79464525,0.74068964,0.7727285,0.7691832,0.7418966,0.75567585,0.7553223,0.75294477,0.74484175
2025-01-01 12:48:00,0.7949417,0.7736856,0.79463184,0.74066687,0.77270246,0.769158,0.74188507,0.7556658,0.75531656,0.7529381,0.7448312
2025-01-01 12:49:00,0.79494894,0.7736835,0.7946203,0.7406465,0.77267903,0.7691361,0.7418756,0.75565916,0.7553144,0.7529352,0.7448241
2025-01-01 12:50:00,0.7949569,0.7736827,0.79461014,0.74062794,0.7726577,0.7691167,0.7418678,0.7556554,0.75531524,0.75293523,0.74481964
2025-01-01 12:51:00,0.7949656,0.77368295,0.7946012,0.74061084,0.77263796,0.76909935,0.7418613,0.7556538,0.75531846,0.7529378,0.7448174
2025-01-01 12:52:00,0.79497474,0.77368397,0.79459316,0.740595,0.77261966,0.7690837,0.7418559,0.7556541,0.75532347,0.7529422,0.7448168
2025-01-01 12:53:00,0.7949843,0.7736857,0.7945858,0.74058,0.7726024,0.7690693,0.74185145,0.75565577,0.75533,0.7529482,0.74481755
2025-01-01 12:54:00,0.7949942,0.77368796,0.794579,0.7405658,0.772586,0.7690561,0.7418477,0.75565857,0.7553378,0.75295544,0.7448194
2025-01-01 12:55:00,0.79500425,0.7736905,0.79457265,0.7405522,0.77257025,0.7690437,0.7418444,0.7556624,0.75534654,0.7529636,0.7448221
2025-01-01 12:56:00,0.7950145,0.77369344,0.7945667,0.740539,0.77255505,0.769032,0.74184173,0.7556669,0.755356,0.75297254,0.74482554
2025-01-01 12:57:00,0.79502493,0.7736966,0.79456097,0.7405262,0.77254033,0.7690209,0.7418394,0.7556721,0.7553662,0.7529821,0.7448295
2025-01-01 12:58:00,0.7950355,0.77369994,0.7945554,0.7405137,0.77252597,0.7690103,0.7418374,0.75567776,0.7553768,0.75299215,0.74483377
2025-01-01 12:59:00,0.7950461,0.7737034,0.79455,0.7405014,0.7725119,0.76900005,0.74183565,0.7556838,0.75538784,0.7530026,0.7448384
2025-01-01 13:00:00,0.79470396,0.7732005,0.79396415,0.7398641,0.7717354,0.7680895,0.7412857,0.7547484,0.75439036,0.7519834,0.7439145
2025-01-01 13:01:00,0.79443246,0.772799,0.7934944,0.73935205,0.7711117,0.7673593,0.7408456,0.7540016,0.75359493,0.7511704,0.7431765
2025-01-01 13:02:00,0.7942174,0.7724786,0.7931177,0.73894006,0.7706101,0.76677346,0.7404934,0.7534058,0.75296116,0.7505225,0.74258727
2025-01-01 13:03:00,0.7940475,0.77222294,0.7928153,0.7386082,0.77020633,0.7663031,0.74021167,0.75293076,0.7524566,0.75000644,0.74211705
2025-01-01 13:04:00,0.7939137,0.77201915,0.79257244,0.7383404,0.7698807,0.7659251,0.7399861,0.75255233,0.7520556,0.74959606,0.74174196
2025-01-01 13:05:00,0.7938089,0.7718569,0.79237705,0.7381238,0.7696176,0.765621,0.73980564,0.75225115,0.7517373,0.7492701,0.74144304
2025-01-01 13:06:00,0.7937271,0.77172774,0.79221976,0.73794824,0.76940453,0.76537603,0.7396613,0.75201184,0.7514852,0.74901164,0.74120504
2025-01-01 13:07:00,0.79366386,0.77162516,0.79209286,0.7378055,0.76923156,0.7651784,0.7395457,0.751822,0.75128615,0.74880725,0.74101573
2025-01-01 13:08:00,0.7936154,0.7715438,0.7919903,0.7376889,0.7690906,0.7650186,0.7394532,0.7516718,0.75112945,0.7486461,0.7408654
2025-01-01 13:09:00,0.79357874,0.7714794,0.7919072,0.73759335,0.76897526,0.7648891,0.73937917,0.7515532,0.7510066,0.7485195,0.7407462
2025-01-01 13:10:00,0.7935515,0.7714286,0.79183966,0.7375145,0.7688804,0.7647839,0.73932,0.75146,0.7509109,0.74842054,0.74065197
2025-01-01 13:11:00,0.79353184,0.77138853,0.79178447,0.7374491,0.768802,0.764698,0.73927265,0.7513871,0.75083685,0.7483437,0.7405776
2025-01-01 13:12:00,0.79351825,0.7713572,0.7917393,0.73739445,0.7687367,0.7646277,0.7392348,0.7513305,0.7507803,0.74828464,0.74051917
2025-01-01 13:13:00,0.7935094,0.7713327,0.79170203,0.73734844,0.76868194,0.7645698,0.7392045,0.7512868,0.75073755,0.74823964,0.74047345
2025-01-01 13:14:00,0.7935044,0.7713137,0.7916711,0.73730916,0.7686355,0.76452196,0.7391804,0.75125355,0.75070596,0.74820596,0.7404379
2025-01-01 13:15:00,0.7935025,0.77129924,0.7916452,0.7372755,0.7685958,0.764482,0.73916113,0.75122863,0.75068325,0.74818134,0.7404105
2025-01-01 13:16:00,0.79350305,0.7712882,0.79162335,0.7372461,0.7685615,0.7644485,0.7391458,0.75121045,0.75066763,0.74816394,0.7403896
2025-01-01 13:17:00,0.7935056,0.77127993,0.79160476,0.7372202,0.76853156,0.76442003,0.7391336,0.75119764,0.75065774,0.7481523,0.74037385
2025-01-01 13:18:00,0.79350966,0.771274,0.79158866,0.73719716,0.768505,0.7643958,0.73912394,0.75118905,0.75065243,0.74814534,0.7403622
2025-01-01 13:19:00,0.793515,0.77126974,0.7915747,0.73717636,0.7684812,0.76437473,0.7391163,0.7511839,0.75065076,0.74814206,0.74035394
2025-01-01 13:20:00,0.79352134,0.7712669,0.7915624,0.73715734,0.7684597,0.76435643,0.7391103,0.75118154,0.750652,0.7481417,0.7403483
2025-01-01 13:21:00,0.7935284,0.7712652,0.7915513,0.73713964,0.7684399,0.76434016,0.73910564,0.7511814,0.75065565,0.7481437,0.74034464
2025-01-01 13:22:00,0.79353607,0.7712644,0.7915412,0.73712313,0.7684216,0.76432556,0.73910207,0.75118303,0.7506611,0.74814755,0.7403428
2025-01-01 13:23:00,0.79354423,0.7712642,0.7915319,0.7371075,0.76840436,0.76431245,0.7390993,0.75118613,0.75066805,0.7481529,0.74034214
2025-01-01 13:24:00,0.7935528,0.7712646,0.7915233,0.7370926,0.7683881,0.7643004,0.7390973,0.7511903,0.7506762,0.7481594,0.7403426
2025-01-01 13:25:00,0.7935617,0.77126545,0.7915152,0.73707825,0.76837254,0.76428926,0.7390958,0.7511955,0.75068533,0.748167,0.74034387
2025-01-01 13:26:00,0.79357076,0.7712666,0.7915075,0.73706436,0.7683576,0.7642788,0.73909485,0.7512014,0.7506952,0.7481752,0.7403458
2025-01-01 13:27:00,0.79358006,0.77126795,0.7915,0.7370509,0.7683431,0.764269,0.73909426,0.75120795,0.7507057,0.748184,0.7403482
2025-01-01 13:28:00,0.7935894,0.7712696,0.79149276,0.73703766,0.76832896,0.76425964,0.739094,0.7512149,0.75071675,0.7481934,0.740351
2025-01-01 13:29:00,0.7935989,0.77127135,0.7914857,0.7370246,0.76831514,0.7642507,0.739094,0.7512224,0.75072813,0.74820304,0.7403542
2025-01-01 13:30:00,0.793195,0.77074116,0.7908516,0.73642623,0.7675103,0.7633349,0.738565,0.7503103,0.74974775,0.74722296,0.739472
2025-01-01 13:31:00,0.7928739,0.77031744,0.790343,0.73594505,0.76686394,0.7626008,0.73814213,0.74958247,0.74896604,0.74644107,0.7387671
2025-01-01 13:32:00,0.79261893,0.76997894,0.7899348,0.7355576,0.7663443,0.76201206,0.737804,0.749002,0.7483432,0.7458178,0.738204
2025-01-01 13:33:00,0.79241693,0.7697085,0.7896069,0.73524535,0.7659262,0.76153964,0.73753375,0.74853945,0.7478476,0.74532133,0.73775434
2025-01-01 13:34:00,0.7922573,0.7694926,0.78934336,0.73499304,0.7655891,0.76116025,0.73731786,0.74817127,0.7474537,0.74492645,0.73739547
2025-01-01 13:35:00,0.7921315,0.76932025,0.78913116,0.7347887,0.76531696,0.7608554,0.7371454,0.7478787,0.74714124,0.7446127,0.7371091
2025-01-01 13:36:00,0.79203284,0.76918274,0.78896004,0.7346228,0.76509684,0.76061004,0.7370078,0.7476464,0.7468938,0.7443639,0.7368809
2025-01-01 13:37:00,0.79195577,0.76907307,0.7888218,0.73448765,0.7649182,0.76041234,0.736898,0.74746245,0.7466985,0.74416703,0.73669904
2025-01-01 13:38:00,0.79189605,0.76898575,0.7887098,0.734377,0.7647728,0.76025283,0.73681045,0.7473172,0.7465449,0.74401176,0.7365544
2025-01-01 13:39:00,0.79185015,0.76891625,0.7886189,0.73428607,0.76465404,0.76012385,0.73674077,0.7472029,0.7464246,0.7438897,0.73643935
2025-01-01 13:40:00,0.7918153,0.7688609,0.78854483,0.73421085,0.7645565,0.7600193,0.7366853,0.74711335,0.746331,0.7437942,0.73634815
2025-01-01 13:41:00,0.7917893,0.76881695,0.78848416,0.7341482,0.76447606,0.7599343,0.7366413,0.7470436,0.7462587,0.74371994,0.7362759
2025-01-01 13:42:00,0.79177046,0.76878214,0.7884342,0.7340956,0.76440924,0.7598649,0.7366065,0.7469897,0.7462035,0.74366266,0.73621887
2025-01-01 13:43:00,0.79175717,0.7687546,0.7883929,0.734051,0.76435333,0.7598081,0.736579,0.74694854,0.74616194,0.743619,0.7361739
2025-01-01 13:44:00,0.79174846,0.76873285,0.7883584,0.7340128,0.7643061,0.75976133,0.73655736,0.7469175,0.7461313,0.74358624,0.7361387
2025-01-01 13:45:00,0.79174334,0.76871574,0.78832936,0.73397976,0.7642659,0.7597226,0.7365405,0.74689466,0.7461095,0.74356216,0.7361112
2025-01-01 13:46:00,0.7917411,0.76870227,0.7883047,0.73395085,0.76423126,0.7596903,0.73652744,0.74687827,0.7460946,0.743545,0.7360899
2025-01-01 13:47:00,0.79174113,0.7686918,0.7882835,0.7339252,0.76420116,0.7596631,0.73651737,0.7468672,0.7460853,0.7435334,0.7360735
2025-01-01 13:48:00,0.791743,0.7686836,0.7882651,0.7339022,0.76417464,0.7596401,0.7365098,0.74686027,0.7460805,0.74352616,0.7360611
2025-01-01 13:49:00,0.7917463,0.76867735,0.78824896,0.7338813,0.7641509,0.75962037,0.73650414,0.7468567,0.74607927,0.7435225,0.7360518
2025-01-01 13:50:00,0.7917507,0.7686725,0.7882346,0.7338621,0.7641296,0.7596033,0.73650014,0.7468558,0.74608094,0.7435217,0.73604494
2025-01-01 13:51:00,0.79175615,0.7686689,0.7882216,0.73384416,0.76411,0.7595885,0.73649734,0.7468571,0.74608487,0.7435232,0.7360402
2025-01-01 13:52:00,0.79176223,0.76866615,0.7882097,0.7338273,0.764092,0.75957537,0.73649555,0.7468601,0.7460906,0.7435264,0.73603696
2025-01-01 13:53:00,0.7917689,0.7686642,0.78819865,0.7338113,0.7640752,0.7595636,0.7364947,0.74686456,0.7460978,0.7435311,0.7360349
2025-01-01 13:54:00,0.791776,0.76866275,0.7881883,0.73379606,0.7640593,0.759553,0.7364945,0.74687004,0.7461062,0.7435369,0.736034
2025-01-01 13:55:00,0.79178345,0.7686618,0.7881785,0.7337813,0.76404417,0.75954324,0.7364948,0.74687654,0.74611557,0.7435436,0.7360338
2025-01-01 13:56:00,0.7917912,0.76866114,0.78816915,0.7337669,0.7640297,0.75953424,0.73649555,0.7468837,0.7461257,0.743551,0.7360342
2025-01-01 13:57:00,0.7917991,0.7686608,0.78816015,0.7337529,0.76401573,0.75952584,0.73649675,0.7468915,0.74613637,0.743559,0.7360351
2025-01-01 13:58:00,0.7918072,0.7686606,0.78815144,0.73373914,0.7640021,0.75951797,0.73649824,0.7468997,0.7461476,0.74356747,0.73603636
2025-01-01 13:59:00,0.7918154,0.7686606,0.78814286,0.7337256,0.7639888,0.75951046,0.73649997,0.74690837,0.74615914,0.7435762,0.7360379
2025-01-01 14:00:00,0.7913572,0.76811266,0.78747183,0.73317695,0.76317024,0.7586058,0.7360016,0.7460361,0.7452135,0.7426529,0.7352134
2025-01-01 14:01:00,0.7909924,0.76767445,0.7869334,0.7327354,0.762513,0.7578809,0.7356035,0.74534035,0.7444596,0.74191624,0.7345543
2025-01-01 14:02:00,0.7907023,0.767324,0.7865011,0.7323797,0.7619848,0.75729984,0.73528564,0.7447858,0.7438591,0.7413289,0.73402756
2025-01-01 14:03:00,0.7904719,0.76704365,0.7861537,0.7320925,0.7615599,0.75683385,0.7350319,0.74434423,0.7433813,0.74086106,0.73360664
2025-01-01 14:04:00,0.7902892,0.7668194,0.78587407,0.7318602,0.76121765,0.75645995,0.73482955,0.743993,0.7430017,0.74048877,0.73327035
2025-01-01 14:05:00,0.79014486,0.7666401,0.7856488,0.73167187,0.76094145,0.7561597,0.73466825,0.74371415,0.74270064,0.74019295,0.7330018
2025-01-01 14:06:00,0.79003096,0.7664967,0.78546697,0.73151857,0.76071817,0.75591844,0.7345399,0.74349314,0.7424624,0.7399583,0.73278743
2025-01-01 14:07:00,0.78994155,0.76638204,0.7853199,0.7313934,0.76053715,0.7557243,0.7344378,0.7433185,0.7422744,0.7397725,0.7326164
2025-01-01 14:08:00,0.7898717,0.7662903,0.7852006,0.7312907,0.76039004,0.7555679,0.7343569,0.7431809,0.74212664,0.7396259,0.73248
2025-01-01 14:09:00,0.78981745,0.7662169,0.7851035,0.731206,0.76027,0.75544167,0.73429275,0.74307287,0.7420111,0.73951054,0.73237133
2025-01-01 14:10:00,0.78977567,0.76615816,0.78502417,0.73113567,0.7601716,0.7553397,0.7342421,0.7429886,0.74192125,0.7394202,0.7322848
2025-01-01 14:11:00,0.7897439,0.76611114,0.7849591,0.7310768,0.76009053,0.755257,0.73420227,0.74292326,0.7418519,0.73934984,0.732216
2025-01-01 14:12:00,0.7897201,0.76607347,0.78490525,0.7310271,0.7600234,0.75518984,0.73417115,0.7428732,0.7417992,0.73929554,0.73216134
2025-01-01 14:13:00,0.7897027,0.76604337,0.78486055,0.7309848,0.7599673,0.75513506,0.73414695,0.7428352,0.7417596,0.73925406,0.73211795
2025-01-01 14:14:00,0.7896903,0.76601917,0.78482306,0.7309484,0.75992024,0.7550902,0.73412824,0.74280703,0.7417305,0.7392227,0.7320836
2025-01-01 14:15:00,0.78968203,0.76599973,0.7847914,0.73091674,0.7598802,0.75505334,0.73411405,0.74278665,0.7417099,0.7391996,0.73205656
2025-01-01 14:16:00,0.7896771,0.7659841,0.78476435,0.7308888,0.75984585,0.7550228,0.7341035,0.74277246,0.741696,0.739183,0.7320352
2025-01-01 14:17:00,0.78967464,0.7659716,0.784741,0.73086387,0.7598161,0.75499743,0.7340958,0.7427633,0.7416875,0.73917156,0.7320185
2025-01-01 14:18:00,0.7896743,0.7659614,0.7847206,0.7308413,0.75979,0.7549761,0.73409045,0.7427581,0.74168324,0.7391644,0.7320055
2025-01-01 14:19:00,0.78967553,0.7659531,0.7847026,0.73082066,0.7597668,0.7549581,0.7340869,0.7427562,0.7416825,0.7391605,0.73199534
2025-01-01 14:20:00,0.7896781,0.76594645,0.7846864,0.7308016,0.759746,0.7549427,0.73408484,0.7427568,0.74168456,0.7391592,0.73198754
2025-01-01 14:21:00,0.7896817,0.7659409,0.78467166,0.7307837,0.7597271,0.7549295,0.73408395,0.7427595,0.7416888,0.7391601,0.7319816
2025-01-01 14:22:00,0.7896861,0.7659364,0.7846582,0.7307669,0.75970966,0.754918,0.73408407,0.7427639,0.74169475,0.7391627,0.73197716
2025-01-01 14:23:00,0.7896911,0.76593256,0.78464556,0.7307508,0.7596935,0.75490785,0.734085,0.7427696,0.7417022,0.73916656,0.7319738
2025-01-01 14:24:00,0.78969663,0.7659294,0.7846337,0.73073536,0.7596783,0.7548988,0.7340866,0.74277633,0.74171066,0.7391715,0.73197144
2025-01-01 14:25:00,0.7897026,0.76592666,0.78462243,0.7307204,0.7596639,0.7548907,0.73408866,0.74278396,0.7417201,0.73917735,0.7319698
2025-01-01 14:26:00,0.7897088,0.7659242,0.7846116,0.7307058,0.75965005,0.7548832,0.7340912,0.74279225,0.7417302,0.73918384,0.7319687
2025-01-01 14:27:00,0.7897153,0.7659221,0.78460115,0.73069155,0.7596368,0.75487643,0.73409414,0.74280113,0.7417409,0.7391908,0.731968
2025-01-01 14:28:00,0.78972197,0.7659202,0.784591,0.7306776,0.75962394,0.7548702,0.73409736,0.7428105,0.7417521,0.7391982,0.7319677
2025-01-01 14:29:00,0.78972876,0.7659185,0.78458107,0.7306638,0.7596114,0.7548643,0.7341008,0.7428202,0.74176365,0.73920596,0.7319676
2025-01-01 14:30:00,0.7892244,0.76536256,0.783885,0.73017436,0.7587935,0.75398684,0.73364186,0.7420032,0.7408696,0.7383558,0.73121536
2025-01-01 14:31:00,0.78882235,0.7649175,0.7833263,0.72978026,0.75813687,0.75328404,0.73327565,0.74135184,0.74015695,0.73767745,0.7306137
2025-01-01 14:32:00,0.78850216,0.76456124,0.7828775,0.7294624,0.7576094,0.7527209,0.7329835,0.74083304,0.7395894,0.7371366,0.7301326
2025-01-01 14:33:00,0.78824747,0.76427597,0.7825166,0.7292054,0.7571852,0.7522696,0.73275083,0.7404203,0.73913795,0.73670566,0.7297478
2025-01-01 14:34:00,0.7880451,0.76404744,0.782226,0.7289973,0.7568437,0.7519078,0.7325656,0.7400923,0.7387794,0.73636264,0.7294401
2025-01-01 14:35:00,0.7878846,0.76386434,0.7819917,0.7288282,0.75656825,0.75161755,0.73241836,0.7398322,0.7384951,0.73609,0.7291941
2025-01-01 14:36:00,0.78775764,0.7637176,0.78180236,0.72869027,0.75634575,0.7513846,0.73230153,0.7396264,0.73827034,0.73587364,0.7289974
2025-01-01 14:37:00,0.7876574,0.7635998,0.78164905,0.7285774,0.75616556,0.7511974,0.732209,0.73946404,0.7380931,0.7357023,0.7288402
2025-01-01 14:38:00,0.7875786,0.7635053,0.7815245,0.7284844,0.75601923,0.7510469,0.732136,0.7393365,0.7379539,0.7355669,0.72871447
2025-01-01 14:39:00,0.787517,0.7634293,0.7814229,0.7284074,0.75589997,0.7509257,0.7320786,0.7392367,0.73784506,0.73546034,0.72861403
2025-01-01 14:40:00,0.787469,0.7633681,0.78133976,0.7283432,0.75580245,0.750828,0.7320337,0.73915917,0.7377606,0.7353768,0.72853374
2025-01-01 14:41:00,0.78743196,0.7633189,0.78127134,0.7282892,0.7557222,0.7507492,0.73199874,0.7390995,0.7376956,0.7353116,0.7284696
2025-01-01 14:42:00,0.7874037,0.7632791,0.78121465,0.7282434,0.75565594,0.7506854,0.73197186,0.739054,0.73764616,0.7352612,0.7284183
2025-01-01 14:43:00,0.7873824,0.7632469,0.7811674,0.72820413,0.7556008,0.75063366,0.73195136,0.73902,0.7376092,0.7352226,0.7283773
2025-01-01 14:44:00,0.7873667,0.7632207,0.78112763,0.7281701,0.75555456,0.7505916,0.731936,0.7389951,0.7375822,0.7351933,0.7283445
2025-01-01 14:45:00,0.7873554,0.7631994,0.78109384,0.72814023,0.7555154,0.75055724,0.7319248,0.7389775,0.7375632,0.73517156,0.72831833
2025-01-01 14:46:00,0.78734773,0.76318187,0.7810649,0.7281138,0.75548196,0.75052905,0.73191684,0.73896575,0.73755056,0.7351558,0.72829735
2025-01-01 14:47:00,0.7873429,0.76316744,0.7810398,0.7280899,0.7554531,0.75050586,0.7319116,0.7389587,0.737543,0.73514485,0.7282806
2025-01-01 14:48:00,0.7873402,0.7631554,0.7810177,0.7280683,0.7554279,0.7504866,0.7319085,0.73895544,0.73753947,0.7351377,0.7282672
2025-01-01 14:49:00,0.7873394,0.7631454,0.78099805,0.7280483,0.75540566,0.75047064,0.7319071,0.73895514,0.7375393,0.7351336,0.7282564
2025-01-01 14:50:00,0.78734,0.7631369,0.78098035,0.7280297,0.75538576,0.75045717,0.73190707,0.7389573,0.7375416,0.735132,0.72824776
2025-01-01 14:51:00,0.7873417,0.76312965,0.78096426,0.72801226,0.75536776,0.7504458,0.73190814,0.73896134,0.737546,0.7351323,0.7282408
2025-01-01 14:52:00,0.7873444,0.76312333,0.78094935,0.72799563,0.75535125,0.75043607,0.7319102,0.738967,0.73755217,0.7351341,0.7282352
2025-01-01 14:53:00,0.78734773,0.7631178,0.7809354,0.7279797,0.755336,0.75042766,0.731913,0.73897386,0.7375596,0.73513716,0.72823054
2025-01-01 14:54:00,0.7873516,0.76311284,0.7809223,0.7279644,0.75532174,0.75042045,0.7319163,0.7389817,0.7375681,0.7351412,0.7282268
2025-01-01 14:55:00,0.78735596,0.7631084,0.78090966,0.7279495,0.7553083,0.750414,0.7319202,0.7389904,0.7375774,0.73514605,0.7282237
2025-01-01 14:56:00,0.7873606,0.76310426,0.7808976,0.72793496,0.75529546,0.75040835,0.7319245,0.7389998,0.7375874,0.7351514,0.7282211
2025-01-01 14:57:00,0.78736556,0.76310045,0.7808859,0.7279207,0.7552831,0.7504032,0.731929,0.7390096,0.73759794,0.7351573,0.7282189
2025-01-01 14:58:00,0.7873706,0.7630968,0.78087455,0.72790664,0.75527126,0.75039864,0.7319339,0.7390199,0.7376089,0.7351635,0.72821707
2025-01-01 14:59:00,0.78737587,0.76309335,0.78086334,0.7278928,0.75525975,0.7503944,0.73193896,0.7390305,0.73762023,0.73517007,0.7282154
2025-01-01 15:00:00,0.7868344,0.7625393,0.78015476,0.7274715,0.7544571,0.7495598,0.7315276,0.7382834,0.73679364,0.73440826,0.7275489
2025-01-01 15:01:00,0.7864024,0.76209545,0.77958584,0.7271318,0.75381297,0.74889165,0.7311998,0.73768806,0.7361349,0.73380035,0.7270155
2025-01-01 15:02:00,0.7860579,0.76173973,0.7791286,0.7268574,0.75329566,0.7483566,0.7309388,0.73721427,0.7356104,0.7333155,0.7265886
2025-01-01 15:03:00,0.7857834,0.7614546,0.77876073,0.7266353,0.7528798,0.7479281,0.73073125,0.7368376,0.7351934,0.73292917,0.7262469
2025-01-01 15:04:00,0.78556496,0.7612258,0.7784643,0.726455,0.7525451,0.74758476,0.73056644,0.73653877,0.73486227,0.73262155,0.72597337
2025-01-01 15:05:00,0.7853913,0.7610422,0.7782251,0.72630817,0.75227547,0.74730974,0.73043585,0.7363021,0.7345998,0.73237693,0.7257543
2025-01-01 15:06:00,0.78525347,0.76089466,0.77803165,0.72618806,0.75205773,0.7470892,0.7303327,0.73611516,0.73439246,0.7321827,0.72557884
2025-01-01 15:07:00,0.7851443,0.760776,0.7778748,0.72608936,0.75188154,0.74691236,0.7302514,0.73596805,0.734229,0.7320288,0.72543824
2025-01-01 15:08:00,0.785058,0.7606803,0.7777472,0.72600776,0.7517386,0.74677044,0.73018765,0.7358528,0.7341008,0.7319071,0.7253255
2025-01-01 15:09:00,0.7849901,0.76060313,0.777643,0.72593987,0.7516224,0.74665654,0.730138,0.7357631,0.73400074,0.7318112,0.72523504
2025-01-01 15:10:00,0.7849368,0.7605407,0.7775575,0.7258829,0.75152737,0.746565,0.7300996,0.73569375,0.73392314,0.73173594,0.7251624
2025-01-01 15:11:00,0.7848952,0.76049006,0.77748704,0.7258348,0.75144947,0.7464913,0.7300702,0.7356407,0.73386353,0.7316771,0.725104
2025-01-01 15:12:00,0.784863,0.7604488,0.7774285,0.7257936,0.75138515,0.746432,0.73004794,0.73560077,0.73381835,0.7316315,0.725057
2025-01-01 15:13:00,0.7848382,0.76041514,0.7773795,0.725758,0.75133187,0.74638414,0.73003155,0.73557127,0.73378474,0.7315964,0.7250191
2025-01-01 15:14:00,0.7848194,0.7603874,0.77733815,0.725727,0.7512872,0.7463455,0.73001975,0.7355501,0.7337603,0.7315697,0.7249885
2025-01-01 15:15:00,0.78480536,0.76036453,0.777303,0.72569954,0.7512497,0.7463143,0.7300117,0.7355356,0.73374325,0.73154974,0.72496367
2025-01-01 15:16:00,0.7847951,0.7603455,0.7772726,0.725675,0.7512177,0.74628896,0.7300066,0.7355265,0.73373204,0.7315352,0.7249435
2025-01-01 15:17:00,0.7847879,0.7603295,0.7772461,0.7256527,0.7511903,0.7462684,0.7300039,0.73552173,0.7337256,0.7315248,0.72492695
2025-01-01 15:18:00,0.78478307,0.7603159,0.7772228,0.7256323,0.7511665,0.7462516,0.7300031,0.73552036,0.7337228,0.7315179,0.7249134
2025-01-01 15:19:00,0.7847802,0.7603042,0.77720195,0.72561336,0.75114554,0.7462379,0.7300039,0.73552173,0.7337231,0.73151374,0.7249022
2025-01-01 15:20:00,0.78477883,0.7602941,0.77718306,0.72559553,0.7511269,0.7462266,0.730006,0.73552537,0.73372585,0.7315117,0.72489285
2025-01-01 15:21:00,0.7847787,0.7602852,0.7771658,0.7255787,0.75111014,0.74621725,0.730009,0.73553073,0.73373044,0.7315115,0.7248849
2025-01-01 15:22:00,0.7847795,0.7602773,0.7771497,0.72556263,0.7510949,0.74620956,0.7300129,0.7355375,0.7337365,0.73151255,0.72487825
2025-01-01 15:23:00,0.78478104,0.76027,0.77713466,0.7255472,0.7510809,0.7462031,0.7300174,0.7355455,0.7337439,0.73151475,0.72487247
2025-01-01 15:24:00,0.78478324,0.7602634,0.7771204,0.72553223,0.75106776,0.7461977,0.73002255,0.73555434,0.7337522,0.7315178,0.7248674
2025-01-01 15:25:00,0.78478587,0.7602573,0.7771068,0.7255177,0.7510555,0.7461932,0.7300281,0.73556393,0.73376125,0.7315215,0.72486293
2025-01-01 15:26:00,0.78478885,0.7602515,0.77709365,0.7255034,0.75104386,0.7461893,0.730034,0.73557407,0.73377097,0.7315257,0.7248589
2025-01-01 15:27:00,0.7847921,0.76024604,0.7770809,0.7254894,0.7510327,0.74618596,0.73004013,0.73558474,0.73378116,0.7315304,0.7248552
2025-01-01 15:28:00,0.7847956,0.7602408,0.7770685,0.72547555,0.75102204,0.7461831,0.7300466,0.7355957,0.7337917,0.7315354,0.7248517
2025-01-01 15:29:00,0.7847992,0.76023567,0.7770563,0.7254619,0.75101167,0.74618065,0.7300532,0.735607,0.7338026,0.7315406,0.72484857
2025-01-01 15:30:00,0.7842302,0.7596933,0.77634776,0.7251162,0.75023854,0.7454038,0.72969675,0.73494315,0.73305833,0.73088074,0.7242796
2025-01-01 15:31:00,0.7837758,0.7592586,0.7757787,0.724837,0.74961823,0.7447822,0.72941315,0.7344145,0.7324653,0.7303541,0.7238239
2025-01-01 15:32:00,0.7834132,0.75890994,0.7753212,0.72461116,0.74912024,0.74428475,0.7291878,0.7339941,0.7319933,0.7299339,0.7234589
2025-01-01 15:33:00,0.7831238,0.75863004,0.77495295,0.7244278,0.7487201,0.74388665,0.729009,0.73366034,0.7316181,0.729599,0.7231663
2025-01-01 15:34:00,0.7828931,0.75840515,0.77465606,0.72427857,0.74839824,0.743568,0.72886753,0.7333959,0.7313203,0.7293323,0.7229317
2025-01-01 15:35:00,0.7827094,0.75822425,0.7744162,0.7241566,0.748139,0.743313,0.7287559,0.7331868,0.73108447,0.7291201,0.7227435
2025-01-01 15:36:00,0.78256315,0.7580786,0.7742221,0.7240564,0.74792993,0.74310887,0.7286681,0.7330221,0.7308982,0.7289515,0.7225924
2025-01-01 15:37:00,0.7824469,0.75796103,0.7740645,0.7239737,0.7477609,0.74294543,0.7285995,0.7328929,0.7307515,0.7288178,0.7224709
2025-01-01 15:38:00,0.7823547,0.757866,0.7739361,0.72390497,0.747624,0.74281466,0.7285462,0.7327921,0.7306366,0.728712,0.7223731
2025-01-01 15:39:00,0.7822817,0.7577891,0.7738311,0.7238474,0.74751276,0.74270993,0.72850513,0.73271394,0.7305471,0.7286286,0.72229433
2025-01-01 15:40:00,0.782224,0.75772643,0.7737448,0.72379875,0.74742204,0.74262613,0.7284739,0.732654,0.73047775,0.7285629,0.7222307
2025-01-01 15:41:00,0.78217864,0.75767535,0.7736735,0.7237572,0.7473478,0.74255896,0.7284505,0.7326086,0.7304247,0.7285115,0.72217906
2025-01-01 15:42:00,0.782143,0.75763345,0.77361405,0.72372144,0.74728674,0.74250525,0.72843343,0.7325748,0.7303846,0.72847146,0.7221372
2025-01-01 15:43:00,0.78211516,0.7575989,0.7735642,0.7236903,0.74723613,0.7424622,0.7284214,0.7325503,0.73035485,0.7284405,0.72210306
2025-01-01 15:44:00,0.78209364,0.75757015,0.77352196,0.72366273,0.74719405,0.74242777,0.7284134,0.73253334,0.73033345,0.72841686,0.7220751
2025-01-01 15:45:00,0.782077,0.75754607,0.7734859,0.72363824,0.7471587,0.7424002,0.72840863,0.7325223,0.7303186,0.72839904,0.7220521
2025-01-01 15:46:00,0.78206444,0.75752574,0.77345467,0.723616,0.7471288,0.7423782,0.7284064,0.7325161,0.73030907,0.7283858,0.72203296
2025-01-01 15:47:00,0.782055,0.7575084,0.7734273,0.7235956,0.7471032,0.7423606,0.7284064,0.7325136,0.7303038,0.7283763,0.722017
2025-01-01 15:48:00,0.7820481,0.75749344,0.77340305,0.7235768,0.7470811,0.74234647,0.72840804,0.73251426,0.7303019,0.7283698,0.7220035
2025-01-01 15:49:00,0.7820432,0.7574804,0.77338135,0.7235592,0.74706185,0.7423352,0.72841096,0.7325173,0.7303027,0.72836554,0.7219921
2025-01-01 15:50:00,0.78203994,0.75746876,0.77336156,0.7235426,0.7470448,0.7423263,0.7284151,0.7325223,0.7303057,0.7283632,0.7219821
2025-01-01 15:51:00,0.7820379,0.7574584,0.7733434,0.72352666,0.74702954,0.7423192,0.72842,0.73252887,0.7303104,0.7283624,0.7219735
2025-01-01 15:52:00,0.7820369,0.7574489,0.7733266,0.7235114,0.74701583,0.7423136,0.7284257,0.73253673,0.7303164,0.72836274,0.72196585
2025-01-01 15:53:00,0.78203666,0.7574402,0.77331066,0.7234967,0.7470032,0.7423092,0.72843194,0.73254555,0.7303235,0.728364,0.72195894
2025-01-01 15:54:00,0.7820371,0.75743204,0.7732956,0.7234824,0.7469916,0.7423059,0.7284387,0.73255527,0.73033154,0.72836596,0.7219527
2025-01-01 15:55:00,0.78203803,0.7574244,0.7732811,0.72346836,0.7469807,0.74230325,0.72844577,0.73256564,0.73034024,0.7283686,0.7219469
2025-01-01 15:56:00,0.7820393,0.7574171,0.7732672,0.7234546,0.7469704,0.7423013,0.72845316,0.7325765,0.7303495,0.72837156,0.7219415
2025-01-01 15:57:00,0.78204083,0.75741005,0.7732536,0.72344106,0.74696064,0.7422998,0.7284608,0.73258775,0.73035914,0.7283749,0.72193635
2025-01-01 15:58:00,0.7820426,0.7574032,0.7732404,0.72342765,0.7469513,0.7422988,0.7284687,0.7325994,0.73036915,0.72837853,0.72193146
2025-01-01 15:59:00,0.78204453,0.7573965,0.7732274,0.7234145,0.7469423,0.7422981,0.7284768,0.7326112,0.7303794,0.7283824,0.7219267
2025-01-01 16:00:00,0.7814582,0.75687563,0.77253157,0.72315043,0.7462126,0.74159294,0.7281818,0.7320424,0.7297306,0.7278363,0.7214655
2025-01-01 16:01:00,0.7809896,0.7564577,0.7719725,0.7229367,0.7456273,0.741029,0.7279475,0.7315899,0.72921395,0.7274003,0.7210958
2025-01-01 16:02:00,0.7806152,0.75612205,0.7715228,0.7227632,0.74515754,0.740578,0.72776186,0.7312305,0.7288028,0.7270524,0.72079915
2025-01-01 16:03:00,0.78031623,0.75585234,0.7711607,0.72262186,0.7447803,0.74021745,0.7276152,0.73094565,0.7284761,0.72677493,0.72056097
2025-01-01 16:04:00,0.78007746,0.75563526,0.77086854,0.7225063,0.74447703,0.7399292,0.72749954,0.73072034,0.728217,0.72655386,0.7203695
2025-01-01 16:05:00,0.7798869,0.7554604,0.7706324,0.72241133,0.7442329,0.7396988,0.72740895,0.73054266,0.72801197,0.72637784,0.7202155
2025-01-01 16:06:00,0.7797349,0.7553192,0.77044106,0.7223329,0.7440362,0.7395147,0.72733825,0.7304031,0.72785014,0.72623795,0.7200914
2025-01-01 16:07:00,0.77961373,0.7552049,0.7702855,0.7222676,0.74387735,0.7393677,0.72728354,0.7302941,0.7277229,0.72612685,0.7199912
2025-01-01 16:08:00,0.77951723,0.7551122,0.77015865,0.7222129,0.7437488,0.73925036,0.7272416,0.7302095,0.72762334,0.7260388,0.71991014
2025-01-01 16:09:00,0.7794404,0.7550367,0.7700547,0.72216666,0.74364454,0.7391567,0.72720987,0.73014444,0.72754586,0.7259692,0.7198444
2025-01-01 16:10:00,0.77937937,0.75497496,0.7699691,0.7221271,0.7435598,0.73908216,0.7271864,0.73009497,0.7274861,0.72591436,0.7197908
2025-01-01 16:11:00,0.7793309,0.7549243,0.7698982,0.722093,0.7434905,0.73902273,0.72716945,0.7300581,0.72744054,0.72587126,0.719747
2025-01-01 16:12:00,0.7792926,0.7548824,0.769839,0.72206324,0.7434337,0.7389755,0.7271578,0.7300311,0.7274062,0.7258376,0.719711
2025-01-01 16:13:00,0.77926224,0.7548475,0.76978916,0.72203696,0.74338686,0.73893803,0.7271503,0.7300121,0.72738093,0.7258114,0.71968126
2025-01-01 16:14:00,0.7792383,0.75481826,0.7697468,0.7220135,0.74334794,0.73890835,0.72714627,0.7299996,0.72736293,0.7257912,0.71965647
2025-01-01 16:15:00,0.7792195,0.75479347,0.7697104,0.7219922,0.7433155,0.738885,0.7271449,0.7299922,0.72735065,0.72577584,0.71963567
2025-01-01 16:16:00,0.7792048,0.7547723,0.7696789,0.7219727,0.74328816,0.7388666,0.7271457,0.7299888,0.72734296,0.72576433,0.719618
2025-01-01 16:17:00,0.7791933,0.75475395,0.76965123,0.72195464,0.7432649,0.73885226,0.72714823,0.72998875,0.727339,0.7257558,0.7196029
2025-01-01 16:18:00,0.77918446,0.75473785,0.76962656,0.7219377,0.743245,0.7388412,0.72715217,0.7299913,0.72733796,0.72574973,0.71958977
2025-01-01 16:19:00,0.7791777,0.7547236,0.7696044,0.72192174,0.7432277,0.73883265,0.7271573,0.72999597,0.72733927,0.72574556,0.71957827
2025-01-01 16:20:00,0.77917254,0.75471073,0.7695841,0.7219065,0.7432125,0.7388263,0.7271633,0.7300024,0.7273424,0.72574294,0.719568
2025-01-01 16:21:00,0.7791687,0.754699,0.7695654,0.7218918,0.7431991,0.73882157,0.72717005,0.7300101,0.72734714,0.72574157,0.7195587
2025-01-01 16:22:00,0.77916586,0.7546882,0.76954794,0.7218777,0.74318707,0.7388182,0.7271774,0.73001885,0.727353,0.7257411,0.71955025
2025-01-01 16:23:00,0.7791639,0.75467813,0.7695314,0.72186387,0.74317616,0.73881596,0.72718525,0.7300285,0.72735983,0.7257414,0.7195424
2025-01-01 16:24:00,0.7791625,0.7546686,0.76951575,0.7218504,0.74316615,0.7388146,0.7271935,0.7300388,0.7273674,0.7257423,0.71953505
2025-01-01 16:25:00,0.7791617,0.75465953,0.76950073,0.7218372,0.7431568,0.73881394,0.72720206,0.7300497,0.72737557,0.72574365,0.7195281
2025-01-01 16:26:00,0.7791612,0.75465083,0.7694862,0.7218242,0.7431481,0.7388139,0.72721094,0.73006105,0.72738415,0.72574544,0.7195214
2025-01-01 16:27:00,0.77916104,0.7546423,0.769472,0.7218114,0.74313986,0.73881423,0.72722,0.73007274,0.72739315,0.72574747,0.7195149
2025-01-01 16:28:00,0.7791611,0.754634,0.7694582,0.7217988,0.74313205,0.73881507,0.72722924,0.7300847,0.72740245,0.7257497,0.7195086
2025-01-01 16:29:00,0.77916133,0.7546259,0.7694446,0.72178626,0.74312454,0.73881626,0.7272386,0.73009694,0.7274119,0.72575206,0.7195024
2025-01-01 16:30:00,0.778568,0.75413585,0.7687739,0.72160876,0.74245125,0.7381953,0.72701013,0.7296332,0.72687036,0.72532946,0.7191572
2025-01-01 16:31:00,0.7780935,0.7537423,0.7682348,0.72146434,0.7419114,0.7376991,0.7268294,0.7292649,0.7264392,0.7249919,0.7188799
2025-01-01 16:32:00,0.7777141,0.75342584,0.7678009,0.7213464,0.74147826,0.7373026,0.7266869,0.7289729,0.7260962,0.7247225,0.71865684
2025-01-01 16:33:00,0.7774106,0.7531712,0.7674514,0.7212497,0.7411306,0.736986,0.7265748,0.72874194,0.72582394,0.72450745,0.71847725
2025-01-01 16:34:00,0.77716804,0.7529659,0.76716924,0.7211699,0.7408512,0.7367332,0.7264872,0.7285598,0.7256081,0.724336,0.71833235
2025-01-01 16:35:00,0.7769741,0.7528001,0.76694095,0.72110367,0.7406266,0.73653156,0.7264192,0.7284167,0.7254375,0.7241994,0.7182152
2025-01-01 16:36:00,0.776819,0.75266594,0.76675576,0.72104836,0.74044573,0.7363708,0.7263669,0.7283048,0.72530305,0.72409064,0.7181204
2025-01-01 16:37:00,0.776695,0.75255704,0.766605,0.7210017,0.7402999,0.73624283,0.72632706,0.7282179,0.72519755,0.72400415,0.71804327
2025-01-01 16:38:00,0.77659595,0.7524683,0.76648194,0.7209619,0.74018204,0.736141,0.72629726,0.728151,0.7251151,0.7239354,0.7179803
2025-01-01 16:39:00,0.77651674,0.7523957,0.76638097,0.72092783,0.7400867,0.73606014,0.72627544,0.72810006,0.72505116,0.7238809,0.71792877
2025-01-01 16:40:00,0.7764534,0.75233597,0.7662976,0.72089815,0.7400092,0.73599607,0.7262602,0.728062,0.72500205,0.72383785,0.71788627
2025-01-01 16:41:00,0.7764028,0.7522866,0.7662283,0.7208721,0.7399461,0.73594546,0.72624993,0.72803414,0.7249647,0.7238038,0.717851
2025-01-01 16:42:00,0.77636236,0.75224555,0.7661703,0.72084886,0.73989457,0.7359056,0.7262439,0.72801447,0.72493684,0.72377706,0.7178215
2025-01-01 16:43:00,0.77633,0.75221103,0.76612145,0.7208279,0.73985225,0.7358743,0.7262412,0.72800136,0.72491646,0.7237561,0.7177966
2025-01-01 16:44:00,0.7763041,0.75218177,0.7660797,0.7208088,0.7398173,0.73585,0.7262411,0.7279935,0.7249022,0.72373974,0.7177754
2025-01-01 16:45:00,0.7762834,0.75215673,0.7660438,0.72079116,0.7397883,0.7358312,0.72624314,0.72798985,0.7248927,0.72372717,0.7177572
2025-01-01 16:46:00,0.7762668,0.75213504,0.7660125,0.72077477,0.73976403,0.73581684,0.7262469,0.7279895,0.724887,0.72371745,0.7177414
2025-01-01 16:47:00,0.7762536,0.752116,0.76598483,0.72075933,0.73974353,0.7358061,0.7262521,0.7279919,0.72488445,0.72371006,0.71772736
2025-01-01 16:48:00,0.7762429,0.7520991,0.76596016,0.72074467,0.73972607,0.7357982,0.72625834,0.7279964,0.72488433,0.7237046,0.7177147
2025-01-01 16:49:00,0.77623427,0.75208384,0.76593786,0.72073054,0.7397111,0.7357926,0.72626543,0.72800267,0.7248862,0.7237006,0.7177034
2025-01-01 16:50:00,0.77622736,0.75207,0.7659175,0.720717,0.7396981,0.73578876,0.7262733,0.72801024,0.7248895,0.7236977,0.7176929
2025-01-01 16:51:00,0.77622175,0.7520572,0.7658986,0.72070384,0.7396867,0.7357865,0.72628176,0.72801894,0.72489417,0.7236958,0.7176832
2025-01-01 16:52:00,0.7762172,0.7520453,0.7658809,0.720691,0.7396766,0.7357854,0.7262907,0.7280285,0.72489977,0.72369456,0.717674
2025-01-01 16:53:00,0.77621347,0.752034,0.76586413,0.7206785,0.73966753,0.7357853,0.7263,0.7280388,0.7249061,0.72369397,0.7176653
2025-01-01 16:54:00,0.77621037,0.7520232,0.76584816,0.72066617,0.73965925,0.735786,0.7263096,0.7280496,0.72491306,0.7236938,0.71765697
2025-01-01 16:55:00,0.77620775,0.75201285,0.7658328,0.72065395,0.73965174,0.73578733,0.7263195,0.72806084,0.7249206,0.72369397,0.7176489
2025-01-01 16:56:00,0.77620554,0.7520029,0.76581794,0.72064203,0.7396447,0.7357892,0.72632957,0.72807246,0.7249284,0.7236944,0.7176411
2025-01-01 16:57:00,0.77620363,0.7519931,0.7658034,0.7206301,0.7396382,0.7357915,0.7263398,0.72808444,0.72493654,0.72369504,0.71763337
2025-01-01 16:58:00,0.776202,0.7519835,0.7657892,0.72061837,0.739632,0.7357942,0.72635025,0.72809654,0.7249449,0.7236958,0.7176258
2025-01-01 16:59:00,0.77620053,0.7519741,0.76577526,0.7206067,0.73962617,0.7357971,0.7263608,0.7281089,0.7249535,0.7236967,0.7176183
2025-01-01 17:00:00,0.7756109,0.7515234,0.7651416,0.7205188,0.7390212,0.7352714,0.72620296,0.72775877,0.7245287,0.72340506,0.7173952
2025-01-01 17:01:00,0.77513903,0.75116104,0.7646321,0.7204462,0.73853624,0.73485166,0.7260789,0.72748125,0.72419065,0.723172,0.71721524
2025-01-01 17:02:00,0.7747614,0.75086933,0.7642219,0.7203859,0.73814744,0.7345168,0.72598195,0.7272618,0.7239221,0.72298574,0.71706986
2025-01-01 17:03:00,0.774459,0.7506342,0.7638911,0.7203354,0.7378355,0.7342497,0.72590655,0.72708887,0.723709,0.722837,0.7169521
2025-01-01 17:04:00,0.7742169,0.75044423,0.76362395,0.7202928,0.73758507,0.7340369,0.7258485,0.7269531,0.72354037,0.72271824,0.7168563
2025-01-01 17:05:00,0.774023,0.75029045,0.7634076,0.72025645,0.7373839,0.7338676,0.72580427,0.7268472,0.72340727,0.72262335,0.7167782
2025-01-01 17:06:00,0.7738676,0.7501656,0.7632319,0.7202252,0.7372221,0.733733,0.7257712,0.726765,0.7233026,0.72254765,0.7167143
2025-01-01 17:07:00,0.7737431,0.7500639,0.7630887,0.72019804,0.7370918,0.73362625,0.7257469,0.7267018,0.7232206,0.72248733,0.71666163
2025-01-01 17:08:00,0.77364314,0.7499807,0.7629716,0.720174,0.73698676,0.7335418,0.72572976,0.7266539,0.72315675,0.72243917,0.716618
2025-01-01 17:09:00,0.77356297,0.74991226,0.7628752,0.7201527,0.73690194,0.73347515,0.7257184,0.7266181,0.72310746,0.7224008,0.7165815
2025-01-01 17:10:00,0.77349854,0.7498557,0.76279557,0.72013336,0.7368333,0.73342276,0.72571146,0.7265921,0.7230698,0.72237027,0.7165508
2025-01-01 17:11:00,0.7734466,0.7498085,0.7627293,0.7201157,0.73677754,0.73338187,0.72570825,0.7265739,0.72304136,0.72234595,0.7165247
2025-01-01 17:12:00,0.77340484,0.7497689,0.76267356,0.72009945,0.7367322,0.73335004,0.725708,0.7265619,0.72302043,0.7223266,0.7165023
2025-01-01 17:13:00,0.7733711,0.7497353,0.7626264,0.72008425,0.7366951,0.7333256,0.72571003,0.7265549,0.7230054,0.72231126,0.7164828
2025-01-01 17:14:00,0.77334374,0.74970657,0.7625861,0.7200698,0.73666465,0.73330706,0.725714,0.72655183,0.7229951,0.72229904,0.7164656
2025-01-01 17:15:00,0.7733215,0.74968165,0.76255125,0.72005624,0.7366396,0.7332932,0.72571945,0.72655207,0.72298855,0.7222894,0.7164502
2025-01-01 17:16:00,0.7733034,0.7496598,0.7625207,0.7200432,0.7366188,0.7332831,0.72572607,0.72655475,0.722985,0.7222817,0.7164363
2025-01-01 17:17:00,0.7732885,0.7496404,0.76249367,0.7200306,0.7366015,0.73327607,0.7257337,0.72655946,0.7229839,0.7222756,0.71642363
2025-01-01 17:18:00,0.7732762,0.749623,0.76246935,0.7200184,0.73658687,0.7332714,0.72574216,0.72656584,0.7229847,0.7222708,0.7164119
2025-01-01 17:19:00,0.773266,0.7496071,0.76244736,0.7200064,0.7365745,0.7332688,0.7257512,0.72657347,0.722987,0.7222669,0.71640086
2025-01-01 17:20:00,0.77325743,0.7495925,0.76242715,0.7199948,0.73656386,0.7332678,0.7257608,0.72658217,0.7229905,0.7222639,0.7163904
2025-01-01 17:21:00,0.77325016,0.74957883,0.7624083,0.7199833,0.7365547,0.73326796,0.72577083,0.7265917,0.722995,0.7222615,0.7163804
2025-01-01 17:22:00,0.7732439,0.74956596,0.7623907,0.719972,0.7365467,0.73326916,0.72578114,0.7266019,0.72300017,0.7222596,0.71637076
2025-01-01 17:23:00,0.7732385,0.7495537,0.7623739,0.71996087,0.7365396,0.7332713,0.72579175,0.7266126,0.723006,0.72225803,0.7163614
2025-01-01 17:24:00,0.7732337,0.7495419,0.76235795,0.7199499,0.7365333,0.73327404,0.7258026,0.7266237,0.72301227,0.7222568,0.7163522
2025-01-01 17:25:00,0.7732294,0.74953043,0.7623425,0.719939,0.73652756,0.7332773,0.7258136,0.7266352,0.7230189,0.7222557,0.7163432
2025-01-01 17:26:00,0.77322555,0.74951935,0.7623275,0.71992815,0.73652244,0.7332811,0.72582483,0.72664696,0.7230258,0.7222549,0.71633434
2025-01-01 17:27:00,0.7732219,0.7495085,0.76231295,0.7199174,0.7365177,0.7332852,0.7258361,0.7266588,0.72303295,0.7222541,0.7163255
2025-01-01 17:28:00,0.7732186,0.7494978,0.76229864,0.7199068,0.73651326,0.73328966,0.72584754,0.7266709,0.7230403,0.72225344,0.71631676
2025-01-01 17:29:00,0.77321535,0.74948716,0.7622846,0.7198962,0.73650914,0.7332943,0.7258591,0.7266832,0.72304773,0.7222528,0.71630806
2025-01-01 17:30:00,0.77264,0.74908406,0.7616994,0.71989954,0.73598343,0.7328734,0.7257747,0.7264528,0.7227473,0.7220974,0.7162112
2025-01-01 17:31:00,0.7721791,0.74875945,0.76122856,0.71990013,0.73556226,0.73253775,0.7257097,0.7262711,0.7225086,0.72197294,0.716132
2025-01-01 17:32:00,0.77180994,0.7484978,0.7608493,0.7198986,0.73522484,0.7322704,0.72566,0.7261283,0.7223192,0.7218733,0.71606684
2025-01-01 17:33:00,0.77151406,0.7482864,0.7605433,0.7198953,0.7349543,0.73205775,0.72562265,0.7260165,0.72216916,0.7217935,0.716013
2025-01-01 17:34:00,0.7712768,0.7481153,0.7602958,0.71989065,0.73473734,0.73188883,0.7255952,0.7259297,0.72205067,0.72172946,0.7159682
2025-01-01 17:35:00,0.7710864,0.7479763,0.76009524,0.71988493,0.73456323,0.7317549,0.7255756,0.72586274,0.72195745,0.72167814,0.7159306
2025-01-01 17:36:00,0.7709335,0.74786305,0.75993216,0.71987826,0.73442346,0.7316489,0.72556233,0.7258117,0.7218844,0.72163683,0.7158987
2025-01-01 17:37:00,0.7708106,0.7477704,0.75979906,0.7198709,0.7343111,0.73156536,0.72555417,0.7257734,0.7218275,0.7216037,0.71587145
2025-01-01 17:38:00,0.77071166,0.7476942,0.75969,0.7198631,0.73422074,0.73149985,0.72555,0.7257453,0.72178346,0.7215769,0.71584785
2025-01-01 17:39:00,0.7706319,0.7476312,0.7596001,0.71985483,0.73414797,0.73144865,0.7255491,0.7257253,0.72174966,0.7215554,0.7158272
2025-01-01 17:40:00,0.7705675,0.7475787,0.75952554,0.71984625,0.73408926,0.73140895,0.72555083,0.7257118,0.72172415,0.72153795,0.7158088
2025-01-01 17:41:00,0.7705153,0.7475346,0.7594633,0.71983737,0.73404187,0.73137844,0.7255546,0.72570354,0.72170526,0.72152376,0.7157923
2025-01-01 17:42:00,0.7704729,0.7474972,0.75941086,0.7198283,0.73400354,0.73135525,0.72556007,0.7256995,0.72169155,0.72151214,0.7157773
2025-01-01 17:43:00,0.77043825,0.74746513,0.7593663,0.7198191,0.7339724,0.7313381,0.72556686,0.7256987,0.72168213,0.72150266,0.71576345
2025-01-01 17:44:00,0.77040994,0.7474374,0.759328,0.7198098,0.73394704,0.73132557,0.72557473,0.7257005,0.72167593,0.72149485,0.7157506
2025-01-01 17:45:00,0.7703866,0.7474131,0.75929475,0.71980035,0.73392636,0.73131686,0.7255835,0.7257045,0.7216725,0.7214883,0.7157384
2025-01-01 17:46:00,0.7703672,0.7473915,0.7592656,0.7197908,0.7339094,0.73131126,0.725593,0.72571015,0.7216711,0.7214828,0.7157268
2025-01-01 17:47:00,0.77035105,0.7473721,0.7592396,0.71978134,0.7338955,0.7313081,0.725603,0.7257172,0.72167146,0.7214781,0.7157157
2025-01-01 17:48:00,0.77033734,0.74735445,0.7592162,0.71977174,0.7338839,0.7313069,0.7256135,0.72572535,0.72167313,0.72147405,0.7157049
2025-01-01 17:49:00,0.77032566,0.7473382,0.7591949,0.7197622,0.7338744,0.7313073,0.7256243,0.7257343,0.7216759,0.72147053,0.7156944
2025-01-01 17:50:00,0.7703156,0.747323,0.7591752,0.71975267,0.73386633,0.73130894,0.7256354,0.725744,0.72167945,0.7214674,0.7156842
2025-01-01 17:51:00,0.77030677,0.7473087,0.7591569,0.71974313,0.73385954,0.7313116,0.7256468,0.72575414,0.7216836,0.7214645,0.71567404
2025-01-01 17:52:00,0.77029896,0.747295,0.75913954,0.7197336,0.73385376,0.73131514,0.72565836,0.7257648,0.72168845,0.72146195,0.715664
2025-01-01 17:53:00,0.7702919,0.74728197,0.7591231,0.71972406,0.7338488,0.73131937,0.72567016,0.7257758,0.72169363,0.7214595,0.71565413
2025-01-01 17:54:00,0.77028555,0.7472694,0.75910735,0.7197146,0.7338446,0.73132414,0.72568196,0.72578704,0.7216991,0.7214572,0.7156443
2025-01-01 17:55:00,0.7702797,0.74725705,0.7590921,0.7197051,0.7338409,0.7313293,0.72569394,0.7257985,0.72170484,0.7214549,0.71563447
2025-01-01 17:56:00,0.77027416,0.747245,0.7590773,0.7196957,0.7338376,0.7313349,0.72570604,0.72581017,0.72171074,0.7214528,0.71562475
2025-01-01 17:57:00,0.7702689,0.7472332,0.7590629,0.7196863,0.73383474,0.7313408,0.7257182,0.7258219,0.7217168,0.7214506,0.715615
2025-01-01 17:58:00,0.7702639,0.7472215,0.7590487,0.7196769,0.7338322,0.73134696,0.7257304,0.7258337,0.72172296,0.72144854,0.7156052
2025-01-01 17:59:00,0.7702591,0.74720997,0.75903475,0.71966755,0.73382986,0.7313533,0.7257427,0.72584563,0.7217292,0.7214464,0.7155955
2025-01-01 18:00:00,0.7697082,0.7468616,0.7585084,0.7197619,0.73339266,0.7310445,0.7257334,0.7257391,0.7215586,0.72143,0.71562636
2025-01-01 18:01:00,0.7692667,0.74658066,0.7580847,0.7198356,0.7330427,0.73079884,0.72572845,0.7256564,0.7214234,0.7214164,0.71564907
2025-01-01 18:02:00,0.7689127,0.7463537,0.7577431,0.7198927,0.7327625,0.7306038,0.725727,0.7255926,0.7213165,0.721405,0.7156653
2025-01-01 18:03:00,0.76862854,0.7461698,0.7574672,0.7199366,0.7325381,0.7304494,0.7257284,0.72554404,0.72123224,0.7213955,0.71567625
2025-01-01 18:04:00,0.7684003,0.7460205,0.75724393,0.7199699,0.73235846,0.7303272,0.72573197,0.72550756,0.7211661,0.7213874,0.7156831
2025-01-01 18:05:00,0.76821685,0.74589884,0.75706273,0.7199948,0.73221457,0.730231,0.7257374,0.72548085,0.72111446,0.7213804,0.71568656
2025-01-01 18:06:00,0.76806915,0.74579924,0.7569151,0.72001284,0.73209924,0.7301555,0.72574425,0.7254619,0.7210743,0.72137433,0.7156873
2025-01-01 18:07:00,0.7679501,0.7457173,0.75679445,0.7200256,0.7320068,0.73009676,0.7257523,0.7254491,0.7210434,0.72136897,0.71568584
2025-01-01 18:08:00,0.7678539,0.74564946,0.7566954,0.720034,0.7319327,0.73005116,0.7257612,0.7254413,0.7210199,0.72136414,0.71568274
2025-01-01 18:09:00,0.7677761,0.7455929,0.7566135,0.72003895,0.7318733,0.7300163,0.7257709,0.7254374,0.72100234,0.7213598,0.7156781
2025-01-01 18:10:00,0.7677128,0.7455454,0.75654536,0.7200412,0.7318256,0.72998995,0.72578114,0.7254367,0.72098947,0.72135574,0.71567243
2025-01-01 18:11:00,0.7676612,0.74550515,0.7564883,0.7200412,0.7317874,0.7299704,0.72579193,0.72543854,0.72098035,0.7213519,0.7156659
2025-01-01 18:12:00,0.767619,0.74547064,0.75644004,0.72003955,0.7317567,0.7299563,0.7258031,0.7254424,0.72097427,0.7213483,0.71565855
2025-01-01 18:13:00,0.76758426,0.7454407,0.7563989,0.7200365,0.731732,0.7299466,0.7258145,0.72544783,0.7209705,0.7213448,0.7156506
2025-01-01 18:14:00,0.7675554,0.7454145,0.7563634,0.7200323,0.73171216,0.7299405,0.72582626,0.72545457,0.7209686,0.7213415,0.7156422
2025-01-01 18:15:00,0.76753134,0.74539125,0.7563324,0.7200272,0.73169625,0.7299371,0.7258381,0.7254623,0.72096825,0.7213382,0.7156334
2025-01-01 18:16:00,0.76751107,0.74537027,0.75630504,0.7200215,0.7316835,0.729936,0.7258503,0.7254709,0.7209691,0.721335,0.71562433
2025-01-01 18:17:00,0.7674938,0.74535114,0.7562806,0.7200152,0.7316732,0.72993684,0.7258625,0.72548014,0.7209709,0.7213318,0.7156149
2025-01-01 18:18:00,0.767479,0.7453336,0.7562585,0.7200085,0.7316649,0.729939,0.7258748,0.72548985,0.7209735,0.7213286,0.7156053
2025-01-01 18:19:00,0.76746607,0.74531716,0.75623816,0.72000146,0.7316582,0.72994244,0.72588724,0.7255,0.7209766,0.7213254,0.71559554
2025-01-01 18:20:00,0.7674547,0.7453017,0.7562194,0.7199942,0.7316529,0.7299468,0.72589976,0.7255104,0.7209802,0.7213221,0.71558565
2025-01-01 18:21:00,0.7674445,0.74528706,0.7562018,0.71998674,0.7316487,0.7299519,0.7259123,0.72552115,0.7209842,0.7213189,0.7155756
2025-01-01 18:22:00,0.76743525,0.74527293,0.7561852,0.7199791,0.7316453,0.7299577,0.72592485,0.72553205,0.72098845,0.7213156,0.71556544
2025-01-01 18:23:00,0.7674268,0.74525934,0.75616926,0.71997136,0.7316426,0.729964,0.72593755,0.7255431,0.72099286,0.72131234,0.71555513
2025-01-01 18:24:00,0.7674189,0.7452461,0.756154,0.71996355,0.73164046,0.7299707,0.72595024,0.7255543,0.72099745,0.721309,0.7155448
2025-01-01 18:25:00,0.7674115,0.7452332,0.7561393,0.7199557,0.7316387,0.7299777,0.725963,0.72556555,0.72100216,0.7213056,0.71553445
2025-01-01 18:26:00,0.7674044,0.7452204,0.7561249,0.71994776,0.7316375,0.72998506,0.72597575,0.7255769,0.72100693,0.72130215,0.7155239
2025-01-01 18:27:00,0.76739764,0.74520785,0.75611085,0.7199398,0.7316365,0.72999257,0.7259885,0.7255882,0.7210118,0.72129864,0.7155134
2025-01-01 18:28:00,0.7673911,0.74519545,0.7560971,0.71993196,0.7316358,0.7300003,0.7260013,0.7255996,0.72101665,0.7212952,0.71550286
2025-01-01 18:29:00,0.76738465,0.7451831,0.7560835,0.7199241,0.7316354,0.7300083,0.72601414,0.72561103,0.72102153,0.7212916,0.7154922
2025-01-01 18:30:00,0.7668682,0.7448956,0.75562525,0.7201079,0.73129463,0.72981715,0.72608006,0.72563034,0.7209838,0.72141445,0.7156504
2025-01-01 18:31:00,0.7664538,0.74466324,0.7552562,0.7202534,0.7310222,0.72966605,0.7261354,0.72564805,0.7209546,0.721512,0.71577483
2025-01-01 18:32:00,0.76612115,0.74447495,0.7549583,0.72036827,0.73080426,0.72954684,0.72618216,0.7256646,0.7209322,0.72158927,0.7158721
2025-01-01 18:33:00,0.7658538,0.7443219,0.7547174,0.72045857,0.73063016,0.72945327,0.7262223,0.72568005,0.7209152,0.7216502,0.7159478
2025-01-01 18:34:00,0.7656387,0.744197,0.75452226,0.7205293,0.730491,0.7293802,0.72625685,0.7256947,0.72090256,0.72169816,0.7160061
2025-01-01 18:35:00,0.76546544,0.7440947,0.7543636,0.7205844,0.73037976,0.72932345,0.7262872,0.72570866,0.7208933,0.7217357,0.71605057
2025-01-01 18:36:00,0.7653256,0.7440105,0.7542342,0.72062695,0.730291,0.7292798,0.726314,0.72572213,0.7208869,0.7217649,0.71608394
2025-01-01 18:37:00,0.7652125,0.74394065,0.75412804,0.72065943,0.73022014,0.72924674,0.7263381,0.72573507,0.72088265,0.72178745,0.7161084
2025-01-01 18:38:00,0.7651208,0.7438824,0.75404066,0.720684,0.73016363,0.72922206,0.7263599,0.72574776,0.72088015,0.7218046,0.7161258
2025-01-01 18:39:00,0.7650462,0.74383336,0.75396824,0.7207021,0.73011863,0.7292041,0.72638,0.7257601,0.7208791,0.7218175,0.7161374
2025-01-01 18:40:00,0.7649852,0.7437917,0.75390774,0.72071517,0.73008287,0.7291916,0.72639865,0.72577226,0.7208791,0.7218269,0.7161445
2025-01-01 18:41:00,0.76493514,0.743756,0.7538569,0.7207241,0.7300545,0.7291833,0.7264162,0.7257842,0.7208799,0.7218336,0.71614796
2025-01-01 18:42:00,0.76489383,0.74372494,0.7538137,0.72072977,0.730032,0.7291786,0.7264328,0.7257959,0.72088146,0.721838,0.7161485
2025-01-01 18:43:00,0.7648595,0.7436977,0.7537766,0.72073287,0.7300143,0.72917664,0.7264487,0.72580755,0.7208835,0.7218407,0.71614665
2025-01-01 18:44:00,0.7648307,0.74367344,0.7537444,0.720734,0.7300003,0.72917694,0.72646403,0.7258191,0.72088593,0.7218418,0.7161429
2025-01-01 18:45:00,0.76480633,0.74365157,0.75371623,0.7207334,0.72998947,0.72917897,0.7264789,0.7258305,0.7208888,0.7218419,0.7161377
2025-01-01 18:46:00,0.7647855,0.74363166,0.7536912,0.7207315,0.72998106,0.7291825,0.72649336,0.7258419,0.72089183,0.721841,0.7161312
2025-01-01 18:47:00,0.7647675,0.74361324,0.75366867,0.7207286,0.7299746,0.7291872,0.7265076,0.72585315,0.7208951,0.7218393,0.71612376
2025-01-01 18:48:00,0.7647518,0.7435961,0.75364816,0.7207248,0.7299698,0.72919285,0.72652155,0.7258643,0.72089845,0.721837,0.71611553
2025-01-01 18:49:00,0.76473784,0.74357986,0.75362927,0.7207204,0.7299663,0.72919923,0.7265354,0.72587544,0.72090197,0.7218342,0.71610665
2025-01-01 18:50:00,0.7647253,0.7435644,0.7536117,0.7207155,0.7299637,0.7292062,0.726549,0.72588646,0.72090554,0.7218309,0.71609724
2025-01-01 18:51:00,0.76471394,0.7435496,0.7535951,0.7207103,0.72996205,0.7292137,0.72656256,0.7258975,0.7209091,0.7218273,0.71608734
2025-01-01 18:52:00,0.76470345,0.7435353,0.75357944,0.72070473,0.7299611,0.7292216,0.72657603,0.72590846,0.72091275,0.7218235,0.7160772
2025-01-01 18:53:00,0.7646936,0.74352133,0.7535644,0.7206989,0.7299606,0.7292298,0.7265894,0.7259194,0.7209164,0.72181934,0.71606684
2025-01-01 18:54:00,0.76468444,0.7435077,0.75355,0.7206929,0.7299607,0.7292383,0.7266027,0.72593033,0.72091997,0.72181505,0.7160561
2025-01-01 18:55:00,0.7646757,0.7434942,0.753536,0.72068673,0.72996104,0.729247,0.72661597,0.7259411,0.72092354,0.7218106,0.7160453
2025-01-01 18:56:00,0.7646672,0.74348104,0.7535223,0.72068053,0.72996175,0.7292559,0.7266292,0.72595197,0.7209272,0.72180593,0.7160343
2025-01-01 18:57:00,0.764659,0.743468,0.75350887,0.7206743,0.72996277,0.72926503,0.72664243,0.7259627,0.7209307,0.72180116,0.7160231
2025-01-01 18:58:00,0.76465094,0.74345505,0.75349575,0.7206679,0.72996396,0.7292743,0.7266556,0.7259734,0.7209343,0.7217963,0.7160119
2025-01-01 18:59:00,0.76464313,0.7434422,0.75348276,0.7206615,0.7299653,0.72928363,0.7266687,0.7259841,0.7209377,0.72179127,0.7160005
2025-01-01 19:00:00,0.76417017,0.7432206,0.75310093,0.72093153,0.7297271,0.7292137,0.72680867,0.7261289,0.72103345,0.7220512,0.71628314
2025-01-01 19:01:00,0.76379025,0.74304086,0.7527931,0.72114617,0.7295369,0.7291597,0.7269233,0.72624683,0.7211107,0.72225815,0.71650696
2025-01-01 19:02:00,0.76348495,0.7428946,0.75254434,0.7213167,0.7293852,0.7291185,0.7270175,0.7263432,0.7211731,0.72242254,0.7166836
2025-01-01 19:03:00,0.76323915,0.742775,0.75234294,0.7214519,0.7292643,0.72908753,0.7270956,0.7264225,0.7212236,0.72255296,0.71682256
2025-01-01 19:04:00,0.76304096,0.74267685,0.75217944,0.72155875,0.7291681,0.72906476,0.7271607,0.72648793,0.72126466,0.72265613,0.7169314
2025-01-01 19:05:00,0.762881,0.7425958,0.75204617,0.7216431,0.72909164,0.72904855,0.7272153,0.72654235,0.7212981,0.72273755,0.7170161
2025-01-01 19:06:00,0.76275146,0.7425284,0.7519372,0.72170925,0.72903097,0.7290376,0.72726166,0.726588,0.7213254,0.7228015,0.7170814
2025-01-01 19:07:00,0.7626463,0.74247193,0.75184757,0.721761,0.728983,0.72903085,0.72730136,0.7266266,0.72134787,0.7228515,0.7171313
2025-01-01 19:08:00,0.76256067,0.7424243,0.7517735,0.7218012,0.72894514,0.7290275,0.72733575,0.7266595,0.7213664,0.7228904,0.7171688
2025-01-01 19:09:00,0.76249063,0.74238366,0.75171185,0.72183216,0.72891533,0.7290268,0.7273659,0.72668785,0.7213818,0.7229203,0.7171965
2025-01-01 19:10:00,0.76243305,0.74234855,0.7516601,0.72185576,0.7288921,0.7290283,0.7273927,0.7267126,0.7213946,0.722943,0.71721625
2025-01-01 19:11:00,0.76238537,0.742318,0.7516163,0.72187346,0.7288741,0.72903156,0.7274167,0.72673434,0.72140545,0.72296,0.7172296
2025-01-01 19:12:00,0.7623457,0.742291,0.7515789,0.7218865,0.7288602,0.72903615,0.72743845,0.72675383,0.72141457,0.7229724,0.7172379
2025-01-01 19:13:00,0.76231235,0.7422668,0.7515466,0.72189575,0.7288497,0.729042,0.72745854,0.7267715,0.72142243,0.7229811,0.7172421
2025-01-01 19:14:00,0.76228404,0.7422449,0.7515184,0.721902,0.7288419,0.7290487,0.72747725,0.7267875,0.72142917,0.7229868,0.717243
2025-01-01 19:15:00,0.76225984,0.74222493,0.7514935,0.7219058,0.72883624,0.7290561,0.72749484,0.72680235,0.72143507,0.72299016,0.7172414
2025-01-01 19:16:00,0.76223886,0.7422063,0.7514712,0.72190785,0.72883236,0.72906417,0.7275115,0.72681624,0.7214403,0.7229915,0.7172377
2025-01-01 19:17:00,0.76222044,0.7421889,0.751451,0.72190833,0.72882986,0.7290727,0.7275275,0.72682935,0.7214449,0.7229914,0.7172322
2025-01-01 19:18:00,0.7622041,0.74217236,0.7514325,0.7219076,0.7288285,0.72908163,0.7275429,0.72684175,0.7214491,0.72299,0.7172255
2025-01-01 19:19:00,0.7621894,0.74215657,0.7514154,0.72190595,0.7288281,0.72909087,0.72755784,0.72685367,0.72145283,0.7229876,0.7172177
2025-01-01 19:20:00,0.762176,0.7421414,0.75139934,0.7219035,0.72882843,0.7291004,0.7275724,0.7268652,0.7214563,0.7229844,0.7172089
2025-01-01 19:21:00,0.7621636,0.74212676,0.75138414,0.7219005,0.72882944,0.7291101,0.7275867,0.7268763,0.72145945,0.7229805,0.71719956
2025-01-01 19:22:00,0.762152,0.7421124,0.75136966,0.72189707,0.7288308,0.72912,0.7276007,0.7268872,0.72146237,0.72297615,0.71718955
2025-01-01 19:23:00,0.7621411,0.74209833,0.7513557,0.72189325,0.72883266,0.7291301,0.7276145,0.72689784,0.7214651,0.72297126,0.7171791
2025-01-01 19:24:00,0.7621307,0.7420845,0.7513423,0.7218892,0.72883487,0.7291403,0.72762823,0.7269083,0.7214677,0.7229661,0.7171683
2025-01-01 19:25:00,0.76212066,0.7420709,0.75132924,0.7218849,0.7288374,0.7291506,0.72764176,0.7269186,0.7214702,0.7229606,0.7171572
2025-01-01 19:26:00,0.76211095,0.74205744,0.7513164,0.7218805,0.72884005,0.72916096,0.72765523,0.7269287,0.7214725,0.72295487,0.71714586
2025-01-01 19:27:00,0.7621014,0.7420441,0.7513039,0.7218759,0.728843,0.72917145,0.7276686,0.72693866,0.7214747,0.7229489,0.71713436
2025-01-01 19:28:00,0.7620921,0.74203086,0.7512916,0.72187126,0.7288461,0.72918195,0.72768193,0.72694856,0.7214768,0.7229428,0.7171226
2025-01-01 19:29:00,0.762083,0.7420177,0.7512795,0.72186655,0.7288493,0.72919255,0.72769517,0.7269584,0.7214788,0.7229365,0.7171108
2025-01-01 19:30:00,0.7616619,0.7418662,0.7509808,0.72221786,0.7287177,0.72924495,0.72790664,0.7272261,0.72170633,0.723329,0.71751297
2025-01-01 19:31:00,0.7613233,0.7417423,0.7507396,0.72249794,0.72861326,0.7292891,0.7280784,0.7274421,0.72188866,0.7236416,0.7178321
2025-01-01 19:32:00,0.76105064,0.7416407,0.7505443,0.72272104,0.72853047,0.7293266,0.72821844,0.7276167,0.7220348,0.7238902,0.718085
2025-01-01 19:33:00,0.7608308,0.74155676,0.7503858,0.7228986,0.728465,0.7293588,0.72833306,0.72775835,0.72215205,0.72408766,0.71828485
2025-01-01 19:34:00,0.76065314,0.741487,0.7502568,0.7230397,0.72841346,0.72938675,0.72842735,0.7278735,0.72224605,0.72424424,0.7184422
2025-01-01 19:35:00,0.76050925,0.7414287,0.7501512,0.7231517,0.72837305,0.7294113,0.72850543,0.72796744,0.72232157,0.72436804,0.7185656
2025-01-01 19:36:00,0.76039237,0.74137944,0.7500646,0.7232403,0.7283416,0.7294332,0.7285705,0.72804445,0.72238225,0.72446567,0.71866184
2025-01-01 19:37:00,0.760297,0.74133736,0.749993,0.72331035,0.72831726,0.7294529,0.7286252,0.72810787,0.722431,0.7245423,0.71873623
2025-01-01 19:38:00,0.760219,0.7413012,0.74993354,0.7233655,0.7282986,0.7294709,0.7286715,0.72816044,0.72247016,0.72460216,0.71879333
2025-01-01 19:39:00,0.7601547,0.7412696,0.7498837,0.72340876,0.72828466,0.72948754,0.7287111,0.7282043,0.72250175,0.7246486,0.7188365
2025-01-01 19:40:00,0.76010156,0.74124175,0.74984163,0.7234425,0.7282743,0.7295031,0.72874546,0.7282412,0.72252727,0.7246842,0.7188685
2025-01-01 19:41:00,0.7600571,0.74121684,0.7498057,0.72346866,0.72826695,0.72951776,0.7287755,0.7282725,0.7225478,0.7247112,0.71889156
2025-01-01 19:42:00,0.7600197,0.7411943,0.74977475,0.7234887,0.72826195,0.72953176,0.72880214,0.7282994,0.72256446,0.72473127,0.71890754
2025-01-01 19:43:00,0.75998807,0.7411737,0.7497478,0.72350395,0.72825885,0.72954524,0.72882605,0.72832257,0.7225779,0.7247458,0.7189177
2025-01-01 19:44:00,0.75996083,0.7411546,0.74972403,0.7235153,0.7282573,0.7295583,0.72884774,0.7283429,0.7225889,0.724756,0.71892345
2025-01-01 19:45:00,0.75993717,0.74113667,0.7497028,0.72352356,0.72825706,0.72957104,0.7288677,0.72836095,0.7225978,0.72476256,0.7189254
2025-01-01 19:46:00,0.75991637,0.7411198,0.7496837,0.72352934,0.7282577,0.72958344,0.7288863,0.7283771,0.72260505,0.72476625,0.7189245
2025-01-01 19:47:00,0.7598979,0.74110365,0.74966615,0.7235332,0.72825927,0.7295957,0.7289037,0.7283919,0.722611,0.7247677,0.71892124
2025-01-01 19:48:00,0.7598812,0.74108815,0.74964994,0.72353554,0.7282615,0.72960776,0.7289203,0.72840536,0.72261584,0.72476727,0.718916
2025-01-01 19:49:00,0.75986594,0.74107313,0.74963486,0.7235367,0.7282643,0.7296197,0.7289361,0.7284178,0.72261983,0.72476536,0.7189093
2025-01-01 19:50:00,0.7598519,0.74105847,0.74962056,0.72353673,0.72826743,0.72963154,0.7289513,0.72842956,0.7226231,0.72476226,0.71890146
2025-01-01 19:51:00,0.75983864,0.74104416,0.749607,0.7235361,0.728271,0.7296433,0.72896606,0.7284407,0.72262585,0.72475815,0.7188926
2025-01-01 19:52:00,0.7598262,0.7410301,0.749594,0.7235348,0.7282748,0.729655,0.7289805,0.72845125,0.72262806,0.72475326,0.718883
2025-01-01 19:53:00,0.7598143,0.7410162,0.74958146,0.7235331,0.72827893,0.7296667,0.7289946,0.72846144,0.7226299,0.72474784,0.7188727
2025-01-01 19:54:00,0.75980294,0.7410025,0.74956924,0.72353095,0.7282832,0.72967833,0.72900844,0.7284712,0.7226314,0.7247419,0.71886194
2025-01-01 19:55:00,0.75979185,0.74098885,0.7495574,0.7235286,0.72828776,0.7296901,0.7290221,0.7284807,0.72263265,0.7247354,0.71885073
2025-01-01 19:56:00,0.75978106,0.7409754,0.7495457,0.723526,0.7282924,0.7297017,0.7290355,0.72849,0.7226336,0.72472864,0.7188393
2025-01-01 19:57:00,0.7597704,0.74096197,0.74953425,0.72352326,0.72829723,0.7297134,0.7290489,0.72849905,0.72263443,0.72472155,0.7188275
2025-01-01 19:58:00,0.75976,0.7409486,0.74952304,0.7235204,0.7283022,0.72972506,0.7290621,0.728508,0.72263503,0.7247142,0.71881557
2025-01-01 19:59:00,0.75974965,0.7409353,0.74951196,0.7235174,0.7283071,0.72973675,0.72907525,0.72851676,0.72263557,0.7247067,0.7188034
2025-01-01 20:00:00,0.7593881,0.7408564,0.74930173,0.72394365,0.7282846,0.7299106,0.7293545,0.7289025,0.7229909,0.72522455,0.7193177
2025-01-01 20:01:00,0.75909686,0.7407907,0.7491315,0.72428405,0.72826767,0.7300521,0.7295805,0.7292128,0.72327507,0.7256372,0.7197265
2025-01-01 20:02:00,0.7588619,0.7407355,0.7489932,0.72455573,0.7282552,0.7301676,0.72976387,0.7294627,0.7235023,0.72596556,0.720051
2025-01-01 20:03:00,0.75867194,0.7406887,0.74888057,0.72477245,0.7282464,0.73026246,0.729913,0.72966415,0.7236841,0.7262266,0.720308
2025-01-01 20:04:00,0.7585179,0.7406486,0.7487883,0.72494525,0.7282405,0.73034066,0.73003495,0.7298269,0.72382945,0.72643375,0.7205111
2025-01-01 20:05:00,0.75839275,0.740614,0.7487125,0.7250829,0.7282369,0.73040557,0.730135,0.72995865,0.7239456,0.7265977,0.7206708
2025-01-01 20:06:00,0.7582906,0.74058366,0.7486497,0.7251924,0.72823524,0.7304599,0.73021764,0.73006564,0.7240385,0.7267272,0.72079617
2025-01-01 20:07:00,0.75820684,0.7405567,0.7485975,0.72527945,0.728235,0.7305058,0.73028624,0.73015285,0.7241127,0.72682905,0.7208938
2025-01-01 20:08:00,0.7581378,0.7405326,0.74855363,0.7253486,0.7282361,0.7305449,0.7303437,0.73022413,0.72417194,0.7269088,0.72096926
2025-01-01 20:09:00,0.75808054,0.74051064,0.7485165,0.7254033,0.72823805,0.73057854,0.7303922,0.7302827,0.7242192,0.7269708,0.72102714
2025-01-01 20:10:00,0.7580327,0.74049044,0.74848485,0.7254466,0.72824085,0.7306078,0.7304335,0.7303311,0.7242569,0.7270187,0.7210708
2025-01-01 20:11:00,0.75799227,0.74047166,0.74845743,0.7254806,0.7282443,0.7306337,0.7304691,0.7303714,0.72428685,0.72705525,0.7211032
2025-01-01 20:12:00,0.75795794,0.740454,0.7484335,0.7255074,0.7282483,0.7306568,0.7305001,0.7304051,0.72431064,0.72708267,0.7211265
2025-01-01 20:13:00,0.75792843,0.7404373,0.7484124,0.72552824,0.7282527,0.73067766,0.7305274,0.7304336,0.72432953,0.7271029,0.72114253
2025-01-01 20:14:00,0.7579027,0.74042135,0.7483935,0.72554445,0.7282574,0.73069686,0.7305518,0.7304579,0.72434443,0.7271172,0.7211528
2025-01-01 20:15:00,0.75788,0.7404059,0.7483763,0.72555697,0.72826254,0.73071456,0.7305738,0.7304788,0.7243562,0.7271269,0.7211583
2025-01-01 20:16:00,0.75785977,0.74039096,0.74836063,0.7255665,0.72826785,0.7307312,0.7305939,0.73049706,0.7243654,0.72713286,0.72116023
2025-01-01 20:17:00,0.7578415,0.74037635,0.74834615,0.7255737,0.72827333,0.73074687,0.7306125,0.7305131,0.7243725,0.72713584,0.7211591
2025-01-01 20:18:00,0.75782484,0.74036205,0.74833256,0.725579,0.72827905,0.7307619,0.73062986,0.7305274,0.72437793,0.7271363,0.72115564
2025-01-01 20:19:00,0.75780934,0.740348,0.74831975,0.7255828,0.7282849,0.7307763,0.73064625,0.7305403,0.7243821,0.72713494,0.72115016
2025-01-01 20:20:00,0.75779486,0.74033415,0.74830747,0.7255854,0.72829086,0.7307903,0.7306619,0.730552,0.72438514,0.72713196,0.72114325
2025-01-01 20:21:00,0.75778115,0.74032044,0.7482957,0.7255871,0.728297,0.7308039,0.7306769,0.73056287,0.72438735,0.72712773,0.7211352
2025-01-01 20:22:00,0.757768,0.74030685,0.7482844,0.7255881,0.72830313,0.7308173,0.73069143,0.73057294,0.72438884,0.7271225,0.721126
2025-01-01 20:23:00,0.75775534,0.7402934,0.74827343,0.7255885,0.7283094,0.73083043,0.73070544,0.7305824,0.7243897,0.72711647,0.7211161
2025-01-01 20:24:00,0.7577431,0.74028003,0.7482627,0.7255884,0.72831583,0.7308434,0.7307192,0.7305914,0.7243901,0.7271098,0.7211056
2025-01-01 20:25:00,0.75773114,0.7402667,0.74825215,0.72558796,0.7283222,0.73085624,0.7307327,0.7306,0.7243901,0.7271025,0.7210945
2025-01-01 20:26:00,0.75771946,0.74025345,0.7482419,0.7255873,0.72832876,0.730869,0.730746,0.7306083,0.72438973,0.7270949,0.7210831
2025-01-01 20:27:00,0.7577079,0.74024016,0.74823177,0.72558635,0.7283354,0.7308817,0.7307591,0.7306162,0.72438914,0.7270868,0.7210713
2025-01-01 20:28:00,0.7576965,0.740227,0.74822176,0.72558534,0.728342,0.73089427,0.730772,0.73062396,0.72438836,0.72707844,0.72105926
2025-01-01 20:29:00,0.75768524,0.74021375,0.74821186,0.72558415,0.7283487,0.73090684,0.73078483,0.73063153,0.72438735,0.72706985,0.72104704
2025-01-01 20:30:00,0.7573896,0.740209,0.748094,0.7260779,0.72843564,0.731199,0.73112684,0.7311285,0.724864,0.7277039,0.72166437
2025-01-01 20:31:00,0.75715095,0.74020255,0.7479978,0.7264727,0.7285066,0.73143536,0.7314029,0.7315275,0.72524494,0.72820926,0.72215563
2025-01-01 20:32:00,0.7569577,0.74019474,0.747919,0.72678816,0.72856486,0.7316268,0.7316262,0.731848,0.7255493,0.7286116,0.72254604
2025-01-01 20:33:00,0.756801,0.740186,0.7478541,0.7270403,0.7286128,0.7317825,0.73180723,0.7321057,0.72579235,0.72893155,0.72285575
2025-01-01 20:34:00,0.7566734,0.7401763,0.7478004,0.7272417,0.7286526,0.7319095,0.7319546,0.73231316,0.72598636,0.7291856,0.72310084
2025-01-01 20:35:00,0.7565691,0.740166,0.7477555,0.7274026,0.7286859,0.7320137,0.73207486,0.7324804,0.72614115,0.7293868,0.7232944
2025-01-01 20:36:00,0.75648344,0.74015516,0.74771786,0.7275311,0.728714,0.7320995,0.73217356,0.73261553,0.7262646,0.72954583,0.7234465
2025-01-01 20:37:00,0.7564127,0.74014384,0.7476859,0.72763366,0.72873795,0.73217064,0.7322549,0.73272485,0.7263629,0.72967106,0.7235656
2025-01-01 20:38:00,0.75635386,0.7401322,0.7476585,0.7277155,0.7287586,0.7322301,0.73232245,0.7328136,0.726441,0.72976923,0.72365826
2025-01-01 20:39:00,0.75630456,0.7401203,0.74763477,0.72778076,0.7287766,0.7322802,0.7323789,0.73288584,0.72650313,0.7298458,0.7237298
2025-01-01 20:40:00,0.7562629,0.7401082,0.747614,0.7278328,0.7287924,0.7323227,0.73242646,0.7329449,0.7265523,0.7299051,0.72378445
2025-01-01 20:41:00,0.75622725,0.7400959,0.7475956,0.7278742,0.7288067,0.7323593,0.732467,0.73299336,0.72659117,0.72995055,0.72382545
2025-01-01 20:42:00,0.75619656,0.74008346,0.7475791,0.7279071,0.7288195,0.73239106,0.73250175,0.7330334,0.7266217,0.7299849,0.7238557
2025-01-01 20:43:00,0.7561697,0.740071,0.74756414,0.72793335,0.72883135,0.732419,0.73253196,0.7330666,0.72664565,0.7300104,0.7238772
2025-01-01 20:44:00,0.75614595,0.74005836,0.74755037,0.7279542,0.7288423,0.7324439,0.73255855,0.73309445,0.72666425,0.7300287,0.72389185
2025-01-01 20:45:00,0.7561247,0.74004567,0.7475376,0.7279707,0.7288526,0.73246634,0.7325822,0.7331178,0.7266786,0.7300413,0.72390085
2025-01-01 20:46:00,0.75610536,0.7400329,0.7475257,0.7279838,0.72886246,0.73248684,0.73260355,0.7331377,0.7266896,0.7300494,0.72390556
2025-01-01 20:47:00,0.7560876,0.74002016,0.7475144,0.72799414,0.7288719,0.7325058,0.732623,0.73315483,0.7266978,0.7300538,0.72390664
2025-01-01 20:48:00,0.75607115,0.74000734,0.74750364,0.7280023,0.72888094,0.7325235,0.732641,0.7331697,0.7267038,0.7300553,0.7239049
2025-01-01 20:49:00,0.75605565,0.73999447,0.7474933,0.7280088,0.7288898,0.7325402,0.73265773,0.7331828,0.72670805,0.7300544,0.72390085
2025-01-01 20:50:00,0.756041,0.7399817,0.7474834,0.72801393,0.7288985,0.7325561,0.73267347,0.73319435,0.7267108,0.7300516,0.723895
2025-01-01 20:51:00,0.7560269,0.73996884,0.74747366,0.7280179,0.72890705,0.73257136,0.7326885,0.7332048,0.7267124,0.73004735,0.72388774
2025-01-01 20:52:00,0.7560134,0.73995596,0.74746424,0.728021,0.72891545,0.73258615,0.73270285,0.73321426,0.72671306,0.7300418,0.7238793
2025-01-01 20:53:00,0.7560003,0.7399431,0.747455,0.7280235,0.72892386,0.7326005,0.7327166,0.7332229,0.72671294,0.73003536,0.72386986
2025-01-01 20:54:00,0.7559874,0.7399303,0.74744594,0.72802544,0.72893214,0.7326146,0.73273003,0.7332309,0.7267122,0.7300281,0.7238597
2025-01-01 20:55:00,0.75597477,0.7399174,0.747437,0.7280269,0.7289404,0.7326284,0.73274314,0.73323846,0.72671103,0.7300201,0.72384906
2025-01-01 20:56:00,0.7559624,0.7399045,0.74742824,0.7280282,0.72894865,0.732642,0.73275596,0.73324555,0.72670937,0.73001164,0.7238378
2025-01-01 20:57:00,0.7559501,0.73989165,0.7474196,0.72802913,0.7289569,0.7326554,0.73276854,0.7332523,0.7267074,0.73000276,0.7238263
2025-01-01 20:58:00,0.75593793,0.7398788,0.747411,0.7280299,0.7289652,0.7326687,0.73278093,0.7332588,0.7267052,0.7299935,0.72381437
2025-01-01 20:59:00,0.75592583,0.73986596,0.7474025,0.72803056,0.72897345,0.73268193,0.73279315,0.73326504,0.7267027,0.72998405,0.7238022
2025-01-01 21:00:00,0.7557014,0.73993534,0.7473789,0.7285829,0.7291683,0.7330873,0.7331919,0.7338643,0.7272922,0.7307229,0.72451156
2025-01-01 21:01:00,0.7555195,0.73998827,0.7473584,0.7290249,0.72932583,0.7334142,0.7335132,0.73434484,0.7277631,0.7313118,0.7250764
2025-01-01 21:02:00,0.75537163,0.7400281,0.7473404,0.7293785,0.72945356,0.7336782,0.7337725,0.73473024,0.7281391,0.7317808,0.7255256
2025-01-01 21:03:00,0.75525093,0.74005735,0.7473244,0.72966146,0.72955745,0.7338921,0.73398226,0.73503965,0.72843915,0.7321539,0.7258824
2025-01-01 21:04:00,0.75515205,0.7400783,0.74731004,0.72988784,0.7296423,0.7340657,0.7341523,0.7352881,0.72867846,0.7324502,0.72616524
2025-01-01 21:05:00,0.7550705,0.74009246,0.7472969,0.7300691,0.72971183,0.7342072,0.7342908,0.7354878,0.72886914,0.732685,0.7263888
2025-01-01 21:06:00,0.75500286,0.7401012,0.74728495,0.73021424,0.72976923,0.734323,0.7344038,0.73564863,0.7290209,0.73287076,0.7265651
2025-01-01 21:07:00,0.7549465,0.7401057,0.74727374,0.73033047,0.7298169,0.7344182,0.7344965,0.7357782,0.72914153,0.73301715,0.7267035
2025-01-01 21:08:00,0.75489885,0.7401067,0.74726325,0.73042357,0.7298567,0.734497,0.7345729,0.7358829,0.72923726,0.73313206,0.72681165
2025-01-01 21:09:00,0.75485843,0.74010503,0.7472533,0.7304982,0.7298904,0.7345626,0.7346363,0.7359675,0.729313,0.73322177,0.7268956
2025-01-01 21:10:00,0.7548237,0.74010116,0.7472438,0.730558,0.7299191,0.73461765,0.7346893,0.7360362,0.72937286,0.7332913,0.72696
2025-01-01 21:11:00,0.75479347,0.74009556,0.7472347,0.730606,0.72994375,0.7346643,0.73473394,0.73609203,0.7294198,0.73334485,0.72700906
2025-01-01 21:12:00,0.7547669,0.7400886,0.7472259,0.73064464,0.7299653,0.73470426,0.73477197,0.7361376,0.72945666,0.7333854,0.72704566
2025-01-01 21:13:00,0.7547432,0.7400804,0.74721736,0.73067564,0.72998434,0.73473877,0.7348046,0.73617506,0.7294853,0.7334156,0.7270723
2025-01-01 21:14:00,0.7547218,0.7400714,0.7472091,0.73070073,0.7300014,0.734769,0.73483294,0.7362058,0.7295072,0.7334376,0.727091
2025-01-01 21:15:00,0.75470227,0.74006164,0.74720097,0.73072094,0.73001677,0.7347958,0.73485786,0.7362313,0.72952396,0.73345286,0.7271035
2025-01-01 21:16:00,0.75468427,0.7400514,0.747193,0.7307374,0.73003095,0.73481977,0.73488003,0.7362526,0.7295365,0.7334629,0.72711074
2025-01-01 21:17:00,0.75466746,0.74004066,0.7471851,0.73075074,0.73004407,0.7348416,0.7349,0.7362705,0.7295456,0.7334687,0.727114
2025-01-01 21:18:00,0.7546515,0.7400296,0.74717736,0.7307617,0.7300564,0.7348617,0.7349182,0.7362856,0.729552,0.7334711,0.727114
2025-01-01 21:19:00,0.7546363,0.7400182,0.7471697,0.73077065,0.7300681,0.7348803,0.734935,0.7362986,0.72955614,0.73347074,0.7271114
2025-01-01 21:20:00,0.7546217,0.74000657,0.74716216,0.7307781,0.73007935,0.73489785,0.7349506,0.7363098,0.72955865,0.7334682,0.72710675
2025-01-01 21:21:00,0.75460756,0.7399948,0.7471547,0.73078436,0.73009014,0.7349145,0.7349653,0.7363196,0.72955966,0.7334639,0.7271005
2025-01-01 21:22:00,0.75459385,0.7399829,0.7471473,0.7307896,0.7301007,0.73493046,0.7349793,0.73632824,0.72955954,0.7334582,0.72709274
2025-01-01 21:23:00,0.7545804,0.7399709,0.74714005,0.73079413,0.730111,0.7349458,0.7349926,0.73633593,0.72955847,0.7334513,0.7270841
2025-01-01 21:24:00,0.75456715,0.73995876,0.74713284,0.73079807,0.7301211,0.7349607,0.73500544,0.73634285,0.7295567,0.73344356,0.72707456
2025-01-01 21:25:00,0.75455403,0.7399466,0.7471256,0.7308015,0.7301311,0.73497516,0.7350179,0.7363492,0.7295543,0.7334351,0.7270643
2025-01-01 21:26:00,0.7545411,0.7399344,0.7471185,0.7308046,0.7301409,0.7349894,0.73503006,0.736355,0.7295514,0.733426,0.7270536
2025-01-01 21:27:00,0.7545283,0.73992217,0.7471114,0.7308074,0.73015076,0.7350034,0.735042,0.73636043,0.72954804,0.73341644,0.7270423
2025-01-01 21:28:00,0.7545156,0.73990995,0.7471044,0.73081005,0.7301605,0.73501724,0.7350536,0.73636544,0.72954434,0.7334064,0.7270308
2025-01-01 21:29:00,0.75450295,0.73989767,0.7470975,0.7308125,0.73017025,0.7350309,0.73506504,0.7363702,0.72954035,0.7333962,0.727019
2025-01-01 21:30:00,0.75435364,0.74003994,0.7471686,0.7314136,0.7304696,0.7355422,0.7355134,0.73706126,0.73023224,0.7342268,0.7278076
2025-01-01 21:31:00,0.7542318,0.7401513,0.7472242,0.7318949,0.7307109,0.7359538,0.7358741,0.7376148,0.7307848,0.734889,0.72843593
2025-01-01 21:32:00,0.7541318,0.7402379,0.74726737,0.7322804,0.73090595,0.7362858,0.73616487,0.7380583,0.73122567,0.73541635,0.728936
2025-01-01 21:33:00,0.7540493,0.7403047,0.74730057,0.73258907,0.73106396,0.73655397,0.7363996,0.7384139,0.7315774,0.73583597,0.7293335
2025-01-01 21:34:00,0.7539808,0.74035573,0.74732584,0.7328365,0.7311923,0.7367711,0.7365895,0.73869896,0.7318577,0.73616934,0.72964895
2025-01-01 21:35:00,0.7539235,0.7403941,0.74734473,0.7330349,0.73129696,0.7369475,0.7367435,0.73892766,0.7320808,0.7364336,0.7298988
2025-01-01 21:36:00,0.75387514,0.7404224,0.74735856,0.733194,0.73138267,0.7370912,0.73686886,0.73911136,0.73225826,0.7366428,0.73009604
2025-01-01 21:37:00,0.75383395,0.7404426,0.74736845,0.7333218,0.73145324,0.7372087,0.7369712,0.7392589,0.73239917,0.7368077,0.7302513
2025-01-01 21:38:00,0.7537985,0.74045634,0.7473751,0.7334244,0.73151165,0.7373054,0.7370551,0.7393775,0.7325107,0.7369373,0.73037297
2025-01-01 21:39:00,0.7537676,0.74046487,0.7473791,0.7335071,0.73156035,0.7373854,0.7371244,0.7394731,0.7325988,0.7370386,0.7304677
2025-01-01 21:40:00,0.7537404,0.7404693,0.7473811,0.7335737,0.73160136,0.73745203,0.7371819,0.7395502,0.73266816,0.73711723,0.730541
2025-01-01 21:41:00,0.7537161,0.74047047,0.7473814,0.73362744,0.73163617,0.7375079,0.73722994,0.73961234,0.73272246,0.73717785,0.7305971
2025-01-01 21:42:00,0.7536941,0.7404689,0.7473805,0.733671,0.73166597,0.7375552,0.7372705,0.7396627,0.7327648,0.737224,0.73063934
2025-01-01 21:43:00,0.75367403,0.74046534,0.7473785,0.73370636,0.7316919,0.73759574,0.737305,0.7397036,0.7327975,0.73725843,0.73067063
2025-01-01 21:44:00,0.7536554,0.74046004,0.7473758,0.73373514,0.73171467,0.7376308,0.7373346,0.73973686,0.7328225,0.73728365,0.73069316
2025-01-01 21:45:00,0.75363797,0.7404534,0.7473724,0.73375875,0.7317349,0.7376614,0.7373603,0.739764,0.73284125,0.7373014,0.7307086
2025-01-01 21:46:00,0.75362146,0.74044573,0.7473685,0.7337782,0.7317531,0.73768854,0.73738295,0.73978627,0.7328551,0.7373132,0.7307185
2025-01-01 21:47:00,0.7536057,0.7404372,0.7473642,0.73379433,0.73176974,0.73771286,0.73740304,0.7398047,0.732865,0.7373203,0.73072386
2025-01-01 21:48:00,0.75359064,0.74042803,0.74735963,0.7338078,0.7317851,0.7377349,0.73742115,0.7398199,0.73287165,0.7373235,0.7307256
2025-01-01 21:49:00,0.753576,0.74041826,0.74735487,0.7338192,0.7317995,0.7377552,0.73743767,0.7398325,0.7328758,0.7373237,0.7307245
2025-01-01 21:50:00,0.75356174,0.74040806,0.74734986,0.7338289,0.731813,0.737774,0.7374529,0.73984313,0.7328779,0.73732144,0.73072106
2025-01-01 21:51:00,0.7535478,0.74039763,0.74734473,0.73383725,0.73182595,0.7377917,0.73746705,0.7398521,0.7328783,0.7373172,0.7307158
2025-01-01 21:52:00,0.7535341,0.74038684,0.74733955,0.7338446,0.7318384,0.7378085,0.7374804,0.73985976,0.7328774,0.7373113,0.7307091
2025-01-01 21:53:00,0.7535205,0.7403759,0.7473343,0.7338511,0.73185045,0.73782456,0.737493,0.7398663,0.73287535,0.7373043,0.73070115
2025-01-01 21:54:00,0.7535071,0.74036473,0.747329,0.7338569,0.7318622,0.73784006,0.73750514,0.73987204,0.7328725,0.73729616,0.7306924
2025-01-01 21:55:00,0.75349385,0.7403535,0.74732363,0.7338623,0.7318737,0.737855,0.73751676,0.73987705,0.73286885,0.7372872,0.73068285
2025-01-01 21:56:00,0.7534806,0.7403422,0.7473183,0.73386717,0.731885,0.7378696,0.737528,0.7398815,0.7328647,0.7372777,0.7306727
2025-01-01 21:57:00,0.75346756,0.74033076,0.74731296,0.73387176,0.7318962,0.7378839,0.737539,0.73988545,0.73286,0.73726755,0.7306621
2025-01-01 21:58:00,0.75345457,0.7403194,0.7473076,0.7338762,0.73190725,0.737898,0.73754966,0.739889,0.732855,0.737257,0.73065114
2025-01-01 21:59:00,0.7534415,0.74030787,0.7473023,0.73388046,0.73191816,0.7379119,0.73756015,0.7398923,0.73284966,0.73724616,0.7306398
2025-01-01 22:00:00,0.75337,0.74052054,0.7474669,0.7345196,0.7323166,0.73851997,0.73805004,0.74066275,0.7336316,0.7381536,0.7314938
2025-01-01 22:01:00,0.75331026,0.7406883,0.74759763,0.7350316,0.73263747,0.73900914,0.7384438,0.7412794,0.73425573,0.7388771,0.7321744
2025-01-01 22:02:00,0.75325996,0.7408203,0.7477012,0.735442,0.73289627,0.739403,0.73876077,0.7417732,0.7347537,0.7394535,0.73271644
2025-01-01 22:03:00,0.75321704,0.7409235,0.747783,0.735771,0.73310554,0.7397208,0.7390163,0.74216855,0.73515075,0.7399121,0.73314756
2025-01-01 22:04:00,0.75318015,0.7410038,0.7478475,0.736035,0.7332751,0.73997766,0.7392225,0.74248517,0.735467,0.7402765,0.73349
2025-01-01 22:05:00,0.75314814,0.7410658,0.7478981,0.73624694,0.7334129,0.7401857,0.7393894,0.7427388,0.7357186,0.7405656,0.7337615
2025-01-01 22:06:00,0.7531198,0.74111307,0.7479376,0.73641723,0.7335254,0.7403547,0.73952484,0.742942,0.7359185,0.74079436,0.73397624
2025-01-01 22:07:00,0.7530947,0.7411486,0.7479683,0.7365543,0.73361754,0.74049264,0.739635,0.7431048,0.736077,0.7409749,0.7341455
2025-01-01 22:08:00,0.75307196,0.7411747,0.7479919,0.7366648,0.7336935,0.7406055,0.739725,0.74323547,0.7362024,0.7411168,0.7342785
2025-01-01 22:09:00,0.75305116,0.74119335,0.74800986,0.736754,0.73375636,0.74069846,0.7397989,0.7433402,0.7363013,0.7412278,0.7343825
2025-01-01 22:10:00,0.7530319,0.741206,0.7480232,0.7368261,0.73380893,0.7407754,0.7398599,0.74342424,0.73637897,0.74131423,0.7344632
2025-01-01 22:11:00,0.75301397,0.74121386,0.74803305,0.7368847,0.73385316,0.7408396,0.7399105,0.7434917,0.73643965,0.74138075,0.7345254
2025-01-01 22:12:00,0.752997,0.741218,0.74804,0.7369324,0.7338908,0.7408935,0.7399528,0.743546,0.7364868,0.74143153,0.73457265
2025-01-01 22:13:00,0.75298077,0.7412189,0.74804467,0.7369714,0.73392314,0.74093926,0.7399885,0.74358964,0.73652303,0.7414696,0.734608
2025-01-01 22:14:00,0.7529653,0.74121755,0.7480475,0.73700345,0.7339512,0.7409785,0.74001884,0.7436248,0.7365505,0.7414976,0.73463386
2025-01-01 22:15:00,0.7529502,0.74121416,0.7480489,0.73702997,0.7339759,0.7410124,0.7400449,0.74365306,0.73657113,0.7415175,0.7346521
2025-01-01 22:16:00,0.7529356,0.7412092,0.74804914,0.7370521,0.7339979,0.7410422,0.7400676,0.74367595,0.73658603,0.74153084,0.73466426
2025-01-01 22:17:00,0.7529213,0.741203,0.7480485,0.7370707,0.7340177,0.7410686,0.7400875,0.74369437,0.73659647,0.741539,0.7346716
2025-01-01 22:18:00,0.7529072,0.7411959,0.7480472,0.7370864,0.73403585,0.7410923,0.7401052,0.7437093,0.7366033,0.74154305,0.73467505
2025-01-01 22:19:00,0.7528934,0.74118793,0.74804527,0.7371,0.7340526,0.7411139,0.7401211,0.7437215,0.7366073,0.7415437,0.73467547
2025-01-01 22:20:00,0.7528797,0.7411794,0.74804294,0.73711175,0.7340683,0.74113375,0.74013567,0.7437313,0.736609,0.74154174,0.7346734
2025-01-01 22:21:00,0.75286615,0.74117035,0.7480402,0.7371222,0.7340831,0.7411522,0.7401491,0.74373937,0.73660874,0.74153763,0.7346692
2025-01-01 22:22:00,0.75285274,0.741161,0.7480373,0.7371314,0.73409724,0.74116963,0.74016154,0.7437459,0.7366071,0.74153185,0.73466355
2025-01-01 22:23:00,0.7528393,0.7411512,0.7480342,0.73713976,0.7341108,0.7411861,0.7401733,0.7437513,0.73660415,0.74152464,0.73465663
2025-01-01 22:24:00,0.752826,0.7411413,0.7480309,0.7371474,0.73412395,0.7412019,0.74018437,0.7437557,0.7366002,0.74151635,0.7346487
2025-01-01 22:25:00,0.75281274,0.7411312,0.7480275,0.7371545,0.7341368,0.7412171,0.7401949,0.7437593,0.7365955,0.7415072,0.73464
2025-01-01 22:26:00,0.7527995,0.7411209,0.7480241,0.73716116,0.7341494,0.7412318,0.7402051,0.74376225,0.73659015,0.7414973,0.7346307
2025-01-01 22:27:00,0.75278634,0.7411105,0.7480206,0.73716754,0.73416173,0.74124616,0.740215,0.7437647,0.7365843,0.7414868,0.7346208
2025-01-01 22:28:00,0.75277317,0.7411,0.748017,0.7371736,0.7341739,0.7412602,0.7402246,0.7437667,0.73657805,0.74147594,0.73461056
2025-01-01 22:29:00,0.75276005,0.7410895,0.74801344,0.7371796,0.73418593,0.741274,0.7402339,0.74376845,0.7365714,0.7414646,0.7346
2025-01-01 22:30:00,0.7527676,0.7413687,0.7482686,0.7378454,0.73467636,0.7419681,0.7407567,0.74460435,0.7374293,0.7424328,0.73550385
2025-01-01 22:31:00,0.75277114,0.7415899,0.74847203,0.73837906,0.73507106,0.7425259,0.7411766,0.7452731,0.7381141,0.74320465,0.7362246
2025-01-01 22:32:00,0.7527713,0.74176466,0.7486341,0.7388071,0.73538905,0.7429747,0.74151415,0.7458081,0.7386603,0.74381965,0.7367989
2025-01-01 22:33:00,0.7527688,0.7419024,0.748763,0.7391505,0.73564583,0.7433363,0.7417859,0.74623615,0.73909557,0.74430907,0.73725593
2025-01-01 22:34:00,0.7527642,0.7420105,0.7488656,0.7394264,0.7358536,0.7436282,0.74200493,0.74657863,0.7394421,0.744698,0.7376192
2025-01-01 22:35:00,0.7527579,0.7420948,0.748947,0.73964816,0.7360222,0.74386424,0.7421818,0.7468525,0.73971766,0.7450066,0.7379076
2025-01-01 22:36:00,0.7527503,0.7421602,0.74901146,0.7398267,0.7361594,0.7440556,0.7423248,0.7470716,0.7399365,0.74525094,0.73813593
2025-01-01 22:37:00,0.7527415,0.7422104,0.74906236,0.7399706,0.7362715,0.7442114,0.74244094,0.7472469,0.74010986,0.7454438,0.7383163
2025-01-01 22:38:00,0.75273186,0.7422485,0.74910253,0.74008685,0.73636353,0.74433845,0.7425354,0.74738705,0.74024683,0.7455956,0.7384583
2025-01-01 22:39:00,0.7527216,0.7422769,0.749134,0.74018097,0.7364396,0.74444264,0.7426126,0.7474991,0.7403548,0.7457144,0.7385695
2025-01-01 22:40:00,0.7527107,0.74229753,0.74915856,0.7402575,0.73650277,0.7445286,0.7426759,0.74758863,0.7404394,0.7458069,0.7386563
2025-01-01 22:41:00,0.7526994,0.742312,0.74917763,0.7403198,0.7365557,0.7445999,0.7427282,0.7476602,0.7405054,0.7458783,0.73872334
2025-01-01 22:42:00,0.7526877,0.7423215,0.7491924,0.7403708,0.7366004,0.7446594,0.7427715,0.7477173,0.7405564,0.7459328,0.7387747
2025-01-01 22:43:00,0.7526757,0.7423271,0.7492036,0.74041283,0.73663855,0.7447096,0.7428078,0.747763,0.7405956,0.7459738,0.73881346
2025-01-01 22:44:00,0.7526635,0.7423295,0.74921197,0.7404476,0.7366715,0.74475235,0.7428384,0.7477993,0.74062514,0.7460041,0.73884225
2025-01-01 22:45:00,0.75265115,0.74232936,0.74921817,0.7404766,0.73670024,0.744789,0.7428644,0.74782825,0.740647,0.74602574,0.73886293
2025-01-01 22:46:00,0.75263864,0.7423273,0.7492226,0.740501,0.73672557,0.7448209,0.7428867,0.7478513,0.74066275,0.7460404,0.73887724
2025-01-01 22:47:00,0.752626,0.7423236,0.7492256,0.7405218,0.73674834,0.7448489,0.7429061,0.7478696,0.7406736,0.7460495,0.7388864
2025-01-01 22:48:00,0.75261325,0.74231863,0.7492275,0.7405396,0.7367689,0.7448739,0.74292314,0.74788404,0.7406805,0.74605423,0.73889154
2025-01-01 22:49:00,0.75260043,0.7423126,0.74922854,0.7405551,0.7367878,0.74489635,0.7429382,0.74789536,0.7406842,0.7460554,0.73889333
2025-01-01 22:50:00,0.75258756,0.7423058,0.7492289,0.74056876,0.7368053,0.74491686,0.74295187,0.7479043,0.7406854,0.7460538,0.7388925
2025-01-01 22:51:00,0.7525746,0.7422984,0.74922866,0.7405809,0.7368218,0.74493575,0.74296427,0.7479112,0.74068457,0.7460499,0.7388897
2025-01-01 22:52:00,0.7525617,0.7422905,0.74922806,0.7405919,0.7368373,0.7449534,0.7429756,0.7479165,0.7406821,0.74604416,0.7388851
2025-01-01 22:53:00,0.7525487,0.7422822,0.7492271,0.74060196,0.7368522,0.74496996,0.7429862,0.7479206,0.7406783,0.746037,0.73887926
2025-01-01 22:54:00,0.7525357,0.7422736,0.7492259,0.74061126,0.7368666,0.7449858,0.7429961,0.74792355,0.7406734,0.7460286,0.7388724
2025-01-01 22:55:00,0.75252265,0.74226475,0.7492245,0.74062,0.7368805,0.74500096,0.74300545,0.74792576,0.7406677,0.74601936,0.73886466
2025-01-01 22:56:00,0.75250965,0.74225575,0.74922293,0.7406283,0.736894,0.74501556,0.7430144,0.7479272,0.7406613,0.74600935,0.7388562
2025-01-01 22:57:00,0.7524966,0.74224657,0.7492213,0.7406363,0.73690736,0.74502975,0.743023,0.7479281,0.74065435,0.7459987,0.7388473
2025-01-01 22:58:00,0.75248355,0.74223727,0.7492196,0.740644,0.73692054,0.74504364,0.7430313,0.7479285,0.74064684,0.7459876,0.73883796
2025-01-01 22:59:00,0.75247055,0.7422279,0.7492179,0.7406514,0.7369334,0.74505717,0.7430393,0.74792856,0.74063903,0.7459761,0.7388283
2025-01-01 23:00:00,0.7525572,0.7425687,0.7495591,0.741332,0.73750716,0.74582493,0.74358565,0.7488154,0.7415578,0.7469877,0.73976624
2025-01-01 23:01:00,0.7526239,0.7428394,0.7498316,0.7418779,0.7379687,0.7464416,0.7440241,0.74952453,0.742291,0.7477944,0.7405144
2025-01-01 23:02:00,0.7526747,0.74305403,0.75004935,0.7423159,0.7383403,0.7469374,0.74437624,0.75009155,0.7428756,0.74843717,0.7411107
2025-01-01 23:03:00,0.75271267,0.7432239,0.7502232,0.7426677,0.7386401,0.7473365,0.7446593,0.7505448,0.74334145,0.74894875,0.7415856
2025-01-01 23:04:00,0.75274044,0.74335784,0.750362,0.7429505,0.7388825,0.7476583,0.7448872,0.750907,0.7437121,0.7493554,0.7419633
2025-01-01 23:05:00,0.75276,0.74346316,0.75047266,0.7431782,0.73907876,0.7479182,0.7450708,0.75119644,0.7440069,0.749678,0.74226344
2025-01-01 23:06:00,0.7527731,0.7435455,0.75056094,0.7433617,0.7392383,0.74812853,0.745219,0.75142765,0.74424064,0.7499336,0.7425014
2025-01-01 23:07:00,0.752781,0.7436095,0.7506312,0.74350995,0.7393685,0.7482993,0.745339,0.7516122,0.7444258,0.7501354,0.74268955
2025-01-01 23:08:00,0.75278467,0.74365884,0.7506872,0.74362993,0.7394751,0.74843836,0.74543625,0.75175947,0.7445719,0.7502942,0.74283797
2025-01-01 23:09:00,0.752785,0.7436965,0.7507317,0.7437273,0.7395628,0.748552,0.74551535,0.7518769,0.74468696,0.75041866,0.74295455
2025-01-01 23:10:00,0.7527827,0.7437247,0.750767,0.7438067,0.7396356,0.74864537,0.74557996,0.7519704,0.74477696,0.75051564,0.7430457
2025-01-01 23:11:00,0.75277823,0.7437455,0.75079507,0.7438717,0.7396962,0.74872255,0.74563295,0.75204474,0.74484706,0.75059056,0.7431165
2025-01-01 23:12:00,0.75277203,0.7437603,0.75081724,0.74392515,0.7397472,0.7487867,0.74567664,0.7521038,0.7449011,0.7506479,0.74317104
2025-01-01 23:13:00,0.7527645,0.7437703,0.7508347,0.7439694,0.73979056,0.74884045,0.7457128,0.7521506,0.7449424,0.7506911,0.7432126
2025-01-01 23:14:00,0.7527558,0.74377656,0.75084853,0.74400616,0.73982775,0.7488859,0.74574304,0.75218755,0.74497354,0.75072306,0.7432437
2025-01-01 23:15:00,0.75274634,0.7437797,0.7508594,0.74403715,0.73986006,0.7489247,0.7457685,0.75221664,0.74499637,0.7507461,0.7432665
2025-01-01 23:16:00,0.75273615,0.7437805,0.75086784,0.7440634,0.7398883,0.7489581,0.74579006,0.7522394,0.74501264,0.7507618,0.7432827
2025-01-01 23:17:00,0.75272536,0.74377924,0.7508745,0.74408597,0.7399135,0.74898726,0.7458086,0.75225717,0.7450237,0.75077176,0.7432936
2025-01-01 23:18:00,0.75271416,0.74377656,0.75087965,0.7441055,0.73993623,0.749013,0.74582464,0.7522709,0.74503046,0.7507771,0.7433002
2025-01-01 23:19:00,0.75270265,0.7437726,0.7508836,0.7441226,0.73995686,0.749036,0.74583864,0.7522813,0.74503386,0.75077885,0.7433035
2025-01-01 23:20:00,0.7526908,0.74376774,0.75088656,0.7441379,0.7399759,0.7490568,0.74585104,0.7522891,0.74503464,0.75077754,0.7433041
2025-01-01 23:21:00,0.7526787,0.743762,0.7508888,0.7441516,0.73999375,0.74907583,0.74586225,0.75229484,0.74503314,0.7507739,0.7433024
2025-01-01 23:22:00,0.7526664,0.7437557,0.7508905,0.74416417,0.7400105,0.7490935,0.7458723,0.75229883,0.74503,0.75076836,0.74329907
2025-01-01 23:23:00,0.7526541,0.74374896,0.75089175,0.7441758,0.7400265,0.7491099,0.74588156,0.7523015,0.7450254,0.7507613,0.7432944
2025-01-01 23:24:00,0.7526416,0.7437418,0.75089264,0.74418664,0.74004173,0.7491255,0.74589014,0.752303,0.74501956,0.750753,0.74328864
2025-01-01 23:25:00,0.75262904,0.7437344,0.7508933,0.74419695,0.7400565,0.7491403,0.7458981,0.75230366,0.74501294,0.75074375,0.74328196
2025-01-01 23:26:00,0.7526164,0.7437268,0.7508937,0.7442067,0.7400709,0.74915457,0.74590564,0.75230354,0.74500555,0.75073373,0.7432747
2025-01-01 23:27:00,0.7526037,0.7437189,0.750894,0.74421614,0.74008495,0.74916834,0.7459128,0.7523029,0.74499756,0.7507232,0.7432668
2025-01-01 23:28:00,0.75259095,0.743711,0.7508941,0.7442253,0.7400987,0.7491817,0.7459197,0.75230175,0.74498904,0.750712,0.7432586
2025-01-01 23:29:00,0.75257826,0.74370295,0.75089425,0.74423426,0.74011236,0.74919474,0.74592626,0.7523002,0.74498016,0.75070053,0.74325
2025-01-01 23:30:00,0.75274235,0.74409914,0.7513153,0.7449174,0.740759,0.75002235,0.74648637,0.75322175,0.7459432,0.75173724,0.7442049
2025-01-01 23:31:00,0.752871,0.7444144,0.7516521,0.7454656,0.74127895,0.7506868,0.74693555,0.7539583,0.7467115,0.752564,0.74496686
2025-01-01 23:32:00,0.75297135,0.744665,0.75192153,0.74590576,0.74169743,0.7512207,0.747296,0.7545469,0.747324,0.75322276,0.7455744
2025-01-01 23:33:00,0.75304914,0.7448638,0.7521371,0.7462595,0.7420348,0.7516501,0.74758536,0.75501704,0.7478119,0.75374717,0.7460586
2025-01-01 23:34:00,0.75310874,0.7450212,0.75230956,0.7465442,0.7423073,0.75199604,0.74781793,0.7553925,0.7482002,0.75416404,0.7464439
2025-01-01 23:35:00,0.7531539,0.7451455,0.7524476,0.74677366,0.74252784,0.75227505,0.74800503,0.7556922,0.7485086,0.754495,0.7467503
2025-01-01 23:36:00,0.7531875,0.7452434,0.75255805,0.74695885,0.7427068,0.75250065,0.7481558,0.7559312,0.7487532,0.7547571,0.7469935
2025-01-01 23:37:00,0.75321174,0.74532,0.7526465,0.74710876,0.7428526,0.7526834,0.74827737,0.75612175,0.7489467,0.7549642,0.74718606
2025-01-01 23:38:00,0.7532286,0.7453797,0.75271726,0.7472303,0.74297184,0.7528319,0.7483756,0.7562734,0.74909943,0.75512725,0.7473382
2025-01-01 23:39:00,0.7532395,0.7454259,0.752774,0.7473293,0.7430698,0.752953,0.7484552,0.756394,0.7492194,0.75525504,0.74745804
2025-01-01 23:40:00,0.7532458,0.7454612,0.7528194,0.7474101,0.7431507,0.7530522,0.74851996,0.7564897,0.74931324,0.7553547,0.747552
2025-01-01 23:41:00,0.7532482,0.7454879,0.75285584,0.7474766,0.74321806,0.75313383,0.7485727,0.7565655,0.74938613,0.7554318,0.74762523
2025-01-01 23:42:00,0.7532476,0.7455078,0.7528851,0.7475315,0.7432745,0.7532014,0.74861586,0.7566254,0.7494423,0.75549084,0.74768203
2025-01-01 23:43:00,0.75324464,0.7455221,0.7529087,0.74757713,0.74332225,0.75325775,0.7486514,0.75667256,0.749485,0.7555355,0.74772555
2025-01-01 23:44:00,0.7532397,0.745532,0.75292766,0.7476154,0.7433631,0.75330514,0.7486807,0.75670946,0.74951696,0.7555686,0.74775845
2025-01-01 23:45:00,0.7532332,0.74553835,0.752943,0.7476478,0.7433983,0.7533453,0.74870515,0.7567382,0.7495404,0.75559247,0.747783
2025-01-01 23:46:00,0.7532255,0.74554193,0.7529554,0.7476755,0.74342906,0.7533797,0.7487256,0.75676036,0.7495569,0.755609,0.7478007
2025-01-01 23:47:00,0.7532168,0.7455433,0.75296545,0.7476994,0.7434562,0.75340945,0.74874294,0.7567772,0.7495679,0.7556196,0.74781305
2025-01-01 23:48:00,0.7532073,0.7455428,0.7529737,0.74772024,0.74348056,0.7534356,0.7487577,0.75678986,0.74957454,0.7556254,0.7478211
2025-01-01 23:49:00,0.7531972,0.745541,0.7529805,0.7477388,0.7435027,0.7534587,0.7487704,0.75679916,0.7495775,0.7556276,0.7478257
2025-01-01 23:50:00,0.75318664,0.74553806,0.75298613,0.7477554,0.74352294,0.7534794,0.74878144,0.7568058,0.74957776,0.7556266,0.7478276
2025-01-01 23:51:00,0.7531756,0.7455342,0.75299084,0.7477705,0.7435418,0.7534982,0.74879116,0.7568101,0.74957573,0.7556232,0.74782723
2025-01-01 23:52:00,0.7531643,0.74552965,0.75299484,0.7477844,0.74355936,0.7535155,0.7487998,0.75681275,0.74957174,0.755618,0.74782515
2025-01-01 23:53:00,0.7531528,0.7455245,0.75299823,0.7477973,0.7435761,0.7535316,0.74880755,0.756814,0.7495664,0.7556112,0.74782175
2025-01-01 23:54:00,0.75314105,0.745519,0.7530012,0.74780947,0.7435921,0.75354666,0.74881464,0.756814,0.7495599,0.7556031,0.7478172
2025-01-01 23:55:00,0.7531291,0.74551314,0.7530039,0.7478211,0.74360746,0.7535609,0.74882114,0.75681317,0.74955237,0.7555941,0.74781173
2025-01-01 23:56:00,0.75311714,0.74550706,0.7530062,0.7478322,0.74362236,0.75357455,0.7488271,0.75681156,0.74954414,0.75558424,0.74780566
2025-01-01 23:57:00,0.75310504,0.74550074,0.7530084,0.7478429,0.7436369,0.7535876,0.7488327,0.7568093,0.7495353,0.7555738,0.74779904
2025-01-01 23:58:00,0.7530929,0.74549425,0.7530105,0.7478534,0.7436512,0.75360024,0.748838,0.75680655,0.7495259,0.7555629,0.74779195
2025-01-01 23:59:00,0.7530807,0.7454877,0.7530124,0.74786365,0.7436652,0.7536125,0.748843,0.75680345,0.7495161,0.7555515,0.74778455
